system,channel,iteration,max_density,peak_background_ratio,peak_x_mm,peak_y_mm,peak_z_mm,p99_density,p999_density,volume_weighted_p999_density,background_mean,background_cv,total_integral,integral_recovery,source_z_leakage,frame_provenance
EHE,218_SinglePhoton_CrossTalkCorrected,0,1.0,1,,,,1.0,1.0,1.0,1.0,0,14135997.191569462,0.009622603519469477,0.5,known_uniform_initialization
EHE,218_SinglePhoton_CrossTalkCorrected,10,4647.91357421875,11.953252792358398,176.6691823720255,101.99999999999999,-4.5,816.4760131835938,1550.0677490234375,1540.3329721193445,388.8409118652344,0.4739043297673852,1918716032.043531,1.3061012528932678,0.08233364822133583,accepted_saved_frame
EHE,218_SinglePhoton_CrossTalkCorrected,20,12946.1162109375,30.441476821899414,176.6691823720255,101.99999999999999,-4.5,1200.2130126953125,2765.272216796875,2809.5801448565226,425.2788391113281,0.6758507404486817,1921220475.536485,1.3078060683684707,0.08465802766448063,accepted_saved_frame
EHE,218_SinglePhoton_CrossTalkCorrected,30,18748.11328125,43.38222885131836,176.6691823720255,101.99999999999999,-4.5,1534.488037109375,3828.0703125,3892.3856125649927,432.1611328125,0.8510733945265099,1941491142.327146,1.3216046413986164,0.08543050378626876,accepted_saved_frame
EHE,218_SinglePhoton_CrossTalkCorrected,40,21207.638671875,49.010826110839844,176.6691823720255,101.99999999999999,-4.5,1855.99658203125,4898.5048828125,4981.270280844719,432.7133483886719,1.014187802922756,1960046941.638241,1.3342358762055957,0.08526402525244559,accepted_saved_frame
EHE,218_SinglePhoton_CrossTalkCorrected,50,22258.966796875,51.55466842651367,176.6691823720255,101.99999999999999,-4.5,2125.095947265625,5769.73095703125,5897.09806193212,431.754638671875,1.1680791894901064,1973485779.6662996,1.3433839121279216,0.08475138805259441,accepted_saved_frame
EHE,218_SinglePhoton_CrossTalkCorrected,60,22825.375,53.020179748535156,176.6691823720255,101.99999999999999,-4.5,2373.427734375,6501.91455078125,6629.4321763799135,430.5035400390625,1.313791988794009,1983001392.6185715,1.3498613448440975,0.08419993289400006,accepted_saved_frame
EHE,218_SinglePhoton_CrossTalkCorrected,70,23230.033203125,54.10972595214844,176.6691823720255,101.99999999999999,-4.5,2586.037109375,7335.64306640625,7488.041162308687,429.3134460449219,1.4520067646956587,1989867876.1810124,1.3545354720385856,0.08369053310229987,accepted_saved_frame
EHE,218_SinglePhoton_CrossTalkCorrected,80,23573.51171875,55.04048538208008,176.6691823720255,101.99999999999999,-4.5,2771.291259765625,8030.5498046875,8304.965310773403,428.2940368652344,1.583291810180729,1994911432.6223326,1.3579687030519474,0.08323063266084112,accepted_saved_frame
EHE,218_SinglePhoton_CrossTalkCorrected,90,24117.43359375,56.41996383666992,197.32581885080182,-87.85511490437284,-13.5,2939.0478515625,8682.4755859375,8854.10607754001,427.4627685546875,1.7081391579984437,1998668561.2137403,1.3605262416759887,0.08281692060035682,accepted_saved_frame
EHE,218_SinglePhoton_CrossTalkCorrected,100,24496.490234375,57.395687103271484,197.32581885080182,-87.85511490437284,-13.5,3094.065185546875,9279.6875,9345.798243107043,426.8002014160156,1.8269817164184707,2001503931.2890396,1.3624563242655527,0.08244678558213747,accepted_saved_frame
EHE,218_SinglePhoton_CrossTalkCorrected,110,24747.55078125,58.055320739746094,197.32581885080182,-87.85511490437284,-13.5,3252.529541015625,9697.2470703125,9806.500936251932,426.27532958984375,1.9402054238952935,2003670615.6490831,1.3639312215979438,0.08211802541401544,accepted_saved_frame
EHE,218_SinglePhoton_CrossTalkCorrected,120,24914.1953125,58.50358963012695,197.32581885080182,-87.85511490437284,-13.5,3371.033935546875,10117.033203125,10234.817927242077,425.8575439453125,2.0481626715396466,2005345768.5945919,1.3650715254909522,0.0818277449992589,accepted_saved_frame
EHE,218_SinglePhoton_CrossTalkCorrected,130,25025.259765625,58.8107795715332,197.32581885080182,-87.85511490437284,-13.5,3484.516357421875,10447.6181640625,10503.432062300415,425.5216369628906,2.1511784744324824,2006654150.542934,1.3659621623926372,0.08157236178858678,accepted_saved_frame
EHE,218_SinglePhoton_CrossTalkCorrected,140,26798.17578125,63.01767349243164,-77.9422863405995,-44.99999999999997,-10.5,3552.585205078125,10826.8779296875,10965.272609726691,425.2485656738281,2.2495537529212473,2007683872.7801065,1.3666631110904341,0.08134807599195824,accepted_saved_frame
EHE,218_SinglePhoton_CrossTalkCorrected,150,28658.234375,67.4272689819336,-77.9422863405995,-44.99999999999997,-10.5,3624.740234375,11310.6396484375,11319.549371937233,425.0243835449219,2.343563124214711,2008497554.133582,1.3672169972400685,0.0811512349892158,accepted_saved_frame
EHE,218_SinglePhoton_CrossTalkCorrected,160,30452.345703125,71.67967224121094,-77.9422863405995,-44.99999999999997,-10.5,3672.89794921875,11725.2958984375,11727.02590797757,424.83935546875,2.4334514079885436,2009140699.189778,1.367654796554642,0.08097850634658853,accepted_saved_frame
EHE,218_SinglePhoton_CrossTalkCorrected,170,32178.880859375,75.77096557617188,-77.9422863405995,-44.99999999999997,-10.5,3758.2890625,12163.6396484375,12192.378483281556,424.6861572265625,2.519436601419534,2009647540.3926754,1.3679998116163117,0.08082690059478821,accepted_saved_frame
EHE,218_SinglePhoton_CrossTalkCorrected,180,33837.46484375,79.70024108886719,-77.9422863405995,-44.99999999999997,-10.5,3827.205810546875,12672.1728515625,12677.75623634926,424.5591125488281,2.601712642358697,2010044813.4555929,1.3682702418605748,0.08069376873891355,accepted_saved_frame
EHE,218_SinglePhoton_CrossTalkCorrected,190,35428.85546875,83.46924591064453,-77.9422863405995,-44.99999999999997,-10.5,3865.73974609375,12870.234375,12908.444586549844,424.4540100097656,2.6804523763115085,2010353927.373819,1.3684806607392102,0.08057677338416327,accepted_saved_frame
EHE,218_SinglePhoton_CrossTalkCorrected,200,36954.45703125,87.0813217163086,-77.9422863405995,-44.99999999999997,-10.5,3904.41162109375,13488.5244140625,13478.730297063588,424.3671875,2.7558131708057956,2010592233.5027888,1.368642879602461,0.08047386605576644,accepted_saved_frame
JSCC,218_SinglePhoton_CrossTalkCorrected,0,1.0,1,,,,1.0,1.0,1.0,1.0,0,14135997.191569462,0.009622518818764992,0.5,known_uniform_initialization
JSCC,218_SinglePhoton_CrossTalkCorrected,50,221.6470184326172,1.7652828693389893,-2.7554552980815446e-14,-150.0,1.5,191.1626739501953,211.29367065429688,212.5195104027054,125.55892181396484,0.17539741885328536,1391751676.482372,0.9473796943017414,0.46697691364587557,accepted_saved_frame
JSCC,218_SinglePhoton_CrossTalkCorrected,100,250.29000854492188,1.7237260341644287,-11.768864359176835,-149.5376000599692,-1.5,215.27113342285156,235.44155883789062,236.4446320718521,145.20289611816406,0.21606681661035285,1403745358.6810296,0.9555439172496419,0.43285187885229265,accepted_saved_frame
JSCC,218_SinglePhoton_CrossTalkCorrected,150,284.96185302734375,1.7487326860427856,-27.239429984372816,-53.460391451302065,1.5,234.2274169921875,262.48968505859375,261.11285656427685,162.95335388183594,0.2381908814154771,1409603774.7936523,0.9595318014100525,0.4010138672007095,accepted_saved_frame
JSCC,218_SinglePhoton_CrossTalkCorrected,200,351.4293212890625,1.9540777206420898,-27.239429984372816,-53.460391451302065,1.5,259.3757629394531,314.4373779296875,312.2007738122948,179.84408569335938,0.25741577355059647,1413905576.98411,0.9624600824482641,0.3716365091227796,accepted_saved_frame
JSCC,218_SinglePhoton_CrossTalkCorrected,250,423.4671630859375,2.16200590133667,-24.515486985935535,-48.11435230617186,1.5,289.9333190917969,368.752197265625,367.0809321446843,195.8677215576172,0.27630627294113214,1417612595.0102623,0.9649834877825141,0.34479334146885315,accepted_saved_frame
JSCC,218_SinglePhoton_CrossTalkCorrected,300,500.114501953125,2.3711676597595215,-24.515486985935535,-48.11435230617186,1.5,321.5672607421875,426.37811279296875,423.58039836010414,210.91485595703125,0.2946049583158377,1420975312.020363,0.96727252387055,0.32047985675957835,accepted_saved_frame
JSCC,218_SinglePhoton_CrossTalkCorrected,350,579.295166015625,2.575697422027588,-24.515486985935535,-48.11435230617186,1.5,352.4814453125,483.9696044921875,477.8774148408162,224.9080810546875,0.3116626285586505,1424060798.0383458,0.9693728459681508,0.29861073532294347,accepted_saved_frame
JSCC,218_SinglePhoton_CrossTalkCorrected,400,659.6503295898438,2.7737269401550293,-24.515486985935535,-48.11435230617186,1.5,382.07177734375,540.5889892578125,532.9091511401858,237.82093811035156,0.32701059353067624,1426887800.1904418,0.9712972154371442,0.2790369382587935,accepted_saved_frame
JSCC,218_SinglePhoton_CrossTalkCorrected,450,739.9877319335938,2.9638478755950928,-24.515486985935535,-48.11435230617186,1.5,408.9730529785156,594.6497192382812,585.4209919974347,249.67129516601562,0.3404214696838336,1429465812.752176,0.9730520951286239,0.26156926112899687,accepted_saved_frame
JSCC,218_SinglePhoton_CrossTalkCorrected,500,819.8984985351562,3.1473002433776855,-24.515486985935535,-48.11435230617186,4.5,433.7308654785156,646.11376953125,634.8163036690233,260.5085144042969,0.35185427178828216,1431805842.5409458,0.9746449774965078,0.2460000302364518,accepted_saved_frame
JSCC,218_SinglePhoton_CrossTalkCorrected,550,901.5067138671875,3.333958148956299,-35.267115137548394,-48.54101966249684,4.5,455.0492858886719,695.3783569335938,682.1524908986826,270.4013366699219,0.36138900453935446,1433922254.0928981,0.9760856406284345,0.2321196622512436,accepted_saved_frame
JSCC,218_SinglePhoton_CrossTalkCorrected,600,982.2520141601562,3.515223503112793,-35.267115137548394,-48.54101966249684,4.5,473.8352355957031,741.0922241210938,728.4852980598916,279.42803955078125,0.3691758940130607,1435831974.270878,0.9773856068142049,0.2197277441902068,accepted_saved_frame
JSCC,218_SinglePhoton_CrossTalkCorrected,650,1061.3038330078125,3.6893181800842285,-35.267115137548394,-48.54101966249684,4.5,491.0101013183594,783.7523193359375,773.921990947913,287.66937255859375,0.3753999692351759,1437553204.2108977,0.978557265754484,0.20863946080193913,accepted_saved_frame
JSCC,218_SinglePhoton_CrossTalkCorrected,700,1138.39501953125,3.8562984466552734,-35.267115137548394,-48.54101966249684,4.5,505.58282470703125,824.3650512695312,811.4679659260586,295.2040710449219,0.380257683898695,1439104284.2838287,0.9796131019285383,0.19868860611846603,accepted_saved_frame
JSCC,218_SinglePhoton_CrossTalkCorrected,750,1213.373291015625,4.016382694244385,-35.267115137548394,-48.54101966249684,4.5,518.6275024414062,865.45068359375,846.283535082285,302.1059875488281,0.3839427434506444,1440502900.774954,0.980565154572841,0.189728297513137,accepted_saved_frame
JSCC,218_SinglePhoton_CrossTalkCorrected,800,1286.1732177734375,4.169890880584717,-35.267115137548394,-48.54101966249684,4.5,529.8886108398438,898.885986328125,881.7289578474386,308.4429016113281,0.38663722783002014,1441765586.0377016,0.9814246774305713,0.1816302889857924,accepted_saved_frame
JSCC,218_SinglePhoton_CrossTalkCorrected,850,1356.8011474609375,4.317230224609375,-35.267115137548394,-48.54101966249684,4.5,539.4683837890625,930.2406005859375,914.5606259157521,314.2758483886719,0.3885074815567122,1442907460.7082434,0.9822019632744389,0.17428351630415367,accepted_saved_frame
JSCC,218_SinglePhoton_CrossTalkCorrected,900,1425.312255859375,4.458847522735596,-35.267115137548394,-48.54101966249684,4.5,548.1762084960938,960.7064208984375,942.8042873011814,319.6593322753906,0.3897018902015992,1443942146.538269,0.9829062845710552,0.16759230214219584,accepted_saved_frame
JSCC,218_SinglePhoton_CrossTalkCorrected,950,1491.7974853515625,4.595216751098633,-35.267115137548394,-48.54101966249684,4.5,554.5471801757812,990.0020751953125,968.4681969577413,324.6413879394531,0.39035104747209703,1444881785.5904775,0.9835459065475024,0.16147448182978205,accepted_saved_frame
JSCC,218_SinglePhoton_CrossTalkCorrected,1000,1556.369140625,4.726806163787842,-35.267115137548394,-48.54101966249684,4.5,560.563232421875,1014.3010864257812,991.7686158509352,329.2644348144531,0.39056792831663334,1445737117.6233068,0.984128139867915,0.15585960298046359,accepted_saved_frame
JSCC,218_SinglePhoton_CrossTalkCorrected,1050,1619.1583251953125,4.854090690612793,-35.267115137548394,-48.54101966249684,4.5,565.203857421875,1041.05517578125,1012.2366709397351,333.56573486328125,0.3904494412861443,1446517594.0732372,0.9846594182224083,0.15068727355623293,accepted_saved_frame
JSCC,218_SinglePhoton_CrossTalkCorrected,1100,1680.300537109375,4.977518558502197,-35.267115137548394,-48.54101966249684,4.5,569.48291015625,1065.334716796875,1031.6359260606648,337.57794189453125,0.3900778303332365,1447231503.869176,0.985145383970224,0.14590568761805464,accepted_saved_frame
JSCC,218_SinglePhoton_CrossTalkCorrected,1150,1741.297119140625,5.101512432098389,-24.515486985935535,-48.11435230617186,4.5,573.4402465820312,1084.8673095703125,1049.0839963633673,341.32958984375,0.3895223988366953,1447886114.8907068,0.9855909844318178,0.14147034920313753,accepted_saved_frame
JSCC,218_SinglePhoton_CrossTalkCorrected,1200,1802.3138427734375,5.226433277130127,-24.515486985935535,-48.11435230617186,4.5,576.1900634765625,1102.6705322265625,1070.291918955709,344.8458557128906,0.38884096323253575,1448487783.0969353,0.9860005461739876,0.13734296203643265,accepted_saved_frame
JSCC,218_SinglePhoton_CrossTalkCorrected,1250,1862.5946044921875,5.349994659423828,-24.515486985935535,-48.11435230617186,4.5,580.0206909179688,1119.048095703125,1082.2899697109492,348.14886474609375,0.38808116168259477,1449042072.3918293,0.9863778566034448,0.1334904945502299,accepted_saved_frame
JSCC,218_SinglePhoton_CrossTalkCorrected,1300,1922.2705078125,5.472533226013184,-24.515486985935535,-48.11435230617186,4.5,583.7494506835938,1133.8775634765625,1094.4712480408725,351.2579040527344,0.3872823754678424,1449553862.2536995,0.98672623723131,0.1298843744720065,accepted_saved_frame
JSCC,218_SinglePhoton_CrossTalkCorrected,1350,1981.467529296875,5.5943603515625,-24.515486985935535,-48.11435230617186,4.5,588.4515991210938,1147.68603515625,1111.9149478359402,354.190185546875,0.38647633176473345,1450027425.1938436,0.987048596400009,0.1264998233167342,accepted_saved_frame
JSCC,218_SinglePhoton_CrossTalkCorrected,1400,2040.296630859375,5.715743064880371,-24.515486985935535,-48.11435230617186,4.5,592.9515380859375,1163.9500732421875,1129.447009600719,356.96087646484375,0.3856884998701365,1450466525.801635,0.987347496704285,0.12331528069566905,accepted_saved_frame
JSCC,218_SinglePhoton_CrossTalkCorrected,1450,2098.85693359375,5.836914539337158,-24.515486985935535,-48.11435230617186,4.5,595.0648193359375,1177.0718994140625,1146.3072887171193,359.5832824707031,0.3849390956752731,1450874469.1969557,0.9876251879732677,0.12031193037169562,accepted_saved_frame
JSCC,218_SinglePhoton_CrossTalkCorrected,1500,2157.23828125,5.958077907562256,-24.515486985935535,-48.11435230617186,4.5,598.6710815429688,1187.2288818359375,1161.9898902681712,362.0694885253906,0.3842437977551633,1451254179.8215976,0.9878836609045923,0.11747329495855684,accepted_saved_frame
JSCC,218_SinglePhoton_CrossTalkCorrected,1550,2215.523193359375,6.079419136047363,-24.515486985935535,-48.11435230617186,4.5,602.376953125,1196.5726318359375,1176.109659281678,364.4300842285156,0.3836145271442921,1451608242.0863745,0.9881246747333063,0.11478490143708506,accepted_saved_frame
JSCC,218_SinglePhoton_CrossTalkCorrected,1600,2273.7841796875,6.201096057891846,-24.515486985935535,-48.11435230617186,4.5,605.7880249023438,1206.883056640625,1188.3473810424914,366.674560546875,0.38306021243772054,1451938944.56945,0.9883497873181266,0.1122339883265439,accepted_saved_frame
JSCC,218_SinglePhoton_CrossTalkCorrected,1650,2332.08056640625,6.323232173919678,-24.515486985935535,-48.11435230617186,4.5,609.30859375,1219.4345703125,1196.5196007626116,368.81146240234375,0.38258693640013325,1452248327.4825516,0.9885603874521801,0.10980927192898751,accepted_saved_frame
JSCC,218_SinglePhoton_CrossTalkCorrected,1700,2390.46875,6.445945739746094,-24.515486985935535,-48.11435230617186,4.5,613.3499755859375,1231.5123291015625,1201.8299465758264,370.8484191894531,0.3821989718367266,1452538207.4295585,0.9887577117164295,0.1075007384332152,accepted_saved_frame
JSCC,218_SinglePhoton_CrossTalkCorrected,1750,2448.991455078125,6.5693159103393555,-24.515486985935535,-48.11435230617186,4.5,616.9427490234375,1243.14990234375,1206.3726270419058,372.7924499511719,0.38189859199619375,1452810202.291218,0.9889428614189554,0.10529947142404916,accepted_saved_frame
JSCC,218_SinglePhoton_CrossTalkCorrected,1800,2507.690673828125,6.693427562713623,-24.515486985935535,-48.11435230617186,4.5,620.6674194335938,1254.3763427734375,1217.517821380958,374.64971923828125,0.38168688982107474,1453065770.2956963,0.989116829190683,0.10319750769627298,accepted_saved_frame
JSCC,218_SinglePhoton_CrossTalkCorrected,1850,2566.594970703125,6.818326473236084,-24.515486985935535,-48.11435230617186,4.5,624.541748046875,1265.2159423828125,1229.8782660378392,376.4259338378906,0.38156375598158854,1453306213.3869596,0.9892805012782739,0.101187710202704,accepted_saved_frame
JSCC,218_SinglePhoton_CrossTalkCorrected,1900,2625.729248046875,6.944052696228027,-24.515486985935535,-48.11435230617186,4.5,628.0397338867188,1276.394775390625,1241.0060240818934,378.1263427734375,0.3815280550075526,1453532708.0818968,0.9894346785488866,0.09926366465982907,accepted_saved_frame
JSCC,218_SinglePhoton_CrossTalkCorrected,1950,2685.118408203125,7.070651054382324,-24.515486985935535,-48.11435230617186,4.5,631.7391357421875,1286.2412109375,1247.0169425895745,379.7554626464844,0.38157835206162866,1453746315.433074,0.9895800832719261,0.09741958617329528,accepted_saved_frame
JSCC,218_SinglePhoton_CrossTalkCorrected,2000,2744.77587890625,7.1981329917907715,-24.515486985935535,-48.11435230617186,4.5,635.9390869140625,1296.426025390625,1253.2421850665228,381.3177490234375,0.381712354201914,1453947994.7525094,0.9897173684609597,0.09565024239579066,accepted_saved_frame
JSCC,218_SinglePhoton_CrossTalkCorrected,2050,2804.713623046875,7.326509475708008,-24.515486985935535,-48.11435230617186,4.5,640.2098999023438,1305.94189453125,1261.7167839067995,382.8171691894531,0.3819274206875506,1454138616.6628242,0.9898471267577686,0.09395088819702668,accepted_saved_frame
JSCC,218_SinglePhoton_CrossTalkCorrected,2100,2864.936279296875,7.455777168273926,-24.515486985935535,-48.11435230617186,4.5,644.3965454101562,1314.4090576171875,1270.1355846659749,384.2572326660156,0.38222088497166423,1454318971.9445632,0.9899698964548107,0.0923172035183283,accepted_saved_frame
JSCC,218_SinglePhoton_CrossTalkCorrected,2150,2925.447265625,7.5859270095825195,-24.515486985935535,-48.11435230617186,4.5,647.4285278320312,1321.1722412109375,1278.501395765235,385.641357421875,0.3825896816699555,1454489777.6006556,0.9900861656233616,0.09074525080905199,accepted_saved_frame
JSCC,218_SinglePhoton_CrossTalkCorrected,2200,2986.244384765625,7.716939449310303,-24.515486985935535,-48.11435230617186,4.5,651.1084594726562,1327.8602294921875,1286.4991572825172,386.9726257324219,0.3830306240718392,1454651693.9687438,0.9901963837620525,0.08923142889318204,accepted_saved_frame
JSCC,218_SinglePhoton_CrossTalkCorrected,2250,3047.32958984375,7.8488078117370605,-24.515486985935535,-48.11435230617186,4.5,654.0383911132812,1332.292724609375,1296.2156360892373,388.2538146972656,0.38354076043319524,1454805321.4738786,0.990300959586397,0.08777243561299919,accepted_saved_frame
JSCC,218_SinglePhoton_CrossTalkCorrected,2300,3108.692626953125,7.9814910888671875,-24.515486985935535,-48.11435230617186,4.5,657.666748046875,1336.441162109375,1305.7805964226563,389.4877014160156,0.38411674834849246,1454951207.4042282,0.9904002656410854,0.08636523116393652,accepted_saved_frame
JSCC,218_SinglePhoton_CrossTalkCorrected,2350,3170.323486328125,8.114956855773926,-24.515486985935535,-48.11435230617186,4.5,662.6729736328125,1345.1319580078125,1314.0915983426548,390.67657470703125,0.3847556846010175,1455089857.930741,0.9904946464818936,0.08500702081956599,accepted_saved_frame
JSCC,218_SinglePhoton_CrossTalkCorrected,2400,3232.212646484375,8.249167442321777,-24.515486985935535,-48.11435230617186,4.5,666.2888793945312,1355.2808837890625,1321.3087516094233,391.8228759765625,0.3854543083974051,1455221739.0614748,0.9905844193253037,0.08369522091506157,accepted_saved_frame
JSCC,218_SinglePhoton_CrossTalkCorrected,2450,3294.349853515625,8.3840913772583,-24.515486985935535,-48.11435230617186,4.5,669.1642456054688,1365.254638671875,1328.4726146035941,392.92864990234375,0.3862098487000801,1455347275.4829943,0.9906698732598328,0.0824274382266786,accepted_saved_frame
JSCC,218_SinglePhoton_CrossTalkCorrected,2500,3356.71923828125,8.519680976867676,-24.515486985935535,-48.11435230617186,4.5,673.12451171875,1375.0546875,1339.0540395716314,393.9958801269531,0.387019413797668,1455466861.5672164,0.9907512767385047,0.08120145659870937,accepted_saved_frame
JSCC,218_SinglePhoton_CrossTalkCorrected,2550,3419.3046875,8.655887603759766,-24.515486985935535,-48.11435230617186,4.5,677.092041015625,1384.64697265625,1349.928210254443,395.0264587402344,0.3878803268824009,1455580861.852959,0.9908288779066455,0.08001521372922936,accepted_saved_frame
JSCC,218_SinglePhoton_CrossTalkCorrected,2600,3482.09033203125,8.7926664352417,-24.515486985935535,-48.11435230617186,4.5,680.3742065429688,1391.7076416015625,1352.7128461997709,396.0221252441406,0.3887899092330013,1455689612.9204226,0.9909029058778632,0.0788667926282346,accepted_saved_frame
JSCC,218_SinglePhoton_CrossTalkCorrected,2650,3545.0556640625,8.929961204528809,-24.515486985935535,-48.11435230617186,4.5,684.1543579101562,1399.65380859375,1355.6271978809364,396.98443603515625,0.3897458147382773,1455793425.5842493,0.9909735722268841,0.07775440237521682,accepted_saved_frame
JSCC,218_SinglePhoton_CrossTalkCorrected,2700,3608.189453125,9.067737579345703,-24.515486985935535,-48.11435230617186,4.5,687.29541015625,1408.1033935546875,1360.403023766187,397.9150695800781,0.3907455325345787,1455892590.5213425,0.9910410748204691,0.0766763714824467,accepted_saved_frame
JSCC,218_SinglePhoton_CrossTalkCorrected,2750,3671.4677734375,9.205933570861816,-24.515486985935535,-48.11435230617186,4.5,690.765625,1414.5787353515625,1367.3270142421056,398.81536865234375,0.39178698633082504,1455987374.2062845,0.9911055950506097,0.07563113568980386,accepted_saved_frame
JSCC,218_SinglePhoton_CrossTalkCorrected,2800,3734.873779296875,9.344502449035645,-24.515486985935535,-48.11435230617186,4.5,693.8895263671875,1420.45263671875,1374.244408017944,399.6867370605469,0.3928679878154698,1456078026.1883621,0.9911673027880745,0.07461722847104545,accepted_saved_frame
JSCC,218_SinglePhoton_CrossTalkCorrected,2850,3798.388916015625,9.483397483825684,-24.515486985935535,-48.11435230617186,4.5,697.3727416992188,1424.4271240234375,1378.5604854519804,400.5303955078125,0.39398666471612803,1456164779.7078724,0.9912263568019349,0.07363327239212326,accepted_saved_frame
JSCC,218_SinglePhoton_CrossTalkCorrected,2900,3861.99169921875,9.62256145477295,-24.515486985935535,-48.11435230617186,4.5,700.3270874023438,1431.396240234375,1382.6077380515544,401.3475646972656,0.3951411629993772,1456247850.2076647,0.9912829037463565,0.0726779743553797,accepted_saved_frame
JSCC,218_SinglePhoton_CrossTalkCorrected,2950,3925.662353515625,9.761942863464355,-24.515486985935535,-48.11435230617186,4.5,703.329833984375,1437.5975341796875,1389.4004692738845,402.1394348144531,0.396329674390932,1456327440.0716305,0.9913370813861377,0.07175011788263048,accepted_saved_frame
JSCC,218_SinglePhoton_CrossTalkCorrected,3000,3989.384521484375,9.901500701904297,-24.515486985935535,-48.11435230617186,4.5,707.3141479492188,1442.739990234375,1398.105753730458,402.9070739746094,0.39755060023288086,1456403734.8882334,0.9913890160532566,0.07084855346183595,accepted_saved_frame
JSCC,218_SinglePhoton_CrossTalkCorrected,3050,4053.133544921875,10.04117202758789,-24.515486985935535,-48.11435230617186,4.5,710.9713745117188,1446.8095703125,1406.534853067121,403.65142822265625,0.3988024359541387,1456476913.2606988,0.991438829324767,0.06997219998816828,accepted_saved_frame
JSCC,218_SinglePhoton_CrossTalkCorrected,3100,4116.896484375,10.180924415588379,-24.515486985935535,-48.11435230617186,4.5,714.855712890625,1450.097412109375,1413.195136802524,404.37353515625,0.4000837477072584,1456547138.5006976,0.9914866323686049,0.06912003409635085,accepted_saved_frame
JSCC,218_SinglePhoton_CrossTalkCorrected,3150,4180.65283203125,10.320706367492676,-24.515486985935535,-48.11435230617186,4.5,718.4293823242188,1453.122314453125,1419.809690214577,405.07427978515625,0.4013932223018631,1456614567.6835332,0.9915325321075462,0.06829108868035381,accepted_saved_frame
JSCC,218_SinglePhoton_CrossTalkCorrected,3200,4244.37939453125,10.460460662841797,-24.515486985935535,-48.11435230617186,4.5,720.4176635742188,1456.3223876953125,1425.7451434710968,405.7545471191406,0.4027295533577797,1456679341.032802,0.991576623993237,0.0674844500236989,accepted_saved_frame
JSCC,218_SinglePhoton_CrossTalkCorrected,3250,4308.064453125,10.600156784057617,-24.515486985935535,-48.11435230617186,4.5,723.9201049804688,1459.3272705078125,1431.626298467564,406.4151611328125,0.4040916132954361,1456741593.92363,0.9916190001769186,0.06669925016896372,accepted_saved_frame
JSCC,218_SinglePhoton_CrossTalkCorrected,3300,4371.67822265625,10.739724159240723,-24.515486985935535,-48.11435230617186,4.5,728.19580078125,1463.162109375,1435.8270537085557,407.0568542480469,0.4054782947239928,1456801456.9673014,0.9916597495670374,0.0659346672400741,accepted_saved_frame
JSCC,218_SinglePhoton_CrossTalkCorrected,3350,4435.216796875,10.879149436950684,-24.515486985935535,-48.11435230617186,4.5,730.95068359375,1469.076171875,1443.6005954772959,407.68048095703125,0.40688852219131644,1456859044.4584687,0.9916989499651396,0.06518992147379497,accepted_saved_frame
JSCC,218_SinglePhoton_CrossTalkCorrected,3400,4498.65673828125,11.018379211425781,-24.515486985935535,-48.11435230617186,4.5,734.276123046875,1476.9425048828125,1444.9994170226312,408.28662109375,0.4083214213958628,1456914474.2142437,0.9917366815705465,0.06446427136786975,accepted_saved_frame
JSCC,218_SinglePhoton_CrossTalkCorrected,3450,4561.98193359375,11.157371520996094,-24.515486985935535,-48.11435230617186,4.5,737.3834228515625,1482.434814453125,1448.3933278549362,408.87603759765625,0.4097760494997406,1456967846.8784914,0.9917730128925729,0.06375701190401471,accepted_saved_frame
JSCC,218_SinglePhoton_CrossTalkCorrected,3500,4625.1806640625,11.296100616455078,-24.515486985935535,-48.11435230617186,4.5,740.5805053710938,1489.9354248046875,1447.4123027328387,409.4493103027344,0.41125157311690874,1457019262.950946,0.9918080123424227,0.06306747249772458,accepted_saved_frame
JSCC,218_SinglePhoton_CrossTalkCorrected,3550,4688.23291015625,11.434516906738281,-24.515486985935535,-48.11435230617186,4.5,744.7333984375,1498.9088134765625,1447.3689107432697,410.007080078125,0.4127471732278823,1457068814.3862317,0.9918417425145549,0.06239501600031632,accepted_saved_frame
JSCC,218_SinglePhoton_CrossTalkCorrected,3600,4751.12841796875,11.572595596313477,-24.515486985935535,-48.11435230617186,4.5,748.70703125,1507.76904296875,1447.2058024381697,410.5499267578125,0.4142620921883014,1457116592.0210786,0.9918742652424672,0.061739033563010456,accepted_saved_frame
JSCC,218_SinglePhoton_CrossTalkCorrected,3650,4813.853515625,11.710304260253906,-24.515486985935535,-48.11435230617186,4.5,752.2310180664062,1515.157958984375,1449.381606989665,411.07843017578125,0.41579564636593114,1457162674.4104445,0.991905633999328,0.06109894607023135,accepted_saved_frame
JSCC,218_SinglePhoton_CrossTalkCorrected,3700,4876.38720703125,11.847593307495117,-24.515486985935535,-48.11435230617186,4.5,754.9312133789062,1521.056396484375,1452.0122604182466,411.5930480957031,0.4173473118460548,1457207144.9420977,0.9919359055480496,0.060474200422195895,accepted_saved_frame
JSCC,218_SinglePhoton_CrossTalkCorrected,3750,4938.732421875,11.98447036743164,-24.515486985935535,-48.11435230617186,4.5,758.5038452148438,1526.8719482421875,1454.5545733540682,412.0943298339844,0.4189162859692671,1457250075.0324547,0.991965128502522,0.059864268956258834,accepted_saved_frame
JSCC,218_SinglePhoton_CrossTalkCorrected,3800,5000.86181640625,12.120871543884277,-24.515486985935535,-48.11435230617186,4.5,761.7554321289062,1532.603515625,1459.0667261877634,412.58270263671875,0.4205021483766793,1457291530.9066088,0.9919933479428481,0.05926864833199082,accepted_saved_frame
JSCC,218_SinglePhoton_CrossTalkCorrected,3850,5062.77099609375,12.256780624389648,-24.515486985935535,-48.11435230617186,4.5,765.0494995117188,1538.2374267578125,1462.6002270967015,413.05877685546875,0.42210414248572786,1457331583.3235543,0.9920206120354035,0.058686856838778875,accepted_saved_frame
JSCC,218_SinglePhoton_CrossTalkCorrected,3900,5124.451171875,12.392184257507324,-24.515486985935535,-48.11435230617186,4.5,767.43896484375,1544.9306640625,1466.0589497464975,413.5228271484375,0.4237218895854532,1457370295.187146,0.9920469635994901,0.058118432653970355,accepted_saved_frame
JSCC,218_SinglePhoton_CrossTalkCorrected,3950,5185.88916015625,12.52704906463623,-24.515486985935535,-48.11435230617186,4.5,770.0538330078125,1551.5098876953125,1469.4423216621167,413.9753112792969,0.42535489673791127,1457407719.7462847,0.9920724388821827,0.05756293656240262,accepted_saved_frame
JSCC,218_SinglePhoton_CrossTalkCorrected,4000,5247.0732421875,12.661347389221191,-24.515486985935535,-48.11435230617186,4.5,773.4720458984375,1558.0162353515625,1472.7569253911656,414.4166564941406,0.4270026631849748,1457443913.9816241,0.9920970766707987,0.057019945892799996,accepted_saved_frame
JSCC,218_SinglePhoton_CrossTalkCorrected,4050,5308.00146484375,12.795073509216309,-24.515486985935535,-48.11435230617186,4.5,776.4894409179688,1564.447509765625,1481.1127575566393,414.8472900390625,0.4286646859475364,1457478934.6059246,0.9921209155702984,0.05648905788793341,accepted_saved_frame
JSCC,218_SinglePhoton_CrossTalkCorrected,4100,5368.6572265625,12.928190231323242,-24.515486985935535,-48.11435230617186,4.5,780.4638671875,1570.80615234375,1484.4131954095135,415.2674865722656,0.4303406544265895,1457512824.6286843,0.9921439848576895,0.055969886516386576,accepted_saved_frame
JSCC,218_SinglePhoton_CrossTalkCorrected,4150,5429.03271484375,13.060678482055664,-24.515486985935535,-48.11435230617186,4.5,784.6890258789062,1577.0916748046875,1486.0087936072946,415.6777038574219,0.4320299932596364,1457545641.0101438,0.9921663233063945,0.055462060008702754,accepted_saved_frame
JSCC,218_SinglePhoton_CrossTalkCorrected,4200,5489.1220703125,13.192526817321777,-24.515486985935535,-48.11435230617186,4.5,787.4888305664062,1582.1722412109375,1494.5581869197767,416.0781555175781,0.433732561765034,1457577418.277234,0.9921879544192507,0.054965223897932416,accepted_saved_frame
JSCC,218_SinglePhoton_CrossTalkCorrected,4250,5548.9326171875,13.323751449584961,-24.515486985935535,-48.11435230617186,4.5,790.6868896484375,1585.913330078125,1496.9358604933657,416.46923828125,0.43544780691007107,1457608206.6627645,0.9922089123902486,0.054479036849202446,accepted_saved_frame
JSCC,218_SinglePhoton_CrossTalkCorrected,4300,5608.4384765625,13.454293251037598,-24.515486985935535,-48.11435230617186,4.5,793.7939453125,1589.07080078125,1504.1153728747884,416.8512268066406,0.4371754474086344,1457638039.9567287,0.9922292202205845,0.054003171847619304,accepted_saved_frame
JSCC,218_SinglePhoton_CrossTalkCorrected,4350,5667.6494140625,13.584172248840332,-24.515486985935535,-48.11435230617186,4.5,797.6950073242188,1590.70263671875,1509.3098303425281,417.2244873046875,0.4389150672210417,1457666962.7170246,0.9922489082412784,0.05353731593349686,accepted_saved_frame
JSCC,218_SinglePhoton_CrossTalkCorrected,4400,5726.55126953125,13.713359832763672,-24.515486985935535,-48.11435230617186,4.5,801.3180541992188,1595.2608642578125,1513.8922608861574,417.5892333984375,0.4406664447946456,1457695006.115705,0.9922679976714678,0.053081166221361456,accepted_saved_frame
JSCC,218_SinglePhoton_CrossTalkCorrected,4450,5785.14697265625,13.841862678527832,-24.515486985935535,-48.11435230617186,4.5,804.1744995117188,1601.830078125,1518.3094538167952,417.9457092285156,0.4424292519045844,1457722208.4089584,0.9922865145525337,0.052634433828909505,accepted_saved_frame
JSCC,218_SinglePhoton_CrossTalkCorrected,4500,5843.4248046875,13.969650268554688,-24.515486985935535,-48.11435230617186,4.5,807.294921875,1607.9495849609375,1522.6405711270882,418.2942810058594,0.4442030290806656,1457748600.7597916,0.9923044800974558,0.05219683947238427,accepted_saved_frame
JSCC,218_SinglePhoton_CrossTalkCorrected,4550,5901.3837890625,14.096724510192871,-24.515486985935535,-48.11435230617186,4.5,811.1846313476562,1612.246826171875,1525.8392265937584,418.6351013183594,0.445987723281407,1457774212.3876612,0.992321914196219,0.05176811671284246,accepted_saved_frame
JSCC,218_SinglePhoton_CrossTalkCorrected,4600,5959.0185546875,14.22307014465332,-24.515486985935535,-48.11435230617186,4.5,813.83544921875,1615.2764892578125,1529.1051952116509,418.968505859375,0.4477828296219032,1457799074.825928,0.9923388383139067,0.05134800791735662,accepted_saved_frame
JSCC,218_SinglePhoton_CrossTalkCorrected,4650,6016.33642578125,14.348709106445312,-24.515486985935535,-48.11435230617186,4.5,817.4365844726562,1621.29052734375,1532.2909465517569,419.29461669921875,0.4495882512293436,1457823216.1761153,0.992355271579515,0.050936265003819724,accepted_saved_frame
JSCC,218_SinglePhoton_CrossTalkCorrected,4700,6073.31884765625,14.473594665527344,-24.515486985935535,-48.11435230617186,4.5,821.2811889648438,1627.2239990234375,1535.406659167588,419.61370849609375,0.4514036900044815,1457846663.9660094,0.9923712327314915,0.0505326495676498,accepted_saved_frame
JSCC,218_SinglePhoton_CrossTalkCorrected,4750,6129.98291015625,14.597769737243652,-24.515486985935535,-48.11435230617186,4.5,824.4791870117188,1633.0751953125,1547.5518910851483,419.9259948730469,0.4532288018976558,1457869443.8637068,0.9923867392423737,0.05013693300584444,accepted_saved_frame
JSCC,218_SinglePhoton_CrossTalkCorrected,4800,6186.3046875,14.721176147460938,-24.515486985935535,-48.11435230617186,4.5,827.086669921875,1638.8460693359375,1561.5848804647487,420.231689453125,0.45506342268407785,1457891575.692015,0.9924018046057509,0.0497488939139159,accepted_saved_frame
JSCC,218_SinglePhoton_CrossTalkCorrected,4850,6242.2978515625,14.84384822845459,-24.515486985935535,-48.11435230617186,4.5,830.675537109375,1644.53955078125,1567.7496726352824,420.5309753417969,0.45690723753241935,1457913086.6718783,0.9924164473512,0.049368320026853055,accepted_saved_frame
JSCC,218_SinglePhoton_CrossTalkCorrected,4900,6297.95263671875,14.965761184692383,-24.515486985935535,-48.11435230617186,4.5,833.7697143554688,1650.1529541015625,1574.9816600991867,420.8240661621094,0.4587601144430755,1457934002.1702816,0.9924306847462887,0.048995004943224306,accepted_saved_frame
JSCC,218_SinglePhoton_CrossTalkCorrected,4950,6353.28173828125,15.086949348449707,-24.515486985935535,-48.11435230617186,4.5,837.1475830078125,1655.68798828125,1587.081404218692,421.111083984375,0.4606217291032199,1457954333.4496624,0.9924445244574743,0.04862875162062135,accepted_saved_frame
JSCC,218_SinglePhoton_CrossTalkCorrected,5000,6408.27392578125,15.207385063171387,-24.515486985935535,-48.11435230617186,4.5,839.3610229492188,1661.1458740234375,1587.3739495345765,421.3922424316406,0.4624919096874527,1457974109.2971318,0.9924579860804396,0.048269370118453496,accepted_saved_frame
JSCC,218_SinglePhoton_CrossTalkCorrected,5050,6462.927734375,15.327061653137207,-24.515486985935535,-48.11435230617186,4.5,843.3181762695312,1666.388671875,1587.186650498057,421.6677551269531,0.46437037320634,1457993344.6738827,0.9924710797994226,0.0479166760831251,accepted_saved_frame
JSCC,218_SinglePhoton_CrossTalkCorrected,5100,6517.2470703125,15.445995330810547,-24.515486985935535,-48.11435230617186,4.5,846.9109497070312,1663.358154296875,1591.6904262121543,421.9376525878906,0.4662570366249862,1458012061.3182921,0.9924838204119605,0.0475704923222586,accepted_saved_frame
JSCC,218_SinglePhoton_CrossTalkCorrected,5150,6571.22998046875,15.56417465209961,-24.515486985935535,-48.11435230617186,4.5,851.305419921875,1667.9552001953125,1600.973200085185,422.2022705078125,0.46815151498504776,1458030271.7107751,0.9924962164136001,0.04723064705296673,accepted_saved_frame
JSCC,218_SinglePhoton_CrossTalkCorrected,5200,6624.89013671875,15.681636810302734,-24.515486985935535,-48.11435230617186,4.5,855.3701782226562,1674.0970458984375,1603.2249070789337,422.4616394042969,0.47005368619721,1458047993.8079724,0.9925082800276118,0.04689697667661979,accepted_saved_frame
JSCC,218_SinglePhoton_CrossTalkCorrected,5250,6678.2138671875,15.798348426818848,-24.515486985935535,-48.11435230617186,4.5,858.2326049804688,1681.4720458984375,1605.353812036608,422.7159423828125,0.47196340252315333,1458065248.6887345,0.992520025602586,0.046569319392652686,accepted_saved_frame
JSCC,218_SinglePhoton_CrossTalkCorrected,5300,6731.201171875,15.914314270019531,-24.515486985935535,-48.11435230617186,4.5,860.7685546875,1683.85595703125,1607.5420076097053,422.9652099609375,0.47388050440254076,1458082046.5045147,0.9925314600487215,0.046247521647948334,accepted_saved_frame
JSCC,218_SinglePhoton_CrossTalkCorrected,5350,6783.85791015625,16.029541015625,-24.515486985935535,-48.11435230617186,4.5,863.740234375,1689.6038818359375,1609.6758176203268,423.2097473144531,0.4758046320030442,1458098400.9609594,0.992542592695593,0.04593143635902959,accepted_saved_frame
JSCC,218_SinglePhoton_CrossTalkCorrected,5400,6836.17919921875,16.144020080566406,-24.515486985935535,-48.11435230617186,4.5,866.4561767578125,1692.01025390625,1611.759159752533,423.4496154785156,0.4777357327400039,1458114329.7998488,0.9925534356202128,0.045620917736225,accepted_saved_frame
JSCC,218_SinglePhoton_CrossTalkCorrected,5450,6888.1806640625,16.257789611816406,-24.515486985935535,-48.11435230617186,4.5,869.035400390625,1694.3583984375,1613.7913671197796,423.6849365234375,0.47967357635514535,1458129844.8827388,0.9925639968968643,0.04531582743925709,accepted_saved_frame
JSCC,218_SinglePhoton_CrossTalkCorrected,5500,6939.8583984375,16.370840072631836,-24.515486985935535,-48.11435230617186,4.5,872.0177001953125,1705.71826171875,1610.6933983726528,423.91583251953125,0.4816179673071687,1458144956.869989,0.9925742837821637,0.045016031204499284,accepted_saved_frame
JSCC,218_SinglePhoton_CrossTalkCorrected,5550,6991.20654296875,16.483158111572266,-24.515486985935535,-48.11435230617186,4.5,874.5598754882812,1715.9371337890625,1612.7719067825683,424.14239501953125,0.48356877942896315,1458159679.009237,0.9925843052939147,0.04472139817761261,accepted_saved_frame
JSCC,218_SinglePhoton_CrossTalkCorrected,5600,7042.23193359375,16.59476089477539,-24.515486985935535,-48.11435230617186,4.5,877.6817626953125,1720.308349609375,1618.3721812665299,424.3647766113281,0.485525815706423,1458174023.7458146,0.9925940699037824,0.04443180254896124,accepted_saved_frame
JSCC,218_SinglePhoton_CrossTalkCorrected,5650,7092.93701171875,16.705652236938477,-24.515486985935535,-48.11435230617186,4.5,880.0980224609375,1724.61328125,1620.0789550797851,424.58306884765625,0.48748887530261836,1458188004.1596422,0.9926035865154037,0.04414712417950876,accepted_saved_frame
JSCC,218_SinglePhoton_CrossTalkCorrected,5700,7143.32958984375,16.81585121154785,-24.515486985935535,-48.11435230617186,4.5,883.6860961914062,1728.8519287109375,1629.32475274884,424.79736328125,0.4894578642160497,1458201627.3086047,0.9926128599331531,0.043867243156390616,accepted_saved_frame
JSCC,218_SinglePhoton_CrossTalkCorrected,5750,7193.4072265625,16.92535400390625,-24.515486985935535,-48.11435230617186,4.5,887.6234741210938,1733.0267333984375,1639.7778092849853,425.0077819824219,0.49143254428288774,1458214905.794511,0.9926218987352119,0.04359204732949964,accepted_saved_frame
JSCC,218_SinglePhoton_CrossTalkCorrected,5800,7243.1689453125,17.03415870666504,-24.515486985935535,-48.11435230617186,4.5,890.2918090820312,1737.13916015625,1642.398089537856,425.2143859863281,0.4934128543412693,1458227846.6437287,0.9926307077045008,0.043321425729187985,accepted_saved_frame
JSCC,218_SinglePhoton_CrossTalkCorrected,5850,7292.60888671875,17.142248153686523,-24.515486985935535,-48.11435230617186,4.5,893.5503540039062,1741.7259521484375,1649.594917925838,425.41729736328125,0.4953985538383799,1458240466.8198671,0.9926392983883232,0.04305527132105607,accepted_saved_frame
JSCC,218_SinglePhoton_CrossTalkCorrected,5900,7341.7431640625,17.24966049194336,-24.515486985935535,-48.11435230617186,4.5,895.9899291992188,1747.286865234375,1658.008069814307,425.6166687011719,0.49738947257924454,1458252766.9000204,0.9926476711795131,0.042793479785375475,accepted_saved_frame
JSCC,218_SinglePhoton_CrossTalkCorrected,5950,7390.576171875,17.35641098022461,-24.515486985935535,-48.11435230617186,4.5,899.0626220703125,1751.69677734375,1663.2876725841743,425.8124694824219,0.49938550950571786,1458264757.082047,0.9926558330198579,0.04253595189413774,accepted_saved_frame
JSCC,218_SinglePhoton_CrossTalkCorrected,6000,7439.11669921875,17.46251678466797,-24.515486985935535,-48.11435230617186,4.5,902.9856567382812,1756.0491943359375,1669.494634530958,426.0048522949219,0.5013865281614222,1458276449.7880447,0.9926637923652073,0.04228259007717982,accepted_saved_frame
JSCC,218_SinglePhoton_CrossTalkCorrected,6050,7487.3408203125,17.567920684814453,-24.515486985935535,-48.11435230617186,4.5,905.8399658203125,1760.3431396484375,1677.1565151954437,426.19390869140625,0.5033923185971853,1458287849.1636372,0.99267155203753,0.042033298647141705,accepted_saved_frame
JSCC,218_SinglePhoton_CrossTalkCorrected,6100,7535.265625,17.672666549682617,-24.515486985935535,-48.11435230617186,4.5,910.8865966796875,1764.4259033203125,1685.3157344916012,426.3796691894531,0.5054028494499094,1458298965.6148112,0.9926791191202883,0.041787987621058884,accepted_saved_frame
JSCC,218_SinglePhoton_CrossTalkCorrected,6150,7582.90380859375,17.776779174804688,-24.515486985935535,-48.11435230617186,4.5,913.4203491210938,1768.3251953125,1694.0833085703227,426.5622863769531,0.5074178723046235,1458309806.6565676,0.9926864987290207,0.04154656750908539,accepted_saved_frame
JSCC,218_SinglePhoton_CrossTalkCorrected,6200,7630.2548828125,17.88026237487793,-24.515486985935535,-48.11435230617186,4.5,914.674560546875,1772.1639404296875,1698.7154436524063,426.74176025390625,0.509437318652003,1458320375.688808,0.9926936931780752,0.04130895329257714,accepted_saved_frame
JSCC,218_SinglePhoton_CrossTalkCorrected,6250,7677.30224609375,17.983074188232422,-24.515486985935535,-48.11435230617186,4.5,918.0033569335938,1783.459716796875,1700.736119091267,426.9182434082031,0.5114609732311015,1458330683.8655565,0.9927007100601108,0.0410750604458515,accepted_saved_frame
JSCC,218_SinglePhoton_CrossTalkCorrected,6300,7724.06640625,18.085264205932617,-24.515486985935535,-48.11435230617186,4.5,921.5410766601562,1792.0604248046875,1702.7171494419604,427.0917053222656,0.5134888385738818,1458340736.8922517,0.9927075532588785,0.040844808253250986,accepted_saved_frame
JSCC,218_SinglePhoton_CrossTalkCorrected,6350,7770.54052734375,18.18681526184082,-24.515486985935535,-48.11435230617186,4.5,925.4225463867188,1796.184814453125,1704.6571117826613,427.2622985839844,0.5155206256105572,1458350539.538343,0.9927142260209912,0.04061811950296131,accepted_saved_frame
JSCC,218_SinglePhoton_CrossTalkCorrected,6400,7816.74072265625,18.287763595581055,-24.515486985935535,-48.11435230617186,4.5,929.2942504882812,1799.41796875,1706.1911659366015,427.4300842285156,0.5175562609501951,1458360096.4109745,0.9927207314825798,0.040394914783292935,accepted_saved_frame
JSCC,218_SinglePhoton_CrossTalkCorrected,6450,7862.6748046875,18.388134002685547,-24.515486985935535,-48.11435230617186,4.5,932.197265625,1802.59619140625,1707.340528141573,427.59503173828125,0.5195957458744052,1458369420.4404497,0.9927270784454347,0.04017512274130274,accepted_saved_frame
JSCC,218_SinglePhoton_CrossTalkCorrected,6500,7908.3310546875,18.487892150878906,-24.515486985935535,-48.11435230617186,4.5,934.2421264648438,1803.005126953125,1708.4541421582858,427.7572937011719,0.5216388234334761,1458378511.4115102,0.9927332667630274,0.03995866948579877,accepted_saved_frame
JSCC,218_SinglePhoton_CrossTalkCorrected,6550,7953.70458984375,18.58702850341797,-24.515486985935535,-48.11435230617186,4.5,937.0658569335938,1809.66552734375,1709.5853496265074,427.91693115234375,0.5236854533118072,1458387377.922464,0.9927393022883145,0.03974548539541865,accepted_saved_frame
JSCC,218_SinglePhoton_CrossTalkCorrected,6600,7998.810546875,18.685579299926758,-24.515486985935535,-48.11435230617186,4.5,939.6891479492188,1821.1536865234375,1711.7755763068021,428.073974609375,0.525735453472728,1458396021.6888309,0.9927451861890683,0.0395355030951354,accepted_saved_frame
JSCC,218_SinglePhoton_CrossTalkCorrected,6650,8043.658203125,18.783567428588867,-24.515486985935535,-48.11435230617186,4.5,942.3097534179688,1831.751953125,1714.2305672981354,428.22845458984375,0.5277887842168614,1458404450.6118236,0.9927509238437254,0.039328657359321326,accepted_saved_frame
JSCC,218_SinglePhoton_CrossTalkCorrected,6700,8088.24658203125,18.880985260009766,-24.515486985935535,-48.11435230617186,4.5,946.0728759765625,1833.1048583984375,1717.9091963127553,428.3805236816406,0.5298452188343051,1458412670.4239175,0.992756519154441,0.03912488180988875,accepted_saved_frame
JSCC,218_SinglePhoton_CrossTalkCorrected,6750,8132.5751953125,18.97783851623535,-24.515486985935535,-48.11435230617186,4.5,949.1673583984375,1841.8536376953125,1720.936510572858,428.53009033203125,0.5319047243306081,1458420681.5640786,0.9927619724200235,0.03892411560899632,accepted_saved_frame
JSCC,218_SinglePhoton_CrossTalkCorrected,6800,8176.654296875,19.07414436340332,-24.515486985935535,-48.11435230617186,4.5,952.2108154296875,1850.77587890625,1722.2201090656731,428.6773681640625,0.5339671386569279,1458428494.6052501,0.9927672908375844,0.03872629762418387,accepted_saved_frame
JSCC,218_SinglePhoton_CrossTalkCorrected,6850,8220.4814453125,19.169904708862305,-24.515486985935535,-48.11435230617186,4.5,955.0283203125,1852.0770263671875,1724.1463138256709,428.8222351074219,0.5360325020974409,1458436108.822314,0.9927724739135284,0.03853136910461422,accepted_saved_frame
JSCC,218_SinglePhoton_CrossTalkCorrected,6900,8264.0458984375,19.26508903503418,-24.515486985935535,-48.11435230617186,4.5,958.209228515625,1853.359619140625,1726.7434816610546,428.96484375,0.5381005839366206,1458443532.2472944,0.992777527115337,0.038339272308366715,accepted_saved_frame
JSCC,218_SinglePhoton_CrossTalkCorrected,6950,8307.3759765625,19.35976219177246,-24.515486985935535,-48.11435230617186,4.5,961.7197265625,1854.623046875,1728.0473067620808,429.10528564453125,0.5401712633069155,1458450766.6423595,0.992782451642536,0.038149951315751225,accepted_saved_frame
JSCC,218_SinglePhoton_CrossTalkCorrected,7000,8350.4501953125,19.453874588012695,-24.515486985935535,-48.11435230617186,4.5,964.6155395507812,1857.32861328125,1733.6564191063112,429.2435607910156,0.5422444623717416,1458457817.3906794,0.992787251159505,0.037963352707445344,accepted_saved_frame
JSCC,218_SinglePhoton_CrossTalkCorrected,7050,8393.2919921875,19.5474853515625,-24.515486985935535,-48.11435230617186,4.5,967.0726928710938,1865.44482421875,1740.2997728444461,429.3796081542969,0.5443202163823211,1458464688.7294254,0.99279192855053,0.037779422236171374,accepted_saved_frame
JSCC,218_SinglePhoton_CrossTalkCorrected,7100,8435.908203125,19.640605926513672,-24.515486985935535,-48.11435230617186,4.5,968.141845703125,1873.53076171875,1750.61277881979,429.5136413574219,0.5463982479274462,1458471382.2368429,0.9927964848899389,0.037598108188927164,accepted_saved_frame
JSCC,218_SinglePhoton_CrossTalkCorrected,7150,8478.2744140625,19.733179092407227,-24.515486985935535,-48.11435230617186,4.5,970.7797241210938,1881.5870361328125,1760.9711974393615,429.6456298828125,0.5484785165145354,1458477905.7517133,0.9928009255136709,0.03741936122877585,accepted_saved_frame
JSCC,218_SinglePhoton_CrossTalkCorrected,7200,8520.3955078125,19.825220108032227,-24.515486985935535,-48.11435230617186,4.5,973.8499755859375,1889.6136474609375,1771.3387628918595,429.77557373046875,0.55056097876529,1458484258.1106534,0.9928052496297992,0.03724313221639102,accepted_saved_frame
JSCC,218_SinglePhoton_CrossTalkCorrected,7250,8562.30859375,19.916810989379883,-24.515486985935535,-48.11435230617186,4.5,976.3142700195312,1896.2708740234375,1780.293635501549,429.9035949707031,0.5526455054812278,1458490442.948845,0.9928094597128292,0.03706937321913346,accepted_saved_frame
JSCC,218_SinglePhoton_CrossTalkCorrected,7300,8603.982421875,20.007884979248047,-24.515486985935535,-48.11435230617186,4.5,978.8370361328125,1897.080810546875,1784.3941385543947,430.02960205078125,0.554732063463677,1458496468.301482,0.9928135612324005,0.03689803861517869,accepted_saved_frame
JSCC,218_SinglePhoton_CrossTalkCorrected,7350,8645.453125,20.09851837158203,-24.515486985935535,-48.11435230617186,4.5,981.569091796875,1897.6986083984375,1792.5737714143074,430.15374755859375,0.55682051819056,1458502334.1013772,0.9928175541427777,0.03672908284969453,accepted_saved_frame
JSCC,218_SinglePhoton_CrossTalkCorrected,7400,8686.7080078125,20.188684463500977,-24.515486985935535,-48.11435230617186,4.5,982.874267578125,1902.3162841796875,1806.2935956367994,430.27606201171875,0.5589107490975075,1458508043.4208422,0.9928214405353151,0.03656246229801344,accepted_saved_frame
JSCC,218_SinglePhoton_CrossTalkCorrected,7450,8727.7431640625,20.27837562561035,-24.515486985935535,-48.11435230617186,4.5,985.294189453125,1910.17138671875,1821.010169616383,430.3965759277344,0.561002777022435,1458513599.8262928,0.9928252228377087,0.0363981333444135,accepted_saved_frame
JSCC,218_SinglePhoton_CrossTalkCorrected,7500,8768.5712890625,20.367616653442383,-24.515486985935535,-48.11435230617186,4.5,988.598388671875,1918.0347900390625,1830.357931967526,430.51531982421875,0.5630964095734312,1458519007.2115383,0.9928289037005145,0.03623605539763505,accepted_saved_frame
JSCC,218_SinglePhoton_CrossTalkCorrected,7550,8809.1708984375,20.45636558532715,-24.515486985935535,-48.11435230617186,4.5,991.6362915039062,1925.7142333984375,1834.5948976727761,430.63226318359375,0.5651916404258308,1458524265.204041,0.9928324828701423,0.03607618695505326,accepted_saved_frame
JSCC,218_SinglePhoton_CrossTalkCorrected,7600,8849.5595703125,20.54465675354004,-24.515486985935535,-48.11435230617186,4.5,994.7559814453125,1934.2747802734375,1839.81328604049,430.74749755859375,0.5672884448265196,1458529380.733214,0.9928359650635147,0.035918487291223544,accepted_saved_frame
JSCC,218_SinglePhoton_CrossTalkCorrected,7650,8889.7373046875,20.632490158081055,-24.515486985935535,-48.11435230617186,4.5,997.5050659179688,1931.0203857421875,1848.293418541954,430.861083984375,0.5693866595610738,1458534355.5947342,0.9928393515029679,0.03576291940735914,accepted_saved_frame
JSCC,218_SinglePhoton_CrossTalkCorrected,7700,8929.716796875,20.719898223876953,-24.515486985935535,-48.11435230617186,4.5,1000.0179443359375,1938.31982421875,1854.2911429133335,430.9730224609375,0.571486236772882,1458539190.5371547,0.9928426426980494,0.03560944426414181,accepted_saved_frame
JSCC,218_SinglePhoton_CrossTalkCorrected,7750,8969.5107421875,20.806907653808594,-24.515486985935535,-48.11435230617186,4.5,1002.7210693359375,1944.7991943359375,1855.6636366692362,431.08331298828125,0.573587128686657,1458543890.524704,0.9928458420279607,0.03545802516218029,accepted_saved_frame
JSCC,218_SinglePhoton_CrossTalkCorrected,7800,9009.1044921875,20.89348793029785,-24.515486985935535,-48.11435230617186,4.5,1005.3328857421875,1950.8043212890625,1859.8394639938192,431.1919860839844,0.5756892468621408,1458548454.2358284,0.9928489485931067,0.03530862747197471,accepted_saved_frame
JSCC,218_SinglePhoton_CrossTalkCorrected,7850,9048.4892578125,20.9796142578125,-24.515486985935535,-48.11435230617186,4.5,1007.8094482421875,1968.4744873046875,1870.0283693562687,431.29913330078125,0.5777925267515802,1458552887.9297059,0.992851966654174,0.035161214928430586,accepted_saved_frame
JSCC,218_SinglePhoton_CrossTalkCorrected,7900,9087.66796875,21.065292358398438,-24.515486985935535,-48.11435230617186,4.5,1010.0320434570312,1976.8914794921875,1872.816928521588,431.40478515625,0.5798967719353447,1458557191.1901748,0.9928548959278775,0.03501575285311382,accepted_saved_frame
JSCC,218_SinglePhoton_CrossTalkCorrected,7950,9126.6884765625,21.150638580322266,-24.515486985935535,-48.11435230617186,4.5,1012.9544677734375,1979.052734375,1882.7269040404865,431.5088806152344,0.582002156625435,1458561367.7505782,0.9928577389555417,0.0348722071714535,accepted_saved_frame
JSCC,218_SinglePhoton_CrossTalkCorrected,8000,9165.521484375,21.23558235168457,-24.515486985935535,-48.11435230617186,4.5,1017.489990234375,1981.0635986328125,1889.7221059837323,431.61151123046875,0.5841085788733205,1458565422.5787299,0.9928604991188092,0.03473054613507288,accepted_saved_frame
JSCC,218_SinglePhoton_CrossTalkCorrected,8050,9204.1669921875,21.32012367248535,-24.515486985935535,-48.11435230617186,4.5,1019.2653198242188,1985.3724365234375,1894.5740728842625,431.712646484375,0.5862158534068128,1458569350.9762535,0.9928631732194465,0.03459073851790815,accepted_saved_frame
JSCC,218_SinglePhoton_CrossTalkCorrected,8100,9242.62109375,21.404253005981445,-24.515486985935535,-48.11435230617186,4.5,1022.3451538085938,1995.553466796875,1907.1923122937496,431.8123779296875,0.588324018129664,1458573159.8782,0.9928657659782143,0.03445275271571309,accepted_saved_frame
JSCC,218_SinglePhoton_CrossTalkCorrected,8150,9280.900390625,21.488006591796875,-24.515486985935535,-48.11435230617186,4.5,1025.3720703125,2005.739990234375,1922.0863405100295,431.91070556640625,0.5904329163384053,1458576853.413389,0.9928682802056424,0.034316559456500056,accepted_saved_frame
JSCC,218_SinglePhoton_CrossTalkCorrected,8200,9318.99609375,21.571365356445312,-24.515486985935535,-48.11435230617186,4.5,1027.326904296875,2011.3966064453125,1935.9284891927084,432.0076904296875,0.5925425196954965,1458580427.100578,0.9928707128513032,0.034182126372817055,accepted_saved_frame
JSCC,218_SinglePhoton_CrossTalkCorrected,8250,9356.916015625,21.65435218811035,-24.515486985935535,-48.11435230617186,4.5,1029.980224609375,2018.028564453125,1941.990728724237,432.103271484375,0.5946528607629266,1458583887.188193,0.9928730681685645,0.03404942614553332,accepted_saved_frame
JSCC,218_SinglePhoton_CrossTalkCorrected,8300,9394.6650390625,21.736968994140625,-24.515486985935535,-48.11435230617186,4.5,1033.097412109375,2034.8515625,1949.005478371539,432.19757080078125,0.596763791064273,1458587233.798289,0.9928753462405102,0.03391843076373518,accepted_saved_frame
JSCC,218_SinglePhoton_CrossTalkCorrected,8350,9432.240234375,21.819215774536133,-24.515486985935535,-48.11435230617186,4.5,1035.5611572265625,2049.801025390625,1953.8060719409164,432.29052734375,0.5988752370582302,1458590470.0222795,0.9928775491714975,0.033789110993495096,accepted_saved_frame
JSCC,218_SinglePhoton_CrossTalkCorrected,8400,9469.6494140625,21.901105880737305,-24.515486985935535,-48.11435230617186,4.5,1038.7061767578125,2062.535888671875,1963.6749870102503,432.3822326660156,0.6009873025707175,1458593599.6902223,0.9928796795686862,0.03366143997834823,accepted_saved_frame
JSCC,218_SinglePhoton_CrossTalkCorrected,8450,9506.88671875,21.98263168334961,-24.515486985935535,-48.11435230617186,4.5,1040.04833984375,2077.092041015625,1973.714341744533,432.4726257324219,0.6030998083939307,1458596620.6758611,0.9928817359847116,0.03353539039255233,accepted_saved_frame
JSCC,218_SinglePhoton_CrossTalkCorrected,8500,9543.9560546875,22.063796997070312,-24.515486985935535,-48.11435230617186,4.5,1043.8056640625,2083.25390625,1983.7471609056845,432.5617980957031,0.6052127864847255,1458599536.0883517,0.9928837205360083,0.03341093781529345,accepted_saved_frame
JSCC,218_SinglePhoton_CrossTalkCorrected,8550,9580.8779296875,22.144649505615234,-24.515486985935535,-48.11435230617186,4.5,1046.326416015625,2094.13916015625,1993.0430490701506,432.6497802734375,0.6073259999881498,1458602345.6107497,0.9928856330068287,0.03328805707556067,accepted_saved_frame
JSCC,218_SinglePhoton_CrossTalkCorrected,8600,9617.646484375,22.22517967224121,-24.515486985935535,-48.11435230617186,4.5,1049.4696044921875,2105.46923828125,1995.2371146046382,432.73651123046875,0.6094396226774359,1458605053.7195067,0.9928874764443396,0.03316672392480004,accepted_saved_frame
JSCC,218_SinglePhoton_CrossTalkCorrected,8650,9654.2392578125,22.305330276489258,-24.515486985935535,-48.11435230617186,4.5,1052.8936767578125,2117.1533203125,2000.3535013098865,432.82208251953125,0.611553543278106,1458607659.7433674,0.9928892503916107,0.0330469123903441,accepted_saved_frame
JSCC,218_SinglePhoton_CrossTalkCorrected,8700,9690.6728515625,22.385141372680664,-24.515486985935535,-48.11435230617186,4.5,1055.253662109375,2127.5732421875,2008.2930989493675,432.906494140625,0.6136676376125446,1458610169.3397639,0.9928909586997141,0.032928600970827455,accepted_saved_frame
JSCC,218_SinglePhoton_CrossTalkCorrected,8750,9726.943359375,22.464603424072266,-24.515486985935535,-48.11435230617186,4.5,1056.80078125,2138.36767578125,2012.0224882104997,432.9897766113281,0.6157819496456529,1458612579.2294533,0.9928925991364356,0.032811764015696875,accepted_saved_frame
JSCC,218_SinglePhoton_CrossTalkCorrected,8800,9763.0791015625,22.54378318786621,-24.515486985935535,-48.11435230617186,4.5,1058.921630859375,2142.161865234375,2021.750566846565,433.0718994140625,0.6178965393315434,1458614894.7749987,0.992894175352127,0.032696378581245425,accepted_saved_frame
JSCC,218_SinglePhoton_CrossTalkCorrected,8850,9799.0859375,22.622692108154297,-24.515486985935535,-48.11435230617186,4.5,1061.09521484375,2148.5361328125,2031.4589035320441,433.1529541015625,0.6200110810849656,1458617112.754215,0.9928956851534136,0.03258242502296163,accepted_saved_frame
JSCC,218_SinglePhoton_CrossTalkCorrected,8900,9834.9423828125,22.701282501220703,-24.515486985935535,-48.11435230617186,4.5,1063.525634765625,2157.000244140625,2041.146455820336,433.23291015625,0.6221257048376971,1458619239.5215182,0.992897132865812,0.03246987994137142,accepted_saved_frame
JSCC,218_SinglePhoton_CrossTalkCorrected,8950,9870.638671875,22.779531478881836,-24.515486985935535,-48.11435230617186,4.5,1066.77880859375,2165.470947265625,2050.813429392121,433.3117370605469,0.6242404705932398,1458621273.2646115,0.9928985172556731,0.03235872346052149,accepted_saved_frame
JSCC,218_SinglePhoton_CrossTalkCorrected,9000,9906.2119140625,22.85752296447754,-24.515486985935535,-48.11435230617186,4.5,1069.3072509765625,2173.278076171875,2060.4607543216816,433.3895568847656,0.6263552183816294,1458623217.0992792,0.9928998404439432,0.03224893280787725,accepted_saved_frame
JSCC,218_SinglePhoton_CrossTalkCorrected,9050,9941.630859375,22.9351863861084,-24.515486985935535,-48.11435230617186,4.5,1073.01953125,2179.8232421875,2069.363304033045,433.46630859375,0.6284699810417251,1458625068.744612,0.992901100877984,0.03214048821411143,accepted_saved_frame
JSCC,218_SinglePhoton_CrossTalkCorrected,9100,9976.908203125,23.012548446655273,-24.515486985935535,-48.11435230617186,4.5,1076.897216796875,2182.745849609375,2080.091912335311,433.5420837402344,0.6305845706417579,1458626834.2289088,0.9929023026613205,0.03203337156385597,accepted_saved_frame
JSCC,218_SinglePhoton_CrossTalkCorrected,9150,10012.0625,23.08965492248535,-24.515486985935535,-48.11435230617186,4.5,1079.810302734375,2188.220703125,2090.383956504955,433.6168212890625,0.6326991609962195,1458628514.0384822,0.9929034461249908,0.03192756129612441,accepted_saved_frame
JSCC,218_SinglePhoton_CrossTalkCorrected,9200,10047.052734375,23.166406631469727,-24.515486985935535,-48.11435230617186,4.5,1082.0118408203125,2197.65771484375,2101.617890302046,433.6905822753906,0.6348134668404923,1458630106.3724968,0.9929045300431477,0.03182303925708662,accepted_saved_frame
JSCC,218_SinglePhoton_CrossTalkCorrected,9250,10081.923828125,23.2429141998291,-24.515486985935535,-48.11435230617186,4.5,1085.0301513671875,2195.649169921875,2110.15260304041,433.7633361816406,0.6369277584773466,1458631615.5335631,0.9929055573446224,0.03171978569106617,accepted_saved_frame
JSCC,218_SinglePhoton_CrossTalkCorrected,9300,10116.6640625,23.319143295288086,-24.515486985935535,-48.11435230617186,4.5,1087.493896484375,2194.699951171875,2118.6857524426027,433.83514404296875,0.6390417497015668,1458633039.2686574,0.9929065264957585,0.03161778216483584,accepted_saved_frame
JSCC,218_SinglePhoton_CrossTalkCorrected,9350,10151.263671875,23.39507293701172,-24.515486985935535,-48.11435230617186,4.5,1089.865966796875,2197.569580078125,2124.4706380309576,433.9060363769531,0.6411554797280365,1458634381.3497844,0.9929074400641984,0.031517013308124085,accepted_saved_frame
JSCC,218_SinglePhoton_CrossTalkCorrected,9400,10185.73828125,23.470741271972656,-24.515486985935535,-48.11435230617186,4.5,1093.2100830078125,2203.480224609375,2128.6814818495336,433.9759826660156,0.6432690072975505,1458635643.640658,0.9929082993185913,0.031417456660453334,accepted_saved_frame
JSCC,218_SinglePhoton_CrossTalkCorrected,9450,10220.0947265625,23.546165466308594,-24.515486985935535,-48.11435230617186,4.5,1095.6630859375,2210.57958984375,2131.678742120906,434.04498291015625,0.6453822057085018,1458636824.1268284,0.9929091028876808,0.03131909943126457,accepted_saved_frame
JSCC,218_SinglePhoton_CrossTalkCorrected,9500,10254.3486328125,23.621379852294922,-24.515486985935535,-48.11435230617186,4.5,1099.9488525390625,2209.270263671875,2131.5595893353398,434.1130065917969,0.6474952750489191,1458637925.6256104,0.9929098526892415,0.0312219216616974,accepted_saved_frame
JSCC,218_SinglePhoton_CrossTalkCorrected,9550,10288.447265625,23.696256637573242,-24.515486985935535,-48.11435230617186,4.5,1102.324462890625,2218.633544921875,2130.4557964144624,434.1802673339844,0.64960783973312,1458638949.8327463,0.9929105498775832,0.03112590715728236,accepted_saved_frame
JSCC,218_SinglePhoton_CrossTalkCorrected,9600,10322.427734375,23.770889282226562,-24.515486985935535,-48.11435230617186,4.5,1105.30078125,2233.02294921875,2133.1601917204484,434.2466125488281,0.6517200698582153,1458639894.6629267,0.9929111930332141,0.031031039761183477,accepted_saved_frame
JSCC,218_SinglePhoton_CrossTalkCorrected,9650,10356.2783203125,23.845247268676758,-24.515486985935535,-48.11435230617186,4.5,1108.587890625,2240.34326171875,2138.0986419289675,434.3120422363281,0.6538319086687545,1458640765.4432847,0.9929117857823685,0.030937304845445903,accepted_saved_frame
JSCC,218_SinglePhoton_CrossTalkCorrected,9700,10389.994140625,23.919321060180664,-24.515486985935535,-48.11435230617186,4.5,1110.9737548828125,2244.3779296875,2148.142140778436,434.37664794921875,0.6559433016989172,1458641561.0669057,0.9929123273715582,0.03084468605776681,accepted_saved_frame
JSCC,218_SinglePhoton_CrossTalkCorrected,9750,10423.595703125,23.993152618408203,-24.515486985935535,-48.11435230617186,4.5,1114.5557861328125,2248.097900390625,2156.4226845407197,434.4404296875,0.6580543314069148,1458642283.1506658,0.9929128189014076,0.030753167905055265,accepted_saved_frame
JSCC,218_SinglePhoton_CrossTalkCorrected,9800,10457.0947265625,24.066776275634766,-24.515486985935535,-48.11435230617186,4.5,1118.4090576171875,2251.821044921875,2159.9229569817835,434.50335693359375,0.6601649158585249,1458642931.54261,0.9929132602684791,0.03066273598683608,accepted_saved_frame
JSCC,218_SinglePhoton_CrossTalkCorrected,9850,10490.4716796875,24.140140533447266,-24.515486985935535,-48.11435230617186,4.5,1121.09228515625,2255.778564453125,2163.7813708234535,434.56549072265625,0.6622749044546983,1458643507.0076406,0.9929136519934499,0.03057337364131253,accepted_saved_frame
JSCC,218_SinglePhoton_CrossTalkCorrected,9900,10523.724609375,24.213241577148438,-24.515486985935535,-48.11435230617186,4.5,1124.8145751953125,2265.391845703125,2167.2122733080682,434.6268310546875,0.664384449438177,1458644008.2464178,0.9929139931918459,0.030485068380957835,accepted_saved_frame
JSCC,218_SinglePhoton_CrossTalkCorrected,9950,10556.8681640625,24.286113739013672,-24.515486985935535,-48.11435230617186,4.5,1126.2890625,2275.001220703125,2170.622616207723,434.6874084472656,0.6664933051396194,1458644441.5598507,0.9929142881527606,0.03039780463022695,accepted_saved_frame
JSCC,218_SinglePhoton_CrossTalkCorrected,10000,10589.8916015625,24.358739852905273,-24.515486985935535,-48.11435230617186,4.5,1128.895263671875,2284.603759765625,2175.798338659949,434.7471008300781,0.668601811075031,1458644807.2060046,0.992914537051862,0.03031157006754397,accepted_saved_frame
EHE,440_SinglePhoton,0,1.0,1,,,,1.0,1.0,1.0,1.0,0,14135997.191569462,0.004003443936587075,0.5,known_uniform_initialization
EHE,440_SinglePhoton,10,12017.0556640625,14.501070022583008,-245.00967632282882,22.05126999024467,55.5,1828.32080078125,4988.64013671875,4813.591891922112,828.7012939453125,0.48695888371314716,4012257776.9625063,1.1363081678301812,0.08413600771975256,accepted_saved_frame
EHE,440_SinglePhoton,20,22387.1875,25.60587501525879,-237.82794282430436,-32.21598379623728,4.5,2575.365478515625,7210.7626953125,7094.388159775513,874.2988891601562,0.6568725233451217,4008389687.9087243,1.1352126895658126,0.0903493921300314,accepted_saved_frame
EHE,440_SinglePhoton,30,35244.703125,39.64259719848633,-237.82794282430436,-32.21598379623728,4.5,3263.62890625,9428.89453125,9391.370929170338,889.0614013671875,0.8307706745573472,4025719310.5577,1.1401205974959838,0.09298291839376065,accepted_saved_frame
EHE,440_SinglePhoton,40,41616.7734375,46.50151443481445,-237.82794282430436,-32.21598379623728,4.5,3830.140625,11125.857421875,11148.093675870885,894.9552612304688,0.9987381117861233,4040562693.305979,1.1443243795041946,0.09349415634724474,accepted_saved_frame
EHE,440_SinglePhoton,50,45179.93359375,50.33258056640625,-237.82794282430436,-32.21598379623728,4.5,4355.916015625,13071.865234375,13181.915712401484,897.6279907226562,1.1571103773733085,4052328486.438286,1.147656559932383,0.09348446925857212,accepted_saved_frame
EHE,440_SinglePhoton,60,47484.59375,52.81825637817383,-237.82794282430436,-32.21598379623728,4.5,4813.10693359375,14539.04296875,14618.504565071697,899.0185546875,1.3058458116761442,4061276540.014992,1.1501907306987216,0.0933277258260544,accepted_saved_frame
EHE,440_SinglePhoton,70,49185.75,54.660614013671875,-237.82794282430436,-32.21598379623728,4.5,5227.15576171875,15884.6630859375,15906.513954996426,899.8389892578125,1.44577080236658,4068004476.3215466,1.1520961439106232,0.09312130164782847,accepted_saved_frame
EHE,440_SinglePhoton,80,50559.328125,56.152469635009766,-237.82794282430436,-32.21598379623728,4.5,5554.8125,17305.763671875,17484.782320997325,900.3936767578125,1.5777984754661216,4073058729.869451,1.1535275548288708,0.09289843509501877,accepted_saved_frame
EHE,440_SinglePhoton,90,51717.19921875,57.410823822021484,-237.82794282430436,-32.21598379623728,4.5,5860.91015625,18195.66015625,18275.284744252123,900.82666015625,1.7027282883072352,4076861254.9603534,1.154604464778172,0.09267908270291599,accepted_saved_frame
EHE,440_SinglePhoton,100,52705.140625,58.48273468017578,-237.82794282430436,-32.21598379623728,4.5,6140.2177734375,19629.728515625,19673.12674331894,901.2085571289062,1.8212289662840853,4079727978.6899796,1.1554163472069607,0.09247590880529309,accepted_saved_frame
EHE,440_SinglePhoton,110,53547.56640625,59.3934211730957,-237.82794282430436,-32.21598379623728,4.5,6415.28564453125,20933.30859375,21039.544071208227,901.5740356445312,1.9338574050145183,4081893328.700219,1.1560295941715437,0.09229465081907784,accepted_saved_frame
EHE,440_SinglePhoton,120,54265.09765625,60.16499328613281,-237.82794282430436,-32.21598379623728,4.5,6664.62646484375,22124.4765625,22297.615149899222,901.9380493164062,2.041084489218062,4083531691.2810555,1.1564935934671923,0.09213625503661717,accepted_saved_frame
EHE,440_SinglePhoton,130,54878.3984375,60.820186614990234,-237.82794282430436,-32.21598379623728,4.5,6874.65771484375,23227.189453125,23293.296934378886,902.3056640625,2.143316384566015,4084772629.4431086,1.156845038525735,0.09199921296206671,accepted_saved_frame
EHE,440_SinglePhoton,140,55406.98828125,61.38069152832031,-237.82794282430436,-32.21598379623728,4.5,7047.173828125,24576.93359375,24598.19631292243,902.6777954101562,2.240908246020666,4085711175.7033277,1.1571108434267803,0.09188109160714494,accepted_saved_frame
EHE,440_SinglePhoton,150,59738.53515625,66.1516342163086,53.460391451302065,-27.23942998437282,-1.5,7163.89013671875,25337.345703125,25478.66122552322,903.0545654296875,2.3341734453500713,4086416671.5862646,1.157310646325476,0.09177935278906199,accepted_saved_frame
EHE,440_SinglePhoton,160,65318.7421875,72.30040740966797,53.460391451302065,-27.23942998437282,-1.5,7283.41259765625,26237.71875,26332.25301088315,903.4353637695312,2.4233908046171146,4086940128.92154,1.157458894239406,0.09169163413700102,accepted_saved_frame
EHE,440_SinglePhoton,170,70838.9453125,78.37735748291016,53.460391451302065,-27.23942998437282,-1.5,7365.83251953125,27053.982421875,27071.39707031741,903.8189697265625,2.5088110144602607,4087320302.963757,1.1575665630117986,0.09161586463075118,accepted_saved_frame
EHE,440_SinglePhoton,180,76272.0234375,84.35270690917969,53.460391451302065,-27.23942998437282,-1.5,7455.40234375,27819.646484375,28002.17772868261,904.20361328125,2.5906599978723506,4087587369.6162195,1.1576421987349794,0.09155028869528585,accepted_saved_frame
EHE,440_SinglePhoton,190,81595.171875,90.20149230957031,53.460391451302065,-27.23942998437282,-1.5,7505.51513671875,28614.427734375,28621.8133363601,904.5878295898438,2.669140942570651,4087765489.6643867,1.157692643964782,0.09149342135134025,accepted_saved_frame
EHE,440_SinglePhoton,200,86789.53125,95.9032211303711,53.460391451302065,-27.23942998437282,-1.5,7611.4853515625,29325.673828125,29325.870853325185,904.9699096679688,2.7444395966905573,4087874073.14455,1.157723395801344,0.09144403500690974,accepted_saved_frame
JSCC,440_SinglePhoton,0,1.0,1,,,,1.0,1.0,1.0,1.0,0,14135997.191569462,0.004003458597963837,0.5,known_uniform_initialization
JSCC,440_SinglePhoton,50,576.0084228515625,2.0172617435455322,11.768864359176781,-149.5376000599692,-1.5,496.4110412597656,545.671142578125,547.426700764265,285.5397644042969,0.19951579195660119,3337562213.631282,0.9452316634846377,0.48726766231074553,accepted_saved_frame
JSCC,440_SinglePhoton,100,635.838134765625,2.068209648132324,11.768864359176781,-149.5376000599692,-1.5,526.8333740234375,586.212646484375,589.6281703245083,307.43408203125,0.2268302561048243,3357822821.84531,0.9509696743978546,0.47331021030632503,accepted_saved_frame
JSCC,440_SinglePhoton,150,641.8134155273438,1.9642531871795654,11.768864359176781,-149.5376000599692,-1.5,525.2772216796875,586.1536865234375,589.6570574814053,326.7467956542969,0.2367592573307584,3366748408.079194,0.953497491464147,0.45956417912513553,accepted_saved_frame
JSCC,440_SinglePhoton,200,633.239501953125,1.8321410417556763,11.768864359176781,-149.5376000599692,-1.5,537.3065795898438,581.30078125,582.5442491124462,345.6281433105469,0.24421694394697013,3373069548.4008346,0.9552877028816125,0.4459978902167987,accepted_saved_frame
JSCC,440_SinglePhoton,250,698.1563720703125,1.9160351753234863,27.239429984372798,-53.46039145130208,1.5,556.364013671875,626.2373657226562,625.1846655031204,364.37554931640625,0.252772646039844,3378635392.312128,0.9568640066513162,0.4326173133327308,accepted_saved_frame
JSCC,440_SinglePhoton,300,798.5285034179688,2.0849218368530273,27.239429984372798,-53.46039145130208,1.5,582.5259399414062,698.4822998046875,695.4351268487044,383.00164794921875,0.2630295553902815,3383927527.7219863,0.9583627933814679,0.41945428374870203,accepted_saved_frame
JSCC,440_SinglePhoton,350,908.3035278320312,2.2625339031219482,27.239429984372798,-53.46039145130208,1.5,620.5056762695312,778.7366943359375,773.1915298890283,401.4541015625,0.274793102892561,3389076077.0026875,0.9598209150552014,0.40654807288209305,accepted_saved_frame
JSCC,440_SinglePhoton,400,1027.6348876953125,2.4486966133117676,27.239429984372798,-53.46039145130208,1.5,663.8247680664062,862.829345703125,856.1635735027025,419.66607666015625,0.2876907284655522,3394111190.0741568,0.9612469104373819,0.3939373822614862,accepted_saved_frame
JSCC,440_SinglePhoton,450,1156.546875,2.6431055068969727,27.239429984372798,-53.46039145130208,1.5,711.4494018554688,954.4949340820312,941.1888377906458,437.5711975097656,0.3013526398082678,3399033536.297639,0.9626409690979415,0.3816570796653808,accepted_saved_frame
JSCC,440_SinglePhoton,500,1294.9547119140625,2.8453762531280518,27.239429984372798,-53.46039145130208,1.5,758.2581787109375,1050.26904296875,1035.3530995334108,455.1084289550781,0.3154600153034337,3403835430.913987,0.9640009146347022,0.36973687934109184,accepted_saved_frame
JSCC,440_SinglePhoton,550,1442.6737060546875,3.055058479309082,27.239429984372798,-53.46039145130208,1.5,805.991455078125,1153.9951171875,1128.9868802081926,472.2245788574219,0.3297522175307963,3408507522.095209,0.9653240985145836,0.3582008832641784,accepted_saved_frame
JSCC,440_SinglePhoton,600,1599.428955078125,3.2716524600982666,27.239429984372798,-53.46039145130208,1.5,855.3541259765625,1257.800048828125,1228.9121443337788,488.8749694824219,0.34402150385265917,3413041019.121491,0.9666080311160654,0.3470675277574028,accepted_saved_frame
JSCC,440_SinglePhoton,650,1764.864990234375,3.494619369506836,27.239429984372798,-53.46039145130208,1.5,902.2902221679688,1367.5924072265625,1334.3646616585424,505.0235290527344,0.35810506996629504,3417428456.4269896,0.9678505981147488,0.33634979587210506,accepted_saved_frame
JSCC,440_SinglePhoton,700,1938.55322265625,3.7233850955963135,27.239429984372798,-53.46039145130208,1.5,950.8986206054688,1478.70947265625,1440.5241992226984,520.6427001953125,0.3718768353885778,3421663938.920136,0.969050129960569,0.3260555654983918,accepted_saved_frame
JSCC,440_SinglePhoton,750,2120.006591796875,3.9573559761047363,27.239429984372798,-53.46039145130208,1.5,996.3892211914062,1594.2427978515625,1546.252264862491,535.712890625,0.3852406882895528,3425743179.589482,0.9702054125281544,0.31618807496269813,accepted_saved_frame
JSCC,440_SinglePhoton,800,2308.686279296875,4.195918560028076,27.239429984372798,-53.46039145130208,1.5,1043.731689453125,1708.0885009765625,1655.725734914261,550.221923828125,0.3981248521881041,3429663480.6089344,0.9713156817656365,0.3067464371955057,accepted_saved_frame
JSCC,440_SinglePhoton,850,2504.02001953125,4.438460350036621,27.239429984372798,-53.46039145130208,1.5,1087.43017578125,1820.1363525390625,1766.0630786815614,564.1641235351562,0.4104770879121176,3433423575.602124,0.97238057902231,0.29772619206839707,accepted_saved_frame
JSCC,440_SinglePhoton,900,2705.412353515625,4.684374809265137,27.239429984372798,-53.46039145130208,1.5,1130.82470703125,1935.90869140625,1875.2093108597917,577.5396728515625,0.42226118927419126,3437023551.315095,0.9734001288655393,0.28911985523705874,accepted_saved_frame
JSCC,440_SinglePhoton,950,2912.24755859375,4.933055877685547,27.239429984372798,-53.46039145130208,1.5,1173.3262939453125,2050.220703125,1984.2833142537058,590.3536376953125,0.43345391928376487,3440464653.656883,0.9743746841494721,0.28091745218583714,accepted_saved_frame
JSCC,440_SinglePhoton,1000,3123.90380859375,5.183908462524414,27.239429984372798,-53.46039145130208,1.5,1212.408203125,2167.71533203125,2092.321035261628,602.6155395507812,0.44404235361942007,3443749150.6463547,0.9753048872001865,0.27310702259669883,accepted_saved_frame
JSCC,440_SinglePhoton,1050,3339.766357421875,5.436367034912109,27.239429984372798,-53.46039145130208,1.5,1252.3709716796875,2286.06689453125,2198.902385728627,614.337890625,0.4540223889731386,3446880188.9359126,0.9761916291817399,0.26567508023749226,accepted_saved_frame
JSCC,440_SinglePhoton,1100,3559.2294921875,5.689886569976807,27.239429984372798,-53.46039145130208,1.5,1288.636962890625,2403.82763671875,2303.650559249208,625.5361328125,0.4633967795594092,3449861606.6565547,0.9770359970919814,0.25860702434639316,accepted_saved_frame
JSCC,440_SinglePhoton,1150,3781.70947265625,5.9439544677734375,27.239429984372798,-53.46039145130208,1.5,1327.269775390625,2520.920654296875,2406.686890621613,636.2278442382812,0.4721736668714194,3452697829.278306,0.977839244269164,0.25188749591932114,accepted_saved_frame
JSCC,440_SinglePhoton,1200,4006.64208984375,6.1980881690979,27.239429984372798,-53.46039145130208,1.5,1359.841064453125,2633.869873046875,2507.27321019448,646.4319458007812,0.48036580761222986,3455393720.3268933,0.9786027481133837,0.24550069305465286,accepted_saved_frame
JSCC,440_SinglePhoton,1250,4233.4921875,6.45183801651001,27.239429984372798,-53.46039145130208,1.5,1391.0396728515625,2741.468994140625,2605.4548995404048,656.1683959960938,0.48798943841882125,3457954457.5189037,0.9793279750067926,0.2394306319526217,accepted_saved_frame
JSCC,440_SinglePhoton,1300,4461.75830078125,6.704794883728027,27.239429984372798,-53.46039145130208,1.5,1420.022216796875,2843.42529296875,2699.1329333918766,665.4578247070312,0.49506340583448694,3460385455.1376476,0.9800164583296526,0.2336613587062504,accepted_saved_frame
JSCC,440_SinglePhoton,1350,4690.962890625,6.95657205581665,27.239429984372798,-53.46039145130208,1.5,1451.8885498046875,2938.85107421875,2790.6854855726715,674.321044921875,0.5016086963920233,3462692251.604973,0.980669766619525,0.22817713014920094,accepted_saved_frame
JSCC,440_SinglePhoton,1400,4920.66943359375,7.206827163696289,27.239429984372798,-53.46039145130208,1.5,1482.6944580078125,3030.6279296875,2888.1243433942964,682.7788696289062,0.5076476431860872,3464880436.9180636,0.9812894830206329,0.22296254936853388,accepted_saved_frame
JSCC,440_SinglePhoton,1450,5150.4833984375,7.455264568328857,27.239429984372798,-53.46039145130208,1.5,1511.703125,3125.53515625,2975.799460618604,690.8518676757812,0.513203648370246,3466955597.5275583,0.9818771896727814,0.21800267032781556,accepted_saved_frame
JSCC,440_SinglePhoton,1500,5380.02490234375,7.701593399047852,27.239429984372798,-53.46039145130208,1.5,1537.2999267578125,3230.227783203125,3055.8000419683426,698.5599975585938,0.5183007611832622,3468923260.170297,0.9824344518042186,0.213283076412151,accepted_saved_frame
JSCC,440_SinglePhoton,1550,5608.96533203125,7.945578575134277,27.239429984372798,-53.46039145130208,1.5,1564.8707275390625,3324.7451171875,3133.834879670586,705.9228515625,0.5229631397287183,3470788841.357732,0.9829628034262385,0.2087899418610163,accepted_saved_frame
JSCC,440_SinglePhoton,1600,5837.00927734375,8.187017440795898,27.239429984372798,-53.46039145130208,1.5,1589.3924560546875,3411.591064453125,3212.943459173735,712.9591674804688,0.5272151487489687,3472557630.988351,0.9834637426920524,0.2045100661671529,accepted_saved_frame
JSCC,440_SinglePhoton,1650,6063.8916015625,8.42573356628418,27.239429984372798,-53.46039145130208,1.5,1607.7972412109375,3494.600341796875,3286.7666477344947,719.6870727539062,0.5310806147521833,3474234739.1339517,0.9839387168261181,0.20043088846665522,accepted_saved_frame
JSCC,440_SinglePhoton,1700,6289.3779296875,8.661577224731445,27.239429984372798,-53.46039145130208,1.5,1628.7579345703125,3573.429931640625,3372.51333855781,726.1238403320312,0.534583169458913,3475825114.6835666,0.9843891274042904,0.19654050345600893,accepted_saved_frame
JSCC,440_SinglePhoton,1750,6513.2587890625,8.89442253112793,27.239429984372798,-53.46039145130208,1.5,1650.0687255859375,3651.3701171875,3449.138353864077,732.2857055664062,0.5377460176137747,3477333486.600335,0.9848163137171679,0.19282765693139045,accepted_saved_frame
JSCC,440_SinglePhoton,1800,6735.353515625,9.124165534973145,27.239429984372798,-53.46039145130208,1.5,1669.8814697265625,3737.78662109375,3527.733979464117,738.1884765625,0.5405912449315721,3478764402.46221,0.9852215636852143,0.1892817307054174,accepted_saved_frame
JSCC,440_SinglePhoton,1850,6955.517578125,9.350739479064941,27.239429984372798,-53.46039145130208,1.5,1683.478271484375,3821.87646484375,3596.5276465264806,743.8468017578125,0.5431405576315976,3480122189.067872,0.9856061027019509,0.1858927321343329,accepted_saved_frame
JSCC,440_SinglePhoton,1900,7173.6171875,9.574084281921387,27.239429984372798,-53.46039145130208,1.5,1699.661865234375,3902.69873046875,3661.873346845498,749.2744750976562,0.5454149045385945,3481410964.9516587,0.9859710971783131,0.1826512711334883,accepted_saved_frame
JSCC,440_SinglePhoton,1950,7389.548828125,9.79416561126709,27.239429984372798,-53.46039145130208,1.5,1712.9072265625,3970.899658203125,3724.6808942688685,754.4848022460938,0.5474339276068826,3482634636.9453692,0.9863176535689178,0.17954853719638725,accepted_saved_frame
JSCC,440_SinglePhoton,2000,7603.22802734375,10.010966300964355,27.239429984372798,-53.46039145130208,1.5,1727.9510498046875,4029.327880859375,3785.0848910636396,759.4899291992188,0.5492168069020547,3483796911.422794,0.9866468215566289,0.17657627114441912,accepted_saved_frame
JSCC,440_SinglePhoton,2050,7814.58544921875,10.224480628967285,27.239429984372798,-53.46039145130208,1.5,1741.7093505859375,4083.94873046875,3848.0898548501195,764.3014526367188,0.5507817045011246,3484901286.546766,0.9869595918568437,0.17372674047700976,accepted_saved_frame
JSCC,440_SinglePhoton,2100,8023.57666015625,10.434724807739258,27.239429984372798,-53.46039145130208,1.5,1752.6578369140625,4142.90771484375,3909.014355635884,768.9303588867188,0.5521456514862693,3485951077.379087,0.9872569033288795,0.17099271017374096,accepted_saved_frame
JSCC,440_SinglePhoton,2150,8230.158203125,10.641709327697754,27.239429984372798,-53.46039145130208,1.5,1767.5494384765625,4187.19140625,3956.3371515588387,773.3868408203125,0.5533250678508772,3486949393.7839594,0.9875396367180004,0.16836741476106679,accepted_saved_frame
JSCC,440_SinglePhoton,2200,8434.30859375,10.84546947479248,27.239429984372798,-53.46039145130208,1.5,1781.1309814453125,4230.9267578125,4009.217249860894,777.6803588867188,0.5543352183786622,3487899177.2866635,0.9878086250941704,0.16584453229508767,accepted_saved_frame
JSCC,440_SinglePhoton,2250,8636.0263671875,11.04605770111084,27.239429984372798,-53.46039145130208,1.5,1788.4019775390625,4286.10986328125,4058.643780471543,781.8197631835938,0.5551908432404961,3488803202.2683444,0.9880646541904299,0.16341815541302676,accepted_saved_frame
JSCC,440_SinglePhoton,2300,8835.3046875,11.243515014648438,27.239429984372798,-53.46039145130208,1.5,1795.5181884765625,4337.359375,4102.684427303153,785.8134155273438,0.5559056330883503,3489664062.7562475,0.988308458661755,0.1610827650017033,accepted_saved_frame
JSCC,440_SinglePhoton,2350,9032.15625,11.437895774841309,27.239429984372798,-53.46039145130208,1.5,1806.3837890625,4387.96923828125,4156.543332124375,789.6693725585938,0.5564922491929358,3490484206.6122794,0.9885407317676068,0.15883320830698422,accepted_saved_frame
JSCC,440_SinglePhoton,2400,9226.5986328125,11.629263877868652,27.239429984372798,-53.46039145130208,1.5,1811.4549560546875,4431.60107421875,4220.678704576692,793.3948974609375,0.5569628067797925,3491265934.134909,0.9887621249759758,0.15666467229007902,accepted_saved_frame
JSCC,440_SinglePhoton,2450,9418.6572265625,11.81768798828125,27.239429984372798,-53.46039145130208,1.5,1818.14892578125,4461.73779296875,4283.481574678834,796.99658203125,0.557328722517214,3492011401.9766684,0.9889732490728578,0.15457266040292253,accepted_saved_frame
JSCC,440_SinglePhoton,2500,9608.3515625,12.003220558166504,27.239429984372798,-53.46039145130208,1.5,1824.808349609375,4504.24658203125,4341.228001569668,800.4811401367188,0.5576005123261515,3492722633.564794,0.9891746771134861,0.15255297717330255,accepted_saved_frame
JSCC,440_SinglePhoton,2550,9795.744140625,12.185968399047852,27.239429984372798,-53.46039145130208,1.5,1834.4307861328125,4568.5390625,4392.213968888034,803.8543701171875,0.5577881757128702,3493401538.567874,0.9893669499354842,0.15060169702626616,accepted_saved_frame
JSCC,440_SinglePhoton,2600,9980.8642578125,12.365992546081543,27.239429984372798,-53.46039145130208,1.5,1841.904541015625,4604.81884765625,4426.177284980164,807.1219482421875,0.5579007940631067,3494049893.722172,0.9895505707286856,0.14871515665035154,accepted_saved_frame
JSCC,440_SinglePhoton,2650,10163.751953125,12.543364524841309,27.239429984372798,-53.46039145130208,1.5,1850.1192626953125,4650.4404296875,4463.912069393046,810.2891235351562,0.5579471544302077,3494669382.4260855,0.9897260162486878,0.14688992840190115,accepted_saved_frame
JSCC,440_SinglePhoton,2700,10344.4599609375,12.71816635131836,27.239429984372798,-53.46039145130208,1.5,1858.843994140625,4700.10400390625,4505.721282153929,813.3609619140625,0.5579350411890766,3495261578.3473163,0.9898937321742359,0.145122810001012,accepted_saved_frame
JSCC,440_SinglePhoton,2750,10523.0439453125,12.890485763549805,27.239429984372798,-53.46039145130208,1.5,1864.1878662109375,4740.3359375,4544.416683073158,816.3419189453125,0.5578721215023971,3495827944.7289524,0.9900541329106984,0.1434108066616462,accepted_saved_frame
JSCC,440_SinglePhoton,2800,10699.5537109375,13.060399055480957,27.239429984372798,-53.46039145130208,1.5,1867.659912109375,4796.5498046875,4572.378035331289,819.236328125,0.5577652914895493,3496369878.378097,0.9902076140480948,0.14175111466172657,accepted_saved_frame
JSCC,440_SinglePhoton,2850,10874.0224609375,13.227959632873535,27.239429984372798,-53.46039145130208,1.5,1874.2679443359375,4839.76953125,4611.61670228704,822.04833984375,0.5576208157737644,3496888677.2161603,0.9903545431710078,0.1401411098970078,accepted_saved_frame
JSCC,440_SinglePhoton,2900,11050.5517578125,13.398155212402344,27.239429984372798,-53.46039145130208,4.5,1879.134521484375,4866.38330078125,4647.576587330985,824.7816162109375,0.5574448862010851,3497385559.610172,0.990495265333408,0.1385783362923224,accepted_saved_frame
JSCC,440_SinglePhoton,2950,11245.40625,13.590601921081543,27.239429984372798,-53.46039145130208,4.5,1883.0953369140625,4896.48828125,4677.964057226742,827.4398803710938,0.5572428545874664,3497861670.1405535,0.9906301046921464,0.13706049133419457,accepted_saved_frame
JSCC,440_SinglePhoton,3000,11439.15234375,13.781673431396484,27.239429984372798,-53.46039145130208,4.5,1884.7691650390625,4918.45361328125,4712.42186934814,830.0263671875,0.5570198788865659,3498318094.918477,0.9907593688449853,0.13558541557010098,accepted_saved_frame
JSCC,440_SinglePhoton,3050,11631.8193359375,13.971412658691406,27.239429984372798,-53.46039145130208,4.5,1893.1385498046875,4944.43798828125,4732.06072809356,832.5442504882812,0.5567807554101216,3498755838.9216585,0.9908833424118653,0.134151086348473,accepted_saved_frame
JSCC,440_SinglePhoton,3100,11823.4404296875,14.159867286682129,27.239429984372798,-53.46039145130208,4.5,1896.909912109375,4967.63720703125,4761.824861767532,834.99658203125,0.5565297504843361,3499175855.806981,0.9910022954781433,0.13275560312995796,accepted_saved_frame
JSCC,440_SinglePhoton,3150,12014.0458984375,14.347081184387207,27.239429984372798,-53.46039145130208,4.5,1900.319580078125,4988.4697265625,4798.01877481791,837.3860473632812,0.5562709565849423,3499579030.984192,0.9911164788008914,0.13139718485239885,accepted_saved_frame
JSCC,440_SinglePhoton,3200,12203.65625,14.533087730407715,27.239429984372798,-53.46039145130208,4.5,1900.941162109375,5012.4150390625,4813.697886506875,839.71533203125,0.5560079826159465,3499966219.03275,0.9912261344057293,0.13007415570776945,accepted_saved_frame
JSCC,440_SinglePhoton,3250,12392.32421875,14.717952728271484,27.239429984372798,-53.46039145130208,4.5,1903.4171142578125,5041.16015625,4836.024396501504,841.9869384765625,0.5557442656871121,3500338203.8565803,0.9913314843022447,0.1287849418837641,accepted_saved_frame
JSCC,440_SinglePhoton,3300,12580.0556640625,14.901695251464844,27.239429984372798,-53.46039145130208,4.5,1902.0487060546875,5070.86962890625,4876.21389739441,844.2030029296875,0.5554829792627252,3500695726.890856,0.9914327384724418,0.12752806411494355,accepted_saved_frame
JSCC,440_SinglePhoton,3350,12766.8837890625,15.084352493286133,27.239429984372798,-53.46039145130208,4.5,1904.7008056640625,5105.73388671875,4916.104179686134,846.3660278320312,0.5552268822771066,3501039490.714988,0.9915300958939764,0.12630212637987936,accepted_saved_frame
JSCC,440_SinglePhoton,3400,12952.8330078125,15.26596450805664,27.239429984372798,-53.46039145130208,4.5,1909.357177734375,5114.37548828125,4948.920232529729,848.4778442382812,0.5549786817371211,3501370162.0406837,0.9916237453864046,0.12510581801691983,accepted_saved_frame
JSCC,440_SinglePhoton,3450,13137.9501953125,15.446590423583984,27.239429984372798,-53.46039145130208,4.5,1914.24560546875,5134.59130859375,4977.399831221183,850.5404663085938,0.5547407995045659,3501688354.673077,0.9917138607856014,0.12393790365194038,accepted_saved_frame
JSCC,440_SinglePhoton,3500,13322.2490234375,15.626248359680176,27.239429984372798,-53.46039145130208,4.5,1918.4234619140625,5168.22021484375,5005.154657966541,852.5558471679688,0.5545152855309621,3501994659.209645,0.9918006093547967,0.12279721750637008,accepted_saved_frame
JSCC,440_SinglePhoton,3550,13505.744140625,15.804961204528809,27.239429984372798,-53.46039145130208,4.5,1923.3553466796875,5200.99560546875,5032.61509202651,854.525634765625,0.5543042672329683,3502289623.265226,0.9918841461840988,0.1216826590805434,accepted_saved_frame
JSCC,440_SinglePhoton,3600,13688.48046875,15.982782363891602,27.239429984372798,-53.46039145130208,4.5,1925.0184326171875,5232.759765625,5054.278342967905,856.45166015625,0.554109348106314,3502573776.453851,0.9919646212656035,0.12059319155841927,accepted_saved_frame
JSCC,440_SinglePhoton,3650,13870.4794921875,16.159746170043945,27.239429984372798,-53.46039145130208,4.5,1929.5576171875,5261.603515625,5075.796232282216,858.3352661132812,0.5539324033018641,3502847603.5535345,0.9920421718933891,0.1195278354253405,accepted_saved_frame
JSCC,440_SinglePhoton,3700,14051.755859375,16.33586883544922,27.239429984372798,-53.46039145130208,4.5,1936.8577880859375,5289.64990234375,5086.101182610593,860.1780395507812,0.5537747858765782,3503111572.709063,0.9921169306508348,0.11848566526940894,accepted_saved_frame
JSCC,440_SinglePhoton,3750,14232.3466796875,16.511198043823242,27.239429984372798,-53.46039145130208,4.5,1943.219482421875,5316.91796875,5091.176186793702,861.9815063476562,0.5536377768989723,3503366120.2579865,0.9921890211131855,0.1174658037390923,accepted_saved_frame
JSCC,440_SinglePhoton,3800,14412.25,16.68573570251465,27.239429984372798,-53.46039145130208,4.5,1946.277587890625,5323.0859375,5097.756328302602,863.7467651367188,0.553522715091346,3503611669.98908,0.9922585633017451,0.1164674217922876,accepted_saved_frame
JSCC,440_SinglePhoton,3850,14591.51171875,16.859533309936523,27.239429984372798,-53.46039145130208,4.5,1948.2767333984375,5330.35888671875,5102.316304616228,865.4754028320312,0.5534304460474435,3503848609.211104,0.9923256669063052,0.11548973540567559,accepted_saved_frame
JSCC,440_SinglePhoton,3900,14770.1416015625,17.032611846923828,27.239429984372798,-53.46039145130208,4.5,1948.675048828125,5359.02587890625,5110.072118038337,867.1683349609375,0.5533621731223508,3504077305.777428,0.9923904361066925,0.11453199914897796,accepted_saved_frame
JSCC,440_SinglePhoton,3950,14948.150390625,17.204980850219727,27.239429984372798,-53.46039145130208,4.5,1952.8587646484375,5387.4296875,5118.761997699958,868.826904296875,0.5533185784756577,3504298119.229784,0.9924529727287928,0.11359351010482036,accepted_saved_frame
JSCC,440_SinglePhoton,4000,15125.56640625,17.376678466796875,27.239429984372798,-53.46039145130208,4.5,1958.5235595703125,5415.58642578125,5123.721837683335,870.4521484375,0.5533003989485529,3504511374.5713997,0.9925133688168355,0.11267359898773466,accepted_saved_frame
JSCC,440_SinglePhoton,4050,15302.3955078125,17.547710418701172,27.239429984372798,-53.46039145130208,4.5,1960.613525390625,5443.51318359375,5137.226598297493,872.045166015625,0.5533082980836234,3504717391.1793942,0.9925717148216785,0.11177163184265916,accepted_saved_frame
JSCC,440_SinglePhoton,4100,15478.669921875,17.71811866760254,27.239429984372798,-53.46039145130208,4.5,1967.69677734375,5471.03173828125,5170.040660328179,873.6068115234375,0.5533428504397417,3504916465.5197916,0.9926280947055237,0.11088700438495767,accepted_saved_frame
JSCC,440_SinglePhoton,4150,15654.3974609375,17.887916564941406,27.239429984372798,-53.46039145130208,4.5,1970.18505859375,5497.29833984375,5202.358358167913,875.1381225585938,0.5534045860366769,3505108888.656418,0.9926825909006158,0.11001914332251184,accepted_saved_frame
JSCC,440_SinglePhoton,4200,15829.5966796875,18.05712127685547,27.239429984372798,-53.46039145130208,4.5,1975.243896484375,5515.76904296875,5237.603661799748,876.64013671875,0.5534937232609188,3505294922.119947,0.9927352774751095,0.10916750362651607,accepted_saved_frame
JSCC,440_SinglePhoton,4250,16004.2919921875,18.225765228271484,27.239429984372798,-53.46039145130208,4.5,1975.0184326171875,5523.50146484375,5279.6447495559205,878.1135864257812,0.5536107460249046,3505474820.4047575,0.9927862265044085,0.10833156695071082,accepted_saved_frame
JSCC,440_SinglePhoton,4300,16178.4599609375,18.393827438354492,27.239429984372798,-53.46039145130208,4.5,1979.2213134765625,5535.3798828125,5310.348446668423,879.5592041015625,0.553755966574277,3505648840.431063,0.9928355107509381,0.10751083707825568,accepted_saved_frame
JSCC,440_SinglePhoton,4350,16352.134765625,18.56134605407715,27.239429984372798,-53.46039145130208,4.5,1982.0994873046875,5547.283203125,5325.090721708881,880.9778442382812,0.5539295193183899,3505817196.0899677,0.9928831907908406,0.10670484387986162,accepted_saved_frame
JSCC,440_SinglePhoton,4400,16525.326171875,18.728330612182617,27.239429984372798,-53.46039145130208,4.5,1982.537109375,5570.47607421875,5329.718862424303,882.3704833984375,0.5541314657131288,3505980110.6637053,0.9929293298599225,0.10591313943970675,accepted_saved_frame
JSCC,440_SinglePhoton,4450,16698.05078125,18.894804000854492,27.239429984372798,-53.46039145130208,4.5,1984.8511962890625,5593.3193359375,5333.990203948107,883.7377319335938,0.5543619625974133,3506137796.5856338,0.9929739881214776,0.10513529468005188,accepted_saved_frame
JSCC,440_SinglePhoton,4500,16870.3046875,19.060766220092773,27.239429984372798,-53.46039145130208,4.5,1984.6470947265625,5601.92919921875,5341.682348752746,885.080078125,0.5546212466430254,3506290450.8010855,0.9930172213524329,0.1043709000110157,accepted_saved_frame
JSCC,440_SinglePhoton,4550,17042.099609375,19.226228713989258,27.239429984372798,-53.46039145130208,4.5,1987.505126953125,5621.7265625,5364.848969461792,886.3984375,0.5549091177760248,3506438261.2605596,0.9930590827822868,0.10361956698107067,accepted_saved_frame
JSCC,440_SinglePhoton,4600,17213.462890625,19.391225814819336,27.239429984372798,-53.46039145130208,4.5,1989.810546875,5631.1259765625,5392.835194879878,887.6934204101562,0.5552256746421833,3506581411.864618,0.9930996244935545,0.10288092067684933,accepted_saved_frame
JSCC,440_SinglePhoton,4650,17384.373046875,19.555734634399414,27.239429984372798,-53.46039145130208,4.5,1999.540283203125,5635.044921875,5399.863620929069,888.9655151367188,0.5555708206580916,3506720066.6943865,0.9931388929556844,0.10215460256008471,accepted_saved_frame
JSCC,440_SinglePhoton,4700,17554.86328125,19.71979522705078,27.239429984372798,-53.46039145130208,4.5,2003.0606689453125,5647.04931640625,5405.774467764296,890.21533203125,0.555944524372779,3506854394.4324193,0.9931769359412966,0.10144027446422192,accepted_saved_frame
JSCC,440_SinglePhoton,4750,17724.9296875,19.88340187072754,27.239429984372798,-53.46039145130208,4.5,2009.7127685546875,5668.90966796875,5413.464951078696,891.4435424804688,0.5563466170174876,3506984551.5549097,0.993213797766045,0.10073760700879603,accepted_saved_frame
JSCC,440_SinglePhoton,4800,17894.546875,20.046527862548828,27.239429984372798,-53.46039145130208,4.5,2010.7281494140625,5690.41552734375,5442.4051797639995,892.6506958007812,0.5567769756684854,3507110685.958136,0.9932495203156645,0.10004628550830717,accepted_saved_frame
JSCC,440_SinglePhoton,4850,18063.755859375,20.209224700927734,27.239429984372798,-53.46039145130208,4.5,2012.5172119140625,5711.5751953125,5450.999205235532,893.837158203125,0.5572354244846642,3507232931.469363,0.9932841414914013,0.09936601129035921,accepted_saved_frame
JSCC,440_SinglePhoton,4900,18232.546875,20.371479034423828,27.239429984372798,-53.46039145130208,4.5,2014.4185791015625,5732.177734375,5459.376311509422,895.0036010742188,0.5577217720528168,3507351439.6836143,0.9933177042265124,0.09869649474811111,accepted_saved_frame
JSCC,440_SinglePhoton,4950,18400.923828125,20.53329849243164,27.239429984372798,-53.46039145130208,4.5,2016.263916015625,5752.08837890625,5467.730113388255,896.150390625,0.5582358841747144,3507466330.2420397,0.9933502424045921,0.09803746049210015,accepted_saved_frame
JSCC,440_SinglePhoton,5000,18568.900390625,20.694698333740234,27.239429984372798,-53.46039145130208,4.5,2019.4954833984375,5774.388671875,5490.183402413894,897.2781372070312,0.558777410115839,3507577726.712902,0.9933817910214328,0.09738864308762418,accepted_saved_frame
JSCC,440_SinglePhoton,5050,18736.47265625,20.855676651000977,27.239429984372798,-53.46039145130208,4.5,2023.881103515625,5802.82177734375,5510.3777438771485,898.3871459960938,0.5593461929761688,3507685751.11087,0.993412384632833,0.0967497861563599,accepted_saved_frame
JSCC,440_SinglePhoton,5100,18903.658203125,21.016254425048828,27.239429984372798,-53.46039145130208,4.5,2027.5936279296875,5836.16357421875,5526.637603909682,899.4779663085938,0.5599419612355175,3507790518.83084,0.9934420559198048,0.09612064633351376,accepted_saved_frame
JSCC,440_SinglePhoton,5150,19070.431640625,21.176406860351562,27.239429984372798,-53.46039145130208,4.5,2031.6636962890625,5861.4287109375,5541.59552720817,900.5509033203125,0.5605644290814285,3507892131.320589,0.9934708336133933,0.09550098498463558,accepted_saved_frame
JSCC,440_SinglePhoton,5200,19236.81640625,21.336156845092773,27.239429984372798,-53.46039145130208,4.5,2034.517333984375,5888.85986328125,5547.531449645768,901.6064453125,0.5612133696906022,3507990695.701573,0.9934987480514874,0.09489057763679312,accepted_saved_frame
JSCC,440_SinglePhoton,5250,19402.798828125,21.4954891204834,27.239429984372798,-53.46039145130208,4.5,2038.3511962890625,5908.83203125,5555.127953547999,902.6451416015625,0.5618883181469826,3508086311.3265166,0.9935258273717924,0.0942892029694363,accepted_saved_frame
JSCC,440_SinglePhoton,5300,19568.388671875,21.654422760009766,27.239429984372798,-53.46039145130208,4.5,2041.5394287109375,5920.72998046875,5557.950566765795,903.6670532226562,0.5625892182872236,3508179083.1032166,0.9935521012852662,0.09369665184460721,accepted_saved_frame
JSCC,440_SinglePhoton,5350,19733.578125,21.81294822692871,27.239429984372798,-53.46039145130208,4.5,2049.7236328125,5934.609375,5556.915939075281,904.6726684570312,0.5633156496723115,3508269087.7640977,0.9935775915233144,0.09311272145638928,accepted_saved_frame
JSCC,440_SinglePhoton,5400,19898.375,21.9710750579834,27.239429984372798,-53.46039145130208,4.5,2052.578125,5946.55078125,5554.858823840906,905.662353515625,0.5640673383845614,3508356422.9600344,0.9936023257416605,0.09253721508899779,accepted_saved_frame
JSCC,440_SinglePhoton,5450,20062.78515625,22.12880516052246,27.239429984372798,-53.46039145130208,4.5,2058.92626953125,5958.13427734375,5550.731845784913,906.6365966796875,0.5648438361490996,3508441169.0797377,0.9936263267072077,0.0919699450053468,accepted_saved_frame
JSCC,440_SinglePhoton,5500,20226.787109375,22.286123275756836,27.239429984372798,-53.46039145130208,4.5,2066.0029296875,5969.37109375,5547.675201478867,907.5955810546875,0.5656449213405258,3508523414.716042,0.9936496195103504,0.09141072840117397,accepted_saved_frame
JSCC,440_SinglePhoton,5550,20390.3828125,22.443031311035156,27.239429984372798,-53.46039145130208,4.5,2069.67138671875,5980.27001953125,5551.147219518016,908.5396118164062,0.5664702990081699,3508603219.986374,0.9936722211769567,0.09085938988815002,accepted_saved_frame
JSCC,440_SinglePhoton,5600,20553.5859375,22.599546432495117,27.239429984372798,-53.46039145130208,4.5,2075.1337890625,5992.953125,5558.433752983367,909.468994140625,0.5673195425193648,3508680675.8834662,0.9936941574770971,0.09031575982203081,accepted_saved_frame
JSCC,440_SinglePhoton,5650,20716.392578125,22.75566291809082,27.239429984372798,-53.46039145130208,4.5,2080.7939453125,6009.60595703125,5565.514021375485,910.384033203125,0.5681924293088666,3508755852.7885103,0.9937154483434427,0.08977967237308777,accepted_saved_frame
JSCC,440_SinglePhoton,5700,20878.796875,22.911375045776367,27.239429984372798,-53.46039145130208,4.5,2086.4189453125,6026.0205078125,5573.070997572146,911.2852172851562,0.56908855746731,3508828807.608835,0.9937361098927295,0.08925096835645409,accepted_saved_frame
JSCC,440_SinglePhoton,5750,21040.794921875,23.066679000854492,27.239429984372798,-53.46039145130208,4.5,2091.5556640625,6042.20751953125,5593.561017779467,912.1726684570312,0.5700074211927344,3508899617.03302,0.9937561638439456,0.0887294956794055,accepted_saved_frame
JSCC,440_SinglePhoton,5800,21202.416015625,23.221614837646484,27.239429984372798,-53.46039145130208,4.5,2098.965087890625,6057.79052734375,5589.1123078814635,913.0465698242188,0.570949081695033,3508968347.0014324,0.9937756288720755,0.08821510385564761,accepted_saved_frame
JSCC,440_SinglePhoton,5850,21363.625,23.376136779785156,27.239429984372798,-53.46039145130208,4.5,2105.6796875,6071.99560546875,5595.36248204405,913.9074096679688,0.5719128091912496,3509035050.0561433,0.9937945198575697,0.08770765089984447,accepted_saved_frame
JSCC,440_SinglePhoton,5900,21524.41796875,23.53024673461914,27.239429984372798,-53.46039145130208,4.5,2113.662109375,6085.9970703125,5625.254327479819,914.7553100585938,0.5728984394907413,3509099792.784719,0.9938128556587064,0.08720699542511004,accepted_saved_frame
JSCC,440_SinglePhoton,5950,21684.783203125,23.683931350708008,27.239429984372798,-53.46039145130208,4.5,2120.577880859375,6090.10888671875,5656.759251787862,915.5905151367188,0.5739056671756315,3509162627.5948143,0.9938306511178677,0.08671300321849107,accepted_saved_frame
JSCC,440_SinglePhoton,6000,21844.740234375,23.83721160888672,27.239429984372798,-53.46039145130208,4.5,2122.636474609375,6090.45654296875,5688.05030879677,916.4133911132812,0.5749341120996433,3509223613.718061,0.9938479230100561,0.08622554364881126,accepted_saved_frame
JSCC,440_SinglePhoton,6050,22004.26953125,23.990074157714844,27.239429984372798,-53.46039145130208,4.5,2128.285400390625,6106.34716796875,5719.125472402273,917.2239379882812,0.5759834259139912,3509282798.848684,0.9938646848427626,0.0857444879719825,accepted_saved_frame
JSCC,440_SinglePhoton,6100,22163.376953125,24.14251708984375,27.239429984372798,-53.46039145130208,4.5,2133.19775390625,6122.15673828125,5746.494226085364,918.0226440429688,0.5770532886932237,3509340240.138583,0.9938809528019882,0.08526971390640059,accepted_saved_frame
JSCC,440_SinglePhoton,6150,22322.064453125,24.29454803466797,27.239429984372798,-53.46039145130208,4.5,2140.488037109375,6137.89697265625,5757.929346812151,918.8096313476562,0.5781433456866008,3509395983.0287213,0.9938967397570769,0.0848011006721216,accepted_saved_frame
JSCC,440_SinglePhoton,6200,22480.341796875,24.446178436279297,27.239429984372798,-53.46039145130208,4.5,2143.6474609375,6153.5615234375,5769.353087910859,919.5850830078125,0.5792532722635583,3509450078.2737455,0.9939120600822628,0.0843385327804928,accepted_saved_frame
JSCC,440_SinglePhoton,6250,22638.169921875,24.597366333007812,27.239429984372798,-53.46039145130208,4.5,2148.1416015625,6169.15625,5780.766784100208,920.349365234375,0.5803827626811426,3509502567.03821,0.9939269254357673,0.08388189717575958,accepted_saved_frame
JSCC,440_SinglePhoton,6300,22795.57421875,24.748140335083008,27.239429984372798,-53.46039145130208,4.5,2153.582763671875,6183.8642578125,5799.552695968275,921.1024780273438,0.581531478013587,3509553492.1786838,0.9939413479550081,0.08343108304368822,accepted_saved_frame
JSCC,440_SinglePhoton,6350,22952.57421875,24.89852523803711,27.239429984372798,-53.46039145130208,4.5,2156.645751953125,6192.44580078125,5813.353729340083,921.8447265625,0.5826991537857705,3509602900.3094187,0.9939553408416165,0.08298598544545416,accepted_saved_frame
JSCC,440_SinglePhoton,6400,23109.123046875,25.04846954345703,27.239429984372798,-53.46039145130208,4.5,2162.57373046875,6214.017578125,5828.407000767271,922.5762329101562,0.58388544360027,3509650842.121706,0.9939689184518836,0.08254649884517441,accepted_saved_frame
JSCC,440_SinglePhoton,6450,23265.228515625,25.197980880737305,27.239429984372798,-53.46039145130208,4.5,2168.69970703125,6230.583984375,5838.514857873241,923.29736328125,0.5850899142371965,3509697338.671167,0.9939820867489759,0.08211252320441832,accepted_saved_frame
JSCC,440_SinglePhoton,6500,23420.8984375,25.347070693969727,27.239429984372798,-53.46039145130208,4.5,2173.84521484375,6246.14794921875,5848.451346381673,924.0081176757812,0.5863124976509267,3509742439.4167967,0.9939948597401855,0.08168396196780134,accepted_saved_frame
JSCC,440_SinglePhoton,6550,23576.111328125,25.495716094970703,27.239429984372798,-53.46039145130208,4.5,2179.79443359375,6261.3583984375,5859.7138603162975,924.708740234375,0.5875526420771743,3509786180.0574927,0.9940072475358042,0.08126071760140154,accepted_saved_frame
JSCC,440_SinglePhoton,6600,23730.8515625,25.643898010253906,27.239429984372798,-53.46039145130208,4.5,2189.251708984375,6279.77978515625,5871.269648523886,925.3995361328125,0.5888101541867276,3509828598.315509,0.994019260819159,0.08084269858409587,accepted_saved_frame
JSCC,440_SinglePhoton,6650,23885.16015625,25.79166603088379,27.239429984372798,-53.46039145130208,4.5,2197.006591796875,6297.88134765625,5882.832917441321,926.08056640625,0.5900847326260023,3509869722.9870205,0.9940309077456206,0.080429814793304,accepted_saved_frame
JSCC,440_SinglePhoton,6700,24039.009765625,25.938989639282227,27.239429984372798,-53.46039145130208,4.5,2203.76171875,6310.279296875,5894.404865704537,926.751953125,0.5913761045907561,3509909593.1373267,0.9940421993788802,0.08002197608893673,accepted_saved_frame
JSCC,440_SinglePhoton,6750,24192.41796875,26.08588981628418,27.239429984372798,-53.46039145130208,4.5,2209.501708984375,6323.07568359375,5915.156192873066,927.4139404296875,0.5926838546208394,3509948243.0428596,0.9940531454263729,0.07961909816517275,accepted_saved_frame
JSCC,440_SinglePhoton,6800,24345.3203125,26.232295989990234,27.239429984372798,-53.46039145130208,4.5,2215.696533203125,6337.72607421875,5940.887511578113,928.0667114257812,0.5940078702070213,3509985701.440261,0.9940637540266088,0.07922109430686292,accepted_saved_frame
JSCC,440_SinglePhoton,6850,24497.814453125,26.37831687927246,27.239429984372798,-53.46039145130208,4.5,2224.537109375,6352.3271484375,5961.0166974190015,928.7103271484375,0.5953477230203227,3510021993.774269,0.9940740323857976,0.07882788465347303,accepted_saved_frame
JSCC,440_SinglePhoton,6900,24649.79296875,26.523836135864258,27.239429984372798,-53.46039145130208,4.5,2229.294189453125,6365.72509765625,5965.819326623615,929.344970703125,0.5967032365128223,3510057161.9522343,0.994083992372528,0.07843939040042314,accepted_saved_frame
JSCC,440_SinglePhoton,6950,24801.322265625,26.66892433166504,27.239429984372798,-53.46039145130208,4.5,2237.669677734375,6374.638671875,5978.826112969314,929.9708251953125,0.59807410320463,3510091220.8479843,0.9940936381992199,0.07805553275997118,accepted_saved_frame
JSCC,440_SinglePhoton,7000,24952.390625,26.813570022583008,27.239429984372798,-53.46039145130208,4.5,2245.87353515625,6382.580078125,5990.344126946946,930.588134765625,0.5994599113411404,3510124207.9814906,0.994102980491912,0.07767623695330175,accepted_saved_frame
JSCC,440_SinglePhoton,7050,25103.0,26.957782745361328,27.239429984372798,-53.46039145130208,4.5,2252.8818359375,6390.80078125,5991.352780767466,931.19677734375,0.6008606825788596,3510156147.2049537,0.9941120260057907,0.0773014268784919,accepted_saved_frame
JSCC,440_SinglePhoton,7100,25253.125,27.101526260375977,27.239429984372798,-53.46039145130208,4.5,2255.125,6398.642578125,5990.115070164582,931.7971801757812,0.6022758885184716,3510187061.738159,0.9941207813169362,0.07693103245059098,accepted_saved_frame
JSCC,440_SinglePhoton,7150,25402.732421875,27.244770050048828,27.239429984372798,-53.46039145130208,4.5,2262.538818359375,6416.00830078125,5998.959435646841,932.3892822265625,0.6037054473913979,3510216984.1639457,0.9941292556531407,0.07656498181688783,accepted_saved_frame
JSCC,440_SinglePhoton,7200,25551.892578125,27.387596130371094,27.239429984372798,-53.46039145130208,4.5,2266.634521484375,6428.68994140625,6010.6174957683015,932.9732055664062,0.6051490291696894,3510245934.1786504,0.9941374545926077,0.07620320776974368,accepted_saved_frame
JSCC,440_SinglePhoton,7250,25700.55859375,27.529943466186523,27.239429984372798,-53.46039145130208,4.5,2271.055419921875,6440.68408203125,6022.290066520072,933.5492553710938,0.6066063818025846,3510273933.731002,0.9941453843514413,0.07584564094677591,accepted_saved_frame
JSCC,440_SinglePhoton,7300,25848.734375,27.671823501586914,27.239429984372798,-53.46039145130208,4.5,2278.21337890625,6450.3427734375,6033.958694219304,934.1174926757812,0.6080771502336457,3510301012.7899356,0.9941530534171495,0.07549221648238529,accepted_saved_frame
JSCC,440_SinglePhoton,7350,25996.40234375,27.813217163085938,27.239429984372798,-53.46039145130208,4.5,2283.361328125,6460.2939453125,6045.635496930602,934.677978515625,0.6095612417691693,3510327185.7218447,0.9941604658584414,0.07514287000815317,accepted_saved_frame
JSCC,440_SinglePhoton,7400,26143.576171875,27.954143524169922,27.239429984372798,-53.46039145130208,4.5,2291.75390625,6472.55859375,6057.317286782,935.2308349609375,0.6110583938128368,3510352482.216624,0.994167630083798,0.07479753872853337,accepted_saved_frame
JSCC,440_SinglePhoton,7450,26290.2421875,28.094581604003906,27.239429984372798,-53.46039145130208,4.5,2294.78076171875,6484.111328125,6069.007247634247,935.7762451171875,0.6125683043001331,3510376915.827612,0.9941745499316634,0.07445616210420362,accepted_saved_frame
JSCC,440_SinglePhoton,7500,26436.43359375,28.234569549560547,27.239429984372798,-53.46039145130208,4.5,2303.2626953125,6494.533203125,6080.704003607902,936.3143920898438,0.6140908016811626,3510400515.2170205,0.994181233519468,0.0741186786066429,accepted_saved_frame
JSCC,440_SinglePhoton,7550,26582.18359375,28.374149322509766,27.239429984372798,-53.46039145130208,4.5,2306.84228515625,6504.82861328125,6092.391465497495,936.8451538085938,0.6156256541434444,3510423288.4595113,0.9941876831340383,0.07378502914143868,accepted_saved_frame
JSCC,440_SinglePhoton,7600,26727.330078125,28.513139724731445,27.239429984372798,-53.46039145130208,4.5,2313.727294921875,6515.01318359375,6101.715473170019,937.368896484375,0.6171725707475239,3510445264.3223524,0.9941939069225583,0.0734551579562161,accepted_saved_frame
JSCC,440_SinglePhoton,7650,26872.015625,28.651697158813477,27.239429984372798,-53.46039145130208,4.5,2317.977783203125,6527.16552734375,6089.976246612629,937.8856201171875,0.6187313057038127,3510466463.3787527,0.9941999107115703,0.07312900719026502,accepted_saved_frame
JSCC,440_SinglePhoton,7700,27016.205078125,28.7897891998291,27.239429984372798,-53.46039145130208,4.5,2321.493408203125,6546.67626953125,6088.730060520256,938.3953857421875,0.6203017690786209,3510486895.228888,0.9942056972199425,0.07280652297488198,accepted_saved_frame
JSCC,440_SinglePhoton,7750,27159.892578125,28.92740821838379,27.239429984372798,-53.46039145130208,4.5,2326.18408203125,6566.013671875,6087.3723276644105,938.8982543945312,0.6218838062423694,3510506584.1030984,0.9942112733099538,0.07248765006675548,accepted_saved_frame
JSCC,440_SinglePhoton,7800,27303.07421875,29.064544677734375,27.239429984372798,-53.46039145130208,4.5,2328.28173828125,6578.6806640625,6109.022166065951,939.39453125,0.6234769710169034,3510525541.1380377,0.9942166421356187,0.07217233700943462,accepted_saved_frame
JSCC,440_SinglePhoton,7850,27445.71875,29.201169967651367,27.239429984372798,-53.46039145130208,4.5,2332.469970703125,6591.69189453125,6134.224036582306,939.8842163085938,0.6250811494179873,3510543790.8024917,0.9942218106267465,0.07186053161768154,accepted_saved_frame
JSCC,440_SinglePhoton,7900,27587.837890625,29.337297439575195,27.239429984372798,-53.46039145130208,4.5,2340.4033203125,6607.66845703125,6159.205723587088,940.3673706054688,0.6266961874875016,3510561347.942173,0.9942267829877948,0.07155218463896705,accepted_saved_frame
JSCC,440_SinglePhoton,7950,27729.46484375,29.472965240478516,27.239429984372798,-53.46039145130208,4.5,2344.67919921875,6632.63623046875,6158.053887695175,940.8440551757812,0.628321931620342,3510578222.448841,0.9942315620202105,0.07124724295828101,accepted_saved_frame
JSCC,440_SinglePhoton,8000,27870.53125,29.60809326171875,27.239429984372798,-53.46039145130208,4.5,2347.901123046875,6663.17138671875,6157.144707235591,941.3146362304688,0.6299579594720675,3510594430.4027543,0.9942361522780868,0.07094566104393725,accepted_saved_frame
JSCC,440_SinglePhoton,8050,28011.052734375,29.742708206176758,27.239429984372798,-53.46039145130208,4.5,2354.9462890625,6662.607421875,6158.142314643597,941.77880859375,0.6316043624851784,3510609996.6056476,0.9942405607855282,0.0706473905281643,accepted_saved_frame
JSCC,440_SinglePhoton,8100,28151.109375,29.87689208984375,27.239429984372798,-53.46039145130208,4.5,2359.87646484375,6661.34228515625,6159.612781677287,942.2368774414062,0.6332608890405244,3510624930.093208,0.9942447901015333,0.07035238419318257,accepted_saved_frame
JSCC,440_SinglePhoton,8150,28290.630859375,30.01056671142578,27.239429984372798,-53.46039145130208,4.5,2366.508544921875,6658.5966796875,6161.178336192496,942.68896484375,0.6349271506096206,3510639241.618833,0.9942488432715743,0.07006059754230803,accepted_saved_frame
JSCC,440_SinglePhoton,8200,28429.6796875,30.14380645751953,27.239429984372798,-53.46039145130208,4.5,2375.763427734375,6661.77685546875,6162.634506535171,943.135009765625,0.6366032708089735,3510652940.6560082,0.9942527229786383,0.06977198449762846,accepted_saved_frame
JSCC,440_SinglePhoton,8250,28568.203125,30.276548385620117,27.239429984372798,-53.46039145130208,4.5,2381.135986328125,6669.19384765625,6163.992026786991,943.5753173828125,0.6382886733096422,3510666052.1714582,0.994256436293557,0.06948650170414115,accepted_saved_frame
JSCC,440_SinglePhoton,8300,28706.171875,30.40876579284668,27.239429984372798,-53.46039145130208,4.5,2386.045654296875,6670.9150390625,6165.248669437132,944.009765625,0.6399835879197158,3510678592.7786627,0.9942599879214369,0.06920410534893483,accepted_saved_frame
JSCC,440_SinglePhoton,8350,28843.62890625,30.540504455566406,27.239429984372798,-53.46039145130208,4.5,2391.482421875,6665.96826171875,6166.404511185475,944.4385375976562,0.6416875855202133,3510690557.7799573,0.9942633765318517,0.0689247546975227,accepted_saved_frame
JSCC,440_SinglePhoton,8400,28980.55078125,30.671735763549805,27.239429984372798,-53.46039145130208,4.5,2395.373046875,6663.462890625,6179.699359431224,944.8617553710938,0.6434006013326989,3510701966.416783,0.9942666075741737,0.06864840629713484,accepted_saved_frame
JSCC,440_SinglePhoton,8450,29116.962890625,30.802494049072266,27.239429984372798,-53.46039145130208,4.5,2401.00146484375,6671.91064453125,6195.812795389214,945.2794189453125,0.6451223951664631,3510712837.6488633,0.9942696864179903,0.06837502181353163,accepted_saved_frame
JSCC,440_SinglePhoton,8500,29252.83984375,30.93275260925293,27.239429984372798,-53.46039145130208,4.5,2405.229736328125,6680.26953125,6211.938724651609,945.6914672851562,0.6468530920165075,3510723179.2239065,0.9942726152575311,0.0681045584266796,accepted_saved_frame
JSCC,440_SinglePhoton,8550,29388.21875,31.06254005432129,27.239429984372798,-53.46039145130208,4.5,2411.2861328125,6688.5458984375,6228.0783538772685,946.098388671875,0.6485919892527364,3510732999.080514,0.9942753963410891,0.06783697904402587,accepted_saved_frame
JSCC,440_SinglePhoton,8600,29523.04296875,31.191810607910156,27.239429984372798,-53.46039145130208,4.5,2418.138916015625,6696.7255859375,6242.053722989937,946.4998168945312,0.6503394851494956,3510742310.94073,0.9942780335548873,0.0675722452038135,accepted_saved_frame
JSCC,440_SinglePhoton,8650,29657.333984375,31.320575714111328,27.239429984372798,-53.46039145130208,4.5,2427.362548828125,6704.822265625,6252.524926940315,946.8961791992188,0.6520949182048901,3510751132.343349,0.9942805318660911,0.06731031938859783,accepted_saved_frame
JSCC,440_SinglePhoton,8700,29791.103515625,31.448862075805664,27.239429984372798,-53.46039145130208,4.5,2437.47607421875,6712.83544921875,6268.531299140093,947.2871704101562,0.6538586461274432,3510759462.167795,0.9942828909573421,0.06705116438720411,accepted_saved_frame
JSCC,440_SinglePhoton,8750,29924.3671875,31.57667350769043,27.239429984372798,-53.46039145130208,4.5,2445.84521484375,6720.771484375,6284.554733095691,947.6732177734375,0.6556301354352811,3510767315.6480603,0.9942851151430621,0.06679474259589888,accepted_saved_frame
JSCC,440_SinglePhoton,8800,30057.11328125,31.70400047302246,27.239429984372798,-53.46039145130208,4.5,2453.681884765625,6729.18896484375,6302.7225084746815,948.0542602539062,0.6574093823048479,3510774702.262042,0.9942872071074884,0.06654102013942811,accepted_saved_frame
JSCC,440_SinglePhoton,8850,30189.291015625,31.830795288085938,27.239429984372798,-53.46039145130208,4.5,2457.695068359375,6758.2255859375,6325.061009452489,948.4302978515625,0.6591962124918319,3510781632.8892555,0.9942891699318107,0.06628996045872165,accepted_saved_frame
JSCC,440_SinglePhoton,8900,30320.96484375,31.95712661743164,27.239429984372798,-53.46039145130208,4.5,2462.159912109375,6773.7724609375,6341.270812762646,948.8013305664062,0.6609906452561025,3510788120.415169,0.9942910072653249,0.06604153034348076,accepted_saved_frame
JSCC,440_SinglePhoton,8950,30452.115234375,32.08296585083008,27.239429984372798,-53.46039145130208,4.5,2472.683837890625,6783.1123046875,6358.103000120083,949.167724609375,0.6627922514353266,3510794173.7703147,0.994292721637249,0.06579569322240665,accepted_saved_frame
JSCC,440_SinglePhoton,9000,30582.732421875,32.20830535888672,27.239429984372798,-53.46039145130208,4.5,2480.185791015625,6792.3603515625,6377.381501084633,949.5293579101562,0.6646010702902067,3510799789.8660755,0.9942943121728551,0.06555241950702008,accepted_saved_frame
JSCC,440_SinglePhoton,9050,30712.822265625,32.333160400390625,27.239429984372798,-53.46039145130208,4.5,2485.854248046875,6801.54833984375,6397.6615461542415,949.8861694335938,0.6664169708348714,3510804995.4217477,0.9942957864393204,0.06531167540730506,accepted_saved_frame
JSCC,440_SinglePhoton,9100,30842.38671875,32.457523345947266,27.239429984372798,-53.46039145130208,4.5,2491.7490234375,6808.4169921875,6408.344420720608,950.2384643554688,0.6682398223564744,3510809782.8957324,0.9942971423007873,0.0650734287345206,accepted_saved_frame
JSCC,440_SinglePhoton,9150,30971.427734375,32.581398010253906,27.239429984372798,-53.46039145130208,4.5,2496.902587890625,6814.40771484375,6422.4488065731,950.5862426757812,0.6700693220704097,3510814171.704082,0.9942983852560796,0.06483764706272281,accepted_saved_frame
JSCC,440_SinglePhoton,9200,31099.93359375,32.704776763916016,27.239429984372798,-53.46039145130208,4.5,2502.8837890625,6820.2998046875,6435.582763180672,950.929443359375,0.6719055318770929,3510818164.8611617,0.9942995161588964,0.0646043009455049,accepted_saved_frame
JSCC,440_SinglePhoton,9250,31227.900390625,32.8276481628418,27.239429984372798,-53.46039145130208,4.5,2508.0908203125,6826.1376953125,6448.241104663699,951.2682495117188,0.673748277173405,3510821770.6918116,0.9943005373669176,0.06437335780910147,accepted_saved_frame
JSCC,440_SinglePhoton,9300,31355.345703125,32.950042724609375,27.239429984372798,-53.46039145130208,4.5,2512.262939453125,6831.89794921875,6464.579648733556,951.6025390625,0.6755975990337024,3510825002.7503395,0.9943014527188611,0.06414478991518374,accepted_saved_frame
JSCC,440_SinglePhoton,9350,31482.3203125,33.07200241088867,27.239429984372798,-53.46039145130208,4.5,2514.491455078125,6837.58984375,6480.932703033633,951.9326782226562,0.6774530638833864,3510827866.514413,0.9943022637660582,0.06391856665798666,accepted_saved_frame
JSCC,440_SinglePhoton,9400,31608.740234375,33.19344711303711,27.239429984372798,-53.46039145130208,4.5,2517.160888671875,6841.75341796875,6489.7531786442305,952.2584228515625,0.6793147996622442,3510830362.3224626,0.9943029706043562,0.0636946598952798,accepted_saved_frame
JSCC,440_SinglePhoton,9450,31734.662109375,33.314430236816406,27.239429984372798,-53.46039145130208,4.5,2524.90869140625,6835.44677734375,6512.7301995895805,952.5800170898438,0.6811825229730806,3510832504.2497125,0.9943035772200021,0.06347304117007757,accepted_saved_frame
JSCC,440_SinglePhoton,9500,31860.048828125,33.43491744995117,27.239429984372798,-53.46039145130208,4.5,2529.656494140625,6830.61279296875,6528.910524134335,952.8975219726562,0.6830561443551493,3510834294.1028824,0.9943040841246771,0.06325368255573854,accepted_saved_frame
JSCC,440_SinglePhoton,9550,31984.91796875,33.554927825927734,27.239429984372798,-53.46039145130208,4.5,2536.46142578125,6839.96484375,6545.278931111703,953.2107543945312,0.6849357495691506,3510835743.6718316,0.9943044946573897,0.06303655851980047,accepted_saved_frame
JSCC,440_SinglePhoton,9600,32109.2421875,33.67443084716797,27.239429984372798,-53.46039145130208,4.5,2544.6875,6849.76806640625,6550.702577863571,953.5199584960938,0.6868210541085338,3510836864.9245086,0.994304812207585,0.06282163919333174,accepted_saved_frame
JSCC,440_SinglePhoton,9650,32233.07421875,33.793479919433594,27.239429984372798,-53.46039145130208,4.5,2548.76416015625,6859.5263671875,6555.047123320229,953.8252563476562,0.6887119241863352,3510837647.6620035,0.9943050338868279,0.06260889762519004,accepted_saved_frame
JSCC,440_SinglePhoton,9700,32356.42578125,33.91209030151367,27.239429984372798,-53.46039145130208,4.5,2555.367431640625,6869.24267578125,6559.363533544968,954.1265258789062,0.690608466040007,3510838117.171357,0.994305166856666,0.06239830768971871,accepted_saved_frame
JSCC,440_SinglePhoton,9750,32479.244140625,34.03020477294922,27.239429984372798,-53.46039145130208,4.5,2562.51318359375,6878.90673828125,6563.646324373443,954.4240112304688,0.6925102653702693,3510838269.8972,0.9943052101101827,0.06218984727351517,accepted_saved_frame
JSCC,440_SinglePhoton,9800,32601.505859375,34.147804260253906,27.239429984372798,-53.46039145130208,4.5,2567.96044921875,6895.234375,6559.512007118181,954.7174682617188,0.6944174535233173,3510838101.3563824,0.9943051623777038,0.061983488139412395,accepted_saved_frame
JSCC,440_SinglePhoton,9850,32723.28125,34.26495361328125,27.239429984372798,-53.46039145130208,4.5,2572.440673828125,6898.09716796875,6566.11733520588,955.0072631835938,0.6963297826481119,3510837643.5987806,0.9943050327360817,0.061779207475260105,accepted_saved_frame
JSCC,440_SinglePhoton,9900,32844.51953125,34.38160705566406,27.239429984372798,-53.46039145130208,4.5,2579.194580078125,6908.521484375,6572.6934506856105,955.2932739257812,0.6982472953913437,3510836885.2257032,0.9943048179570905,0.061576980254196396,accepted_saved_frame
JSCC,440_SinglePhoton,9950,32965.328125,34.49787521362305,27.239429984372798,-53.46039145130208,4.5,2582.875244140625,6915.857421875,6587.548783127663,955.5755615234375,0.7001698374121351,3510835828.8470025,0.9943045187798669,0.06137678114490458,accepted_saved_frame
JSCC,440_SinglePhoton,10000,33085.5703125,34.613616943359375,27.239429984372798,-53.46039145130208,4.5,2590.62548828125,6920.01318359375,6611.534217435264,955.8541870117188,0.7020972541802849,3510834488.5931907,0.9943041392063162,0.06117858681304551,accepted_saved_frame
JSCC,440_ComptonOnly,0,1.0,1,,,,1.0,1.0,1.0,1.0,0,14135997.191569462,0.004003458597963837,0.5,known_uniform_initialization
JSCC,440_ComptonOnly,50,1703.6209716796875,2.369292974472046,35.26711513754837,-48.54101966249685,-1.5,1297.8048095703125,1593.529052734375,1584.6461695682192,719.0419311523438,0.41580653000738577,3545285935.809633,1.0040611404777384,0.27040439176960795,accepted_saved_frame
JSCC,440_ComptonOnly,100,2984.593017578125,3.5890519618988037,-243.77364139491195,33.021383391143274,-58.5,1506.0379638671875,2026.227294921875,2021.9839470468999,831.5825805664062,0.42077975733539996,3540041815.308547,1.0025759520595239,0.19633934165886274,accepted_saved_frame
JSCC,440_ComptonOnly,150,5042.08544921875,5.673900604248047,-243.77364139491195,33.021383391143274,-58.5,1617.425537109375,2381.770751953125,2365.632724072972,888.6453857421875,0.4322638806678716,3535793476.301096,1.0013727791177107,0.1588808666393422,accepted_saved_frame
JSCC,440_ComptonOnly,200,6567.69091796875,7.120217800140381,-243.77364139491195,33.021383391143274,-58.5,1708.2706298828125,2671.03125,2664.7305151926416,922.4002685546875,0.4464382582328951,3533171570.6063933,1.0006302286803939,0.13724757875279514,accepted_saved_frame
JSCC,440_ComptonOnly,250,7676.18115234375,8.127559661865234,-243.77364139491195,33.021383391143274,-58.5,1783.0382080078125,2937.785888671875,2925.330448499101,944.4632568359375,0.45997233697680107,3531534347.434875,1.0001665503778325,0.1236258088625753,accepted_saved_frame
JSCC,440_ComptonOnly,300,8452.9365234375,8.804807662963867,-243.77364139491195,33.021383391143274,-58.5,1847.267333984375,3163.83154296875,3150.871062499497,960.0364990234375,0.4718417700844758,3530490477.7088637,0.9998709158235015,0.11444186211551183,accepted_saved_frame
JSCC,440_ComptonOnly,350,8991.119140625,9.252950668334961,-243.77364139491195,33.021383391143274,-58.5,1906.4193115234375,3364.924560546875,3337.751169268345,971.7029418945312,0.48195222212332733,3529811244.049547,0.9996785499227047,0.10787202954351294,accepted_saved_frame
JSCC,440_ComptonOnly,400,9380.5693359375,9.563920974731445,-243.77364139491195,33.021383391143274,-58.5,1950.7943115234375,3571.823974609375,3532.5639687412354,980.8287963867188,0.49051798645405303,3529357898.3510046,0.9995501577965543,0.10292452964501901,accepted_saved_frame
JSCC,440_ComptonOnly,450,9686.943359375,9.802800178527832,-243.77364139491195,33.021383391143274,-58.5,1999.8270263671875,3762.492431640625,3718.6353272424876,988.1812744140625,0.4978363362103948,3529045494.9835234,0.9994616819762336,0.09903930037601145,accepted_saved_frame
JSCC,440_ComptonOnly,500,9945.927734375,10.003711700439453,-243.77364139491195,33.021383391143274,-58.5,2045.7032470703125,3938.52197265625,3884.880917513061,994.2237548828125,0.504207285711988,3528822574.1470995,0.999398548521469,0.09588943112099617,accepted_saved_frame
JSCC,440_ComptonOnly,550,10172.1435546875,10.179655075073242,-243.77364139491195,33.021383391143274,-58.5,2076.434326171875,4114.03515625,4025.013507922748,999.2621459960938,0.5099003714349535,3528658392.2184753,0.9993520505245557,0.09327424395891334,accepted_saved_frame
JSCC,440_ComptonOnly,600,10370.3486328125,10.334033966064453,-243.77364139491195,33.021383391143274,-58.5,2107.20166015625,4247.64306640625,4188.8928648378,1003.5140991210938,0.5151425578145646,3528534486.959629,0.999316959291363,0.09106231856099055,accepted_saved_frame
JSCC,440_ComptonOnly,650,10542.4013671875,10.467636108398438,-243.77364139491195,33.021383391143274,-58.5,2138.3564453125,4369.82275390625,4278.536409774399,1007.1425170898438,0.5201173284832098,3528439383.0461974,0.9992900248929779,0.08916223516606601,accepted_saved_frame
JSCC,440_ComptonOnly,700,10690.0732421875,10.581375122070312,-243.77364139491195,33.021383391143274,-58.5,2166.549560546875,4466.3984375,4406.285604806136,1010.2725830078125,0.5249692701427825,3528365524.6715913,0.999269107447902,0.08750751590876754,accepted_saved_frame
JSCC,440_ComptonOnly,750,10815.6845703125,10.676872253417969,-243.77364139491195,33.021383391143274,-58.5,2192.182373046875,4624.1865234375,4534.7308215450485,1013.001220703125,0.5298100646068099,3528307697.619524,0.9992527302368954,0.08604841973119334,accepted_saved_frame
JSCC,440_ComptonOnly,800,11503.4130859375,11.328900337219238,110.91177421627194,-134.06930424298739,-58.5,2218.01123046875,4750.35546875,4662.9209323250425,1015.4042358398438,0.5347244650474806,3528262134.7381296,0.9992398263641233,0.08474705490432524,accepted_saved_frame
JSCC,440_ComptonOnly,850,12254.0341796875,12.042790412902832,110.91177421627194,-134.06930424298739,-58.5,2236.259033203125,4880.85791015625,4782.931867431299,1017.5411376953125,0.5397756780266845,3528226036.418051,0.9992296029516585,0.08357420582901383,accepted_saved_frame
JSCC,440_ComptonOnly,900,12946.1953125,12.69908332824707,110.91177421627194,-134.06930424298739,-58.5,2264.292724609375,5005.07177734375,4929.193218952004,1019.4590454101562,0.5450096830971686,3528197276.437614,0.9992214578318345,0.08250713085145774,accepted_saved_frame
JSCC,440_ComptonOnly,950,13584.669921875,13.302719116210938,110.91177421627194,-134.06930424298739,-58.5,2284.06787109375,5117.07470703125,5004.925645957513,1021.1950073242188,0.550458874613082,3528174244.837658,0.9992149350477947,0.08152798307930846,accepted_saved_frame
JSCC,440_ComptonOnly,1000,14173.7890625,13.85811710357666,110.91177421627194,-134.06930424298739,-58.5,2315.967529296875,5248.57080078125,5088.362063529093,1022.7788696289062,0.5561450597172835,3528155677.9646597,0.9992096767199714,0.0806226497618842,accepted_saved_frame
JSCC,440_ComptonOnly,1050,14717.4970703125,14.369266510009766,110.91177421627194,-134.06930424298739,-58.5,2342.01708984375,5306.373046875,5174.996713592156,1024.234375,0.562081432777532,3528140607.8886523,0.9992054087207247,0.07977988252601803,accepted_saved_frame
JSCC,440_ComptonOnly,1100,15219.361328125,14.839750289916992,110.91177421627194,-134.06930424298739,-58.5,2363.685302734375,5376.044921875,5263.169198972909,1025.5806884765625,0.5682749637954012,3528128268.721193,0.9992019141426354,0.07899065725855653,accepted_saved_frame
JSCC,440_ComptonOnly,1150,15682.646484375,15.272819519042969,110.91177421627194,-134.06930424298739,-58.5,2382.5732421875,5448.134765625,5340.029137196946,1026.833740234375,0.5747272112985747,3528118058.005288,0.9991990223637374,0.0782476714921989,accepted_saved_frame
JSCC,440_ComptonOnly,1200,16110.3232421875,15.671431541442871,110.91177421627194,-134.06930424298739,-58.5,2399.4267578125,5514.98974609375,5449.31345768281,1028.005859375,0.5814363461571345,3528109499.3006287,0.9991965984512754,0.0775449799170177,accepted_saved_frame
JSCC,440_ComptonOnly,1250,16505.123046875,16.038284301757812,110.91177421627194,-134.06930424298739,-58.5,2423.46240234375,5610.67529296875,5530.695693298725,1029.1077880859375,0.5883971687872926,3528102227.003942,0.9991945388626731,0.07687770646691901,accepted_saved_frame
JSCC,440_ComptonOnly,1300,16869.578125,16.375877380371094,110.91177421627194,-134.06930424298739,-58.5,2449.858154296875,5739.07373046875,5616.800037653653,1030.1480712890625,0.5956026284240985,3528095926.6581755,0.9991927545404857,0.07624182389377517,accepted_saved_frame
JSCC,440_ComptonOnly,1350,17206.01171875,16.68649673461914,110.91177421627194,-134.06930424298739,-58.5,2475.857666015625,5835.95263671875,5713.347479995536,1031.1339111328125,0.6030440334843565,3528090368.668469,0.999191180461107,0.07563398606004602,accepted_saved_frame
JSCC,440_ComptonOnly,1400,17516.56640625,16.97224235534668,110.91177421627194,-134.06930424298739,-58.5,2503.6884765625,5914.4853515625,5800.908597764669,1032.0714111328125,0.6107115911107264,3528085358.1751423,0.9991897614382876,0.07505139442925146,accepted_saved_frame
JSCC,440_ComptonOnly,1450,17803.23046875,17.235071182250977,110.91177421627194,-134.06930424298739,-58.5,2538.472412109375,5990.826171875,5895.582816244526,1032.96533203125,0.6185951705331048,3528080741.5048733,0.9991884539501754,0.07449169544718257,accepted_saved_frame
JSCC,440_ComptonOnly,1500,18067.87109375,17.476802825927734,110.91177421627194,-134.06930424298739,-58.5,2561.266357421875,6088.97216796875,5971.324818071648,1033.8201904296875,0.6266837327187036,3528076413.7701044,0.999187228291544,0.07395289179503632,accepted_saved_frame
JSCC,440_ComptonOnly,1550,18312.205078125,17.699119567871094,110.91177421627194,-134.06930424298739,-58.5,2583.880615234375,6202.77490234375,6044.600148244555,1034.6392822265625,0.6349667552132462,3528072256.9058566,0.9991860510251873,0.07343328744147687,accepted_saved_frame
JSCC,440_ComptonOnly,1600,18537.810546875,17.903560638427734,110.91177421627194,-134.06930424298739,-58.5,2615.911865234375,6290.8974609375,6140.6012823601495,1035.4259033203125,0.6434332141544732,3528068209.7068577,0.9991849048171476,0.07293142508545922,accepted_saved_frame
JSCC,440_ComptonOnly,1650,18746.197265625,18.091596603393555,110.91177421627194,-134.06930424298739,-58.5,2640.868896484375,6414.927734375,6211.169035514895,1036.1826171875,0.6520726265749714,3528064206.6718106,0.9991837711167896,0.07244605150541811,accepted_saved_frame
JSCC,440_ComptonOnly,1700,18938.740234375,18.26456642150879,110.91177421627194,-134.06930424298739,-58.5,2666.0390625,6501.7392578125,6290.583804100451,1036.91162109375,0.660874660657988,3528060212.5588393,0.9991826399432544,0.07197608058611238,accepted_saved_frame
JSCC,440_ComptonOnly,1750,19116.732421875,18.42373275756836,110.91177421627194,-134.06930424298739,-58.5,2693.22900390625,6555.7421875,6403.703128591863,1037.614501953125,0.6698297133528891,3528056179.7906237,0.9991814978221598,0.0715205603165768,accepted_saved_frame
JSCC,440_ComptonOnly,1800,19281.380859375,18.57025718688965,110.91177421627194,-134.06930424298739,-58.5,2723.310546875,6629.375,6483.0307121103615,1038.293701171875,0.678927735770663,3528052088.261683,0.9991803390594284,0.071078659116149,accepted_saved_frame
JSCC,440_ComptonOnly,1850,19433.814453125,18.705244064331055,110.91177421627194,-134.06930424298739,-58.5,2749.333984375,6701.3896484375,6550.67827311427,1038.9500732421875,0.6881603378373059,3528047919.1867065,0.9991791583348687,0.07064964303148034,accepted_saved_frame
JSCC,440_ComptonOnly,1900,19575.07421875,18.829696655273438,110.91177421627194,-134.06930424298739,-58.5,2776.347412109375,6773.20849609375,6615.313980591262,1039.585205078125,0.6975185297997413,3528043669.680004,0.9991779548312237,0.07023285950195829,accepted_saved_frame
JSCC,440_ComptonOnly,1950,19706.138671875,18.944564819335938,110.91177421627194,-134.06930424298739,-58.5,2810.01513671875,6868.294921875,6679.279706059903,1040.2000732421875,0.7069945392256762,3528039323.5797977,0.9991767239713132,0.06982772482890937,accepted_saved_frame
JSCC,440_ComptonOnly,2000,19827.904296875,19.050718307495117,110.91177421627194,-134.06930424298739,-58.5,2841.4443359375,6907.8544921875,6753.041204760751,1040.795654296875,0.7165807080717572,3528034877.309756,0.9991754647422835,0.06943370889504544,accepted_saved_frame
JSCC,440_ComptonOnly,2050,19941.216796875,19.14896583557129,110.91177421627194,-134.06930424298739,-58.5,2862.740966796875,6973.30224609375,6824.959366720699,1041.373046875,0.7262698735706127,3528030338.6873555,0.9991741793581238,0.06905034158150357,accepted_saved_frame
JSCC,440_ComptonOnly,2100,20046.86328125,19.240068435668945,110.91177421627194,-134.06930424298739,-58.5,2892.87548828125,7046.63525390625,6874.694529654803,1041.93310546875,0.7360553831777715,3528025707.7582636,0.9991728678317674,0.06867718650650974,accepted_saved_frame
JSCC,440_ComptonOnly,2150,20145.5625,19.32472038269043,110.91177421627194,-134.06930424298739,-58.5,2930.22021484375,7123.31005859375,6933.3845165520415,1042.476318359375,0.7459311313417407,3528020981.6151233,0.9991715293398213,0.06831384838981208,accepted_saved_frame
JSCC,440_ComptonOnly,2200,20237.9921875,19.403568267822266,110.91177421627194,-134.06930424298739,-58.5,2959.0869140625,7222.47802734375,6996.284391025494,1043.003662109375,0.7558911885674239,3528016188.329324,0.9991701718323893,0.06795996350440836,accepted_saved_frame
JSCC,440_ComptonOnly,2250,20324.775390625,19.477216720581055,110.91177421627194,-134.06930424298739,-58.5,2988.06298828125,7263.32958984375,7079.459490151823,1043.515380859375,0.7659303796535477,3528011318.1082306,0.9991687925360974,0.06761519287099063,accepted_saved_frame
JSCC,440_ComptonOnly,2300,20406.455078125,19.54618263244629,110.91177421627194,-134.06930424298739,-58.5,3022.875,7372.80908203125,7153.226093916358,1044.0123291015625,0.7760433760741973,3528006381.185211,0.9991673943491396,0.06727922142606688,accepted_saved_frame
JSCC,440_ComptonOnly,2350,20483.572265625,19.610980987548828,110.91177421627194,-134.06930424298739,-58.5,3045.7109375,7467.40771484375,7253.995407957787,1044.4949951171875,0.7862256929028132,3528001389.8632812,0.9991659807558554,0.06695175770375546,accepted_saved_frame
JSCC,440_ComptonOnly,2400,20556.615234375,19.67207908630371,110.91177421627194,-134.06930424298739,-58.5,3074.406005859375,7535.48681640625,7316.089370105305,1044.9639892578125,0.7964729225282392,3527996351.441152,0.9991645538233143,0.06663252294135903,accepted_saved_frame
JSCC,440_ComptonOnly,2450,20625.982421875,19.7298641204834,110.91177421627194,-134.06930424298739,-58.5,3104.899169921875,7624.509765625,7371.474219597511,1045.41943359375,0.8067811985788076,3527991278.984144,0.9991631172517483,0.06632125861641379,accepted_saved_frame
JSCC,440_ComptonOnly,2500,20692.10546875,19.784738540649414,110.91177421627194,-134.06930424298739,-58.5,3135.54833984375,7752.62353515625,7464.471555236571,1045.8619384765625,0.8171466884757066,3527986177.0503583,0.9991616723320582,0.06601772054362083,accepted_saved_frame
JSCC,440_ComptonOnly,2550,20755.322265625,19.837026596069336,110.91177421627194,-134.06930424298739,-58.5,3161.232177734375,7776.12109375,7520.5989478654,1046.2919921875,0.8275658762389129,3527981058.8959017,0.9991602228185087,0.06572167223406718,accepted_saved_frame
JSCC,440_ComptonOnly,2600,20815.970703125,19.887046813964844,110.91177421627194,-134.06930424298739,-58.5,3193.7578125,7956.99267578125,7581.794849651648,1046.7099609375,0.8380355671743027,3527975924.3944755,0.9991587686753307,0.0654328920716515,accepted_saved_frame
JSCC,440_ComptonOnly,2650,20874.337890625,19.93507194519043,110.91177421627194,-134.06930424298739,-58.5,3218.463134765625,8008.25146484375,7629.27706358185,1047.1162109375,0.8485527355170963,3527970791.4572144,0.9991573149751402,0.06515117198862808,accepted_saved_frame
JSCC,440_ComptonOnly,2700,20930.67578125,19.98134422302246,110.91177421627194,-134.06930424298739,-58.5,3247.607666015625,8084.94091796875,7688.162864226202,1047.5108642578125,0.859114898611606,3527965658.4094424,0.9991558612436519,0.0648763065580718,accepted_saved_frame
JSCC,440_ComptonOnly,2750,20985.259765625,20.026113510131836,110.91177421627194,-134.06930424298739,-58.5,3274.7724609375,8180.47119140625,7828.081738167271,1047.894775390625,0.8697190260327102,3527960542.3894076,0.9991544123345923,0.06460810036740189,accepted_saved_frame
JSCC,440_ComptonOnly,2800,21038.25390625,20.069543838500977,110.91177421627194,-134.06930424298739,-58.5,3302.34716796875,8291.708984375,7931.723386391089,1048.2677001953125,0.8803631572689736,3527955441.0248804,0.9991529675761222,0.06434636985963943,accepted_saved_frame
JSCC,440_ComptonOnly,2850,21089.857421875,20.111814498901367,110.91177421627194,-134.06930424298739,-58.5,3332.146240234375,8382.59375,8019.055898728886,1048.6302490234375,0.8910449701928169,3527950366.1298985,0.9991515303140971,0.06409093562297669,accepted_saved_frame
JSCC,440_ComptonOnly,2900,21140.259765625,20.153104782104492,110.91177421627194,-134.06930424298739,-58.5,3364.32666015625,8406.69921875,8163.658496028583,1048.9827880859375,0.9017623914164427,3527945317.6836386,0.99915010054262,0.06384162730988617,accepted_saved_frame
JSCC,440_ComptonOnly,2950,21189.580078125,20.193525314331055,110.91177421627194,-134.06930424298739,-58.5,3386.2099609375,8528.4716796875,8294.447227552528,1049.325439453125,0.9125134916241996,3527940310.3030496,0.9991486824013597,0.06359827856648688,accepted_saved_frame
JSCC,440_ComptonOnly,3000,21237.96484375,20.233211517333984,110.91177421627194,-134.06930424298739,-58.5,3413.151611328125,8647.7880859375,8397.316476523576,1049.6585693359375,0.9232965332500349,3527935332.4139524,0.9991472726123907,0.06336072900766992,accepted_saved_frame
JSCC,440_ComptonOnly,3050,21285.51171875,20.272254943847656,110.91177421627194,-134.06930424298739,-58.5,3449.583984375,8809.34765625,8466.769418349639,1049.982421875,0.9341100506704911,3527930403.242956,0.9991458766208849,0.06312882294019538,accepted_saved_frame
JSCC,440_ComptonOnly,3100,21332.330078125,20.310754776000977,110.91177421627194,-134.06930424298739,-58.5,3472.648681640625,8894.9345703125,8602.718891018541,1050.2972412109375,0.944952339222237,3527925511.456458,0.9991444912170503,0.06290241359069776,accepted_saved_frame
JSCC,440_ComptonOnly,3150,21378.490234375,20.348773956298828,110.91177421627194,-134.06930424298739,-58.5,3500.103759765625,8986.9208984375,8732.27787551503,1050.6033935546875,0.9558219833445322,3527920677.113912,0.9991431220819289,0.06268135718464267,accepted_saved_frame
JSCC,440_ComptonOnly,3200,21424.087890625,20.38640022277832,110.91177421627194,-134.06930424298739,-58.5,3518.377685546875,9100.634765625,8875.578023955415,1050.9010009765625,0.9667179541922557,3527915890.880846,0.9991417665719029,0.06246551232821012,accepted_saved_frame
JSCC,440_ComptonOnly,3250,21469.15625,20.42365837097168,110.91177421627194,-134.06930424298739,-58.5,3546.604248046875,9175.94921875,8977.259358956077,1051.1905517578125,0.9776385894295588,3527911157.0538096,0.9991404259037991,0.06225474496641394,accepted_saved_frame
JSCC,440_ComptonOnly,3300,21513.78125,20.46063232421875,110.91177421627194,-134.06930424298739,-58.5,3581.1455078125,9250.736328125,9093.384137916162,1051.471923828125,0.9885832476747974,3527906473.650904,0.9991390995163235,0.0620489263517606,accepted_saved_frame
JSCC,440_ComptonOnly,3350,21557.982421875,20.497337341308594,110.91177421627194,-134.06930424298739,-58.5,3604.623291015625,9390.92578125,9161.772097488052,1051.7454833984375,0.9995505982602628,3527901852.960704,0.9991377908897258,0.06184792767105156,accepted_saved_frame
JSCC,440_ComptonOnly,3400,21601.81640625,20.5338191986084,110.91177421627194,-134.06930424298739,-58.5,3637.534423828125,9462.6318359375,9236.75740805943,1052.0115966796875,1.01053981983688,3527897286.5078855,0.9991364976237078,0.061651628062724076,accepted_saved_frame
JSCC,440_ComptonOnly,3450,21645.310546875,20.570100784301758,110.91177421627194,-134.06930424298739,-58.5,3668.078369140625,9572.0517578125,9304.467933419026,1052.2705078125,1.021549732024779,3527892774.6815147,0.999135219828457,0.06145990913015907,accepted_saved_frame
JSCC,440_ComptonOnly,3500,21688.474609375,20.606191635131836,110.91177421627194,-134.06930424298739,-58.5,3690.255126953125,9685.2177734375,9437.593957877307,1052.522216796875,1.0325797337172078,3527888326.3176455,0.9991339600064341,0.06127265320650741,accepted_saved_frame
JSCC,440_ComptonOnly,3550,21731.35546875,20.64212989807129,110.91177421627194,-134.06930424298739,-58.5,3722.989013671875,9766.5576171875,9489.46202296328,1052.76708984375,1.043628978134724,3527883943.4546137,0.9991327187349163,0.06108975304115505,accepted_saved_frame
JSCC,440_ComptonOnly,3600,21773.953125,20.67791748046875,110.91177421627194,-134.06930424298739,-58.5,3755.58154296875,9836.568359375,9630.34871245296,1053.005126953125,1.0546968555628897,3527879615.300479,0.9991314929575162,0.060911096836451496,accepted_saved_frame
JSCC,440_ComptonOnly,3650,21816.28515625,20.713558197021484,110.91177421627194,-134.06930424298739,-58.5,3784.3447265625,9907.5927734375,9759.758370308948,1053.2369384765625,1.0657823717504062,3527875341.714218,0.9991302826342948,0.06073658056904957,accepted_saved_frame
JSCC,440_ComptonOnly,3700,21858.380859375,20.749088287353516,110.91177421627194,-134.06930424298739,-58.5,3805.708251953125,9977.681640625,9881.47736224591,1053.4622802734375,1.0768851500290326,3527871130.705817,0.9991290900337615,0.06056610519721369,accepted_saved_frame
JSCC,440_ComptonOnly,3750,21900.22265625,20.784481048583984,110.91177421627194,-134.06930424298739,-58.5,3832.531005859375,10083.701171875,9953.664033540912,1053.6815185546875,1.0880045422954927,3527866986.1224737,0.9991279162454821,0.060399568568215385,accepted_saved_frame
JSCC,440_ComptonOnly,3800,21941.810546875,20.819730758666992,110.91177421627194,-134.06930424298739,-58.5,3860.64697265625,10208.9677734375,10024.10016200661,1053.89501953125,1.099139770299628,3527862905.282267,0.9991267605099092,0.06023687116135815,accepted_saved_frame
JSCC,440_ComptonOnly,3850,21983.16796875,20.8548641204834,110.91177421627194,-134.06930424298739,-58.5,3892.87353515625,10298.5087890625,10106.237196565822,1054.1026611328125,1.1102905557931486,3527858880.986572,0.9991256207883188,0.060077923862831055,accepted_saved_frame
JSCC,440_ComptonOnly,3900,22024.28515625,20.88986587524414,110.91177421627194,-134.06930424298739,-58.5,3923.943359375,10368.2373046875,10213.986407572158,1054.3048095703125,1.1214563386136058,3527854921.896231,0.9991244995335499,0.05992263489860258,accepted_saved_frame
JSCC,440_ComptonOnly,3950,22065.154296875,20.924726486206055,110.91177421627194,-134.06930424298739,-58.5,3948.50634765625,10515.86328125,10313.007232555814,1054.50146484375,1.132636590065192,3527851019.9577823,0.9991233944647797,0.05977091385586029,accepted_saved_frame
JSCC,440_ComptonOnly,4000,22380.005859375,21.219449996948242,-59.261300435708264,-9.386067902413844,-10.5,3988.16357421875,10642.1015625,10414.15126009434,1054.6929931640625,1.1438308481032218,3527847189.3279095,0.9991223095913256,0.05962267893267881,accepted_saved_frame
JSCC,440_ComptonOnly,4050,22889.025390625,21.6982364654541,-59.261300435708264,-9.386067902413844,-10.5,4003.614990234375,10696.8681640625,10483.210259310343,1054.8795166015625,1.1550386717788532,3527843411.142916,0.9991212395707963,0.059477841458535866,accepted_saved_frame
JSCC,440_ComptonOnly,4100,23403.466796875,22.18209457397461,-59.261300435708264,-9.386067902413844,-10.5,4024.7392578125,10793.103515625,10585.170891770495,1055.0611572265625,1.1662596156616274,3527839704.027676,0.9991201896779462,0.0593363218798643,accepted_saved_frame
JSCC,440_ComptonOnly,4150,23923.306640625,22.671001434326172,-59.261300435708264,-9.386067902413844,-10.5,4044.390869140625,10876.0390625,10673.99412954802,1055.2381591796875,1.1774932092746484,3527836051.978339,0.9991191553803215,0.05919804446169596,accepted_saved_frame
JSCC,440_ComptonOnly,4200,24448.458984375,23.16488265991211,-59.261300435708264,-9.386067902413844,-10.5,4080.52978515625,10985.6572265625,10743.067151975489,1055.410400390625,1.1887395005414114,3527832464.7858534,0.9991181394508186,0.059062925844013583,accepted_saved_frame
JSCC,440_ComptonOnly,4250,24978.923828125,23.663732528686523,-59.261300435708264,-9.386067902413844,-10.5,4111.24169921875,11088.1748046875,10831.073717419069,1055.578369140625,1.1999977333960272,3527828941.4180255,0.9991171415971098,0.058930896484542014,accepted_saved_frame
JSCC,440_ComptonOnly,4300,25514.609375,24.167470932006836,-59.261300435708264,-9.386067902413844,-10.5,4139.4189453125,11198.142578125,10927.659167734551,1055.7418212890625,1.2112677408012384,3527825473.909312,0.999116159563272,0.05880188187145526,accepted_saved_frame
JSCC,440_ComptonOnly,4350,26055.45703125,24.676036834716797,-59.261300435708264,-9.386067902413844,-10.5,4157.5986328125,11309.6376953125,10983.971354909829,1055.9012451171875,1.2225489809586028,3527822066.433677,0.9991151945314146,0.05867581033473848,accepted_saved_frame
JSCC,440_ComptonOnly,4400,26601.4453125,25.18940544128418,-59.261300435708264,-9.386067902413844,-10.5,4185.97509765625,11413.724609375,11050.18402520912,1056.056884765625,1.2338411770458217,3527818724.230014,0.9991142479852452,0.05855260929729188,accepted_saved_frame
JSCC,440_ComptonOnly,4450,27152.517578125,25.707538604736328,-59.261300435708264,-9.386067902413844,-10.5,4209.958984375,11514.6279296875,11125.115642839532,1056.2083740234375,1.2451442994413495,3527815440.679439,0.9991133180502287,0.05843221482803383,accepted_saved_frame
JSCC,440_ComptonOnly,4500,27708.607421875,26.23036003112793,-59.261300435708264,-9.386067902413844,-10.5,4232.1220703125,11622.55859375,11242.774794772175,1056.3563232421875,1.2564575195890855,3527812219.137094,0.9991124056765756,0.058314560812604,accepted_saved_frame
JSCC,440_ComptonOnly,4550,28269.615234375,26.757787704467773,-59.261300435708264,-9.386067902413844,-10.5,4258.29541015625,11731.4150390625,11372.74656779584,1056.50048828125,1.2677811243912662,3527809055.9266067,0.9991115098230994,0.058199581576037815,accepted_saved_frame
JSCC,440_ComptonOnly,4600,28835.583984375,27.28985595703125,-59.261300435708264,-9.386067902413844,-10.5,4284.23095703125,11832.853515625,11498.199552521934,1056.64111328125,1.2791145891337388,3527805954.02413,0.9991106313326772,0.05808721396505026,accepted_saved_frame
JSCC,440_ComptonOnly,4650,29406.416015625,27.82647132873535,-59.261300435708264,-9.386067902413844,-10.5,4312.42138671875,11941.2646484375,11618.968618803463,1056.7784423828125,1.290457494626683,3527802917.45221,0.9991097713445352,0.0579773980982756,accepted_saved_frame
JSCC,440_ComptonOnly,4700,29982.017578125,28.36754608154297,-59.261300435708264,-9.386067902413844,-10.5,4337.72412109375,12110.1962890625,11716.891766079752,1056.91259765625,1.3018093309624095,3527799936.1542854,0.9991089270105524,0.05787007187656671,accepted_saved_frame
JSCC,440_ComptonOnly,4750,30562.361328125,28.913061141967773,-59.261300435708264,-9.386067902413844,-10.5,4363.2841796875,12194.6064453125,11826.593473322097,1057.04345703125,1.3131703486425,3527797013.511854,0.9991080992884036,0.05776517759678374,accepted_saved_frame
JSCC,440_ComptonOnly,4800,31147.333984375,29.46289825439453,-59.261300435708264,-9.386067902413844,-10.5,4377.7001953125,12258.986328125,11969.69969447446,1057.17138671875,1.3245398452810442,3527794147.5814695,0.999107287627685,0.05766266049645675,accepted_saved_frame
JSCC,440_ComptonOnly,4850,31736.9375,30.01706886291504,-59.261300435708264,-9.386067902413844,-10.5,4412.69921875,12348.103515625,12081.690871609044,1057.29638671875,1.3359176814019764,3527791339.516306,0.9991064923549872,0.05756246590793598,accepted_saved_frame
JSCC,440_ComptonOnly,4900,32331.1015625,30.57550621032715,-59.261300435708264,-9.386067902413844,-10.5,4444.39208984375,12407.1591796875,12203.893116860905,1057.4183349609375,1.347303873269801,3527788591.145568,0.9991057139883596,0.05746453448466164,accepted_saved_frame
JSCC,440_ComptonOnly,4950,32929.77734375,31.138158798217773,-59.261300435708264,-9.386067902413844,-10.5,4467.2900390625,12554.6689453125,12328.228960167393,1057.5377197265625,1.3586976583766854,3527785910.348659,0.9991049547593297,0.05736881647302862,accepted_saved_frame
JSCC,440_ComptonOnly,5000,33532.90625,31.704975128173828,-59.261300435708264,-9.386067902413844,-10.5,4499.96533203125,12662.7265625,12422.406061240039,1057.6544189453125,1.3700990442972634,3527783277.3967824,0.999104209080501,0.05727525891093698,accepted_saved_frame
JSCC,440_ComptonOnly,5050,34140.41796875,32.275882720947266,-59.261300435708264,-9.386067902413844,-10.5,4529.75634765625,12758.4599609375,12501.160917208701,1057.7686767578125,1.3815075656868632,3527780698.348131,0.9991034786676155,0.05718381226563067,accepted_saved_frame
JSCC,440_ComptonOnly,5100,34752.23046875,32.85081481933594,-59.261300435708264,-9.386067902413844,-10.5,4546.18115234375,12870.0888671875,12603.275929702357,1057.88037109375,1.3929231137773195,3527778182.8598895,0.9991027662556864,0.0570944230925852,accepted_saved_frame
JSCC,440_ComptonOnly,5150,35368.3203125,33.42973709106445,-59.261300435708264,-9.386067902413844,-10.5,4560.513671875,13010.009765625,12700.359261788533,1057.98974609375,1.404345445256357,3527775720.0281124,0.9991020687566052,0.05700704657231373,accepted_saved_frame
JSCC,440_ComptonOnly,5200,35988.57421875,34.01255798339844,-59.261300435708264,-9.386067902413844,-10.5,4574.4462890625,13150.5576171875,12808.688147599347,1058.0966796875,1.4157743349967835,3527773311.459428,0.9991013866253853,0.05692163492828525,accepted_saved_frame
JSCC,440_ComptonOnly,5250,36613.0,34.599266052246094,-59.261300435708264,-9.386067902413844,-10.5,4589.45361328125,13241.8818359375,12936.092946921037,1058.20166015625,1.4272090862067455,3527770960.957056,0.9991007209391374,0.05683813998247184,accepted_saved_frame
JSCC,440_ComptonOnly,5300,37241.4296875,35.18971252441406,-59.261300435708264,-9.386067902413844,-10.5,4613.82373046875,13331.9287109375,13014.109476162264,1058.304443359375,1.4386496309531087,3527768660.350776,0.9991000693839718,0.05675651675756429,accepted_saved_frame
JSCC,440_ComptonOnly,5350,37873.8984375,35.78392791748047,-59.261300435708264,-9.386067902413844,-10.5,4627.39794921875,13449.7041015625,13165.013125704952,1058.4052734375,1.450095934977353,3527766417.2427683,0.9990994341129033,0.05667672125609587,accepted_saved_frame
JSCC,440_ComptonOnly,5400,38510.33984375,36.38185501098633,-59.261300435708264,-9.386067902413844,-10.5,4645.63916015625,13588.7080078125,13315.453599627888,1058.5040283203125,1.46154742128167,3527764228.4854345,0.9990988142345001,0.056598711835038285,accepted_saved_frame
JSCC,440_ComptonOnly,5450,39150.62890625,36.98336410522461,-59.261300435708264,-9.386067902413844,-10.5,4657.34228515625,13714.6171875,13414.558058530243,1058.60107421875,1.4730037615053402,3527762089.7537766,0.9990982085238785,0.05652244279144907,accepted_saved_frame
JSCC,440_ComptonOnly,5500,39794.70703125,37.58841323852539,-59.261300435708264,-9.386067902413844,-10.5,4678.1005859375,13834.4814453125,13508.060082712078,1058.6961669921875,1.4844650062107692,3527760000.3915434,0.9990976167951817,0.05644787566416155,accepted_saved_frame
JSCC,440_ComptonOnly,5550,40442.54296875,38.196956634521484,-59.261300435708264,-9.386067902413844,-10.5,4689.85693359375,13961.1396484375,13664.817295193066,1058.7896728515625,1.495930469510659,3527757972.107242,0.9990970423643782,0.05637496810910708,accepted_saved_frame
JSCC,440_ComptonOnly,5600,41094.09765625,38.8089714050293,-59.261300435708264,-9.386067902413844,-10.5,4718.0,14082.9482421875,13825.620342073693,1058.88134765625,1.5074004341071545,3527755986.6106668,0.9990964800514951,0.05630367864221576,accepted_saved_frame
JSCC,440_ComptonOnly,5650,41749.23828125,39.4243278503418,-59.261300435708264,-9.386067902413844,-10.5,4741.31689453125,14160.103515625,13915.341039555578,1058.971435546875,1.5188741470697609,3527754057.8492537,0.9990959338065888,0.05623397344980545,accepted_saved_frame
JSCC,440_ComptonOnly,5700,42407.9765625,40.043033599853516,-59.261300435708264,-9.386067902413844,-10.5,4764.3876953125,14301.154296875,14002.950944563117,1059.06005859375,1.530351136837786,3527752176.024456,0.9990954008546107,0.05616580706646424,accepted_saved_frame
JSCC,440_ComptonOnly,5750,43070.2578125,40.665035247802734,-59.261300435708264,-9.386067902413844,-10.5,4796.107421875,14438.69140625,14115.09271774998,1059.147216796875,1.541831565461508,3527750333.9950905,0.9990948791731048,0.0560991482171363,accepted_saved_frame
JSCC,440_ComptonOnly,5800,43735.93359375,41.29019546508789,-59.261300435708264,-9.386067902413844,-10.5,4812.78564453125,14515.578125,14196.92850377115,1059.23291015625,1.553314788257459,3527748555.040315,0.9990943753549664,0.05603395841389384,accepted_saved_frame
JSCC,440_ComptonOnly,5850,44405.0234375,41.91852951049805,-59.261300435708264,-9.386067902413844,-10.5,4852.08251953125,14638.1279296875,14281.69637368973,1059.3172607421875,1.5648007871004215,3527746823.8759575,0.9990938850715616,0.055970197714132974,accepted_saved_frame
JSCC,440_ComptonOnly,5900,45077.41015625,42.5499267578125,-59.261300435708264,-9.386067902413844,-10.5,4876.80078125,14764.1083984375,14364.201787824763,1059.400390625,1.5762889624695573,3527745134.2458224,0.9990934065510724,0.055907839695731945,accepted_saved_frame
JSCC,440_ComptonOnly,5950,45752.9765625,43.18428039550781,-59.261300435708264,-9.386067902413844,-10.5,4895.85205078125,14889.0078125,14455.039331461214,1059.482177734375,1.5877794212836598,3527743496.023685,0.9990929425898525,0.05584684491883738,accepted_saved_frame
JSCC,440_ComptonOnly,6000,46431.81640625,43.82167053222656,-59.261300435708264,-9.386067902413844,-10.5,4910.326171875,15011.892578125,14533.776787812141,1059.5628662109375,1.5992713773679745,3527741909.976814,0.9990924934052002,0.05578718137745036,accepted_saved_frame
JSCC,440_ComptonOnly,6050,47113.78515625,44.46196365356445,-59.261300435708264,-9.386067902413844,-10.5,4927.28466796875,15137.0498046875,14697.13760705762,1059.6424560546875,1.6107649813244282,3527740351.514525,0.9990920520327831,0.05572881259536128,accepted_saved_frame
JSCC,440_ComptonOnly,6100,47798.734375,45.10502624511719,-59.261300435708264,-9.386067902413844,-10.5,4939.86181640625,15265.552734375,14891.00638575688,1059.7208251953125,1.6222596490613719,3527738846.142497,0.9990916256960692,0.05567171004261898,accepted_saved_frame
JSCC,440_ComptonOnly,6150,48486.73046875,45.75090789794922,-59.261300435708264,-9.386067902413844,-10.5,4960.7080078125,15389.0166015625,15077.503872598092,1059.7982177734375,1.633755158884604,3527737387.311145,0.9990912125401497,0.055615843811886743,accepted_saved_frame
JSCC,440_ComptonOnly,6200,49177.62109375,46.399471282958984,-59.261300435708264,-9.386067902413844,-10.5,4984.49267578125,15474.1513671875,15245.977173980198,1059.8746337890625,1.645251081688174,3527735969.467051,0.9990908109922396,0.05556118549310685,accepted_saved_frame
JSCC,440_ComptonOnly,6250,49871.53125,47.05082321166992,-59.261300435708264,-9.386067902413844,-10.5,5015.4150390625,15536.4091796875,15389.240900116956,1059.9501953125,1.6567472583562206,3527734587.115982,0.9990904194963163,0.05550769460120371,accepted_saved_frame
JSCC,440_ComptonOnly,6300,50568.1640625,47.7047004699707,-59.261300435708264,-9.386067902413844,-10.5,5019.46826171875,15655.693359375,15522.064375588154,1060.0247802734375,1.6682435632734947,3527733255.215928,0.9990900422886351,0.055455349232742916,accepted_saved_frame
JSCC,440_ComptonOnly,6350,51267.58203125,48.36115646362305,-59.261300435708264,-9.386067902413844,-10.5,5038.16552734375,15775.6708984375,15609.527776215273,1060.098388671875,1.679739567584174,3527731956.21141,0.9990896743973051,0.05540412318528323,accepted_saved_frame
JSCC,440_ComptonOnly,6400,51969.64453125,49.020042419433594,-59.261300435708264,-9.386067902413844,-10.5,5050.7080078125,15880.083984375,15671.973809089319,1060.17138671875,1.6912344886380122,3527730708.1855326,0.9990893209436462,0.05535398256832103,accepted_saved_frame
JSCC,440_ComptonOnly,6450,52674.40234375,49.68142318725586,-59.261300435708264,-9.386067902413844,-10.5,5068.11279296875,16034.4697265625,15737.261857549607,1060.243408203125,1.702728704369137,3527729497.729983,0.9990889781302874,0.055304906633956694,accepted_saved_frame
JSCC,440_ComptonOnly,6500,53381.68359375,50.34512710571289,-59.261300435708264,-9.386067902413844,-10.5,5075.09326171875,16188.93359375,15836.14624384919,1060.3148193359375,1.7142214243701344,3527728329.846881,0.99908864737388,0.05525686240906622,accepted_saved_frame
JSCC,440_ComptonOnly,6550,54091.515625,51.01118469238281,-59.261300435708264,-9.386067902413844,-10.5,5090.951171875,16343.650390625,15904.458159208662,1060.3853759765625,1.7257128358749843,3527727191.381108,0.9990883249487602,0.05520982847004821,accepted_saved_frame
JSCC,440_ComptonOnly,6600,54803.76171875,51.67945861816406,-59.261300435708264,-9.386067902413844,-10.5,5102.67041015625,16485.59375,15973.877779108478,1060.4554443359375,1.737202021675211,3527726090.5428324,0.9990880131801315,0.055163779283102725,accepted_saved_frame
JSCC,440_ComptonOnly,6650,55518.35546875,52.349891662597656,-59.261300435708264,-9.386067902413844,-10.5,5116.48095703125,16602.197265625,16088.785602932216,1060.5247802734375,1.7486891704350656,3527725027.4981933,0.9990877121150462,0.05511868283413393,accepted_saved_frame
JSCC,440_ComptonOnly,6700,56235.33984375,53.02251434326172,-59.261300435708264,-9.386067902413844,-10.5,5134.39306640625,16718.44140625,16225.38664925398,1060.5936279296875,1.7601734407886944,3527724009.502812,0.9990874238083702,0.0550745258757843,accepted_saved_frame
JSCC,440_ComptonOnly,6750,56954.6171875,53.69725036621094,-59.261300435708264,-9.386067902413844,-10.5,5157.43896484375,16834.287109375,16362.336728249984,1060.6617431640625,1.771655256952487,3527723021.6165514,0.9990871440289044,0.05503127742629742,accepted_saved_frame
JSCC,440_ComptonOnly,6800,57676.078125,54.37398147583008,-59.261300435708264,-9.386067902413844,-10.5,5180.19677734375,16949.767578125,16481.43936872076,1060.7293701171875,1.7831340026088973,3527722071.806858,0.9990868750331108,0.05498891715504454,accepted_saved_frame
JSCC,440_ComptonOnly,6850,58399.75390625,55.052738189697266,-59.261300435708264,-9.386067902413844,-10.5,5210.36767578125,17064.880859375,16611.935724205843,1060.7965087890625,1.794609233899249,3527721153.4053855,0.9990866149324457,0.05494742156452476,accepted_saved_frame
JSCC,440_ComptonOnly,6900,59125.453125,55.73334503173828,-59.261300435708264,-9.386067902413844,-10.5,5221.03125,17177.595703125,16751.1815848785,1060.8631591796875,1.8060806221349044,3527720268.4513583,0.9990863643044383,0.05490676844603763,accepted_saved_frame
JSCC,440_ComptonOnly,6950,59853.2421875,56.415863037109375,-59.261300435708264,-9.386067902413844,-10.5,5243.38232421875,17290.306640625,16890.352718435657,1060.9293212890625,1.8175481838789027,3527719418.09708,0.9990861234754327,0.05486693781037027,accepted_saved_frame
JSCC,440_ComptonOnly,7000,60583.00390625,57.10016632080078,-59.261300435708264,-9.386067902413844,-10.5,5271.935546875,17405.79296875,17029.437418024274,1060.9952392578125,1.829011054603642,3527718595.1016345,0.9990858903947276,0.054827904145770746,accepted_saved_frame
JSCC,440_ComptonOnly,7050,61314.6328125,57.78618240356445,-59.261300435708264,-9.386067902413844,-10.5,5283.93994140625,17520.951171875,17168.452271816408,1061.0604248046875,1.840469975001746,3527717808.707903,0.9990856676800013,0.054789654920469555,accepted_saved_frame
JSCC,440_ComptonOnly,7100,62048.1640625,58.47391891479492,-59.261300435708264,-9.386067902413844,-10.5,5305.57861328125,17634.75390625,17305.167026033476,1061.12548828125,1.8519234441614496,3527717054.162935,0.9990854539851696,0.05475216378049319,accepted_saved_frame
JSCC,440_ComptonOnly,7150,62783.51171875,59.163307189941406,-59.261300435708264,-9.386067902413844,-10.5,5318.96044921875,17768.4375,17400.520959339465,1061.1900634765625,1.8633719950458223,3527716330.210088,0.9990852489543387,0.05471541331718516,accepted_saved_frame
JSCC,440_ComptonOnly,7200,63520.63671875,59.85429763793945,-59.261300435708264,-9.386067902413844,-10.5,5329.431640625,17870.23828125,17495.20896232431,1061.25439453125,1.8748150980308256,3527715645.1256003,0.9990850549314236,0.05467938648047209,accepted_saved_frame
JSCC,440_ComptonOnly,7250,64259.4921875,60.54685974121094,-59.261300435708264,-9.386067902413844,-10.5,5346.38232421875,17995.265625,17589.239430734317,1061.318359375,1.8862524038682726,3527714973.30787,0.9990848646657896,0.054644062689971386,accepted_saved_frame
JSCC,440_ComptonOnly,7300,64999.93359375,61.2408447265625,-59.261300435708264,-9.386067902413844,-10.5,5373.166015625,18140.44921875,17682.615696496632,1061.382080078125,1.8976835921802835,3527714335.976767,0.9990846841671202,0.05460942223797806,accepted_saved_frame
JSCC,440_ComptonOnly,7350,65742.0390625,61.93633270263672,-59.261300435708264,-9.386067902413844,-10.5,5380.97705078125,18282.48828125,17774.946619504073,1061.4454345703125,1.9091088915112322,3527713734.0483837,0.9990845136948621,0.05457545192967196,accepted_saved_frame
JSCC,440_ComptonOnly,7400,66485.703125,62.63322448730469,-59.261300435708264,-9.386067902413844,-10.5,5389.7060546875,18323.666015625,17925.990511917335,1061.508544921875,1.9205274039033207,3527713149.9483004,0.9990843482717604,0.05454212925700868,accepted_saved_frame
JSCC,440_ComptonOnly,7450,67230.859375,63.331451416015625,-59.261300435708264,-9.386067902413844,-10.5,5408.08544921875,18417.033203125,18039.949386264372,1061.5714111328125,1.9319391384451001,3527712590.7439194,0.9990841898993756,0.054509444059000385,accepted_saved_frame
JSCC,440_ComptonOnly,7500,67977.5859375,64.03108215332031,-59.261300435708264,-9.386067902413844,-10.5,5437.1455078125,18527.326171875,18142.924564150362,1061.6341552734375,1.943343535811065,3527712068.5218806,0.9990840420007673,0.05447737951502886,accepted_saved_frame
JSCC,440_ComptonOnly,7550,68725.6953125,64.73194885253906,-59.261300435708264,-9.386067902413844,-10.5,5449.9638671875,18634.57421875,18179.296588163845,1061.6966552734375,1.954740825985272,3527711564.5465555,0.9990838992698144,0.05444591103437668,accepted_saved_frame
JSCC,440_ComptonOnly,7600,69475.1640625,65.43402862548828,-59.261300435708264,-9.386067902413844,-10.5,5469.04345703125,18739.45703125,18213.10336773309,1061.7589111328125,1.9661305582052924,3527711095.775897,0.9990837665091823,0.0544150350879154,accepted_saved_frame
JSCC,440_ComptonOnly,7650,70225.765625,66.13709259033203,-59.261300435708264,-9.386067902413844,-10.5,5492.0732421875,18850.9765625,18199.963872491244,1061.8211669921875,1.9775122869747088,3527710644.2485785,0.99908363863204,0.0543847325793382,accepted_saved_frame
JSCC,440_ComptonOnly,7700,70977.546875,66.8412094116211,-59.261300435708264,-9.386067902413844,-10.5,5509.13427734375,18923.9609375,18277.50893831433,1061.883056640625,1.9888857799554107,3527710212.7115436,0.9990835164163498,0.05435498734404127,accepted_saved_frame
JSCC,440_ComptonOnly,7750,71730.6484375,67.54649353027344,-59.261300435708264,-9.386067902413844,-10.5,5524.21630859375,18947.953125,18309.712137679,1061.94482421875,2.0002510502960416,3527709810.749281,0.9990834025765368,0.054325782729065734,accepted_saved_frame
JSCC,440_ComptonOnly,7800,72484.9296875,68.25281524658203,-59.261300435708264,-9.386067902413844,-10.5,5534.888671875,18983.1015625,18342.50820620636,1062.0064697265625,2.0116076435780084,3527709429.688541,0.9990832946562482,0.05429710775833213,accepted_saved_frame
JSCC,440_ComptonOnly,7850,73240.3203125,68.9601058959961,-59.261300435708264,-9.386067902413844,-10.5,5547.86865234375,19033.708984375,18464.056932941916,1062.0679931640625,2.0229553353552183,3527709083.252963,0.9990831965421588,0.05426895119667534,accepted_saved_frame
JSCC,440_ComptonOnly,7900,73996.8359375,69.66837310791016,-59.261300435708264,-9.386067902413844,-10.5,5559.67724609375,19123.111328125,18600.39015541998,1062.1295166015625,2.0342938972861058,3527708740.5539136,0.9990830994862924,0.05424130035248992,accepted_saved_frame
JSCC,440_ComptonOnly,7950,74754.1953125,70.37737274169922,-59.261300435708264,-9.386067902413844,-10.5,5571.64306640625,19239.30078125,18742.62059741519,1062.1907958984375,2.0456231115971595,3527708435.478926,0.999083013085944,0.054214140177674966,accepted_saved_frame
JSCC,440_ComptonOnly,8000,75512.671875,71.08734893798828,-59.261300435708264,-9.386067902413844,-10.5,5599.89599609375,19355.373046875,18885.89556267649,1062.251953125,2.056942981173914,3527708142.0297728,0.9990829299781505,0.05418745794993508,accepted_saved_frame
JSCC,440_ComptonOnly,8050,76271.9453125,71.79798889160156,-59.261300435708264,-9.386067902413844,-10.5,5602.0537109375,19449.0390625,18996.65180966166,1062.3131103515625,2.0682525844102404,3527707864.2330475,0.9990828513032842,0.054161241987840975,accepted_saved_frame
JSCC,440_ComptonOnly,8100,77032.1640625,72.50943756103516,-59.261300435708264,-9.386067902413844,-10.5,5610.380859375,19517.65234375,19069.564639756863,1062.374267578125,2.0795523826923454,3527707622.531022,0.9990827828508052,0.05413548074649125,accepted_saved_frame
JSCC,440_ComptonOnly,8150,77793.09375,73.22148895263672,-59.261300435708264,-9.386067902413844,-10.5,5610.18505859375,19585.724609375,19237.73756215477,1062.435302734375,2.09084169877072,3527707381.7009344,0.9990827146452678,0.05411016044091421,accepted_saved_frame
JSCC,440_ComptonOnly,8200,78554.96875,73.93434143066406,-59.261300435708264,-9.386067902413844,-10.5,5633.6240234375,19672.236328125,19364.28164543328,1062.496337890625,2.102120756390475,3527707166.8313265,0.999082653792003,0.05408527948602458,accepted_saved_frame
JSCC,440_ComptonOnly,8250,79317.546875,74.64778900146484,-59.261300435708264,-9.386067902413844,-10.5,5662.97998046875,19807.751953125,19538.55943403952,1062.5572509765625,2.1133891108119287,3527706968.4927135,0.9990825976204847,0.05406082135785667,accepted_saved_frame
JSCC,440_ComptonOnly,8300,80080.734375,75.36173248291016,-59.261300435708264,-9.386067902413844,-10.5,5670.634765625,19943.50390625,19715.038945176104,1062.6180419921875,2.124646538005256,3527706792.943719,0.9990825479032187,0.05403677096240077,accepted_saved_frame
JSCC,440_ComptonOnly,8350,80844.6484375,76.07627868652344,-59.261300435708264,-9.386067902413844,-10.5,5683.4794921875,20079.546875,19791.14040895659,1062.6788330078125,2.1358927983743543,3527706631.9582043,0.9990825023104789,0.054013125590939126,accepted_saved_frame
JSCC,440_ComptonOnly,8400,81609.1328125,76.79126739501953,-59.261300435708264,-9.386067902413844,-10.5,5691.4033203125,20213.509765625,19870.72245347181,1062.73974609375,2.1471274174807062,3527706492.9190474,0.9990824629331714,0.05398987337182451,accepted_saved_frame
JSCC,440_ComptonOnly,8450,82374.109375,77.50665283203125,-59.261300435708264,-9.386067902413844,-10.5,5703.63037109375,20336.162109375,19977.28989108204,1062.800537109375,2.1583506595446003,3527706365.039413,0.9990824267163545,0.0539670040109533,accepted_saved_frame
JSCC,440_ComptonOnly,8500,83139.6171875,78.22245025634766,-59.261300435708264,-9.386067902413844,-10.5,5722.05810546875,20473.830078125,20133.759581467173,1062.861328125,2.169562281209515,3527706258.435854,0.9990823965251392,0.053944500731156024,accepted_saved_frame
JSCC,440_ComptonOnly,8550,83905.71875,78.93872833251953,-59.261300435708264,-9.386067902413844,-10.5,5747.62451171875,20631.759765625,20290.225107643746,1062.922119140625,2.180761825092926,3527706163.817388,0.9990823697282245,0.05392237249953181,accepted_saved_frame
JSCC,440_ComptonOnly,8600,84672.25,79.65533447265625,-59.261300435708264,-9.386067902413844,-10.5,5759.47802734375,20763.341796875,20461.86144278892,1062.9827880859375,2.1919497746600665,3527706099.610776,0.999082351544257,0.05390059783958473,accepted_saved_frame
JSCC,440_ComptonOnly,8650,85439.2109375,80.37225341796875,-59.261300435708264,-9.386067902413844,-10.5,5776.53369140625,20900.861328125,20509.721589442725,1063.0435791015625,2.2031247111283716,3527706047.653967,0.9990823368295587,0.05387916992913408,accepted_saved_frame
JSCC,440_ComptonOnly,8700,86206.65625,81.08956146240234,-59.261300435708264,-9.386067902413844,-10.5,5791.5009765625,20984.57421875,20560.416621671244,1063.104248046875,2.2142878303354596,3527705995.388996,0.9990823220275858,0.05385808611316629,accepted_saved_frame
JSCC,440_ComptonOnly,8750,86974.3046875,81.80697631835938,-59.261300435708264,-9.386067902413844,-10.5,5802.4775390625,21044.3125,20610.808083308886,1063.1649169921875,2.2254379640865833,3527705962.983191,0.9990823128499313,0.053837331925133416,accepted_saved_frame
JSCC,440_ComptonOnly,8800,87742.4296875,82.52473449707031,-59.261300435708264,-9.386067902413844,-10.5,5801.77490234375,21178.703125,20660.82050578175,1063.225830078125,2.2365752899042084,3527705957.253427,0.9990823112272037,0.0538169004453836,accepted_saved_frame
JSCC,440_ComptonOnly,8850,88510.671875,83.24254608154297,-59.261300435708264,-9.386067902413844,-10.5,5805.3017578125,21248.767578125,20710.46237312013,1063.2864990234375,2.2476996864568197,3527705946.920178,0.9990823083007221,0.05379678503113272,accepted_saved_frame
JSCC,440_ComptonOnly,8900,89279.109375,83.96044921875,-59.261300435708264,-9.386067902413844,-10.5,5816.40771484375,21287.6015625,20793.829331539127,1063.34716796875,2.25881110419771,3527705962.8244314,0.999082312804969,0.053776978531809336,accepted_saved_frame
JSCC,440_ComptonOnly,8950,90047.734375,84.67843627929688,-59.261300435708264,-9.386067902413844,-10.5,5826.91064453125,21320.740234375,20912.521229500646,1063.4080810546875,2.2699083354655873,3527705987.924075,0.9990823199134441,0.05375747756130689,accepted_saved_frame
JSCC,440_ComptonOnly,9000,90816.5625,85.39655303955078,-59.261300435708264,-9.386067902413844,-10.5,5848.849609375,21358.48828125,21040.040997226308,1063.46875,2.2809933406306016,3527706028.8540606,0.9990823315052335,0.05373827205265917,accepted_saved_frame
JSCC,440_ComptonOnly,9050,91585.5703125,86.11473083496094,-59.261300435708264,-9.386067902413844,-10.5,5867.8427734375,21398.869140625,21196.026988087735,1063.5296630859375,2.292063929314824,3527706082.997105,0.9990823468390959,0.053719359965851435,accepted_saved_frame
JSCC,440_ComptonOnly,9100,92354.6328125,86.83289337158203,-59.261300435708264,-9.386067902413844,-10.5,5874.28515625,21438.693359375,21341.91302062014,1063.5904541015625,2.3031206598283265,3527706136.3606896,0.9990823619522075,0.05370072460709156,accepted_saved_frame
JSCC,440_ComptonOnly,9150,93123.6953125,87.55096435546875,-59.261300435708264,-9.386067902413844,-10.5,5878.55517578125,21617.6328125,21411.98514873545,1063.6512451171875,2.314163502298922,3527706222.0104833,0.9990823862091026,0.05368236819717093,accepted_saved_frame
JSCC,440_ComptonOnly,9200,93892.7109375,88.26890563964844,-59.261300435708264,-9.386067902413844,-10.5,5876.93896484375,21799.103515625,21440.262508479078,1063.712158203125,2.3251924217890205,3527706313.3524275,0.999082412078073,0.05366428495521048,accepted_saved_frame
JSCC,440_ComptonOnly,9250,94661.8046875,88.9868392944336,-59.261300435708264,-9.386067902413844,-10.5,5890.845703125,21903.720703125,21468.54418959474,1063.7730712890625,2.336206996465288,3527706402.965904,0.9990824374575237,0.05364646439517268,accepted_saved_frame
JSCC,440_ComptonOnly,9300,95430.828125,89.70462799072266,-59.261300435708264,-9.386067902413844,-10.5,5906.501953125,21928.076171875,21501.66607080622,1063.833984375,2.3472072287917927,3527706526.5686555,0.9990824724630837,0.05362890347339172,accepted_saved_frame
JSCC,440_ComptonOnly,9350,96199.6640625,90.42214965820312,-59.261300435708264,-9.386067902413844,-10.5,5923.3974609375,21944.939453125,21538.485851195845,1063.8948974609375,2.3581926622757554,3527706637.360177,0.9990825038403727,0.0536115958304804,accepted_saved_frame
JSCC,440_ComptonOnly,9400,96968.40625,91.1395034790039,-59.261300435708264,-9.386067902413844,-10.5,5948.93896484375,21993.41015625,21574.51130711489,1063.955810546875,2.3691632994589447,3527706766.4511204,0.9990825404002446,0.05359454256218949,accepted_saved_frame
JSCC,440_ComptonOnly,9450,97737.078125,91.8567123413086,-59.261300435708264,-9.386067902413844,-10.5,5960.2138671875,22045.072265625,21609.7719673432,1064.0167236328125,2.3801193723344145,3527706914.7943344,0.999082582412556,0.05357773307244864,accepted_saved_frame
JSCC,440_ComptonOnly,9500,98505.59375,92.57367706298828,-59.261300435708264,-9.386067902413844,-10.5,5984.0986328125,22091.359375,21702.773826618497,1064.0777587890625,2.3910603796637,3527707067.3529234,0.9990826256187045,0.05356116392723501,accepted_saved_frame
JSCC,440_ComptonOnly,9550,99273.796875,93.29026794433594,-59.261300435708264,-9.386067902413844,-10.5,5985.02685546875,22136.955078125,21737.277067920662,1064.1387939453125,2.401985907535769,3527707244.2993855,0.9990826757317476,0.05354482522953117,accepted_saved_frame
JSCC,440_ComptonOnly,9600,100041.890625,94.0066909790039,-59.261300435708264,-9.386067902413844,-10.5,5997.5009765625,22227.767578125,21772.389921514692,1064.19970703125,2.412896923625395,3527707410.05963,0.9990827226767396,0.05352871160496119,accepted_saved_frame
JSCC,440_ComptonOnly,9650,100809.7890625,94.72283935546875,-59.261300435708264,-9.386067902413844,-10.5,5987.8505859375,22350.95703125,21881.691264592515,1064.2606201171875,2.4237924679727056,3527707591.2289267,0.9990827739857324,0.05351282648510853,accepted_saved_frame
JSCC,440_ComptonOnly,9700,101577.265625,95.43849182128906,-59.261300435708264,-9.386067902413844,-10.5,6001.97314453125,22386.40234375,22001.93093355743,1064.32177734375,2.4346724435262885,3527707780.5423365,0.9990828276012211,0.05349716426810764,accepted_saved_frame
JSCC,440_ComptonOnly,9750,102344.5859375,96.15393829345703,-59.261300435708264,-9.386067902413844,-10.5,6010.20068359375,22420.669921875,22071.72653754609,1064.3826904296875,2.4455372792442804,3527707989.962909,0.9990828869112636,0.053481715886162524,accepted_saved_frame
JSCC,440_ComptonOnly,9800,103111.5703125,96.86896514892578,-59.261300435708264,-9.386067902413844,-10.5,6022.330078125,22507.349609375,22151.795672826604,1064.44384765625,2.4563860877686547,3527708200.179958,0.999082946446876,0.053466478581170464,accepted_saved_frame
JSCC,440_ComptonOnly,9850,103878.078125,97.58346557617188,-59.261300435708264,-9.386067902413844,-10.5,6041.19580078125,22567.908203125,22273.26851671132,1064.5048828125,2.4672194838232637,3527708423.2634935,0.9990830096264088,0.053451456748843704,accepted_saved_frame
JSCC,440_ComptonOnly,9900,104644.171875,98.29750061035156,-59.261300435708264,-9.386067902413844,-10.5,6042.51708984375,22617.486328125,22324.1670388979,1064.56591796875,2.4780367309702505,3527708644.3216233,0.9990830722323262,0.05343663055103904,accepted_saved_frame
JSCC,440_ComptonOnly,9950,105410.0234375,99.01123046875,-59.261300435708264,-9.386067902413844,-10.5,6039.84912109375,22666.48828125,22404.599342828173,1064.626953125,2.488838290627769,3527708879.528054,0.9990831388451866,0.053422005850455305,accepted_saved_frame
JSCC,440_ComptonOnly,10000,106175.3359375,99.724365234375,-59.261300435708264,-9.386067902413844,-10.5,6046.07470703125,22727.046875,22484.734322742977,1064.68798828125,2.499623706879354,3527709109.9048743,0.999083204090252,0.053407580509216124,accepted_saved_frame
JSCC,440_SinglePlusCompton,0,1.0,1,,,,1.0,1.0,1.0,1.0,0,14135997.191569462,0.004003458597963837,0.5,known_uniform_initialization
JSCC,440_SinglePlusCompton,50,571.1297607421875,1.544656753540039,27.239429984372798,-53.46039145130208,1.5,516.0166625976562,555.2335815429688,554.4480447948483,369.74542236328125,0.22836068518031552,3400036852.9044995,0.9629251185952696,0.45087189852151194,accepted_saved_frame
JSCC,440_SinglePlusCompton,100,858.8936157226562,1.8780279159545898,24.515486985935517,-48.114352306171874,1.5,719.9296264648438,817.732421875,814.1818761913165,457.3380432128906,0.2947451206798748,3450718054.3164177,0.9772785518053928,0.4068429919058609,accepted_saved_frame
JSCC,440_SinglePlusCompton,150,1140.122314453125,2.162632465362549,24.515486985935517,-48.114352306171874,1.5,901.4818725585938,1070.750732421875,1059.628859975282,527.19189453125,0.34607129923524277,3479411118.101045,0.9854047201509127,0.36918456226266805,accepted_saved_frame
JSCC,440_SinglePlusCompton,200,1407.0592041015625,2.4130730628967285,31.740403623793537,-43.68691769624717,1.5,1047.483642578125,1299.142578125,1282.519194695764,583.0984497070312,0.3841688399573559,3497192931.2944074,0.9904407110294912,0.3374971600487176,accepted_saved_frame
JSCC,440_SinglePlusCompton,250,1655.173828125,2.63485050201416,31.740403623793537,-43.68691769624717,1.5,1162.4215087890625,1499.4171142578125,1478.281569154382,628.1851196289062,0.4111826108838891,3508394520.903996,0.9936131154680061,0.31093677957863847,accepted_saved_frame
JSCC,440_SinglePlusCompton,300,1882.21142578125,2.830169439315796,31.740403623793537,-43.68691769624717,1.5,1257.458984375,1675.0997314453125,1647.8856414460738,665.0525512695312,0.4298664188253891,3515457073.4529176,0.9956133023909643,0.288576660519368,accepted_saved_frame
JSCC,440_SinglePlusCompton,350,2090.502197265625,3.0049946308135986,31.740403623793537,-43.68691769624717,1.5,1333.4991455078125,1830.0498046875,1801.5024744677628,695.6758422851562,0.44259263044864283,3519869676.8508472,0.9968629966837292,0.2695968369546853,accepted_saved_frame
JSCC,440_SinglePlusCompton,400,2282.937744140625,3.1641411781311035,31.740403623793537,-43.68691769624717,1.5,1395.727294921875,1967.2572021484375,1926.0167893156001,721.5031127929688,0.451148822187296,3522563562.454964,0.9976259325656185,0.2533311389229497,accepted_saved_frame
JSCC,440_SinglePlusCompton,450,2473.281005859375,3.3261306285858154,27.239429984372798,-53.46039145130208,1.5,1442.58251953125,2083.226806640625,2043.9800669803108,743.591064453125,0.4568132912462583,3524132068.9689927,0.9980701496098391,0.23925564768972946,accepted_saved_frame
JSCC,440_SinglePlusCompton,500,2666.767333984375,3.496401786804199,27.239429984372798,-53.46039145130208,1.5,1483.2691650390625,2211.13330078125,2162.3901215397746,762.7176513671875,0.4604802308127019,3524960628.71667,0.9983048061820505,0.22696181356227355,accepted_saved_frame
JSCC,440_SinglePlusCompton,550,2856.28759765625,3.664431095123291,27.239429984372798,-53.46039145130208,1.5,1522.7437744140625,2315.598388671875,2277.0493747133123,779.4627685546875,0.4627699867775641,3525304108.996994,0.9984020833010864,0.21613049635595935,accepted_saved_frame
JSCC,440_SinglePlusCompton,600,3042.815673828125,3.8309857845306396,27.239429984372798,-53.46039145130208,1.5,1554.415771484375,2425.2177734375,2387.7777001773184,794.264404296875,0.46411159475573627,3525332970.07995,0.9984102570541751,0.20651122505023498,accepted_saved_frame
JSCC,440_SinglePlusCompton,650,3227.035400390625,3.9965386390686035,27.239429984372798,-53.46039145130208,1.5,1578.387451171875,2514.309814453125,2486.3247249188494,807.4575805664062,0.46480195413467823,3525161495.2269907,0.998361693626699,0.19790646389685657,accepted_saved_frame
JSCC,440_SinglePlusCompton,700,3409.417236328125,4.161374092102051,27.239429984372798,-53.46039145130208,1.5,1603.7685546875,2608.007080078125,2566.0904548230365,819.30078125,0.46504792666908235,3524865942.576416,0.9982779901012909,0.1901596279329541,accepted_saved_frame
JSCC,440_SinglePlusCompton,750,3590.284423828125,4.325657367706299,27.239429984372798,-53.46039145130208,1.5,1623.271240234375,2686.318359375,2645.589223168233,829.9973754882812,0.4649931754390519,3524496808.7511845,0.9981734476366599,0.183145758476629,accepted_saved_frame
JSCC,440_SinglePlusCompton,800,3769.874267578125,4.489503860473633,27.239429984372798,-53.46039145130208,1.5,1639.303466796875,2754.609375,2730.9695632832395,839.7084350585938,0.4647385774292268,3524087286.230334,0.9980574666814475,0.17676422837748262,accepted_saved_frame
JSCC,440_SinglePlusCompton,850,3948.3544921875,4.652982711791992,27.239429984372798,-53.46039145130208,1.5,1656.0672607421875,2828.718505859375,2808.8819760960864,848.564208984375,0.4643545695149694,3523659089.5500784,0.997936197013807,0.17093310525229677,accepted_saved_frame
JSCC,440_SinglePlusCompton,900,4125.8603515625,4.816152572631836,27.239429984372798,-53.46039145130208,1.5,1668.107666015625,2903.599609375,2877.885675099168,856.6714477539062,0.46389020002913994,3523226384.6639333,0.9978136505762729,0.16558486284591062,accepted_saved_frame
JSCC,440_SinglePlusCompton,950,4302.48828125,4.9790496826171875,27.239429984372798,-53.46039145130208,1.5,1678.243408203125,2987.73876953125,2940.2884351185194,864.1183471679688,0.46337975443071144,3522798372.7132916,0.9976924332259434,0.160663164829282,accepted_saved_frame
JSCC,440_SinglePlusCompton,1000,4478.3125,5.141695976257324,27.239429984372798,-53.46039145130208,1.5,1689.5311279296875,3046.67431640625,3004.4922336943528,870.9796142578125,0.4628466944589853,3522380956.6316895,0.9975742167338083,0.1561204681972748,accepted_saved_frame
JSCC,440_SinglePlusCompton,1050,4653.3828125,5.304098129272461,27.239429984372798,-53.46039145130208,1.5,1698.981689453125,3106.83740234375,3064.356650381312,877.3184204101562,0.4623070428972898,3521977847.791354,0.9974600521983401,0.15191623720585315,accepted_saved_frame
JSCC,440_SinglePlusCompton,1100,4827.73974609375,5.466257095336914,27.239429984372798,-53.46039145130208,1.5,1708.2252197265625,3174.151611328125,3123.938333770221,883.1892700195312,0.46177139692801183,3521591260.518382,0.9973505667392764,0.14801559822191898,accepted_saved_frame
JSCC,440_SinglePlusCompton,1150,5001.40380859375,5.628161430358887,27.239429984372798,-53.46039145130208,1.5,1716.6116943359375,3263.490966796875,3190.5184071662557,888.6390380859375,0.4612468166749568,3521222394.445547,0.9972461001048553,0.14438832184006217,accepted_saved_frame
JSCC,440_SinglePlusCompton,1200,5174.376953125,5.789778232574463,27.239429984372798,-53.46039145130208,1.5,1726.53564453125,3307.487548828125,3251.9423393606867,893.708984375,0.46073758575022017,3520871734.5132146,0.9971467896351351,0.14100802662129774,accepted_saved_frame
JSCC,440_SinglePlusCompton,1250,5346.666015625,5.951088905334473,27.239429984372798,-53.46039145130208,1.5,1735.4207763671875,3369.80908203125,3299.7771186657437,898.4348754882812,0.4602466569705333,3520539282.0924673,0.9970526357184204,0.13785156172375845,accepted_saved_frame
JSCC,440_SinglePlusCompton,1300,5518.25634765625,6.112051010131836,27.239429984372798,-53.46039145130208,1.5,1744.37939453125,3433.125732421875,3357.268737114669,902.8485107421875,0.45977540972413294,3520224714.5364943,0.9969635469778431,0.13489850723230012,accepted_saved_frame
JSCC,440_SinglePlusCompton,1350,5689.12353515625,6.2726149559021,27.239429984372798,-53.46039145130208,1.5,1750.475341796875,3491.721435546875,3420.1501994837713,906.9779663085938,0.45932476653485577,3519927503.3101087,0.9968793737268471,0.13213077386687494,accepted_saved_frame
JSCC,440_SinglePlusCompton,1400,5859.25439453125,6.43274450302124,27.239429984372798,-53.46039145130208,1.5,1756.0247802734375,3536.19775390625,3475.325032604737,910.8482666015625,0.4588950541762171,3519646939.4194574,0.9967999151711411,0.12953228014392118,accepted_saved_frame
JSCC,440_SinglePlusCompton,1450,6028.62109375,6.592390537261963,27.239429984372798,-53.46039145130208,1.5,1760.0509033203125,3587.24853515625,3522.927561205417,914.4818115234375,0.4584862913447157,3519382274.487943,0.996724959362839,0.1270886711465076,accepted_saved_frame
JSCC,440_SinglePlusCompton,1500,6197.18994140625,6.751498699188232,27.239429984372798,-53.46039145130208,1.5,1764.9288330078125,3640.013916015625,3564.7762509314275,917.8984375,0.45809845275382793,3519132699.8034086,0.9966542772664087,0.1247871012565769,accepted_saved_frame
JSCC,440_SinglePlusCompton,1550,6364.93310546875,6.9100213050842285,27.239429984372798,-53.46039145130208,1.5,1771.6126708984375,3699.834228515625,3630.1919919241896,921.1162719726562,0.4577313995648829,3518897383.2633996,0.9965876332219472,0.1226160326685314,accepted_saved_frame
JSCC,440_SinglePlusCompton,1600,6531.826171875,7.067918300628662,27.239429984372798,-53.46039145130208,1.5,1776.46826171875,3770.636962890625,3671.2110128686936,924.1513671875,0.45738508777584164,3518675517.888827,0.996524798684745,0.12056508119515874,accepted_saved_frame
JSCC,440_SinglePlusCompton,1650,6697.83642578125,7.225139141082764,27.239429984372798,-53.46039145130208,1.5,1779.4710693359375,3840.59423828125,3717.755305551527,927.018310546875,0.4570593236832534,3518466315.5544434,0.9964655504496929,0.11862487584115818,accepted_saved_frame
JSCC,440_SinglePlusCompton,1700,6862.9296875,7.381633758544922,27.239429984372798,-53.46039145130208,1.5,1783.19287109375,3909.509765625,3764.4929800967334,929.73046875,0.4567540996004386,3518269002.715599,0.9964096694410556,0.11678693277878803,accepted_saved_frame
JSCC,440_SinglePlusCompton,1750,7027.0791015625,7.537360668182373,27.239429984372798,-53.46039145130208,1.5,1783.7279052734375,3970.826416015625,3809.5591875456257,932.2996826171875,0.45646953890977804,3518082862.4655757,0.9963569526235375,0.11504356247107608,accepted_saved_frame
JSCC,440_SinglePlusCompton,1800,7190.2744140625,7.692297458648682,27.239429984372798,-53.46039145130208,1.5,1786.0465087890625,4023.67822265625,3852.7140470929385,934.7369384765625,0.4562056268703399,3517907206.7388663,0.9963072051299687,0.11338777889396952,accepted_saved_frame
JSCC,440_SinglePlusCompton,1850,7358.2021484375,7.852499961853027,27.239429984372798,-53.46039145130208,4.5,1788.547607421875,4075.11572265625,3900.36926441892,937.0521850585938,0.45596246071447016,3517741392.8292036,0.9962602449393784,0.11181321666842176,accepted_saved_frame
JSCC,440_SinglePlusCompton,1900,7536.64453125,8.02407169342041,27.239429984372798,-53.46039145130208,4.5,1787.66064453125,4124.7451171875,3945.891823632374,939.2543334960938,0.4557404071274697,3517584804.6277356,0.996215897563455,0.1103140743849392,accepted_saved_frame
JSCC,440_SinglePlusCompton,1950,7715.0693359375,8.195734977722168,27.239429984372798,-53.46039145130208,4.5,1790.2674560546875,4178.58447265625,3984.1740827451067,941.3516845703125,0.45553959753631984,3517436884.1592946,0.9961740049779394,0.10888504851003261,accepted_saved_frame
JSCC,440_SinglePlusCompton,2000,7893.44482421875,8.367445945739746,27.239429984372798,-53.46039145130208,4.5,1792.331298828125,4223.78076171875,4020.750745883815,943.351806640625,0.45536021381123915,3517297100.4593887,0.9961344168082716,0.10752128599483,accepted_saved_frame
JSCC,440_SinglePlusCompton,2050,8071.744140625,8.539163589477539,27.239429984372798,-53.46039145130208,4.5,1793.1488037109375,4268.89697265625,4058.0862017004647,945.2616577148438,0.45520258805241787,3517164953.087862,0.9960969913246946,0.10621833669636772,accepted_saved_frame
JSCC,440_SinglePlusCompton,2100,8249.951171875,8.710864067077637,27.239429984372798,-53.46039145130208,4.5,1792.082763671875,4316.33984375,4106.242375887456,947.0875854492188,0.4550670058283506,3517039998.3805404,0.9960616028769889,0.1049721175945281,accepted_saved_frame
JSCC,440_SinglePlusCompton,2150,8428.0615234375,8.882534980773926,27.239429984372798,-53.46039145130208,4.5,1793.655029296875,4364.4111328125,4156.048226245313,948.835205078125,0.45495389212050447,3516921791.522413,0.9960281254890059,0.10377887086463672,accepted_saved_frame
JSCC,440_SinglePlusCompton,2200,8606.03515625,9.054123878479004,27.239429984372798,-53.46039145130208,4.5,1795.8214111328125,4424.88916015625,4204.781334565362,950.5099487304688,0.4548634814204315,3516809936.571518,0.9959964470259434,0.10263514384831786,accepted_saved_frame
JSCC,440_SinglePlusCompton,2250,8783.873046875,9.225626945495605,27.239429984372798,-53.46039145130208,4.5,1798.838134765625,4482.0546875,4251.030956265912,952.11669921875,0.4547960893568247,3516704058.361115,0.9959664612367535,0.10153775465067692,accepted_saved_frame
JSCC,440_SinglePlusCompton,2300,8961.54296875,9.397001266479492,27.239429984372798,-53.46039145130208,4.5,1802.488037109375,4519.16552734375,4294.4393416172625,953.659912109375,0.45475211657596876,3516603824.3721914,0.9959380739486601,0.10048376240729054,accepted_saved_frame
JSCC,440_SinglePlusCompton,2350,9139.0439453125,9.568239212036133,27.239429984372798,-53.46039145130208,4.5,1803.9638671875,4547.20068359375,4343.575456840784,955.143798828125,0.4547317362379734,3516508885.9448123,0.9959111864176131,0.09947045711378681,accepted_saved_frame
JSCC,440_SinglePlusCompton,2400,9316.3564453125,9.739314079284668,27.239429984372798,-53.46039145130208,4.5,1807.443115234375,4585.3623046875,4392.472605521939,956.5721435546875,0.45473536475852766,3516418950.220508,0.9958857157031068,0.09849533217936073,accepted_saved_frame
JSCC,440_SinglePlusCompton,2450,9493.4736328125,9.910215377807617,27.239429984372798,-53.46039145130208,4.5,1813.7493896484375,4614.94677734375,4439.597336708277,957.9483032226562,0.45476324504102417,3516333729.311453,0.995861580272372,0.09755607117261299,accepted_saved_frame
JSCC,440_SinglePlusCompton,2500,9670.3681640625,10.080904960632324,27.239429984372798,-53.46039145130208,4.5,1816.1158447265625,4650.64697265625,4486.122072899753,959.2758178710938,0.4548155712606435,3516252957.0520816,0.995838704744606,0.09665052047857796,accepted_saved_frame
JSCC,440_SinglePlusCompton,2550,9847.056640625,10.251398086547852,27.239429984372798,-53.46039145130208,4.5,1817.5494384765625,4703.9658203125,4515.127740690221,960.5574340820312,0.45489263315718176,3516176377.4589996,0.9958170166227001,0.0957766902527788,accepted_saved_frame
JSCC,440_SinglePlusCompton,2600,10023.5068359375,10.421655654907227,27.239429984372798,-53.46039145130208,4.5,1820.6297607421875,4751.1064453125,4537.0509333616765,961.7960205078125,0.4549946674928256,3516103750.3025956,0.9957964478711778,0.09493273641167399,accepted_saved_frame
JSCC,440_SinglePlusCompton,2650,10199.72265625,10.59167766571045,27.239429984372798,-53.46039145130208,4.5,1825.735107421875,4790.98583984375,4568.481000640208,962.9940795898438,0.4551218349701905,3516034868.945705,0.9957769399682866,0.09411694052588147,accepted_saved_frame
JSCC,440_SinglePlusCompton,2700,10375.6982421875,10.761453628540039,27.239429984372798,-53.46039145130208,4.5,1830.23046875,4819.46923828125,4598.8721077241225,964.1539306640625,0.455274323785895,3515969515.902651,0.9957584313198643,0.09332770985500781,accepted_saved_frame
JSCC,440_SinglePlusCompton,2750,10551.4189453125,10.930964469909668,27.239429984372798,-53.46039145130208,4.5,1833.64990234375,4840.83056640625,4631.435609495155,965.2779541015625,0.4554522022414761,3515907503.123115,0.9957408686681425,0.09256356007374364,accepted_saved_frame
JSCC,440_SinglePlusCompton,2800,10726.896484375,11.100218772888184,27.239429984372798,-53.46039145130208,4.5,1835.043701171875,4861.07470703125,4665.639660527678,966.3680419921875,0.455655583088812,3515848640.2807684,0.9957241981107634,0.09182311284191493,accepted_saved_frame
JSCC,440_SinglePlusCompton,2850,10902.0908203125,11.269172668457031,27.239429984372798,-53.46039145130208,4.5,1836.68212890625,4880.2412109375,4698.939866402619,967.426025390625,0.4558846742915027,3515792752.81,0.9957083702089653,0.09110508071643639,accepted_saved_frame
JSCC,440_SinglePlusCompton,2900,11077.0263671875,11.437849998474121,27.239429984372798,-53.46039145130208,4.5,1840.2783203125,4910.4189453125,4722.12612790757,968.4535522460938,0.4561394890056767,3515739680.321542,0.9956933395388715,0.09040826697428105,accepted_saved_frame
JSCC,440_SinglePlusCompton,2950,11251.6943359375,11.606236457824707,27.239429984372798,-53.46039145130208,4.5,1843.625732421875,4956.32421875,4736.246932246587,969.4524536132812,0.45641998880725915,3515689269.190015,0.9956790625922076,0.08973154953760572,accepted_saved_frame
JSCC,440_SinglePlusCompton,3000,11426.1015625,11.774337768554688,27.239429984372798,-53.46039145130208,4.5,1847.5662841796875,5001.6357421875,4757.077793813204,970.4241333007812,0.45672624469721523,3515641368.114949,0.9956654965191373,0.08907388360996019,accepted_saved_frame
JSCC,440_SinglePlusCompton,3050,11600.2265625,11.942129135131836,27.239429984372798,-53.46039145130208,4.5,1850.73974609375,5045.87744140625,4790.700663420236,971.3700561523438,0.45705823847008537,3515595848.6460404,0.995652604941224,0.08843429857166964,accepted_saved_frame
JSCC,440_SinglePlusCompton,3100,11774.052734375,12.10959243774414,27.239429984372798,-53.46039145130208,4.5,1857.5968017578125,5069.02783203125,4812.171226016426,972.2913818359375,0.45741597218133156,3515552580.327098,0.9956403509119438,0.08781187884640317,accepted_saved_frame
JSCC,440_SinglePlusCompton,3150,11947.6044921875,12.276751518249512,27.239429984372798,-53.46039145130208,4.5,1859.7855224609375,5088.85986328125,4844.645719174123,973.1893920898438,0.45779932999827216,3515511439.755676,0.9956286994824654,0.08720576823177915,accepted_saved_frame
JSCC,440_SinglePlusCompton,3200,12120.88671875,12.443608283996582,27.239429984372798,-53.46039145130208,4.5,1864.689697265625,5100.03076171875,4879.718308221655,974.0652465820312,0.45820825567380585,3515472315.0529375,0.9956176189675608,0.08661516471633586,accepted_saved_frame
JSCC,440_SinglePlusCompton,3250,12293.880859375,12.61014461517334,27.239429984372798,-53.46039145130208,4.5,1867.0894775390625,5130.62646484375,4914.112866621588,974.919921875,0.4586427496048353,3515435091.4484935,0.9956070768630854,0.08603932678247993,accepted_saved_frame
JSCC,440_SinglePlusCompton,3300,12466.5634765625,12.776333808898926,27.239429984372798,-53.46039145130208,4.5,1867.269775390625,5167.8515625,4947.838465563147,975.75439453125,0.4591025948972775,3515399673.307149,0.9955970460841762,0.0854775463986353,accepted_saved_frame
JSCC,440_SinglePlusCompton,3350,12638.9482421875,12.94218635559082,27.239429984372798,-53.46039145130208,4.5,1872.269287109375,5194.7744140625,4980.906789438916,976.5697631835938,0.4595876130671278,3515365966.018414,0.9955874998361774,0.0849291673023677,accepted_saved_frame
JSCC,440_SinglePlusCompton,3400,12811.052734375,13.107725143432617,27.239429984372798,-53.46039145130208,4.5,1873.823974609375,5222.8427734375,5013.080673300955,977.3665771484375,0.46009782320481873,3515333865.605751,0.9955784086718732,0.08439357055635911,accepted_saved_frame
JSCC,440_SinglePlusCompton,3450,12982.857421875,13.272927284240723,27.239429984372798,-53.46039145130208,4.5,1878.532958984375,5239.30419921875,5046.785575814884,978.145751953125,0.46063304242996045,3515303300.720592,0.9955697523846211,0.08387017482337508,accepted_saved_frame
JSCC,440_SinglePlusCompton,3500,13154.3525390625,13.437779426574707,27.239429984372798,-53.46039145130208,4.5,1883.9971923828125,5248.5576171875,5076.858805799846,978.908203125,0.461192902149038,3515274192.005352,0.9955615084995435,0.08335843846703957,accepted_saved_frame
JSCC,440_SinglePlusCompton,3550,13325.576171875,13.602325439453125,27.239429984372798,-53.46039145130208,4.5,1890.8935546875,5281.3759765625,5109.029513893123,979.654296875,0.46177751239575504,3515246443.2934775,0.9955536497812918,0.0828578448595995,accepted_saved_frame
JSCC,440_SinglePlusCompton,3600,13496.4892578125,13.766519546508789,27.239429984372798,-53.46039145130208,4.5,1895.15283203125,5325.08544921875,5140.122815419486,980.385009765625,0.4623864164693349,3515219990.854207,0.9955461581806639,0.0823679160441791,accepted_saved_frame
JSCC,440_SinglePlusCompton,3650,13667.0947265625,13.93036937713623,27.239429984372798,-53.46039145130208,4.5,1897.569091796875,5359.63720703125,5154.897695021921,981.1006469726562,0.46301956912355974,3515194766.0834565,0.9955390142682838,0.08188819846001257,accepted_saved_frame
JSCC,440_SinglePlusCompton,3700,13837.4150390625,14.093894004821777,27.239429984372798,-53.46039145130208,4.5,1900.9527587890625,5380.32666015625,5160.570115430852,981.8021240234375,0.4636766073727176,3515170700.5164833,0.9955321986542378,0.08141826452069752,accepted_saved_frame
JSCC,440_SinglePlusCompton,3750,14007.4326171875,14.257079124450684,27.239429984372798,-53.46039145130208,4.5,1904.98046875,5400.36962890625,5180.984203518082,982.4896240234375,0.4643574840452727,3515147738.216444,0.9955256954966413,0.0809577152685376,accepted_saved_frame
JSCC,440_SinglePlusCompton,3800,14177.1298828125,14.419904708862305,27.239429984372798,-53.46039145130208,4.5,1910.2259521484375,5418.83935546875,5200.793422948383,983.1638793945312,0.4650618627568629,3515125816.154776,0.9955194869451623,0.08050617536115583,accepted_saved_frame
JSCC,440_SinglePlusCompton,3850,14346.5234375,14.582387924194336,27.239429984372798,-53.46039145130208,4.5,1915.871337890625,5436.609375,5218.092433279629,983.8253784179688,0.4657894614397486,3515104873.646834,0.9955135558132904,0.08006328419413898,accepted_saved_frame
JSCC,440_SinglePlusCompton,3900,14515.5751953125,14.744491577148438,27.239429984372798,-53.46039145130208,4.5,1921.6275634765625,5453.771484375,5233.838116836169,984.4744262695312,0.46654011694875314,3515084870.034635,0.9955078905862702,0.0796287089929151,accepted_saved_frame
JSCC,440_SinglePlusCompton,3950,14684.3134765625,14.906244277954102,27.239429984372798,-53.46039145130208,4.5,1926.2515869140625,5470.3525390625,5254.197778046821,985.111572265625,0.46731355159098464,3515065741.1088,0.9955024730793502,0.07920213363972335,accepted_saved_frame
JSCC,440_SinglePlusCompton,4000,14852.74609375,15.067654609680176,27.239429984372798,-53.46039145130208,4.5,1932.3336181640625,5486.35595703125,5274.646715820337,985.7371215820312,0.468109480451684,3515047447.4058895,0.9954972921160824,0.07878325753494608,accepted_saved_frame
JSCC,440_SinglePlusCompton,4050,15020.8671875,15.228716850280762,27.239429984372798,-53.46039145130208,4.5,1938.8675537109375,5518.2529296875,5277.534186691751,986.3514404296875,0.4689277456436364,3515029938.1881914,0.9954923333270286,0.07837180285555974,accepted_saved_frame
JSCC,440_SinglePlusCompton,4100,15188.66015625,15.38941478729248,27.239429984372798,-53.46039145130208,4.5,1946.7652587890625,5551.47412109375,5289.767381695347,986.9550170898438,0.4697679154542308,3515013184.427141,0.9954875884910036,0.07796750300378037,accepted_saved_frame
JSCC,440_SinglePlusCompton,4150,15356.1474609375,15.54977035522461,27.239429984372798,-53.46039145130208,4.5,1951.3720703125,5583.12451171875,5303.872401360489,987.5481567382812,0.47062976989662975,3514997134.444168,0.9954830429721088,0.07757010432518177,accepted_saved_frame
JSCC,440_SinglePlusCompton,4200,15523.31640625,15.709776878356934,27.239429984372798,-53.46039145130208,4.5,1955.6929931640625,5614.39501953125,5312.730924477738,988.1309204101562,0.47151317545399846,3514981743.7961245,0.9954786841835915,0.07717937227194824,accepted_saved_frame
JSCC,440_SinglePlusCompton,4250,15690.15234375,15.869415283203125,27.239429984372798,-53.46039145130208,4.5,1959.4044189453125,5645.30859375,5321.899910965573,988.703857421875,0.47241770502781544,3514966990.175974,0.9954745058078716,0.07679508111165806,accepted_saved_frame
JSCC,440_SinglePlusCompton,4300,15856.669921875,16.028701782226562,27.239429984372798,-53.46039145130208,4.5,1965.778564453125,5670.876953125,5335.886613071177,989.2672729492188,0.47334311030465837,3514952829.257304,0.9954704952912568,0.07641701608954124,accepted_saved_frame
JSCC,440_SinglePlusCompton,4350,16022.8681640625,16.187637329101562,27.239429984372798,-53.46039145130208,4.5,1967.6153564453125,5673.78662109375,5349.482022425764,989.8212890625,0.4742891696930771,3514939234.519123,0.9954666451227316,0.07604498103827956,accepted_saved_frame
JSCC,440_SinglePlusCompton,4400,16188.7255859375,16.34619903564453,27.239429984372798,-53.46039145130208,4.5,1970.6160888671875,5676.2421875,5366.164459943929,990.3663330078125,0.47525551636918206,3514926163.0133624,0.9954629431389652,0.07567878412007548,accepted_saved_frame
JSCC,440_SinglePlusCompton,4450,16354.2578125,16.50440788269043,27.239429984372798,-53.46039145130208,4.5,1978.412109375,5702.62109375,5382.566079501444,990.9024047851562,0.47624198911668625,3514913600.6586695,0.9954593853519746,0.07531824501681646,accepted_saved_frame
JSCC,440_SinglePlusCompton,4500,16519.4296875,16.6622257232666,27.239429984372798,-53.46039145130208,4.5,1985.8433837890625,5731.95263671875,5394.503222410197,991.4299926757812,0.47724816233653783,3514901509.175136,0.9954559609204996,0.07496319348396904,accepted_saved_frame
JSCC,440_SinglePlusCompton,4550,16684.30859375,16.81972312927246,27.239429984372798,-53.46039145130208,4.5,1992.9002685546875,5760.98876953125,5403.011626197623,991.9490966796875,0.4782738458194987,3514889872.937707,0.9954526654193651,0.07461346699645378,accepted_saved_frame
JSCC,440_SinglePlusCompton,4600,16848.849609375,16.97685432434082,27.239429984372798,-53.46039145130208,4.5,2000.039794921875,5789.7099609375,5419.233251082945,992.4600830078125,0.47931882763999506,3514878659.8521686,0.9954494897591623,0.07426890917261947,accepted_saved_frame
JSCC,440_SinglePlusCompton,4650,17013.076171875,17.133644104003906,27.239429984372798,-53.46039145130208,4.5,2006.7784423828125,5816.72705078125,5438.760063517383,992.963134765625,0.48038270771102415,3514867844.3858867,0.9954464267087887,0.07392937437649141,accepted_saved_frame
JSCC,440_SinglePlusCompton,4700,17176.951171875,17.290058135986328,27.239429984372798,-53.46039145130208,4.5,2014.1456298828125,5842.8857421875,5451.9617306361515,993.4583129882812,0.4814652689244417,3514857408.829931,0.9954434712528948,0.07359472274556046,accepted_saved_frame
JSCC,440_SinglePlusCompton,4750,17340.447265625,17.44606590270996,27.239429984372798,-53.46039145130208,4.5,2020.34130859375,5868.76416015625,5475.075849371171,993.9459838867188,0.48256617777142147,3514847320.0648346,0.9954406140117098,0.07326482680704792,accepted_saved_frame
JSCC,440_SinglePlusCompton,4800,17503.60546875,17.60171127319336,27.239429984372798,-53.46039145130208,4.5,2025.62451171875,5894.365234375,5502.021310075717,994.4263305664062,0.48368515899869396,3514837578.016196,0.9954378549641621,0.07293955656511444,accepted_saved_frame
JSCC,440_SinglePlusCompton,4850,17666.419921875,17.75699234008789,27.239429984372798,-53.46039145130208,4.5,2031.3887939453125,5913.72509765625,5520.546053666861,994.8993530273438,0.4848219350764406,3514828142.674111,0.9954351827790391,0.07261879230769935,accepted_saved_frame
JSCC,440_SinglePlusCompton,4900,17828.8671875,17.911884307861328,27.239429984372798,-53.46039145130208,4.5,2035.6719970703125,5941.80517578125,5538.759735836565,995.365234375,0.485976385670304,3514819017.056209,0.9954325983109641,0.07230241540177033,accepted_saved_frame
JSCC,440_SinglePlusCompton,4950,17990.974609375,18.066415786743164,27.239429984372798,-53.46039145130208,4.5,2042.409423828125,5955.71337890625,5556.67190796211,995.8242797851562,0.48714802441959637,3514810167.749278,0.9954300920969744,0.07199031997963723,accepted_saved_frame
JSCC,440_SinglePlusCompton,5000,18152.724609375,18.22056770324707,27.239429984372798,-53.46039145130208,4.5,2048.2587890625,5959.337890625,5574.284463384542,996.276611328125,0.4883366693222249,3514801586.15278,0.9954276617013101,0.0716824021592514,accepted_saved_frame
JSCC,440_SinglePlusCompton,5050,18314.11328125,18.374340057373047,27.239429984372798,-53.46039145130208,4.5,2054.49853515625,5982.23828125,5591.610257759601,996.7222290039062,0.4895421375373638,3514793257.938447,0.9954253030660597,0.07137856035655235,accepted_saved_frame
JSCC,440_SinglePlusCompton,5100,18475.162109375,18.527753829956055,27.239429984372798,-53.46039145130208,4.5,2056.176513671875,6013.28466796875,5600.0933062009,997.1614379882812,0.49076406643295883,3514785171.198507,0.9954230128188204,0.07107869788081286,accepted_saved_frame
JSCC,440_SinglePlusCompton,5150,18635.84375,18.6807861328125,27.239429984372798,-53.46039145130208,4.5,2060.396728515625,6044.08642578125,5619.7356350404925,997.59423828125,0.49200215190548746,3514777301.2897806,0.9954207839803926,0.07078272706987045,accepted_saved_frame
JSCC,440_SinglePlusCompton,5200,18796.169921875,18.833446502685547,27.239429984372798,-53.46039145130208,4.5,2065.413330078125,6074.771484375,5654.425808260276,998.020751953125,0.49325627529879085,3514769650.805403,0.9954186172851787,0.07049055640896071,accepted_saved_frame
JSCC,440_SinglePlusCompton,5250,18956.17578125,18.985769271850586,27.239429984372798,-53.46039145130208,4.5,2069.91259765625,6105.34228515625,5688.064586205744,998.4412841796875,0.4945260135090939,3514762197.433046,0.9954165064140994,0.07020210461217766,accepted_saved_frame
JSCC,440_SinglePlusCompton,5300,19115.8359375,19.137733459472656,27.239429984372798,-53.46039145130208,4.5,2079.32861328125,6135.8037109375,5711.634510416941,998.8558349609375,0.4958111557571914,3514754928.4714165,0.9954144477700194,0.06991729330747087,accepted_saved_frame
JSCC,440_SinglePlusCompton,5350,19275.107421875,19.28929328918457,27.239429984372798,-53.46039145130208,4.5,2083.233642578125,6166.17138671875,5724.974154644559,999.2645874023438,0.4971114926987016,3514747845.9394693,0.9954124419247271,0.06963603853926666,accepted_saved_frame
JSCC,440_SinglePlusCompton,5400,19434.021484375,19.44048500061035,27.239429984372798,-53.46039145130208,4.5,2088.963134765625,6196.43701171875,5731.711629121331,999.6675415039062,0.4984268146276414,3514740933.9601903,0.9954104843816901,0.06935826593587373,accepted_saved_frame
JSCC,440_SinglePlusCompton,5450,19592.51953125,19.591245651245117,27.239429984372798,-53.46039145130208,4.5,2095.562255859375,6215.416015625,5738.536960447825,1000.0650024414062,0.4997567296803522,3514734171.5770326,0.9954085692058006,0.06908390570902198,accepted_saved_frame
JSCC,440_SinglePlusCompton,5500,19750.677734375,19.74165916442871,27.239429984372798,-53.46039145130208,4.5,2101.4638671875,6216.095703125,5751.45193641227,1000.456787109375,0.5011011205574797,3514727569.072254,0.9954066993090989,0.06881288788274534,accepted_saved_frame
JSCC,440_SinglePlusCompton,5550,19908.482421875,19.891708374023438,27.239429984372798,-53.46039145130208,4.5,2111.824462890625,6216.0712890625,5767.033348199083,1000.84326171875,0.5024596263307259,3514721105.2958493,0.9954048687016877,0.0685451491073303,accepted_saved_frame
JSCC,440_SinglePlusCompton,5600,20065.90625,20.041366577148438,27.239429984372798,-53.46039145130208,4.5,2117.430419921875,6215.787109375,5782.414867037252,1001.2244262695312,0.5038321303486984,3514714775.431875,0.9954030760196428,0.06828062020309515,accepted_saved_frame
JSCC,440_SinglePlusCompton,5650,20222.9609375,20.190649032592773,27.239429984372798,-53.46039145130208,4.5,2122.66455078125,6242.3818359375,5797.608331932987,1001.600341796875,0.5052183029843598,3514708572.793845,0.9954013193692831,0.06801924120997904,accepted_saved_frame
JSCC,440_SinglePlusCompton,5700,20379.62890625,20.339536666870117,27.239429984372798,-53.46039145130208,4.5,2132.16357421875,6266.76416015625,5812.012684759218,1001.97119140625,0.5066179666838366,3514702492.312141,0.995399597314841,0.06776095090498706,accepted_saved_frame
JSCC,440_SinglePlusCompton,5750,20535.95703125,20.488075256347656,27.239429984372798,-53.46039145130208,4.5,2136.973876953125,6333.31494140625,5822.769586742952,1002.3370361328125,0.5080307922951062,3514696524.7858696,0.9953979072505296,0.0675056952328062,accepted_saved_frame
JSCC,440_SinglePlusCompton,5800,20691.9140625,20.636240005493164,27.239429984372798,-53.46039145130208,4.5,2138.345703125,6387.9873046875,5833.316171866783,1002.6978759765625,0.5094566648255238,3514690659.2094736,0.9953962460594628,0.06725341462638344,accepted_saved_frame
JSCC,440_SinglePlusCompton,5850,20847.484375,20.784011840820312,27.239429984372798,-53.46039145130208,4.5,2146.126708984375,6404.1884765625,5843.661726801906,1003.053955078125,0.5108953150644188,3514684904.801923,0.995394616352547,0.06700405095254967,accepted_saved_frame
JSCC,440_SinglePlusCompton,5900,21002.701171875,20.93142318725586,27.239429984372798,-53.46039145130208,4.5,2153.0517578125,6420.18603515625,5853.823749502455,1003.4052734375,0.5123464457457856,3514679246.6312265,0.99539301390089,0.06675755747230862,accepted_saved_frame
JSCC,440_SinglePlusCompton,5950,21157.515625,21.07843017578125,27.239429984372798,-53.46039145130208,4.5,2159.996826171875,6435.990234375,5863.792305708978,1003.751953125,0.5138098803123438,3514673671.6687064,0.9953914350146372,0.06651388359815408,accepted_saved_frame
JSCC,440_SinglePlusCompton,6000,21311.962890625,21.225067138671875,27.239429984372798,-53.46039145130208,4.5,2164.077880859375,6450.80224609375,5873.571555661085,1004.093994140625,0.515285443942998,3514668186.2716312,0.9953898814942321,0.06627298058287363,accepted_saved_frame
JSCC,440_SinglePlusCompton,6050,21466.0546875,21.37134552001953,27.239429984372798,-53.46039145130208,4.5,2169.1005859375,6464.9111328125,5875.73986219386,1004.4315795898438,0.5167729289518793,3514662788.390202,0.9953883527591506,0.06603479154183813,accepted_saved_frame
JSCC,440_SinglePlusCompton,6100,21619.7265625,21.51719856262207,27.239429984372798,-53.46039145130208,4.5,2176.4677734375,6477.509765625,5881.955661502452,1004.764892578125,0.5182718841885479,3514657460.042784,0.9953868437168104,0.0657992798921456,accepted_saved_frame
JSCC,440_SinglePlusCompton,6150,21773.0390625,21.662696838378906,27.239429984372798,-53.46039145130208,4.5,2183.543701171875,6483.43310546875,5887.979769100956,1005.0936889648438,0.5197824436137825,3514652207.871467,0.995385356248319,0.06556639723170346,accepted_saved_frame
JSCC,440_SinglePlusCompton,6200,21925.9765625,21.807817459106445,27.239429984372798,-53.46039145130208,4.5,2187.732421875,6508.3046875,5920.056346825934,1005.418212890625,0.5213043074960304,3514647032.9357257,0.9953838906537305,0.06533609876524882,accepted_saved_frame
JSCC,440_SinglePlusCompton,6250,22078.537109375,21.95256233215332,27.239429984372798,-53.46039145130208,4.5,2194.963623046875,6524.0595703125,5932.822233262728,1005.738525390625,0.5228371491234991,3514641918.5568767,0.9953824422094715,0.06510833877449852,accepted_saved_frame
JSCC,440_SinglePlusCompton,6300,22230.69921875,22.096908569335938,27.239429984372798,-53.46039145130208,4.5,2203.953857421875,6538.46142578125,5930.495974266071,1006.0547485351562,0.5243808529666052,3514636870.773997,0.9953810126258703,0.06488307904768491,accepted_saved_frame
JSCC,440_SinglePlusCompton,6350,22382.5,22.24089241027832,27.239429984372798,-53.46039145130208,4.5,2211.9970703125,6551.896484375,5927.615051101825,1006.3670043945312,0.5259350605643984,3514631876.332904,0.9953795981492074,0.06466028057832787,accepted_saved_frame
JSCC,440_SinglePlusCompton,6400,22533.931640625,22.384510040283203,27.239429984372798,-53.46039145130208,4.5,2219.33154296875,6565.18603515625,5930.2005333621,1006.6752319335938,0.5274998731308168,3514626949.2319555,0.9953782027439603,0.06443989991634616,accepted_saved_frame
JSCC,440_SinglePlusCompton,6450,22684.958984375,22.527725219726562,27.239429984372798,-53.46039145130208,4.5,2222.5751953125,6578.30322265625,5950.191814933844,1006.9795532226562,0.5290748112857083,3514622069.763543,0.9953768208287331,0.06422190018320739,accepted_saved_frame
JSCC,440_SinglePlusCompton,6500,22835.61328125,22.67057228088379,27.239429984372798,-53.46039145130208,4.5,2227.35595703125,6591.2802734375,5970.046295861775,1007.2799682617188,0.5306598235804711,3514617248.29683,0.995375455340179,0.06400624342418994,accepted_saved_frame
JSCC,440_SinglePlusCompton,6550,22985.876953125,22.813032150268555,27.239429984372798,-53.46039145130208,4.5,2233.3427734375,6604.09130859375,5989.779026586627,1007.5765991210938,0.5322547338024556,3514612463.93992,0.9953741003614995,0.06379289718871155,accepted_saved_frame
JSCC,440_SinglePlusCompton,6600,23135.798828125,22.95515251159668,27.239429984372798,-53.46039145130208,4.5,2240.829833984375,6616.74658203125,6009.392113895052,1007.8695678710938,0.5338593654005178,3514607733.5245333,0.9953727606596097,0.06358181795662263,accepted_saved_frame
JSCC,440_SinglePlusCompton,6650,23285.33203125,23.09688949584961,27.239429984372798,-53.46039145130208,4.5,2248.0068359375,6629.24609375,6011.484814638286,1008.1588134765625,0.535473517639348,3514603056.945159,0.9953714362046278,0.06337297568553668,accepted_saved_frame
JSCC,440_SinglePlusCompton,6700,23434.490234375,23.238256454467773,27.239429984372798,-53.46039145130208,4.5,2253.3828125,6640.341796875,6017.180013433285,1008.4444580078125,0.5370970141421737,3514598420.847665,0.9953701232145272,0.06316633734789326,accepted_saved_frame
JSCC,440_SinglePlusCompton,6750,23583.24609375,23.379226684570312,27.239429984372798,-53.46039145130208,4.5,2258.26025390625,6649.44482421875,6022.822671024731,1008.7265625,0.5387296502397051,3514593820.2843394,0.9953688202880657,0.06296186929537281,accepted_saved_frame
JSCC,440_SinglePlusCompton,6800,23731.630859375,23.51983070373535,27.239429984372798,-53.46039145130208,4.5,2265.87890625,6658.46240234375,6028.4023731661955,1009.0051879882812,0.5403711608010409,3514589254.5849333,0.9953675272354218,0.06275953801632231,accepted_saved_frame
JSCC,440_SinglePlusCompton,6850,23879.646484375,23.660070419311523,27.239429984372798,-53.46039145130208,4.5,2272.2578125,6667.38623046875,6034.7671571216815,1009.2804565429688,0.5420215503689484,3514584733.5753326,0.9953662468393866,0.06255931120707031,accepted_saved_frame
JSCC,440_SinglePlusCompton,6900,24027.294921875,23.799951553344727,27.239429984372798,-53.46039145130208,4.5,2278.607421875,6676.265625,6041.827540507836,1009.55224609375,0.5436806520526823,3514580253.590248,0.9953649780619128,0.06236115592140494,accepted_saved_frame
JSCC,440_SinglePlusCompton,6950,24174.548828125,23.93944549560547,27.239429984372798,-53.46039145130208,4.5,2282.933349609375,6685.06787109375,6062.445913701862,1009.8207397460938,0.5453482561970898,3514575805.898433,0.9953637184302225,0.062165044917067216,accepted_saved_frame
JSCC,440_SinglePlusCompton,7000,24321.455078125,24.078598022460938,27.239429984372798,-53.46039145130208,4.5,2286.733154296875,6715.08642578125,6095.458558319393,1010.0859985351562,0.5470240975889601,3514571392.7650647,0.9953624685858367,0.061970947977900606,accepted_saved_frame
JSCC,440_SinglePlusCompton,7050,24467.958984375,24.217357635498047,27.239429984372798,-53.46039145130208,4.5,2292.187744140625,6719.826171875,6106.72992330554,1010.3480224609375,0.5487081254271744,3514567009.837598,0.9953612272960702,0.061778836464936676,accepted_saved_frame
JSCC,440_SinglePlusCompton,7100,24614.046875,24.355709075927734,27.239429984372798,-53.46039145130208,4.5,2299.538330078125,6729.78955078125,6119.979266115618,1010.6068725585938,0.5504001350905493,3514562656.5335155,0.9953599943959486,0.06158868073386732,accepted_saved_frame
JSCC,440_SinglePlusCompton,7150,24759.76953125,24.493701934814453,27.239429984372798,-53.46039145130208,4.5,2305.2646484375,6748.99560546875,6148.793867255064,1010.8626708984375,0.5521000697139121,3514558331.527398,0.9953587695100992,0.06140044850856755,accepted_saved_frame
JSCC,440_SinglePlusCompton,7200,24905.119140625,24.631332397460938,27.239429984372798,-53.46039145130208,4.5,2315.1201171875,6760.9794921875,6188.456679323648,1011.1154174804688,0.5538075764897201,3514554036.8936434,0.9953575532260127,0.06121411892146431,accepted_saved_frame
JSCC,440_SinglePlusCompton,7250,25050.0859375,24.76858901977539,27.239429984372798,-53.46039145130208,4.5,2321.562255859375,6772.85009765625,6226.35602922075,1011.3651123046875,0.5555227255472865,3514549769.4037685,0.9953563446293499,0.06102966306496407,accepted_saved_frame
JSCC,440_SinglePlusCompton,7300,25194.69140625,24.90549659729004,27.239429984372798,-53.46039145130208,4.5,2327.114013671875,6784.57373046875,6226.25141890904,1011.6116943359375,0.5572453190329141,3514545529.6066966,0.9953551438755713,0.060847056836656276,accepted_saved_frame
JSCC,440_SinglePlusCompton,7350,25338.91015625,25.042022705078125,27.239429984372798,-53.46039145130208,4.5,2334.532958984375,6796.17578125,6245.653169917619,1011.8555908203125,0.5589751313800342,3514541311.567872,0.9953539492839504,0.060666269812469836,accepted_saved_frame
JSCC,440_SinglePlusCompton,7400,25482.71875,25.17815399169922,27.239429984372798,-53.46039145130208,4.5,2342.03076171875,6807.646484375,6267.394206656695,1012.0963745117188,0.5607121666158993,3514537122.6326323,0.9953527629347616,0.06048727894466402,accepted_saved_frame
JSCC,440_SinglePlusCompton,7450,25626.21875,25.313983917236328,27.239429984372798,-53.46039145130208,4.5,2350.605712890625,6818.978515625,6290.094620763994,1012.33447265625,0.562456077647725,3514532959.054946,0.9953515837670904,0.06031006340424009,accepted_saved_frame
JSCC,440_SinglePlusCompton,7500,25769.298828125,25.44940757751465,27.239429984372798,-53.46039145130208,4.5,2356.639404296875,6830.177734375,6296.238403849828,1012.5697021484375,0.564206915250216,3514528813.7608914,0.9953504097775304,0.06013459299031304,accepted_saved_frame
JSCC,440_SinglePlusCompton,7550,25912.0390625,25.58449935913086,27.239429984372798,-53.46039145130208,4.5,2361.6806640625,6840.79345703125,6302.322415168836,1012.8023071289062,0.5659644325186713,3514524697.5180492,0.9953492440155701,0.05996084541197927,accepted_saved_frame
JSCC,440_SinglePlusCompton,7600,26054.37890625,25.71920394897461,27.239429984372798,-53.46039145130208,4.5,2367.4580078125,6850.3935546875,6308.273733283299,1013.0321044921875,0.5677285001287542,3514520595.09486,0.9953480821674764,0.059788799390923256,accepted_saved_frame
JSCC,440_SinglePlusCompton,7650,26196.296875,25.853500366210938,27.239429984372798,-53.46039145130208,4.5,2375.8486328125,6859.86474609375,6314.116355072821,1013.2592163085938,0.5694991199150858,3514516518.292789,0.9953469275755448,0.05961842831268039,accepted_saved_frame
JSCC,440_SinglePlusCompton,7700,26337.85546875,25.98744773864746,27.239429984372798,-53.46039145130208,4.5,2385.032958984375,6869.2353515625,6319.835492395101,1013.4837646484375,0.571276172517082,3514512468.448389,0.9953457806183005,0.0594497141646974,accepted_saved_frame
JSCC,440_SinglePlusCompton,7750,26479.08984375,26.121084213256836,27.239429984372798,-53.46039145130208,4.5,2389.156494140625,6878.455078125,6325.552215102911,1013.7056274414062,0.5730593748895524,3514508425.3786545,0.9953446355797105,0.05928263107131662,accepted_saved_frame
JSCC,440_SinglePlusCompton,7800,26619.953125,26.254358291625977,27.239429984372798,-53.46039145130208,4.5,2394.76953125,6887.5625,6344.233585833158,1013.9251098632812,0.5748487447349527,3514504409.928255,0.9953434983631981,0.05911715681336127,accepted_saved_frame
JSCC,440_SinglePlusCompton,7850,26760.39453125,26.387226104736328,27.239429984372798,-53.46039145130208,4.5,2401.166748046875,6896.5439453125,6385.902401958987,1014.1420288085938,0.5766440336590032,3514500417.508372,0.9953423676691627,0.05895327011553147,accepted_saved_frame
JSCC,440_SinglePlusCompton,7900,26900.4453125,26.51971435546875,27.239429984372798,-53.46039145130208,4.5,2408.151123046875,6905.4052734375,6427.5255203929055,1014.3565063476562,0.5784451216925562,3514496442.2543545,0.9953412418366757,0.05879095283349214,accepted_saved_frame
JSCC,440_SinglePlusCompton,7950,27040.18359375,26.65190887451172,27.239429984372798,-53.46039145130208,4.5,2414.986328125,6914.1435546875,6456.19158710299,1014.568359375,0.5802520627229483,3514492483.945389,0.9953401208032002,0.05863018362670554,accepted_saved_frame
JSCC,440_SinglePlusCompton,8000,27179.54296875,26.783733367919922,27.239429984372798,-53.46039145130208,4.5,2424.969482421875,6925.65966796875,6466.045598783922,1014.7780151367188,0.5820645618945559,3514488546.081183,0.9953390055598892,0.05847094192952939,accepted_saved_frame
JSCC,440_SinglePlusCompton,8050,27318.53125,26.91520118713379,27.239429984372798,-53.46039145130208,4.5,2433.424560546875,6938.125,6475.81045354375,1014.9852294921875,0.5838825875771023,3514484619.543478,0.9953378935243588,0.05831320613515848,accepted_saved_frame
JSCC,440_SinglePlusCompton,8100,27457.134765625,27.046297073364258,27.239429984372798,-53.46039145130208,4.5,2440.61376953125,6965.32763671875,6485.455934160709,1015.190185546875,0.5857061039834602,3514480722.941395,0.9953367899669018,0.058156960300030695,accepted_saved_frame
JSCC,440_SinglePlusCompton,8150,27595.396484375,27.177066802978516,27.239429984372798,-53.46039145130208,4.5,2446.731689453125,6999.86181640625,6495.217705829383,1015.3927612304688,0.5875348900394591,3514476833.1705127,0.9953356883441106,0.05800218297009453,accepted_saved_frame
JSCC,440_SinglePlusCompton,8200,27733.279296875,27.30747413635254,27.239429984372798,-53.46039145130208,4.5,2450.663818359375,7033.9658203125,6505.459117978993,1015.593017578125,0.5893689200308952,3514472959.2815466,0.9953345912192401,0.05784885575268646,accepted_saved_frame
JSCC,440_SinglePlusCompton,8250,27870.80078125,27.437532424926758,27.239429984372798,-53.46039145130208,4.5,2459.01220703125,7063.921875,6517.898608444768,1015.7910766601562,0.5912080121994474,3514469108.5186224,0.9953335006439005,0.05769695623816383,accepted_saved_frame
JSCC,440_SinglePlusCompton,8300,28007.875,27.56715965270996,27.239429984372798,-53.46039145130208,4.5,2464.351318359375,7065.7666015625,6531.777468120097,1015.9869995117188,0.5930520798145805,3514465273.4952083,0.9953324145261506,0.05754646690972431,accepted_saved_frame
JSCC,440_SinglePlusCompton,8350,28144.5703125,27.696422576904297,27.239429984372798,-53.46039145130208,4.5,2474.130859375,7062.35107421875,6545.5461890785255,1016.1807250976562,0.5949011072967586,3514461449.331479,0.9953313314839745,0.05739737700885042,accepted_saved_frame
JSCC,440_SinglePlusCompton,8400,28280.9453125,27.825380325317383,27.239429984372798,-53.46039145130208,4.5,2480.891357421875,7058.78759765625,6559.223458377433,1016.372314453125,0.5967550079136481,3514457638.3029275,0.9953302521618145,0.057249666946861774,accepted_saved_frame
JSCC,440_SinglePlusCompton,8450,28416.970703125,27.954002380371094,27.239429984372798,-53.46039145130208,4.5,2489.045166015625,7055.087890625,6573.301948539241,1016.561767578125,0.5986136705159207,3514453844.642169,0.9953291777583907,0.05710331920047077,accepted_saved_frame
JSCC,440_SinglePlusCompton,8500,28552.671875,28.082319259643555,27.239429984372798,-53.46039145130208,4.5,2494.486572265625,7051.2412109375,6586.919813287057,1016.7490844726562,0.6004769840975887,3514450070.257019,0.9953281088140159,0.056958310362608684,accepted_saved_frame
JSCC,440_SinglePlusCompton,8550,28687.958984375,28.210233688354492,27.239429984372798,-53.46039145130208,4.5,2502.1982421875,7058.2314453125,6595.402287908627,1016.9344482421875,0.6023447893563191,3514446302.7962995,0.9953270418307103,0.056814629185481996,accepted_saved_frame
JSCC,440_SinglePlusCompton,8600,28822.8671875,28.337787628173828,27.239429984372798,-53.46039145130208,4.5,2507.302001953125,7066.23681640625,6603.823775878705,1017.1177368164062,0.604217047096104,3514442540.8762474,0.9953259764165784,0.056672258255398525,accepted_saved_frame
JSCC,440_SinglePlusCompton,8650,28957.40234375,28.464984893798828,27.239429984372798,-53.46039145130208,4.5,2512.723876953125,7062.87841796875,6612.211044244428,1017.299072265625,0.6060936936400745,3514438810.0081177,0.9953249197966676,0.05653117628370774,accepted_saved_frame
JSCC,440_SinglePlusCompton,8700,29091.568359375,28.591825485229492,27.239429984372798,-53.46039145130208,4.5,2519.842529296875,7089.265625,6620.498593376933,1017.478515625,0.6079745210183722,3514435086.6826563,0.9953238653129174,0.05639137524553155,accepted_saved_frame
JSCC,440_SinglePlusCompton,8750,29225.4296875,28.718381881713867,27.239429984372798,-53.46039145130208,4.5,2528.777587890625,7103.990234375,6628.713445352543,1017.6558837890625,0.6098596472414476,3514431377.1081033,0.9953228147235647,0.05625283583037352,accepted_saved_frame
JSCC,440_SinglePlusCompton,8800,29359.009765625,28.844669342041016,27.239429984372798,-53.46039145130208,4.5,2533.6953125,7117.25146484375,6636.87190843487,1017.8313598632812,0.611748971540132,3514427680.5357,0.9953217678165533,0.05611554186845234,accepted_saved_frame
JSCC,440_SinglePlusCompton,8850,29492.1640625,28.970548629760742,27.239429984372798,-53.46039145130208,4.5,2539.454833984375,7129.7978515625,6657.703376027792,1018.0050048828125,0.6136421657085553,3514423997.391565,0.9953207247125646,0.05597948170861233,accepted_saved_frame
JSCC,440_SinglePlusCompton,8900,29624.91796875,29.096044540405273,27.239429984372798,-53.46039145130208,4.5,2546.219482421875,7139.86962890625,6661.4815376802235,1018.1768188476562,0.615539297926262,3514420337.952564,0.9953196883221117,0.05584463195765031,accepted_saved_frame
JSCC,440_SinglePlusCompton,8950,29757.33984375,29.22122573852539,27.239429984372798,-53.46039145130208,4.5,2552.866455078125,7149.83642578125,6687.683040862534,1018.3467407226562,0.6174404134401121,3514416680.3142443,0.9953186524416301,0.05571098722361107,accepted_saved_frame
JSCC,440_SinglePlusCompton,9000,29889.455078125,29.346115112304688,27.239429984372798,-53.46039145130208,4.5,2559.443359375,7159.69873046875,6718.814007205705,1018.514892578125,0.6193452069196376,3514413033.7735157,0.9953176197040995,0.055578528139646914,accepted_saved_frame
JSCC,440_SinglePlusCompton,9050,30021.138671875,29.47058868408203,27.239429984372798,-53.46039145130208,4.5,2563.992919921875,7169.45849609375,6749.845018357027,1018.6813354492188,0.6212537091654771,3514409404.082587,0.995316591738604,0.055447243358696635,accepted_saved_frame
JSCC,440_SinglePlusCompton,9100,30152.4140625,29.59467887878418,27.239429984372798,-53.46039145130208,4.5,2569.9697265625,7204.21044921875,6780.741309851685,1018.8457641601562,0.623166114621247,3514405788.359964,0.9953155677290753,0.05531711531146457,accepted_saved_frame
JSCC,440_SinglePlusCompton,9150,30283.40234375,29.71849250793457,27.239429984372798,-53.46039145130208,4.5,2577.33251953125,7225.79296875,6811.655027906674,1019.0086669921875,0.625081833732065,3514402194.197246,0.9953145498255316,0.055188126902116615,accepted_saved_frame
JSCC,440_SinglePlusCompton,9200,30414.064453125,29.84200096130371,27.239429984372798,-53.46039145130208,4.5,2584.14306640625,7220.662109375,6841.028673926308,1019.1697387695312,0.6270012409213348,3514398597.2468066,0.9953135311324767,0.05506027419752197,accepted_saved_frame
JSCC,440_SinglePlusCompton,9250,30544.35546875,29.96515464782715,27.239429984372798,-53.46039145130208,4.5,2588.622802734375,7214.05615234375,6870.274477032404,1019.3291625976562,0.6289239324197942,3514395020.3316703,0.995312518113624,0.05493353894668669,accepted_saved_frame
JSCC,440_SinglePlusCompton,9300,30674.298828125,30.087976455688477,27.239429984372798,-53.46039145130208,4.5,2593.775146484375,7216.75634765625,6899.407715604768,1019.4869384765625,0.6308499758789804,3514391455.369567,0.9953115084799921,0.05480790598041871,accepted_saved_frame
JSCC,440_SinglePlusCompton,9350,30803.8828125,30.21045684814453,27.239429984372798,-53.46039145130208,4.5,2599.401123046875,7225.9033203125,6928.403190701532,1019.64306640625,0.6327793192221735,3514387904.8521776,0.9953105029372507,0.05468336309030233,accepted_saved_frame
JSCC,440_SinglePlusCompton,9400,30933.107421875,30.332597732543945,27.239429984372798,-53.46039145130208,4.5,2605.21240234375,7234.953125,6944.593178579392,1019.7974853515625,0.6347120082746591,3514384362.520606,0.9953094997128162,0.05455990126718067,accepted_saved_frame
JSCC,440_SinglePlusCompton,9450,31061.984375,30.45440673828125,27.239429984372798,-53.46039145130208,4.5,2613.279052734375,7246.17431640625,6944.471173731432,1019.9503784179688,0.6366478770969812,3514380830.9066124,0.9953084995237093,0.054437503102295205,accepted_saved_frame
JSCC,440_SinglePlusCompton,9500,31190.537109375,30.57591438293457,27.239429984372798,-53.46039145130208,4.5,2621.671875,7254.30517578125,6942.176333888993,1020.1015625,0.6385868680737978,3514377314.138434,0.9953075035390885,0.054316157776648805,accepted_saved_frame
JSCC,440_SinglePlusCompton,9550,31318.81640625,30.697154998779297,27.239429984372798,-53.46039145130208,4.5,2626.997314453125,7257.48779296875,6939.576522550424,1020.2514038085938,0.6405287596482825,3514373810.055184,0.995306511146969,0.05419585521011828,accepted_saved_frame
JSCC,440_SinglePlusCompton,9600,31446.783203125,30.8181095123291,27.239429984372798,-53.46039145130208,4.5,2630.732421875,7256.92529296875,6934.449802745365,1020.3994750976562,0.6424737674005464,3514370315.979758,0.9953055215891672,0.05407658093440939,accepted_saved_frame
JSCC,440_SinglePlusCompton,9650,31574.3515625,30.938682556152344,27.239429984372798,-53.46039145130208,4.5,2639.8388671875,7270.10791015625,6938.4318519234785,1020.5460815429688,0.6444216475853447,3514366829.145971,0.9953045340822715,0.05395832326628276,accepted_saved_frame
JSCC,440_SinglePlusCompton,9700,31701.556640625,31.058908462524414,27.239429984372798,-53.46039145130208,4.5,2645.97705078125,7290.02880859375,6944.565013004694,1020.6912841796875,0.6463724284976038,3514363362.749869,0.9953035523635366,0.05384106665298119,accepted_saved_frame
JSCC,440_SinglePlusCompton,9750,31828.447265625,31.1788387298584,27.239429984372798,-53.46039145130208,4.5,2651.487548828125,7294.8955078125,6942.455513276111,1020.8348999023438,0.6483260538682608,3514359907.334634,0.9953025737546953,0.05372480404232153,accepted_saved_frame
JSCC,440_SinglePlusCompton,9800,31954.9921875,31.298442840576172,27.239429984372798,-53.46039145130208,4.5,2658.480712890625,7292.95068359375,6955.041239356426,1020.97705078125,0.6502825136384658,3514356465.999532,0.9953015991334915,0.05360952446857401,accepted_saved_frame
JSCC,440_SinglePlusCompton,9850,32081.23828125,31.41776466369629,27.239429984372798,-53.46039145130208,4.5,2664.837646484375,7290.92333984375,6967.493219533856,1021.1177978515625,0.6522415369664807,3514353021.678136,0.9953006236665385,0.0534952195930056,accepted_saved_frame
JSCC,440_SinglePlusCompton,9900,32207.14453125,31.53676414489746,27.239429984372798,-53.46039145130208,4.5,2669.59423828125,7288.8251953125,6979.897223225393,1021.257080078125,0.6542031699692259,3514349600.148324,0.9952996546543946,0.053381871339104256,accepted_saved_frame
JSCC,440_SinglePlusCompton,9950,32332.740234375,31.655471801757812,27.239429984372798,-53.46039145130208,4.5,2677.746337890625,7286.65478515625,6992.271434466448,1021.3949584960938,0.6561674405652741,3514346183.538216,0.9952986870355612,0.05326947130944159,accepted_saved_frame
JSCC,440_SinglePlusCompton,10000,32457.998046875,31.773862838745117,27.239429984372798,-53.46039145130208,4.5,2684.0986328125,7307.8720703125,7005.168976017273,1021.5313720703125,0.6581341561125593,3514342779.7092533,0.9952977230364785,0.05315801156795882,accepted_saved_frame
EHE,440SinglePlus218Single,0,2.0,1,,,,2.0,2.0,2.0,2.0,0,28271994.383138925,0.005654398876627785,0.5,known_uniform_initialization
EHE,440SinglePlus218Single,10,12018.5576171875,9.871163368225098,-245.00967632282882,22.05126999024467,55.5,2201.124267578125,5172.52880859375,4961.065830403896,1217.5421142578125,0.35389616411698094,5930973809.247794,1.1861947618495587,0.08355293045053579,accepted_saved_frame
EHE,440SinglePlus218Single,20,22398.751953125,17.235408782958984,-237.82794282430436,-32.21598379623728,4.5,3027.0947265625,7419.884765625,7371.507354322532,1299.57763671875,0.47194541871513995,5929610163.278911,1.1859220326557822,0.08850536433890788,accepted_saved_frame
EHE,440SinglePlus218Single,30,35248.68359375,26.6788387298584,-237.82794282430436,-32.21598379623728,4.5,3792.8525390625,9711.9794921875,9692.120010577899,1321.2225341796875,0.5947660428208922,5967210454.049,1.1934420908098,0.0905256652383925,accepted_saved_frame
EHE,440SinglePlus218Single,40,41618.18359375,31.346813201904297,-237.82794282430436,-32.21598379623728,4.5,4463.14453125,11839.7568359375,12072.18960954298,1327.668701171875,0.7169101387958473,6000609631.991861,1.2001219263983722,0.09080585556784095,accepted_saved_frame
EHE,440SinglePlus218Single,50,45180.40625,33.98600387573242,-237.82794282430436,-32.21598379623728,4.5,5114.06640625,13641.154296875,13717.038846038331,1329.3826904296875,0.8341131555292814,6025814264.185814,1.2051628528371627,0.0906243393651538,accepted_saved_frame
EHE,440SinglePlus218Single,60,47484.73828125,35.71564483642578,-237.82794282430436,-32.21598379623728,4.5,5685.23486328125,15026.4638671875,15254.430290611046,1329.5220947265625,0.9453316800479642,6044277932.687144,1.2088555865374289,0.09033308733084483,accepted_saved_frame
EHE,440SinglePlus218Single,70,50722.1015625,38.161231994628906,-225.93654568308912,30.605184606425478,-16.5,6206.34423828125,16483.45703125,16673.92859492393,1329.152587890625,1.0505853100055491,6057872350.004217,1.2115744700008435,0.09002351718839288,accepted_saved_frame
EHE,440SinglePlus218Single,80,53089.9140625,39.9566535949707,-225.93654568308912,30.605184606425478,-16.5,6642.875,17885.8671875,18035.850175995445,1328.687744140625,1.1502225619475572,6067970163.414141,1.213594032682828,0.08972003938342356,accepted_saved_frame
EHE,440SinglePlus218Single,90,54680.1640625,41.165855407714844,-225.93654568308912,30.605184606425478,-16.5,7070.6533203125,18859.119140625,19205.840229513564,1328.289306640625,1.2446697311159851,6075529813.427159,1.215105962685432,0.08943472474855087,accepted_saved_frame
EHE,440SinglePlus218Single,100,55774.3046875,41.998443603515625,-225.93654568308912,30.605184606425478,-16.5,7497.56982421875,20359.2265625,20454.353480665566,1328.0087890625,1.3343457074552847,6081231907.796483,1.2162463815592965,0.08917504309181867,accepted_saved_frame
EHE,440SinglePlus218Single,110,56547.18359375,42.58553695678711,-225.93654568308912,30.605184606425478,-16.5,7876.17578125,21124.17578125,21332.00128898628,1327.8494873046875,1.4196324550046826,6085563942.516115,1.2171127885032231,0.08894399903937722,accepted_saved_frame
EHE,440SinglePlus218Single,120,57108.3828125,43.009918212890625,-225.93654568308912,30.605184606425478,-16.5,8199.82421875,22687.376953125,22820.000353529038,1327.795654296875,1.5008692412879592,6088877455.727656,1.2177754911455312,0.08874119131208864,accepted_saved_frame
EHE,440SinglePlus218Single,130,57528.38671875,43.32520294189453,-225.93654568308912,30.605184606425478,-16.5,8472.17578125,23547.201171875,23605.395696265077,1327.8272705078125,1.5783551110400575,6091426779.88445,1.21828535597689,0.08856437167633595,accepted_saved_frame
EHE,440SinglePlus218Single,140,57853.2734375,43.56663131713867,-225.93654568308912,30.605184606425478,-16.5,8774.2578125,24702.28515625,24845.342842036764,1327.92626953125,1.652353679392468,6093395043.85974,1.2186790087719481,0.08841061812862007,accepted_saved_frame
EHE,440SinglePlus218Single,150,59770.5390625,45.0052604675293,53.460391451302065,-27.23942998437282,-1.5,9043.255859375,25756.369140625,25945.331933789053,1328.0789794921875,1.7230973904150906,6094914223.871361,1.218982844774272,0.08827699853841482,accepted_saved_frame
EHE,440SinglePlus218Single,160,65345.49609375,49.195770263671875,53.460391451302065,-27.23942998437282,-1.5,9297.0224609375,26712.970703125,26782.443601739455,1328.274658203125,1.7907925081236251,6096080823.801759,1.2192161647603517,0.08816081138591488,accepted_saved_frame
EHE,440SinglePlus218Single,170,70861.234375,53.339080810546875,53.460391451302065,-27.23942998437282,-1.5,9518.86328125,27290.205078125,27517.48662674492,1328.5050048828125,1.8556214568386822,6096967844.398936,1.2193935688797872,0.08805966822895024,accepted_saved_frame
EHE,440SinglePlus218Single,180,76290.5390625,57.41472244262695,53.460391451302065,-27.23942998437282,-1.5,9690.33984375,28160.572265625,28272.950884407885,1328.7626953125,1.9177477652274313,6097632181.266726,1.2195264362533451,0.0879715074407106,accepted_saved_frame
EHE,440SinglePlus218Single,190,81610.5,61.405521392822266,53.460391451302065,-27.23942998437282,-1.5,9857.4677734375,28914.7265625,28975.91372983722,1329.041748046875,1.9773178623946155,6098119414.72272,1.219623882944544,0.08789455348829908,accepted_saved_frame
EHE,440SinglePlus218Single,200,86802.1796875,65.29734802246094,53.460391451302065,-27.23942998437282,-1.5,10086.8408203125,29387.857421875,29437.124295512327,1329.3370361328125,2.0344646875108183,6098466303.367001,1.2196932606734001,0.0878273000284852,accepted_saved_frame
JSCC,440SinglePlus218Single,0,2.0,1,,,,2.0,2.0,2.0,2.0,0,28271994.383138925,0.005654398876627785,0.5,known_uniform_initialization
JSCC,440SinglePlus218Single,50,797.19921875,1.9391918182373047,-2.7554552980815446e-14,-150.0,-1.5,686.1810302734375,754.8555908203125,758.4914846758401,411.09869384765625,0.19128779021299422,4729313891.085854,0.9458627782171707,0.4812964613105808,accepted_saved_frame
JSCC,440SinglePlus218Single,100,883.7266845703125,1.9523959159851074,-2.7554552980815446e-14,-150.0,-1.5,733.6583862304688,819.7944946289062,825.0709870948197,452.63702392578125,0.22124064776115981,4761568180.584273,0.9523136361168547,0.4613827963001235,accepted_saved_frame
JSCC,440SinglePlus218Single,150,887.996826171875,1.8133479356765747,-2.7554552980815446e-14,-150.0,-1.5,745.0740356445312,819.3158569335938,823.0609698272792,489.7001953125,0.23354737383164523,4776352182.355103,0.9552704364710205,0.44228472865727647,accepted_saved_frame
JSCC,440SinglePlus218Single,200,868.6053466796875,1.652999758720398,-2.7554552980815446e-14,-150.0,-1.5,780.1207275390625,827.9911499023438,828.1866249706864,525.47216796875,0.24349250046693496,4786975125.203501,0.9573950250407002,0.4240341304868188,accepted_saved_frame
JSCC,440SinglePlus218Single,250,984.5074462890625,1.7572853565216064,27.239429984372798,-53.46039145130208,1.5,825.3167724609375,922.147705078125,920.9046130479243,560.2433471679688,0.2543517139670686,4796247987.242633,0.9592495974485266,0.4066594460415176,accepted_saved_frame
JSCC,440SinglePlus218Single,300,1113.14794921875,1.8742499351501465,27.239429984372798,-53.46039145130208,1.5,894.9850463867188,1027.5654296875,1022.5991220118913,593.91650390625,0.26636411479182237,4804902839.828118,0.9609805679656237,0.3901841357390813,accepted_saved_frame
JSCC,440SinglePlus218Single,350,1248.3021240234375,1.992939829826355,27.239429984372798,-53.46039145130208,1.5,969.0323486328125,1139.5035400390625,1132.7498634521398,626.3621826171875,0.2790608807873621,4813136874.922395,0.9626273749844789,0.37461269787541135,accepted_saved_frame
JSCC,440SinglePlus218Single,400,1389.867919921875,2.1139092445373535,27.239429984372798,-53.46039145130208,1.5,1042.3572998046875,1254.8868408203125,1243.6611630655398,657.487060546875,0.2919303298061281,4820998990.439729,0.9641997980879458,0.3599298991900648,accepted_saved_frame
JSCC,440SinglePlus218Single,450,1537.8040771484375,2.2376441955566406,27.239429984372798,-53.46039145130208,1.5,1118.4898681640625,1369.19970703125,1352.9653906459246,687.242431640625,0.30458121739501126,4828499348.55752,0.965699869711504,0.3461053650105624,accepted_saved_frame
JSCC,440SinglePlus218Single,500,1692.114013671875,2.3645527362823486,27.239429984372798,-53.46039145130208,1.5,1193.4500732421875,1482.1375732421875,1466.5657915924746,715.616943359375,0.3167551524699889,4835641272.855934,0.9671282545711868,0.3330991030906423,accepted_saved_frame
JSCC,440SinglePlus218Single,550,1852.808837890625,2.4949424266815186,27.239429984372798,-53.46039145130208,1.5,1262.81396484375,1591.802001953125,1579.1426959486218,742.6259155273438,0.32829975927870897,4842429775.496803,0.9684859550993606,0.3208661821449657,accepted_saved_frame
JSCC,440SinglePlus218Single,600,2019.876220703125,2.62900972366333,27.239429984372798,-53.46039145130208,1.5,1335.3756103515625,1709.01904296875,1688.3775046506532,768.3030395507812,0.33913725086446267,4848872993.294351,0.9697745986588702,0.30936009906952283,accepted_saved_frame
JSCC,440SinglePlus218Single,650,2193.2548828125,2.766840696334839,27.239429984372798,-53.46039145130208,1.5,1400.2728271484375,1821.77587890625,1801.3954648484405,792.69287109375,0.349239536846255,4854981660.382438,0.9709963320764875,0.2985349461886989,accepted_saved_frame
JSCC,440SinglePlus218Single,700,2372.81640625,2.908409357070923,27.239429984372798,-53.46039145130208,1.5,1464.05224609375,1933.570068359375,1906.251500735296,815.8468017578125,0.35860903935816063,4860768223.127509,0.9721536446255018,0.28834664201755417,accepted_saved_frame
JSCC,440SinglePlus218Single,750,2558.36669921875,3.053603410720825,27.239429984372798,-53.46039145130208,1.5,1526.5517578125,2050.015869140625,2014.3180248293727,837.8189086914062,0.36726653832914746,4866246079.772227,0.9732492159544455,0.2787535365150479,accepted_saved_frame
JSCC,440SinglePlus218Single,800,2749.637451171875,3.2022242546081543,27.239429984372798,-53.46039145130208,1.5,1584.474853515625,2164.85009765625,2127.8888282174225,858.6648559570312,0.3752427520895285,4871429066.433064,0.9742858132866129,0.2697166140699585,accepted_saved_frame
JSCC,440SinglePlus218Single,850,2946.302001953125,3.3540163040161133,27.239429984372798,-53.46039145130208,1.5,1638.61279296875,2281.16455078125,2245.2705711481294,878.4400024414062,0.3825729843769205,4876331035.645071,0.9752662071290142,0.2611994762587752,accepted_saved_frame
JSCC,440SinglePlus218Single,900,3147.9833984375,3.5086793899536133,27.239429984372798,-53.46039145130208,1.5,1689.8033447265625,2389.451171875,2355.867267770641,897.1989135742188,0.3892943920582907,4880965698.486603,0.9761931396973206,0.253168208180376,accepted_saved_frame
JSCC,440SinglePlus218Single,950,3354.255859375,3.6658732891082764,27.239429984372798,-53.46039145130208,1.5,1738.4122314453125,2505.82666015625,2459.6407232709507,914.9950561523438,0.3954436109153862,4885346439.290439,0.9770692878580878,0.2455912016596626,accepted_saved_frame
JSCC,440SinglePlus218Single,1000,3564.662109375,3.82523775100708,27.239429984372798,-53.46039145130208,1.5,1785.92431640625,2615.398681640625,2565.611672591525,931.8798828125,0.4010564962352436,4889486268.610307,0.9778972537220614,0.23843897417527948,accepted_saved_frame
JSCC,440SinglePlus218Single,1050,3778.7275390625,3.98640513420105,27.239429984372798,-53.46039145130208,1.5,1832.9832763671875,2724.016845703125,2666.141710266363,947.903564453125,0.4061669293334154,4893397783.273131,0.9786795566546262,0.23168399818341298,accepted_saved_frame
JSCC,440SinglePlus218Single,1100,3995.966552734375,4.149006366729736,27.239429984372798,-53.46039145130208,1.5,1877.2137451171875,2814.798583984375,2760.0422221044714,963.1141357421875,0.41080715163607434,4897093111.16037,0.979418622232074,0.22530054612870426,accepted_saved_frame
JSCC,440SinglePlus218Single,1150,4215.89453125,4.312682628631592,27.239429984372798,-53.46039145130208,1.5,1916.80029296875,2919.828857421875,2854.3476062441136,977.557373046875,0.415007898203705,4900583944.772207,0.9801167889544414,0.21926455628335212,accepted_saved_frame
JSCC,440SinglePlus218Single,1200,4438.03125,4.477081298828125,27.239429984372798,-53.46039145130208,1.5,1957.61767578125,3031.2470703125,2949.5986013695288,991.27783203125,0.4187975983886802,4903881503.356639,0.9807763006713278,0.21355351984048893,accepted_saved_frame
JSCC,440SinglePlus218Single,1250,4661.9111328125,4.641870975494385,27.239429984372798,-53.46039145130208,1.5,1989.8519287109375,3142.961669921875,3046.921181962492,1004.3172607421875,0.4222036041421271,4906996529.533323,0.9813993059066647,0.20814637990405382,accepted_saved_frame
JSCC,440SinglePlus218Single,1300,4887.08984375,4.806741237640381,27.239429984372798,-53.46039145130208,1.5,2022.2691650390625,3252.144775390625,3136.525919961611,1016.7158203125,0.42525152672562255,4909939317.5489,0.98198786350978,0.20302343861740535,accepted_saved_frame
JSCC,440SinglePlus218Single,1350,5113.1376953125,4.971396446228027,27.239429984372798,-53.46039145130208,1.5,2053.630615234375,3354.554931640625,3228.7771577398703,1028.5113525390625,0.4279657803363929,4912719676.970546,0.9825439353941091,0.19816628216075075,accepted_saved_frame
JSCC,440SinglePlus218Single,1400,5339.65625,5.135570049285889,27.239429984372798,-53.46039145130208,1.5,2079.7587890625,3442.609130859375,3316.5749075448202,1039.73974609375,0.4303693386876129,4915346962.017758,0.9830693924035516,0.1935577018927504,accepted_saved_frame
JSCC,440SinglePlus218Single,1450,5566.2822265625,5.299025058746338,27.239429984372798,-53.46039145130208,1.5,2106.8408203125,3526.73388671875,3408.8564720588997,1050.4351806640625,0.4324839790985995,4917830067.56556,0.983566013513112,0.18918162556125057,accepted_saved_frame
JSCC,440SinglePlus218Single,1500,5792.6611328125,5.461531162261963,27.239429984372798,-53.46039145130208,1.5,2133.091552734375,3606.476318359375,3489.7204050235973,1060.6295166015625,0.4343305373188576,4920177439.783034,0.9840354879566069,0.18502304969127364,accepted_saved_frame
JSCC,440SinglePlus218Single,1550,6018.48388671875,5.622897624969482,27.239429984372798,-53.46039145130208,1.5,2153.129638671875,3682.416015625,3565.988103597104,1070.352783203125,0.4359286488989351,4922397084.409241,0.9844794168818481,0.18106798254641554,accepted_saved_frame
JSCC,440SinglePlus218Single,1600,6243.4716796875,5.78295373916626,27.239429984372798,-53.46039145130208,1.5,2175.560791015625,3777.159912109375,3638.7190456181734,1079.6336669921875,0.43729675604529394,4924496574.255772,0.9848993148511543,0.1773033804181817,accepted_saved_frame
JSCC,440SinglePlus218Single,1650,6467.37060546875,5.94155216217041,27.239429984372798,-53.46039145130208,1.5,2197.452880859375,3872.019775390625,3704.4543803965344,1088.49853515625,0.438452620730337,4926483066.674214,0.9852966133348429,0.17371708689149506,accepted_saved_frame
JSCC,440SinglePlus218Single,1700,6689.9560546875,6.098564147949219,27.239429984372798,-53.46039145130208,1.5,2219.400634765625,3964.72509765625,3770.1108008354586,1096.9722900390625,0.4394128703639512,4928363322.071669,0.9856726644143338,0.1702977830326461,accepted_saved_frame
JSCC,440SinglePlus218Single,1750,6911.025390625,6.253878593444824,27.239429984372798,-53.46039145130208,1.5,2237.80224609375,4046.0205078125,3831.977678525232,1105.0782470703125,0.4401933169634459,4930143690.221122,0.9860287380442243,0.167034931833118,accepted_saved_frame
JSCC,440SinglePlus218Single,1800,7130.40234375,6.407402038574219,27.239429984372798,-53.46039145130208,1.5,2251.240966796875,4116.40625,3892.7466691442078,1112.8382568359375,0.4408088481699571,4931830173.269971,0.9863660346539942,0.16391872477262168,accepted_saved_frame
JSCC,440SinglePlus218Single,1850,7347.94580078125,6.55906867980957,27.239429984372798,-53.46039145130208,1.5,2263.794189453125,4183.19384765625,3962.649419676956,1120.272705078125,0.44127346530135203,4933428401.855887,0.9866856803711774,0.16094003709197632,accepted_saved_frame
JSCC,440SinglePlus218Single,1900,7563.5244140625,6.708816051483154,27.239429984372798,-53.46039145130208,1.5,2280.572265625,4244.94287109375,4028.5567426629714,1127.4007568359375,0.441600373854969,4934943674.386953,0.9869887348773907,0.15809038014086454,accepted_saved_frame
JSCC,440SinglePlus218Single,1950,7777.0341796875,6.856602191925049,27.239429984372798,-53.46039145130208,1.5,2292.230224609375,4303.57763671875,4093.0604568385497,1134.240234375,0.4418020402303304,4936380953.304482,0.9872761906608964,0.1553618584969012,accepted_saved_frame
JSCC,440SinglePlus218Single,2000,7988.390625,7.002398490905762,27.239429984372798,-53.46039145130208,1.5,2299.673583984375,4367.8916015625,4155.23158935132,1140.8077392578125,0.4418900353828159,4937744906.8590975,0.9875489813718195,0.15274712657861528,accepted_saved_frame
JSCC,440SinglePlus218Single,2050,8197.5244140625,7.146186828613281,27.239429984372798,-53.46039145130208,1.5,2310.546875,4434.8154296875,4202.797785814175,1147.11865234375,0.44187542752114567,4939039904.291545,0.987807980858309,0.1502393522321,accepted_saved_frame
JSCC,440SinglePlus218Single,2100,8404.3896484375,7.2879638671875,27.239429984372798,-53.46039145130208,1.5,2325.005615234375,4478.97705078125,4265.269705611171,1153.1876220703125,0.44176835861619557,4940270048.4864235,0.9880540096972847,0.14783217830871428,accepted_saved_frame
JSCC,440SinglePlus218Single,2150,8608.9404296875,7.427722930908203,27.239429984372798,-53.46039145130208,1.5,2333.245361328125,4518.59423828125,4315.9095417264525,1159.0281982421875,0.44157842763570937,4941439172.355545,0.988287834471109,0.14551968959569395,accepted_saved_frame
JSCC,440SinglePlus218Single,2200,8811.1533203125,7.565476417541504,27.239429984372798,-53.46039145130208,1.5,2342.35595703125,4564.1494140625,4365.038640915899,1164.65283203125,0.4413146290325083,4942550870.899219,0.9885101741798437,0.1432963818643798,accepted_saved_frame
JSCC,440SinglePlus218Single,2250,9011.0244140625,7.7012457847595215,27.239429984372798,-53.46039145130208,1.5,2352.17626953125,4619.02294921875,4401.958184016942,1170.0736083984375,0.4409851685554555,4943608524.283159,0.9887217048566318,0.14115712985397882,accepted_saved_frame
JSCC,440SinglePlus218Single,2300,9208.5439453125,7.835050582885742,27.239429984372798,-53.46039145130208,1.5,2360.913330078125,4671.0361328125,4445.10979330039,1175.3011474609375,0.44059799334591254,4944615270.748944,0.9889230541497889,0.1390971584210835,accepted_saved_frame
JSCC,440SinglePlus218Single,2350,9403.72265625,7.966920852661133,27.239429984372798,-53.46039145130208,1.5,2370.614013671875,4718.900390625,4492.125744175798,1180.345947265625,0.44016021066056465,4945574065.263239,0.9891148130526478,0.13711202173732182,accepted_saved_frame
JSCC,440SinglePlus218Single,2400,9596.5751953125,8.096888542175293,27.239429984372798,-53.46039145130208,1.5,2379.20849609375,4762.51318359375,4544.221584848634,1185.2176513671875,0.43967852275286906,4946487671.940533,0.9892975343881065,0.1351975750799631,accepted_saved_frame
JSCC,440SinglePlus218Single,2450,9787.123046875,8.224989891052246,27.239429984372798,-53.46039145130208,1.5,2379.917724609375,4811.91748046875,4597.028830208983,1189.9251708984375,0.43915915143282114,4947358676.790002,0.9894717353580004,0.13334995164763497,accepted_saved_frame
JSCC,440SinglePlus218Single,2500,9975.3837890625,8.35125732421875,27.239429984372798,-53.46039145130208,1.5,2384.35986328125,4847.89990234375,4659.072312473229,1194.4769287109375,0.4386079729958289,4948189493.59155,0.98963789871831,0.1315655485942305,accepted_saved_frame
JSCC,440SinglePlus218Single,2550,10161.416015625,8.475751876831055,27.239429984372798,-53.46039145130208,1.5,2393.91650390625,4890.58544921875,4720.082851470857,1198.8807373046875,0.4380301715742151,4948982400.310336,0.9897964800620672,0.12984099798682844,accepted_saved_frame
JSCC,440SinglePlus218Single,2600,10345.248046875,8.598511695861816,27.239429984372798,-53.46039145130208,1.5,2403.78125,4937.1064453125,4758.539709424338,1203.14404296875,0.43743077930178864,4949739507.827491,0.9899479015654982,0.1281731588323228,accepted_saved_frame
JSCC,440SinglePlus218Single,2650,10526.9150390625,8.719575881958008,27.239429984372798,-53.46039145130208,1.5,2406.9169921875,4977.41162109375,4774.675582976436,1207.273681640625,0.436814369605781,4950462807.114579,0.9900925614229158,0.12655909308816155,accepted_saved_frame
JSCC,440SinglePlus218Single,2700,10706.46875,8.83899974822998,27.239429984372798,-53.46039145130208,1.5,2411.69970703125,5033.42431640625,4790.84159544037,1211.2760009765625,0.43618507649021093,4951154169.942537,0.9902308339885074,0.12499605583873818,accepted_saved_frame
JSCC,440SinglePlus218Single,2750,10883.9609375,8.956832885742188,27.239429984372798,-53.46039145130208,1.5,2416.832763671875,5090.69873046875,4835.128711370754,1215.1573486328125,0.4355467825879754,4951815317.3666115,0.9903630634733223,0.12348147997462533,accepted_saved_frame
JSCC,440SinglePlus218Single,2800,11059.439453125,9.07312297821045,27.239429984372798,-53.46039145130208,1.5,2421.4775390625,5140.98974609375,4884.431492581893,1218.923095703125,0.4349031257379511,4952447905.054335,0.9904895810108669,0.12201296123479946,accepted_saved_frame
JSCC,440SinglePlus218Single,2850,11232.935546875,9.18790340423584,27.239429984372798,-53.46039145130208,1.5,2426.415283203125,5162.611328125,4923.052569538988,1222.5787353515625,0.43425726371430295,4953053456.122643,0.9906106912245287,0.12058824791975077,accepted_saved_frame
JSCC,440SinglePlus218Single,2900,11404.5234375,9.301240921020508,27.239429984372798,-53.46039145130208,1.5,2432.419921875,5182.65380859375,4961.561028473086,1226.1292724609375,0.43361225018669514,4953633410.387831,0.9907266820775662,0.11920523124200672,accepted_saved_frame
JSCC,440SinglePlus218Single,2950,11574.248046875,9.413177490234375,27.239429984372798,-53.46039145130208,1.5,2434.599609375,5209.69482421875,4982.467157639858,1229.579345703125,0.4329708457919087,4954189113.30919,0.990837822661838,0.1178619328623497,accepted_saved_frame
JSCC,440SinglePlus218Single,3000,11746.7587890625,9.527487754821777,27.239429984372798,-53.46039145130208,4.5,2436.86474609375,5249.33984375,5008.161754668307,1232.9334716796875,0.4323354875170182,4954721831.110813,0.9909443662221626,0.11655649504485276,accepted_saved_frame
JSCC,440SinglePlus218Single,3050,11937.9384765625,9.656996726989746,27.239429984372798,-53.46039145130208,4.5,2440.599853515625,5284.66796875,5041.363435564041,1236.19580078125,0.4317085280454583,4955232751.501078,0.9910465503002155,0.11528717605055552,accepted_saved_frame
JSCC,440SinglePlus218Single,3100,12128.11328125,9.7857084274292,27.239429984372798,-53.46039145130208,4.5,2440.820556640625,5326.18798828125,5073.674345155369,1239.3699951171875,0.4310921322232552,4955722994.66977,0.991144598933954,0.11405233700451523,accepted_saved_frame
JSCC,440SinglePlus218Single,3150,12317.310546875,9.913644790649414,27.239429984372798,-53.46039145130208,4.5,2448.499267578125,5337.0419921875,5105.145123775666,1242.4603271484375,0.43048799718222264,4956193600.584369,0.9912387201168738,0.11285043978059496,accepted_saved_frame
JSCC,440SinglePlus218Single,3200,12505.5498046875,10.040828704833984,27.239429984372798,-53.46039145130208,4.5,2452.474853515625,5344.5439453125,5135.807866439667,1245.4698486328125,0.42989799261758116,4956645558.746611,0.9913291117493221,0.11168003614210165,accepted_saved_frame
JSCC,440SinglePlus218Single,3250,12692.8828125,10.167303085327148,27.239429984372798,-53.46039145130208,4.5,2456.828369140625,5354.7939453125,5165.382648182009,1248.402099609375,0.4293235688981325,4957079796.604395,0.991415959320879,0.11053976265226897,accepted_saved_frame
JSCC,440SinglePlus218Single,3300,12879.3134765625,10.293076515197754,27.239429984372798,-53.46039145130208,4.5,2460.60009765625,5393.6767578125,5200.283241909722,1251.2598876953125,0.42876627961212144,4957497183.422529,0.9914994366845058,0.10942833617485404,accepted_saved_frame
JSCC,440SinglePlus218Single,3350,13064.873046875,10.418172836303711,27.239429984372798,-53.46039145130208,4.5,2464.0,5402.3515625,5242.079066109795,1254.0465087890625,0.428227216406576,4957898533.844626,0.9915797067689253,0.10834454460336941,accepted_saved_frame
JSCC,440SinglePlus218Single,3400,13249.583984375,10.54261589050293,27.239429984372798,-53.46039145130208,4.5,2469.768798828125,5417.9599609375,5283.4716166909875,1256.764404296875,0.42770766673394583,4958284635.053196,0.9916569270106392,0.10728724699724305,accepted_saved_frame
JSCC,440SinglePlus218Single,3450,13433.494140625,10.66644287109375,27.239429984372798,-53.46039145130208,4.5,2473.8359375,5440.8818359375,5313.783623442749,1259.41650390625,0.42720850933495136,4958656202.922596,0.9917312405845192,0.1062553661091732,accepted_saved_frame
JSCC,440SinglePlus218Single,3500,13616.61328125,10.789664268493652,27.239429984372798,-53.46039145130208,4.5,2472.256591796875,5467.8740234375,5338.090753927882,1262.0052490234375,0.42673074331902383,4959013921.910618,0.9918027843821235,0.10524788407423553,accepted_saved_frame
JSCC,440SinglePlus218Single,3550,13798.95703125,10.912297248840332,27.239429984372798,-53.46039145130208,4.5,2477.1220703125,5495.96484375,5364.814196720761,1264.53271484375,0.42627515529413307,4959358438.255809,0.9918716876511617,0.10426383827806017,accepted_saved_frame
JSCC,440SinglePlus218Single,3600,13980.568359375,11.03437328338623,27.239429984372798,-53.46039145130208,4.5,2474.3486328125,5523.67724609375,5387.561687954562,1267.0015869140625,0.4258423780384703,4959690367.6583,0.9919380735316601,0.10330231982335089,accepted_saved_frame
JSCC,440SinglePlus218Single,3650,14161.466796875,11.155911445617676,27.239429984372798,-53.46039145130208,4.5,2480.545166015625,5551.0244140625,5411.301503718008,1269.4136962890625,0.4254330473100538,4960010279.222272,0.9920020558444543,0.10236246839727485,accepted_saved_frame
JSCC,440SinglePlus218Single,3700,14341.6669921875,11.276924133300781,27.239429984372798,-53.46039145130208,4.5,2482.829833984375,5579.39111328125,5426.319959605086,1271.7711181640625,0.4250477210928526,4960318717.868628,0.9920637435737255,0.10144346979214704,accepted_saved_frame
JSCC,440SinglePlus218Single,3750,14521.205078125,11.397441864013672,27.239429984372798,-53.46039145130208,4.5,2484.290771484375,5609.65283203125,5447.459098438265,1274.0758056640625,0.42468685893545116,4960616196.88588,0.9921232393771761,0.10054455087482363,accepted_saved_frame
JSCC,440SinglePlus218Single,3800,14700.0771484375,11.517461776733398,27.239429984372798,-53.46039145130208,4.5,2485.872802734375,5641.1474609375,5474.543559875102,1276.32958984375,0.42435082249936207,4960903200.80261,0.9921806401605221,0.09966497982876034,accepted_saved_frame
JSCC,440SinglePlus218Single,3850,14878.3291015625,11.637022018432617,27.239429984372798,-53.46039145130208,4.5,2486.6826171875,5672.20654296875,5502.539154175636,1278.5340576171875,0.42403996428786594,4961180191.630312,0.9922360383260624,0.09880406273154223,accepted_saved_frame
JSCC,440SinglePlus218Single,3900,15055.9697265625,11.756128311157227,27.239429984372798,-53.46039145130208,4.5,2492.7900390625,5700.8173828125,5529.997347436825,1280.691162109375,0.42375447293989316,4961447601.526442,0.9922895203052883,0.09796113864389379,accepted_saved_frame
JSCC,440SinglePlus218Single,3950,15233.0087890625,11.874792098999023,27.239429984372798,-53.46039145130208,4.5,2497.69873046875,5728.87548828125,5552.281222538472,1282.8021240234375,0.42349468988358707,4961705840.304381,0.9923411680608762,0.0971355834950285,accepted_saved_frame
JSCC,440SinglePlus218Single,4000,15409.47265625,11.993032455444336,27.239429984372798,-53.46039145130208,4.5,2497.171142578125,5756.39453125,5581.820179810049,1284.8687744140625,0.4232605697798092,4961955287.552521,0.9923910575105042,0.09632680156314517,accepted_saved_frame
JSCC,440SinglePlus218Single,4050,15585.3681640625,12.110855102539062,27.239429984372798,-53.46039145130208,4.5,2501.2451171875,5783.3896484375,5584.618986219528,1286.8924560546875,0.42305237709352195,4962196326.346673,0.9924392652693346,0.09553422773955768,accepted_saved_frame
JSCC,440SinglePlus218Single,4100,15760.7265625,12.228288650512695,27.239429984372798,-53.46039145130208,4.5,2498.61083984375,5808.6630859375,5587.222620173543,1288.874267578125,0.4228701766867851,4962429291.547641,0.9924858583095282,0.09475732293763597,accepted_saved_frame
JSCC,440SinglePlus218Single,4150,15935.5546875,12.345335960388184,27.239429984372798,-53.46039145130208,4.5,2507.66552734375,5826.69775390625,5598.527267876685,1290.8157958984375,0.4227139261249117,4962654530.935628,0.9925309061871256,0.0939955739653806,accepted_saved_frame
JSCC,440SinglePlus218Single,4200,16109.8701171875,12.462013244628906,27.239429984372798,-53.46039145130208,4.5,2511.261474609375,5835.724609375,5624.623315888208,1292.7181396484375,0.4225837013159745,4962872339.183409,0.9925744678366818,0.09324849272987179,accepted_saved_frame
JSCC,440SinglePlus218Single,4250,16283.697265625,12.578335762023926,27.239429984372798,-53.46039145130208,4.5,2510.215576171875,5847.92919921875,5644.689992524666,1294.582763671875,0.4224793691258891,4963083025.3371,0.99261660506742,0.09251561358084934,accepted_saved_frame
JSCC,440SinglePlus218Single,4300,16457.01171875,12.694292068481445,27.239429984372798,-53.46039145130208,4.5,2512.0908203125,5866.916015625,5658.751748853033,1296.410400390625,0.422400946724702,4963286880.656139,0.9926573761312278,0.09179649088475526,accepted_saved_frame
JSCC,440SinglePlus218Single,4350,16629.845703125,12.809901237487793,27.239429984372798,-53.46039145130208,4.5,2514.729248046875,5904.12109375,5694.223393115343,1298.2025146484375,0.42234821753899315,4963484158.159029,0.9926968316318058,0.09109070139607259,accepted_saved_frame
JSCC,440SinglePlus218Single,4400,16802.2109375,12.925178527832031,27.239429984372798,-53.46039145130208,4.5,2522.6123046875,5939.9716796875,5705.1410028514765,1299.959716796875,0.4223212952624922,4963675115.0129595,0.9927350230025919,0.09039784048524555,accepted_saved_frame
JSCC,440SinglePlus218Single,4450,16974.123046875,13.040130615234375,27.239429984372798,-53.46039145130208,4.5,2527.802734375,5969.40185546875,5715.695039674214,1301.6834716796875,0.4223197855166335,4963860005.18113,0.9927720010362261,0.08971752086955008,accepted_saved_frame
JSCC,440SinglePlus218Single,4500,17145.576171875,13.154760360717773,27.239429984372798,-53.46039145130208,4.5,2534.838134765625,5979.79248046875,5730.748526071621,1303.374267578125,0.4223437101079099,4964039053.060391,0.9928078106120782,0.0890493718855518,accepted_saved_frame
JSCC,440SinglePlus218Single,4550,17316.583984375,13.269070625305176,27.239429984372798,-53.46039145130208,4.5,2539.2236328125,5986.70751953125,5747.561065031382,1305.03369140625,0.422392692208542,4964212471.166861,0.9928424942333721,0.08839304169409472,accepted_saved_frame
JSCC,440SinglePlus218Single,4600,17487.169921875,13.383089065551758,27.239429984372798,-53.46039145130208,4.5,2543.49951171875,5993.27587890625,5765.642729764387,1306.6617431640625,0.4224668267226249,4964380485.816205,0.992876097163241,0.08774819007049779,accepted_saved_frame
JSCC,440SinglePlus218Single,4650,17657.314453125,13.49679183959961,27.239429984372798,-53.46039145130208,4.5,2549.5556640625,6033.17333984375,5786.291426313702,1308.2601318359375,0.42256556638926696,4964543283.1781225,0.9929086566356246,0.08711449163217587,accepted_saved_frame
JSCC,440SinglePlus218Single,4700,17827.048828125,13.610209465026855,27.239429984372798,-53.46039145130208,4.5,2554.130126953125,6063.86083984375,5822.9265190155875,1309.8291015625,0.42268893544527,4964701057.381153,0.9929402114762306,0.0864916380222182,accepted_saved_frame
JSCC,440SinglePlus218Single,4750,17996.37109375,13.72334098815918,27.239429984372798,-53.46039145130208,4.5,2557.309326171875,6066.77490234375,5857.645425983968,1311.3695068359375,0.42283667135541503,4964853994.742111,0.9929707989484222,0.08587932991028026,accepted_saved_frame
JSCC,440SinglePlus218Single,4800,18165.25390625,13.836163520812988,27.239429984372798,-53.46039145130208,4.5,2565.64111328125,6073.38427734375,5865.0663433484315,1312.88232421875,0.4230083833466665,4965002261.409861,0.9930004522819721,0.08527728045252586,accepted_saved_frame
JSCC,440SinglePlus218Single,4850,18333.736328125,13.948708534240723,27.239429984372798,-53.46039145130208,4.5,2569.984619140625,6092.8359375,5864.821061791867,1314.3680419921875,0.4232039815355805,4965146017.243773,0.9930292034487547,0.08468521682401232,accepted_saved_frame
JSCC,440SinglePlus218Single,4900,18501.8125,14.060969352722168,27.239429984372798,-53.46039145130208,4.5,2574.960693359375,6111.86181640625,5895.325500665454,1315.82763671875,0.4234230364607589,4965285442.474983,0.9930570884949966,0.08410287412284286,accepted_saved_frame
JSCC,440SinglePlus218Single,4950,18669.482421875,14.172950744628906,27.239429984372798,-53.46039145130208,4.5,2580.121826171875,6130.47998046875,5939.764992335942,1317.261474609375,0.4236653653978137,4965420664.132285,0.993084132826457,0.08353000056855855,accepted_saved_frame
JSCC,440SinglePlus218Single,5000,18836.76171875,14.284662246704102,27.239429984372798,-53.46039145130208,4.5,2585.098388671875,6148.6884765625,5984.326765546151,1318.67041015625,0.4239307244920365,4965551836.6665325,0.9931103673333065,0.08296635312937597,accepted_saved_frame
JSCC,440SinglePlus218Single,5050,19003.64453125,14.396102905273438,27.239429984372798,-53.46039145130208,4.5,2587.87353515625,6166.4951171875,6006.0123851087765,1320.0548095703125,0.4242188448577565,4965679095.973601,0.9931358191947203,0.08241169702538596,accepted_saved_frame
JSCC,440SinglePlus218Single,5100,19170.1484375,14.507281303405762,27.239429984372798,-53.46039145130208,4.5,2587.837158203125,6176.9345703125,6009.641000754801,1321.4156494140625,0.42452926488842485,4965802578.180779,0.9931605156361559,0.08186580860334179,accepted_saved_frame
JSCC,440SinglePlus218Single,5150,19336.248046875,14.618183135986328,27.239429984372798,-53.46039145130208,4.5,2591.16845703125,6203.275390625,6013.407152539484,1322.753173828125,0.4248619000711887,4965922400.655823,0.9931844801311646,0.08132846918703436,accepted_saved_frame
JSCC,440SinglePlus218Single,5200,19501.96484375,14.728822708129883,27.239429984372798,-53.46039145130208,4.5,2600.44091796875,6223.0400390625,6018.0257030698995,1324.068115234375,0.42521632715225904,4966038689.005438,0.9932077378010876,0.08079947245357728,accepted_saved_frame
JSCC,440SinglePlus218Single,5250,19667.2890625,14.83919620513916,27.239429984372798,-53.46039145130208,4.5,2605.300537109375,6242.47021484375,6022.44125199139,1325.36083984375,0.4255923817916627,4966151560.145225,0.9932303120290449,0.08027861489046072,accepted_saved_frame
JSCC,440SinglePlus218Single,5300,19832.2265625,14.949301719665527,27.239429984372798,-53.46039145130208,4.5,2607.8359375,6266.310546875,6033.440796272684,1326.63232421875,0.42598956805497945,4966261130.593591,0.9932522261187181,0.07976570397556733,accepted_saved_frame
JSCC,440SinglePlus218Single,5350,19996.771484375,15.05914306640625,27.239429984372798,-53.46039145130208,4.5,2612.278564453125,6309.27001953125,6031.728871150663,1327.8824462890625,0.4264077456057462,4966367488.05884,0.993273497611768,0.07926055355750734,accepted_saved_frame
JSCC,440SinglePlus218Single,5400,20160.9296875,15.168721199035645,27.239429984372798,-53.46039145130208,4.5,2618.0859375,6334.56591796875,6036.835959124933,1329.112060546875,0.42684660095447446,4966470752.233297,0.9932941504466595,0.07876298204727399,accepted_saved_frame
JSCC,440SinglePlus218Single,5450,20324.70703125,15.278040885925293,27.239429984372798,-53.46039145130208,4.5,2623.051025390625,6341.61474609375,6052.927467336489,1330.321533203125,0.42730579591069695,4966571013.796338,0.9933142027592676,0.07827281653326823,accepted_saved_frame
JSCC,440SinglePlus218Single,5500,20488.083984375,15.387088775634766,27.239429984372798,-53.46039145130208,4.5,2625.930419921875,6346.12646484375,6070.204060148765,1331.5113525390625,0.4277849556567212,4966668371.240292,0.9933336742480583,0.07778988871150931,accepted_saved_frame
JSCC,440SinglePlus218Single,5550,20651.05859375,15.495863914489746,27.239429984372798,-53.46039145130208,4.5,2631.294677734375,6350.29443359375,6087.282100020381,1332.6820068359375,0.4282838909986333,4966762897.678352,0.9933525795356705,0.07731403642949676,accepted_saved_frame
JSCC,440SinglePlus218Single,5600,20813.6484375,15.604381561279297,27.239429984372798,-53.46039145130208,4.5,2636.69677734375,6357.0556640625,6104.166469764062,1333.8336181640625,0.4288023490941738,4966854699.366789,0.9933709398733578,0.07684510310987512,accepted_saved_frame
JSCC,440SinglePlus218Single,5650,20975.845703125,15.712630271911621,27.239429984372798,-53.46039145130208,4.5,2642.53955078125,6371.794921875,6120.864000534983,1334.9671630859375,0.4293398503719487,4966943856.59578,0.993388771319156,0.07638293663027533,accepted_saved_frame
JSCC,440SinglePlus218Single,5700,21137.646484375,15.820612907409668,27.239429984372798,-53.46039145130208,4.5,2648.625244140625,6386.22216796875,6137.373037437469,1336.0826416015625,0.4298962768025294,4967030433.054839,0.9934060866109679,0.07592738945352674,accepted_saved_frame
JSCC,440SinglePlus218Single,5750,21299.046875,15.928326606750488,27.239429984372798,-53.46039145130208,4.5,2651.186279296875,6399.85302734375,6153.758571545624,1337.180419921875,0.4304712118166377,4967114521.852688,0.9934229043705376,0.07547832145623892,accepted_saved_frame
JSCC,440SinglePlus218Single,5800,21460.076171875,16.03579330444336,27.239429984372798,-53.46039145130208,4.5,2654.23828125,6417.16259765625,6170.122942220722,1338.260986328125,0.43106442979197185,4967196195.994415,0.9934392391988831,0.07503559388003407,accepted_saved_frame
JSCC,440SinglePlus218Single,5850,21620.697265625,16.14298439025879,27.239429984372798,-53.46039145130208,4.5,2659.888671875,6439.35986328125,6186.274284193,1339.32470703125,0.4316756090278413,4967275515.993829,0.9934551031987657,0.07459907528349609,accepted_saved_frame
JSCC,440SinglePlus218Single,5900,21780.90625,16.249897003173828,27.239429984372798,-53.46039145130208,4.5,2664.975341796875,6461.2890625,6200.49122363769,1340.3719482421875,0.43230442954932036,4967352560.001517,0.9934705120003035,0.07416863518974774,accepted_saved_frame
JSCC,440SinglePlus218Single,5950,21940.693359375,16.35652732849121,27.239429984372798,-53.46039145130208,4.5,2667.175537109375,6482.9453125,6217.489200107765,1341.4029541015625,0.4329507034133838,4967427382.866985,0.993485476573397,0.0737441499524958,accepted_saved_frame
JSCC,440SinglePlus218Single,6000,22100.076171875,16.4628849029541,27.239429984372798,-53.46039145130208,4.5,2670.88720703125,6504.3359375,6232.9673853270415,1342.418212890625,0.4336140742687384,4967500062.3407955,0.9935000124681591,0.0733254986778616,accepted_saved_frame
JSCC,440SinglePlus218Single,6050,22259.037109375,16.568960189819336,27.239429984372798,-53.46039145130208,4.5,2677.180419921875,6525.4765625,6240.2386388102095,1343.4178466796875,0.43429426005465194,4967570648.100583,0.9935141296201166,0.07291256250963286,accepted_saved_frame
JSCC,440SinglePlus218Single,6100,22417.578125,16.674753189086914,27.239429984372798,-53.46039145130208,4.5,2685.07861328125,6546.35693359375,6242.779782304108,1344.40234375,0.4349910435922096,4967639205.579063,0.9935278411158127,0.07250522883938085,accepted_saved_frame
JSCC,440SinglePlus218Single,6150,22575.705078125,16.780269622802734,27.239429984372798,-53.46039145130208,4.5,2687.6455078125,6562.37109375,6253.095377347762,1345.3719482421875,0.4357040606963597,4967705789.575182,0.9935411579150364,0.07210338616233462,accepted_saved_frame
JSCC,440SinglePlus218Single,6200,22733.42578125,16.885515213012695,27.239429984372798,-53.46039145130208,4.5,2690.9140625,6561.70458984375,6292.51759618168,1346.3270263671875,0.43643309057275786,4967770453.152466,0.9935540906304932,0.07170692810691652,accepted_saved_frame
JSCC,440SinglePlus218Single,6250,22890.701171875,16.990463256835938,27.239429984372798,-53.46039145130208,4.5,2694.94091796875,6560.58544921875,6307.445794834382,1347.267578125,0.43717789623384135,4967833251.010574,0.9935666502021149,0.07131575005992732,accepted_saved_frame
JSCC,440SinglePlus218Single,6300,23047.556640625,17.09513282775879,27.239429984372798,-53.46039145130208,4.5,2703.196044921875,6562.9228515625,6322.005132114779,1348.194091796875,0.43793817431195486,4967894230.996156,0.9935788461992312,0.07092975014147355,accepted_saved_frame
JSCC,440SinglePlus218Single,6350,23204.01171875,17.199533462524414,27.239429984372798,-53.46039145130208,4.5,2708.64599609375,6584.83837890625,6336.430456193025,1349.1070556640625,0.43871362215585846,4967953439.445956,0.9935906878891912,0.0705488318229694,accepted_saved_frame
JSCC,440SinglePlus218Single,6400,23360.017578125,17.303634643554688,27.239429984372798,-53.46039145130208,4.5,2712.0810546875,6606.63916015625,6347.559757484857,1350.00634765625,0.43950404602408916,4968010939.275423,0.9936021878550846,0.07017289720736965,accepted_saved_frame
JSCC,440SinglePlus218Single,6450,23515.5859375,17.407445907592773,27.239429984372798,-53.46039145130208,4.5,2715.60791015625,6628.234375,6353.757945986643,1350.892333984375,0.44030927546263454,4968066759.804343,0.9936133519608686,0.06980185483845341,accepted_saved_frame
JSCC,440SinglePlus218Single,6500,23670.720703125,17.510967254638672,27.239429984372798,-53.46039145130208,4.5,2721.2861328125,6640.5771484375,6372.031224957704,1351.7655029296875,0.44112882972869955,4968120948.27158,0.993624189654316,0.06943561486260487,accepted_saved_frame
JSCC,440SinglePlus218Single,6550,23825.40234375,17.614187240600586,27.239429984372798,-53.46039145130208,4.5,2728.41162109375,6649.912109375,6389.238214041162,1352.625732421875,0.4419626540176577,4968173558.556094,0.9936347117112189,0.06907408804859419,accepted_saved_frame
JSCC,440SinglePlus218Single,6600,23979.615234375,17.717092514038086,27.239429984372798,-53.46039145130208,4.5,2730.240966796875,6659.22900390625,6403.221591812151,1353.4735107421875,0.4428104049052753,4968224620.533178,0.9936449241066356,0.06871719014269993,accepted_saved_frame
JSCC,440SinglePlus218Single,6650,24133.3984375,17.819713592529297,27.239429984372798,-53.46039145130208,4.5,2737.553955078125,6670.3349609375,6415.150797996355,1354.3089599609375,0.4436719494949704,4968274173.170728,0.9936548346341455,0.06836483837096288,accepted_saved_frame
JSCC,440SinglePlus218Single,6700,24286.7265625,17.92203140258789,27.239429984372798,-53.46039145130208,4.5,2744.458740234375,6682.71630859375,6426.8986164724565,1355.1324462890625,0.44454689541578446,4968322265.593575,0.9936644531187149,0.06801694954329922,accepted_saved_frame
JSCC,440SinglePlus218Single,6750,24439.615234375,18.024057388305664,27.239429984372798,-53.46039145130208,4.5,2745.932861328125,6692.728515625,6438.4682431381025,1355.944091796875,0.4454351112821206,4968368922.801125,0.9936737845602249,0.06767344658828782,accepted_saved_frame
JSCC,440SinglePlus218Single,6800,24592.001953125,18.125749588012695,27.239429984372798,-53.46039145130208,4.5,2754.453857421875,6704.39208984375,6449.855747667201,1356.7440185546875,0.44633637642970453,4968414195.534342,0.9936828391068684,0.0673342501477448,accepted_saved_frame
JSCC,440SinglePlus218Single,6850,24743.984375,18.227174758911133,27.239429984372798,-53.46039145130208,4.5,2758.0244140625,6715.8486328125,6466.114491200146,1357.5325927734375,0.44725043559846334,4968458102.343408,0.9936916204686815,0.0669992867128869,accepted_saved_frame
JSCC,440SinglePlus218Single,6900,24895.453125,18.328256607055664,27.239429984372798,-53.46039145130208,4.5,2765.23583984375,6722.1298828125,6493.93869909984,1358.3099365234375,0.44817702447364693,4968500693.729559,0.9937001387459118,0.0666684837539751,accepted_saved_frame
JSCC,440SinglePlus218Single,6950,25046.474609375,18.429044723510742,27.239429984372798,-53.46039145130208,4.5,2767.43798828125,6738.94921875,6511.023402056099,1359.076171875,0.44911601436810106,4968541988.771918,0.9937083977543837,0.06634176922983985,accepted_saved_frame
JSCC,440SinglePlus218Single,7000,25197.037109375,18.52952766418457,27.239429984372798,-53.46039145130208,4.5,2776.115234375,6753.4912109375,6537.0391963644215,1359.83154296875,0.45006714698906797,4968582026.510583,0.9937164053021166,0.06601907473427959,accepted_saved_frame
JSCC,440SinglePlus218Single,7050,25347.146484375,18.629711151123047,27.239429984372798,-53.46039145130208,4.5,2782.12744140625,6766.77392578125,6564.965018695087,1360.576416015625,0.4510302137783758,4968620836.635784,0.9937241673271568,0.06570033069754536,accepted_saved_frame
JSCC,440SinglePlus218Single,7100,25496.771484375,18.72957420349121,27.239429984372798,-53.46039145130208,4.5,2790.256591796875,6779.8720703125,6582.320557457756,1361.310791015625,0.45200499324865867,4968658444.687523,0.9937316889375046,0.06538547240576364,accepted_saved_frame
JSCC,440SinglePlus218Single,7150,25645.8828125,18.82909393310547,27.239429984372798,-53.46039145130208,4.5,2801.335205078125,6792.79150390625,6599.503151483928,1362.034912109375,0.45299122854973967,4968694890.465294,0.9937389780930588,0.0650744346968697,accepted_saved_frame
JSCC,440SinglePlus218Single,7200,25794.546875,18.928319931030273,27.239429984372798,-53.46039145130208,4.5,2806.941650390625,6805.54833984375,6616.647357248146,1362.7489013671875,0.4539888382273916,4968730191.747539,0.9937460383495077,0.06476715579175935,accepted_saved_frame
JSCC,440SinglePlus218Single,7250,25942.720703125,19.0272216796875,27.239429984372798,-53.46039145130208,4.5,2815.52587890625,6818.1376953125,6632.06871393652,1363.452880859375,0.45499751732545135,4968764375.444256,0.9937528750888511,0.06446357258055832,accepted_saved_frame
JSCC,440SinglePlus218Single,7300,26090.408203125,19.125802993774414,27.239429984372798,-53.46039145130208,4.5,2821.172607421875,6830.5615234375,6647.319991498881,1364.1470947265625,0.45601714455530706,4968797483.178828,0.9937594966357657,0.06416362591651628,accepted_saved_frame
JSCC,440SinglePlus218Single,7350,26237.587890625,19.22404670715332,27.239429984372798,-53.46039145130208,4.5,2827.09912109375,6841.65869140625,6660.414886707439,1364.8316650390625,0.45704750533978145,4968829519.663648,0.9937659039327296,0.06386725713694993,accepted_saved_frame
JSCC,440SinglePlus218Single,7400,26384.275390625,19.321962356567383,27.239429984372798,-53.46039145130208,4.5,2832.630126953125,6852.55810546875,6654.5432684462985,1365.507080078125,0.45808835216570654,4968860525.433633,0.9937721050867265,0.06357440896225856,accepted_saved_frame
JSCC,440SinglePlus218Single,7450,26530.458984375,19.419546127319336,27.239429984372798,-53.46039145130208,4.5,2835.758056640625,6863.28173828125,6657.190949204382,1366.1729736328125,0.45913959010119026,4968890513.792501,0.9937781027585003,0.06328502597957432,accepted_saved_frame
JSCC,440SinglePlus218Single,7500,26676.169921875,19.516820907592773,27.239429984372798,-53.46039145130208,4.5,2844.840087890625,6873.8486328125,6680.7852612161805,1366.8297119140625,0.46020101331875335,4968919522.135371,0.9937839044270742,0.06299905277197036,accepted_saved_frame
JSCC,440SinglePlus218Single,7550,26821.44140625,19.61380958557129,27.239429984372798,-53.46039145130208,4.5,2855.117919921875,6893.96728515625,6711.031050286885,1367.4774169921875,0.4612724087526083,4968947554.759758,0.9937895109519516,0.06271643548592763,accepted_saved_frame
JSCC,440SinglePlus218Single,7600,26966.111328125,19.710391998291016,27.239429984372798,-53.46039145130208,4.5,2862.0205078125,6923.208984375,6726.876382142296,1368.116455078125,0.46235357047577497,4968974644.168736,0.9937949288337473,0.06243712283589198,accepted_saved_frame
JSCC,440SinglePlus218Single,7650,27110.3203125,19.80667495727539,27.239429984372798,-53.46039145130208,4.5,2866.516357421875,6952.3896484375,6735.664169194458,1368.7467041015625,0.4634444129030348,4969000819.7694,0.9938001639538799,0.06216106316742202,accepted_saved_frame
JSCC,440SinglePlus218Single,7700,27254.037109375,19.902633666992188,27.239429984372798,-53.46039145130208,4.5,2876.56689453125,6975.939453125,6744.14505273179,1369.368408203125,0.4645446825626193,4969026085.971209,0.9938052171942418,0.06188820696040447,accepted_saved_frame
JSCC,440SinglePlus218Single,7750,27397.25390625,19.99826431274414,27.239429984372798,-53.46039145130208,4.5,2884.50927734375,6993.6435546875,6748.30791039857,1369.9815673828125,0.4656542535527171,4969050476.290627,0.9938100952581254,0.06161850445028381,accepted_saved_frame
JSCC,440SinglePlus218Single,7800,27539.966796875,20.09356117248535,27.239429984372798,-53.46039145130208,4.5,2890.44140625,7021.0107421875,6753.399062094783,1370.586669921875,0.46677287878725804,4969073994.509898,0.9938147989019797,0.061351909168899044,accepted_saved_frame
JSCC,440SinglePlus218Single,7850,27682.142578125,20.188505172729492,27.239429984372798,-53.46039145130208,4.5,2896.56787109375,7044.5166015625,6762.20768800675,1371.183349609375,0.4679006464499204,4969096678.480328,0.9938193356960655,0.061088373639592596,accepted_saved_frame
JSCC,440SinglePlus218Single,7900,27823.796875,20.283103942871094,27.239429984372798,-53.46039145130208,4.5,2905.1171875,7056.525390625,6771.725880878811,1371.7720947265625,0.46903713146905507,4969118537.688417,0.9938237075376835,0.06082785297080586,accepted_saved_frame
JSCC,440SinglePlus218Single,7950,27964.9609375,20.37738037109375,27.239429984372798,-53.46039145130208,4.5,2912.45556640625,7068.45849609375,6778.59345641476,1372.35302734375,0.47018225604048136,4969139590.479154,0.9938279180958307,0.06057029962407134,accepted_saved_frame
JSCC,440SinglePlus218Single,8000,28105.564453125,20.471288681030273,27.239429984372798,-53.46039145130208,4.5,2921.59130859375,7090.6669921875,6785.0710317442445,1372.926025390625,0.471335937284665,4969159854.421876,0.9938319708843751,0.060315672060952286,accepted_saved_frame
JSCC,440SinglePlus218Single,8050,28245.625,20.564834594726562,27.239429984372798,-53.46039145130208,4.5,2930.0908203125,7116.19140625,6791.428173430206,1373.491455078125,0.47249796962967716,4969179348.79921,0.993835869759842,0.06006392717179348,accepted_saved_frame
JSCC,440SinglePlus218Single,8100,28385.22265625,20.6580810546875,27.239429984372798,-53.46039145130208,4.5,2937.362548828125,7139.61572265625,6797.662934629043,1374.04931640625,0.4736681398680124,4969198089.695261,0.9938396179390522,0.059815022235691746,accepted_saved_frame
JSCC,440SinglePlus218Single,8150,28524.287109375,20.750978469848633,27.239429984372798,-53.46039145130208,4.5,2941.992431640625,7141.8212890625,6803.788722752197,1374.599609375,0.4748464130179953,4969216094.347951,0.9938432188695902,0.059568917240536076,accepted_saved_frame
JSCC,440SinglePlus218Single,8200,28662.880859375,20.843568801879883,27.239429984372798,-53.46039145130208,4.5,2947.71875,7138.146484375,6809.803780407418,1375.1427001953125,0.47603262765077026,4969233367.66324,0.9938466735326481,0.05932557021981969,accepted_saved_frame
JSCC,440SinglePlus218Single,8250,28800.951171875,20.935813903808594,27.239429984372798,-53.46039145130208,4.5,2951.676513671875,7163.3095703125,6815.698178507377,1375.6785888671875,0.4772264824204745,4969249940.6737175,0.9938499881347435,0.05908494250409247,accepted_saved_frame
JSCC,440SinglePlus218Single,8300,28938.466796875,21.027694702148438,27.239429984372798,-53.46039145130208,4.5,2956.74658203125,7167.6259765625,6821.48526619624,1376.207275390625,0.47842812019631203,4969265825.396682,0.9938531650793364,0.05884699502974487,accepted_saved_frame
JSCC,440SinglePlus218Single,8350,29075.47265625,21.11924171447754,27.239429984372798,-53.46039145130208,4.5,2964.22802734375,7169.2373046875,6827.162042968853,1376.72900390625,0.47963719981372854,4969281027.513856,0.9938562055027712,0.05861169033575206,accepted_saved_frame
JSCC,440SinglePlus218Single,8400,29211.9453125,21.210437774658203,27.239429984372798,-53.46039145130208,4.5,2971.921875,7170.4990234375,6832.735546767806,1377.243896484375,0.48085359988697424,4969295567.669654,0.9938591135339307,0.058378989920888524,accepted_saved_frame
JSCC,440SinglePlus218Single,8450,29347.91015625,21.301301956176758,27.239429984372798,-53.46039145130208,4.5,2978.719482421875,7171.6259765625,6844.504345525246,1377.751953125,0.4820772417136725,4969309460.310035,0.9938618920620069,0.05814885873561422,accepted_saved_frame
JSCC,440SinglePlus218Single,8500,29483.33984375,21.391813278198242,27.239429984372798,-53.46039145130208,4.5,2984.63916015625,7178.55322265625,6864.2322470761455,1378.25341796875,0.48330800559613385,4969322716.569469,0.9938645433138938,0.057921259434702985,accepted_saved_frame
JSCC,440SinglePlus218Single,8550,29618.2734375,21.482004165649414,27.239429984372798,-53.46039145130208,4.5,2985.494140625,7187.37353515625,6883.941070087646,1378.7481689453125,0.48454576724226084,4969335344.752929,0.9938670689505857,0.057696158378791926,accepted_saved_frame
JSCC,440SinglePlus218Single,8600,29752.654296875,21.57183074951172,27.239429984372798,-53.46039145130208,4.5,2991.450927734375,7196.15234375,6903.53215045166,1379.2364501953125,0.4857903627008582,4969347365.33627,0.993869473067254,0.05747352125699547,accepted_saved_frame
JSCC,440SinglePlus218Single,8650,29886.50390625,21.66130828857422,27.239429984372798,-53.46039145130208,4.5,2999.700439453125,7195.50830078125,6916.825564811674,1379.71826171875,0.4870416695126064,4969358792.010772,0.9938717584021544,0.05725331404129827,accepted_saved_frame
JSCC,440SinglePlus218Single,8700,30019.83203125,21.750450134277344,27.239429984372798,-53.46039145130208,4.5,3006.4287109375,7194.7568359375,6918.657330329487,1380.193603515625,0.4882996982456004,4969369633.472146,0.9938739266944292,0.05703550408318247,accepted_saved_frame
JSCC,440SinglePlus218Single,8750,30152.654296875,21.83926010131836,27.239429984372798,-53.46039145130208,4.5,3012.16943359375,7193.96728515625,6920.423099918098,1380.662841796875,0.48956419716738325,4969379893.730958,0.9938759787461916,0.05682005738870725,accepted_saved_frame
JSCC,440SinglePlus218Single,8800,30284.9609375,21.927730560302734,27.239429984372798,-53.46039145130208,4.5,3017.279296875,7193.15087890625,6922.048983787961,1381.1260986328125,0.4908349562960125,4969389597.878284,0.9938779195756569,0.056606943256637385,accepted_saved_frame
JSCC,440SinglePlus218Single,8850,30416.701171875,22.015830993652344,27.239429984372798,-53.46039145130208,4.5,3023.973388671875,7192.2978515625,6923.5832484648545,1381.5831298828125,0.49211202862290443,4969398746.294493,0.9938797492588985,0.05639613012382315,accepted_saved_frame
JSCC,440SinglePlus218Single,8900,30547.939453125,22.103605270385742,27.239429984372798,-53.46039145130208,4.5,3032.5458984375,7191.41357421875,6925.041765002358,1382.0343017578125,0.4933952502401378,4969407360.704895,0.993881472140979,0.05618758768005479,accepted_saved_frame
JSCC,440SinglePlus218Single,8950,30678.654296875,22.1910400390625,27.239429984372798,-53.46039145130208,4.5,3039.678466796875,7198.3955078125,6929.826521546299,1382.4793701171875,0.4946845422065397,4969415445.630954,0.9938830891261907,0.05598128428067032,accepted_saved_frame
JSCC,440SinglePlus218Single,9000,30808.837890625,22.27812385559082,27.239429984372798,-53.46039145130208,4.5,3045.304443359375,7212.689453125,6938.565324257623,1382.9188232421875,0.4959797847464235,4969423006.414653,0.9938846012829305,0.05577719231069319,accepted_saved_frame
JSCC,440SinglePlus218Single,9050,30938.494140625,22.364866256713867,27.239429984372798,-53.46039145130208,4.5,3051.829833984375,7226.4814453125,6947.249043823047,1383.3525390625,0.4972808112368545,4969430064.543798,0.9938860129087597,0.05557528216213943,accepted_saved_frame
JSCC,440SinglePlus218Single,9100,31067.626953125,22.451265335083008,27.239429984372798,-53.46039145130208,4.5,3060.43017578125,7240.16650390625,6955.878813984262,1383.7806396484375,0.4985875443313831,4969436616.026157,0.9938873232052314,0.055375525813601396,accepted_saved_frame
JSCC,440SinglePlus218Single,9150,31196.23828125,22.537328720092773,27.239429984372798,-53.46039145130208,4.5,3065.28759765625,7241.51953125,6964.470033829617,1384.2030029296875,0.4998999505352624,4969442685.766696,0.9938885371533392,0.05517789394457282,accepted_saved_frame
JSCC,440SinglePlus218Single,9200,31324.314453125,22.623043060302734,27.239429984372798,-53.46039145130208,4.5,3069.3896484375,7235.15625,6972.993854123528,1384.619873046875,0.5012178644331923,4969448271.883612,0.9938896543767224,0.05498236050548638,accepted_saved_frame
JSCC,440SinglePlus218Single,9250,31451.8515625,22.708402633666992,27.239429984372798,-53.46039145130208,4.5,3076.761474609375,7229.7353515625,6981.475157491355,1385.031494140625,0.5025411640818609,4969453385.764059,0.9938906771528118,0.05478889673929219,accepted_saved_frame
JSCC,440SinglePlus218Single,9300,31578.869140625,22.793424606323242,27.239429984372798,-53.46039145130208,4.5,3083.508056640625,7224.23193359375,6990.228247285394,1385.4376220703125,0.5038698604036035,4969458043.422033,0.9938916086844066,0.054597477538025754,accepted_saved_frame
JSCC,440SinglePlus218Single,9350,31705.416015625,22.878141403198242,27.239429984372798,-53.46039145130208,4.5,3087.595703125,7218.634765625,6996.998212330163,1385.8387451171875,0.5052036543260595,4969462245.159989,0.9938924490319979,0.05440807693195852,accepted_saved_frame
JSCC,440SinglePlus218Single,9400,31831.41015625,22.962501525878906,27.239429984372798,-53.46039145130208,4.5,3095.783203125,7212.96044921875,7005.727377515407,1386.234375,0.5065426902636414,4969466006.417003,0.9938932012834005,0.05422066829553604,accepted_saved_frame
JSCC,440SinglePlus218Single,9450,31956.908203125,23.046539306640625,27.239429984372798,-53.46039145130208,4.5,3099.62548828125,7207.21142578125,7014.410417004066,1386.625,0.5078868007978005,4969469329.974614,0.9938938659949228,0.05403522792574058,accepted_saved_frame
JSCC,440SinglePlus218Single,9500,32081.87109375,23.130229949951172,27.239429984372798,-53.46039145130208,4.5,3105.78173828125,7210.28271484375,7023.047507553293,1387.010498046875,0.5092358209848457,4969472218.703467,0.9938944437406935,0.0538517301639357,accepted_saved_frame
JSCC,440SinglePlus218Single,9550,32206.31640625,23.213581085205078,27.239429984372798,-53.46039145130208,4.5,3111.307861328125,7221.6708984375,7030.297042006135,1387.39111328125,0.5105896718386895,4969474693.868078,0.9938949387736157,0.053670152253886785,accepted_saved_frame
JSCC,440SinglePlus218Single,9600,32330.21875,23.296585083007812,27.239429984372798,-53.46039145130208,4.5,3116.472412109375,7233.69970703125,7037.429152034581,1387.7664794921875,0.5119484547898362,4969476760.059914,0.9938953520119828,0.053490468365967186,accepted_saved_frame
JSCC,440SinglePlus218Single,9650,32453.62890625,23.379262924194336,27.239429984372798,-53.46039145130208,4.5,3122.092529296875,7245.689453125,7044.504218110461,1388.1373291015625,0.5133116905672463,4969478412.852791,0.9938956825705582,0.0533126551454537,accepted_saved_frame
JSCC,440SinglePlus218Single,9700,32576.560546875,23.461639404296875,27.239429984372798,-53.46039145130208,4.5,3130.862548828125,7257.640625,7051.526884924763,1388.503173828125,0.5146797457286038,4969479678.73105,0.9938959357462099,0.05313668939033836,accepted_saved_frame
JSCC,440SinglePlus218Single,9750,32698.958984375,23.54366683959961,27.239429984372798,-53.46039145130208,4.5,3135.411865234375,7269.5244140625,7070.1479029401235,1388.8643798828125,0.516052275453728,4969480553.686454,0.9938961107372908,0.052962550900585034,accepted_saved_frame
JSCC,440SinglePlus218Single,9800,32820.80078125,23.625328063964844,27.239429984372798,-53.46039145130208,4.5,3142.0751953125,7286.82958984375,7083.797432934863,1389.220947265625,0.5174292021315763,4969481031.252309,0.9938962062504618,0.05279021557178122,accepted_saved_frame
JSCC,440SinglePlus218Single,9850,32942.16015625,23.706682205200195,27.239429984372798,-53.46039145130208,4.5,3150.1455078125,7313.33984375,7079.314646505513,1389.57275390625,0.5188105378191714,4969481151.7532625,0.9938962303506526,0.052619662339091516,accepted_saved_frame
JSCC,440SinglePlus218Single,9900,33062.98046875,23.78768539428711,27.239429984372798,-53.46039145130208,4.5,3157.2099609375,7339.8544921875,7100.239056834875,1389.9200439453125,0.5201961580769746,4969480891.850819,0.9938961783701638,0.05245086993199696,accepted_saved_frame
JSCC,440SinglePlus218Single,9950,33183.375,23.86841583251953,27.239429984372798,-53.46039145130208,4.5,3163.3095703125,7366.3740234375,7110.207493837333,1390.262939453125,0.5215859395976867,4969480270.719967,0.9938960541439934,0.052283815803775474,accepted_saved_frame
JSCC,440SinglePlus218Single,10000,33319.3515625,23.96039390563965,29.96337298281008,-58.806430596432286,4.5,3174.281494140625,7378.6181640625,7120.617448608235,1390.6011962890625,0.5229799842957283,4969479294.982568,0.9938958589965136,0.05211847990868692,accepted_saved_frame
JSCC,440SingleComptonPlus218Single,0,2.0,1,,,,2.0,2.0,2.0,2.0,0,28271994.383138925,0.005654398876627785,0.5,known_uniform_initialization
JSCC,440SingleComptonPlus218Single,50,722.9348754882812,1.4595770835876465,27.239429984372798,-53.46039145130208,1.5,673.7758178710938,709.0139770507812,708.0849347290629,495.3043518066406,0.20949467881748104,4791788529.080285,0.9583577058160571,0.4555495219172302,accepted_saved_frame
JSCC,440SingleComptonPlus218Single,100,1046.1673583984375,1.7362593412399292,24.515486985935517,-48.114352306171874,1.5,900.8203125,1000.8328857421875,997.5152015151323,602.5409545898438,0.26523526415182447,4854463413.006684,0.9708926826013369,0.4143638754612136,accepted_saved_frame
JSCC,440SingleComptonPlus218Single,150,1361.9617919921875,1.9734424352645874,24.515486985935517,-48.114352306171874,1.5,1112.43603515625,1283.503662109375,1276.4687265424845,690.1452026367188,0.30774672095707045,4889014893.36921,0.977802978673842,0.3783616070036424,accepted_saved_frame
JSCC,440SingleComptonPlus218Single,200,1662.9583740234375,2.179664134979248,31.740403623793537,-43.68691769624717,1.5,1294.8717041015625,1542.2652587890625,1526.1857665786752,762.9425048828125,0.3406956372174511,4911098508.174389,0.9822197016348778,0.34732588082851296,accepted_saved_frame
JSCC,440SingleComptonPlus218Single,250,1945.17041015625,2.36049222946167,31.740403623793537,-43.68691769624717,1.5,1440.6507568359375,1772.24462890625,1749.9825475117768,824.0528564453125,0.3653192711625459,4926007115.431725,0.985201423086345,0.3206800640504675,accepted_saved_frame
JSCC,440SingleComptonPlus218Single,300,2204.40673828125,2.5165395736694336,31.740403623793537,-43.68691769624717,1.5,1567.701171875,1979.1195068359375,1946.7130689206435,875.9674072265625,0.38339412688956476,4936432384.450467,0.9872864768900934,0.297760145871606,accepted_saved_frame
JSCC,440SingleComptonPlus218Single,350,2442.36767578125,2.6530635356903076,31.740403623793537,-43.68691769624717,1.5,1674.2447509765625,2149.725341796875,2129.496937016159,920.5839233398438,0.3965717480260855,4943930475.857697,0.9887860951715393,0.2779540651535426,accepted_saved_frame
JSCC,440SingleComptonPlus218Single,400,2661.527587890625,2.7743780612945557,31.740403623793537,-43.68691769624717,1.5,1761.5885009765625,2317.914306640625,2279.2424351911304,959.3240356445312,0.40613975510837713,4949451362.89361,0.989890272578722,0.26074191808014674,accepted_saved_frame
JSCC,440SingleComptonPlus218Single,450,2864.44140625,2.8838720321655273,31.740403623793537,-43.68691769624717,1.5,1837.3465576171875,2456.880859375,2413.6557041266005,993.2623291015625,0.4130381027934183,4953597880.949816,0.9907195761899632,0.24569471453030192,accepted_saved_frame
JSCC,440SingleComptonPlus218Single,500,3063.926513671875,2.9943785667419434,27.239429984372798,-53.46039145130208,1.5,1901.4971923828125,2589.480224609375,2553.045487372611,1023.2261962890625,0.4179393729788438,4956766470.874973,0.9913532941749946,0.23246117088613247,accepted_saved_frame
JSCC,440SingleComptonPlus218Single,550,3266.4228515625,3.111281394958496,27.239429984372798,-53.46039145130208,1.5,1955.9776611328125,2712.31884765625,2676.1905764425314,1049.8641357421875,0.4213253563431931,4959226363.044511,0.9918452726089022,0.220753640928786,accepted_saved_frame
JSCC,440SingleComptonPlus218Single,600,3463.262939453125,3.2255630493164062,27.239429984372798,-53.46039145130208,1.5,2002.989990234375,2822.480224609375,2794.2476128020908,1073.6925048828125,0.42354552895173986,4961164944.464572,0.9922329888929143,0.21033627439825167,accepted_saved_frame
JSCC,440SingleComptonPlus218Single,650,3655.42529296875,3.3379013538360596,27.239429984372798,-53.46039145130208,1.5,2039.89501953125,2931.627685546875,2894.1483154310727,1095.1268310546875,0.4248582337033549,4962714699.425575,0.9925429398851151,0.20101549898634408,accepted_saved_frame
JSCC,440SingleComptonPlus218Single,700,3843.6806640625,3.4487786293029785,27.239429984372798,-53.46039145130208,1.5,2078.8583984375,3031.336181640625,2986.532924871994,1114.5048828125,0.42545882135687707,4963970228.089895,0.992794045617979,0.192632263401145,accepted_saved_frame
JSCC,440SingleComptonPlus218Single,750,4028.64453125,3.55854868888855,27.239429984372798,-53.46039145130208,1.5,2108.25439453125,3109.11279296875,3082.3564845819337,1132.103271484375,0.4254980758427421,4964999709.263478,0.9929999418526957,0.18505556057585862,accepted_saved_frame
JSCC,440SingleComptonPlus218Single,800,4210.82568359375,3.66748309135437,27.239429984372798,-53.46039145130208,1.5,2136.535400390625,3182.038818359375,3160.432330773838,1148.1513671875,0.4250944857009442,4965852872.291261,0.9931705744582522,0.17817702067564356,accepted_saved_frame
JSCC,440SingleComptonPlus218Single,850,4390.63671875,3.775787115097046,27.239429984372798,-53.46039145130208,1.5,2162.5107421875,3259.601318359375,3239.7631203587925,1162.840087890625,0.4243426087336261,4966566550.732412,0.9933133101464825,0.17190648050053664,accepted_saved_frame
JSCC,440SingleComptonPlus218Single,900,4568.43115234375,3.8836283683776855,27.239429984372798,-53.46039145130208,1.5,2185.65283203125,3330.06494140625,3301.911227304315,1176.3306884765625,0.4233184067536547,4967168531.659889,0.9934337063319778,0.166168419864361,accepted_saved_frame
JSCC,440SingleComptonPlus218Single,950,4744.49658203125,3.9911320209503174,27.239429984372798,-53.46039145130208,1.5,2201.557861328125,3403.40625,3368.802536342313,1188.7596435546875,0.422083446845395,4967680158.803713,0.9935360317607426,0.16089914154150076,accepted_saved_frame
JSCC,440SingleComptonPlus218Single,1000,4919.07080078125,4.098392486572266,27.239429984372798,-53.46039145130208,1.5,2219.609130859375,3481.15576171875,3424.41383800261,1200.2440185546875,0.42068774365238837,4968118074.826219,0.9936236149652438,0.15604455563852337,accepted_saved_frame
JSCC,440SingleComptonPlus218Single,1050,5092.34423828125,4.205475807189941,27.239429984372798,-53.46039145130208,1.5,2232.266357421875,3543.002197265625,3493.220059185635,1210.8841552734375,0.41917199376625763,4968495440.934325,0.993699088186865,0.15155843931001933,accepted_saved_frame
JSCC,440SingleComptonPlus218Single,1100,5264.47705078125,4.312433242797852,27.239429984372798,-53.46039145130208,1.5,2243.5283203125,3601.351806640625,3555.2057831520297,1220.7672119140625,0.41756935260898803,4968822763.891185,0.9937645527782369,0.14740106048471577,accepted_saved_frame
JSCC,440SingleComptonPlus218Single,1150,5435.5888671875,4.419290065765381,27.239429984372798,-53.46039145130208,1.5,2251.197998046875,3661.029296875,3611.1417392140434,1229.96875,0.4159069498875734,4969108508.776262,0.9938217017552524,0.14353809045965987,accepted_saved_frame
JSCC,440SingleComptonPlus218Single,1200,5605.76611328125,4.5260539054870605,27.239429984372798,-53.46039145130208,1.5,2260.553466796875,3737.748046875,3650.030357271281,1238.5548095703125,0.41420679836010205,4969359517.137394,0.9938719034274788,0.13993971967282395,accepted_saved_frame
JSCC,440SingleComptonPlus218Single,1250,5775.0849609375,4.6327290534973145,27.239429984372798,-53.46039145130208,1.5,2271.49609375,3790.3984375,3710.5871106836535,1246.583740234375,0.4124868512714534,4969581353.983778,0.9939162707967556,0.1365799516251113,accepted_saved_frame
JSCC,440SingleComptonPlus218Single,1300,5943.587890625,4.7393012046813965,27.239429984372798,-53.46039145130208,1.5,2273.10595703125,3847.416259765625,3762.235349173882,1254.1064453125,0.41076171639263204,4969778576.28386,0.9939557152567721,0.13343601638590222,accepted_saved_frame
JSCC,440SingleComptonPlus218Single,1350,6111.29833984375,4.8457441329956055,27.239429984372798,-53.46039145130208,1.5,2280.31201171875,3892.65625,3807.8048336634997,1261.168212890625,0.40904337128526475,4969954928.007143,0.9939909856014286,0.13048789525931767,accepted_saved_frame
JSCC,440SingleComptonPlus218Single,1400,6278.2412109375,4.95203971862793,27.239429984372798,-53.46039145130208,1.5,2283.900390625,3936.642822265625,3850.7444567838224,1267.80908203125,0.4073415167421344,4970113465.238528,0.9940226930477056,0.1277179252642732,accepted_saved_frame
JSCC,440SingleComptonPlus218Single,1450,6444.419921875,5.058155536651611,27.239429984372798,-53.46039145130208,1.5,2291.031982421875,3978.306640625,3920.2843172149164,1274.065185546875,0.40566373438245834,4970256744.781357,0.9940513489562713,0.12511046339899284,accepted_saved_frame
JSCC,440SingleComptonPlus218Single,1500,6609.826171875,5.164055824279785,27.239429984372798,-53.46039145130208,1.5,2297.1982421875,4037.31103515625,3968.5539123950603,1279.968017578125,0.4040165283518246,4970386881.272871,0.9940773762545742,0.12265161514677449,accepted_saved_frame
JSCC,440SingleComptonPlus218Single,1550,6774.45166015625,5.2697062492370605,27.239429984372798,-53.46039145130208,1.5,2303.6357421875,4089.607177734375,4017.6420516223834,1285.54638671875,0.4024047696007177,4970505623.758251,0.9941011247516502,0.12032899478527043,accepted_saved_frame
JSCC,440SingleComptonPlus218Single,1600,6938.2880859375,5.375076770782471,27.239429984372798,-53.46039145130208,1.5,2304.558837890625,4122.46533203125,4077.7690362625026,1290.8258056640625,0.4008326205299663,4970614461.825221,0.9941228923650443,0.11813153132613229,accepted_saved_frame
JSCC,440SingleComptonPlus218Single,1650,7101.3154296875,5.480130195617676,27.239429984372798,-53.46039145130208,1.5,2308.823974609375,4176.5771484375,4113.976947901413,1295.8297119140625,0.39930292083123853,4970714643.21762,0.9941429286435239,0.11604930133517131,accepted_saved_frame
JSCC,440SingleComptonPlus218Single,1700,7263.5078125,5.584826946258545,27.239429984372798,-53.46039145130208,1.5,2310.293212890625,4243.28564453125,4154.698160432625,1300.578857421875,0.39781832608714834,4970807210.715692,0.9941614421431383,0.11407337910958719,accepted_saved_frame
JSCC,440SingleComptonPlus218Single,1750,7424.845703125,5.6891350746154785,27.239429984372798,-53.46039145130208,1.5,2317.937744140625,4309.328125,4196.552931227656,1305.0921630859375,0.3963804733094105,4970893066.476965,0.994178613295393,0.11219572103818463,accepted_saved_frame
JSCC,440SingleComptonPlus218Single,1800,7585.3232421875,5.79303503036499,27.239429984372798,-53.46039145130208,1.5,2318.767822265625,4360.93017578125,4238.803554989425,1309.38671875,0.3949908245898754,4970972977.440962,0.9941945954881923,0.11040905935260702,accepted_saved_frame
JSCC,440SingleComptonPlus218Single,1850,7744.91455078125,5.896493434906006,27.239429984372798,-53.46039145130208,1.5,2320.934326171875,4408.44189453125,4284.1619303130665,1313.47802734375,0.39365016507416534,4971047606.140602,0.9942095212281205,0.1087068061460444,accepted_saved_frame
JSCC,440SingleComptonPlus218Single,1900,7903.6005859375,5.999481678009033,27.239429984372798,-53.46039145130208,1.5,2324.7978515625,4455.39453125,4317.922758310348,1317.380615234375,0.39235911438695875,4971117513.264542,0.9942235026529084,0.10708298358304452,accepted_saved_frame
JSCC,440SingleComptonPlus218Single,1950,8066.91796875,6.106179714202881,27.239429984372798,-53.46039145130208,4.5,2329.566650390625,4501.7861328125,4348.683475438877,1321.107177734375,0.3911179107249612,4971183200.79838,0.9942366401596759,0.10553214981938244,accepted_saved_frame
JSCC,440SingleComptonPlus218Single,2000,8242.4736328125,6.222286224365234,27.239429984372798,-53.46039145130208,4.5,2332.44384765625,4546.49267578125,4377.587186684747,1324.669677734375,0.3899266326529296,4971245095.835234,0.9942490191670468,0.10404934290949593,accepted_saved_frame
JSCC,440SingleComptonPlus218Single,2050,8418.03515625,6.338505744934082,27.239429984372798,-53.46039145130208,4.5,2336.9677734375,4589.9833984375,4408.504971984887,1328.078857421875,0.38878506073097024,4971303569.130985,0.9942607138261971,0.10263002825256096,accepted_saved_frame
JSCC,440SingleComptonPlus218Single,2100,8593.5859375,6.4548163414001465,27.239429984372798,-53.46039145130208,4.5,2336.633056640625,4633.1171875,4453.178598647718,1331.3447265625,0.3876930338730299,4971358969.944849,0.9942717939889698,0.10127005506021945,accepted_saved_frame
JSCC,440SingleComptonPlus218Single,2150,8769.12109375,6.571206569671631,27.239429984372798,-53.46039145130208,4.5,2334.21240234375,4666.8291015625,4501.215996534506,1334.4765625,0.3866499384560894,4971411570.135835,0.9942823140271669,0.09996561440980357,accepted_saved_frame
JSCC,440SingleComptonPlus218Single,2200,8944.5986328125,6.687637805938721,27.239429984372798,-53.46039145130208,4.5,2337.48193359375,4712.2783203125,4547.672526613523,1337.4825439453125,0.3856554056588611,4971461629.20651,0.9942923258413019,0.09871321140388699,accepted_saved_frame
JSCC,440SingleComptonPlus218Single,2250,9120.0166015625,6.804101467132568,27.239429984372798,-53.46039145130208,4.5,2341.35693359375,4761.509765625,4578.991188071737,1340.3704833984375,0.3847086809440349,4971509379.963182,0.9943018759926365,0.09750963004508034,accepted_saved_frame
JSCC,440SingleComptonPlus218Single,2300,9295.3427734375,6.920567035675049,27.239429984372798,-53.46039145130208,4.5,2344.779296875,4804.16748046875,4611.18952678088,1343.1475830078125,0.3838091931657225,4971555032.338359,0.9943110064676718,0.09635190145705097,accepted_saved_frame
JSCC,440SingleComptonPlus218Single,2350,9470.5732421875,7.037026405334473,27.239429984372798,-53.46039145130208,4.5,2346.080322265625,4847.8076171875,4645.198879853295,1345.8203125,0.3829562193422924,4971598743.866146,0.9943197487732293,0.09523729175336211,accepted_saved_frame
JSCC,440SingleComptonPlus218Single,2400,9645.685546875,7.153456687927246,27.239429984372798,-53.46039145130208,4.5,2347.234130859375,4900.20947265625,4678.367673866299,1348.39501953125,0.3821487985028497,4971640689.090639,0.9943281378181278,0.09416327260143628,accepted_saved_frame
JSCC,440SingleComptonPlus218Single,2450,9820.6708984375,7.269848346710205,27.239429984372798,-53.46039145130208,4.5,2348.726318359375,4927.3701171875,4719.724366050252,1350.876953125,0.38138636794096425,4971681004.050072,0.9943362008100144,0.09312750572697293,accepted_saved_frame
JSCC,440SingleComptonPlus218Single,2500,9995.5,7.386174201965332,27.239429984372798,-53.46039145130208,4.5,2349.5908203125,4967.95068359375,4766.423402885562,1353.2716064453125,0.3806679703528802,4971719818.716059,0.9943439637432118,0.09212781983785753,accepted_saved_frame
JSCC,440SingleComptonPlus218Single,2550,10170.1865234375,7.502440452575684,27.239429984372798,-53.46039145130208,4.5,2356.237060546875,5007.51904296875,4811.073387571068,1355.583740234375,0.3799928446271939,4971757240.806645,0.994351448161329,0.09116220437633302,accepted_saved_frame
JSCC,440SingleComptonPlus218Single,2600,10344.6962890625,7.618617534637451,27.239429984372798,-53.46039145130208,4.5,2358.173095703125,5044.3447265625,4834.23394505519,1357.8179931640625,0.3793600248848245,4971793363.740204,0.9943586727480408,0.09022879442552047,accepted_saved_frame
JSCC,440SingleComptonPlus218Single,2650,10519.03125,7.73470401763916,27.239429984372798,-53.46039145130208,4.5,2361.989501953125,5080.576171875,4860.049869179063,1359.978515625,0.37876875604078075,4971828295.857233,0.9943656591714466,0.08932585077072135,accepted_saved_frame
JSCC,440SingleComptonPlus218Single,2700,10693.1826171875,7.85068941116333,27.239429984372798,-53.46039145130208,4.5,2370.85302734375,5109.84912109375,4873.856459418236,1362.0692138671875,0.3782181973927214,4971862107.193984,0.9943724214387968,0.08845175795819353,accepted_saved_frame
JSCC,440SingleComptonPlus218Single,2750,10867.1328125,7.9665608406066895,27.239429984372798,-53.46039145130208,4.5,2373.99951171875,5136.9931640625,4895.188439181117,1364.0933837890625,0.37770752255125956,4971894877.059378,0.9943789754118756,0.0876050087140874,accepted_saved_frame
JSCC,440SingleComptonPlus218Single,2800,11040.892578125,8.082321166992188,27.239429984372798,-53.46039145130208,4.5,2374.897216796875,5168.33544921875,4927.886168650505,1366.0546875,0.3772359597952589,4971926665.929551,0.9943853331859103,0.08678419893856065,accepted_saved_frame
JSCC,440SingleComptonPlus218Single,2850,11214.4189453125,8.19793701171875,27.239429984372798,-53.46039145130208,4.5,2376.558837890625,5195.0185546875,4963.358622185548,1367.956298828125,0.3768025801205715,4971957531.705387,0.9943915063410774,0.0859880153294961,accepted_saved_frame
JSCC,440SingleComptonPlus218Single,2900,11387.7353515625,8.313423156738281,27.239429984372798,-53.46039145130208,4.5,2377.84375,5211.2958984375,5007.259688691395,1369.801025390625,0.37640661913253326,4971987531.000536,0.9943975062001071,0.0852152329099439,accepted_saved_frame
JSCC,440SingleComptonPlus218Single,2950,11560.830078125,8.4287691116333,27.239429984372798,-53.46039145130208,4.5,2382.242431640625,5226.5869140625,5032.640016545295,1371.591796875,0.3760472958540701,4972016710.211857,0.9944033420423714,0.08446470231910459,accepted_saved_frame
JSCC,440SingleComptonPlus218Single,3000,11733.7080078125,8.543975830078125,27.239429984372798,-53.46039145130208,4.5,2381.789794921875,5260.39990234375,5059.196757824138,1373.3311767578125,0.3757238566089934,4972045102.171365,0.9944090204342729,0.0837353482014737,accepted_saved_frame
JSCC,440SingleComptonPlus218Single,3050,11906.345703125,8.659025192260742,27.239429984372798,-53.46039145130208,4.5,2383.105224609375,5298.9306640625,5103.378042013396,1375.021484375,0.37543549568117546,4972072762.06082,0.9944145524121639,0.0830261676507852,accepted_saved_frame
JSCC,440SingleComptonPlus218Single,3100,12078.7255859375,8.773903846740723,27.239429984372798,-53.46039145130208,4.5,2388.9716796875,5338.2431640625,5152.5586039568625,1376.6649169921875,0.3751815428743552,4972099719.307428,0.9944199438614857,0.0823362137078161,accepted_saved_frame
JSCC,440SingleComptonPlus218Single,3150,12250.869140625,8.88862419128418,27.239429984372798,-53.46039145130208,4.5,2394.72119140625,5375.56396484375,5199.401523605083,1378.2637939453125,0.3749612182092276,4972126008.5575,0.9944252017115,0.08166459777582852,accepted_saved_frame
JSCC,440SingleComptonPlus218Single,3200,12422.7802734375,9.003190040588379,27.239429984372798,-53.46039145130208,4.5,2399.080322265625,5413.916015625,5225.108949565727,1379.81982421875,0.37477383079411625,4972151655.559674,0.9944303311119349,0.08101048512672923,accepted_saved_frame
JSCC,440SingleComptonPlus218Single,3250,12594.439453125,9.117584228515625,27.239429984372798,-53.46039145130208,4.5,2402.908203125,5427.75244140625,5243.408687152295,1381.3350830078125,0.3746186890884567,4972176685.919142,0.9944353371838284,0.08037309735011249,accepted_saved_frame
JSCC,440SingleComptonPlus218Single,3300,12765.8212890625,9.23178768157959,27.239429984372798,-53.46039145130208,4.5,2407.5068359375,5437.251953125,5251.82948193609,1382.8114013671875,0.37449508919984137,4972201130.738225,0.994440226147645,0.07975169298236857,accepted_saved_frame
JSCC,440SingleComptonPlus218Single,3350,12936.9375,9.345808982849121,27.239429984372798,-53.46039145130208,4.5,2412.584228515625,5458.38427734375,5259.0350581206785,1384.2501220703125,0.37440242431575155,4972225008.896719,0.9944450017793438,0.07914557972388624,accepted_saved_frame
JSCC,440SingleComptonPlus218Single,3400,13107.8037109375,9.459656715393066,27.239429984372798,-53.46039145130208,4.5,2412.766845703125,5498.7216796875,5295.2572612138465,1385.6531982421875,0.374340018840181,4972248339.716173,0.9944496679432346,0.07855410268898091,accepted_saved_frame
JSCC,440SingleComptonPlus218Single,3450,13278.4013671875,9.573318481445312,27.239429984372798,-53.46039145130208,4.5,2418.4453125,5527.76416015625,5317.736355338543,1387.0218505859375,0.37430727069074604,4972271148.598464,0.9944542297196928,0.07797664431133461,accepted_saved_frame
JSCC,440SingleComptonPlus218Single,3500,13448.716796875,9.686781883239746,27.239429984372798,-53.46039145130208,4.5,2421.280517578125,5571.861328125,5337.881226469055,1388.3575439453125,0.3743035189487775,4972293455.329089,0.9944586910658179,0.0774126252089805,accepted_saved_frame
JSCC,440SingleComptonPlus218Single,3550,13618.7890625,9.800077438354492,27.239429984372798,-53.46039145130208,4.5,2427.473876953125,5607.9365234375,5364.998623030476,1389.661376953125,0.37432829595929623,4972315258.559368,0.9944630517118737,0.0768614933611313,accepted_saved_frame
JSCC,440SingleComptonPlus218Single,3600,13788.5771484375,9.913171768188477,27.239429984372798,-53.46039145130208,4.5,2432.060546875,5615.9619140625,5394.338361803473,1390.9349365234375,0.3743808327831429,4972336581.807022,0.9944673163614044,0.07632273257401626,accepted_saved_frame
JSCC,440SingleComptonPlus218Single,3650,13958.08203125,10.026067733764648,27.239429984372798,-53.46039145130208,4.5,2436.714599609375,5623.33740234375,5423.256083327525,1392.1790771484375,0.37446078298558727,4972357440.728677,0.9944714881457354,0.07579585231401188,accepted_saved_frame
JSCC,440SingleComptonPlus218Single,3700,14127.326171875,10.138778686523438,27.239429984372798,-53.46039145130208,4.5,2443.82080078125,5640.71435546875,5443.841741703326,1393.395263671875,0.37456737780268134,4972377844.577432,0.9944755689154864,0.07528038828807854,accepted_saved_frame
JSCC,440SingleComptonPlus218Single,3750,14296.291015625,10.25129508972168,27.239429984372798,-53.46039145130208,4.5,2449.493408203125,5671.85498046875,5459.791685547521,1394.5838623046875,0.37470032424371946,4972397814.821273,0.9944795629642545,0.07477590365891262,accepted_saved_frame
JSCC,440SingleComptonPlus218Single,3800,14464.95703125,10.363597869873047,27.239429984372798,-53.46039145130208,4.5,2456.584716796875,5701.9912109375,5477.8483588054305,1395.7467041015625,0.37485889618091095,4972417349.386474,0.9944834698772947,0.07428198574815062,accepted_saved_frame
JSCC,440SingleComptonPlus218Single,3850,14633.3408203125,10.475702285766602,27.239429984372798,-53.46039145130208,4.5,2462.370361328125,5731.68310546875,5507.70213946247,1396.884033203125,0.37504271067877953,4972436456.718061,0.9944872913436122,0.07379823833813519,accepted_saved_frame
JSCC,440SingleComptonPlus218Single,3900,14801.4033203125,10.587575912475586,27.239429984372798,-53.46039145130208,4.5,2468.8701171875,5760.95849609375,5545.153524149201,1397.997314453125,0.37525119202151097,4972455165.128798,0.9944910330257595,0.07332429060913047,accepted_saved_frame
JSCC,440SingleComptonPlus218Single,3950,14969.171875,10.699243545532227,27.239429984372798,-53.46039145130208,4.5,2474.9248046875,5789.814453125,5572.39096556151,1399.0869140625,0.37548393204273156,4972473461.607113,0.9944946923214226,0.07285979053714679,accepted_saved_frame
JSCC,440SingleComptonPlus218Single,4000,15136.65234375,10.810707092285156,27.239429984372798,-53.46039145130208,4.5,2478.876708984375,5817.7080078125,5582.402761980826,1400.15380859375,0.37574049307501445,4972491359.5986595,0.994498271919732,0.07240440162118474,accepted_saved_frame
JSCC,440SingleComptonPlus218Single,4050,15303.83984375,10.921961784362793,27.239429984372798,-53.46039145130208,4.5,2483.65869140625,5843.90625,5597.1258076290405,1401.1988525390625,0.3760203425132688,4972508871.992551,0.9945017743985102,0.07195780932795175,accepted_saved_frame
JSCC,440SingleComptonPlus218Single,4100,15470.716796875,11.03299617767334,27.239429984372798,-53.46039145130208,4.5,2488.38134765625,5869.68359375,5620.764870151603,1402.22265625,0.3763230164025306,4972526008.274461,0.9945052016548922,0.07151971205077368,accepted_saved_frame
JSCC,440SingleComptonPlus218Single,4150,15637.3046875,11.143826484680176,27.239429984372798,-53.46039145130208,4.5,2494.317626953125,5895.06640625,5620.454315590691,1403.225830078125,0.3766482277077458,4972542775.978345,0.9945085551956689,0.07108982149221427,accepted_saved_frame
JSCC,440SingleComptonPlus218Single,4200,15803.58984375,11.25444221496582,27.239429984372798,-53.46039145130208,4.5,2502.309814453125,5913.853515625,5619.682640105633,1404.2091064453125,0.37699539809555205,4972559161.846931,0.9945118323693863,0.07066786782133858,accepted_saved_frame
JSCC,440SingleComptonPlus218Single,4250,15969.5576171875,11.36483097076416,27.239429984372798,-53.46039145130208,4.5,2506.029052734375,5916.23486328125,5641.326655087418,1405.17333984375,0.37736413643084377,4972575196.26753,0.994515039253506,0.0702535914532172,accepted_saved_frame
JSCC,440SingleComptonPlus218Single,4300,16135.2216796875,11.475008964538574,27.239429984372798,-53.46039145130208,4.5,2510.6875,5937.8759765625,5677.00426946167,1406.118408203125,0.37775427249181825,4972590869.680446,0.9945181739360891,0.06984674459727448,accepted_saved_frame
JSCC,440SingleComptonPlus218Single,4350,16300.580078125,11.584966659545898,27.239429984372798,-53.46039145130208,4.5,2514.90283203125,5980.97998046875,5719.362947983422,1407.0458984375,0.37816509232621814,4972606197.210799,0.9945212394421599,0.06944709685464466,accepted_saved_frame
JSCC,440SingleComptonPlus218Single,4400,16465.611328125,11.694696426391602,27.239429984372798,-53.46039145130208,4.5,2520.059814453125,6025.34765625,5743.093310946885,1407.9554443359375,0.37859645216725446,4972621167.925326,0.9945242335850653,0.06905442379221732,accepted_saved_frame
JSCC,440SingleComptonPlus218Single,4450,16630.330078125,11.804203987121582,27.239429984372798,-53.46039145130208,4.5,2525.17431640625,6052.29443359375,5755.062920945688,1408.8480224609375,0.3790478493595556,4972635811.117945,0.994527162223589,0.06866851300006084,accepted_saved_frame
JSCC,440SingleComptonPlus218Single,4500,16794.701171875,11.913466453552246,27.239429984372798,-53.46039145130208,4.5,2528.9462890625,6078.912109375,5769.7319290946225,1409.72412109375,0.3795189142102064,4972650112.02141,0.994530022404282,0.06828916250407194,accepted_saved_frame
JSCC,440SingleComptonPlus218Single,4550,16958.79296875,12.022531509399414,27.239429984372798,-53.46039145130208,4.5,2530.5546875,6105.1865234375,5784.053127723631,1410.584228515625,0.38000936523247014,4972664086.15258,0.994532817230516,0.067916179219446,accepted_saved_frame
JSCC,440SingleComptonPlus218Single,4600,17122.556640625,12.131364822387695,27.239429984372798,-53.46039145130208,4.5,2535.591552734375,6129.65771484375,5798.989185611717,1411.4287109375,0.3805188254642798,4972677734.193183,0.9945355468386365,0.06754937690469091,accepted_saved_frame
JSCC,440SingleComptonPlus218Single,4650,17286.017578125,12.239988327026367,27.239429984372798,-53.46039145130208,4.5,2537.450927734375,6158.3388671875,5819.691935510041,1412.2576904296875,0.3810470286877718,4972691060.978695,0.994538212195739,0.06718857983109286,accepted_saved_frame
JSCC,440SingleComptonPlus218Single,4700,17449.13671875,12.348369598388672,27.239429984372798,-53.46039145130208,4.5,2541.627197265625,6187.08056640625,5840.131844632858,1413.0721435546875,0.3815934796184517,4972704072.99922,0.994540814599844,0.06683361933529819,accepted_saved_frame
JSCC,440SingleComptonPlus218Single,4750,17611.888671875,12.456493377685547,27.239429984372798,-53.46039145130208,4.5,2548.487548828125,6214.9208984375,5864.00670018284,1413.8720703125,0.38215799088965713,4972716763.36155,0.9945433526723101,0.06648433815194185,accepted_saved_frame
JSCC,440SingleComptonPlus218Single,4800,17774.3125,12.564388275146484,27.239429984372798,-53.46039145130208,4.5,2554.04296875,6236.50732421875,5868.166905074617,1414.657958984375,0.3827402014241586,4972729154.698929,0.9945458309397858,0.0661405794160666,accepted_saved_frame
JSCC,440SingleComptonPlus218Single,4850,17936.400390625,12.672048568725586,27.239429984372798,-53.46039145130208,4.5,2563.248779296875,6243.4716796875,5882.075617036813,1415.43017578125,0.38333978427632664,4972741228.936725,0.9945482457873449,0.06580219635665599,accepted_saved_frame
JSCC,440SingleComptonPlus218Single,4900,18098.1328125,12.779457092285156,27.239429984372798,-53.46039145130208,4.5,2570.254638671875,6268.86083984375,5894.212560739719,1416.189453125,0.38395635742646766,4972753019.6311655,0.9945506039262331,0.06546904436020883,accepted_saved_frame
JSCC,440SingleComptonPlus218Single,4950,18259.533203125,12.886637687683105,27.239429984372798,-53.46039145130208,4.5,2578.009521484375,6296.60546875,5926.2139106783725,1416.9354248046875,0.38458983754948833,4972764502.703551,0.9945529005407102,0.06514099104737348,accepted_saved_frame
JSCC,440SingleComptonPlus218Single,5000,18420.5859375,12.993574142456055,27.239429984372798,-53.46039145130208,4.5,2585.91943359375,6323.67236328125,5957.968279723339,1417.6689453125,0.38523976832567214,4972775695.395861,0.9945551390791721,0.06481790699513011,accepted_saved_frame
JSCC,440SingleComptonPlus218Single,5050,18581.28515625,13.100266456604004,27.239429984372798,-53.46039145130208,4.5,2592.734375,6350.43798828125,5982.803836609065,1418.389892578125,0.38590595940427475,4972786602.687918,0.9945573205375835,0.06449966653644824,accepted_saved_frame
JSCC,440SingleComptonPlus218Single,5100,18741.65234375,13.20672607421875,27.239429984372798,-53.46039145130208,4.5,2598.03369140625,6388.59814453125,5996.333776300731,1419.0989990234375,0.38658807515600296,4972797232.0277815,0.9945594464055563,0.06418614914887068,accepted_saved_frame
JSCC,440SingleComptonPlus218Single,5150,18901.66015625,13.312936782836914,27.239429984372798,-53.46039145130208,4.5,2600.52783203125,6409.47509765625,6008.22299115849,1419.79638671875,0.38728577456811003,4972807572.410878,0.9945615144821757,0.06387724253609615,accepted_saved_frame
JSCC,440SingleComptonPlus218Single,5200,19061.3203125,13.418905258178711,27.239429984372798,-53.46039145130208,4.5,2609.84033203125,6430.552734375,6021.661708858754,1420.4825439453125,0.3879988326480096,4972817643.2273655,0.9945635286454731,0.06357283406247347,accepted_saved_frame
JSCC,440SingleComptonPlus218Single,5250,19220.666015625,13.524658203125,27.239429984372798,-53.46039145130208,4.5,2613.354736328125,6444.876953125,6055.9552301066515,1421.1572265625,0.38872709609590006,4972827448.755485,0.9945654897510969,0.06327281876069539,accepted_saved_frame
JSCC,440SingleComptonPlus218Single,5300,19379.673828125,13.630176544189453,27.239429984372798,-53.46039145130208,4.5,2615.9208984375,6463.328125,6090.074608274932,1421.8211669921875,0.3894701456330893,4972836974.525808,0.9945673949051617,0.06297709611621367,accepted_saved_frame
JSCC,440SingleComptonPlus218Single,5350,19538.30078125,13.735432624816895,27.239429984372798,-53.46039145130208,4.5,2621.166259765625,6481.5693359375,6136.750813053728,1422.474365234375,0.39022780575838995,4972846247.291048,0.9945692494582096,0.06268556370781218,accepted_saved_frame
JSCC,440SingleComptonPlus218Single,5400,19696.576171875,13.840444564819336,27.239429984372798,-53.46039145130208,4.5,2627.519775390625,6497.89599609375,6172.703140281723,1423.1173095703125,0.39099981069081385,4972855263.7335005,0.9945710527467001,0.06239812616425176,accepted_saved_frame
JSCC,440SingleComptonPlus218Single,5450,19854.44140625,13.945175170898438,27.239429984372798,-53.46039145130208,4.5,2635.215087890625,6513.55224609375,6208.566300902976,1423.7498779296875,0.39178597692139977,4972864015.913736,0.9945728031827473,0.06211469350361454,accepted_saved_frame
JSCC,440SingleComptonPlus218Single,5500,20011.974609375,14.049675941467285,27.239429984372798,-53.46039145130208,4.5,2642.676513671875,6518.1572265625,6226.018832250892,1424.3726806640625,0.39258587743490764,4972872524.6506405,0.9945745049301281,0.06183517703490968,accepted_saved_frame
JSCC,440SingleComptonPlus218Single,5550,20169.158203125,14.153937339782715,27.239429984372798,-53.46039145130208,4.5,2648.7744140625,6538.80419921875,6243.264290947215,1424.9857177734375,0.39339946783663454,4972880781.948738,0.9945761563897476,0.06155949341704588,accepted_saved_frame
JSCC,440SingleComptonPlus218Single,5600,20325.96875,14.257942199707031,27.239429984372798,-53.46039145130208,4.5,2654.232421875,6563.45556640625,6260.256980481755,1425.5892333984375,0.3942264656019171,4972888798.753191,0.9945777597506382,0.06128755684534905,accepted_saved_frame
JSCC,440SingleComptonPlus218Single,5650,20482.4140625,14.361696243286133,27.239429984372798,-53.46039145130208,4.5,2661.818359375,6580.740234375,6276.996633615304,1426.1834716796875,0.39506658866355765,4972896574.482613,0.9945793148965225,0.061019289779195005,accepted_saved_frame
JSCC,440SingleComptonPlus218Single,5700,20638.478515625,14.465188980102539,27.239429984372798,-53.46039145130208,4.5,2666.762451171875,6623.525390625,6293.4855508851515,1426.7686767578125,0.39591964092675885,4972904119.976237,0.9945808239952475,0.06075461364260399,accepted_saved_frame
JSCC,440SingleComptonPlus218Single,5750,20794.208984375,14.568455696105957,27.239429984372798,-53.46039145130208,4.5,2669.649658203125,6663.6279296875,6306.407500754614,1427.3447265625,0.3967854428123681,4972911429.763562,0.9945822859527125,0.06049345738141249,accepted_saved_frame
JSCC,440SingleComptonPlus218Single,5800,20949.57421875,14.671470642089844,27.239429984372798,-53.46039145130208,4.5,2675.697998046875,6728.314453125,6311.049430356631,1427.912353515625,0.3976636633360855,4972918506.882294,0.9945837013764588,0.060235746287574755,accepted_saved_frame
JSCC,440SingleComptonPlus218Single,5850,21104.556640625,14.774225234985352,27.239429984372798,-53.46039145130208,4.5,2681.490966796875,6738.0205078125,6315.585771458272,1428.4713134765625,0.3985542004353601,4972925372.9874735,0.9945850745974947,0.05998140799982485,accepted_saved_frame
JSCC,440SingleComptonPlus218Single,5900,21259.189453125,14.876740455627441,27.239429984372798,-53.46039145130208,4.5,2687.467529296875,6750.72900390625,6320.015002368643,1429.02197265625,0.39945678264848017,4972932013.566553,0.9945864027133107,0.0597303786566815,accepted_saved_frame
JSCC,440SingleComptonPlus218Single,5950,21413.42578125,14.978986740112305,27.239429984372798,-53.46039145130208,4.5,2692.44775390625,6778.763671875,6331.033113635455,1429.5643310546875,0.40037124099916055,4972938429.395507,0.9945876858791014,0.059482593532735425,accepted_saved_frame
JSCC,440SingleComptonPlus218Single,6000,21567.298828125,15.080986022949219,27.239429984372798,-53.46039145130208,4.5,2703.473388671875,6806.60595703125,6349.074403924716,1430.0987548828125,0.4012973471002066,4972944636.153353,0.9945889272306705,0.059237989429707184,accepted_saved_frame
JSCC,440SingleComptonPlus218Single,6050,21720.822265625,15.182744979858398,27.239429984372798,-53.46039145130208,4.5,2708.9189453125,6833.90478515625,6365.807134623887,1430.62548828125,0.4022348213484254,4972950636.723714,0.9945901273447427,0.058996498156051895,accepted_saved_frame
JSCC,440SingleComptonPlus218Single,6100,21873.927734375,15.284218788146973,27.239429984372798,-53.46039145130208,4.5,2712.696044921875,6844.6640625,6381.057813954627,1431.1446533203125,0.40318350397140484,4972956424.611392,0.9945912849222784,0.058758067426252024,accepted_saved_frame
JSCC,440SingleComptonPlus218Single,6150,22026.6796875,15.385455131530762,27.239429984372798,-53.46039145130208,4.5,2716.594970703125,6854.28076171875,6396.038856211493,1431.656005859375,0.4041434241071421,4972962015.424065,0.9945924030848129,0.05852263672785542,accepted_saved_frame
JSCC,440SingleComptonPlus218Single,6200,22179.060546875,15.486441612243652,27.239429984372798,-53.46039145130208,4.5,2725.90673828125,6863.22900390625,6410.754203390465,1432.159912109375,0.4051141408973928,4972967408.169739,0.9945934816339478,0.05829014954927855,accepted_saved_frame
JSCC,440SingleComptonPlus218Single,6250,22331.068359375,15.587172508239746,27.239429984372798,-53.46039145130208,4.5,2734.2041015625,6872.06884765625,6425.607052203831,1432.65673828125,0.406095511678103,4972972601.195531,0.9945945202391062,0.0580605486894811,accepted_saved_frame
JSCC,440SingleComptonPlus218Single,6300,22482.681640625,15.687637329101562,27.239429984372798,-53.46039145130208,4.5,2743.09423828125,6880.80615234375,6442.272702710193,1433.146484375,0.40708741214902194,4972977609.75948,0.994595521951896,0.057833783399494014,accepted_saved_frame
JSCC,440SingleComptonPlus218Single,6350,22633.9375,15.787859916687012,27.239429984372798,-53.46039145130208,4.5,2749.902587890625,6889.1826171875,6457.75340858647,1433.6292724609375,0.408089513449556,4972982417.930296,0.9945964835860592,0.05760980346808373,accepted_saved_frame
JSCC,440SingleComptonPlus218Single,6400,22784.826171875,15.887834548950195,27.239429984372798,-53.46039145130208,4.5,2757.779052734375,6907.53955078125,6472.964518561077,1434.105224609375,0.4091018701604247,4972987046.893654,0.9945974093787308,0.05738855502546324,accepted_saved_frame
JSCC,440SingleComptonPlus218Single,6450,22935.31640625,15.98753833770752,27.239429984372798,-53.46039145130208,4.5,2766.495361328125,6909.24267578125,6471.886711775018,1434.5745849609375,0.4101240763833668,4972991489.946902,0.9945982979893805,0.05716999086332171,accepted_saved_frame
JSCC,440SingleComptonPlus218Single,6500,23085.435546875,16.086994171142578,27.239429984372798,-53.46039145130208,4.5,2770.666259765625,6914.74609375,6469.843352179371,1435.0372314453125,0.41115617151497236,4972995760.237327,0.9945991520474653,0.05695406266651898,accepted_saved_frame
JSCC,440SingleComptonPlus218Single,6550,23235.16796875,16.186189651489258,27.239429984372798,-53.46039145130208,4.5,2778.842529296875,6923.01611328125,6467.6402297513605,1435.493408203125,0.4121977927409201,4972999841.589458,0.9945999683178917,0.056740726914817505,accepted_saved_frame
JSCC,440SingleComptonPlus218Single,6600,23384.5625,16.285154342651367,27.239429984372798,-53.46039145130208,4.5,2783.1728515625,6931.20751953125,6476.737592655601,1435.9434814453125,0.4132488821753242,4973003753.897005,0.994600750779401,0.05652993311565949,accepted_saved_frame
JSCC,440SingleComptonPlus218Single,6650,23533.5703125,16.383861541748047,27.239429984372798,-53.46039145130208,4.5,2788.499267578125,6939.3203125,6498.1394391613585,1436.3873291015625,0.4143092245738783,4973007508.780914,0.9946015017561829,0.0563216409092394,accepted_saved_frame
JSCC,440SingleComptonPlus218Single,6700,23682.20703125,16.482316970825195,27.239429984372798,-53.46039145130208,4.5,2797.2568359375,6947.3525390625,6519.320148168747,1436.8250732421875,0.41537878985471355,4973011093.062976,0.9946022186125951,0.05611580742740909,accepted_saved_frame
JSCC,440SingleComptonPlus218Single,6750,23830.443359375,16.58050537109375,27.239429984372798,-53.46039145130208,4.5,2802.91845703125,6955.203125,6540.273054274029,1437.2567138671875,0.4164572010191603,4973014499.696336,0.9946028999392672,0.05591239116785946,accepted_saved_frame
JSCC,440SingleComptonPlus218Single,6800,23978.3125,16.678447723388672,27.239429984372798,-53.46039145130208,4.5,2807.715087890625,6974.12548828125,6561.00869561165,1437.6824951171875,0.41754452029060507,4973017750.287803,0.9946035500575605,0.055711350344519545,accepted_saved_frame
JSCC,440SingleComptonPlus218Single,6850,24125.81640625,16.77614402770996,27.239429984372798,-53.46039145130208,4.5,2812.540283203125,6978.33935546875,6581.527540074038,1438.1025390625,0.4186404628630526,4973020844.015226,0.9946041688030453,0.055512644903751594,accepted_saved_frame
JSCC,440SingleComptonPlus218Single,6900,24272.955078125,16.873594284057617,27.239429984372798,-53.46039145130208,4.5,2818.5986328125,6989.2109375,6601.824260280097,1438.51708984375,0.4197448781992904,4973023785.282792,0.9946047570565584,0.05531623471098041,accepted_saved_frame
JSCC,440SingleComptonPlus218Single,6950,24419.701171875,16.970783233642578,27.239429984372798,-53.46039145130208,4.5,2823.218017578125,6995.96728515625,6621.9077954413315,1438.926025390625,0.42085763765938033,4973026571.616486,0.9946053143232971,0.05512208403422621,accepted_saved_frame
JSCC,440SingleComptonPlus218Single,7000,24566.1015625,17.067739486694336,27.239429984372798,-53.46039145130208,4.5,2831.4521484375,7006.22998046875,6640.762128323326,1439.32958984375,0.42197859076779654,4973029210.899446,0.9946058421798891,0.054930155820139576,accepted_saved_frame
JSCC,440SingleComptonPlus218Single,7050,24712.10546875,17.164430618286133,27.239429984372798,-53.46039145130208,4.5,2837.50341796875,7024.13232421875,6653.430949249899,1439.7276611328125,0.4231076518733834,4973031699.123676,0.9946063398247352,0.05474041397361076,accepted_saved_frame
JSCC,440SingleComptonPlus218Single,7100,24857.693359375,17.26084327697754,27.239429984372798,-53.46039145130208,4.5,2842.18701171875,7041.8740234375,6665.882707717012,1440.1204833984375,0.4242445857233591,4973034040.416121,0.9946068080832241,0.05455282225045921,accepted_saved_frame
JSCC,440SingleComptonPlus218Single,7150,25002.919921875,17.357011795043945,27.239429984372798,-53.46039145130208,4.5,2848.09423828125,7059.478515625,6678.130275543769,1440.50830078125,0.4253893262096543,4973036236.708097,0.9946072473416195,0.054367343492585,accepted_saved_frame
JSCC,440SingleComptonPlus218Single,7200,25147.7734375,17.452932357788086,27.239429984372798,-53.46039145130208,4.5,2853.618896484375,7076.94384765625,6690.186223331237,1440.8909912109375,0.42654170329688484,4973038294.975934,0.9946076589951868,0.05418394850734352,accepted_saved_frame
JSCC,440SingleComptonPlus218Single,7250,25292.248046875,17.548601150512695,27.239429984372798,-53.46039145130208,4.5,2862.77783203125,7094.26123046875,6702.048243290899,1441.2686767578125,0.4277015599303897,4973040213.370458,0.9946080426740915,0.054002602681813935,accepted_saved_frame
JSCC,440SingleComptonPlus218Single,7300,25436.365234375,17.644031524658203,27.239429984372798,-53.46039145130208,4.5,2868.590576171875,7111.45458984375,6713.715882772585,1441.641357421875,0.42886885997422847,4973041997.923042,0.9946083995846084,0.05382327571302094,accepted_saved_frame
JSCC,440SingleComptonPlus218Single,7350,25580.095703125,17.73920249938965,27.239429984372798,-53.46039145130208,4.5,2871.7412109375,7128.49365234375,6725.043329798114,1442.0093994140625,0.43004337361881345,4973043645.074611,0.9946087290149221,0.05364593264861916,accepted_saved_frame
JSCC,440SingleComptonPlus218Single,7400,25723.41796875,17.834102630615234,27.239429984372798,-53.46039145130208,4.5,2880.298583984375,7145.3955078125,6735.924209612822,1442.3724365234375,0.4312250468964951,4973045165.001014,0.9946090330002028,0.05347054446866083,accepted_saved_frame
JSCC,440SingleComptonPlus218Single,7450,25866.435546875,17.92879867553711,27.239429984372798,-53.46039145130208,4.5,2887.82275390625,7162.15234375,6756.574236665791,1442.7310791015625,0.4324136614610572,4973046558.419528,0.9946093116839057,0.05329708361332285,accepted_saved_frame
JSCC,440SingleComptonPlus218Single,7500,26009.03515625,18.02321434020996,27.239429984372798,-53.46039145130208,4.5,2896.37060546875,7178.76171875,6767.601601698698,1443.085205078125,0.43360909049536983,4973047822.567267,0.9946095645134535,0.05312551669662545,accepted_saved_frame
JSCC,440SingleComptonPlus218Single,7550,26151.296875,18.11741065979004,27.239429984372798,-53.46039145130208,4.5,2902.652587890625,7195.23974609375,6772.623128494506,1443.4345703125,0.4348114137490807,4973048962.127113,0.9946097924254227,0.052955816063101825,accepted_saved_frame
JSCC,440SingleComptonPlus218Single,7600,26293.16015625,18.21133804321289,27.239429984372798,-53.46039145130208,4.5,2910.474365234375,7210.8447265625,6781.114693989402,1443.7796630859375,0.43602023700304454,4973049977.074173,0.9946099954148346,0.05278795448558409,accepted_saved_frame
JSCC,440SingleComptonPlus218Single,7650,26434.6015625,18.30498695373535,27.239429984372798,-53.46039145130208,4.5,2917.89111328125,7225.818359375,6789.432734595963,1444.1202392578125,0.43723568250938083,4973050873.776067,0.9946101747552134,0.05262190234772474,accepted_saved_frame
JSCC,440SingleComptonPlus218Single,7700,26575.6875,18.398395538330078,27.239429984372798,-53.46039145130208,4.5,2925.118408203125,7240.65576171875,6792.465426955742,1444.456787109375,0.43845752426056306,4973051659.538901,0.9946103319077803,0.05245763555740051,accepted_saved_frame
JSCC,440SingleComptonPlus218Single,7750,26716.451171875,18.491592407226562,27.239429984372798,-53.46039145130208,4.5,2932.433837890625,7255.3818359375,6787.820293195335,1444.7890625,0.4396856733249339,4973052316.517487,0.9946104633034973,0.052295124987415176,accepted_saved_frame
JSCC,440SingleComptonPlus218Single,7800,26856.845703125,18.584545135498047,27.239429984372798,-53.46039145130208,4.5,2939.67236328125,7269.95849609375,6793.8119971687365,1445.1171875,0.4409199722935532,4973052863.480726,0.9946105726961453,0.052134344677778124,accepted_saved_frame
JSCC,440SingleComptonPlus218Single,7850,26996.818359375,18.677217483520508,27.239429984372798,-53.46039145130208,4.5,2948.548095703125,7284.419921875,6809.377785133403,1445.441162109375,0.4421603431586411,4973053306.659729,0.9946106613319458,0.05197526912339372,accepted_saved_frame
JSCC,440SingleComptonPlus218Single,7900,27136.404296875,18.769630432128906,27.239429984372798,-53.46039145130208,4.5,2957.242431640625,7298.765625,6829.890609257723,1445.76123046875,0.4434066754274602,4973053632.520201,0.9946107265040401,0.05181787517120703,accepted_saved_frame
JSCC,440SingleComptonPlus218Single,7950,27275.6796875,18.861841201782227,27.239429984372798,-53.46039145130208,4.5,2963.88818359375,7312.9853515625,6849.606174965279,1446.0772705078125,0.44465884394786037,4973053850.3923025,0.9946107700784605,0.05166213793557517,accepted_saved_frame
JSCC,440SingleComptonPlus218Single,8000,27414.576171875,18.953800201416016,27.239429984372798,-53.46039145130208,4.5,2971.278076171875,7325.1875,6863.441087941917,1446.389404296875,0.44591681772247066,4973053970.669021,0.9946107941338042,0.051508033319234925,accepted_saved_frame
JSCC,440SingleComptonPlus218Single,8050,27553.103515625,19.04551124572754,27.239429984372798,-53.46039145130208,4.5,2978.164306640625,7330.42236328125,6882.798398982032,1446.697998046875,0.4471802790399406,4973053970.335827,0.9946107940671653,0.051355536960912565,accepted_saved_frame
JSCC,440SingleComptonPlus218Single,8100,27691.248046875,19.136974334716797,27.239429984372798,-53.46039145130208,4.5,2987.418701171875,7335.56689453125,6918.756914368812,1447.00244140625,0.4484494650005517,4973053884.6482725,0.9946107769296545,0.051204628451408975,accepted_saved_frame
JSCC,440SingleComptonPlus218Single,8150,27829.052734375,19.22821044921875,27.239429984372798,-53.46039145130208,4.5,2995.899169921875,7365.658203125,6958.328545822233,1447.3033447265625,0.4497241089111291,4973053686.600885,0.9946107373201771,0.05105528386861621,accepted_saved_frame
JSCC,440SingleComptonPlus218Single,8200,27966.48046875,19.319194793701172,27.239429984372798,-53.46039145130208,4.5,3004.659423828125,7387.5927734375,6997.774181702801,1447.6007080078125,0.4510040059045034,4973053386.39135,0.9946106772782699,0.05090748076074434,accepted_saved_frame
JSCC,440SingleComptonPlus218Single,8250,28103.548828125,19.409944534301758,27.239429984372798,-53.46039145130208,4.5,3009.06298828125,7403.3203125,7036.908575647152,1447.894287109375,0.45228919624151115,4973052995.8911295,0.9946105991782259,0.05076119532333046,accepted_saved_frame
JSCC,440SingleComptonPlus218Single,8300,28240.169921875,19.500394821166992,27.239429984372798,-53.46039145130208,4.5,3019.115234375,7416.71240234375,7070.100866048424,1448.1845703125,0.4535794916992652,4973052510.736515,0.994610502147303,0.05061640696137022,accepted_saved_frame
JSCC,440SingleComptonPlus218Single,8350,28376.4140625,19.590595245361328,27.239429984372798,-53.46039145130208,4.5,3027.345703125,7429.96533203125,7071.292796912778,1448.47119140625,0.45487492874525237,4973051921.342283,0.9946103842684566,0.05047309942835502,accepted_saved_frame
JSCC,440SingleComptonPlus218Single,8400,28512.33984375,19.680587768554688,27.239429984372798,-53.46039145130208,4.5,3035.515869140625,7442.66748046875,7077.87203422763,1448.7545166015625,0.45617539884112135,4973051239.901516,0.9946102479803032,0.05033125098905426,accepted_saved_frame
JSCC,440SingleComptonPlus218Single,8450,28647.91796875,19.77035140991211,27.239429984372798,-53.46039145130208,4.5,3043.808349609375,7443.5390625,7081.071669603773,1449.0343017578125,0.45748073225963987,4973050466.409883,0.9946100932819765,0.05019084132994422,accepted_saved_frame
JSCC,440SingleComptonPlus218Single,8500,28783.171875,19.85990333557129,27.239429984372798,-53.46039145130208,4.5,3053.25830078125,7439.619140625,7084.2536999225085,1449.310791015625,0.45879094269113974,4973049606.865228,0.9946099213730455,0.05005184666059731,accepted_saved_frame
JSCC,440SingleComptonPlus218Single,8550,28918.013671875,19.949176788330078,27.239429984372798,-53.46039145130208,4.5,3060.2734375,7435.6416015625,7087.373269230817,1449.5843505859375,0.46010579372875526,4973048648.488211,0.9946097296976422,0.049914251631367576,accepted_saved_frame
JSCC,440SingleComptonPlus218Single,8600,29052.478515625,20.038204193115234,27.239429984372798,-53.46039145130208,4.5,3065.5478515625,7431.615234375,7090.480803645153,1449.8543701171875,0.4614253165748479,4973047593.902758,0.9946095187805515,0.04977803684756956,accepted_saved_frame
JSCC,440SingleComptonPlus218Single,8650,29186.572265625,20.126985549926758,27.239429984372798,-53.46039145130208,4.5,3072.5791015625,7427.5263671875,7093.569650174401,1450.121337890625,0.4627494045571685,4973046469.692713,0.9946092939385426,0.049643179703136836,accepted_saved_frame
JSCC,440SingleComptonPlus218Single,8700,29320.296875,20.215526580810547,27.239429984372798,-53.46039145130208,4.5,3080.9072265625,7423.369140625,7096.597488426755,1450.385009765625,0.46407805746622033,4973045258.93298,0.9946090517865959,0.04950966811830996,accepted_saved_frame
JSCC,440SingleComptonPlus218Single,8750,29453.716796875,20.30386734008789,27.239429984372798,-53.46039145130208,4.5,3086.23193359375,7437.56640625,7106.748005308603,1450.6456298828125,0.4654110352433491,4973043956.373603,0.9946087912747206,0.049377481006155216,accepted_saved_frame
JSCC,440SingleComptonPlus218Single,8800,29586.857421875,20.39202308654785,27.239429984372798,-53.46039145130208,4.5,3093.2783203125,7474.55810546875,7128.251048087647,1450.9034423828125,0.46674830749732393,4973042576.952572,0.9946085153905144,0.04924660000494125,accepted_saved_frame
JSCC,440SingleComptonPlus218Single,8850,29719.57421875,20.479900360107422,27.239429984372798,-53.46039145130208,4.5,3103.103759765625,7483.724609375,7149.723678849076,1451.1580810546875,0.46808987164834254,4973041109.741971,0.9946082219483942,0.04911701132998988,accepted_saved_frame
JSCC,440SingleComptonPlus218Single,8900,29851.892578125,20.567516326904297,27.239429984372798,-53.46039145130208,4.5,3111.937744140625,7489.34033203125,7171.151473804899,1451.40966796875,0.46943565270428433,4973039578.062786,0.9946079156125572,0.048988691503881146,accepted_saved_frame
JSCC,440SingleComptonPlus218Single,8950,29983.87890625,20.654911041259766,27.239429984372798,-53.46039145130208,4.5,3119.729248046875,7494.4013671875,7192.570505223878,1451.6585693359375,0.47078545410451594,4973037951.736576,0.9946075903473152,0.048861630969661535,accepted_saved_frame
JSCC,440SingleComptonPlus218Single,9000,30115.560546875,20.742109298706055,27.239429984372798,-53.46039145130208,4.5,3128.08544921875,7519.90478515625,7213.942906435895,1451.9044189453125,0.47213927424421775,4973036250.585944,0.9946072501171889,0.0487358091622069,accepted_saved_frame
JSCC,440SingleComptonPlus218Single,9050,30246.810546875,20.82901954650879,27.239429984372798,-53.46039145130208,4.5,3135.064453125,7549.6748046875,7228.869530371176,1452.1475830078125,0.473497042239349,4973034472.111814,0.9946068944223627,0.048611212505473636,accepted_saved_frame
JSCC,440SingleComptonPlus218Single,9100,30377.654296875,20.91566276550293,27.239429984372798,-53.46039145130208,4.5,3142.608642578125,7564.1787109375,7241.354647174354,1452.3878173828125,0.47485880143664955,4973032622.531973,0.9946065245063945,0.048487823001147665,accepted_saved_frame
JSCC,440SingleComptonPlus218Single,9150,30508.212890625,21.002119064331055,27.239429984372798,-53.46039145130208,4.5,3148.456298828125,7590.36962890625,7277.43423261768,1452.62548828125,0.4762243119862775,4973030709.107511,0.9946061418215021,0.0483656224880803,accepted_saved_frame
JSCC,440SingleComptonPlus218Single,9200,30638.4453125,21.088363647460938,27.239429984372798,-53.46039145130208,4.5,3152.587890625,7616.2099609375,7304.592705023545,1452.8602294921875,0.47759353161711,4973028701.693561,0.9946057403387121,0.04824460258346776,accepted_saved_frame
JSCC,440SingleComptonPlus218Single,9250,30768.306640625,21.17436408996582,27.239429984372798,-53.46039145130208,4.5,3160.110107421875,7639.58544921875,7332.466731546129,1453.0924072265625,0.4789664301106216,4973026635.006491,0.9946053270012981,0.0481247448188736,accepted_saved_frame
JSCC,440SingleComptonPlus218Single,9300,30897.822265625,21.260133743286133,27.239429984372798,-53.46039145130208,4.5,3167.94970703125,7653.9287109375,7349.35001858232,1453.3221435546875,0.48034288862860086,4973024496.129392,0.9946048992258784,0.048006033015019975,accepted_saved_frame
JSCC,440SingleComptonPlus218Single,9350,31026.978515625,21.345670700073242,27.239429984372798,-53.46039145130208,4.5,3177.490234375,7648.61181640625,7353.665415651547,1453.5489501953125,0.48172303225041957,4973022284.519813,0.9946044569039625,0.047888454012949555,accepted_saved_frame
JSCC,440SingleComptonPlus218Single,9400,31155.77734375,21.430971145629883,27.239429984372798,-53.46039145130208,4.5,3185.55712890625,7643.18701171875,7350.734638492154,1453.7734375,0.48310653881601223,4973020005.912395,0.9946040011824789,0.0477719947845092,accepted_saved_frame
JSCC,440SingleComptonPlus218Single,9450,31284.23046875,21.51604652404785,27.239429984372798,-53.46039145130208,4.5,3193.1005859375,7637.69384765625,7347.770327946186,1453.995361328125,0.48449353671733913,4973017654.739812,0.9946035309479624,0.04765663945669504,accepted_saved_frame
JSCC,440SingleComptonPlus218Single,9500,31412.359375,21.600908279418945,27.239429984372798,-53.46039145130208,4.5,3198.076904296875,7632.10302734375,7347.903773223811,1454.2147216796875,0.48588390577731233,4973015240.044613,0.9946030480089226,0.047542374267405804,accepted_saved_frame
JSCC,440SingleComptonPlus218Single,9550,31540.21484375,21.685596466064453,27.239429984372798,-53.46039145130208,4.5,3203.803466796875,7626.43017578125,7354.303371440012,1454.4315185546875,0.4872776098573334,4973012760.498653,0.9946025520997307,0.0474291875208725,accepted_saved_frame
JSCC,440SingleComptonPlus218Single,9600,31667.759765625,21.770078659057617,27.239429984372798,-53.46039145130208,4.5,3209.39892578125,7652.50341796875,7360.678340048177,1454.6461181640625,0.4886744478918699,4973010211.329791,0.9946020422659582,0.047317064200332645,accepted_saved_frame
JSCC,440SingleComptonPlus218Single,9650,31794.90625,21.854299545288086,27.239429984372798,-53.46039145130208,4.5,3217.52099609375,7690.96142578125,7367.05286645455,1454.858154296875,0.49007454818253565,4973007594.968123,0.9946015189936247,0.04720599178731841,accepted_saved_frame
JSCC,440SingleComptonPlus218Single,9700,31921.69140625,21.938282012939453,27.239429984372798,-53.46039145130208,4.5,3222.732421875,7691.41259765625,7373.418968863639,1455.0679931640625,0.49147779300812244,4973004923.835388,0.9946009847670776,0.047095954348143204,accepted_saved_frame
JSCC,440SingleComptonPlus218Single,9750,32048.162109375,22.022062301635742,27.239429984372798,-53.46039145130208,4.5,3223.671875,7695.43115234375,7379.749562372947,1455.2752685546875,0.4928841855738505,4973002187.699172,0.9946004375398344,0.04698694266371371,accepted_saved_frame
JSCC,440SingleComptonPlus218Single,9800,32174.2890625,22.105613708496094,27.239429984372798,-53.46039145130208,4.5,3230.34619140625,7693.1865234375,7384.265075939294,1455.48046875,0.4942935242067294,4972999398.511448,0.9945998797022896,0.04687894435534825,accepted_saved_frame
JSCC,440SingleComptonPlus218Single,9850,32300.1171875,22.18897247314453,27.239429984372798,-53.46039145130208,4.5,3234.95068359375,7690.861328125,7386.068620113854,1455.683349609375,0.4957058548969313,4972996528.501227,0.9945993057002455,0.04677194891024235,accepted_saved_frame
JSCC,440SingleComptonPlus218Single,9900,32425.60546875,22.272109985351562,27.239429984372798,-53.46039145130208,4.5,3239.926025390625,7688.46240234375,7389.975895175852,1455.8839111328125,0.4971210154510912,4972993609.684857,0.9945987219369715,0.04666593980892867,accepted_saved_frame
JSCC,440SingleComptonPlus218Single,9950,32550.78515625,22.355045318603516,27.239429984372798,-53.46039145130208,4.5,3249.0888671875,7685.9970703125,7395.653353317062,1456.082275390625,0.4985390954195536,4972990623.81652,0.9945981247633039,0.04656090662468645,accepted_saved_frame
JSCC,440SingleComptonPlus218Single,10000,32675.626953125,22.437761306762695,27.239429984372798,-53.46039145130208,4.5,3257.370361328125,7683.4599609375,7402.234624814143,1456.2784423828125,0.4999599323812831,4972987586.944814,0.9945975173889627,0.04645683993697813,accepted_saved_frame
EHE matrix+Poisson,440_SinglePhoton,0,1.0,1.0,,,,1.0,1.0,1.0,1.0,0.0,14135997.191569462,0.004003441885986087,0.4999999999999998,
EHE matrix+Poisson,440_SinglePhoton,10,8124.435546875,9.616572380065918,27.239429984372798,-53.46039145130208,1.5,1863.669420166014,4607.472604492283,4517.126635368494,844.8369140625,0.5000732202036035,3904919204.2307343,1.1059083340036446,0.05991313573587079,
EHE matrix+Poisson,440_SinglePhoton,20,18986.541015625,21.323101043701172,-230.23952373207933,-41.78231338288094,-25.5,2585.4775634765615,7321.726206543498,7298.771490162968,890.4212036132812,0.6794280845925476,3904317469.5790024,1.1057379173237072,0.060538847600571384,
EHE matrix+Poisson,440_SinglePhoton,30,25802.466796875,28.70162582397461,-197.3258188508018,-87.85511490437284,19.5,3270.5647167968737,9451.289844726618,9477.325247144185,898.98974609375,0.8584362682503309,3936325105.6004004,1.11480276849642,0.062230540714462185,
EHE matrix+Poisson,440_SinglePhoton,40,36446.4375,40.53983688354492,-197.3258188508018,-87.85511490437284,19.5,3865.2723022460937,11224.255785156405,11296.54888307136,899.0277709960938,1.0341767307633687,3962376979.8042264,1.1221808942121096,0.06310488782720793,
EHE matrix+Poisson,440_SinglePhoton,50,42871.77734375,47.78996276855469,-197.3258188508018,-87.85511490437284,19.5,4395.335502929681,13009.067002930933,13356.876404291132,897.0874633789062,1.2023210692752242,3980853920.5496826,1.1274137304600793,0.06367157011376008,
EHE matrix+Poisson,440_SinglePhoton,60,46950.38671875,52.4469108581543,-176.66918237202552,-101.99999999999994,10.5,4881.66922363279,14333.930256835944,14528.006374649623,895.1983032226562,1.3610824733657605,3993657593.9251885,1.1310398462261857,0.06400165555532031,
EHE matrix+Poisson,440_SinglePhoton,70,51263.15234375,57.3546028137207,-176.66918237202552,-101.99999999999994,10.5,5280.384882812497,16119.142841796971,16274.809935891459,893.7931518554688,1.510158730180409,4002567158.314824,1.1335631152096168,0.06415289157110915,
EHE matrix+Poisson,440_SinglePhoton,80,53925.02734375,60.397762298583984,-176.66918237202552,-101.99999999999994,10.5,5619.736772460937,17595.983693360206,17959.912511176728,892.83154296875,1.650018676316735,4008868780.08672,1.1353477913247405,0.06419097625092024,
EHE matrix+Poisson,440_SinglePhoton,90,55669.30078125,62.39532470703125,-176.66918237202552,-101.99999999999994,10.5,5958.429174804686,19416.42176367198,19745.774466002404,892.2030639648438,1.7814353747523148,4013403839.6494207,1.1366321610909984,0.06416418002165164,
EHE matrix+Poisson,440_SinglePhoton,100,56867.7421875,63.76615905761719,-176.66918237202552,-101.99999999999994,10.5,6199.9425537109355,20975.901527345166,21260.596678040976,891.8169555664062,1.905247561702817,4016708077.7962146,1.1375679511324706,0.0641030736830759,
EHE matrix+Poisson,440_SinglePhoton,110,58218.8203125,65.29646301269531,-78.0440952044779,141.9616821671059,16.5,6362.207685546863,21994.38958398454,22304.899115929285,891.6076049804688,2.0222465633618723,4019133737.234095,1.1382549197603746,0.06402686365544419,
EHE matrix+Poisson,440_SinglePhoton,120,59362.76171875,66.5853500366211,-78.0440952044779,141.9616821671059,16.5,6583.240541992155,23272.787093750005,23467.104333669107,891.5288696289062,2.133123942402478,4020921233.055692,1.1387611546970564,0.06394759203438398,
EHE matrix+Poisson,440_SinglePhoton,130,60262.87109375,67.59346008300781,-78.0440952044779,141.9616821671059,16.5,6809.850375976539,24318.06771093759,24443.96339084116,891.548828125,2.238458791648137,4022237460.0546923,1.1391339220531793,0.06387236009668679,
EHE matrix+Poisson,440_SinglePhoton,140,60982.609375,68.39328002929688,-78.0440952044779,141.9616821671059,16.5,6943.162666015608,25309.250189454437,25612.638824037836,891.6461791992188,2.338721960175733,4023199129.9496427,1.1394062756399663,0.06380495160193908,
EHE matrix+Poisson,440_SinglePhoton,150,61569.02734375,69.03855895996094,-78.0440952044779,141.9616821671059,16.5,7069.106123046851,26060.172296876848,26615.03712540537,891.8063354492188,2.4342971613515654,4023888939.8980703,1.1396016360382093,0.06374708581842871,
EHE matrix+Poisson,440_SinglePhoton,160,62056.87109375,69.56905364990234,-78.0440952044779,141.9616821671059,16.5,7175.170346679682,27508.884431641487,27797.299934749135,892.0183715820312,2.525502008952688,4024367226.811992,1.1397370912055218,0.06369926622867805,
EHE matrix+Poisson,440_SinglePhoton,170,63019.5625,70.62810516357422,-49.373961192567755,-67.95742752749558,25.5,7328.505170898418,28830.15629687538,28894.952856145672,892.273193359375,2.6126105444666408,4024679757.1623373,1.1398256026192026,0.06366129822261792,
EHE matrix+Poisson,440_SinglePhoton,180,66321.515625,74.30465698242188,-49.373961192567755,-67.95742752749558,25.5,7441.42838867185,29662.077236328758,29747.336895835604,892.56201171875,2.6958667744001943,4024862344.066293,1.139877312877009,0.06363257322642564,
EHE matrix+Poisson,440_SinglePhoton,190,69469.1328125,77.80370330810547,-49.373961192567755,-67.95742752749558,25.5,7513.616699218721,30290.26451367215,30320.399821724273,892.876953125,2.7754944734038713,4024943693.139267,1.139900351668098,0.06361222533774172,
EHE matrix+Poisson,440_SinglePhoton,200,72625.453125,81.30830383300781,46.66904755831212,-46.669047558312144,-7.5,7573.082875976534,30787.195593750952,30873.21085068971,893.2107543945312,2.8516995441893105,4024946740.614057,1.1399012147404413,0.06359921986829789,
EHE matrix+Poisson,218_SinglePhoton_CrossTalkCorrected,0,1.0,1.0,,,,1.0,1.0,1.0,1.0,0.0,14135997.191569462,0.009622615366229766,0.4999999999999998,
EHE matrix+Poisson,218_SinglePhoton_CrossTalkCorrected,10,3538.056640625,10.137773513793945,224.33594620048757,40.71097201408916,19.5,744.4275750732415,1670.358546997111,1639.6404552935523,348.9974060058594,0.43965773013813375,1718161102.3634045,1.1695816857632493,0.05551478268841793,
EHE matrix+Poisson,218_SinglePhoton_CrossTalkCorrected,20,12971.5751953125,33.83966827392578,224.33594620048757,40.71097201408916,19.5,1116.3454406738263,2865.5106752930014,2864.6553105594653,383.32452392578125,0.627516185701236,1720009557.9806416,1.1708399611565712,0.05564235671316464,
EHE matrix+Poisson,218_SinglePhoton_CrossTalkCorrected,30,20135.76171875,51.53094482421875,224.33594620048757,40.71097201408916,19.5,1416.1656274414056,4045.303062500156,4073.4489626772106,390.7508850097656,0.8120240937978972,1734718100.3687205,1.18085231784286,0.05678757195691072,
EHE matrix+Poisson,218_SinglePhoton_CrossTalkCorrected,40,23230.568359375,59.176048278808594,224.33594620048757,40.71097201408916,19.5,1690.839339599608,5152.997315917992,5196.646467990894,392.56707763671875,0.9951614776473032,1747058177.498757,1.189252419668203,0.05707597725607306,
EHE matrix+Poisson,218_SinglePhoton_CrossTalkCorrected,50,24611.29296875,62.61326217651367,224.33594620048757,40.71097201408916,19.5,1929.6499816894525,5887.076100586039,5987.487894018728,393.068359375,1.171750932293504,1755339157.404357,1.1948894245011263,0.056807624464691446,
EHE matrix+Poisson,218_SinglePhoton_CrossTalkCorrected,60,25264.91015625,64.24217224121094,224.33594620048757,40.71097201408916,19.5,2103.4211108398417,6644.489579101582,6671.556913146469,393.2760925292969,1.3384114731962475,1760794520.8443096,1.1986029838174062,0.05633972986723656,
EHE matrix+Poisson,218_SinglePhoton_CrossTalkCorrected,70,25664.92578125,65.22801971435547,166.05677245319387,-107.83852893297549,-7.5,2294.379282226556,7281.339997070495,7392.010450242896,393.4647216796875,1.493990716860523,1764493662.3465314,1.201121052785499,0.0558756612804982,
EHE matrix+Poisson,218_SinglePhoton_CrossTalkCorrected,80,27502.76171875,69.85538482666016,166.05677245319387,-107.83852893297549,-7.5,2458.2006396484335,8012.785653320345,8029.613785129666,393.7099914550781,1.638584463683647,1767090070.7369606,1.2028884724401698,0.05548181261595253,
EHE matrix+Poisson,218_SinglePhoton_CrossTalkCorrected,90,29038.62890625,73.69801330566406,166.05677245319387,-107.83852893297549,-7.5,2597.78361816406,8602.616472656333,8722.463451552445,394.0218811035156,1.7728262874043212,1768965026.6267848,1.204164787022857,0.05516286597180175,
EHE matrix+Poisson,218_SinglePhoton_CrossTalkCorrected,100,30330.439453125,76.9043960571289,166.05677245319387,-107.83852893297549,-7.5,2730.488154296874,9084.651744140936,9181.726585303828,394.3915100097656,1.8975617988456772,1770336267.8585012,1.205098214411693,0.054907579890346114,
EHE matrix+Poisson,218_SinglePhoton_CrossTalkCorrected,110,31423.775390625,79.59288787841797,166.05677245319387,-107.83852893297549,-7.5,2858.134533691401,9479.79358691419,9552.17864179613,394.80633544921875,2.013693113418599,1771334619.7665067,1.2057778096521765,0.054704525358652466,
EHE matrix+Poisson,218_SinglePhoton_CrossTalkCorrected,120,32355.27734375,81.85953521728516,166.05677245319387,-107.83852893297549,-7.5,2967.7201342773374,10216.872862305492,10362.775536657058,395.25360107421875,2.1220957606239197,1772048827.3482847,1.206263982983846,0.05454429192588687,
EHE matrix+Poisson,218_SinglePhoton_CrossTalkCorrected,130,33154.47265625,83.78241729736328,166.05677245319387,-107.83852893297549,-7.5,3069.6707763671848,10660.457168945444,10676.25074728247,395.72113037109375,2.2235720086157236,1772546323.4451447,1.2066026370965632,0.05441862966822306,
EHE matrix+Poisson,218_SinglePhoton_CrossTalkCorrected,140,33844.96875,85.42443084716797,166.05677245319387,-107.83852893297549,-7.5,3166.872250976554,10914.892615234452,10914.803795736781,396.19775390625,2.3188320867425096,1772880511.065644,1.206830124332776,0.05432016789750636,
EHE matrix+Poisson,218_SinglePhoton_CrossTalkCorrected,150,34445.51171875,86.83577728271484,166.05677245319387,-107.83852893297549,-7.5,3270.5224340820287,11308.761733398906,11281.358810262906,396.6741943359375,2.4084896239638964,1773093303.7199528,1.2069749759366228,0.054242651150710613,
EHE matrix+Poisson,218_SinglePhoton_CrossTalkCorrected,160,34970.9375,88.0562744140625,166.05677245319387,-107.83852893297549,-7.5,3338.155881347652,11939.241584960953,11843.14609127416,397.14306640625,2.493072162134582,1773216881.9004126,1.207059097720329,0.05418108394561284,
EHE matrix+Poisson,218_SinglePhoton_CrossTalkCorrected,170,35433.10546875,89.1176528930664,166.05677245319387,-107.83852893297549,-7.5,3374.9376806640603,12455.443299804914,12383.532966919547,397.59918212890625,2.5730302651181676,1773275526.5148501,1.2070990181136616,0.05413162992322894,
EHE matrix+Poisson,218_SinglePhoton_CrossTalkCorrected,180,35841.48828125,90.04524230957031,166.05677245319387,-107.83852893297549,-7.5,3403.9086596679485,12803.631216797172,12734.691695045876,398.0386657714844,2.6487552529412293,1773287340.3400893,1.2071070599868128,0.054091404530685,
EHE matrix+Poisson,218_SinglePhoton_CrossTalkCorrected,190,36203.73046875,90.85926818847656,166.05677245319387,-107.83852893297549,-7.5,3432.6516772460895,13127.62052734405,13050.933478323223,398.45941162109375,2.720584146797074,1773265688.9520843,1.2070923215162193,0.05405824948587255,
EHE matrix+Poisson,218_SinglePhoton_CrossTalkCorrected,200,36526.109375,91.5762710571289,166.05677245319387,-107.83852893297549,-7.5,3466.434877929686,13617.782333007866,13250.032996945358,398.8599853515625,2.788814617833235,1773220481.945539,1.2070615483326972,0.05403056198462305,
EHE matrix+Poisson,440SinglePlus218Single,0,2.0,1.0,,,,2.0,2.0,2.0,2.0,0.0,28271994.383138925,0.005654398876627785,0.4999999999999998,
EHE matrix+Poisson,440SinglePlus218Single,10,8231.337890625,6.8948750495910645,27.239429984372798,-53.46039145130208,-1.5,2226.53125,4735.680861816613,4687.910381921388,1193.834228515625,0.3642263103163737,5623080307.091777,1.1246160614183554,0.05856919635294014,
EHE matrix+Poisson,440SinglePlus218Single,20,18997.53125,14.91469669342041,-230.23952373207933,-41.78231338288094,-25.5,3022.27643798828,7697.8117719728725,7680.49020512339,1273.7457275390625,0.4973383072061258,5624327028.0596285,1.1248654056119256,0.05904142198340299,
EHE matrix+Poisson,440SinglePlus218Single,30,26090.173828125,20.229007720947266,-197.3258188508018,-87.85511490437284,19.5,3799.0148291015616,9735.180984375613,9859.786949995952,1289.74072265625,0.6300450728764297,5671043206.967045,1.134208641393409,0.060565588316110086,
EHE matrix+Poisson,440SinglePlus218Single,40,36721.00390625,28.430747985839844,-197.3258188508018,-87.85511490437284,19.5,4519.710498046866,11852.768472656375,11961.388959459113,1291.5947265625,0.7621659214134658,5709435155.592155,1.141887031118431,0.061260071774546364,
EHE matrix+Poisson,440SinglePlus218Single,50,43122.85546875,33.42453384399414,-197.3258188508018,-87.85511490437284,19.5,5139.731323242187,13641.312161133645,13917.684222051465,1290.15576171875,0.8894544551041749,5736193079.064081,1.1472386158128163,0.061571126090000226,
EHE matrix+Poisson,440SinglePlus218Single,60,47135.24609375,36.582218170166016,-197.3258188508018,-87.85511490437284,19.5,5689.663374023434,15016.350869140953,15512.742121366624,1288.4742431640625,1.0100225661691637,5754452113.160805,1.150890422632161,0.06165719659429695,
EHE matrix+Poisson,440SinglePlus218Single,70,51381.96484375,39.91583251953125,-176.66918237202552,-101.99999999999994,10.5,6161.159111328116,16543.21191210953,16676.613154881197,1287.2578125,1.123367790664506,5767060821.864015,1.153412164372803,0.06162038482203174,
EHE matrix+Poisson,440SinglePlus218Single,80,54021.40234375,41.98963165283203,-176.66918237202552,-101.99999999999994,10.5,6568.922197265617,18213.21848632881,18520.434279490473,1286.54150390625,1.2296950437541299,5775958852.634596,1.1551917705269192,0.06152650490906999,
EHE matrix+Poisson,440SinglePlus218Single,90,55745.8125,43.340641021728516,-176.66918237202552,-101.99999999999994,10.5,6920.88288085936,19993.462044921886,20074.197165984504,1286.2249755859375,1.3295083733084807,5782368864.702837,1.1564737729405674,0.06141046260246718,
EHE matrix+Poisson,440SinglePlus218Single,100,56927.08984375,44.25961685180664,-176.66918237202552,-101.99999999999994,10.5,7341.57402343749,21432.700794921897,21536.638418246945,1286.2083740234375,1.4234035604779864,5787044342.752065,1.157408868550413,0.06129004599963459,
EHE matrix+Poisson,440SinglePlus218Single,110,58218.82421875,45.25667953491211,-78.0440952044779,141.9616821671059,16.5,7661.066093749999,22977.36174414101,23143.631552343057,1286.4139404296875,1.5119657311049037,5790468352.1954155,1.1580936704390832,0.061175111481155744,
EHE matrix+Poisson,440SinglePlus218Single,120,59362.76171875,46.13270950317383,-78.0440952044779,141.9616821671059,16.5,8016.522592773414,23948.361343750126,24026.168630511092,1286.782470703125,1.5957230032438057,5792970059.281102,1.1585940118562204,0.06107115615007156,
EHE matrix+Poisson,440SinglePlus218Single,130,60262.87109375,46.81447982788086,-78.0440952044779,141.9616821671059,16.5,8293.75068359373,24894.266179689715,25483.438008954075,1287.2698974609375,1.67512909761349,5794783784.954638,1.1589567569909276,0.06098059124304373,
EHE matrix+Poisson,440SinglePlus218Single,140,60982.609375,47.352481842041016,-78.0440952044779,141.9616821671059,16.5,8571.81700195311,26033.87450976698,26674.42740164676,1287.843994140625,1.750562510888607,5796079639.586715,1.1592159279173428,0.060903785780872154,
EHE matrix+Poisson,440SinglePlus218Single,150,61569.02734375,47.78421401977539,-78.0440952044779,141.9616821671059,16.5,8793.584062499995,27055.646349611416,27674.29849047831,1288.48046875,1.8223389121148639,5796982242.820978,1.1593964485641957,0.06084001300233972,
EHE matrix+Poisson,440SinglePlus218Single,160,63410.0078125,49.187015533447266,-49.373961192567755,-67.95742752749558,25.5,8994.813896484362,27833.817417969494,28445.32072655184,1289.1614990234375,1.8907222182084311,5797584105.413893,1.1595168210827786,0.06078808785004955,
EHE matrix+Poisson,440SinglePlus218Single,170,67091.859375,52.01434326171875,-49.373961192567755,-67.95742752749558,25.5,9246.56351562497,29032.21346289092,29100.44681265972,1289.872314453125,1.9559411256224073,5797955286.461915,1.159591057292383,0.060746696941661835,
EHE matrix+Poisson,440SinglePlus218Single,180,70613.59375,54.7137451171875,-49.373961192567755,-67.95742752749558,25.5,9394.067021484367,29975.102847656428,30004.946716644576,1290.6005859375,2.0181972267937875,5798149683.339124,1.1596299366678247,0.060714533076350274,
EHE matrix+Poisson,440SinglePlus218Single,190,73971.203125,57.28267288208008,-49.373961192567755,-67.95742752749558,25.5,9432.389374999993,30653.377958984936,30718.359033176104,1291.33642578125,2.077673021492012,5798209377.907326,1.1596418755814653,0.060690334090014446,
EHE matrix+Poisson,440SinglePlus218Single,200,77162.328125,59.71989059448242,-49.373961192567755,-67.95742752749558,25.5,9607.899394531249,31251.164121094116,31299.315020014856,1292.07080078125,2.1345350868673525,5798167219.763815,1.159633443952763,0.06067289165345212,
EHE Geant4 5e10,440_SinglePhoton,0,1.0,1.0,,,,1.0,1.0,1.0,1.0,0.0,14135997.191569462,0.00040034400545319076,0.4999999999999998,
EHE Geant4 5e10,440_SinglePhoton,10,83731.046875,10.005151748657227,27.239429984372798,-53.46039145130208,-1.5,15178.467568359369,45179.21838671919,43695.56492921038,8368.79296875,0.3836114720751527,38389950723.392654,1.0872375279559074,0.06420058926729869,
EHE Geant4 5e10,440_SinglePhoton,20,132018.15625,14.60854721069336,27.239429984372798,-53.46039145130208,-1.5,15844.034052734361,57511.98633203148,55031.01838736503,9037.048828125,0.3864288100914443,37455501358.20295,1.0607730913347437,0.05358553807136563,
EHE Geant4 5e10,440_SinglePhoton,30,155459.625,16.68135643005371,27.239429984372798,-53.46039145130208,-4.5,16908.688652343746,60797.22719531331,59108.92601900044,9319.36328125,0.3945899037496275,37121554690.25209,1.0513154248649932,0.052088884900387905,
EHE Geant4 5e10,440_SinglePhoton,40,168490.734375,17.781578063964844,27.239429984372798,-53.46039145130208,-4.5,18276.2638671875,62117.28205078395,60904.69093417628,9475.578125,0.4124459754269611,36971679492.50491,1.0470708260460306,0.05207139308119989,
EHE Geant4 5e10,440_SinglePhoton,50,176601.4375,18.445886611938477,27.239429984372798,-53.46039145130208,-4.5,19379.94568359372,63772.05273828613,61391.642756079185,9574.0283203125,0.43542430719501257,36898357666.270386,1.0449942867538908,0.052169733005362706,
EHE Geant4 5e10,440_SinglePhoton,60,182225.828125,18.902536392211914,27.239429984372798,-53.46039145130208,-4.5,20638.669531249994,66513.51158593847,62652.326748079104,9640.2841796875,0.4610558051535655,36864979224.07751,1.0440489796020718,0.052270315119479695,
EHE Geant4 5e10,440_SinglePhoton,70,186452.34375,19.247907638549805,27.239429984372798,-53.46039145130208,-4.5,21803.491484374987,68322.84000781518,64396.888101083576,9686.888671875,0.4880046865860688,36853722431.48801,1.0437301772301721,0.05235059795060099,
EHE Geant4 5e10,440_SinglePhoton,80,189822.859375,19.52733039855957,27.239429984372798,-53.46039145130208,-4.5,22900.19687499996,70452.59490625857,65881.86109245164,9720.880859375,0.5155048400762614,36854650124.746086,1.0437564503278347,0.052401169093686424,
EHE Geant4 5e10,440_SinglePhoton,90,193125.75,19.814878463745117,27.239429984372798,-53.46039145130208,-7.5,24062.687089843745,72604.37508594333,70188.6952506516,9746.501953125,0.5431038058726598,36862039956.29199,1.0439657369257747,0.05241708345189635,
EHE Geant4 5e10,440_SinglePhoton,100,199598.515625,20.437345504760742,27.239429984372798,-53.46039145130208,-7.5,25215.031093749905,75871.61861718762,72171.79238346436,9766.3623046875,0.5705340246811366,36872679208.32374,1.0442670500001687,0.05239629338253322,
EHE Geant4 5e10,440_SinglePhoton,110,205820.390625,21.04049301147461,27.239429984372798,-53.46039145130208,-7.5,26379.304296874998,77671.69283593922,74792.69595273271,9782.1083984375,0.597638745561367,36884807905.19609,1.0446105454763632,0.052342254744199714,
EHE Geant4 5e10,440_SinglePhoton,120,211858.625,21.629669189453125,27.239429984372798,-53.46039145130208,-7.5,27486.633203124948,79092.03747656445,75815.15857800376,9794.8154296875,0.6243286193239787,36897452237.758804,1.0449686442136394,0.05226282283073987,
EHE Geant4 5e10,440_SinglePhoton,130,217761.8125,22.20877456665039,27.239429984372798,-53.46039145130208,-7.5,28299.548925781244,79551.36525781603,77082.19498388047,9805.21484375,0.6505564939734317,36910063645.89234,1.0453258105018157,0.052166996584345156,
EHE Geant4 5e10,440_SinglePhoton,140,223563.65625,22.78046989440918,27.239429984372798,-53.46039145130208,-7.5,29390.78624999999,79779.19085156466,77721.2272466449,9813.830078125,0.6763010427925673,36922327841.78908,1.0456731434308213,0.05206239603711928,
EHE Geant4 5e10,440_SinglePhoton,150,229285.8125,23.346364974975586,27.239429984372798,-53.46039145130208,-7.5,30294.27591796874,82298.63789062577,79334.0864984759,9821.0498046875,0.7015582561174056,36934061939.00566,1.046005463494019,0.05195437498287107,
EHE Geant4 5e10,440_SinglePhoton,160,234941.5625,23.90736198425293,27.239429984372798,-53.46039145130208,-7.5,31127.05824218742,83162.21907031465,81233.46200551171,9827.1640625,0.7263347290712844,36945161844.29035,1.0463198226779946,0.05184631092736503,
EHE Geant4 5e10,440_SinglePhoton,170,240537.578125,24.463773727416992,27.239429984372798,-53.46039145130208,-7.5,31993.21083984373,84749.36970312672,82717.74732323772,9832.3984375,0.7506431523812778,36955573596.931816,1.0466146927674396,0.051740245782644384,
EHE Geant4 5e10,440_SinglePhoton,180,246076.53125,25.015583038330078,27.239429984372798,-53.46039145130208,-7.5,32873.48828124993,85864.21021093869,84564.94651243635,9836.9296875,0.7744997128963163,36965277166.782364,1.0468895064907673,0.05163742738419381,
EHE Geant4 5e10,440_SinglePhoton,190,251557.734375,25.562496185302734,27.239429984372798,-53.46039145130208,-7.5,33738.094648437494,86570.82507812504,85902.30149128167,9840.890625,0.7979222536070001,36974275727.19049,1.0471443537200273,0.051538634382269785,
EHE Geant4 5e10,440_SinglePhoton,200,256979.3125,26.10414695739746,27.239429984372798,-53.46039145130208,-7.5,34705.35374999998,88039.90824218998,87465.26361750197,9844.38671875,0.8209289934817708,36982588760.13791,1.0473797862022594,0.051444362618016354,
EHE Geant4 5e10,218_SinglePhoton_CrossTalkCorrected,0,1.0,1.0,,,,1.0,1.0,1.0,1.0,0.0,14135997.191569462,0.0009622625946967021,0.4999999999999998,
EHE Geant4 5e10,218_SinglePhoton_CrossTalkCorrected,10,33033.79296875,8.707537651062012,-24.515486985935535,-48.11435230617186,-1.5,5477.619858398436,13802.340336914729,13427.576926058844,3793.700927734375,0.2814430324630306,19002253608.19103,1.2935173666423558,0.07028741534823563,
EHE Geant4 5e10,218_SinglePhoton_CrossTalkCorrected,20,53402.09765625,12.047711372375488,-24.515486985935535,-48.11435230617186,-1.5,6919.654887695309,16747.86606836026,15831.203551718783,4432.55126953125,0.32461955536902126,18689288672.456474,1.2722132840914182,0.07107383353111929,
EHE Geant4 5e10,218_SinglePhoton_CrossTalkCorrected,30,63690.1953125,13.801816940307617,-24.515486985935535,-48.11435230617186,-1.5,7701.23470703125,17476.983757813643,16644.69319410778,4614.6240234375,0.34599925931804354,18460743503.949078,1.2566558059826591,0.07153727141410178,
EHE Geant4 5e10,218_SinglePhoton_CrossTalkCorrected,40,70370.4921875,14.984046936035156,-24.515486985935535,-48.11435230617186,-1.5,8418.907900390619,19065.3892539063,18162.662537266955,4696.36083984375,0.3733174903648281,18366553274.68444,1.2502441087264287,0.07254459543893807,
EHE Geant4 5e10,218_SinglePhoton_CrossTalkCorrected,50,74797.0703125,15.776945114135742,-24.515486985935535,-48.11435230617186,-1.5,9088.336347656246,20595.864445313244,19413.748707543728,4740.90966796875,0.4037276364522854,18324916184.82579,1.2474097976000158,0.07348973804411797,
EHE Geant4 5e10,218_SinglePhoton_CrossTalkCorrected,60,77821.3671875,16.32084083557129,-24.515486985935535,-48.11435230617186,-1.5,9710.33300781248,21753.442544922127,21227.06886386257,4768.220703125,0.4352172525702189,18307131179.580585,1.2461991405050816,0.07420807032172212,
EHE Geant4 5e10,218_SinglePhoton_CrossTalkCorrected,70,79945.125,16.70292854309082,-24.515486985935535,-48.11435230617186,-1.5,10341.48716796875,22926.017523438255,22082.593332335226,4786.2939453125,0.4668452806628628,18301410789.20511,1.245809743307927,0.0747254949158135,
EHE Geant4 5e10,218_SinglePhoton_CrossTalkCorrected,80,81461.046875,16.974857330322266,-24.515486985935535,-48.11435230617186,-1.5,10952.294667968748,23901.214107422617,23748.564916206284,4798.923828125,0.4981692469299554,18302103180.614624,1.245856875628713,0.07509506752516772,
EHE Geant4 5e10,218_SinglePhoton_CrossTalkCorrected,90,82550.0625,17.168882369995117,-24.515486985935535,-48.11435230617186,-1.5,11554.712646484373,25442.458945314014,25099.746958762567,4808.12109375,0.5289780209915028,18306204119.160126,1.2461360338452865,0.07535748639838918,
EHE Geant4 5e10,218_SinglePhoton_CrossTalkCorrected,100,83330.6328125,17.30633544921875,-24.515486985935535,-48.11435230617186,-1.5,12128.984501953097,26275.69035937585,26132.812897051965,4815.0361328125,0.5591752378058884,18312028605.062107,1.2465325170109847,0.0755414533959372,
EHE Geant4 5e10,218_SinglePhoton_CrossTalkCorrected,110,83883.59375,17.401893615722656,-24.515486985935535,-48.11435230617186,-1.5,12661.27462890622,27297.333208986074,27055.509294889096,4820.37158203125,0.5887231325466938,18318600536.85668,1.2469798801545335,0.07566825886523562,
EHE Geant4 5e10,218_SinglePhoton_CrossTalkCorrected,120,84265.7265625,17.4659366607666,-24.515486985935535,-48.11435230617186,-1.5,13269.776210937478,28608.935152346425,28270.611602890614,4824.5751953125,0.6176151964480358,18325360070.063484,1.2474400136615207,0.07575422482432123,
EHE Geant4 5e10,218_SinglePhoton_CrossTalkCorrected,130,84518.0,17.506004333496094,-24.515486985935535,-48.11435230617186,-1.5,13818.263994140623,29744.196794922525,29075.83610775341,4827.943359375,0.6458605137652832,18331999845.858776,1.2478919950674587,0.07581169867896963,
EHE Geant4 5e10,218_SinglePhoton_CrossTalkCorrected,140,84876.9140625,17.57038116455078,-245.00967632282882,22.05126999024467,1.5,14283.479433593711,31018.635197265907,30752.953666730828,4830.681640625,0.6734761002365657,18338355423.727142,1.248324630612552,0.07584968069978161,
EHE Geant4 5e10,218_SinglePhoton_CrossTalkCorrected,150,85710.6640625,17.734683990478516,-24.515486985935535,-48.11435230617186,7.5,14803.023144531204,32727.184931641725,32369.783455242785,4832.93994140625,0.7004822557116128,18344337114.256123,1.2487318149781885,0.07587446434786516,
EHE Geant4 5e10,218_SinglePhoton_CrossTalkCorrected,160,88590.421875,18.323379516601562,-24.515486985935535,-48.11435230617186,7.5,15272.539150390612,33904.579082034055,33351.77397662988,4834.82958984375,0.7269008317838568,18349895875.387993,1.249110209783844,0.07589027998827003,
EHE Geant4 5e10,218_SinglePhoton_CrossTalkCorrected,170,91413.609375,18.901031494140625,-24.515486985935535,-48.11435230617186,7.5,15647.1155957031,35315.95299609511,34285.3337725673,4836.43505859375,0.7527541845199893,18355008476.748497,1.2494582336964226,0.0758998978836577,
EHE Geant4 5e10,218_SinglePhoton_CrossTalkCorrected,180,94180.5078125,19.467544555664062,-24.515486985935535,-48.11435230617186,7.5,16057.207431640609,35522.71157031669,35433.859851994,4837.82177734375,0.7780641609857387,18359671085.90461,1.249775625835358,0.07590513441990061,
EHE Geant4 5e10,218_SinglePhoton_CrossTalkCorrected,190,96891.1328125,20.022802352905273,-24.515486985935535,-48.11435230617186,7.5,16414.509140624978,36962.96694140746,36769.424564824236,4839.03955078125,0.8028521789284397,18363894872.355515,1.2500631465284235,0.07590721810753719,
EHE Geant4 5e10,218_SinglePhoton_CrossTalkCorrected,200,99545.15625,20.566648483276367,-24.515486985935535,-48.11435230617186,7.5,16772.310253906235,38355.21051562509,37975.78990417686,4840.12548828125,0.8271390476966787,18367701485.938583,1.2503222695187448,0.07590703971857816,
EHE Geant4 5e10,440SinglePlus218Single,0,2.0,1.0,,,,2.0,2.0,2.0,2.0,0.0,28271994.383138925,0.0005654398876627785,0.4999999999999998,
EHE Geant4 5e10,440SinglePlus218Single,10,84570.5546875,6.953389644622803,27.239429984372798,-53.46039145130208,-1.5,19343.25369140623,46518.80132421896,45094.0133332248,12162.4931640625,0.2869688229687308,57392204324.92106,1.1478440864984212,0.06621590500484903,
EHE Geant4 5e10,440SinglePlus218Single,20,133647.390625,9.922150611877441,27.239429984372798,-53.46039145130208,-1.5,21332.3820703125,59910.95576953167,57726.588945255724,13469.599609375,0.29927989968730223,56144790031.85015,1.1228958006370031,0.05940698299119553,
EHE Geant4 5e10,440SinglePlus218Single,30,157783.140625,11.323617935180664,27.239429984372798,-53.46039145130208,-4.5,22477.65941406248,64076.680542968825,63059.21467097283,13933.986328125,0.3026186814753327,55582298175.83827,1.1116459635167655,0.05854834567728621,
EHE Geant4 5e10,440SinglePlus218Single,40,171310.4375,12.088003158569336,27.239429984372798,-53.46039145130208,-4.5,23738.322265624996,66309.50821093853,64506.56103956936,14171.9384765625,0.3124079171365343,55338232760.5084,1.106764655210168,0.05886637265018497,
EHE Geant4 5e10,440SinglePlus218Single,50,179764.21875,12.557808876037598,27.239429984372798,-53.46039145130208,-4.5,25117.150097656242,68866.59319531312,65707.11228133792,14314.935546875,0.3264604467553079,55223273836.61764,1.1044654767323527,0.0592444187127264,
EHE Geant4 5e10,440SinglePlus218Single,60,185606.328125,12.881720542907715,27.239429984372798,-53.46039145130208,-4.5,26317.41542968749,71393.14167187513,67623.95558604173,14408.5048828125,0.34303900643534035,55172110410.79676,1.1034422082159352,0.059549669794875776,
EHE Geant4 5e10,440SinglePlus218Single,70,189957.625,13.124799728393555,27.239429984372798,-53.46039145130208,-4.5,27495.958027343724,73627.37292968977,69360.76211027757,14473.1826171875,0.36109584138606565,55155133239.78371,1.103102664795674,0.05977496902415538,
EHE Geant4 5e10,440SinglePlus218Single,80,193387.078125,13.318848609924316,27.239429984372798,-53.46039145130208,-4.5,28761.45412109367,76375.7246718764,73130.89319843563,14519.8046875,0.37998288974918415,55156753319.64934,1.1031350663929869,0.05993145412503536,
EHE Geant4 5e10,440SinglePlus218Single,90,197124.46875,13.543771743774414,27.239429984372798,-53.46039145130208,-7.5,29899.690253906203,79179.33326562768,75612.94663610829,14554.62109375,0.3992886239684937,55168244062.89812,1.1033648812579624,0.0600292833563938,
EHE Geant4 5e10,440SinglePlus218Single,100,203549.109375,13.959504127502441,27.239429984372798,-53.46039145130208,-7.5,31126.653242187447,81324.72503125019,77995.28925846181,14581.3994140625,0.41874899079808775,55184707802.50619,1.1036941560501237,0.06007658830302268,
EHE Geant4 5e10,440SinglePlus218Single,110,209699.84375,14.360564231872559,27.239429984372798,-53.46039145130208,-7.5,32123.592890625,82048.61007031746,78857.73406742307,14602.4794921875,0.43819365544124805,55203408441.69123,1.1040681688338245,0.06008271430829908,
EHE Geant4 5e10,440SinglePlus218Single,120,215651.359375,14.751049995422363,27.239429984372798,-53.46039145130208,-7.5,33252.57335937492,83571.34671094207,82049.98331881274,14619.390625,0.45751228302308256,55222812305.42057,1.1044562461084113,0.06005830410231541,
EHE Geant4 5e10,440SinglePlus218Single,130,221457.265625,15.133935928344727,27.239429984372798,-53.46039145130208,-7.5,34387.938554687484,85469.54544531378,82855.8444379235,14633.1572265625,0.47663449332780666,55242063468.72953,1.1048412693745906,0.06001345723104096,
EHE Geant4 5e10,440SinglePlus218Single,140,227154.78125,15.51125717163086,27.239429984372798,-53.46039145130208,-7.5,35519.49039062496,85921.26382812667,84455.6247745975,14644.51171875,0.49551609831434823,55260683244.348434,1.1052136648869686,0.05995624849802477,
EHE Geant4 5e10,440SinglePlus218Single,150,232768.015625,15.884276390075684,27.239429984372798,-53.46039145130208,-7.5,36512.27562499998,87544.85164844037,85665.18397096657,14653.9892578125,0.5141310776549022,55278399041.56917,1.1055679808313834,0.059892343340880394,
EHE Geant4 5e10,440SinglePlus218Single,160,238312.046875,16.253726959228516,27.239429984372798,-53.46039145130208,-7.5,37581.18273437497,88720.91717187656,87875.24539092681,14661.9931640625,0.5324654231640706,55295057718.02471,1.1059011543604942,0.05982540248382276,
EHE Geant4 5e10,440SinglePlus218Single,170,243794.90625,16.619924545288086,27.239429984372798,-53.46039145130208,-7.5,38557.70972656246,90663.04739062689,88547.14997524409,14668.833984375,0.5505134650512626,55310582059.30078,1.1062116411860157,0.059757710094172425,
EHE Geant4 5e10,440SinglePlus218Single,180,249220.3125,16.98293113708496,27.239429984372798,-53.46039145130208,-7.5,39525.69410156244,92285.86326562976,89485.85170699976,14674.751953125,0.5682748177839995,55324948261.06339,1.1064989652212678,0.05969070408292299,
EHE Geant4 5e10,440SinglePlus218Single,190,254588.375,17.342615127563477,27.239429984372798,-53.46039145130208,-7.5,40426.32460937498,94377.4897421877,92047.72487493252,14679.9296875,0.5857526432506968,55338170604.737114,1.1067634120947423,0.05962531493524477,
EHE Geant4 5e10,440SinglePlus218Single,200,259897.875,17.698776245117188,27.239429984372798,-53.46039145130208,-7.5,41208.962812499914,95767.21156250173,93960.0177865349,14684.51171875,0.6029522628939132,55350290252.666306,1.107005805053326,0.05956217276427878,
