system,channel,iteration,energy_keV,diameter_mm,hot_mean,local_background_mean,crc,cnr,frame_provenance
EHE,218_SinglePhoton_CrossTalkCorrected,0,218,10,1.0,1.0,0,,known_uniform_initialization
EHE,218_SinglePhoton_CrossTalkCorrected,0,218,17,1.0,1.0,0,,known_uniform_initialization
EHE,218_SinglePhoton_CrossTalkCorrected,0,218,28,1.0,1.0,0,,known_uniform_initialization
EHE,218_SinglePhoton_CrossTalkCorrected,10,218,10,486.47349636654377,437.6377258300781,0.012398832198439846,0.3205799282351755,accepted_saved_frame
EHE,218_SinglePhoton_CrossTalkCorrected,10,218,17,828.7908741885815,616.9634399414062,0.03814874603469979,1.2980825190652374,accepted_saved_frame
EHE,218_SinglePhoton_CrossTalkCorrected,10,218,28,1582.6084521486057,567.73779296875,0.19861881307194634,3.9558864126005733,accepted_saved_frame
EHE,218_SinglePhoton_CrossTalkCorrected,20,218,10,518.1001966666562,479.16357421875,0.009028840287274489,0.15009998558534424,accepted_saved_frame
EHE,218_SinglePhoton_CrossTalkCorrected,20,218,17,994.5613737251068,692.7567138671875,0.04840638917539722,0.9217126369596835,accepted_saved_frame
EHE,218_SinglePhoton_CrossTalkCorrected,20,218,28,2110.9824527707565,582.4603271484375,0.2915834500991366,4.223251055095116,accepted_saved_frame
EHE,218_SinglePhoton_CrossTalkCorrected,30,218,10,492.2043726390581,475.4931945800781,0.0039049929279191264,0.048993527107274525,accepted_saved_frame
EHE,218_SinglePhoton_CrossTalkCorrected,30,218,17,1038.4850278305591,704.623779296875,0.052646100474408125,0.728512081415662,accepted_saved_frame
EHE,218_SinglePhoton_CrossTalkCorrected,30,218,28,2304.5616855655653,566.6522827148438,0.34077519962690317,3.943624798534151,accepted_saved_frame
EHE,218_SinglePhoton_CrossTalkCorrected,40,218,10,467.6295294807655,472.2591857910156,-0.0010892456349638818,-0.011123757265550361,accepted_saved_frame
EHE,218_SinglePhoton_CrossTalkCorrected,40,218,17,1060.1725776516507,707.119873046875,0.05547585322470367,0.6236961317384341,accepted_saved_frame
EHE,218_SinglePhoton_CrossTalkCorrected,40,218,28,2405.8469471617186,555.7638549804688,0.36987793678551306,3.5926749463231027,accepted_saved_frame
EHE,218_SinglePhoton_CrossTalkCorrected,50,218,10,446.9801689957499,470.40386962890625,-0.005532763592564,-0.04833749969360447,accepted_saved_frame
EHE,218_SinglePhoton_CrossTalkCorrected,50,218,17,1074.03086809463,707.505859375,0.05756136211341575,0.5562997582412738,accepted_saved_frame
EHE,218_SinglePhoton_CrossTalkCorrected,50,218,28,2470.059612556123,548.626220703125,0.38914034918193163,3.279866763558556,accepted_saved_frame
EHE,218_SinglePhoton_CrossTalkCorrected,60,218,10,429.1410866887623,468.6836853027344,-0.009374386619370314,-0.0725597123903112,accepted_saved_frame
EHE,218_SinglePhoton_CrossTalkCorrected,60,218,17,1083.700692546975,707.102294921875,0.05917710450566717,0.5083676784157241,accepted_saved_frame
EHE,218_SinglePhoton_CrossTalkCorrected,60,218,28,2515.5100723616765,543.8937377929688,0.40277809137440923,3.0161968951122398,accepted_saved_frame
EHE,218_SinglePhoton_CrossTalkCorrected,70,218,10,413.54572438427107,466.8890686035156,-0.012694746236639774,-0.08924082594709565,accepted_saved_frame
EHE,218_SinglePhoton_CrossTalkCorrected,70,218,17,1091.2106797736824,706.435546875,0.06051902786237188,0.4724828116448555,accepted_saved_frame
EHE,218_SinglePhoton_CrossTalkCorrected,70,218,28,2549.5333132983874,540.7047729492188,0.4128004454861178,2.794449791535254,accepted_saved_frame
EHE,218_SinglePhoton_CrossTalkCorrected,80,218,10,399.85020137676474,465.19580078125,-0.015607669166102591,-0.10144366129543363,accepted_saved_frame
EHE,218_SinglePhoton_CrossTalkCorrected,80,218,17,1097.7367299328935,705.6317749023438,0.06174214197149235,0.44508818892881136,accepted_saved_frame
EHE,218_SinglePhoton_CrossTalkCorrected,80,218,28,2575.9559402731948,538.5114135742188,0.42038612271228043,2.606950369446159,accepted_saved_frame
EHE,218_SinglePhoton_CrossTalkCorrected,90,218,10,387.7268422853525,463.7587585449219,-0.018216347486382605,-0.1109183705157675,accepted_saved_frame
EHE,218_SinglePhoton_CrossTalkCorrected,90,218,17,1103.998612780911,704.6637573242188,0.06296696691720578,0.424186999305596,accepted_saved_frame
EHE,218_SinglePhoton_CrossTalkCorrected,90,218,28,2597.0368932077945,536.9884643554688,0.42625546928129193,2.447485681051602,accepted_saved_frame
EHE,218_SinglePhoton_CrossTalkCorrected,100,218,10,376.8903873357742,462.6621398925781,-0.02059860513061758,-0.11866374291291651,accepted_saved_frame
EHE,218_SinglePhoton_CrossTalkCorrected,100,218,17,1110.4124768277718,703.5216064453125,0.06426255611053006,0.4083299443354511,accepted_saved_frame
EHE,218_SinglePhoton_CrossTalkCorrected,100,218,28,2614.1982228655365,535.9415283203125,0.43086306677659447,2.311182534208326,accepted_saved_frame
EHE,218_SinglePhoton_CrossTalkCorrected,110,218,10,367.1218907886763,461.9419860839844,-0.02280711964122628,-0.12524673464905586,accepted_saved_frame
EHE,218_SinglePhoton_CrossTalkCorrected,110,218,17,1117.1453013074672,702.240234375,0.06564785202534892,0.39629973297220766,accepted_saved_frame
EHE,218_SinglePhoton_CrossTalkCorrected,110,218,28,2628.4167012588114,535.2384643554688,0.4345266178431195,2.1942141374694133,accepted_saved_frame
EHE,218_SinglePhoton_CrossTalkCorrected,120,218,10,358.25808361335584,461.59759521484375,-0.024874843532009035,-0.13098988135493156,accepted_saved_frame
EHE,218_SinglePhoton_CrossTalkCorrected,120,218,17,1124.196138255052,700.87451171875,0.06711006820103343,0.38708149918443563,accepted_saved_frame
EHE,218_SinglePhoton_CrossTalkCorrected,120,218,28,2640.4044903443714,534.7802734375,0.4374848100120292,2.0934702320149485,accepted_saved_frame
EHE,218_SinglePhoton_CrossTalkCorrected,130,218,10,350.174367788137,461.6006164550781,-0.026821225654779107,-0.13608052884529595,accepted_saved_frame
EHE,218_SinglePhoton_CrossTalkCorrected,130,218,17,1131.489766157136,699.479736328125,0.0686240243032979,0.37987876432859136,accepted_saved_frame
EHE,218_SinglePhoton_CrossTalkCorrected,130,218,28,2650.679891349242,534.4912719726562,0.4399175087589637,2.0063307450668106,accepted_saved_frame
EHE,218_SinglePhoton_CrossTalkCorrected,140,218,10,342.7727844508131,461.9053649902344,-0.028657284362888676,-0.1406322914378748,accepted_saved_frame
EHE,218_SinglePhoton_CrossTalkCorrected,140,218,17,1138.9405126988677,698.1034545898438,0.07016423572094396,0.3741014199846938,accepted_saved_frame
EHE,218_SinglePhoton_CrossTalkCorrected,140,218,28,2659.6080567493163,534.316162109375,0.44195470883125476,1.930557082483765,accepted_saved_frame
EHE,218_SinglePhoton_CrossTalkCorrected,150,218,10,335.9757953165428,462.45941162109375,-0.030389121275933146,-0.14471847039174562,accepted_saved_frame
EHE,218_SinglePhoton_CrossTalkCorrected,150,218,17,1146.4798224428268,696.7824096679688,0.07171016159982638,0.369331478226886,accepted_saved_frame
EHE,218_SinglePhoton_CrossTalkCorrected,150,218,28,2667.4423583814896,534.2155151367188,0.44368835814196456,1.8642576165458664,accepted_saved_frame
EHE,218_SinglePhoton_CrossTalkCorrected,160,218,10,329.7221145507224,463.2106018066406,-0.03202010938803568,-0.148389454900996,accepted_saved_frame
EHE,218_SinglePhoton_CrossTalkCorrected,160,218,17,1154.0604119632192,695.542236328125,0.07324711757032781,0.36527961700805195,accepted_saved_frame
EHE,218_SinglePhoton_CrossTalkCorrected,160,218,28,2674.359627862534,534.1619873046875,0.4451828162458125,1.805859283301703,accepted_saved_frame
EHE,218_SinglePhoton_CrossTalkCorrected,170,218,10,323.962985943368,464.11126708984375,-0.03355236630246004,-0.15168268264258178,accepted_saved_frame
EHE,218_SinglePhoton_CrossTalkCorrected,170,218,17,1161.6521032053117,694.39892578125,0.07476540902676969,0.36174936400883473,accepted_saved_frame
EHE,218_SinglePhoton_CrossTalkCorrected,170,218,28,2680.487644101642,534.1373291015625,0.44648324567481457,1.7540725106960966,accepted_saved_frame
EHE,218_SinglePhoton_CrossTalkCorrected,180,218,10,318.6591951670754,465.1199035644531,-0.03498756324861945,-0.15462753174276034,accepted_saved_frame
EHE,218_SinglePhoton_CrossTalkCorrected,180,218,17,1169.235875599065,693.3602294921875,0.07625916448709266,0.35860808743933453,accepted_saved_frame
EHE,218_SinglePhoton_CrossTalkCorrected,180,218,28,2685.9236122181774,534.129638671875,0.44762207893465816,1.7078497676385298,accepted_saved_frame
EHE,218_SinglePhoton_CrossTalkCorrected,190,218,10,313.77852225840286,466.2015075683594,-0.036327397019793026,-0.15724819373927998,accepted_saved_frame
EHE,218_SinglePhoton_CrossTalkCorrected,190,218,17,1176.7994148045648,692.4277954101562,0.07772517102627499,0.3557665658396436,accepted_saved_frame
EHE,218_SinglePhoton_CrossTalkCorrected,190,218,28,2690.7468931423277,534.1314697265625,0.44862351221835983,1.6663400274905127,accepted_saved_frame
EHE,218_SinglePhoton_CrossTalkCorrected,200,218,10,309.29352464093273,467.32745361328125,-0.03757392232278868,-0.15956564816886698,accepted_saved_frame
EHE,218_SinglePhoton_CrossTalkCorrected,200,218,17,1184.3344689377886,691.5986938476562,0.07916212095466885,0.35316471067672284,accepted_saved_frame
EHE,218_SinglePhoton_CrossTalkCorrected,200,218,28,2695.022979341727,534.1390380859375,0.4495050887039984,1.6288485562057433,accepted_saved_frame
JSCC,218_SinglePhoton_CrossTalkCorrected,0,218,10,1.0,1.0,0,,known_uniform_initialization
JSCC,218_SinglePhoton_CrossTalkCorrected,0,218,17,1.0,1.0,0,,known_uniform_initialization
JSCC,218_SinglePhoton_CrossTalkCorrected,0,218,28,1.0,1.0,0,,known_uniform_initialization
JSCC,218_SinglePhoton_CrossTalkCorrected,50,218,10,128.5087730800224,127.30754089355469,0.0010484079890637056,0.19731848524208712,accepted_saved_frame
JSCC,218_SinglePhoton_CrossTalkCorrected,50,218,17,134.0161561508235,131.36965942382812,0.002238379799247915,0.7927443004217585,accepted_saved_frame
JSCC,218_SinglePhoton_CrossTalkCorrected,50,218,28,160.84116872896377,152.89944458007812,0.0057712033993588575,0.7917008413410768,accepted_saved_frame
JSCC,218_SinglePhoton_CrossTalkCorrected,100,218,10,159.42350729792065,156.39588928222656,0.002150964474115607,0.31671842123070676,accepted_saved_frame
JSCC,218_SinglePhoton_CrossTalkCorrected,100,218,17,171.3389595473641,164.5662078857422,0.0045727976117971485,1.0684350056281213,accepted_saved_frame
JSCC,218_SinglePhoton_CrossTalkCorrected,100,218,28,212.5737489754593,191.44894409179688,0.012260190589004813,1.5131141263786214,accepted_saved_frame
JSCC,218_SinglePhoton_CrossTalkCorrected,150,218,10,191.79511270799054,186.44439697265625,0.003188746780520798,0.42981904074538685,accepted_saved_frame
JSCC,218_SinglePhoton_CrossTalkCorrected,150,218,17,207.6773789809779,195.71112060546875,0.00679360610593892,1.2384094728990962,accepted_saved_frame
JSCC,218_SinglePhoton_CrossTalkCorrected,150,218,28,266.3139944961405,227.79437255859375,0.018788690629132403,2.1272831708741218,accepted_saved_frame
JSCC,218_SinglePhoton_CrossTalkCorrected,200,218,10,225.49197875878434,217.3790740966797,0.004146829013284176,0.536166082777028,accepted_saved_frame
JSCC,218_SinglePhoton_CrossTalkCorrected,200,218,17,244.19830594167257,226.10528564453125,0.008891148134112094,1.3259216046815956,accepted_saved_frame
JSCC,218_SinglePhoton_CrossTalkCorrected,200,218,28,323.74645502066994,263.77691650390625,0.02526105068530329,2.524638847537275,accepted_saved_frame
JSCC,218_SinglePhoton_CrossTalkCorrected,250,218,10,259.60333715604435,248.3907928466797,0.005015637827465971,0.6342081082143087,accepted_saved_frame
JSCC,218_SinglePhoton_CrossTalkCorrected,250,218,17,280.585187064016,255.59442138671875,0.010863898072801229,1.3775689459981697,accepted_saved_frame
JSCC,218_SinglePhoton_CrossTalkCorrected,250,218,28,384.26006760853727,299.11572265625,0.031628169487260785,2.755976513677676,accepted_saved_frame
JSCC,218_SinglePhoton_CrossTalkCorrected,300,218,10,293.22077416913686,278.69580078125,0.0057908512703217264,0.722522487547808,accepted_saved_frame
JSCC,218_SinglePhoton_CrossTalkCorrected,300,218,17,316.20678899403384,283.7349853515625,0.012716014481000078,1.418139811493425,accepted_saved_frame
JSCC,218_SinglePhoton_CrossTalkCorrected,300,218,28,446.77944881998775,333.23553466796875,0.03785907908622602,2.9013965695088277,accepted_saved_frame
JSCC,218_SinglePhoton_CrossTalkCorrected,350,218,10,325.57628035468684,307.65667724609375,0.006471717207272724,0.7993758912306395,accepted_saved_frame
JSCC,218_SinglePhoton_CrossTalkCorrected,350,218,17,350.462414649427,310.1183166503906,0.014454733289752738,1.4574075069231767,accepted_saved_frame
JSCC,218_SinglePhoton_CrossTalkCorrected,350,218,28,510.15963574292704,365.59918212890625,0.04393410436601224,3.00906471931608,accepted_saved_frame
JSCC,218_SinglePhoton_CrossTalkCorrected,400,218,10,356.08145902087836,334.8074645996094,0.0070601088919734056,0.8626390215008367,accepted_saved_frame
JSCC,218_SinglePhoton_CrossTalkCorrected,400,218,17,382.8887806043563,334.4593505859375,0.016088794558732737,1.4987519930750013,accepted_saved_frame
JSCC,218_SinglePhoton_CrossTalkCorrected,400,218,28,573.3518731446578,395.80303955078125,0.04984208357643589,3.101305168286506,accepted_saved_frame
JSCC,218_SinglePhoton_CrossTalkCorrected,450,218,10,384.3299559074966,359.84686279296875,0.007559725985320275,0.9101443001597386,accepted_saved_frame
JSCC,218_SinglePhoton_CrossTalkCorrected,450,218,17,413.18338029282313,356.60791015625,0.017627660995387914,1.5430610667271465,accepted_saved_frame
JSCC,218_SinglePhoton_CrossTalkCorrected,450,218,28,635.4816768670752,423.59613037109375,0.055578502284543196,3.1875316891188894,accepted_saved_frame
JSCC,218_SinglePhoton_CrossTalkCorrected,500,218,10,410.0808089277752,382.6162414550781,0.007975664066094623,0.9403523093412657,accepted_saved_frame
JSCC,218_SinglePhoton_CrossTalkCorrected,500,218,17,441.19130287793206,376.530517578125,0.019080874894789563,1.59022019165765,accepted_saved_frame
JSCC,218_SinglePhoton_CrossTalkCorrected,500,218,28,695.8751288957283,448.86505126953125,0.061144355309160035,3.2714454136527937,accepted_saved_frame
JSCC,218_SinglePhoton_CrossTalkCorrected,550,218,10,433.23149020572185,403.0712890625,0.008313996931293113,0.9529654251638333,accepted_saved_frame
JSCC,218_SinglePhoton_CrossTalkCorrected,550,218,17,466.87735089568,394.2818908691406,0.02045785619874728,1.6397009452474858,accepted_saved_frame
JSCC,218_SinglePhoton_CrossTalkCorrected,550,218,28,754.0543829031114,471.6076965332031,0.06654464162249428,3.3542802263458804,accepted_saved_frame
JSCC,218_SinglePhoton_CrossTalkCorrected,600,218,10,453.7871766412373,421.2527160644531,0.008581404763059217,0.9491898320360054,accepted_saved_frame
JSCC,218_SinglePhoton_CrossTalkCorrected,600,218,17,490.29474989471447,409.97772216796875,0.021767314927917985,1.69076693329676,accepted_saved_frame
JSCC,218_SinglePhoton_CrossTalkCorrected,600,218,28,809.7153961755911,491.90313720703125,0.07178745274776856,3.436234469370992,accepted_saved_frame
JSCC,218_SinglePhoton_CrossTalkCorrected,650,218,10,471.83167848249724,437.26055908203125,0.008784774682182207,0.9315062766166747,accepted_saved_frame
JSCC,218_SinglePhoton_CrossTalkCorrected,650,218,17,511.556792504344,423.7699279785156,0.02301743331565493,1.7426046046460284,accepted_saved_frame
JSCC,218_SinglePhoton_CrossTalkCorrected,650,218,28,862.6981333553846,509.8853454589844,0.0768828153750718,3.517091886904325,accepted_saved_frame
JSCC,218_SinglePhoton_CrossTalkCorrected,700,218,10,487.5029119264658,451.2326965332031,0.008931143428982886,0.9031395571045536,accepted_saved_frame
JSCC,218_SinglePhoton_CrossTalkCorrected,700,218,17,530.8132940497818,435.82861328125,0.024215604705868907,1.7943682564181058,accepted_saved_frame
JSCC,218_SinglePhoton_CrossTalkCorrected,700,218,28,912.9557994659743,525.7208251953125,0.08184212264429694,3.5965159669693274,accepted_saved_frame
JSCC,218_SinglePhoton_CrossTalkCorrected,750,218,10,500.9717777656972,463.3285217285156,0.009027253466994721,0.8674104600286477,accepted_saved_frame
JSCC,218_SinglePhoton_CrossTalkCorrected,750,218,17,548.233542360091,446.3288269042969,0.025368619455500136,1.8452393962991118,accepted_saved_frame
JSCC,218_SinglePhoton_CrossTalkCorrected,750,218,28,960.5259235780568,539.59228515625,0.08667730350434183,3.6741686783217644,accepted_saved_frame
JSCC,218_SinglePhoton_CrossTalkCorrected,800,218,10,512.4268959266196,473.71636962890625,0.0090796304801631,0.8272938694005187,accepted_saved_frame
JSCC,218_SinglePhoton_CrossTalkCorrected,800,218,17,563.992637653681,455.4415283203125,0.026482508994857393,1.8944505082568273,accepted_saved_frame
JSCC,218_SinglePhoton_CrossTalkCorrected,800,218,28,1005.5060873584526,551.6864624023438,0.09140047148035071,3.749773429099822,accepted_saved_frame
JSCC,218_SinglePhoton_CrossTalkCorrected,850,218,10,522.0631421938587,482.5652770996094,0.009094420766276819,0.7851783719987723,accepted_saved_frame
JSCC,218_SinglePhoton_CrossTalkCorrected,850,218,17,578.2634590368625,463.3282470703125,0.027562703522059265,1.9413241631544047,accepted_saved_frame
JSCC,218_SinglePhoton_CrossTalkCorrected,850,218,28,1048.0336531704754,562.1860961914062,0.09602347381459207,3.8231294572467416,accepted_saved_frame
JSCC,218_SinglePhoton_CrossTalkCorrected,900,218,10,530.073239930573,490.0391845703125,0.00907729119103541,0.7428214841243898,accepted_saved_frame
JSCC,218_SinglePhoton_CrossTalkCorrected,900,218,17,591.2110759319806,470.1380310058594,0.02861406578524413,1.9852992603653912,accepted_saved_frame
JSCC,218_SinglePhoton_CrossTalkCorrected,900,218,28,1088.2701564827337,571.264404296875,0.10055778575406113,3.8941195615199184,accepted_saved_frame
JSCC,218_SinglePhoton_CrossTalkCorrected,950,218,10,536.642364256635,496.29315185546875,0.009033462995792909,0.7014277982956216,accepted_saved_frame
JSCC,218_SinglePhoton_CrossTalkCorrected,950,218,17,602.9888928809523,476.00616455078125,0.029640775871045424,2.0259364293589788,accepted_saved_frame
JSCC,218_SinglePhoton_CrossTalkCorrected,950,218,28,1126.389173746293,579.0825805664062,0.1050141132326471,3.962697477676811,accepted_saved_frame
JSCC,218_SinglePhoton_CrossTalkCorrected,1000,218,10,541.9439021168798,501.4711608886719,0.008967557056739696,0.6617522330449259,accepted_saved_frame
JSCC,218_SinglePhoton_CrossTalkCorrected,1000,218,17,613.7381551662592,481.0538024902344,0.030646688117990564,2.0629515477117852,accepted_saved_frame
JSCC,218_SinglePhoton_CrossTalkCorrected,1000,218,28,1162.568283805196,585.787841796875,0.10940260484430595,4.028883887788769,accepted_saved_frame
JSCC,218_SinglePhoton_CrossTalkCorrected,1050,218,10,546.1387668131249,505.70556640625,0.00888378163387086,0.6242314180878645,accepted_saved_frame
JSCC,218_SinglePhoton_CrossTalkCorrected,1050,218,17,623.5865423822337,485.3885498046875,0.03163513542870961,2.0961932670191357,accepted_saved_frame
JSCC,218_SinglePhoton_CrossTalkCorrected,1050,218,28,1196.9821675933172,591.5137939453125,0.1137323667297046,4.092744382312447,accepted_saved_frame
JSCC,218_SinglePhoton_CrossTalkCorrected,1100,218,10,549.3736548715083,509.1163635253906,0.008785874295646688,0.5890766789743483,accepted_saved_frame
JSCC,218_SinglePhoton_CrossTalkCorrected,1100,218,17,632.6488900246833,489.1053771972656,0.03260908578523715,2.1256446079956137,accepted_saved_frame
JSCC,218_SinglePhoton_CrossTalkCorrected,1100,218,28,1229.7986455321727,596.3797607421875,0.11801184533859635,4.1543865905100885,accepted_saved_frame
JSCC,218_SinglePhoton_CrossTalkCorrected,1150,218,10,551.7811487326668,511.8116760253906,0.008677122330461189,0.5563479965261271,accepted_saved_frame
JSCC,218_SinglePhoton_CrossTalkCorrected,1150,218,17,641.0274127681981,492.2874755859375,0.03357115609583047,2.151401493092321,accepted_saved_frame
JSCC,218_SinglePhoton_CrossTalkCorrected,1150,218,28,1261.176294460195,600.4921875,0.12224862661980834,4.213943880682084,accepted_saved_frame
JSCC,218_SinglePhoton_CrossTalkCorrected,1200,218,10,553.4800471952874,513.8883666992188,0.008560372049147958,0.5260083089122267,accepted_saved_frame
JSCC,218_SinglePhoton_CrossTalkCorrected,1200,218,17,648.812919062756,495.0076599121094,0.03452365412283728,2.1736540226187357,accepted_saved_frame
JSCC,218_SinglePhoton_CrossTalkCorrected,1200,218,28,1291.2624147152187,603.9453125,0.1264494737059526,4.271564367590418,accepted_saved_frame
JSCC,218_SinglePhoton_CrossTalkCorrected,1250,218,10,554.5761390023677,515.4326171875,0.00843811597602061,0.49796520772573305,accepted_saved_frame
JSCC,218_SinglePhoton_CrossTalkCorrected,1250,218,17,656.0853970942559,497.3294372558594,0.0354685441314028,2.1926580846298274,accepted_saved_frame
JSCC,218_SinglePhoton_CrossTalkCorrected,1250,218,28,1320.192316274151,606.8223876953125,0.13062030505942224,4.3274043641821285,accepted_saved_frame
JSCC,218_SinglePhoton_CrossTalkCorrected,1300,218,10,555.1632161033115,516.520751953125,0.00831255493910563,0.47209699942455186,accepted_saved_frame
JSCC,218_SinglePhoton_CrossTalkCorrected,1300,218,17,662.9154241037521,499.3079528808594,0.036407607386923356,2.2087197516979686,accepted_saved_frame
JSCC,218_SinglePhoton_CrossTalkCorrected,1300,218,28,1348.0897083106688,609.1966552734375,0.1347663802888047,4.381621540974106,accepted_saved_frame
JSCC,218_SinglePhoton_CrossTalkCorrected,1350,218,10,555.3237501432658,517.2203369140625,0.008185510659311192,0.4482626550341287,accepted_saved_frame
JSCC,218_SinglePhoton_CrossTalkCorrected,1350,218,17,669.364992034534,500.9910888671875,0.03734240364502379,2.222168275407648,accepted_saved_frame
JSCC,218_SinglePhoton_CrossTalkCorrected,1350,218,28,1375.066065173064,611.1322631835938,0.1388922475017259,4.434371356950517,accepted_saved_frame
JSCC,218_SinglePhoton_CrossTalkCorrected,1400,218,10,555.1299227993588,517.5906982421875,0.008058539237591046,0.4263171629241355,accepted_saved_frame
JSCC,218_SinglePhoton_CrossTalkCorrected,1400,218,17,675.4882267181999,502.42034912109375,0.03827425423969336,2.233341011258083,accepted_saved_frame
JSCC,218_SinglePhoton_CrossTalkCorrected,1400,218,28,1401.2218529286813,612.6857299804688,0.14300173887649809,4.485798597836718,accepted_saved_frame
JSCC,218_SinglePhoton_CrossTalkCorrected,1450,218,10,554.6446962509891,517.68408203125,0.007932897795873202,0.40611500490780283,accepted_saved_frame
JSCC,218_SinglePhoton_CrossTalkCorrected,1450,218,17,681.3325921798106,503.6316833496094,0.0392043353870406,2.242569250024926,accepted_saved_frame
JSCC,218_SinglePhoton_CrossTalkCorrected,1450,218,28,1426.6466602948033,613.906005859375,0.14709827937434727,4.536041735533958,accepted_saved_frame
JSCC,218_SinglePhoton_CrossTalkCorrected,1500,218,10,553.9233733051459,517.5462036132812,0.007809752472961229,0.38752293981962926,accepted_saved_frame
JSCC,218_SinglePhoton_CrossTalkCorrected,1500,218,17,686.9394213993875,504.6562194824219,0.040133636166532045,2.2501665892816254,accepted_saved_frame
JSCC,218_SinglePhoton_CrossTalkCorrected,1500,218,28,1451.4199940602496,614.8363037109375,0.15118453938244927,4.58522438534478,accepted_saved_frame
JSCC,218_SinglePhoton_CrossTalkCorrected,1550,218,10,553.0135969057727,517.2168579101562,0.007690034427780157,0.37041307367038817,accepted_saved_frame
JSCC,218_SinglePhoton_CrossTalkCorrected,1550,218,17,692.3448411329844,505.5208740234375,0.04106302950956881,2.2564226221191976,accepted_saved_frame
JSCC,218_SinglePhoton_CrossTalkCorrected,1550,218,28,1475.6120978870676,615.5142211914062,0.15526275015869068,4.633456499017399,accepted_saved_frame
JSCC,218_SinglePhoton_CrossTalkCorrected,1600,218,10,551.9564497969159,516.7310180664062,0.007574418260377241,0.35466220612948673,accepted_saved_frame
JSCC,218_SinglePhoton_CrossTalkCorrected,1600,218,17,697.580065944508,506.24884033203125,0.04199323213088232,2.2616004918419557,accepted_saved_frame
JSCC,218_SinglePhoton_CrossTalkCorrected,1600,218,28,1499.2852547228347,615.972412109375,0.15933484921085764,4.680839969460758,accepted_saved_frame
JSCC,218_SinglePhoton_CrossTalkCorrected,1650,218,10,550.7877225231895,516.1188354492188,0.007463588420332974,0.34016329550809876,accepted_saved_frame
JSCC,218_SinglePhoton_CrossTalkCorrected,1650,218,17,702.6725298285103,506.8602600097656,0.04292488598007312,2.2659338919803855,accepted_saved_frame
JSCC,218_SinglePhoton_CrossTalkCorrected,1650,218,28,1522.4934838295158,616.2396850585938,0.16340211280052191,4.7274585977985435,accepted_saved_frame
JSCC,218_SinglePhoton_CrossTalkCorrected,1700,218,10,549.5376001584951,515.4066772460938,0.007357927119430495,0.3268101456166952,accepted_saved_frame
JSCC,218_SinglePhoton_CrossTalkCorrected,1700,218,17,707.6458218551287,507.3724365234375,0.04385850859905744,2.269626183540785,accepted_saved_frame
JSCC,218_SinglePhoton_CrossTalkCorrected,1700,218,28,1545.2843534144301,616.3408203125,0.16746570196357213,4.77339113317214,accepted_saved_frame
JSCC,218_SinglePhoton_CrossTalkCorrected,1750,218,10,548.2322880784799,514.6173095703125,0.007257815744941023,0.3145103536151571,accepted_saved_frame
JSCC,218_SinglePhoton_CrossTalkCorrected,1750,218,17,712.5205465034011,507.8002014160156,0.0447945962728641,2.272855334912074,accepted_saved_frame
JSCC,218_SinglePhoton_CrossTalkCorrected,1750,218,28,1567.698328966225,616.2976684570312,0.17152617949323265,4.818695412306476,accepted_saved_frame
JSCC,218_SinglePhoton_CrossTalkCorrected,1800,218,10,546.8940774604822,513.7704467773438,0.007163517155031323,0.3031781701311127,accepted_saved_frame
JSCC,218_SinglePhoton_CrossTalkCorrected,1800,218,17,717.3142895809258,508.156494140625,0.045733460689554896,2.2757682600093574,accepted_saved_frame
JSCC,218_SinglePhoton_CrossTalkCorrected,1800,218,28,1589.7712587992817,616.129150390625,0.17558405801975643,4.863426965044889,accepted_saved_frame
JSCC,218_SinglePhoton_CrossTalkCorrected,1850,218,10,545.5420381110581,512.8829956054688,0.007075263815945377,0.29273727301572744,accepted_saved_frame
JSCC,218_SinglePhoton_CrossTalkCorrected,1850,218,17,722.0427327551573,508.4524230957031,0.04667547158952422,2.2784937423935663,accepted_saved_frame
JSCC,218_SinglePhoton_CrossTalkCorrected,1850,218,28,1611.5334659700375,615.8518676757812,0.17963944660407247,4.907628318133347,accepted_saved_frame
JSCC,218_SinglePhoton_CrossTalkCorrected,1900,218,10,544.1919253922736,511.9695739746094,0.006993113361863405,0.28311366555335277,accepted_saved_frame
JSCC,218_SinglePhoton_CrossTalkCorrected,1900,218,17,726.7189583001843,508.6973876953125,0.04762088334254698,2.2811353024146626,accepted_saved_frame
JSCC,218_SinglePhoton_CrossTalkCorrected,1900,218,28,1633.010388517231,615.4801635742188,0.18369221393911506,4.951331970989541,accepted_saved_frame
JSCC,218_SinglePhoton_CrossTalkCorrected,1950,218,10,542.8572627616466,511.04266357421875,0.006917143552255256,0.2742429351715534,accepted_saved_frame
JSCC,218_SinglePhoton_CrossTalkCorrected,1950,218,17,731.3543477917101,508.8997802734375,0.04856982676513663,2.283776063930629,accepted_saved_frame
JSCC,218_SinglePhoton_CrossTalkCorrected,1950,218,28,1654.2243438919597,615.026611328125,0.18774214416506294,4.994565596683924,accepted_saved_frame
JSCC,218_SinglePhoton_CrossTalkCorrected,2000,218,10,541.5491175513558,510.1129150390625,0.006847329850465236,0.26606409961358074,accepted_saved_frame
JSCC,218_SinglePhoton_CrossTalkCorrected,2000,218,17,735.9586411304866,509.06634521484375,0.04952253343539827,2.2864867894104113,accepted_saved_frame
JSCC,218_SinglePhoton_CrossTalkCorrected,2000,218,28,1675.1936953300026,614.5021362304688,0.191788784333086,5.037350471676091,accepted_saved_frame
JSCC,218_SinglePhoton_CrossTalkCorrected,2050,218,10,540.2769270525868,509.1894226074219,0.006783658511376794,0.25852338781163875,accepted_saved_frame
JSCC,218_SinglePhoton_CrossTalkCorrected,2050,218,17,740.540086856848,509.2032775878906,0.05047903470011818,2.289318822216112,accepted_saved_frame
JSCC,218_SinglePhoton_CrossTalkCorrected,2050,218,28,1695.9337493537917,613.9163208007812,0.19583150773918842,5.079700437520153,accepted_saved_frame
JSCC,218_SinglePhoton_CrossTalkCorrected,2100,218,10,539.0483751695639,508.2799377441406,0.006726048021223279,0.25157032626294024,accepted_saved_frame
JSCC,218_SinglePhoton_CrossTalkCorrected,2100,218,17,745.1058523366034,509.3156433105469,0.05143944125437342,2.292316636327671,accepted_saved_frame
JSCC,218_SinglePhoton_CrossTalkCorrected,2100,218,28,1716.456758477085,613.2774658203125,0.1998695269161865,5.121623077817875,accepted_saved_frame
JSCC,218_SinglePhoton_CrossTalkCorrected,2150,218,10,537.8694957966206,507.39080810546875,0.006674383533310858,0.24515867633758864,accepted_saved_frame
JSCC,218_SinglePhoton_CrossTalkCorrected,2150,218,17,749.6622083637183,509.4078369140625,0.05240384663649437,2.295513673173649,accepted_saved_frame
JSCC,218_SinglePhoton_CrossTalkCorrected,2150,218,28,1736.7732096165544,612.5928955078125,0.2039020117696863,5.163124514854666,accepted_saved_frame
JSCC,218_SinglePhoton_CrossTalkCorrected,2200,218,10,536.7452424469485,506.5274353027344,0.006628533605742831,0.2392460565593966,accepted_saved_frame
JSCC,218_SinglePhoton_CrossTalkCorrected,2200,218,17,754.2140212913799,509.4836120605469,0.05337221266517061,2.2989298756498178,accepted_saved_frame
JSCC,218_SinglePhoton_CrossTalkCorrected,2200,218,28,1756.8910319737827,611.8687744140625,0.20792807314974718,5.204205900437053,accepted_saved_frame
JSCC,218_SinglePhoton_CrossTalkCorrected,2250,218,10,535.6796271517346,505.6943359375,0.00658836531682177,0.23379434439264948,accepted_saved_frame
JSCC,218_SinglePhoton_CrossTalkCorrected,2250,218,17,758.7657293215955,509.5461120605469,0.05434457830044351,2.30258382632787,accepted_saved_frame
JSCC,218_SinglePhoton_CrossTalkCorrected,2250,218,28,1776.8163853420695,611.1107788085938,0.21194658916489853,5.244864402623065,accepted_saved_frame
JSCC,218_SinglePhoton_CrossTalkCorrected,2300,218,10,534.6756063381575,504.8951721191406,0.006553711182378895,0.22876781694377424,accepted_saved_frame
JSCC,218_SinglePhoton_CrossTalkCorrected,2300,218,17,763.3209288829717,509.5979919433594,0.05532093509675389,2.306485928249951,accepted_saved_frame
JSCC,218_SinglePhoton_CrossTalkCorrected,2300,218,28,1796.5540237096202,610.3236083984375,0.21595654774831374,5.285097028725892,accepted_saved_frame
JSCC,218_SinglePhoton_CrossTalkCorrected,2350,218,10,533.7354595515505,504.13287353515625,0.006524423216004462,0.22413459352891418,accepted_saved_frame
JSCC,218_SinglePhoton_CrossTalkCorrected,2350,218,17,767.8825761358618,509.64154052734375,0.056301235513997426,2.310641336249587,accepted_saved_frame
JSCC,218_SinglePhoton_CrossTalkCorrected,2350,218,28,1816.1072152715003,609.5116577148438,0.2199567003599015,5.324895329952291,accepted_saved_frame
JSCC,218_SinglePhoton_CrossTalkCorrected,2400,218,10,532.8606560023268,503.409912109375,0.006500278993878197,0.21986333886671733,accepted_saved_frame
JSCC,218_SinglePhoton_CrossTalkCorrected,2400,218,17,772.4529842871502,509.6786804199219,0.05728539567337032,2.315049560216707,accepted_saved_frame
JSCC,218_SinglePhoton_CrossTalkCorrected,2400,218,28,1835.4781182135225,608.6785278320312,0.2239459080041006,5.364251657923003,accepted_saved_frame
JSCC,218_SinglePhoton_CrossTalkCorrected,2450,218,10,532.0521304998367,502.72802734375,0.006481106098709234,0.21592687959055348,accepted_saved_frame
JSCC,218_SinglePhoton_CrossTalkCorrected,2450,218,17,777.0344797482257,509.7109069824219,0.058273462053314025,2.3197135551663104,accepted_saved_frame
JSCC,218_SinglePhoton_CrossTalkCorrected,2450,218,28,1854.668505492122,607.8272705078125,0.22792316455711895,5.403160285289903,accepted_saved_frame
JSCC,218_SinglePhoton_CrossTalkCorrected,2500,218,10,531.3104170526339,502.0885925292969,0.006466726071440141,0.21230016968451676,accepted_saved_frame
JSCC,218_SinglePhoton_CrossTalkCorrected,2500,218,17,781.6284156403107,509.7396240234375,0.059265288220597706,2.3246255854488918,accepted_saved_frame
JSCC,218_SinglePhoton_CrossTalkCorrected,2500,218,28,1873.678293042772,606.9608764648438,0.231887070612404,5.441609363267168,accepted_saved_frame
JSCC,218_SinglePhoton_CrossTalkCorrected,2550,218,10,530.635291734309,501.49267578125,0.006456860878744358,0.20895696477086348,accepted_saved_frame
JSCC,218_SinglePhoton_CrossTalkCorrected,2550,218,17,786.235970770895,509.76580810546875,0.06026082266480594,2.329780376087676,accepted_saved_frame
JSCC,218_SinglePhoton_CrossTalkCorrected,2550,218,28,1892.5074952992734,606.0818481445312,0.23583643604371377,5.479587172823798,accepted_saved_frame
JSCC,218_SinglePhoton_CrossTalkCorrected,2600,218,10,530.0267310433833,500.9408874511719,0.006451380751884845,0.2058776221308408,accepted_saved_frame
JSCC,218_SinglePhoton_CrossTalkCorrected,2600,218,17,790.85813376029,509.7904968261719,0.06125994429388694,2.3351686697401184,accepted_saved_frame
JSCC,218_SinglePhoton_CrossTalkCorrected,2600,218,28,1911.1548928387037,605.1922607421875,0.23977001778555598,5.517082237034958,accepted_saved_frame
JSCC,218_SinglePhoton_CrossTalkCorrected,2650,218,10,529.4839650243042,500.4335632324219,0.006450051831997378,0.20304098897356254,accepted_saved_frame
JSCC,218_SinglePhoton_CrossTalkCorrected,2650,218,17,795.49560307897,509.8143005371094,0.06226260604234482,2.3407825538355547,accepted_saved_frame
JSCC,218_SinglePhoton_CrossTalkCorrected,2650,218,28,1929.6196523039937,604.2940673828125,0.24368665236504697,5.554085077536132,accepted_saved_frame
JSCC,218_SinglePhoton_CrossTalkCorrected,2700,218,10,529.0061041043886,499.9708557128906,0.006452653536307442,0.20042772836822972,accepted_saved_frame
JSCC,218_SinglePhoton_CrossTalkCorrected,2700,218,17,800.1488044169804,509.83782958984375,0.06326869664956601,2.3466118970218157,accepted_saved_frame
JSCC,218_SinglePhoton_CrossTalkCorrected,2700,218,28,1947.9002910302368,603.3888549804688,0.24758521528529226,5.59058416720719,accepted_saved_frame
JSCC,218_SinglePhoton_CrossTalkCorrected,2750,218,10,528.5923517846601,499.5525817871094,0.0064590620256548765,0.19802283799759926,accepted_saved_frame
JSCC,218_SinglePhoton_CrossTalkCorrected,2750,218,17,804.8178987320752,509.8614501953125,0.06427812636894324,2.3526462051298274,accepted_saved_frame
JSCC,218_SinglePhoton_CrossTalkCorrected,2750,218,28,1965.9949475031544,602.4782104492188,0.25146446302132147,5.626568811406664,accepted_saved_frame
JSCC,218_SinglePhoton_CrossTalkCorrected,2800,218,10,528.24129405129,499.1784973144531,0.006469027922475007,0.19580852146001398,accepted_saved_frame
JSCC,218_SinglePhoton_CrossTalkCorrected,2800,218,17,809.5030370035187,509.8855895996094,0.06529077928141697,2.358874083755313,accepted_saved_frame
JSCC,218_SinglePhoton_CrossTalkCorrected,2800,218,28,1983.901418038178,601.5634765625,0.25532318798023135,5.662027190395026,accepted_saved_frame
JSCC,218_SinglePhoton_CrossTalkCorrected,2850,218,10,527.9518327621018,498.84820556640625,0.0064824055073138265,0.1937713623457499,accepted_saved_frame
JSCC,218_SinglePhoton_CrossTalkCorrected,2850,218,17,814.2042594344458,509.9104919433594,0.0663065756526468,2.3652853663785076,accepted_saved_frame
JSCC,218_SinglePhoton_CrossTalkCorrected,2850,218,28,2001.6177637799499,600.6456909179688,0.2591603769160986,5.696950184168919,accepted_saved_frame
JSCC,218_SinglePhoton_CrossTalkCorrected,2900,218,10,527.7221448107165,498.5610656738281,0.006498942912278026,0.19189564983236027,accepted_saved_frame
JSCC,218_SinglePhoton_CrossTalkCorrected,2900,218,17,818.9212122585513,509.9363098144531,0.0673253799864027,2.371867314829829,accepted_saved_frame
JSCC,218_SinglePhoton_CrossTalkCorrected,2900,218,28,2019.1418937082221,599.7259521484375,0.26297491684417934,5.7313270941323555,accepted_saved_frame
JSCC,218_SinglePhoton_CrossTalkCorrected,2950,218,10,527.5509709790589,498.3164367675781,0.006518511811739532,0.19017028187488116,accepted_saved_frame
JSCC,218_SinglePhoton_CrossTalkCorrected,2950,218,17,823.653724464481,509.9631042480469,0.06834712760009452,2.3786091260925155,accepted_saved_frame
JSCC,218_SinglePhoton_CrossTalkCorrected,2950,218,28,2036.4715203632757,598.80517578125,0.26676573853114693,5.765148978003616,accepted_saved_frame
JSCC,218_SinglePhoton_CrossTalkCorrected,3000,218,10,527.4364653952252,498.113525390625,0.006540887325636365,0.18858195416090284,accepted_saved_frame
JSCC,218_SinglePhoton_CrossTalkCorrected,3000,218,17,828.4017361437426,509.9909973144531,0.06937175590811068,2.38550161072163,accepted_saved_frame
JSCC,218_SinglePhoton_CrossTalkCorrected,3000,218,28,2053.604403103569,597.8840942382812,0.27053186820616326,5.798406819956142,accepted_saved_frame
JSCC,218_SinglePhoton_CrossTalkCorrected,3050,218,10,527.3769767736699,497.9515075683594,0.006565893523113776,0.18711966267701383,accepted_saved_frame
JSCC,218_SinglePhoton_CrossTalkCorrected,3050,218,17,833.164523788879,510.0200500488281,0.07039907847394404,2.3925313178161884,accepted_saved_frame
JSCC,218_SinglePhoton_CrossTalkCorrected,3050,218,28,2070.538783142583,596.9635009765625,0.2742723577563645,5.831093695912212,accepted_saved_frame
JSCC,218_SinglePhoton_CrossTalkCorrected,3100,218,10,527.3709157962124,497.82940673828125,0.006593402982823997,0.18577438534707696,accepted_saved_frame
JSCC,218_SinglePhoton_CrossTalkCorrected,3100,218,17,837.9415088740881,510.0501403808594,0.07142900548918779,2.399687577745826,accepted_saved_frame
JSCC,218_SinglePhoton_CrossTalkCorrected,3100,218,28,2087.2727661102,596.0440673828125,0.2779862877654644,5.8632016306354195,accepted_saved_frame
JSCC,218_SinglePhoton_CrossTalkCorrected,3150,218,10,527.4164575901829,497.746337890625,0.006623212901150384,0.1845355939370725,accepted_saved_frame
JSCC,218_SinglePhoton_CrossTalkCorrected,3150,218,17,842.7322925051552,510.08135986328125,0.0724614103677359,2.406959442062341,accepted_saved_frame
JSCC,218_SinglePhoton_CrossTalkCorrected,3150,218,28,2103.80432049853,595.1264038085938,0.2816727313045399,5.89472384828098,accepted_saved_frame
JSCC,218_SinglePhoton_CrossTalkCorrected,3200,218,10,527.512052628005,497.70123291015625,0.006655224224813461,0.18339609126510734,accepted_saved_frame
JSCC,218_SinglePhoton_CrossTalkCorrected,3200,218,17,847.5364229034992,510.113525390625,0.07349625365898022,2.41433724697418,accepted_saved_frame
JSCC,218_SinglePhoton_CrossTalkCorrected,3200,218,28,2120.1316459458267,594.2109375,0.28533090638855774,5.925654248299543,accepted_saved_frame
JSCC,218_SinglePhoton_CrossTalkCorrected,3250,218,10,527.6556097686865,497.6929931640625,0.006689223413757316,0.18234604543302302,accepted_saved_frame
JSCC,218_SinglePhoton_CrossTalkCorrected,3250,218,17,852.3532147067576,510.1466064453125,0.07453339097644267,2.4218121411070483,accepted_saved_frame
JSCC,218_SinglePhoton_CrossTalkCorrected,3250,218,28,2136.253479917417,593.2982177734375,0.28896003466004133,5.955989146944809,accepted_saved_frame
JSCC,218_SinglePhoton_CrossTalkCorrected,3300,218,10,527.8457252526973,497.7207946777344,0.006725084714405953,0.1813784354600983,accepted_saved_frame
JSCC,218_SinglePhoton_CrossTalkCorrected,3300,218,17,857.1819476359921,510.180419921875,0.07557272642386528,2.4293728609429635,accepted_saved_frame
JSCC,218_SinglePhoton_CrossTalkCorrected,3300,218,28,2152.168262627218,592.3887329101562,0.292559306089155,5.985720896019508,accepted_saved_frame
JSCC,218_SinglePhoton_CrossTalkCorrected,3350,218,10,528.0804022884063,497.7833251953125,0.006762665056953863,0.18048618202545777,accepted_saved_frame
JSCC,218_SinglePhoton_CrossTalkCorrected,3350,218,17,862.0220840645635,510.2149353027344,0.07661414923607647,2.4370103394427516,accepted_saved_frame
JSCC,218_SinglePhoton_CrossTalkCorrected,3350,218,28,2167.8750896850943,591.4828491210938,0.2961281018651156,6.0148488217562015,accepted_saved_frame
JSCC,218_SinglePhoton_CrossTalkCorrected,3400,218,10,528.3579729086333,497.8796081542969,0.006801814971410808,0.1796623967019929,accepted_saved_frame
JSCC,218_SinglePhoton_CrossTalkCorrected,3400,218,17,866.8732960906214,510.2500915527344,0.0776576058685811,2.444717001731783,accepted_saved_frame
JSCC,218_SinglePhoton_CrossTalkCorrected,3400,218,28,2183.372762233453,590.5808715820312,0.29966577865105287,6.043368665749588,accepted_saved_frame
JSCC,218_SinglePhoton_CrossTalkCorrected,3450,218,10,528.6766730305466,498.0086364746094,0.0068423705288494195,0.17890023756484916,accepted_saved_frame
JSCC,218_SinglePhoton_CrossTalkCorrected,3450,218,17,871.7347181556321,510.28558349609375,0.078703017018466,2.452485337282173,accepted_saved_frame
JSCC,218_SinglePhoton_CrossTalkCorrected,3450,218,28,2198.6604209497914,589.68310546875,0.30317174702429284,6.071276908530949,accepted_saved_frame
JSCC,218_SinglePhoton_CrossTalkCorrected,3500,218,10,529.0349322254634,498.169189453125,0.006884261506555831,0.17819542979747496,accepted_saved_frame
JSCC,218_SinglePhoton_CrossTalkCorrected,3500,218,17,876.6057350658805,510.3214111328125,0.0797502462701756,2.460305991856332,accepted_saved_frame
JSCC,218_SinglePhoton_CrossTalkCorrected,3500,218,28,2213.737776375692,588.7901000976562,0.3066453423363009,6.098573504995473,accepted_saved_frame
JSCC,218_SinglePhoton_CrossTalkCorrected,3550,218,10,529.4310702602963,498.3602600097656,0.006927342581431597,0.1775422392717344,accepted_saved_frame
JSCC,218_SinglePhoton_CrossTalkCorrected,3550,218,17,881.4856824612772,510.357421875,0.08079920391277301,2.4681708815779095,accepted_saved_frame
JSCC,218_SinglePhoton_CrossTalkCorrected,3550,218,28,2228.6043438559345,587.9019165039062,0.31008619735392484,6.125256860649949,accepted_saved_frame
JSCC,218_SinglePhoton_CrossTalkCorrected,3600,218,10,529.8636795976154,498.58074951171875,0.006971550995619586,0.17693712710004472,accepted_saved_frame
JSCC,218_SinglePhoton_CrossTalkCorrected,3600,218,17,886.3739196729773,510.3934326171875,0.08184981820524063,2.4760725557744334,accepted_saved_frame
JSCC,218_SinglePhoton_CrossTalkCorrected,3600,218,28,2243.259851242298,587.0189208984375,0.31349376227354336,6.1513258944908555,accepted_saved_frame
JSCC,218_SinglePhoton_CrossTalkCorrected,3650,218,10,530.3308207030465,498.8296203613281,0.007016691127456929,0.17637341722134983,accepted_saved_frame
JSCC,218_SinglePhoton_CrossTalkCorrected,3650,218,17,891.2698590153989,510.4294128417969,0.08290197246825895,2.4840046414613104,accepted_saved_frame
JSCC,218_SinglePhoton_CrossTalkCorrected,3650,218,28,2257.7040952808206,586.1412353515625,0.3168676685021276,6.176780872013208,accepted_saved_frame
JSCC,218_SinglePhoton_CrossTalkCorrected,3700,218,10,530.8311461421071,499.1058349609375,0.007062699589479631,0.17584803711581715,accepted_saved_frame
JSCC,218_SinglePhoton_CrossTalkCorrected,3700,218,17,896.1726870269613,510.4651794433594,0.08395555947272329,2.491959034050234,accepted_saved_frame
JSCC,218_SinglePhoton_CrossTalkCorrected,3700,218,28,2271.937602688541,585.269287109375,0.32020745791310357,6.20162241854821,accepted_saved_frame
JSCC,218_SinglePhoton_CrossTalkCorrected,3750,218,10,531.3629928539804,499.4082946777344,0.00710945744678515,0.17535672215083906,accepted_saved_frame
JSCC,218_SinglePhoton_CrossTalkCorrected,3750,218,17,901.0819931537272,510.50054931640625,0.08501056122713181,2.4999314398723045,accepted_saved_frame
JSCC,218_SinglePhoton_CrossTalkCorrected,3750,218,28,2285.9607957467742,584.403076171875,0.3235129597196913,6.22585252807947,accepted_saved_frame
JSCC,218_SinglePhoton_CrossTalkCorrected,3800,218,10,531.9250401929261,499.7359924316406,0.00715690067661935,0.17489664628555698,accepted_saved_frame
JSCC,218_SinglePhoton_CrossTalkCorrected,3800,218,17,905.997221976526,510.5354919433594,0.086066870803925,2.507915071970029,accepted_saved_frame
JSCC,218_SinglePhoton_CrossTalkCorrected,3800,218,28,2299.7739273824845,583.54296875,0.3267836970864757,6.249472821616737,accepted_saved_frame
JSCC,218_SinglePhoton_CrossTalkCorrected,3850,218,10,532.5155996341031,500.0879821777344,0.007204869412323999,0.17446291124643026,accepted_saved_frame
JSCC,218_SinglePhoton_CrossTalkCorrected,3850,218,17,910.9178202619153,510.5699462890625,0.08712439388845333,2.5159042715760753,accepted_saved_frame
JSCC,218_SinglePhoton_CrossTalkCorrected,3850,218,28,2313.3777106248504,582.6890869140625,0.33001945683638034,6.272485633565115,accepted_saved_frame
JSCC,218_SinglePhoton_CrossTalkCorrected,3900,218,10,533.1334515047226,500.463134765625,0.00725335182766873,0.17405426365533982,accepted_saved_frame
JSCC,218_SinglePhoton_CrossTalkCorrected,3900,218,17,915.8429948382856,510.6036376953125,0.08818306787108399,2.523893858460358,accepted_saved_frame
JSCC,218_SinglePhoton_CrossTalkCorrected,3900,218,28,2326.7735575119027,581.841552734375,0.333220157537771,6.294894657166298,accepted_saved_frame
JSCC,218_SinglePhoton_CrossTalkCorrected,3950,218,10,533.7770464734632,500.86065673828125,0.007302183926883199,0.17366601189435882,accepted_saved_frame
JSCC,218_SinglePhoton_CrossTalkCorrected,3950,218,17,920.7721806572424,510.63653564453125,0.0892427862924356,2.5318784629324957,accepted_saved_frame
JSCC,218_SinglePhoton_CrossTalkCorrected,3950,218,28,2339.96204491467,581.0005493164062,0.33638551014716916,6.316703340741176,accepted_saved_frame
JSCC,218_SinglePhoton_CrossTalkCorrected,4000,218,10,534.4451812547886,501.27947998046875,0.007351344043670919,0.1732968976915082,accepted_saved_frame
JSCC,218_SinglePhoton_CrossTalkCorrected,4000,218,17,925.7050180074492,510.6685485839844,0.09030351173406909,2.5398530704621454,accepted_saved_frame
JSCC,218_SinglePhoton_CrossTalkCorrected,4000,218,28,2352.944479201478,580.166259765625,0.3395153620182405,6.337913171997943,accepted_saved_frame
JSCC,218_SinglePhoton_CrossTalkCorrected,4050,218,10,535.1364408045337,501.71868896484375,0.007400727976476679,0.17294375339734783,accepted_saved_frame
JSCC,218_SinglePhoton_CrossTalkCorrected,4050,218,17,930.6404134212228,510.6995849609375,0.0913650479169897,2.547810924114049,accepted_saved_frame
JSCC,218_SinglePhoton_CrossTalkCorrected,4050,218,28,2365.722196478062,579.3388671875,0.34260956381440383,6.358530844640422,accepted_saved_frame
JSCC,218_SinglePhoton_CrossTalkCorrected,4100,218,10,535.8497146164873,502.1774597167969,0.007450277950808671,0.17260479617617103,accepted_saved_frame
JSCC,218_SinglePhoton_CrossTalkCorrected,4100,218,17,935.5786448353592,510.7295837402344,0.09242748557287633,2.5557518943477797,accepted_saved_frame
JSCC,218_SinglePhoton_CrossTalkCorrected,4100,218,28,2378.2962237836246,578.518310546875,0.34566809735708265,6.378558943055438,accepted_saved_frame
JSCC,218_SinglePhoton_CrossTalkCorrected,4150,218,10,536.583725368095,502.65472412109375,0.007499957419153559,0.1722786728080784,accepted_saved_frame
JSCC,218_SinglePhoton_CrossTalkCorrected,4150,218,17,940.5189565623674,510.75836181640625,0.09349073997374907,2.5636717712260504,accepted_saved_frame
JSCC,218_SinglePhoton_CrossTalkCorrected,4150,218,28,2390.668792939751,577.7048950195312,0.3486908884430281,6.398004000857892,accepted_saved_frame
JSCC,218_SinglePhoton_CrossTalkCorrected,4200,218,10,537.3372131543911,503.14984130859375,0.007549633448906295,0.17196192400608953,accepted_saved_frame
JSCC,218_SinglePhoton_CrossTalkCorrected,4200,218,17,945.4604836446011,510.7859191894531,0.09455463045064112,2.5715635640989105,accepted_saved_frame
JSCC,218_SinglePhoton_CrossTalkCorrected,4200,218,28,2402.840902758704,576.8986206054688,0.3516778660033438,6.416869555428681,accepted_saved_frame
JSCC,218_SinglePhoton_CrossTalkCorrected,4250,218,10,538.1089461838701,503.6618347167969,0.007599259197050203,0.1716531738635558,accepted_saved_frame
JSCC,218_SinglePhoton_CrossTalkCorrected,4250,218,17,950.4030398357021,510.8121643066406,0.09561916106801921,2.579425910063778,accepted_saved_frame
JSCC,218_SinglePhoton_CrossTalkCorrected,4250,218,28,2414.8150313395413,576.099609375,0.354629147853891,6.435163542427628,accepted_saved_frame
JSCC,218_SinglePhoton_CrossTalkCorrected,4300,218,10,538.8980684924355,504.1898193359375,0.0076488496605883315,0.17135247260997993,accepted_saved_frame
JSCC,218_SinglePhoton_CrossTalkCorrected,4300,218,17,955.346106678597,510.8370056152344,0.09668426440380513,2.5872548336296775,accepted_saved_frame
JSCC,218_SinglePhoton_CrossTalkCorrected,4300,218,28,2426.592570407924,575.3079223632812,0.3575446925573419,6.452889912860025,accepted_saved_frame
JSCC,218_SinglePhoton_CrossTalkCorrected,4350,218,10,539.7031668022131,504.733154296875,0.007698239974844522,0.17105586971225917,accepted_saved_frame
JSCC,218_SinglePhoton_CrossTalkCorrected,4350,218,17,960.2891029785417,510.8604736328125,0.0977498102694087,2.5950458346323098,accepted_saved_frame
JSCC,218_SinglePhoton_CrossTalkCorrected,4350,218,28,2438.1759148060037,574.5237426757812,0.36042455374534643,6.470055343727244,accepted_saved_frame
JSCC,218_SinglePhoton_CrossTalkCorrected,4400,218,10,540.5233168525327,505.2908935546875,0.00774744557975472,0.17076352064907702,accepted_saved_frame
JSCC,218_SinglePhoton_CrossTalkCorrected,4400,218,17,965.2317685474568,510.8824157714844,0.09881581330866054,2.6027983164399124,accepted_saved_frame
JSCC,218_SinglePhoton_CrossTalkCorrected,4400,218,28,2449.5671148749434,573.7470703125,0.3632688691243435,6.486666959363046,accepted_saved_frame
JSCC,218_SinglePhoton_CrossTalkCorrected,4450,218,10,541.3574849217651,505.8623962402344,0.007796386471310967,0.17047354481608118,accepted_saved_frame
JSCC,218_SinglePhoton_CrossTalkCorrected,4450,218,17,970.1735884096616,510.90277099609375,0.09988219622343746,2.6105088011140114,accepted_saved_frame
JSCC,218_SinglePhoton_CrossTalkCorrected,4450,218,28,2460.7682532596045,572.9779663085938,0.3660777353782585,6.502731441095847,accepted_saved_frame
JSCC,218_SinglePhoton_CrossTalkCorrected,4500,218,10,542.2048127888867,506.4468994140625,0.007845050469631243,0.17018551975967777,accepted_saved_frame
JSCC,218_SinglePhoton_CrossTalkCorrected,4500,218,17,975.114293765607,510.9214782714844,0.10094893578136269,2.6181761717584586,accepted_saved_frame
JSCC,218_SinglePhoton_CrossTalkCorrected,4500,218,28,2471.7813856275798,572.2164916992188,0.36885124608219727,6.518255052162272,accepted_saved_frame
JSCC,218_SinglePhoton_CrossTalkCorrected,4550,218,10,543.0642486277884,507.0436706542969,0.007893376198413928,0.16989807805409998,accepted_saved_frame
JSCC,218_SinglePhoton_CrossTalkCorrected,4550,218,17,980.0530639555801,510.93853759765625,0.10201586380050467,2.6257943196746014,accepted_saved_frame
JSCC,218_SinglePhoton_CrossTalkCorrected,4550,218,28,2482.608836368388,571.4627685546875,0.3715894976456193,6.533244457815029,accepted_saved_frame
JSCC,218_SinglePhoton_CrossTalkCorrected,4600,218,10,543.934723783536,507.6519775390625,0.007941299212363924,0.16960974834347817,accepted_saved_frame
JSCC,218_SinglePhoton_CrossTalkCorrected,4600,218,17,984.9899151872714,510.9538879394531,0.10308301969598357,2.633364497272795,accepted_saved_frame
JSCC,218_SinglePhoton_CrossTalkCorrected,4600,218,28,2493.252567073457,570.7166748046875,0.37429272451883144,6.547707657658873,accepted_saved_frame
JSCC,218_SinglePhoton_CrossTalkCorrected,4650,218,10,544.8155107406175,508.2711181640625,0.00798882312795706,0.16932059773008232,accepted_saved_frame
JSCC,218_SinglePhoton_CrossTalkCorrected,4650,218,17,989.923988102556,510.9674987792969,0.10415024014192853,2.6408815727092243,accepted_saved_frame
JSCC,218_SinglePhoton_CrossTalkCorrected,4650,218,28,2503.7156243604586,569.9784545898438,0.376961065457608,6.561651398259542,accepted_saved_frame
JSCC,218_SinglePhoton_CrossTalkCorrected,4700,218,10,545.7056596762114,508.9005432128906,0.008035867596043541,0.16902890914741706,accepted_saved_frame
JSCC,218_SinglePhoton_CrossTalkCorrected,4700,218,17,994.8553155249182,510.9793395996094,0.10521755608976761,2.6483454161687647,accepted_saved_frame
JSCC,218_SinglePhoton_CrossTalkCorrected,4700,218,28,2513.999980740086,569.2479858398438,0.37959476425747124,6.575083808284857,accepted_saved_frame
JSCC,218_SinglePhoton_CrossTalkCorrected,4750,218,10,546.6042121813612,509.53948974609375,0.00808240102226359,0.16873406397235355,accepted_saved_frame
JSCC,218_SinglePhoton_CrossTalkCorrected,4750,218,17,999.7834606115886,510.9894104003906,0.10628488363567253,2.655754032294832,accepted_saved_frame
JSCC,218_SinglePhoton_CrossTalkCorrected,4750,218,28,2524.108314233468,568.525390625,0.3821939971285728,6.588012944472739,accepted_saved_frame
JSCC,218_SinglePhoton_CrossTalkCorrected,4800,218,10,547.5105423022696,510.18743896484375,0.008128407650236123,0.16843576981172248,accepted_saved_frame
JSCC,218_SinglePhoton_CrossTalkCorrected,4800,218,17,1004.7077745379255,510.9975891113281,0.10735214497787116,2.663105195485292,accepted_saved_frame
JSCC,218_SinglePhoton_CrossTalkCorrected,4800,218,28,2534.042893593951,567.8106079101562,0.38475902161981845,6.600443803365134,accepted_saved_frame
JSCC,218_SinglePhoton_CrossTalkCorrected,4850,218,10,548.4239087365448,510.8437194824219,0.00817388258785301,0.1681339680444906,accepted_saved_frame
JSCC,218_SinglePhoton_CrossTalkCorrected,4850,218,17,1009.6283217866776,511.0039367675781,0.10841933977460849,2.6703982544032154,accepted_saved_frame
JSCC,218_SinglePhoton_CrossTalkCorrected,4850,218,28,2543.806385737672,567.103759765625,0.3872900176129608,6.6123859159316325,accepted_saved_frame
JSCC,218_SinglePhoton_CrossTalkCorrected,4900,218,10,549.3434377099924,511.5076904296875,0.008218785364697778,0.16782788973664203,accepted_saved_frame
JSCC,218_SinglePhoton_CrossTalkCorrected,4900,218,17,1014.5445180597665,511.0083923339844,0.10948637880179676,2.677630828076334,accepted_saved_frame
JSCC,218_SinglePhoton_CrossTalkCorrected,4900,218,28,2553.4014096384203,566.4047241210938,0.38978737305645134,6.623847858923514,accepted_saved_frame
JSCC,218_SinglePhoton_CrossTalkCorrected,4950,218,10,550.2684501819672,512.1788940429688,0.008263075565113211,0.16751674126641236,accepted_saved_frame
JSCC,218_SinglePhoton_CrossTalkCorrected,4950,218,17,1019.4562934990032,511.01104736328125,0.11055321901317045,2.684803356948196,accepted_saved_frame
JSCC,218_SinglePhoton_CrossTalkCorrected,4950,218,28,2562.830349769263,565.713623046875,0.39225121949436065,6.63483637014746,accepted_saved_frame
JSCC,218_SinglePhoton_CrossTalkCorrected,5000,218,10,551.1983200024179,512.8568115234375,0.008306738865612026,0.16720039725394378,accepted_saved_frame
JSCC,218_SinglePhoton_CrossTalkCorrected,5000,218,17,1024.3630411428328,511.0117492675781,0.1116198062223357,2.6919138593986243,accepted_saved_frame
JSCC,218_SinglePhoton_CrossTalkCorrected,5000,218,28,2572.0957659050982,565.0304565429688,0.39468183354260156,6.64535895611667,accepted_saved_frame
JSCC,218_SinglePhoton_CrossTalkCorrected,5050,218,10,552.1321058855946,513.5407104492188,0.008349742754597026,0.1668782524511096,accepted_saved_frame
JSCC,218_SinglePhoton_CrossTalkCorrected,5050,218,17,1029.2649939203195,511.0104675292969,0.11268621667200548,2.6989626244147478,accepted_saved_frame
JSCC,218_SinglePhoton_CrossTalkCorrected,5050,218,28,2581.200371018843,564.3551025390625,0.397079636051425,6.655425823531624,accepted_saved_frame
JSCC,218_SinglePhoton_CrossTalkCorrected,5100,218,10,553.0694280789979,514.2302856445312,0.008392077228760156,0.16655015519253785,accepted_saved_frame
JSCC,218_SinglePhoton_CrossTalkCorrected,5100,218,17,1034.1610011417565,511.0072937011719,0.11375217229210992,2.7059444583345194,accepted_saved_frame
JSCC,218_SinglePhoton_CrossTalkCorrected,5100,218,28,2590.1465304121703,563.6876220703125,0.39944482034197853,6.665043190691403,accepted_saved_frame
JSCC,218_SinglePhoton_CrossTalkCorrected,5150,218,10,554.00958561054,514.9249877929688,0.008433719850059572,0.16621587947416874,accepted_saved_frame
JSCC,218_SinglePhoton_CrossTalkCorrected,5150,218,17,1039.051393256507,511.0021057128906,0.11481781073788196,2.712862790453953,accepted_saved_frame
JSCC,218_SinglePhoton_CrossTalkCorrected,5150,218,28,2598.9367863405246,563.0280151367188,0.4017776728825495,6.674219871195622,accepted_saved_frame
JSCC,218_SinglePhoton_CrossTalkCorrected,5200,218,10,554.9518188770944,515.624267578125,0.008474635886771232,0.16587478696997585,accepted_saved_frame
JSCC,218_SinglePhoton_CrossTalkCorrected,5200,218,17,1043.9356490246373,510.99505615234375,0.11588296347939774,2.719714349626379,accepted_saved_frame
JSCC,218_SinglePhoton_CrossTalkCorrected,5200,218,28,2607.5739709931513,562.376220703125,0.4040785974068246,6.682963621562772,accepted_saved_frame
JSCC,218_SinglePhoton_CrossTalkCorrected,5250,218,10,555.8955538341853,516.3277587890625,0.008514788517261174,0.16552630184856965,accepted_saved_frame
JSCC,218_SinglePhoton_CrossTalkCorrected,5250,218,17,1048.8136682907057,510.98602294921875,0.11694767484100825,2.7265003003731003,accepted_saved_frame
JSCC,218_SinglePhoton_CrossTalkCorrected,5250,218,28,2616.0604414688987,561.732177734375,0.406347909231646,6.691283781201934,accepted_saved_frame
JSCC,218_SinglePhoton_CrossTalkCorrected,5300,218,10,556.8406007527539,517.0349731445312,0.008554252113982974,0.16517197806491127,accepted_saved_frame
JSCC,218_SinglePhoton_CrossTalkCorrected,5300,218,17,1053.68499692641,510.97509765625,0.1180118173967711,2.733218484933747,accepted_saved_frame
JSCC,218_SinglePhoton_CrossTalkCorrected,5300,218,28,2624.399118812075,561.0960083007812,0.4085858708248492,6.699186750201571,accepted_saved_frame
JSCC,218_SinglePhoton_CrossTalkCorrected,5350,218,10,557.7860076021152,517.7454223632812,0.008592937229881168,0.16481025366010385,accepted_saved_frame
JSCC,218_SinglePhoton_CrossTalkCorrected,5350,218,17,1058.5495520568343,510.9621887207031,0.11907542615435801,2.7398695585277433,accepted_saved_frame
JSCC,218_SinglePhoton_CrossTalkCorrected,5350,218,28,2632.591615981173,560.4675903320312,0.41079271455020017,6.706678628090135,accepted_saved_frame
JSCC,218_SinglePhoton_CrossTalkCorrected,5400,218,10,558.731739105519,518.458740234375,0.008630923360124006,0.16444269607933393,accepted_saved_frame
JSCC,218_SinglePhoton_CrossTalkCorrected,5400,218,17,1063.4065861440251,510.94732666015625,0.12013833708871245,2.7464502317208233,accepted_saved_frame
JSCC,218_SinglePhoton_CrossTalkCorrected,5400,218,28,2640.641113905384,559.8469848632812,0.4129688181276985,6.713769837547586,accepted_saved_frame
JSCC,218_SinglePhoton_CrossTalkCorrected,5450,218,10,559.6767100245239,519.1744384765625,0.008668093150778445,0.1640672063529852,accepted_saved_frame
JSCC,218_SinglePhoton_CrossTalkCorrected,5450,218,17,1068.2562923082444,510.9305419921875,0.12120059045011569,2.7529619292563434,accepted_saved_frame
JSCC,218_SinglePhoton_CrossTalkCorrected,5450,218,28,2648.5504180874586,559.2339477539062,0.4151147751560729,6.720469721138084,accepted_saved_frame
JSCC,218_SinglePhoton_CrossTalkCorrected,5500,218,10,560.6208789003624,519.892333984375,0.008704482801029645,0.16368462834367423,accepted_saved_frame
JSCC,218_SinglePhoton_CrossTalkCorrected,5500,218,17,1073.0986513861856,510.9117736816406,0.12226222187778675,2.759406464373619,accepted_saved_frame
JSCC,218_SinglePhoton_CrossTalkCorrected,5500,218,28,2656.3214333554024,558.6286010742188,0.4172306625840119,6.726784038355567,accepted_saved_frame
JSCC,218_SinglePhoton_CrossTalkCorrected,5550,218,10,561.5635982403035,520.61181640625,0.00874009739727234,0.16329509594832023,accepted_saved_frame
JSCC,218_SinglePhoton_CrossTalkCorrected,5550,218,17,1077.9330285701615,510.89111328125,0.12332306359699564,2.7657814398133063,accepted_saved_frame
JSCC,218_SinglePhoton_CrossTalkCorrected,5550,218,28,2663.957014622766,558.0308227539062,0.41931697955639863,6.732721581685769,accepted_saved_frame
JSCC,218_SinglePhoton_CrossTalkCorrected,5600,218,10,562.5044645941142,521.3326416015625,0.008774909979008502,0.16289825472903055,accepted_saved_frame
JSCC,218_SinglePhoton_CrossTalkCorrected,5600,218,17,1082.7596272731378,510.86846923828125,0.12438321374309513,2.772088228600609,accepted_saved_frame
JSCC,218_SinglePhoton_CrossTalkCorrected,5600,218,28,2671.459041971256,557.440673828125,0.42137386240693453,6.738287945153979,accepted_saved_frame
JSCC,218_SinglePhoton_CrossTalkCorrected,5650,218,10,563.4431544852794,522.054443359375,0.008808938874389247,0.16249456328796433,accepted_saved_frame
JSCC,218_SinglePhoton_CrossTalkCorrected,5650,218,17,1087.5778340589952,510.84393310546875,0.1254425087537676,2.778324557322911,accepted_saved_frame
JSCC,218_SinglePhoton_CrossTalkCorrected,5650,218,28,2678.8303729541067,556.85791015625,0.4234019375292598,6.743493988557776,accepted_saved_frame
JSCC,218_SinglePhoton_CrossTalkCorrected,5700,218,10,564.3791996014463,522.77685546875,0.008842171632227162,0.16208393946699415,accepted_saved_frame
JSCC,218_SinglePhoton_CrossTalkCorrected,5700,218,17,1092.3879094538124,510.8175048828125,0.12650101694546775,2.7844934318851577,accepted_saved_frame
JSCC,218_SinglePhoton_CrossTalkCorrected,5700,218,28,2686.0737978634625,556.2827758789062,0.42540135547660085,6.748346027806598,accepted_saved_frame
JSCC,218_SinglePhoton_CrossTalkCorrected,5750,218,10,565.312231033178,523.4995727539062,0.008874603078430921,0.16166643144385953,accepted_saved_frame
JSCC,218_SinglePhoton_CrossTalkCorrected,5750,218,17,1097.1890209341022,510.7892761230469,0.12755852608294127,2.790590117504318,accepted_saved_frame
JSCC,218_SinglePhoton_CrossTalkCorrected,5750,218,28,2693.1908371604777,555.7149658203125,0.42737254464114904,6.7528505832485095,accepted_saved_frame
JSCC,218_SinglePhoton_CrossTalkCorrected,5800,218,10,566.2418140767088,524.2222290039062,0.00890622817490663,0.1612419531030483,accepted_saved_frame
JSCC,218_SinglePhoton_CrossTalkCorrected,5800,218,17,1101.9809095511162,510.759033203125,0.12861509111694222,2.7966157435736645,accepted_saved_frame
JSCC,218_SinglePhoton_CrossTalkCorrected,5800,218,28,2700.183595782918,555.1546020507812,0.42931564284740475,6.757012606338715,accepted_saved_frame
JSCC,218_SinglePhoton_CrossTalkCorrected,5850,218,10,567.1675731008843,524.9446411132812,0.00893701262967851,0.16081004184128456,accepted_saved_frame
JSCC,218_SinglePhoton_CrossTalkCorrected,5850,218,17,1106.7640138739234,510.72698974609375,0.12967071908051603,2.8025732792208853,accepted_saved_frame
JSCC,218_SinglePhoton_CrossTalkCorrected,5850,218,28,2707.055144637297,554.6015014648438,0.4312312809762756,6.760844182371952,accepted_saved_frame
JSCC,218_SinglePhoton_CrossTalkCorrected,5900,218,10,568.0893065032468,525.6663818359375,0.008967014934272235,0.160371846962287,accepted_saved_frame
JSCC,218_SinglePhoton_CrossTalkCorrected,5900,218,17,1111.5379056511954,510.6930847167969,0.13072535669128835,2.8084614511290584,accepted_saved_frame
JSCC,218_SinglePhoton_CrossTalkCorrected,5900,218,28,2713.8079923248433,554.0556030273438,0.4331198644838523,6.764353142675692,accepted_saved_frame
JSCC,218_SinglePhoton_CrossTalkCorrected,5950,218,10,569.0068936363294,526.3873901367188,0.008996226880768695,0.15992733882800717,accepted_saved_frame
JSCC,218_SinglePhoton_CrossTalkCorrected,5950,218,17,1116.3022265911925,510.6572265625,0.13177898087346612,2.814280067846415,accepted_saved_frame
JSCC,218_SinglePhoton_CrossTalkCorrected,5950,218,28,2720.4437412481166,553.5169067382812,0.4349815612636985,6.767544174427568,accepted_saved_frame
JSCC,218_SinglePhoton_CrossTalkCorrected,6000,218,10,569.9194686742458,527.1071166992188,0.009024594520774901,0.1594755855045601,accepted_saved_frame
JSCC,218_SinglePhoton_CrossTalkCorrected,6000,218,17,1121.0565763375398,510.61968994140625,0.13283138517134857,2.8200272465977787,accepted_saved_frame
JSCC,218_SinglePhoton_CrossTalkCorrected,6000,218,28,2726.964701407376,552.9854125976562,0.4368166841463168,6.7704234400218235,accepted_saved_frame
JSCC,218_SinglePhoton_CrossTalkCorrected,6050,218,10,570.8272662883403,527.8255004882812,0.009052184809874329,0.15901789098284783,accepted_saved_frame
JSCC,218_SinglePhoton_CrossTalkCorrected,6050,218,17,1125.8013679353546,510.58026123046875,0.1338827720841553,2.8257061298268544,accepted_saved_frame
JSCC,218_SinglePhoton_CrossTalkCorrected,6050,218,28,2733.372940903312,552.4608764648438,0.43862574353861206,6.773001502040998,accepted_saved_frame
JSCC,218_SinglePhoton_CrossTalkCorrected,6100,218,10,571.729639672773,528.5422973632812,0.009078920672729677,0.15855304589021513,accepted_saved_frame
JSCC,218_SinglePhoton_CrossTalkCorrected,6100,218,17,1130.5366290029328,510.5390930175781,0.13493308553966502,2.8313169327057017,accepted_saved_frame
JSCC,218_SinglePhoton_CrossTalkCorrected,6100,218,28,2739.6707493016756,551.9434204101562,0.4404089356489538,6.775280650457393,accepted_saved_frame
JSCC,218_SinglePhoton_CrossTalkCorrected,6150,218,10,572.626395811222,529.2572021484375,0.009104834617845108,0.1580816623673979,accepted_saved_frame
JSCC,218_SinglePhoton_CrossTalkCorrected,6150,218,17,1135.2614584567657,510.49615478515625,0.13598215466253252,2.8368582395630844,accepted_saved_frame
JSCC,218_SinglePhoton_CrossTalkCorrected,6150,218,28,2745.860297512715,551.432861328125,0.4421667401175983,6.7772700824142005,accepted_saved_frame
JSCC,218_SinglePhoton_CrossTalkCorrected,6200,218,10,573.5177043657211,529.969970703125,0.009130021210828683,0.15760546094875139,accepted_saved_frame
JSCC,218_SinglePhoton_CrossTalkCorrected,6200,218,17,1139.9761829869137,510.4514465332031,0.13703006116322436,2.842332901819348,accepted_saved_frame
JSCC,218_SinglePhoton_CrossTalkCorrected,6200,218,28,2751.943566639331,550.9292602539062,0.4438993584062449,6.778975624623219,accepted_saved_frame
JSCC,218_SinglePhoton_CrossTalkCorrected,6250,218,10,574.4030315239713,530.680419921875,0.009154413416088851,0.1571233306816228,accepted_saved_frame
JSCC,218_SinglePhoton_CrossTalkCorrected,6250,218,17,1144.680316706914,510.4049987792969,0.13807669496545186,2.8477379658711763,accepted_saved_frame
JSCC,218_SinglePhoton_CrossTalkCorrected,6250,218,28,2757.9228816520363,550.432373046875,0.44560737192952754,6.780406918435695,accepted_saved_frame
JSCC,218_SinglePhoton_CrossTalkCorrected,6300,218,10,575.2820912450073,531.3883666992188,0.009177996378396792,0.15663516043550454,accepted_saved_frame
JSCC,218_SinglePhoton_CrossTalkCorrected,6300,218,17,1149.3738675084242,510.3568115234375,0.1391220681418931,2.853075392275493,accepted_saved_frame
JSCC,218_SinglePhoton_CrossTalkCorrected,6300,218,28,2763.7999264219343,549.9422607421875,0.4472909296760603,6.78156741305554,accepted_saved_frame
JSCC,218_SinglePhoton_CrossTalkCorrected,6350,218,10,576.1548388809254,532.0936279296875,0.009200805739286229,0.1561415775720479,accepted_saved_frame
JSCC,218_SinglePhoton_CrossTalkCorrected,6350,218,17,1154.0568046948508,510.3068542480469,0.1401661993689376,2.8583466748655977,accepted_saved_frame
JSCC,218_SinglePhoton_CrossTalkCorrected,6350,218,28,2769.5762346240035,549.458740234375,0.448950400704564,6.782463316869875,accepted_saved_frame
JSCC,218_SinglePhoton_CrossTalkCorrected,6400,218,10,577.0210187120837,532.7960205078125,0.009222832942107918,0.15564244897275395,accepted_saved_frame
JSCC,218_SinglePhoton_CrossTalkCorrected,6400,218,17,1158.7286508585062,510.2552185058594,0.14120894991671923,2.8635496023159304,accepted_saved_frame
JSCC,218_SinglePhoton_CrossTalkCorrected,6400,218,28,2775.254160909021,548.9818725585938,0.45058607571434955,6.783101881381482,accepted_saved_frame
JSCC,218_SinglePhoton_CrossTalkCorrected,6450,218,10,577.8803312050185,533.4952392578125,0.009244087894549422,0.1551380507220091,accepted_saved_frame
JSCC,218_SinglePhoton_CrossTalkCorrected,6450,218,17,1163.3895512251556,510.2019348144531,0.1422503461297251,2.8686859638498543,accepted_saved_frame
JSCC,218_SinglePhoton_CrossTalkCorrected,6450,218,28,2780.8358031890402,548.5115356445312,0.4521983834591768,6.7834894116850295,accepted_saved_frame
JSCC,218_SinglePhoton_CrossTalkCorrected,6500,218,10,578.7327253335542,534.1912231445312,0.009264577148324479,0.15462853342976007,accepted_saved_frame
JSCC,218_SinglePhoton_CrossTalkCorrected,6500,218,17,1168.0395499637925,510.1470642089844,0.14329037685870544,2.873756547850091,accepted_saved_frame
JSCC,218_SinglePhoton_CrossTalkCorrected,6500,218,28,2786.323412322298,548.047607421875,0.4537877883009547,6.78363322184581,accepted_saved_frame
JSCC,218_SinglePhoton_CrossTalkCorrected,6550,218,10,579.578338328665,534.8839111328125,0.009284346309255046,0.15411480593824348,accepted_saved_frame
JSCC,218_SinglePhoton_CrossTalkCorrected,6550,218,17,1172.6778832035877,510.090576171875,0.14432890026105089,2.8787593876461695,accepted_saved_frame
JSCC,218_SinglePhoton_CrossTalkCorrected,6550,218,28,2791.718114176877,547.5901489257812,0.45535434153393073,6.783537206701908,accepted_saved_frame
JSCC,218_SinglePhoton_CrossTalkCorrected,6600,218,10,580.4163156491,535.5729370117188,0.009303303587699164,0.1535952065478475,accepted_saved_frame
JSCC,218_SinglePhoton_CrossTalkCorrected,6600,218,17,1177.3053250004145,510.03240966796875,0.14536612503743537,2.883698571848722,accepted_saved_frame
JSCC,218_SinglePhoton_CrossTalkCorrected,6600,218,28,2797.0222342594625,547.138916015625,0.45689865597731916,6.783207871848988,accepted_saved_frame
JSCC,218_SinglePhoton_CrossTalkCorrected,6650,218,10,581.2471984667027,536.25830078125,0.009321564630724163,0.15307179600310605,accepted_saved_frame
JSCC,218_SinglePhoton_CrossTalkCorrected,6650,218,17,1181.9214630126953,509.97259521484375,0.14640195573532505,2.888574304983699,accepted_saved_frame
JSCC,218_SinglePhoton_CrossTalkCorrected,6650,218,28,2802.2367881798714,546.6940307617188,0.45842070305059424,6.782648470650285,accepted_saved_frame
JSCC,218_SinglePhoton_CrossTalkCorrected,6700,218,10,582.0704457077566,536.9398803710938,0.009339047895201125,0.1525432706986675,accepted_saved_frame
JSCC,218_SinglePhoton_CrossTalkCorrected,6700,218,17,1186.5255403449044,509.91131591796875,0.14743614413482417,2.893383719816991,accepted_saved_frame
JSCC,218_SinglePhoton_CrossTalkCorrected,6700,218,28,2807.3640523625836,546.2551879882812,0.4599211573423099,6.7818691369930635,accepted_saved_frame
JSCC,218_SinglePhoton_CrossTalkCorrected,6750,218,10,582.8859916269971,537.6173706054688,0.009355811503086607,0.15201061802217616,accepted_saved_frame
JSCC,218_SinglePhoton_CrossTalkCorrected,6750,218,17,1191.118096810661,509.8485107421875,0.14846884727403264,2.8981288665549467,accepted_saved_frame
JSCC,218_SinglePhoton_CrossTalkCorrected,6750,218,28,2812.4056766048493,545.8224487304688,0.46140018876228545,6.78087506160261,accepted_saved_frame
JSCC,218_SinglePhoton_CrossTalkCorrected,6800,218,10,583.6937880930027,538.2907104492188,0.009371862279872658,0.15147399624244304,accepted_saved_frame
JSCC,218_SinglePhoton_CrossTalkCorrected,6800,218,17,1195.6982572184525,509.78411865234375,0.14949991432525492,2.9028087489062337,accepted_saved_frame
JSCC,218_SinglePhoton_CrossTalkCorrected,6800,218,28,2817.363265852826,545.395751953125,0.4628580878632164,6.779669750387545,accepted_saved_frame
JSCC,218_SinglePhoton_CrossTalkCorrected,6850,218,10,584.4935362101368,538.9598999023438,0.009387141648209493,0.15093249465215403,accepted_saved_frame
JSCC,218_SinglePhoton_CrossTalkCorrected,6850,218,17,1200.266475199597,509.71820068359375,0.1505294218539434,2.907424487830513,accepted_saved_frame
JSCC,218_SinglePhoton_CrossTalkCorrected,6850,218,28,2822.2389043052676,544.9750366210938,0.4642952458893988,6.778259939388746,accepted_saved_frame
JSCC,218_SinglePhoton_CrossTalkCorrected,6900,218,10,585.2856572387303,539.6246337890625,0.009401807723896994,0.1503886024241479,accepted_saved_frame
JSCC,218_SinglePhoton_CrossTalkCorrected,6900,218,17,1204.8227826386913,509.65081787109375,0.15155735399635648,2.9119796812441203,accepted_saved_frame
JSCC,218_SinglePhoton_CrossTalkCorrected,6900,218,28,2827.033428041848,544.5602416992188,0.4657118026547466,6.776648582522521,accepted_saved_frame
JSCC,218_SinglePhoton_CrossTalkCorrected,6950,218,10,586.0694382842331,540.2850341796875,0.009415689293226472,0.14983968008029905,accepted_saved_frame
JSCC,218_SinglePhoton_CrossTalkCorrected,6950,218,17,1209.3669406854253,509.5819091796875,0.15258369849646497,2.9164735376354303,accepted_saved_frame
JSCC,218_SinglePhoton_CrossTalkCorrected,6950,218,28,2831.749020493593,544.1511840820312,0.4671083052182515,6.7748429479759755,accepted_saved_frame
JSCC,218_SinglePhoton_CrossTalkCorrected,7000,218,10,586.8453258747456,540.94091796875,0.009428922083552763,0.14928791663192156,accepted_saved_frame
JSCC,218_SinglePhoton_CrossTalkCorrected,7000,218,17,1213.898697704353,509.5115661621094,0.1536083614893361,2.9209047699791473,accepted_saved_frame
JSCC,218_SinglePhoton_CrossTalkCorrected,7000,218,28,2836.3862246201543,543.7479858398438,0.46848464494677117,6.772843255111104,accepted_saved_frame
JSCC,218_SinglePhoton_CrossTalkCorrected,7050,218,10,587.613037109375,541.5921020507812,0.009441491501390434,0.1487330439246617,accepted_saved_frame
JSCC,218_SinglePhoton_CrossTalkCorrected,7050,218,17,1218.4180533474605,509.4398193359375,0.1546313349382436,2.9252745014750636,accepted_saved_frame
JSCC,218_SinglePhoton_CrossTalkCorrected,7050,218,28,2840.947925202475,543.350341796875,0.4698416486389854,6.770662747106434,accepted_saved_frame
JSCC,218_SinglePhoton_CrossTalkCorrected,7100,218,10,588.3723197029335,542.2385864257812,0.009453348567309394,0.14817438293442167,accepted_saved_frame
JSCC,218_SinglePhoton_CrossTalkCorrected,7100,218,17,1222.9253570534108,509.36663818359375,0.15565271879480547,2.929585517231869,accepted_saved_frame
JSCC,218_SinglePhoton_CrossTalkCorrected,7100,218,28,2845.4346678594984,542.9583740234375,0.4711792129097444,6.768299714234789,accepted_saved_frame
JSCC,218_SinglePhoton_CrossTalkCorrected,7150,218,10,589.1231882273192,542.8802490234375,0.00946452622881301,0.14761233880396354,accepted_saved_frame
JSCC,218_SinglePhoton_CrossTalkCorrected,7150,218,17,1227.4198202098282,509.2920837402344,0.15667231686157887,2.9338349729895756,accepted_saved_frame
JSCC,218_SinglePhoton_CrossTalkCorrected,7150,218,28,2849.848602812886,542.5718383789062,0.47249795658962385,6.765761874133093,accepted_saved_frame
JSCC,218_SinglePhoton_CrossTalkCorrected,7200,218,10,589.8656953278079,543.5170288085938,0.00947505149333937,0.147047477091779,accepted_saved_frame
JSCC,218_SinglePhoton_CrossTalkCorrected,7200,218,17,1231.9011670255868,509.2161865234375,0.1576900603162771,2.9380224658090905,accepted_saved_frame
JSCC,218_SinglePhoton_CrossTalkCorrected,7200,218,28,2854.1897473465,542.1908569335938,0.47379767164332165,6.763050759945816,accepted_saved_frame
JSCC,218_SinglePhoton_CrossTalkCorrected,7250,218,10,590.5999141582722,544.1488647460938,0.009484955398873372,0.1464802426066421,accepted_saved_frame
JSCC,218_SinglePhoton_CrossTalkCorrected,7250,218,17,1236.3703312061311,509.1388854980469,0.15870619249307938,2.9421541311152617,accepted_saved_frame
JSCC,218_SinglePhoton_CrossTalkCorrected,7250,218,28,2858.4609616126404,541.8152465820312,0.4750790625986457,6.76017345644514,accepted_saved_frame
JSCC,218_SinglePhoton_CrossTalkCorrected,7300,218,10,591.3259152231492,544.7756958007812,0.009494268269223172,0.1459111031002574,accepted_saved_frame
JSCC,218_SinglePhoton_CrossTalkCorrected,7300,218,17,1240.8262156684382,509.0601806640625,0.15972048160719232,2.9462257564823,accepted_saved_frame
JSCC,218_SinglePhoton_CrossTalkCorrected,7300,218,28,2862.6631628765895,541.4449462890625,0.47634230764192814,6.757133368632054,accepted_saved_frame
JSCC,218_SinglePhoton_CrossTalkCorrected,7350,218,10,592.0433421732912,545.3973388671875,0.009502960294963694,0.14533950968351528,accepted_saved_frame
JSCC,218_SinglePhoton_CrossTalkCorrected,7350,218,17,1245.2692989706454,508.98028564453125,0.16073292557092037,2.9502388408875704,accepted_saved_frame
JSCC,218_SinglePhoton_CrossTalkCorrected,7350,218,28,2866.798451616131,541.0798950195312,0.47758783006685146,6.753937898573644,accepted_saved_frame
JSCC,218_SinglePhoton_CrossTalkCorrected,7400,218,10,592.7525662731895,546.0138549804688,0.009511095911332503,0.1447665748026575,accepted_saved_frame
JSCC,218_SinglePhoton_CrossTalkCorrected,7400,218,17,1249.6991568372976,508.8990173339844,0.16174353615907933,2.9541951671789275,accepted_saved_frame
JSCC,218_SinglePhoton_CrossTalkCorrected,7400,218,28,2870.866913916383,540.7200317382812,0.4788156419849731,6.750587939056597,accepted_saved_frame
JSCC,218_SinglePhoton_CrossTalkCorrected,7450,218,10,593.4530959543308,546.6251831054688,0.00951859077931911,0.1441909120658435,accepted_saved_frame
JSCC,218_SinglePhoton_CrossTalkCorrected,7450,218,17,1254.1159696498391,508.8165283203125,0.16275227793795743,2.958092900415817,accepted_saved_frame
JSCC,218_SinglePhoton_CrossTalkCorrected,7450,218,28,2874.8704901924784,540.365234375,0.48002620518069616,6.74709050096969,accepted_saved_frame
JSCC,218_SinglePhoton_CrossTalkCorrected,7500,218,10,594.1452075921454,547.2313232421875,0.009525503375388909,0.14361342632748628,accepted_saved_frame
JSCC,218_SinglePhoton_CrossTalkCorrected,7500,218,17,1258.5195522134657,508.73272705078125,0.16375916627825354,2.9619350984615695,accepted_saved_frame
JSCC,218_SinglePhoton_CrossTalkCorrected,7500,218,28,2878.8100232721886,540.0155029296875,0.48121962500337556,6.743447226625677,accepted_saved_frame
JSCC,218_SinglePhoton_CrossTalkCorrected,7550,218,10,594.8286368317926,547.8320922851562,0.00953182253558365,0.14303397891025635,accepted_saved_frame
JSCC,218_SinglePhoton_CrossTalkCorrected,7550,218,17,1262.9099736189821,508.647705078125,0.1647641734938914,2.965721493023459,accepted_saved_frame
JSCC,218_SinglePhoton_CrossTalkCorrected,7550,218,28,2882.6872860444364,539.6707153320312,0.48239633377814456,6.73966276821076,accepted_saved_frame
JSCC,218_SinglePhoton_CrossTalkCorrected,7600,218,10,595.5035700660043,548.4275512695312,0.009537574731713287,0.14245293952013918,accepted_saved_frame
JSCC,218_SinglePhoton_CrossTalkCorrected,7600,218,17,1267.2869456731928,508.56146240234375,0.16576724291358783,2.9694520136127034,accepted_saved_frame
JSCC,218_SinglePhoton_CrossTalkCorrected,7600,218,28,2886.503094240948,539.330810546875,0.4835565024479273,6.735740581289996,accepted_saved_frame
JSCC,218_SinglePhoton_CrossTalkCorrected,7650,218,10,596.1697632032192,549.0176391601562,0.009542725989073983,0.14186978087848579,accepted_saved_frame
JSCC,218_SinglePhoton_CrossTalkCorrected,7650,218,17,1271.6505424730478,508.4740295410156,0.16676838028940322,2.9731284115867522,accepted_saved_frame
JSCC,218_SinglePhoton_CrossTalkCorrected,7650,218,28,2890.2581408984424,538.995849609375,0.4847001435876014,6.731680443137023,accepted_saved_frame
JSCC,218_SinglePhoton_CrossTalkCorrected,7700,218,10,596.8273697635368,549.6023559570312,0.009547309430909041,0.1412849942870037,accepted_saved_frame
JSCC,218_SinglePhoton_CrossTalkCorrected,7700,218,17,1276.0006098958895,508.3854064941406,0.16776755797126308,2.9767498785864372,accepted_saved_frame
JSCC,218_SinglePhoton_CrossTalkCorrected,7700,218,28,2893.9544575407763,538.6655883789062,0.48582788447240577,6.727493868110701,accepted_saved_frame
JSCC,218_SinglePhoton_CrossTalkCorrected,7750,218,10,597.4766196100658,550.181640625,0.009551386809341164,0.14069943004185909,accepted_saved_frame
JSCC,218_SinglePhoton_CrossTalkCorrected,7750,218,17,1280.3374343272435,508.2956237792969,0.16876482775201543,2.9803184244409358,accepted_saved_frame
JSCC,218_SinglePhoton_CrossTalkCorrected,7750,218,28,2897.5932915640115,538.340087890625,0.4869398559556233,6.723181544140856,accepted_saved_frame
JSCC,218_SinglePhoton_CrossTalkCorrected,7800,218,10,598.1171908363268,550.7554931640625,0.009554894899443549,0.1401122460594828,accepted_saved_frame
JSCC,218_SinglePhoton_CrossTalkCorrected,7800,218,17,1284.6603875178603,508.2047424316406,0.16976002435795667,2.9838329133908927,accepted_saved_frame
JSCC,218_SinglePhoton_CrossTalkCorrected,7800,218,28,2901.175071827241,538.0191650390625,0.48803629237437274,6.7187454397163675,accepted_saved_frame
JSCC,218_SinglePhoton_CrossTalkCorrected,7850,218,10,598.7493919053645,551.3238525390625,0.009557911107537651,0.13952443809462875,accepted_saved_frame
JSCC,218_SinglePhoton_CrossTalkCorrected,7850,218,17,1288.970241006145,508.11260986328125,0.17075340649235007,2.9872973565232988,accepted_saved_frame
JSCC,218_SinglePhoton_CrossTalkCorrected,7850,218,28,2904.7013433846855,537.7029418945312,0.48911732091542376,6.714190384944547,accepted_saved_frame
JSCC,218_SinglePhoton_CrossTalkCorrected,7900,218,10,599.3731110502285,551.8868408203125,0.00956038785038967,0.13893539003381877,accepted_saved_frame
JSCC,218_SinglePhoton_CrossTalkCorrected,7900,218,17,1293.265897941918,508.0193786621094,0.17174465565287614,2.9907084534824726,accepted_saved_frame
JSCC,218_SinglePhoton_CrossTalkCorrected,7900,218,28,2908.1723443644973,537.39111328125,0.4901832767174239,6.709519831615961,accepted_saved_frame
JSCC,218_SinglePhoton_CrossTalkCorrected,7950,218,10,599.9884320225362,552.4441528320312,0.009562410355422971,0.13834622406532396,accepted_saved_frame
JSCC,218_SinglePhoton_CrossTalkCorrected,7950,218,17,1297.547995650335,507.92510986328125,0.1727338824067538,2.9940681532040414,accepted_saved_frame
JSCC,218_SinglePhoton_CrossTalkCorrected,7950,218,28,2911.589817216739,537.083740234375,0.49123439938521124,6.704735207272968,accepted_saved_frame
JSCC,218_SinglePhoton_CrossTalkCorrected,8000,218,10,600.5953991267459,552.9960327148438,0.009563935683673443,0.13775635860561747,accepted_saved_frame
JSCC,218_SinglePhoton_CrossTalkCorrected,8000,218,17,1301.816579811371,507.82977294921875,0.17372111880261634,2.997377165601158,accepted_saved_frame
JSCC,218_SinglePhoton_CrossTalkCorrected,8000,218,28,2914.954971658039,536.7808837890625,0.49227081906034037,6.699841618272819,accepted_saved_frame
JSCC,218_SinglePhoton_CrossTalkCorrected,8050,218,10,601.194109852291,553.5424194335938,0.009564998241980835,0.13716625591385112,accepted_saved_frame
JSCC,218_SinglePhoton_CrossTalkCorrected,8050,218,17,1306.070821102517,507.7333679199219,0.17470618846292357,3.0006341572393525,accepted_saved_frame
JSCC,218_SinglePhoton_CrossTalkCorrected,8050,218,28,2918.2686124350275,536.4822998046875,0.49329292638720723,6.694842115101476,accepted_saved_frame
JSCC,218_SinglePhoton_CrossTalkCorrected,8100,218,10,601.7842081444056,554.0831909179688,0.009565554617130267,0.13657524431774618,accepted_saved_frame
JSCC,218_SinglePhoton_CrossTalkCorrected,8100,218,17,1310.3116028059867,507.635986328125,0.17568923797889158,3.003842170794196,accepted_saved_frame
JSCC,218_SinglePhoton_CrossTalkCorrected,8100,218,28,2921.5316924830327,536.18798828125,0.494300870493823,6.689737732892835,accepted_saved_frame
JSCC,218_SinglePhoton_CrossTalkCorrected,8150,218,10,602.3661788498857,554.6184692382812,0.009565676879175002,0.135984377545469,accepted_saved_frame
JSCC,218_SinglePhoton_CrossTalkCorrected,8150,218,17,1314.5378280190234,507.5374755859375,0.17667011824571338,3.006998747853938,accepted_saved_frame
JSCC,218_SinglePhoton_CrossTalkCorrected,8150,218,28,2924.7447971944175,535.89794921875,0.49529472531066954,6.684533040035404,accepted_saved_frame
JSCC,218_SinglePhoton_CrossTalkCorrected,8200,218,10,602.9397088937054,555.148193359375,0.009565316894160982,0.1353928863860114,accepted_saved_frame
JSCC,218_SinglePhoton_CrossTalkCorrected,8200,218,17,1318.7502406354474,507.4380187988281,0.17764889323759755,3.010107736870188,accepted_saved_frame
JSCC,218_SinglePhoton_CrossTalkCorrected,8200,218,28,2927.9091921841878,535.6119995117188,0.4962749143561974,6.679230981083923,accepted_saved_frame
JSCC,218_SinglePhoton_CrossTalkCorrected,8250,218,10,603.505135980833,555.67236328125,0.009564543557272185,0.1348017498962947,accepted_saved_frame
JSCC,218_SinglePhoton_CrossTalkCorrected,8250,218,17,1322.9482886611472,507.3375244140625,0.17862549858565943,3.013166431674029,accepted_saved_frame
JSCC,218_SinglePhoton_CrossTalkCorrected,8250,218,28,2931.026435205786,535.3301391601562,0.49724171659008154,6.673835915822835,accepted_saved_frame
JSCC,218_SinglePhoton_CrossTalkCorrected,8300,218,10,604.0622783795814,556.1909790039062,0.009563321709190362,0.13421043544813469,accepted_saved_frame
JSCC,218_SinglePhoton_CrossTalkCorrected,8300,218,17,1327.1321197567352,507.2361145019531,0.17959990137703308,3.016176320866466,accepted_saved_frame
JSCC,218_SinglePhoton_CrossTalkCorrected,8300,218,28,2934.096346661557,535.0523681640625,0.49819505139269293,6.668349032752419,accepted_saved_frame
JSCC,218_SinglePhoton_CrossTalkCorrected,8350,218,10,604.6112820051874,556.7039794921875,0.009561694919822727,0.13361947137239472,accepted_saved_frame
JSCC,218_SinglePhoton_CrossTalkCorrected,8350,218,17,1331.301964489036,507.1337585449219,0.1805721736364942,3.0191397307936407,accepted_saved_frame
JSCC,218_SinglePhoton_CrossTalkCorrected,8350,218,28,2937.120813688331,534.7785034179688,0.4991354769448363,6.6627754880252565,accepted_saved_frame
JSCC,218_SinglePhoton_CrossTalkCorrected,8400,218,10,605.1521319423075,557.2115478515625,0.009559621630557692,0.13302833089792532,accepted_saved_frame
JSCC,218_SinglePhoton_CrossTalkCorrected,8400,218,17,1335.457509798123,507.0303955078125,0.18154228614081097,3.0220560678931903,accepted_saved_frame
JSCC,218_SinglePhoton_CrossTalkCorrected,8400,218,28,2940.0989139837716,534.5086059570312,0.5000626912720993,6.657111381498886,accepted_saved_frame
JSCC,218_SinglePhoton_CrossTalkCorrected,8450,218,10,605.6848499751934,557.7135620117188,0.009557133751287071,0.13243738522687645,accepted_saved_frame
JSCC,218_SinglePhoton_CrossTalkCorrected,8450,218,17,1339.5988318527563,506.92608642578125,0.1825102246930357,3.024926721346767,accepted_saved_frame
JSCC,218_SinglePhoton_CrossTalkCorrected,8450,218,28,2943.033015874418,534.2426147460938,0.5009772161854749,6.651362834945399,accepted_saved_frame
JSCC,218_SinglePhoton_CrossTalkCorrected,8500,218,10,606.2098073192732,558.2101440429688,0.009554279829029491,0.13184724326639738,accepted_saved_frame
JSCC,218_SinglePhoton_CrossTalkCorrected,8500,218,17,1343.7257207090738,506.8209533691406,0.1834758763921852,3.027750464418285,accepted_saved_frame
JSCC,218_SinglePhoton_CrossTalkCorrected,8500,218,28,2945.9237282646714,533.98046875,0.5018792094193617,6.645534982463606,accepted_saved_frame
JSCC,218_SinglePhoton_CrossTalkCorrected,8550,218,10,606.7266584684611,558.701171875,0.009551018407824487,0.13125737533437062,accepted_saved_frame
JSCC,218_SinglePhoton_CrossTalkCorrected,8550,218,17,1347.838706686671,506.71490478515625,0.184439414212426,3.0305298556728246,accepted_saved_frame
JSCC,218_SinglePhoton_CrossTalkCorrected,8550,218,28,2948.771402336108,533.7219848632812,0.5027689167280328,6.639627515250672,accepted_saved_frame
JSCC,218_SinglePhoton_CrossTalkCorrected,8600,218,10,607.2356339727568,559.186767578125,0.00954736993484199,0.13066798950510752,accepted_saved_frame
JSCC,218_SinglePhoton_CrossTalkCorrected,8600,218,17,1351.9370057248964,506.60791015625,0.18540068794862297,3.033264133783013,accepted_saved_frame
JSCC,218_SinglePhoton_CrossTalkCorrected,8600,218,28,2951.577422698756,533.4672241210938,0.5036465199820507,6.633645075455713,accepted_saved_frame
JSCC,218_SinglePhoton_CrossTalkCorrected,8650,218,10,607.7369272900547,559.6668701171875,0.009543386876792534,0.13007970752791295,accepted_saved_frame
JSCC,218_SinglePhoton_CrossTalkCorrected,8650,218,17,1356.020505779497,506.5001220703125,0.18635958735733837,3.035950988399637,accepted_saved_frame
JSCC,218_SinglePhoton_CrossTalkCorrected,8650,218,28,2954.342277073322,533.2161865234375,0.504512085079536,6.627586651435205,accepted_saved_frame
JSCC,218_SinglePhoton_CrossTalkCorrected,8700,218,10,608.2305520600445,560.1414184570312,0.009539085828932247,0.12949277259331288,accepted_saved_frame
JSCC,218_SinglePhoton_CrossTalkCorrected,8700,218,17,1360.0896378095513,506.3915100097656,0.18731622797443873,3.0385943522277294,accepted_saved_frame
JSCC,218_SinglePhoton_CrossTalkCorrected,8700,218,28,2957.065517503554,532.96875,0.5053656246790692,6.621453994110212,accepted_saved_frame
JSCC,218_SinglePhoton_CrossTalkCorrected,8750,218,10,608.7160455145637,560.6106567382812,0.009534323211875763,0.12890521154853196,accepted_saved_frame
JSCC,218_SinglePhoton_CrossTalkCorrected,8750,218,17,1364.144780668421,506.281982421875,0.18827075030024265,3.041196155857662,accepted_saved_frame
JSCC,218_SinglePhoton_CrossTalkCorrected,8750,218,28,2959.7496768302212,532.7247924804688,0.5062077744472608,6.615254203045883,accepted_saved_frame
JSCC,218_SinglePhoton_CrossTalkCorrected,8800,218,10,609.1938406401508,561.074462890625,0.009529212041089375,0.12831848686159492,accepted_saved_frame
JSCC,218_SinglePhoton_CrossTalkCorrected,8800,218,17,1368.1850649719213,506.1717224121094,0.18922285865357574,3.043752918490445,accepted_saved_frame
JSCC,218_SinglePhoton_CrossTalkCorrected,8800,218,28,2962.395496374431,532.4844360351562,0.5070385152020658,6.608987683924409,accepted_saved_frame
JSCC,218_SinglePhoton_CrossTalkCorrected,8850,218,10,609.6640450333475,561.5328979492188,0.009523761209897088,0.12773273528239298,accepted_saved_frame
JSCC,218_SinglePhoton_CrossTalkCorrected,8850,218,17,1372.2107518783146,506.06060791015625,0.19017268560535097,3.046266914552635,accepted_saved_frame
JSCC,218_SinglePhoton_CrossTalkCorrected,8850,218,28,2965.002984666483,532.2474365234375,0.5078581003254696,6.602658223992521,accepted_saved_frame
JSCC,218_SinglePhoton_CrossTalkCorrected,8900,218,10,610.1269903152319,561.9860229492188,0.00951802385748087,0.12714859993994473,accepted_saved_frame
JSCC,218_SinglePhoton_CrossTalkCorrected,8900,218,17,1376.2221632580417,505.9486999511719,0.19112026869102172,3.0487399527503984,accepted_saved_frame
JSCC,218_SinglePhoton_CrossTalkCorrected,8900,218,28,2967.5727751287686,532.0138549804688,0.5086665605808149,6.5962638901977675,accepted_saved_frame
JSCC,218_SinglePhoton_CrossTalkCorrected,8950,218,10,610.5822499266008,562.4337158203125,0.009511942425283217,0.12656525166148033,accepted_saved_frame
JSCC,218_SinglePhoton_CrossTalkCorrected,8950,218,17,1380.218855826318,505.83599853515625,0.1920655135092699,3.0511707055218067,accepted_saved_frame
JSCC,218_SinglePhoton_CrossTalkCorrected,8950,218,28,2970.1052618641274,531.78369140625,0.5094639480637898,6.589807189103605,accepted_saved_frame
JSCC,218_SinglePhoton_CrossTalkCorrected,9000,218,10,611.0304636571951,562.8760986328125,0.009505617694027406,0.1259840279125837,accepted_saved_frame
JSCC,218_SinglePhoton_CrossTalkCorrected,9000,218,17,1384.2012474916949,505.7225646972656,0.19300847805979282,3.0535603202291135,accepted_saved_frame
JSCC,218_SinglePhoton_CrossTalkCorrected,9000,218,28,2972.6022876104303,531.5567626953125,0.5102508322363142,6.583291750444732,accepted_saved_frame
JSCC,218_SinglePhoton_CrossTalkCorrected,9050,218,10,611.4711393006745,563.3132934570312,0.00949892683619575,0.12540321352286815,accepted_saved_frame
JSCC,218_SinglePhoton_CrossTalkCorrected,9050,218,17,1388.1688819601711,505.6083679199219,0.19394908304471845,3.0559088270236554,accepted_saved_frame
JSCC,218_SinglePhoton_CrossTalkCorrected,9050,218,28,2975.0631170733295,531.3331298828125,0.5110269600394871,6.576717906999915,accepted_saved_frame
JSCC,218_SinglePhoton_CrossTalkCorrected,9100,218,10,611.904593709964,563.7453002929688,0.00949193296885584,0.12482364862536761,accepted_saved_frame
JSCC,218_SinglePhoton_CrossTalkCorrected,9100,218,17,1392.1216461071479,505.4935607910156,0.19488721388979446,3.058215199022633,accepted_saved_frame
JSCC,218_SinglePhoton_CrossTalkCorrected,9100,218,28,2977.489157917155,531.1127319335938,0.5117926695100364,6.57008990822605,accepted_saved_frame
JSCC,218_SinglePhoton_CrossTalkCorrected,9150,218,10,612.3309508197943,564.1720581054688,0.009484674050215322,0.1242457386100784,accepted_saved_frame
JSCC,218_SinglePhoton_CrossTalkCorrected,9150,218,17,1396.0599040705006,505.3779602050781,0.1958230635727216,3.060481214444095,accepted_saved_frame
JSCC,218_SinglePhoton_CrossTalkCorrected,9150,218,28,2979.8801249975236,530.8954467773438,0.5125480173975822,6.563405446629108,accepted_saved_frame
JSCC,218_SinglePhoton_CrossTalkCorrected,9200,218,10,612.7503829416355,564.5936889648438,0.009477158317177473,0.12366963313906516,accepted_saved_frame
JSCC,218_SinglePhoton_CrossTalkCorrected,9200,218,17,1399.9837794415387,505.26165771484375,0.19675660633020023,3.0627106963537822,accepted_saved_frame
JSCC,218_SinglePhoton_CrossTalkCorrected,9200,218,28,2982.2382842751454,530.6812744140625,0.5132934521171035,6.5566730192790725,accepted_saved_frame
JSCC,218_SinglePhoton_CrossTalkCorrected,9250,218,10,613.1626530981524,565.0101318359375,0.00946935256339734,0.12309473669463859,accepted_saved_frame
JSCC,218_SinglePhoton_CrossTalkCorrected,9250,218,17,1403.8925952778368,505.1446228027344,0.19768771421637787,3.0648990433475283,accepted_saved_frame
JSCC,218_SinglePhoton_CrossTalkCorrected,9250,218,28,2984.562976700874,530.47021484375,0.5140288104959813,6.549887901555054,accepted_saved_frame
JSCC,218_SinglePhoton_CrossTalkCorrected,9300,218,10,613.5682557526126,565.4215087890625,0.009461328351237721,0.12252205229450416,accepted_saved_frame
JSCC,218_SinglePhoton_CrossTalkCorrected,9300,218,17,1407.7870484950731,505.02691650390625,0.1986165054859527,3.0670505214148744,accepted_saved_frame
JSCC,218_SinglePhoton_CrossTalkCorrected,9300,218,28,2986.854925584732,530.26220703125,0.5147542911536526,6.543054051164653,accepted_saved_frame
JSCC,218_SinglePhoton_CrossTalkCorrected,9350,218,10,613.9669529954721,565.8277587890625,0.009453052228676059,0.12195108704014943,accepted_saved_frame
JSCC,218_SinglePhoton_CrossTalkCorrected,9350,218,17,1411.666751390564,504.9084777832031,0.19954293445824664,3.0691644922650747,accepted_saved_frame
JSCC,218_SinglePhoton_CrossTalkCorrected,9350,218,28,2989.1151380916767,530.05712890625,0.5154702253530015,6.536174711951082,accepted_saved_frame
JSCC,218_SinglePhoton_CrossTalkCorrected,9400,218,10,614.3586889432557,566.2289428710938,0.009444500552122105,0.12138148015085637,accepted_saved_frame
JSCC,218_SinglePhoton_CrossTalkCorrected,9400,218,17,1415.5317766867295,504.7894287109375,0.20046694416312733,3.0712390478937053,accepted_saved_frame
JSCC,218_SinglePhoton_CrossTalkCorrected,9400,218,28,2991.344330416379,529.8551025390625,0.5161765958030318,6.529250623886448,accepted_saved_frame
JSCC,218_SinglePhoton_CrossTalkCorrected,9450,218,10,614.7436042123286,566.6251220703125,0.009435688266423393,0.1208133342080683,accepted_saved_frame
JSCC,218_SinglePhoton_CrossTalkCorrected,9450,218,17,1419.381650245711,504.6698303222656,0.20138839405807168,3.0732750799560353,accepted_saved_frame
JSCC,218_SinglePhoton_CrossTalkCorrected,9450,218,28,2993.5426653208415,529.6558837890625,0.5168737029588129,6.522283609736762,accepted_saved_frame
JSCC,218_SinglePhoton_CrossTalkCorrected,9500,218,10,615.121956533941,567.016357421875,0.0094266532138692,0.1202471265593289,accepted_saved_frame
JSCC,218_SinglePhoton_CrossTalkCorrected,9500,218,17,1423.216820057994,504.549560546875,0.2023074598163221,3.0752737149460456,accepted_saved_frame
JSCC,218_SinglePhoton_CrossTalkCorrected,9500,218,28,2995.710304729475,529.45947265625,0.5175615592551125,6.51527220097585,accepted_saved_frame
JSCC,218_SinglePhoton_CrossTalkCorrected,9550,218,10,615.4935338550825,567.4027099609375,0.009417341128834399,0.11968212948287478,accepted_saved_frame
JSCC,218_SinglePhoton_CrossTalkCorrected,9550,218,17,1427.0371667146976,504.4285888671875,0.20322413611705425,3.0772360525669282,accepted_saved_frame
JSCC,218_SinglePhoton_CrossTalkCorrected,9550,218,28,2997.8485410832823,529.2659912109375,0.5182402696199306,6.508222320737145,accepted_saved_frame
JSCC,218_SinglePhoton_CrossTalkCorrected,9600,218,10,615.8585680995341,567.783935546875,0.009407849544104167,0.11911958356154674,accepted_saved_frame
JSCC,218_SinglePhoton_CrossTalkCorrected,9600,218,17,1430.8427879777278,504.30712890625,0.2041383130688115,3.0791615261258714,accepted_saved_frame
JSCC,218_SinglePhoton_CrossTalkCorrected,9600,218,28,2999.9572097627047,529.0752563476562,0.5189099962141045,6.501131059491588,accepted_saved_frame
JSCC,218_SinglePhoton_CrossTalkCorrected,9650,218,10,616.2171822207533,568.160400390625,0.009398124934259178,0.1185587530866161,accepted_saved_frame
JSCC,218_SinglePhoton_CrossTalkCorrected,9650,218,17,1434.6338224067536,504.18505859375,0.20505009860382278,3.081052377239411,accepted_saved_frame
JSCC,218_SinglePhoton_CrossTalkCorrected,9650,218,28,3002.0373291477845,528.8873901367188,0.5195707872650568,6.494003573418188,accepted_saved_frame
JSCC,218_SinglePhoton_CrossTalkCorrected,9700,218,10,616.5695995563863,568.531982421875,0.009388237038501446,0.11800045130255168,accepted_saved_frame
JSCC,218_SinglePhoton_CrossTalkCorrected,9700,218,17,1438.4094913491117,504.0624084472656,0.2059593034609537,3.082904492266851,accepted_saved_frame
JSCC,218_SinglePhoton_CrossTalkCorrected,9700,218,28,3004.0888064725345,528.7021484375,0.520222894529067,6.486836269171636,accepted_saved_frame
JSCC,218_SinglePhoton_CrossTalkCorrected,9750,218,10,616.9151520069772,568.8988647460938,0.009378016655681312,0.11744251574303248,accepted_saved_frame
JSCC,218_SinglePhoton_CrossTalkCorrected,9750,218,17,1442.1708208992166,503.939208984375,0.20686613587683572,3.0847243862227494,accepted_saved_frame
JSCC,218_SinglePhoton_CrossTalkCorrected,9750,218,28,3006.1126580742757,528.51953125,0.5208665128261469,6.479636653729694,accepted_saved_frame
JSCC,218_SinglePhoton_CrossTalkCorrected,9800,218,10,617.2544567439334,569.2609252929688,0.00936761047303277,0.11688672111526788,accepted_saved_frame
JSCC,218_SinglePhoton_CrossTalkCorrected,9800,218,17,1445.9166354793492,503.8154296875,0.20777035713173403,3.0865068446738357,accepted_saved_frame
JSCC,218_SinglePhoton_CrossTalkCorrected,9800,218,28,3008.1092895636675,528.339599609375,0.5215016359822139,6.472402666382962,accepted_saved_frame
JSCC,218_SinglePhoton_CrossTalkCorrected,9850,218,10,617.5880896761487,569.6183471679688,0.009357092193917818,0.11633401512479945,accepted_saved_frame
JSCC,218_SinglePhoton_CrossTalkCorrected,9850,218,17,1449.6478681777928,503.69110107421875,0.2086721548818177,3.088254328536985,accepted_saved_frame
JSCC,218_SinglePhoton_CrossTalkCorrected,9850,218,28,3010.078367738004,528.1622314453125,0.5221283218859445,6.465134940134512,accepted_saved_frame
JSCC,218_SinglePhoton_CrossTalkCorrected,9900,218,10,617.9157392986334,569.9710693359375,0.009346413946267932,0.11578372429433137,accepted_saved_frame
JSCC,218_SinglePhoton_CrossTalkCorrected,9900,218,17,1453.3648987304628,503.5661926269531,0.20957163350566044,3.089971340263832,accepted_saved_frame
JSCC,218_SinglePhoton_CrossTalkCorrected,9900,218,28,3012.0210887908233,527.9874267578125,0.5227468046364916,6.457835707143439,accepted_saved_frame
JSCC,218_SinglePhoton_CrossTalkCorrected,9950,218,10,618.2375411251351,570.319091796875,0.009335602164061423,0.11523615739398657,accepted_saved_frame
JSCC,218_SinglePhoton_CrossTalkCorrected,9950,218,17,1457.0673264580078,503.44085693359375,0.21046860848602167,3.0916546122406574,accepted_saved_frame
JSCC,218_SinglePhoton_CrossTalkCorrected,9950,218,28,3013.937697547393,527.8151245117188,0.5233571919788274,6.4505053867846325,accepted_saved_frame
JSCC,218_SinglePhoton_CrossTalkCorrected,10000,218,10,618.5536528952252,570.66259765625,0.009324648893655882,0.11469113181788215,accepted_saved_frame
JSCC,218_SinglePhoton_CrossTalkCorrected,10000,218,17,1460.7547933691314,503.3149719238281,0.21136307941761645,3.093302856773232,accepted_saved_frame
JSCC,218_SinglePhoton_CrossTalkCorrected,10000,218,28,3015.829429372105,527.6453247070312,0.5239597274397254,6.443148840657744,accepted_saved_frame
EHE,440_SinglePhoton,0,440,13,1.0,1.0,0,,known_uniform_initialization
EHE,440_SinglePhoton,0,440,22,1.0,1.0,0,,known_uniform_initialization
EHE,440_SinglePhoton,0,440,37,1.0,1.0,0,,known_uniform_initialization
EHE,440_SinglePhoton,10,440,13,1028.8182210166804,883.3609008789062,0.01829594726648219,0.6733935872280061,accepted_saved_frame
EHE,440_SinglePhoton,10,440,22,2507.2282001672775,1230.776611328125,0.11523452185398256,3.4439219104698258,accepted_saved_frame
EHE,440_SinglePhoton,10,440,37,4883.222382751061,1497.5870361328125,0.2511918814089173,5.277055539831542,accepted_saved_frame
EHE,440_SinglePhoton,20,440,13,1088.025399801026,872.1500244140625,0.027502324312710255,0.5810019826957824,accepted_saved_frame
EHE,440_SinglePhoton,20,440,22,3816.5061907364443,1274.638427734375,0.22157636652041265,3.9818000637557,accepted_saved_frame
EHE,440_SinglePhoton,20,440,37,6360.244398936997,1428.7119140625,0.3835259218332337,5.912653284666819,accepted_saved_frame
EHE,440_SinglePhoton,30,440,13,1110.1016094121528,855.2980346679688,0.0331013367941387,0.5126468914842669,accepted_saved_frame
EHE,440_SinglePhoton,30,440,22,4727.293299505808,1240.093994140625,0.3124493718345371,4.295887228282009,accepted_saved_frame
EHE,440_SinglePhoton,30,440,37,6826.93945247522,1366.85009765625,0.44385013105691645,5.760026640485269,accepted_saved_frame
EHE,440_SinglePhoton,40,440,13,1124.1076676421822,844.5723266601562,0.03677539667225457,0.4599966560827971,accepted_saved_frame
EHE,440_SinglePhoton,40,440,22,5342.618095574786,1204.2706298828125,0.38182147240577524,4.357754724161983,accepted_saved_frame
EHE,440_SinglePhoton,40,440,37,7023.485521507797,1335.435791015625,0.47325789069168855,5.377743679371928,accepted_saved_frame
EHE,440_SinglePhoton,50,440,13,1134.9921347546765,839.383544921875,0.03913038213462756,0.4168100542677501,accepted_saved_frame
EHE,440_SinglePhoton,50,440,22,5752.066522985168,1176.5052490234375,0.4321236114576239,4.253587736427397,accepted_saved_frame
EHE,440_SinglePhoton,50,440,37,7127.423356300154,1318.5474853515625,0.48950125763239466,4.966906931779309,accepted_saved_frame
EHE,440_SinglePhoton,60,440,13,1143.41398980972,837.547119140625,0.040577069725930864,0.3803134920814705,accepted_saved_frame
EHE,440_SinglePhoton,60,440,22,6031.215920339514,1156.2139892578125,0.4684832446794755,4.066349385722584,accepted_saved_frame
EHE,440_SinglePhoton,60,440,37,7194.803997877446,1307.946533203125,0.500093281527985,4.589049853889446,accepted_saved_frame
EHE,440_SinglePhoton,70,440,13,1149.8559211067713,837.7313842773438,0.04139811966347093,0.3489123669366013,accepted_saved_frame
EHE,440_SinglePhoton,70,440,22,6231.842312530069,1141.69189453125,0.49538082154708224,3.850779485071124,accepted_saved_frame
EHE,440_SinglePhoton,70,440,37,7246.380868572411,1300.0230712890625,0.5082266895965439,4.257984728296582,accepted_saved_frame
EHE,440_SinglePhoton,80,440,13,1154.8828960377336,839.290771484375,0.041780265920262974,0.32159886268590815,accepted_saved_frame
EHE,440_SinglePhoton,80,440,22,6385.100758411978,1131.5098876953125,0.5158879522983921,3.6359303195072044,accepted_saved_frame
EHE,440_SinglePhoton,80,440,37,7290.167904217634,1293.3515625,0.5151831460036721,3.971522591525884,accepted_saved_frame
EHE,440_SinglePhoton,90,440,13,1158.8917369593637,841.8557739257812,0.041843530929976204,0.29765390490980986,accepted_saved_frame
EHE,440_SinglePhoton,90,440,22,6508.563992136664,1124.6131591796875,0.5319311394629168,3.4347528875762428,accepted_saved_frame
EHE,440_SinglePhoton,90,440,37,7329.288689144029,1287.43017578125,0.5214400168836258,3.7231875587801677,accepted_saved_frame
EHE,440_SinglePhoton,100,440,13,1162.0904534228955,845.1512451171875,0.04166765155110218,0.27652029250789534,accepted_saved_frame
EHE,440_SinglePhoton,100,440,22,6612.064845355167,1120.22998046875,0.5447130361757808,3.2518737829645086,accepted_saved_frame
EHE,440_SinglePhoton,100,440,37,7365.023330374509,1282.114501953125,0.5271594367615988,3.506346675363811,accepted_saved_frame
EHE,440_SinglePhoton,110,440,13,1164.5987421339694,848.9536743164062,0.04131164663394836,0.2577644557441082,accepted_saved_frame
EHE,440_SinglePhoton,110,440,22,6701.3099365974085,1117.7752685546875,0.5550245727800183,3.088087666017725,accepted_saved_frame
EHE,440_SinglePhoton,110,440,37,7397.942094971916,1277.3731689453125,0.5323919669961935,3.315398115436182,accepted_saved_frame
EHE,440_SinglePhoton,120,440,13,1166.5080816222999,853.0852661132812,0.04082212958318222,0.24104141973050933,accepted_saved_frame
EHE,440_SinglePhoton,120,440,22,6779.803735172183,1116.7835693359375,0.5634256091758618,2.942547052853846,accepted_saved_frame
EHE,440_SinglePhoton,120,440,37,7428.354837812398,1273.1947021484375,0.537157970093961,3.1459224684889837,accepted_saved_frame
EHE,440_SinglePhoton,130,440,13,1167.8841446082704,857.408935546875,0.04023429663613551,0.2260565729282009,accepted_saved_frame
EHE,440_SinglePhoton,130,440,22,6849.837845625326,1116.874755859375,0.5703378069215552,2.8137400620044395,accepted_saved_frame
EHE,440_SinglePhoton,130,440,37,7456.496300389974,1269.55712890625,0.5414783392320878,2.9945096679764895,accepted_saved_frame
EHE,440_SinglePhoton,140,440,13,1168.7563951405023,861.8216552734375,0.03957182994480338,0.21254364520550736,accepted_saved_frame
EHE,440_SinglePhoton,140,440,22,6913.007190179037,1117.7423095703125,0.5760883475147094,2.6999249023727514,accepted_saved_frame
EHE,440_SinglePhoton,140,440,37,7482.586113506584,1266.4268798828125,0.5453803691812369,2.858517949461213,accepted_saved_frame
EHE,440_SinglePhoton,150,440,13,1169.1156214773819,866.2472534179688,0.03884807803165762,0.20025775581983454,accepted_saved_frame
EHE,440_SinglePhoton,150,440,22,6970.490109173642,1119.145263671875,0.5809339040982556,2.5993386544511465,accepted_saved_frame
EHE,440_SinglePhoton,150,440,37,7506.836389587471,1263.7626953125,0.5488964482749754,2.735860355240142,accepted_saved_frame
EHE,440_SinglePhoton,160,440,13,1168.9218139269842,870.6300048828125,0.03806844945885186,0.1889775626235806,accepted_saved_frame
EHE,440_SinglePhoton,160,440,22,7023.195721623248,1120.89990234375,0.5850751215298895,2.510309962434221,accepted_saved_frame
EHE,440_SinglePhoton,160,440,37,7529.443748778471,1261.5206298828125,0.552060652519184,2.6248483239751357,accepted_saved_frame
EHE,440_SinglePhoton,170,440,13,1168.1171375717054,874.9296875,0.037233144339156504,0.17850888968816656,accepted_saved_frame
EHE,440_SinglePhoton,170,440,22,7071.848558557374,1122.871337890625,0.5886671488157245,2.4313144923273495,accepted_saved_frame
EHE,440_SinglePhoton,170,440,37,7550.583763287067,1259.6585693359375,0.5549056746268033,2.5240838157572396,accepted_saved_frame
EHE,440_SinglePhoton,180,440,13,1166.6376649912304,879.1183471679688,0.03633935177461087,0.16868595306876222,accepted_saved_frame
EHE,440_SinglePhoton,180,440,22,7117.038694768038,1124.9609375,0.5918306985430118,2.3609974332696146,accepted_saved_frame
EHE,440_SinglePhoton,180,440,37,7570.410689478355,1258.137451171875,0.5574618993273659,2.4323871322421264,accepted_saved_frame
EHE,440_SinglePhoton,190,440,13,1164.4238180179102,883.1771240234375,0.035383199831637874,0.15937206372735108,accepted_saved_frame
EHE,440_SinglePhoton,190,440,22,7159.251915670347,1127.09912109375,0.5946586124093433,2.298177354768655,accepted_saved_frame
EHE,440_SinglePhoton,190,440,37,7589.060026468045,1256.9232177734375,0.5597563531111754,2.3487501027527635,accepted_saved_frame
EHE,440_SinglePhoton,200,440,13,1161.4264323685543,887.094482421875,0.03436085825788878,0.15045704186449554,accepted_saved_frame
EHE,440_SinglePhoton,200,440,22,7198.891042511998,1129.2374267578125,0.5972224629875471,2.241833692431389,accepted_saved_frame
EHE,440_SinglePhoton,200,440,37,7606.649968586568,1255.984375,0.5618139241569049,2.272304308093291,accepted_saved_frame
JSCC,440_SinglePhoton,0,440,13,1.0,1.0,0,,known_uniform_initialization
JSCC,440_SinglePhoton,0,440,22,1.0,1.0,0,,known_uniform_initialization
JSCC,440_SinglePhoton,0,440,37,1.0,1.0,0,,known_uniform_initialization
JSCC,440_SinglePhoton,50,440,13,289.86349790741735,286.9823303222656,0.0011155032831604572,0.3785987969129678,accepted_saved_frame
JSCC,440_SinglePhoton,50,440,22,284.594279620525,278.86419677734375,0.0022831036713290625,0.30751034177546327,accepted_saved_frame
JSCC,440_SinglePhoton,50,440,37,357.3587692594613,347.6790771484375,0.003093431317439135,0.30775817226370744,accepted_saved_frame
JSCC,440_SinglePhoton,100,440,13,330.592234923677,324.0533142089844,0.002242059297712965,0.5716768349252179,accepted_saved_frame
JSCC,440_SinglePhoton,100,440,22,321.07915672275664,308.5979309082031,0.0044938825876193154,0.4971175319340468,accepted_saved_frame
JSCC,440_SinglePhoton,100,440,37,418.37652848458043,392.3722229003906,0.007363842592562175,0.6878400664848994,accepted_saved_frame
JSCC,440_SinglePhoton,150,440,13,366.345453285816,355.54986572265625,0.00337367510124626,0.726267420699531,accepted_saved_frame
JSCC,440_SinglePhoton,150,440,22,359.6105439790432,339.1258544921875,0.006711598598281052,0.6724380259976412,accepted_saved_frame
JSCC,440_SinglePhoton,150,440,37,478.0363894380908,432.0599670410156,0.011823570261411984,1.0959863271239614,accepted_saved_frame
JSCC,440_SinglePhoton,200,440,13,401.81568512428424,386.20440673828125,0.004491368966975933,0.8238777328844263,accepted_saved_frame
JSCC,440_SinglePhoton,200,440,22,400.93002144695504,371.0992126464844,0.008931666245061242,0.8303836231306954,accepted_saved_frame
JSCC,440_SinglePhoton,200,440,37,541.2150511110548,471.6952819824219,0.016375866130367997,1.4768251215877215,accepted_saved_frame
JSCC,440_SinglePhoton,250,440,13,437.9377162255384,416.9621887207031,0.005589509625212196,0.8800693609676006,accepted_saved_frame
JSCC,440_SinglePhoton,250,440,22,444.87567837927094,404.3083190917969,0.01114863126091523,0.9702387306000515,accepted_saved_frame
JSCC,440_SinglePhoton,250,440,37,608.9830481143786,512.2249755859375,0.020988623085601295,1.7873871404978723,accepted_saved_frame
JSCC,440_SinglePhoton,300,440,13,474.83719076792164,447.9585266113281,0.00666695254628507,0.9132613844702948,accepted_saved_frame
JSCC,440_SinglePhoton,300,440,22,491.2628235917365,438.5372619628906,0.01335894630781493,1.0939749396097687,accepted_saved_frame
JSCC,440_SinglePhoton,300,440,37,681.6006689112919,553.774658203125,0.0256474178951605,2.0196400629601206,accepted_saved_frame
JSCC,440_SinglePhoton,350,440,13,512.4128913003017,479.10809326171875,0.007723795877054086,0.9348257779996892,accepted_saved_frame
JSCC,440_SinglePhoton,350,440,22,539.9024338996007,473.5823059082031,0.01555992066896107,1.2043500209744333,accepted_saved_frame
JSCC,440_SinglePhoton,350,440,37,759.0483628850943,596.2278442382812,0.0303427102799055,2.1882164382200333,accepted_saved_frame
JSCC,440_SinglePhoton,400,440,13,550.4919576618606,510.26007080078125,0.008760649533512731,0.9507532294552313,accepted_saved_frame
JSCC,440_SinglePhoton,400,440,22,590.5905129476454,509.24237060546875,0.017749274224211624,1.30399026820328,accepted_saved_frame
JSCC,440_SinglePhoton,400,440,37,841.1732921669519,639.3853149414062,0.03506631421531573,2.3125485101464216,accepted_saved_frame
JSCC,440_SinglePhoton,450,440,13,588.8800816563117,541.2476196289062,0.00977832620206535,0.9641107812312639,accepted_saved_frame
JSCC,440_SinglePhoton,450,440,22,643.1067780863243,545.3175659179688,0.019925028456429086,1.3951111695000473,accepted_saved_frame
JSCC,440_SinglePhoton,450,440,37,927.7401408147921,683.018798828125,0.03981041263782727,2.40843195448747,accepted_saved_frame
JSCC,440_SinglePhoton,500,440,13,627.3808711871704,571.9063720703125,0.010777696378680387,0.9764888906079296,accepted_saved_frame
JSCC,440_SinglePhoton,500,440,22,697.217461227558,581.61181640625,0.022085300340321586,1.4794839527654493,accepted_saved_frame
JSCC,440_SinglePhoton,500,440,37,1018.4535126052579,726.8930053710938,0.04456723572180819,2.4866755476870597,accepted_saved_frame
JSCC,440_SinglePhoton,550,440,13,665.8054425927169,602.0822143554688,0.011759787158979802,0.988743072474598,accepted_saved_frame
JSCC,440_SinglePhoton,550,440,22,752.6808720152228,617.9364624023438,0.024228382655868488,1.5585012009848838,accepted_saved_frame
JSCC,440_SinglePhoton,550,440,37,1112.9710366674342,770.7754516601562,0.0493291938470292,2.554179167927022,accepted_saved_frame
JSCC,440_SinglePhoton,600,440,13,703.978024079418,631.6360473632812,0.012725678729797204,1.0013425046043527,accepted_saved_frame
JSCC,440_SinglePhoton,600,440,22,809.252062146401,654.1126708984375,0.02635281489806069,1.6332514976298176,accepted_saved_frame
JSCC,440_SinglePhoton,600,440,37,1210.9141480000944,814.4432373046875,0.05408888108198578,2.615235208893691,accepted_saved_frame
JSCC,440_SinglePhoton,650,440,13,741.7383456953175,660.4457397460938,0.013676387367732135,1.0145398464911775,accepted_saved_frame
JSCC,440_SinglePhoton,650,440,22,866.6880514823638,689.9749755859375,0.02845724396604364,1.7045759731337966,accepted_saved_frame
JSCC,440_SinglePhoton,650,440,37,1311.8773510355961,857.6874389648438,0.058839086936549746,2.672493599515743,accepted_saved_frame
JSCC,440_SinglePhoton,700,440,13,778.94495930152,688.407470703125,0.014613032809046134,1.0284816398922576,accepted_saved_frame
JSCC,440_SinglePhoton,700,440,22,924.7520404082322,725.3729248046875,0.03054047691816655,1.7731239873234461,accepted_saved_frame
JSCC,440_SinglePhoton,700,440,37,1415.437696362003,900.3157958984375,0.06357298958756753,2.7275978769031197,accepted_saved_frame
JSCC,440_SinglePhoton,750,440,13,815.4748815260615,715.4357299804688,0.01553663147792059,1.043238871741189,accepted_saved_frame
JSCC,440_SinglePhoton,750,440,22,983.2172047130051,760.172119140625,0.032601547283577004,1.839398602844588,accepted_saved_frame
JSCC,440_SinglePhoton,750,440,37,1521.1632432600231,942.1558227539062,0.0682839889966028,2.7815647035034834,accepted_saved_frame
JSCC,440_SinglePhoton,800,440,13,851.2251385669676,741.4631958007812,0.016448249201760728,1.0588488784790888,accepted_saved_frame
JSCC,440_SinglePhoton,800,440,22,1041.8697811982574,794.2553100585938,0.03463964126785443,1.9037837117527188,accepted_saved_frame
JSCC,440_SinglePhoton,800,440,37,1628.6210460582743,983.0545654296875,0.07296605039149506,2.8350285095014853,accepted_saved_frame
JSCC,440_SinglePhoton,850,440,13,886.1112630402772,766.4396362304688,0.01734885148778198,1.0753182432484087,accepted_saved_frame
JSCC,440_SinglePhoton,850,440,22,1100.510890189201,827.5222778320312,0.03665408032174122,1.966570455447908,accepted_saved_frame
JSCC,440_SinglePhoton,850,440,37,1737.3841501130619,1022.880859375,0.0776133933867525,2.8883747698854743,accepted_saved_frame
JSCC,440_SinglePhoton,900,440,13,920.0673301793529,790.3308715820312,0.01823940147689508,1.0926424311364833,accepted_saved_frame
JSCC,440_SinglePhoton,900,440,22,1158.958124124648,859.8892822265625,0.038644360394823635,2.027976842581145,accepted_saved_frame
JSCC,440_SinglePhoton,900,440,37,1847.0383746017783,1061.5240478515625,0.08222081243996228,2.941836126939037,accepted_saved_frame
JSCC,440_SinglePhoton,950,440,13,953.0439999648215,813.1171264648438,0.019120775940953738,1.1108022030470461,accepted_saved_frame
JSCC,440_SinglePhoton,950,440,22,1217.0464679294419,891.288818359375,0.04061006225041616,2.0881598325454207,accepted_saved_frame
JSCC,440_SinglePhoton,950,440,37,1957.1867626432427,1098.89404296875,0.0867834877728264,2.995543605428023,accepted_saved_frame
JSCC,440_SinglePhoton,1000,440,13,985.0073435803894,834.7911987304688,0.019993841318026704,1.129774572062132,accepted_saved_frame
JSCC,440_SinglePhoton,1000,440,22,1274.6289929484005,921.6677856445312,0.04255102818335642,2.1472365052809,accepted_saved_frame
JSCC,440_SinglePhoton,1000,440,37,2067.454385496515,1134.919921875,0.09129713771453446,3.049563627609043,accepted_saved_frame
JSCC,440_SinglePhoton,1050,440,13,1015.9371793663166,855.3572387695312,0.02085937291830469,1.1495290296861114,accepted_saved_frame
JSCC,440_SinglePhoton,1050,440,22,1331.575580483078,950.98681640625,0.044467115341077584,2.2052828652828054,accepted_saved_frame
JSCC,440_SinglePhoton,1050,440,37,2177.491361823632,1169.5494384765625,0.09575785627706715,3.1039167298027466,accepted_saved_frame
JSCC,440_SinglePhoton,1100,440,13,1045.8253081506982,874.8287353515625,0.021718101420466818,1.170032065011871,accepted_saved_frame
JSCC,440_SinglePhoton,1100,440,22,1387.7736601937163,979.2191162109375,0.04635831611118298,2.2623470008330657,accepted_saved_frame
JSCC,440_SinglePhoton,1100,440,37,2286.9746180284596,1202.746337890625,0.10016227454534067,3.1585965831314446,accepted_saved_frame
JSCC,440_SinglePhoton,1150,440,13,1074.673303936098,893.2267456054688,0.022570672903146665,1.1912448877165949,accepted_saved_frame
JSCC,440_SinglePhoton,1150,440,22,1443.1268360800786,1006.3484497070312,0.04822477923363011,2.3184569626295786,accepted_saved_frame
JSCC,440_SinglePhoton,1150,440,37,2395.609690333663,1234.4896240234375,0.10450743221369252,3.213575133376358,accepted_saved_frame
JSCC,440_SinglePhoton,1200,440,13,1102.4920108558895,910.5789184570312,0.02341771427054261,1.213128377624882,accepted_saved_frame
JSCC,440_SinglePhoton,1200,440,22,1497.5539102379507,1032.3682861328125,0.05006671772227232,2.3736212987874525,accepted_saved_frame
JSCC,440_SinglePhoton,1200,440,37,2503.1316589074877,1264.771728515625,0.10879081554329526,3.268814401773161,accepted_saved_frame
JSCC,440_SinglePhoton,1250,440,13,1129.2987848473613,926.917724609375,0.024259741586410827,1.2356395691893354,accepted_saved_frame
JSCC,440_SinglePhoton,1250,440,22,1550.987822663403,1057.280517578125,0.05188440184006709,2.4278377538269176,accepted_saved_frame
JSCC,440_SinglePhoton,1250,440,37,2609.3042536500334,1293.5966796875,0.11301028576820189,3.324264867503877,accepted_saved_frame
JSCC,440_SinglePhoton,1300,440,13,1155.1171713241692,942.2793579101562,0.02509727687056598,1.2587358369399748,accepted_saved_frame
JSCC,440_SinglePhoton,1300,440,22,1603.3746226379644,1081.0936279296875,0.05367825703069193,2.4810941501826766,accepted_saved_frame
JSCC,440_SinglePhoton,1300,440,37,2713.920509462898,1320.978759765625,0.11716411363751186,3.3798730904377816,accepted_saved_frame
JSCC,440_SinglePhoton,1350,440,13,1179.975693267839,956.7027587890625,0.025930837559594577,1.2823755169627822,accepted_saved_frame
JSCC,440_SinglePhoton,1350,440,22,1654.671899886551,1103.822509765625,0.055448667924166334,2.533370987042291,accepted_saved_frame
JSCC,440_SinglePhoton,1350,440,37,2816.8008550091477,1346.9403076171875,0.12125098467654076,3.4355832938120163,accepted_saved_frame
JSCC,440_SinglePhoton,1400,440,13,1203.9053212919341,970.228515625,0.02676079820414549,1.306510826548059,accepted_saved_frame
JSCC,440_SinglePhoton,1400,440,22,1704.8480044444245,1125.4864501953125,0.05719616261618074,2.5846477444561957,accepted_saved_frame
JSCC,440_SinglePhoton,1400,440,37,2917.7922411164004,1371.5111083984375,0.12526986744355856,3.491335949365985,accepted_saved_frame
JSCC,440_SinglePhoton,1450,440,13,1226.9403864996023,982.8983764648438,0.027587571148786835,1.3310973931107128,accepted_saved_frame
JSCC,440_SinglePhoton,1450,440,22,1753.8808524124984,1146.1090087890625,0.058921275663297,2.634899522170607,accepted_saved_frame
JSCC,440_SinglePhoton,1450,440,37,3016.766669868786,1394.7271728515625,0.12921997526671303,3.54707151412021,accepted_saved_frame
JSCC,440_SinglePhoton,1500,440,13,1249.116398810464,994.7544555664062,0.028411471775852667,1.356087173640979,accepted_saved_frame
JSCC,440_SinglePhoton,1500,440,22,1801.7566755087046,1165.7164306640625,0.06062463945525138,2.6841031104133704,accepted_saved_frame
JSCC,440_SinglePhoton,1500,440,37,3113.619401640248,1416.628173828125,0.13310096774264096,3.602730146434313,accepted_saved_frame
JSCC,440_SinglePhoton,1550,440,13,1270.47018922267,1005.8386840820312,0.029232819374030033,1.3814337036188162,accepted_saved_frame
JSCC,440_SinglePhoton,1550,440,22,1848.4691342366968,1184.3380126953125,0.062306829677783636,2.732234771724478,accepted_saved_frame
JSCC,440_SinglePhoton,1550,440,37,3208.267136873559,1437.2578125,0.13691267642302993,3.6582530296145817,accepted_saved_frame
JSCC,440_SinglePhoton,1600,440,13,1291.0394944911536,1016.1922607421875,0.030051972158653035,1.4070928473753732,accepted_saved_frame
JSCC,440_SinglePhoton,1600,440,22,1894.0181905616143,1202.0040283203125,0.06396855639386079,2.779276042162999,accepted_saved_frame
JSCC,440_SinglePhoton,1600,440,37,3300.6465113744935,1456.662353515625,0.14065519587054232,3.7135835196190548,accepted_saved_frame
JSCC,440_SinglePhoton,1650,440,13,1310.8611154386258,1025.8558349609375,0.03086910685419617,1.4330150634043635,accepted_saved_frame
JSCC,440_SinglePhoton,1650,440,22,1938.4099803012061,1218.7467041015625,0.06561050460715033,2.8252096701627387,accepted_saved_frame
JSCC,440_SinglePhoton,1650,440,37,3390.711949511805,1474.8900146484375,0.14432879859482137,3.768663892767288,accepted_saved_frame
JSCC,440_SinglePhoton,1700,440,13,1329.9722545913335,1034.86865234375,0.03168449354839366,1.4591548418663831,accepted_saved_frame
JSCC,440_SinglePhoton,1700,440,22,1981.6543893616158,1234.5986328125,0.0672333444781404,2.870021041439483,accepted_saved_frame
JSCC,440_SinglePhoton,1700,440,37,3478.43377516706,1491.989501953125,0.14793403711498657,3.8234402009558406,accepted_saved_frame
JSCC,440_SinglePhoton,1750,440,13,1348.40909129253,1043.2684326171875,0.03249836434285595,1.485466984812119,accepted_saved_frame
JSCC,440_SinglePhoton,1750,440,22,2023.7658537454522,1249.5928955078125,0.06883779340551009,2.913700621367764,accepted_saved_frame
JSCC,440_SinglePhoton,1750,440,37,3563.797319241837,1508.0108642578125,0.15147153288770732,3.8778581127443448,accepted_saved_frame
JSCC,440_SinglePhoton,1800,440,13,1366.2069282047978,1051.091796875,0.033310879672045796,1.5119053090108585,accepted_saved_frame
JSCC,440_SinglePhoton,1800,440,22,2064.7630815464086,1263.7625732421875,0.07042466548911702,2.9562450934991915,accepted_saved_frame
JSCC,440_SinglePhoton,1800,440,37,3646.799903538064,1523.0035400390625,0.15494210454432616,3.9318665322571418,accepted_saved_frame
JSCC,440_SinglePhoton,1850,440,13,1383.4003262357708,1058.37353515625,0.034122251452926716,1.538426566480408,accepted_saved_frame
JSCC,440_SinglePhoton,1850,440,22,2104.6665574426165,1277.140869140625,0.07199464125057063,2.9976513869789247,accepted_saved_frame
JSCC,440_SinglePhoton,1850,440,37,3727.450763629089,1537.016357421875,0.15834678630091373,3.985417776814975,accepted_saved_frame
JSCC,440_SinglePhoton,1900,440,13,1400.02262700338,1065.14697265625,0.034932649665970636,1.5649886994538122,accepted_saved_frame
JSCC,440_SinglePhoton,1900,440,22,2143.499336583635,1289.760498046875,0.07354843871569813,3.0379222106456445,accepted_saved_frame
JSCC,440_SinglePhoton,1900,440,37,3805.767957548538,1550.0982666015625,0.1616865014695207,4.038462179940558,accepted_saved_frame
JSCC,440_SinglePhoton,1950,440,13,1416.1059054076902,1071.4437255859375,0.03574223904016032,1.5915498939883026,accepted_saved_frame
JSCC,440_SinglePhoton,1950,440,22,2181.2862428070794,1301.6533203125,0.07508680680415118,3.077065231380546,accepted_saved_frame
JSCC,440_SinglePhoton,1950,440,37,3881.778845863993,1562.2960205078125,0.16496253625781782,4.090956728130367,accepted_saved_frame
JSCC,440_SinglePhoton,2000,440,13,1431.6804617636565,1077.2935791015625,0.03655115101366069,1.6180693189892528,accepted_saved_frame
JSCC,440_SinglePhoton,2000,440,22,2218.0540164369036,1312.8511962890625,0.07661042729887013,3.1150895044363827,accepted_saved_frame
JSCC,440_SinglePhoton,2000,440,37,3955.5174732232526,1573.65625,0.16817602130376683,4.142857233382277,accepted_saved_frame
JSCC,440_SinglePhoton,2050,440,13,1446.7758226161536,1082.7252197265625,0.037359494588985215,1.6445081275836975,accepted_saved_frame
JSCC,440_SinglePhoton,2050,440,22,2253.8310871930435,1323.3846435546875,0.07812009810265517,3.152012562320634,accepted_saved_frame
JSCC,440_SinglePhoton,2050,440,37,4027.0242847016398,1584.22314453125,0.17132835727389356,4.194125089040383,accepted_saved_frame
JSCC,440_SinglePhoton,2100,440,13,1461.4204414085832,1087.76513671875,0.03816748181678739,1.6708331302199584,accepted_saved_frame
JSCC,440_SinglePhoton,2100,440,22,2288.6456853285504,1333.283203125,0.0796165335786905,3.18785223391744,accepted_saved_frame
JSCC,440_SinglePhoton,2100,440,37,4096.343836577802,1594.0399169921875,0.17442083217556512,4.244720046211048,accepted_saved_frame
JSCC,440_SinglePhoton,2150,440,13,1475.6406922160736,1092.438720703125,0.038975180967008964,1.6970068692490436,accepted_saved_frame
JSCC,440_SinglePhoton,2150,440,22,2322.527347443917,1342.575927734375,0.08110043449280455,3.2226292565887134,accepted_saved_frame
JSCC,440_SinglePhoton,2150,440,37,4163.5261064026,1603.1480712890625,0.1774548798335254,4.2946072187267745,accepted_saved_frame
JSCC,440_SinglePhoton,2200,440,13,1489.4619462346793,1096.769775390625,0.03978270044100826,1.7229971194265699,accepted_saved_frame
JSCC,440_SinglePhoton,2200,440,22,2355.5055865753134,1351.2906494140625,0.08257249283175572,3.256366578243208,accepted_saved_frame
JSCC,440_SinglePhoton,2200,440,37,4228.623513021977,1611.5870361328125,0.1804319743494754,4.343754857612461,accepted_saved_frame
JSCC,440_SinglePhoton,2250,440,13,1502.9083341245505,1100.7803955078125,0.040590186971774904,1.7487739030330012,accepted_saved_frame
JSCC,440_SinglePhoton,2250,440,22,2387.6104725324967,1359.45458984375,0.08403336409648084,3.2890915403197667,accepted_saved_frame
JSCC,440_SinglePhoton,2250,440,37,4291.691245024427,1619.39501953125,0.1833535358892991,4.392130617850993,accepted_saved_frame
JSCC,440_SinglePhoton,2300,440,13,1516.0025798318754,1104.4918212890625,0.041397696872489176,1.7743065313883222,accepted_saved_frame
JSCC,440_SinglePhoton,2300,440,22,2418.871861261773,1367.0936279296875,0.08548371944720971,3.3208302752616325,accepted_saved_frame
JSCC,440_SinglePhoton,2300,440,37,4352.786291843821,1626.6082763671875,0.18622102984917716,4.439705403162382,accepted_saved_frame
JSCC,440_SinglePhoton,2350,440,13,1528.7664667040826,1107.9237060546875,0.04220534905362299,1.7995702984846715,accepted_saved_frame
JSCC,440_SinglePhoton,2350,440,22,2449.319519098447,1374.232666015625,0.08692421432050433,3.35161335515748,accepted_saved_frame
JSCC,440_SinglePhoton,2350,440,37,4411.966922863411,1633.2613525390625,0.18903592060719376,4.486453770083791,accepted_saved_frame
JSCC,440_SinglePhoton,2400,440,13,1541.2203050784121,1111.0947265625,0.04301319212815481,1.8245388937531777,accepted_saved_frame
JSCC,440_SinglePhoton,2400,440,22,2478.9832150269017,1380.895751953125,0.08835548805674809,3.3814727678809473,accepted_saved_frame
JSCC,440_SinglePhoton,2400,440,37,4469.292273854202,1639.386962890625,0.19179969742224642,4.532352522861316,accepted_saved_frame
JSCC,440_SinglePhoton,2450,440,13,1553.3836616077224,1114.0218505859375,0.04382138373385041,1.849192900187417,accepted_saved_frame
JSCC,440_SinglePhoton,2450,440,22,2507.891749855461,1387.10546875,0.08977818328691373,3.4104404543050792,accepted_saved_frame
JSCC,440_SinglePhoton,2450,440,37,4524.822176036898,1645.0162353515625,0.19451384793508886,4.577380007886115,accepted_saved_frame
JSCC,440_SinglePhoton,2500,440,13,1565.2750331638183,1116.7215576171875,0.0446299927862785,1.8735115596703642,accepted_saved_frame
JSCC,440_SinglePhoton,2500,440,22,2536.0741256300093,1392.8846435546875,0.0911928020397746,3.438546991076138,accepted_saved_frame
JSCC,440_SinglePhoton,2500,440,37,4578.615836876286,1650.178955078125,0.197179751174288,4.621515839100357,accepted_saved_frame
JSCC,440_SinglePhoton,2550,440,13,1576.9115250483526,1119.2091064453125,0.04543907299927927,1.897476727057865,accepted_saved_frame
JSCC,440_SinglePhoton,2550,440,22,2563.5590762569045,1398.2537841796875,0.09260004675211261,3.4658288056783046,accepted_saved_frame
JSCC,440_SinglePhoton,2550,440,37,4630.732867222701,1654.9029541015625,0.19979888688039582,4.66474486520945,accepted_saved_frame
JSCC,440_SinglePhoton,2600,440,13,1588.3095286502007,1121.49853515625,0.04624873465284388,1.9210737888436005,accepted_saved_frame
JSCC,440_SinglePhoton,2600,440,22,2590.3734302841485,1403.2332763671875,0.0940003802417049,3.492316232975474,accepted_saved_frame
JSCC,440_SinglePhoton,2600,440,37,4681.23164971532,1659.2144775390625,0.202372683184026,4.707051789159642,accepted_saved_frame
JSCC,440_SinglePhoton,2650,440,13,1599.4844049286523,1123.603271484375,0.04705903127529644,1.9442886141774305,accepted_saved_frame
JSCC,440_SinglePhoton,2650,440,22,2616.5446256404393,1407.84228515625,0.09539439287327091,3.5180452290998856,accepted_saved_frame
JSCC,440_SinglePhoton,2650,440,37,4730.169752129224,1663.138427734375,0.2049025219929087,4.7484227959188905,accepted_saved_frame
JSCC,440_SinglePhoton,2700,440,13,1610.450387246248,1125.5357666015625,0.04787000457261094,1.9671090426350697,accepted_saved_frame
JSCC,440_SinglePhoton,2700,440,22,2642.0994251183606,1412.0994873046875,0.09678259994126487,3.5430474650679407,accepted_saved_frame
JSCC,440_SinglePhoton,2700,440,37,4777.6048002862,1666.6988525390625,0.20738972483827725,4.788849291993815,accepted_saved_frame
JSCC,440_SinglePhoton,2750,440,13,1621.2216103400756,1127.307861328125,0.04868173755225734,1.9895253293743684,accepted_saved_frame
JSCC,440_SinglePhoton,2750,440,22,2667.063613547175,1416.0224609375,0.09816551385784937,3.5673567930319203,accepted_saved_frame
JSCC,440_SinglePhoton,2750,440,37,4823.592141203614,1669.917724609375,0.20983564839545496,4.8283230349719775,accepted_saved_frame
JSCC,440_SinglePhoton,2800,440,13,1631.8110858599637,1128.930419921875,0.04949430767623683,2.0115313807157356,accepted_saved_frame
JSCC,440_SinglePhoton,2800,440,22,2691.4618153438446,1419.627685546875,0.09954363721522975,3.5910057880416737,accepted_saved_frame
JSCC,440_SinglePhoton,2800,440,37,4868.1857614810915,1672.81591796875,0.21224158014631353,4.866836017110797,accepted_saved_frame
JSCC,440_SinglePhoton,2850,440,13,1642.2311536988404,1130.4134521484375,0.0503078173720572,2.0331217234362358,accepted_saved_frame
JSCC,440_SinglePhoton,2850,440,22,2715.3185421291073,1422.9315185546875,0.10091740628585748,3.6140267684052736,accepted_saved_frame
JSCC,440_SinglePhoton,2850,440,37,4911.4392996079505,1675.4132080078125,0.21460882181403987,4.90438602452317,accepted_saved_frame
JSCC,440_SinglePhoton,2900,440,13,1652.4926126035252,1131.766845703125,0.051122206631299245,2.05428896883718,accepted_saved_frame
JSCC,440_SinglePhoton,2900,440,22,2738.657753516609,1425.94921875,0.10228730584867228,3.6364497585285065,accepted_saved_frame
JSCC,440_SinglePhoton,2900,440,37,4953.403862325251,1677.7281494140625,0.21693858342208516,4.9409698184921425,accepted_saved_frame
JSCC,440_SinglePhoton,2950,440,13,1662.6070705835182,1132.99951171875,0.05193760783624682,2.0750331164715576,accepted_saved_frame
JSCC,440_SinglePhoton,2950,440,22,2761.5019773088284,1428.6953125,0.10365375187244702,3.65830655928785,accepted_saved_frame
JSCC,440_SinglePhoton,2950,440,37,4994.129353446795,1679.7781982421875,0.2192320628119519,4.976586241903065,accepted_saved_frame
JSCC,440_SinglePhoton,3000,440,13,1672.5845767334747,1134.1195068359375,0.05275409853213328,2.095353318800464,accepted_saved_frame
JSCC,440_SinglePhoton,3000,440,22,2783.872957578375,1431.183837890625,0.10501711037901124,3.679622538004424,accepted_saved_frame
JSCC,440_SinglePhoton,3000,440,37,5033.6644273584625,1681.5799560546875,0.2214904077583755,5.011236570220894,accepted_saved_frame
JSCC,440_SinglePhoton,3050,440,13,1682.4345468900765,1135.134765625,0.053571689149832714,2.115248069505334,accepted_saved_frame
JSCC,440_SinglePhoton,3050,440,22,2805.7927215257173,1433.427734375,0.10637787655112457,3.700430222448387,accepted_saved_frame
JSCC,440_SinglePhoton,3050,440,37,5072.055724003929,1683.14892578125,0.22371472543806112,5.044923142224112,accepted_saved_frame
JSCC,440_SinglePhoton,3100,440,13,1692.1666086340977,1136.052978515625,0.05439042413957908,2.134720181740559,accepted_saved_frame
JSCC,440_SinglePhoton,3100,440,22,2827.2820543446082,1435.43994140625,0.10773639439648955,3.7207567132766552,accepted_saved_frame
JSCC,440_SinglePhoton,3100,440,37,5109.348356024125,1684.4996337890625,0.2259061024899332,5.077649288643191,accepted_saved_frame
JSCC,440_SinglePhoton,3150,440,13,1701.7890894671964,1136.8804931640625,0.05521039562986095,2.1537727225527936,accepted_saved_frame
JSCC,440_SinglePhoton,3150,440,22,2848.3606211537035,1437.232421875,0.10909301777198205,3.7406268704380268,accepted_saved_frame
JSCC,440_SinglePhoton,3150,440,37,5145.586342115201,1685.6455078125,0.2280656690249016,5.1094222581686015,accepted_saved_frame
JSCC,440_SinglePhoton,3200,440,13,1711.3105707685643,1137.6241455078125,0.056031630826216317,2.17240925311046,accepted_saved_frame
JSCC,440_SinglePhoton,3200,440,22,2869.047489110204,1438.8165283203125,0.11044809958111555,3.7600656640770542,accepted_saved_frame
JSCC,440_SinglePhoton,3200,440,37,5180.811797421407,1686.599609375,0.23019440803481186,5.140248429683243,accepted_saved_frame
JSCC,440_SinglePhoton,3250,440,13,1720.7379088469274,1138.28955078125,0.05685414944299754,2.190633392520579,accepted_saved_frame
JSCC,440_SinglePhoton,3250,440,22,2889.361561428903,1440.203125,0.111802009905829,3.779099966073772,accepted_saved_frame
JSCC,440_SinglePhoton,3250,440,37,5215.0646048376175,1687.3740234375,0.23229326439259776,5.170134894555391,accepted_saved_frame
JSCC,440_SinglePhoton,3300,440,13,1730.0789549480005,1138.8826904296875,0.057677998258613083,2.2084513935217336,accepted_saved_frame
JSCC,440_SinglePhoton,3300,440,22,2909.3205088970967,1441.402587890625,0.11315505646595773,3.7977516102726323,accepted_saved_frame
JSCC,440_SinglePhoton,3300,440,37,5248.383143955346,1687.9801025390625,0.23436315235000693,5.199091319286567,accepted_saved_frame
JSCC,440_SinglePhoton,3350,440,13,1739.3404584764405,1139.408447265625,0.05850326326501013,2.225870495580432,accepted_saved_frame
JSCC,440_SinglePhoton,3350,440,22,2928.9413627829085,1442.4251708984375,0.11450747608769435,3.816041451556714,accepted_saved_frame
JSCC,440_SinglePhoton,3350,440,37,5280.804808779993,1688.4285888671875,0.23640497202872382,5.227127013324628,accepted_saved_frame
JSCC,440_SinglePhoton,3400,440,13,1748.5284375816643,1139.8720703125,0.059329890619733115,2.2428944111063465,accepted_saved_frame
JSCC,440_SinglePhoton,3400,440,22,2948.2399573636008,1443.27978515625,0.11585958497563577,3.833989668918709,accepted_saved_frame
JSCC,440_SinglePhoton,3400,440,37,5312.365696299983,1688.729248046875,0.23841967117806867,5.25425441004827,accepted_saved_frame
JSCC,440_SinglePhoton,3450,440,13,1757.6495238831542,1140.2779541015625,0.0601579999333511,2.2595343823531864,accepted_saved_frame
JSCC,440_SinglePhoton,3450,440,22,2967.2334570686053,1443.9755859375,0.1172117286596898,3.8516196821856985,accepted_saved_frame
JSCC,440_SinglePhoton,3450,440,37,5343.10022356796,1688.891845703125,0.24040802501894717,5.2804849343016915,accepted_saved_frame
JSCC,440_SinglePhoton,3500,440,13,1766.7090111178436,1140.6304931640625,0.06098756800694839,2.2757965406592056,accepted_saved_frame
JSCC,440_SinglePhoton,3500,440,22,2985.9365215789835,1444.521240234375,0.11856410264071776,3.8689494162079123,accepted_saved_frame
JSCC,440_SinglePhoton,3500,440,37,5373.041124321541,1688.9249267578125,0.24237089386770996,5.305831849840033,accepted_saved_frame
JSCC,440_SinglePhoton,3550,440,13,1775.7125517850939,1140.93359375,0.061818668258695614,2.2916897140322123,accepted_saved_frame
JSCC,440_SinglePhoton,3550,440,22,3004.3642311922586,1444.9248046875,0.1199169997132769,3.8859973588534986,accepted_saved_frame
JSCC,440_SinglePhoton,3550,440,37,5402.219233295153,1688.8370361328125,0.2443089611841503,5.330307389399968,accepted_saved_frame
JSCC,440_SinglePhoton,3600,440,13,1784.6654457466673,1141.1912841796875,0.06265131013017805,2.307222102538349,accepted_saved_frame
JSCC,440_SinglePhoton,3600,440,22,3022.5300439985713,1445.1934814453125,0.12127069510872632,3.902781032733706,accepted_saved_frame
JSCC,440_SinglePhoton,3600,440,37,5430.665429607303,1688.6358642578125,0.24622304406601817,5.353927367239366,accepted_saved_frame
JSCC,440_SinglePhoton,3650,440,13,1793.5723618498796,1141.40673828125,0.06348556095988786,2.3224038264377582,accepted_saved_frame
JSCC,440_SinglePhoton,3650,440,22,3040.4474415645477,1445.3353271484375,0.12262530089072238,3.9193142861717924,accepted_saved_frame
JSCC,440_SinglePhoton,3650,440,37,5458.408271507502,1688.32861328125,0.24811386628625176,5.376707352019859,accepted_saved_frame
JSCC,440_SinglePhoton,3700,440,13,1802.4373038932913,1141.5833740234375,0.06432137687078493,2.3372426398215773,accepted_saved_frame
JSCC,440_SinglePhoton,3700,440,22,3058.1294745214236,1445.3568115234375,0.12398112433320484,3.9356151982967207,accepted_saved_frame
JSCC,440_SinglePhoton,3700,440,37,5485.475119376917,1687.922607421875,0.2499820058400667,5.398660237916844,accepted_saved_frame
JSCC,440_SinglePhoton,3750,440,13,1811.2649316828033,1141.7244873046875,0.06515878702426961,2.3517471907968592,accepted_saved_frame
JSCC,440_SinglePhoton,3750,440,22,3075.588905781765,1445.264892578125,0.12533834697599572,3.951697510704626,accepted_saved_frame
JSCC,440_SinglePhoton,3750,440,37,5511.892021522415,1687.423828125,0.25182820302452913,5.419802932625115,accepted_saved_frame
JSCC,440_SinglePhoton,3800,440,13,1820.0594066920646,1141.8326416015625,0.06599787631644556,2.365928561024605,accepted_saved_frame
JSCC,440_SinglePhoton,3800,440,22,3092.8367079058808,1445.0657958984375,0.12669710777832538,3.967573863252315,accepted_saved_frame
JSCC,440_SinglePhoton,3800,440,37,5537.68440428336,1686.838623046875,0.2536530451845307,5.440151232326377,accepted_saved_frame
JSCC,440_SinglePhoton,3850,440,13,1828.8245620545254,1141.9107666015625,0.06683863335265339,2.379796006316862,accepted_saved_frame
JSCC,440_SinglePhoton,3850,440,22,3109.884885975491,1444.7655029296875,0.12805764285463506,3.983258269545013,accepted_saved_frame
JSCC,440_SinglePhoton,3850,440,37,5562.876231496709,1686.1727294921875,0.2554571225249161,5.459720550968903,accepted_saved_frame
JSCC,440_SinglePhoton,3900,440,13,1837.564017050627,1141.9613037109375,0.06768109402649308,2.3933591109955916,accepted_saved_frame
JSCC,440_SinglePhoton,3900,440,22,3126.7445333174837,1444.3697509765625,0.12942013722236057,3.9987617305193166,accepted_saved_frame
JSCC,440_SinglePhoton,3900,440,37,5587.490799388075,1685.431396484375,0.2572410581543408,5.478529743359808,accepted_saved_frame
JSCC,440_SinglePhoton,3950,440,13,1846.28103188429,1141.9864501953125,0.06852529074019545,2.4066276801652076,accepted_saved_frame
JSCC,440_SinglePhoton,3950,440,22,3143.42538337956,1443.8839111328125,0.13078471191814525,4.014097052107648,accepted_saved_frame
JSCC,440_SinglePhoton,3950,440,37,5611.549415291766,1684.619873046875,0.2590053172676397,5.496592043270638,accepted_saved_frame
JSCC,440_SinglePhoton,4000,440,13,1854.9787635347507,1141.988525390625,0.06937122029704404,2.4196103690992135,accepted_saved_frame
JSCC,440_SinglePhoton,4000,440,22,3159.9384611950663,1443.3131103515625,0.13215160918704816,4.029276164685036,accepted_saved_frame
JSCC,440_SinglePhoton,4000,440,37,5635.07308725875,1683.742919921875,0.26075042695949324,5.513926626358144,accepted_saved_frame
JSCC,440_SinglePhoton,4050,440,13,1863.6603816123027,1141.9698486328125,0.0702188740742354,2.432316011262451,accepted_saved_frame
JSCC,440_SinglePhoton,4050,440,22,3176.292005104651,1442.6622314453125,0.13352087980678176,4.044306328371594,accepted_saved_frame
JSCC,440_SinglePhoton,4050,440,37,5658.081218646665,1682.8048095703125,0.26247689350201253,5.5305493054056,accepted_saved_frame
JSCC,440_SinglePhoton,4100,440,13,1872.3287992696512,1141.9320068359375,0.07106832865134077,2.4447546638083084,accepted_saved_frame
JSCC,440_SinglePhoton,4100,440,22,3192.4957421020636,1441.9361572265625,0.13489267161164664,4.059197651677172,accepted_saved_frame
JSCC,440_SinglePhoton,4100,440,37,5680.59392624746,1681.809814453125,0.2641852496855612,5.546477931293751,accepted_saved_frame
JSCC,440_SinglePhoton,4150,440,13,1880.9864737523476,1141.876953125,0.07191955301747416,2.4569347334959977,accepted_saved_frame
JSCC,440_SinglePhoton,4150,440,22,3208.558339725027,1441.1392822265625,0.1362671170646323,4.073959979315314,accepted_saved_frame
JSCC,440_SinglePhoton,4150,440,37,5702.628404453226,1680.7620849609375,0.26587584257026414,5.561727538585349,accepted_saved_frame
JSCC,440_SinglePhoton,4200,440,13,1889.6356637313554,1141.8065185546875,0.07277251083399928,2.4688630311143993,accepted_saved_frame
JSCC,440_SinglePhoton,4200,440,22,3224.4881394479767,1440.275634765625,0.13764437102753252,4.088601760381972,accepted_saved_frame
JSCC,440_SinglePhoton,4200,440,37,5724.202005927634,1679.6649169921875,0.26754920301988216,5.576315676920788,accepted_saved_frame
JSCC,440_SinglePhoton,4250,440,13,1898.2791405908984,1141.721923828125,0.07362730908397287,2.4805507089166583,accepted_saved_frame
JSCC,440_SinglePhoton,4250,440,22,3240.2927537723626,1439.3494873046875,0.13902447539687643,4.103129478050342,accepted_saved_frame
JSCC,440_SinglePhoton,4250,440,37,5745.331563076254,1678.522216796875,0.26920567426533837,5.5902594559468675,accepted_saved_frame
JSCC,440_SinglePhoton,4300,440,13,1906.918812293775,1141.6248779296875,0.07448388784938922,2.4920048181491845,accepted_saved_frame
JSCC,440_SinglePhoton,4300,440,22,3255.9795061309956,1438.364501953125,0.14040754093430183,4.117549799582716,accepted_saved_frame
JSCC,440_SinglePhoton,4300,440,37,5766.032616152415,1677.337158203125,0.27084566338134114,5.603574485119119,accepted_saved_frame
JSCC,440_SinglePhoton,4350,440,13,1915.5574105137784,1141.5164794921875,0.07534236205643537,2.5032362273863136,accepted_saved_frame
JSCC,440_SinglePhoton,4350,440,22,3271.556469881901,1437.3243408203125,0.14179372331468132,4.131871672522052,accepted_saved_frame
JSCC,440_SinglePhoton,4350,440,37,5786.320456523512,1676.1126708984375,0.2724696029614433,5.616277998111931,accepted_saved_frame
JSCC,440_SinglePhoton,4400,440,13,1924.1960191213127,1141.398193359375,0.07620262297750593,2.514249627756143,accepted_saved_frame
JSCC,440_SinglePhoton,4400,440,22,3287.0301518110123,1436.2322998046875,0.14318310889293187,4.146100494408481,accepted_saved_frame
JSCC,440_SinglePhoton,4400,440,37,5806.209247472117,1674.85205078125,0.27407775409600155,5.62838542265704,accepted_saved_frame
JSCC,440_SinglePhoton,4450,440,13,1932.8366970909888,1141.2713623046875,0.07706467258368299,2.5250524436599555,accepted_saved_frame
JSCC,440_SinglePhoton,4450,440,22,3302.406625623722,1435.0919189453125,0.14457569519702876,4.1602421993251575,accepted_saved_frame
JSCC,440_SinglePhoton,4450,440,37,5825.711988861733,1673.5579833984375,0.27567042769239974,5.639911227818707,accepted_saved_frame
JSCC,440_SinglePhoton,4500,440,13,1941.4817806300687,1141.136962890625,0.07792859653392258,2.5356545084849187,accepted_saved_frame
JSCC,440_SinglePhoton,4500,440,22,3317.6930049254197,1433.906005859375,0.14597167855326015,4.174303349501799,accepted_saved_frame
JSCC,440_SinglePhoton,4500,440,37,5844.842361506508,1672.232666015625,0.2772480821126687,5.650873610244721,accepted_saved_frame
JSCC,440_SinglePhoton,4550,440,13,1950.1324711922139,1140.9959716796875,0.07879436714315642,2.5460621484685344,accepted_saved_frame
JSCC,440_SinglePhoton,4550,440,22,3332.894446627405,1432.677734375,0.147371027820415,4.18828711462455,accepted_saved_frame
JSCC,440_SinglePhoton,4550,440,37,5863.611790721367,1670.8790283203125,0.27881084622305324,5.661284651885674,accepted_saved_frame
JSCC,440_SinglePhoton,4600,440,13,1958.7907459754713,1140.849365234375,0.07966202936811803,2.556284272164823,accepted_saved_frame
JSCC,440_SinglePhoton,4600,440,22,3348.0179715571917,1431.4100341796875,0.14877388896357044,4.202200862995953,accepted_saved_frame
JSCC,440_SinglePhoton,4600,440,37,5882.033310999667,1669.4989013671875,0.280359201473418,5.671162723431724,accepted_saved_frame
JSCC,440_SinglePhoton,4650,440,13,1967.458129344366,1140.697998046875,0.08053160167557111,2.566326903989999,accepted_saved_frame
JSCC,440_SinglePhoton,4650,440,22,3363.0674657892446,1430.1051025390625,0.1501802878231605,4.216047054032151,accepted_saved_frame
JSCC,440_SinglePhoton,4650,440,37,5900.117604614669,1668.0946044921875,0.28189335096766643,5.680521712323467,accepted_saved_frame
JSCC,440_SinglePhoton,4700,440,13,1976.1356944676775,1140.5428466796875,0.08140303542695008,2.5761956477263643,accepted_saved_frame
JSCC,440_SinglePhoton,4700,440,22,3378.0486910201225,1428.7659912109375,0.1515902309949992,4.229829124889924,accepted_saved_frame
JSCC,440_SinglePhoton,4700,440,37,5917.875285631405,1666.66845703125,0.283413484125265,5.689374330946602,accepted_saved_frame
JSCC,440_SinglePhoton,4750,440,13,1984.8247897052256,1140.3846435546875,0.08227634722715016,2.5858964127171724,accepted_saved_frame
JSCC,440_SinglePhoton,4750,440,22,3392.966086542655,1427.394775390625,0.153003791323573,4.243551293798114,accepted_saved_frame
JSCC,440_SinglePhoton,4750,440,37,5935.317199460421,1665.2222900390625,0.2849199129592343,5.697736891361121,accepted_saved_frame
JSCC,440_SinglePhoton,4800,440,13,1993.5260332609182,1140.2239990234375,0.08315150112495484,2.5954360443679074,accepted_saved_frame
JSCC,440_SinglePhoton,4800,440,22,3407.824980954368,1425.99365234375,0.15442108076344585,4.25721928583092,accepted_saved_frame
JSCC,440_SinglePhoton,4800,440,37,5952.452598694112,1663.7576904296875,0.2864128948673751,5.705621888057875,accepted_saved_frame
JSCC,440_SinglePhoton,4850,440,13,2002.240429359945,1140.0615234375,0.08402849692247928,2.60481886088626,accepted_saved_frame
JSCC,440_SinglePhoton,4850,440,22,3422.6295160467816,1424.5650634765625,0.15584206512470292,4.270834205969588,accepted_saved_frame
JSCC,440_SinglePhoton,4850,440,37,5969.290902034112,1662.2763671875,0.2878926633290291,5.713043588772584,accepted_saved_frame
JSCC,440_SinglePhoton,4900,440,13,2010.9700625531268,1139.8980712890625,0.0849073958846753,2.6140530483355335,accepted_saved_frame
JSCC,440_SinglePhoton,4900,440,22,3437.3840641691513,1423.111083984375,0.15726678783416523,4.284400560880664,accepted_saved_frame
JSCC,440_SinglePhoton,4900,440,37,5985.841059196144,1660.780029296875,0.2893594143584025,5.7200150329307915,accepted_saved_frame
JSCC,440_SinglePhoton,4950,440,13,2019.714783264508,1139.734130859375,0.0857881021526403,2.6231408234948956,accepted_saved_frame
JSCC,440_SinglePhoton,4950,440,22,3452.0916845873257,1421.6334228515625,0.15869525146198832,4.297918502826292,accepted_saved_frame
JSCC,440_SinglePhoton,4950,440,37,6002.111166860105,1659.2703857421875,0.29081328077389845,5.726547539646541,accepted_saved_frame
JSCC,440_SinglePhoton,5000,440,13,2028.4763543679858,1139.5701904296875,0.08667070477813962,2.6320902948483598,accepted_saved_frame
JSCC,440_SinglePhoton,5000,440,22,3466.7572535396507,1420.13427734375,0.1601275009965919,4.311392297836637,accepted_saved_frame
JSCC,440_SinglePhoton,5000,440,37,6018.110170555648,1657.74853515625,0.2922545946390017,5.732655610015959,accepted_saved_frame
JSCC,440_SinglePhoton,5050,440,13,2037.255289047962,1139.40673828125,0.08755516948730326,2.640905731115673,accepted_saved_frame
JSCC,440_SinglePhoton,5050,440,22,3481.3838238657613,1418.6148681640625,0.1615636179889633,4.3248248589489,accepted_saved_frame
JSCC,440_SinglePhoton,5050,440,37,6033.845367838451,1656.216064453125,0.2936834549375724,5.7383507963352285,accepted_saved_frame
JSCC,440_SinglePhoton,5100,440,13,2046.052481394878,1139.244140625,0.088441518999157,2.6495920976302965,accepted_saved_frame
JSCC,440_SinglePhoton,5100,440,22,3495.9753285653483,1417.077392578125,0.16300355983655368,4.33821824891025,accepted_saved_frame
JSCC,440_SinglePhoton,5100,440,37,6049.3241185610395,1654.674072265625,0.29510007908674923,5.743645255773888,accepted_saved_frame
JSCC,440_SinglePhoton,5150,440,13,2054.8680281944953,1139.0830078125,0.08932965416538313,2.6581519498194623,accepted_saved_frame
JSCC,440_SinglePhoton,5150,440,22,3510.534157634955,1415.5230712890625,0.1644473441058118,4.351574371223456,accepted_saved_frame
JSCC,440_SinglePhoton,5150,440,37,6064.5541357204,1653.1239013671875,0.29650464464445603,5.748549793172343,accepted_saved_frame
JSCC,440_SinglePhoton,5200,440,13,2063.7036237136513,1138.9234619140625,0.09021971602760666,2.666592896527743,accepted_saved_frame
JSCC,440_SinglePhoton,5200,440,22,3525.0643871985244,1413.95361328125,0.1658950205758469,4.364893957233924,accepted_saved_frame
JSCC,440_SinglePhoton,5200,440,37,6079.540890003106,1651.5665283203125,0.2978972647250623,5.753074944982295,accepted_saved_frame
JSCC,440_SinglePhoton,5250,440,13,2072.5599081876894,1138.76611328125,0.09111165575673426,2.6749188959943475,accepted_saved_frame
JSCC,440_SinglePhoton,5250,440,22,3539.567747035472,1412.3704833984375,0.16734649604578924,4.378178822001966,accepted_saved_frame
JSCC,440_SinglePhoton,5250,440,37,6094.291759179306,1650.0030517578125,0.29927814730651014,5.757233457870232,accepted_saved_frame
JSCC,440_SinglePhoton,5300,440,13,2081.436715685342,1138.611083984375,0.09200543099909542,2.683132240659567,accepted_saved_frame
JSCC,440_SinglePhoton,5300,440,22,3554.0474594802754,1410.7747802734375,0.1688018613109904,4.3914304285790715,accepted_saved_frame
JSCC,440_SinglePhoton,5300,440,37,6108.812311804061,1648.434814453125,0.3006473142646384,5.761033480167768,accepted_saved_frame
JSCC,440_SinglePhoton,5350,440,13,2090.335297533879,1138.4588623046875,0.09290107166866893,2.691238166241811,accepted_saved_frame
JSCC,440_SinglePhoton,5350,440,22,3568.50657655889,1409.16796875,0.17026111670107857,4.404651529240808,accepted_saved_frame
JSCC,440_SinglePhoton,5350,440,37,6123.109104722534,1646.8623046875,0.3020050638986632,5.7644868115231835,accepted_saved_frame
JSCC,440_SinglePhoton,5400,440,13,2099.2556615183403,1138.3094482421875,0.09379857264648764,2.6992403754825487,accepted_saved_frame
JSCC,440_SinglePhoton,5400,440,22,3582.947191469273,1407.55126953125,0.17172423003363096,4.417842800912726,accepted_saved_frame
JSCC,440_SinglePhoton,5400,440,37,6137.187777251984,1645.28662109375,0.30335147813347885,5.767604072509087,accepted_saved_frame
JSCC,440_SinglePhoton,5450,440,13,2108.197898142611,1138.1634521484375,0.09469782649145109,2.7071391953618056,accepted_saved_frame
JSCC,440_SinglePhoton,5450,440,22,3597.3711385670586,1405.925537109375,0.1731912176644513,4.431004818715462,accepted_saved_frame
JSCC,440_SinglePhoton,5450,440,37,6151.0535603836615,1643.708740234375,0.3046866387388605,5.770391803446725,accepted_saved_frame
JSCC,440_SinglePhoton,5500,440,13,2117.1626403954424,1138.020751953125,0.09559890975058309,2.714941021012261,accepted_saved_frame
JSCC,440_SinglePhoton,5500,440,22,3611.7810205703177,1404.29248046875,0.17466197951430815,4.444137937939717,accepted_saved_frame
JSCC,440_SinglePhoton,5500,440,37,6164.711738787889,1642.1290283203125,0.30601078318794195,5.772863172842157,accepted_saved_frame
JSCC,440_SinglePhoton,5550,440,13,2126.1503351425736,1137.8817138671875,0.0965017921001327,2.722647978989997,accepted_saved_frame
JSCC,440_SinglePhoton,5550,440,22,3626.1789359381805,1402.65234375,0.17613666803751146,4.457244397289378,accepted_saved_frame
JSCC,440_SinglePhoton,5550,440,37,6178.166419946987,1640.548828125,0.3073238197980961,5.7750239873584075,accepted_saved_frame
JSCC,440_SinglePhoton,5600,440,13,2135.1616012609697,1137.7462158203125,0.0974065482922523,2.7302646484901447,accepted_saved_frame
JSCC,440_SinglePhoton,5600,440,22,3640.5663164402026,1401.0067138671875,0.17761510589380058,4.470323984586756,accepted_saved_frame
JSCC,440_SinglePhoton,5600,440,37,6191.423518099048,1638.96826171875,0.30862608729810426,5.776885181049119,accepted_saved_frame
JSCC,440_SinglePhoton,5650,440,13,2144.1967526873864,1137.614990234375,0.09831306638047417,2.737792588069855,accepted_saved_frame
JSCC,440_SinglePhoton,5650,440,22,3654.9448867888004,1399.3560791015625,0.17909735940320715,4.483377065472764,accepted_saved_frame
JSCC,440_SinglePhoton,5650,440,37,6204.486787562032,1637.3885498046875,0.3099174962542317,5.778452111076283,accepted_saved_frame
JSCC,440_SinglePhoton,5700,440,13,2153.256144101031,1137.48779296875,0.09922141654922328,2.745236542808313,accepted_saved_frame
JSCC,440_SinglePhoton,5700,440,22,3669.316491427376,1397.70166015625,0.18058334987653796,4.496404375230813,accepted_saved_frame
JSCC,440_SinglePhoton,5700,440,37,6217.3611198186445,1635.8099365234375,0.31119828240575226,5.779735864381624,accepted_saved_frame
JSCC,440_SinglePhoton,5750,440,13,2162.338741011533,1137.3646240234375,0.10013148870043492,2.7525952002659553,accepted_saved_frame
JSCC,440_SinglePhoton,5750,440,22,3683.6833400301566,1396.0439453125,0.18207317600717118,4.5094082361556245,accepted_saved_frame
JSCC,440_SinglePhoton,5750,440,37,6230.050310466453,1634.2330322265625,0.31246851224953276,5.7807437967665125,accepted_saved_frame
JSCC,440_SinglePhoton,5800,440,13,2171.4461079201174,1137.2459716796875,0.10104333548811383,2.7598744972805256,accepted_saved_frame
JSCC,440_SinglePhoton,5800,440,22,3698.046362169691,1394.384033203125,0.1835667039361445,4.522387193335259,accepted_saved_frame
JSCC,440_SinglePhoton,5800,440,37,6242.558761726296,1632.65869140625,0.3137282284537188,5.781482757851487,accepted_saved_frame
JSCC,440_SinglePhoton,5850,440,13,2180.5790043055977,1137.1314697265625,0.10195708943056954,2.7670792596802585,accepted_saved_frame
JSCC,440_SinglePhoton,5850,440,22,3712.4068135557854,1392.7225341796875,0.18506392435178454,4.53534219218741,accepted_saved_frame
JSCC,440_SinglePhoton,5850,440,37,6254.889087676516,1631.087158203125,0.31497750893181153,5.781958495096284,accepted_saved_frame
JSCC,440_SinglePhoton,5900,440,13,2189.73628845944,1137.021728515625,0.10287251466240936,2.774206622790141,accepted_saved_frame
JSCC,440_SinglePhoton,5900,440,22,3726.766504901157,1391.0599365234375,0.18656489575177712,4.548273841464358,accepted_saved_frame
JSCC,440_SinglePhoton,5900,440,37,6267.046830212017,1629.5189208984375,0.31621656686779626,5.782181804235647,accepted_saved_frame
JSCC,440_SinglePhoton,5950,440,13,2198.917786912124,1136.9163818359375,0.1037896524360261,2.7812597887737738,accepted_saved_frame
JSCC,440_SinglePhoton,5950,440,22,3741.1267827517554,1389.397216796875,0.18806953256211928,4.561184366292766,accepted_saved_frame
JSCC,440_SinglePhoton,5950,440,37,6279.034182131761,1627.9547119140625,0.31744532204729226,5.782155825570259,accepted_saved_frame
JSCC,440_SinglePhoton,6000,440,13,2208.1246923451213,1136.8157958984375,0.10470853963929594,2.7882424444679055,accepted_saved_frame
JSCC,440_SinglePhoton,6000,440,22,3755.4881280842123,1387.7347412109375,0.1895778075160237,4.574071422191246,accepted_saved_frame
JSCC,440_SinglePhoton,6000,440,37,6290.855380273102,1626.394775390625,0.3186639605491965,5.781889434463667,accepted_saved_frame
JSCC,440_SinglePhoton,6050,440,13,2217.357049763586,1136.7196044921875,0.10562923941653796,2.79515822506595,accepted_saved_frame
JSCC,440_SinglePhoton,6050,440,22,3769.8513530516802,1386.072998046875,0.1910896915533472,4.586934947865747,accepted_saved_frame
JSCC,440_SinglePhoton,6050,440,37,6302.513593493117,1624.83935546875,0.31987259556054215,5.781390526468701,accepted_saved_frame
JSCC,440_SinglePhoton,6100,440,13,2226.6139908327686,1136.6282958984375,0.10655156315956416,2.802005273128412,accepted_saved_frame
JSCC,440_SinglePhoton,6100,440,22,3784.2174433520518,1384.4127197265625,0.19260511370076586,4.599774727266837,accepted_saved_frame
JSCC,440_SinglePhoton,6100,440,37,6314.011155871466,1623.2891845703125,0.32107115300132605,5.780660498129541,accepted_saved_frame
JSCC,440_SinglePhoton,6150,440,13,2235.896425459977,1136.541748046875,0.10747561180438835,2.8087867957584076,accepted_saved_frame
JSCC,440_SinglePhoton,6150,440,22,3798.5875001423938,1382.754638671875,0.19412400869220392,4.61259182295334,accepted_saved_frame
JSCC,440_SinglePhoton,6150,440,37,6325.353202051836,1621.7445068359375,0.32225987888620783,5.779711714803774,accepted_saved_frame
JSCC,440_SinglePhoton,6200,440,13,2245.2034941948286,1136.459716796875,0.10840133726115704,2.8155045760774122,accepted_saved_frame
JSCC,440_SinglePhoton,6200,440,22,3812.9616760614513,1381.09912109375,0.19564631272661925,4.625384017597936,accepted_saved_frame
JSCC,440_SinglePhoton,6200,440,37,6336.540217398869,1620.2056884765625,0.323438668069975,5.778543641955342,accepted_saved_frame
JSCC,440_SinglePhoton,6250,440,13,2254.536108021525,1136.3826904296875,0.10932872320884972,2.822160175262847,accepted_saved_frame
JSCC,440_SinglePhoton,6250,440,22,3827.3422006815968,1379.4462890625,0.1971721818971241,4.638156175733095,accepted_saved_frame
JSCC,440_SinglePhoton,6250,440,37,6347.575678787755,1618.6732177734375,0.3246075866394625,5.777164864961734,accepted_saved_frame
JSCC,440_SinglePhoton,6300,440,13,2263.8941628179705,1136.3104248046875,0.11025779511176324,2.8287565735345024,accepted_saved_frame
JSCC,440_SinglePhoton,6300,440,22,3841.728916223113,1377.796630859375,0.1987014975922427,4.650905745193769,accepted_saved_frame
JSCC,440_SinglePhoton,6300,440,37,6358.463108404989,1617.14697265625,0.3257668677490481,5.775580377418319,accepted_saved_frame
JSCC,440_SinglePhoton,6350,440,13,2273.2782281259692,1136.2427978515625,0.11118862119026973,2.8352965646391124,accepted_saved_frame
JSCC,440_SinglePhoton,6350,440,22,3856.122073798374,1376.15087890625,0.20023411619445378,4.663631031984025,accepted_saved_frame
JSCC,440_SinglePhoton,6350,440,37,6369.20494381251,1615.62744140625,0.3269165059398927,5.773797343803129,accepted_saved_frame
JSCC,440_SinglePhoton,6400,440,13,2282.687194229684,1136.1798095703125,0.1121210818336702,2.8417788461857767,accepted_saved_frame
JSCC,440_SinglePhoton,6400,440,22,3870.5216909939368,1374.5091552734375,0.20177001013572374,4.676331588637373,accepted_saved_frame
JSCC,440_SinglePhoton,6400,440,37,6379.803777130119,1614.1151123046875,0.32805650521561225,5.771817914624501,accepted_saved_frame
JSCC,440_SinglePhoton,6450,440,13,2292.1207364683005,1136.1214599609375,0.11305513414101857,2.8482040905190633,accepted_saved_frame
JSCC,440_SinglePhoton,6450,440,22,3884.929173800534,1372.871826171875,0.2033092075668448,4.6890096307638265,accepted_saved_frame
JSCC,440_SinglePhoton,6450,440,37,6390.262604535035,1612.6099853515625,0.3291870296243118,5.769649128527816,accepted_saved_frame
JSCC,440_SinglePhoton,6500,440,13,2301.5793051850246,1136.06787109375,0.11399078677395272,2.8545754158970214,accepted_saved_frame
JSCC,440_SinglePhoton,6500,440,22,3899.344723529697,1371.2392578125,0.20485163745240476,4.701663492188832,accepted_saved_frame
JSCC,440_SinglePhoton,6500,440,37,6400.582377535479,1611.1124267578125,0.3303080027351696,5.767294194628686,accepted_saved_frame
JSCC,440_SinglePhoton,6550,440,13,2311.062633669348,1136.01904296875,0.11492800210948984,2.8608923090423293,accepted_saved_frame
JSCC,440_SinglePhoton,6550,440,22,3913.768171657452,1369.6116943359375,0.20639722499798344,4.7142937130402505,accepted_saved_frame
JSCC,440_SinglePhoton,6550,440,37,6410.7663679504,1609.622314453125,0.33141964148889874,5.764759660497273,accepted_saved_frame
JSCC,440_SinglePhoton,6600,440,13,2320.5706650029865,1135.974609375,0.1158668361708207,2.8671575664301274,accepted_saved_frame
JSCC,440_SinglePhoton,6600,440,22,3928.2009610397276,1367.9896240234375,0.20794596781990624,4.726900690373785,accepted_saved_frame
JSCC,440_SinglePhoton,6600,440,37,6420.8161266688085,1608.140625,0.33252174224977704,5.762046941296227,accepted_saved_frame
JSCC,440_SinglePhoton,6650,440,13,2330.104356274625,1135.93505859375,0.11680727389852501,2.8733738948370604,accepted_saved_frame
JSCC,440_SinglePhoton,6650,440,22,3942.6426875185666,1366.373046875,0.2094978256109562,4.739482823597861,accepted_saved_frame
JSCC,440_SinglePhoton,6650,440,37,6430.7344532838215,1606.6668701171875,0.3336145900622458,5.759163199032842,accepted_saved_frame
JSCC,440_SinglePhoton,6700,440,13,2339.66245227569,1135.899658203125,0.11774932811864665,2.8795407349779,accepted_saved_frame
JSCC,440_SinglePhoton,6700,440,22,3957.0936274303845,1364.7623291015625,0.21105272675209485,4.752040155749777,accepted_saved_frame
JSCC,440_SinglePhoton,6700,440,37,6440.523704914259,1605.201416015625,0.3346982046859959,5.756111461055257,accepted_saved_frame
JSCC,440_SinglePhoton,6750,440,13,2349.244389050762,1135.868896484375,0.11869283470242253,2.885656702879392,accepted_saved_frame
JSCC,440_SinglePhoton,6750,440,22,3971.553998850346,1363.157958984375,0.21261056379941673,4.7645734547998995,accepted_saved_frame
JSCC,440_SinglePhoton,6750,440,37,6450.1847851059765,1603.7442626953125,0.33577260658376457,5.752895935692038,accepted_saved_frame
JSCC,440_SinglePhoton,6800,440,13,2358.851351720624,1135.842529296875,0.11963794773762763,2.8917269460336805,accepted_saved_frame
JSCC,440_SinglePhoton,6800,440,22,3986.023535807193,1361.5594482421875,0.21417142029092404,4.777081724538365,accepted_saved_frame
JSCC,440_SinglePhoton,6800,440,37,6459.7206153782245,1602.296142578125,0.33683775175462405,5.749518981758077,accepted_saved_frame
JSCC,440_SinglePhoton,6850,440,13,2368.483040841707,1135.8206787109375,0.12058460217209438,2.8977506984553356,accepted_saved_frame
JSCC,440_SinglePhoton,6850,440,22,4000.5026197221096,1359.9676513671875,0.21573511249823307,4.789562697432225,accepted_saved_frame
JSCC,440_SinglePhoton,6850,440,37,6469.13169162757,1600.856689453125,0.3378937341798129,5.7459855117172,accepted_saved_frame
JSCC,440_SinglePhoton,6900,440,13,2378.1381552804373,1135.802978515625,0.12153273452686052,2.903727667531131,accepted_saved_frame
JSCC,440_SinglePhoton,6900,440,22,4014.991476002615,1358.382568359375,0.21730164564201238,4.802019084655688,accepted_saved_frame
JSCC,440_SinglePhoton,6900,440,37,6478.4216817116485,1599.4261474609375,0.3389406980605746,5.742299681783147,accepted_saved_frame
JSCC,440_SinglePhoton,6950,440,13,2387.8181745083625,1135.7896728515625,0.12248242899814397,2.9096620042317505,accepted_saved_frame
JSCC,440_SinglePhoton,6950,440,22,4029.489500399738,1356.80419921875,0.21887095694098468,4.814448374775139,accepted_saved_frame
JSCC,440_SinglePhoton,6950,440,37,6487.591943489865,1598.0048828125,0.3399785927000324,5.738465219368248,accepted_saved_frame
JSCC,440_SinglePhoton,7000,440,13,2397.5210737646603,1135.780517578125,0.12343352695534682,2.9155505975541636,accepted_saved_frame
JSCC,440_SinglePhoton,7000,440,22,4043.997335590281,1355.2330322265625,0.22044296601286742,4.826850486896886,accepted_saved_frame
JSCC,440_SinglePhoton,7000,440,37,6496.643809552774,1596.592529296875,0.34100757222660083,5.73448540812914,accepted_saved_frame
JSCC,440_SinglePhoton,7050,440,13,2407.2474855445057,1135.775390625,0.12438610519245102,2.9213958274572045,accepted_saved_frame
JSCC,440_SinglePhoton,7050,440,22,4058.5149294710614,1353.6685791015625,0.2220177730459385,4.839227418019703,accepted_saved_frame
JSCC,440_SinglePhoton,7050,440,37,6505.579657483993,1595.189697265625,0.34202758794389104,5.7303631691412855,accepted_saved_frame
JSCC,440_SinglePhoton,7100,440,13,2416.9978082534517,1135.7744140625,0.12534016715600357,2.9271993378000665,accepted_saved_frame
JSCC,440_SinglePhoton,7100,440,22,4073.0412468947056,1352.11181640625,0.22359503748738752,4.851574665072412,accepted_saved_frame
JSCC,440_SinglePhoton,7100,440,37,6514.401117499592,1593.796142578125,0.3430387811191388,5.7261015191519,accepted_saved_frame
JSCC,440_SinglePhoton,7150,440,13,2426.771090546243,1135.7774658203125,0.1262956348381653,2.93295982212106,accepted_saved_frame
JSCC,440_SinglePhoton,7150,440,22,4087.5771462091298,1350.5623779296875,0.22517490269292972,4.863892991207598,accepted_saved_frame
JSCC,440_SinglePhoton,7150,440,37,6523.108793414012,1592.4122314453125,0.34404104837528837,5.721703977097412,accepted_saved_frame
JSCC,440_SinglePhoton,7200,440,13,2436.567864677262,1135.7843017578125,0.12725260136749889,2.9386814558626004,accepted_saved_frame
JSCC,440_SinglePhoton,7200,440,22,4102.12163110163,1349.0203857421875,0.2267572392577114,4.87618424782422,accepted_saved_frame
JSCC,440_SinglePhoton,7200,440,37,6531.70565115826,1591.03759765625,0.3450346603150384,5.717174773051735,accepted_saved_frame
JSCC,440_SinglePhoton,7250,440,13,2446.3864952946956,1135.7950439453125,0.12821087144941373,2.9443604243684285,accepted_saved_frame
JSCC,440_SinglePhoton,7250,440,22,4116.675072766925,1347.4859619140625,0.22834202929030184,4.888446912026423,accepted_saved_frame
JSCC,440_SinglePhoton,7250,440,37,6540.192044007381,1589.6729736328125,0.34601939116385655,5.712514616761844,accepted_saved_frame
JSCC,440_SinglePhoton,7300,440,13,2456.2279711209594,1135.8094482421875,0.1291705835303713,2.950001084595493,accepted_saved_frame
JSCC,440_SinglePhoton,7300,440,22,4131.236650286326,1345.9593505859375,0.22992912481906774,4.90067871947531,accepted_saved_frame
JSCC,440_SinglePhoton,7300,440,37,6548.569301809115,1588.3179931640625,0.3469953980663404,5.7077278029477485,accepted_saved_frame
JSCC,440_SinglePhoton,7350,440,13,2466.0927479510315,1135.8275146484375,0.13013177286032038,2.9556047776952794,accepted_saved_frame
JSCC,440_SinglePhoton,7350,440,22,4145.807584335218,1344.4403076171875,0.23151866913162802,4.912882911720109,accepted_saved_frame
JSCC,440_SinglePhoton,7350,440,37,6556.840571591617,1586.972900390625,0.3479627905973753,5.702816766141219,accepted_saved_frame
JSCC,440_SinglePhoton,7400,440,13,2475.980353567316,1135.849365234375,0.1310943578485685,2.9611708943426143,accepted_saved_frame
JSCC,440_SinglePhoton,7400,440,22,4160.387077064554,1342.92919921875,0.23311048378300064,4.925057565478065,accepted_saved_frame
JSCC,440_SinglePhoton,7400,440,37,6565.006255041828,1585.6375732421875,0.3489215923001606,5.697785577828294,accepted_saved_frame
JSCC,440_SinglePhoton,7450,440,13,2485.8897025065044,1135.8746337890625,0.13205830101299196,2.9666987657357744,accepted_saved_frame
JSCC,440_SinglePhoton,7450,440,22,4174.974079337234,1341.4259033203125,0.23470449276759167,4.9372017134681805,accepted_saved_frame
JSCC,440_SinglePhoton,7450,440,37,6573.06681701833,1584.3121337890625,0.3498717608055409,5.692633690163707,accepted_saved_frame
JSCC,440_SinglePhoton,7500,440,13,2495.8214110655067,1135.9033203125,0.13302365384590786,2.9721900661482077,accepted_saved_frame
JSCC,440_SinglePhoton,7500,440,22,4189.569308429609,1339.930419921875,0.23630073506800972,4.949315681011036,accepted_saved_frame
JSCC,440_SinglePhoton,7500,440,37,6581.0252138945125,1582.9964599609375,0.35081349975258014,5.687367238682328,accepted_saved_frame
JSCC,440_SinglePhoton,7550,440,13,2505.7730250948384,1135.935546875,0.1339901411355318,2.9776418641463827,accepted_saved_frame
JSCC,440_SinglePhoton,7550,440,22,4204.170874646641,1338.4429931640625,0.23789896968334276,4.9613964088704945,accepted_saved_frame
JSCC,440_SinglePhoton,7550,440,37,6588.882915342937,1581.691162109375,0.3517466952943,5.681987407663785,accepted_saved_frame
JSCC,440_SinglePhoton,7600,440,13,2515.74640519644,1135.970947265625,0.13495801506505145,2.9830585436134673,accepted_saved_frame
JSCC,440_SinglePhoton,7600,440,22,4218.779460174787,1336.963623046875,0.23949923106445853,4.973445734753229,accepted_saved_frame
JSCC,440_SinglePhoton,7600,440,37,6596.639417992017,1580.3956298828125,0.35267145160503355,5.676495698043289,accepted_saved_frame
JSCC,440_SinglePhoton,7650,440,13,2525.741185002326,1136.0096435546875,0.13592720501317712,2.9884401184959715,accepted_saved_frame
JSCC,440_SinglePhoton,7650,440,22,4233.394682094954,1335.4920654296875,0.24110152951442337,4.985463535488002,accepted_saved_frame
JSCC,440_SinglePhoton,7650,440,37,6604.297883093221,1579.1102294921875,0.35358784542419464,5.670897409242369,accepted_saved_frame
JSCC,440_SinglePhoton,7700,440,13,2535.7568329311734,1136.051513671875,0.136897677067796,2.9937856041179938,accepted_saved_frame
JSCC,440_SinglePhoton,7700,440,22,4248.016283404843,1334.02880859375,0.24270569271395745,4.997449165608926,accepted_saved_frame
JSCC,440_SinglePhoton,7700,440,37,6611.858279790124,1577.8349609375,0.35449583648762495,5.665191096999381,accepted_saved_frame
JSCC,440_SinglePhoton,7750,440,13,2545.792957756717,1136.0965576171875,0.13786938469152085,2.9990962145466282,accepted_saved_frame
JSCC,440_SinglePhoton,7750,440,22,4262.643051112787,1332.5736083984375,0.24431166080497865,5.009400035523694,accepted_saved_frame
JSCC,440_SinglePhoton,7750,440,37,6619.323053815827,1576.56982421875,0.3553955592657166,5.6593827755257475,accepted_saved_frame
JSCC,440_SinglePhoton,7800,440,13,2555.8491046262607,1136.14453125,0.13884232882220482,3.0043717859427708,accepted_saved_frame
JSCC,440_SinglePhoton,7800,440,22,4277.276017231646,1331.1263427734375,0.24591952943147932,5.021319801002198,accepted_saved_frame
JSCC,440_SinglePhoton,7800,440,37,6626.692512597647,1575.3145751953125,0.3562870705981621,5.653472403292404,accepted_saved_frame
JSCC,440_SinglePhoton,7850,440,13,2565.9248440389665,1136.1951904296875,0.13981651369335013,3.0096127909827377,accepted_saved_frame
JSCC,440_SinglePhoton,7850,440,22,4291.913377937232,1329.6873779296875,0.24752902651112096,5.033204344863429,accepted_saved_frame
JSCC,440_SinglePhoton,7850,440,37,6633.968419616536,1574.0697021484375,0.35717031325881465,5.6474626786251,accepted_saved_frame
JSCC,440_SinglePhoton,7900,440,13,2576.020866103787,1136.2489013671875,0.14079191852772935,3.014820955119347,accepted_saved_frame
JSCC,440_SinglePhoton,7900,440,22,4306.556503270471,1328.256103515625,0.24914040730815623,5.045057662516193,accepted_saved_frame
JSCC,440_SinglePhoton,7900,440,37,6641.15158449223,1572.8349609375,0.3580453801525454,5.6413560238811735,accepted_saved_frame
JSCC,440_SinglePhoton,7950,440,13,2586.136767658892,1136.3055419921875,0.14176852303737084,3.019995944525841,accepted_saved_frame
JSCC,440_SinglePhoton,7950,440,22,4321.203749128624,1326.8333740234375,0.25075327917569756,5.056874571150378,accepted_saved_frame
JSCC,440_SinglePhoton,7950,440,37,6648.243282074903,1571.610107421875,0.35891239823122945,5.635153824169963,accepted_saved_frame
JSCC,440_SinglePhoton,8000,440,13,2596.2732984013164,1136.3646240234375,0.14274650187238652,3.025140962261618,accepted_saved_frame
JSCC,440_SinglePhoton,8000,440,22,4335.85405517726,1325.4183349609375,0.2523677611655129,5.068657440803643,accepted_saved_frame
JSCC,440_SinglePhoton,8000,440,37,6655.243633111035,1570.3956298828125,0.3597711944167618,5.628858029989118,accepted_saved_frame
JSCC,440_SinglePhoton,8050,440,13,2606.4288156653474,1136.426513671875,0.14372560578742868,3.030252835326152,accepted_saved_frame
JSCC,440_SinglePhoton,8050,440,22,4350.507211089658,1324.0115966796875,0.2539836443527397,5.0804029136994115,accepted_saved_frame
JSCC,440_SinglePhoton,8050,440,37,6662.1553445414565,1569.19140625,0.36062196095294485,5.622471063446662,accepted_saved_frame
JSCC,440_SinglePhoton,8100,440,13,2616.6019737385277,1136.49072265625,0.14470580568527108,3.0353308222302364,accepted_saved_frame
JSCC,440_SinglePhoton,8100,440,22,4365.163630621485,1322.6129150390625,0.25560100523461526,5.092113241957278,accepted_saved_frame
JSCC,440_SinglePhoton,8100,440,37,6668.97920385066,1567.997314453125,0.3614647552418105,5.615995479752034,accepted_saved_frame
JSCC,440_SinglePhoton,8150,440,13,2626.794048335267,1136.5574951171875,0.14568716493254094,3.0403778660073972,accepted_saved_frame
JSCC,440_SinglePhoton,8150,440,22,4379.822248990817,1321.22216796875,0.2572197634023761,5.10378798296964,accepted_saved_frame
JSCC,440_SinglePhoton,8150,440,37,6675.716035671045,1566.8131103515625,0.3622996749520959,5.609432851469479,accepted_saved_frame
JSCC,440_SinglePhoton,8200,440,13,2637.0039846837094,1136.6265869140625,0.14666962894541846,3.0453916043802787,accepted_saved_frame
JSCC,440_SinglePhoton,8200,440,22,4394.483976990865,1319.839599609375,0.2588399023210829,5.1154273020494445,accepted_saved_frame
JSCC,440_SinglePhoton,8200,440,37,6682.366091700782,1565.6392822265625,0.3631265563573284,5.602783307978564,accepted_saved_frame
JSCC,440_SinglePhoton,8250,440,13,2647.233041761553,1136.6981201171875,0.14765328678359874,3.0503766572532633,accepted_saved_frame
JSCC,440_SinglePhoton,8250,440,22,4409.146100041216,1318.4649658203125,0.26046123622236267,5.127028219068755,accepted_saved_frame
JSCC,440_SinglePhoton,8250,440,37,6688.932015737221,1564.4755859375,0.3639456268116358,5.596052630512282,accepted_saved_frame
JSCC,440_SinglePhoton,8300,440,13,2657.48006060754,1136.7718505859375,0.14863807438950616,3.0553300694457572,accepted_saved_frame
JSCC,440_SinglePhoton,8300,440,22,4423.8087985658985,1317.0982666015625,0.2620837547663195,5.138592176198574,accepted_saved_frame
JSCC,440_SinglePhoton,8300,440,37,6695.41461536556,1563.3218994140625,0.36475694750283716,5.589240682222121,accepted_saved_frame
JSCC,440_SinglePhoton,8350,440,13,2667.7437825131956,1136.8477783203125,0.14962386281191734,3.0602512361416907,accepted_saved_frame
JSCC,440_SinglePhoton,8350,440,22,4438.471474492501,1315.739501953125,0.2637073817849113,5.1501177624489225,accepted_saved_frame
JSCC,440_SinglePhoton,8350,440,37,6701.814147708434,1562.17822265625,0.3655605039533271,5.5823484579795455,accepted_saved_frame
JSCC,440_SinglePhoton,8400,440,13,2678.0250202186667,1136.92578125,0.1506107536641775,3.065142449374891,accepted_saved_frame
JSCC,440_SinglePhoton,8400,440,22,4453.133712715388,1314.388671875,0.26533205622106265,5.161604909064157,accepted_saved_frame
JSCC,440_SinglePhoton,8400,440,37,6708.130927322535,1561.044677734375,0.3663562486926948,5.575377610524781,accepted_saved_frame
JSCC,440_SinglePhoton,8450,440,13,2688.322557373271,1137.0057373046875,0.15159865065569653,3.070003609101466,accepted_saved_frame
JSCC,440_SinglePhoton,8450,440,22,4467.795483008242,1313.0455322265625,0.2669578195926513,5.173054059919647,accepted_saved_frame
JSCC,440_SinglePhoton,8450,440,37,6714.367182244476,1559.9212646484375,0.36714430788614233,5.568330135690725,accepted_saved_frame
JSCC,440_SinglePhoton,8500,440,13,2698.6372565683296,1137.0877685546875,0.152587604463215,3.074834545811826,accepted_saved_frame
JSCC,440_SinglePhoton,8500,440,22,4482.455387369176,1311.7103271484375,0.26858445755861243,5.184462612585442,accepted_saved_frame
JSCC,440_SinglePhoton,8500,440,37,6720.522980435867,1558.8077392578125,0.3679247294214228,5.561206681944751,accepted_saved_frame
JSCC,440_SinglePhoton,8550,440,13,2708.9688837142185,1137.1715087890625,0.1535776718108553,3.079638124502968,accepted_saved_frame
JSCC,440_SinglePhoton,8550,440,22,4497.114895634968,1310.3829345703125,0.2702121033980733,5.1958348119731355,accepted_saved_frame
JSCC,440_SinglePhoton,8550,440,37,6726.5990190940465,1557.704345703125,0.36869745658796926,5.554009502456979,accepted_saved_frame
JSCC,440_SinglePhoton,8600,440,13,2719.3169762853795,1137.257080078125,0.15456877428262875,3.0844126507011924,accepted_saved_frame
JSCC,440_SinglePhoton,8600,440,22,4511.77088835528,1309.063232421875,0.27184050197213083,5.20716585047462,accepted_saved_frame
JSCC,440_SinglePhoton,8600,440,37,6732.597445440644,1556.6109619140625,0.3694626488904824,5.546742042644089,accepted_saved_frame
JSCC,440_SinglePhoton,8650,440,13,2729.680419652652,1137.344482421875,0.1555607979660791,3.089156527261878,accepted_saved_frame
JSCC,440_SinglePhoton,8650,440,22,4526.425048726415,1307.751220703125,0.273469769841727,5.218458556806515,accepted_saved_frame
JSCC,440_SinglePhoton,8650,440,37,6738.518947399855,1555.52734375,0.3702204003516701,5.539405558509804,accepted_saved_frame
JSCC,440_SinglePhoton,8700,440,13,2740.0596679059313,1137.433349609375,0.15655386839412916,3.0938724722520785,accepted_saved_frame
JSCC,440_SinglePhoton,8700,440,22,4541.076395645916,1306.447021484375,0.27509976132623853,5.229711216791418,accepted_saved_frame
JSCC,440_SinglePhoton,8700,440,37,6744.363657704016,1554.45361328125,0.37097065275899876,5.531999953666983,accepted_saved_frame
JSCC,440_SinglePhoton,8750,440,13,2750.454755236572,1137.5240478515625,0.1575478983334556,3.0985598519839392,accepted_saved_frame
JSCC,440_SinglePhoton,8750,440,22,4555.722831301898,1305.150146484375,0.2767304158302268,5.240922859886626,accepted_saved_frame
JSCC,440_SinglePhoton,8750,440,37,6750.132761931717,1553.3897705078125,0.37171346103768194,5.524526028329751,accepted_saved_frame
JSCC,440_SinglePhoton,8800,440,13,2760.865067052745,1137.6160888671875,0.1585429384668535,3.103219522947824,accepted_saved_frame
JSCC,440_SinglePhoton,8800,440,22,4570.364010657565,1303.8609619140625,0.27836156905941956,5.252091915814587,accepted_saved_frame
JSCC,440_SinglePhoton,8800,440,37,6755.8278465538,1552.3359375,0.37244887121776393,5.516988090010066,accepted_saved_frame
JSCC,440_SinglePhoton,8850,440,13,2771.2908548089736,1137.7098388671875,0.15953892246553592,3.107851269215235,accepted_saved_frame
JSCC,440_SinglePhoton,8850,440,22,4585.001505379749,1302.5792236328125,0.2799934009722704,5.263221903091068,accepted_saved_frame
JSCC,440_SinglePhoton,8850,440,37,6761.448484161058,1551.291748046875,0.37317693769824295,5.509385576504282,accepted_saved_frame
JSCC,440_SinglePhoton,8900,440,13,2781.7311929605657,1137.8050537109375,0.16053581351294494,3.1124534448484122,accepted_saved_frame
JSCC,440_SinglePhoton,8900,440,22,4599.63383916847,1301.3048095703125,0.2816257963495081,5.2743112307608735,accepted_saved_frame
JSCC,440_SinglePhoton,8900,440,37,6766.997567906699,1550.25732421875,0.3738978012223385,5.501722696222485,accepted_saved_frame
JSCC,440_SinglePhoton,8950,440,13,2792.1855561632024,1137.9014892578125,0.16153361473070374,3.1170287705429653,accepted_saved_frame
JSCC,440_SinglePhoton,8950,440,22,4614.259287200359,1300.0379638671875,0.28325850778101275,5.285356828537889,accepted_saved_frame
JSCC,440_SinglePhoton,8950,440,37,6772.476081958828,1549.232666015625,0.3746115043144795,5.493998908925765,accepted_saved_frame
JSCC,440_SinglePhoton,9000,440,13,2802.6541505970295,1137.999267578125,0.16253231345429608,3.121576329898318,accepted_saved_frame
JSCC,440_SinglePhoton,9000,440,22,4628.878774554237,1298.7783203125,0.28489169844888274,5.296362380809262,accepted_saved_frame
JSCC,440_SinglePhoton,9000,440,37,6777.883022322913,1548.2176513671875,0.3753179855513607,5.486215599451564,accepted_saved_frame
JSCC,440_SinglePhoton,9050,440,13,2813.136840124819,1138.09814453125,0.16353195154198522,3.1260977532950194,accepted_saved_frame
JSCC,440_SinglePhoton,9050,440,22,4643.489948967915,1297.526123046875,0.2865250663028387,5.3073217756427775,accepted_saved_frame
JSCC,440_SinglePhoton,9050,440,37,6783.219577827172,1547.2122802734375,0.3760173028837803,5.478374896322362,accepted_saved_frame
JSCC,440_SinglePhoton,9100,440,13,2823.632722669173,1138.197998046875,0.16453246735575494,3.1305912227658337,accepted_saved_frame
JSCC,440_SinglePhoton,9100,440,22,4658.093570250956,1296.2808837890625,0.2881587992321222,5.318240160230185,accepted_saved_frame
JSCC,440_SinglePhoton,9100,440,37,6788.486010287123,1546.2164306640625,0.37670948657927333,5.4704763224809705,accepted_saved_frame
JSCC,440_SinglePhoton,9150,440,13,2834.1416091904925,1138.299560546875,0.16553366163403338,3.1350561044464866,accepted_saved_frame
JSCC,440_SinglePhoton,9150,440,22,4672.689400633471,1295.0430908203125,0.28979270040038885,5.329115425895911,accepted_saved_frame
JSCC,440_SinglePhoton,9150,440,37,6793.684734734302,1545.230224609375,0.37739464511414333,5.462522789853141,accepted_saved_frame
JSCC,440_SinglePhoton,9200,440,13,2844.6643484599713,1138.4017333984375,0.16653588047593296,3.1394963543030037,accepted_saved_frame
JSCC,440_SinglePhoton,9200,440,22,4687.275442247372,1293.8121337890625,0.2914267604009523,5.339946995351906,accepted_saved_frame
JSCC,440_SinglePhoton,9200,440,37,6798.816331045414,1544.2532958984375,0.37807290992303044,5.454516819413629,accepted_saved_frame
JSCC,440_SinglePhoton,9250,440,13,2855.198989999971,1138.5050048828125,0.1675388121317589,3.1439081733500176,accepted_saved_frame
JSCC,440_SinglePhoton,9250,440,22,4701.851365460282,1292.58837890625,0.2930608109184293,5.35073282650338,accepted_saved_frame
JSCC,440_SinglePhoton,9250,440,37,6803.880389724988,1543.285888671875,0.37874414870729634,5.446457523443717,accepted_saved_frame
JSCC,440_SinglePhoton,9300,440,13,2865.746219387521,1138.6092529296875,0.16854255038805166,3.148293403104094,accepted_saved_frame
JSCC,440_SinglePhoton,9300,440,22,4716.417934483027,1291.37158203125,0.29469496705926895,5.361475088753985,accepted_saved_frame
JSCC,440_SinglePhoton,9300,440,37,6808.878829205543,1542.3277587890625,0.37940855166662296,5.4383469365393395,accepted_saved_frame
JSCC,440_SinglePhoton,9350,440,13,2876.307028037269,1138.7142333984375,0.16954724935226773,3.1526546276464043,accepted_saved_frame
JSCC,440_SinglePhoton,9350,440,22,4730.973661846039,1290.1617431640625,0.2963290745790561,5.372173054150641,accepted_saved_frame
JSCC,440_SinglePhoton,9350,440,37,6813.811942543016,1541.379150390625,0.3800660373836294,5.4301872895715615,accepted_saved_frame
JSCC,440_SinglePhoton,9400,440,13,2886.8798124554883,1138.820068359375,0.17055272018075407,3.156990079834744,accepted_saved_frame
JSCC,440_SinglePhoton,9400,440,22,4745.518676313987,1288.9586181640625,0.2979631954595771,5.382827370725229,accepted_saved_frame
JSCC,440_SinglePhoton,9400,440,37,6818.680381006428,1540.43994140625,0.3807166668375221,5.421977445562273,accepted_saved_frame
JSCC,440_SinglePhoton,9450,440,13,2897.4640390865507,1138.9268798828125,0.17155887804615588,3.1612978732567685,accepted_saved_frame
JSCC,440_SinglePhoton,9450,440,22,4760.05262070962,1287.7625732421875,0.29959715656497843,5.393435948393513,accepted_saved_frame
JSCC,440_SinglePhoton,9450,440,37,6823.485075588231,1539.5096435546875,0.38136063895088207,5.4137200032816235,accepted_saved_frame
JSCC,440_SinglePhoton,9500,440,13,2908.059840388299,1139.0343017578125,0.1725658242932867,3.1655799449973854,accepted_saved_frame
JSCC,440_SinglePhoton,9500,440,22,4774.573998770087,1286.5732421875,0.30123091862329177,5.403999140602095,accepted_saved_frame
JSCC,440_SinglePhoton,9500,440,37,6828.225895078469,1538.5888671875,0.38199772536883725,5.405416334512478,accepted_saved_frame
JSCC,440_SinglePhoton,9550,440,13,2918.6671786246065,1139.1422119140625,0.17357358390656147,3.1698374627791943,accepted_saved_frame
JSCC,440_SinglePhoton,9550,440,22,4789.083233173788,1285.390380859375,0.30286457064696437,5.414519062641009,accepted_saved_frame
JSCC,440_SinglePhoton,9550,440,37,6832.904376378281,1537.6771240234375,0.38262816972623104,5.3970665782250675,accepted_saved_frame
JSCC,440_SinglePhoton,9600,440,13,2929.2858957614208,1139.2509765625,0.17458204811024686,3.1740694673632346,accepted_saved_frame
JSCC,440_SinglePhoton,9600,440,22,4803.577910022363,1284.2144775390625,0.3044977207673154,5.424989756889935,accepted_saved_frame
JSCC,440_SinglePhoton,9600,440,37,6837.522309941898,1536.774169921875,0.38325215707375004,5.388674240364744,accepted_saved_frame
JSCC,440_SinglePhoton,9650,440,13,2939.9137921549777,1139.3602294921875,0.17559109207427717,3.178273389202971,accepted_saved_frame
JSCC,440_SinglePhoton,9650,440,22,4818.058285569155,1283.0450439453125,0.3061305220131128,5.435413465764803,accepted_saved_frame
JSCC,440_SinglePhoton,9650,440,37,6842.0795053781585,1535.880615234375,0.3838694548341903,5.380238911314206,accepted_saved_frame
JSCC,440_SinglePhoton,9700,440,13,2950.552888146351,1139.4700927734375,0.17660088051833814,3.1824525818661833,accepted_saved_frame
JSCC,440_SinglePhoton,9700,440,22,4832.525025153771,1281.8822021484375,0.3077629664891246,5.445792612219416,accepted_saved_frame
JSCC,440_SinglePhoton,9700,440,37,6846.57680733497,1534.995849609375,0.3844802981843229,5.371761472977546,accepted_saved_frame
JSCC,440_SinglePhoton,9750,440,13,2961.203531571991,1139.580322265625,0.17761150737441428,3.186609413024617,accepted_saved_frame
JSCC,440_SinglePhoton,9750,440,22,4846.977442068289,1280.7257080078125,0.3093950486008118,5.456125545147991,accepted_saved_frame
JSCC,440_SinglePhoton,9750,440,37,6851.014015019349,1534.1202392578125,0.38508453246821134,5.3632417561403605,accepted_saved_frame
JSCC,440_SinglePhoton,9800,440,13,2971.8636639059914,1139.6910400390625,0.17862273970166237,3.190740706785069,accepted_saved_frame
JSCC,440_SinglePhoton,9800,440,22,4861.412265545851,1279.57568359375,0.3110264187901502,5.466408150605571,accepted_saved_frame
JSCC,440_SinglePhoton,9800,440,37,6855.39250239758,1533.2532958984375,0.3856823933162429,5.3546840111344425,accepted_saved_frame
JSCC,440_SinglePhoton,9850,440,13,2982.532561835198,1139.802001953125,0.17963456778988654,3.194845619409169,accepted_saved_frame
JSCC,440_SinglePhoton,9850,440,22,4875.833877228296,1278.4320068359375,0.3126574716490023,5.476648887593961,accepted_saved_frame
JSCC,440_SinglePhoton,9850,440,37,6859.713985136308,1532.395263671875,0.3862739049235819,5.3460890934799625,accepted_saved_frame
JSCC,440_SinglePhoton,9900,440,13,2993.2122246563995,1139.913330078125,0.18064715444942905,3.198927724915927,accepted_saved_frame
JSCC,440_SinglePhoton,9900,440,22,4890.2383871299535,1277.2945556640625,0.3142878842754507,5.486840524429395,accepted_saved_frame
JSCC,440_SinglePhoton,9900,440,37,6863.975447382627,1531.5458984375,0.38685890687930485,5.3374545878255715,accepted_saved_frame
JSCC,440_SinglePhoton,9950,440,13,3003.900424636872,1140.025146484375,0.1816602500100147,3.2029832704856434,accepted_saved_frame
JSCC,440_SinglePhoton,9950,440,22,4904.626202598772,1276.163330078125,0.31591766656271336,5.496985766468864,accepted_saved_frame
JSCC,440_SinglePhoton,9950,440,37,6868.180902867015,1530.705322265625,0.38743763000134795,5.328783457926032,accepted_saved_frame
JSCC,440_SinglePhoton,10000,440,13,3014.5985518211696,1140.1368408203125,0.18267414575840724,3.2070173517965963,accepted_saved_frame
JSCC,440_SinglePhoton,10000,440,22,4918.996640791805,1275.0382080078125,0.3175467744938759,5.507084315001104,accepted_saved_frame
JSCC,440_SinglePhoton,10000,440,37,6872.330357892606,1529.87353515625,0.3880100544237118,5.3200770406443585,accepted_saved_frame
JSCC,440_ComptonOnly,0,440,13,1.0,1.0,0,,known_uniform_initialization
JSCC,440_ComptonOnly,0,440,22,1.0,1.0,0,,known_uniform_initialization
JSCC,440_ComptonOnly,0,440,37,1.0,1.0,0,,known_uniform_initialization
JSCC,440_ComptonOnly,50,440,13,962.562465382376,919.17724609375,0.005244450884140766,0.32053498574982986,accepted_saved_frame
JSCC,440_ComptonOnly,50,440,22,1168.3201055250788,1067.333740234375,0.010512838516712412,1.4825222419340551,accepted_saved_frame
JSCC,440_ComptonOnly,50,440,37,1522.3466313945394,1203.6217041015625,0.029422766879038036,1.5672312954011656,accepted_saved_frame
JSCC,440_ComptonOnly,100,440,13,1140.777808900485,1077.73876953125,0.006499105261601789,0.6914605072857356,accepted_saved_frame
JSCC,440_ComptonOnly,100,440,22,1278.8687353112484,1164.0693359375,0.010957671012811766,0.8515833269220295,accepted_saved_frame
JSCC,440_ComptonOnly,100,440,37,1944.7588647083642,1404.49462890625,0.04274089647485238,2.0184835551508855,accepted_saved_frame
JSCC,440_ComptonOnly,150,440,13,1249.611766173677,1177.19580078125,0.006835072272256178,0.7314657169069079,accepted_saved_frame
JSCC,440_ComptonOnly,150,440,22,1305.84899388709,1178.7362060546875,0.011982021948542674,0.7045437807203178,accepted_saved_frame
JSCC,440_ComptonOnly,150,440,37,2283.407851404378,1527.705322265625,0.054962790571128343,2.285759322099453,accepted_saved_frame
JSCC,440_ComptonOnly,200,440,13,1320.4726765314854,1243.706787109375,0.006858162516703607,0.5664512405599902,accepted_saved_frame
JSCC,440_ComptonOnly,200,440,22,1326.8692972997774,1179.47119140625,0.013885517035796817,0.7217056568918844,accepted_saved_frame
JSCC,440_ComptonOnly,200,440,37,2576.0809756983144,1612.9580078125,0.06634621768210579,2.4729175316315466,accepted_saved_frame
JSCC,440_ComptonOnly,250,440,13,1368.5918950966188,1290.0989990234375,0.0067602818881512166,0.45692807534923396,accepted_saved_frame
JSCC,440_ComptonOnly,250,440,22,1352.2942205624695,1178.0205078125,0.01643752866158911,0.8033778016017612,accepted_saved_frame
JSCC,440_ComptonOnly,250,440,37,2832.4557326528734,1673.9908447265625,0.07689308533926102,2.633626405211487,accepted_saved_frame
JSCC,440_ComptonOnly,300,440,13,1401.5395030165569,1323.1273193359375,0.0065847516909973945,0.3850577741440967,accepted_saved_frame
JSCC,440_ComptonOnly,300,440,22,1382.6564691708568,1176.6634521484375,0.019451707249596526,0.9201639044338862,accepted_saved_frame
JSCC,440_ComptonOnly,300,440,37,3058.111973002534,1718.3433837890625,0.08663179780226542,2.7795509663696256,accepted_saved_frame
JSCC,440_ComptonOnly,350,440,13,1423.372031813574,1346.504150390625,0.006342999916623546,0.3319775211261049,accepted_saved_frame
JSCC,440_ComptonOnly,350,440,22,1417.110112414904,1175.7596435546875,0.022807993886548958,1.0592360716933045,accepted_saved_frame
JSCC,440_ComptonOnly,350,440,37,3257.5772931717165,1750.827880859375,0.09562139328388082,2.912099326989615,accepted_saved_frame
JSCC,440_ComptonOnly,400,440,13,1436.6672755225443,1362.5484619140625,0.006044132714888474,0.28916153603727346,accepted_saved_frame
JSCC,440_ComptonOnly,400,440,22,1454.8348670731782,1175.2593994140625,0.026431561293192043,1.2131284746357491,accepted_saved_frame
JSCC,440_ComptonOnly,400,440,37,3434.7614971392936,1774.6771240234375,0.10393655090167214,3.0312845868810117,accepted_saved_frame
JSCC,440_ComptonOnly,450,440,13,1443.306878236961,1372.8909912109375,0.00569891382303769,0.25273996990509084,accepted_saved_frame
JSCC,440_ComptonOnly,450,440,22,1495.2680694899077,1175.0826416015625,0.030275452461600953,1.3763534147000167,accepted_saved_frame
JSCC,440_ComptonOnly,450,440,37,3593.052842655022,1792.1268310546875,0.11165665661065521,3.137365651293408,accepted_saved_frame
JSCC,440_ComptonOnly,500,440,13,1444.7646982662382,1378.766357421875,0.005318630631820105,0.22081833770345474,accepted_saved_frame
JSCC,440_ComptonOnly,500,440,22,1538.081543181416,1175.201904296875,0.03430896404153088,1.5441424072672467,accepted_saved_frame
JSCC,440_ComptonOnly,500,440,37,3735.374994342034,1804.7733154296875,0.11885775117738578,3.2308668380923953,accepted_saved_frame
JSCC,440_ComptonOnly,550,440,13,1442.2240853767978,1381.1475830078125,0.004913506800062207,0.19236224025147317,accepted_saved_frame
JSCC,440_ComptonOnly,550,440,22,1583.0901942097803,1175.626220703125,0.038510347963313735,1.7120066106531833,accepted_saved_frame
JSCC,440_ComptonOnly,550,440,37,3864.2125615634272,1813.783447265625,0.12560785990613116,3.312427988774777,accepted_saved_frame
JSCC,440_ComptonOnly,600,440,13,1436.6309668175154,1380.8101806640625,0.004491790152954299,0.16672915316947365,accepted_saved_frame
JSCC,440_ComptonOnly,600,440,22,1630.16698975571,1176.3680419921875,0.042862525593323535,1.8757331789423715,accepted_saved_frame
JSCC,440_ComptonOnly,600,440,37,3981.636312142496,1820.0191650390625,0.1319654691692973,3.3827416760765487,accepted_saved_frame
JSCC,440_ComptonOnly,650,440,13,1428.731310319471,1378.3699951171875,0.00405965140634601,0.14347344305647855,accepted_saved_frame
JSCC,440_ComptonOnly,650,440,22,1679.1937939904346,1177.423095703125,0.04735111788885652,2.031619207891816,accepted_saved_frame
JSCC,440_ComptonOnly,650,440,37,4089.3538065022203,1824.1256103515625,0.1379795450303497,3.44253920291372,accepted_saved_frame
JSCC,440_ComptonOnly,700,440,13,1419.107900733436,1374.314208984375,0.003621498510653446,0.12226261105056929,accepted_saved_frame
JSCC,440_ComptonOnly,700,440,22,1730.0419642080449,1178.767578125,0.051963347738333665,2.1767452514311083,accepted_saved_frame
JSCC,440_ComptonOnly,700,440,37,4188.765903025312,1826.58642578125,0.14369119503786554,3.4925969295903276,accepted_saved_frame
JSCC,440_ComptonOnly,750,440,13,1408.2131994689482,1369.0269775390625,0.003180379006630608,0.10283663544872049,accepted_saved_frame
JSCC,440_ComptonOnly,750,440,22,1782.5747985562452,1180.3634033203125,0.056687946322476014,2.309167458584159,accepted_saved_frame
JSCC,440_ComptonOnly,750,440,37,4281.024099902907,1827.768798828125,0.1491347934795746,3.5337289447870317,accepted_saved_frame
JSCC,440_ComptonOnly,800,440,13,1396.3974060383905,1362.812255859375,0.0027382226254421115,0.08498204140753723,accepted_saved_frame
JSCC,440_ComptonOnly,800,440,22,1836.650756026882,1182.1639404296875,0.06151495135450075,2.427940745266648,accepted_saved_frame
JSCC,440_ComptonOnly,800,440,37,4367.07934752115,1827.9521484375,0.1543395129811157,3.566772657970696,accepted_saved_frame
JSCC,440_ComptonOnly,850,440,13,1383.932439881549,1355.90966796875,0.0022963486412105943,0.06852526423460292,accepted_saved_frame
JSCC,440_ComptonOnly,850,440,22,1892.1291867287805,1184.121337890625,0.06643536962177556,2.5329973316980228,accepted_saved_frame
JSCC,440_ComptonOnly,850,440,37,4447.72080792286,1827.3511962890625,0.15933017126739857,3.592561960620195,accepted_saved_frame
JSCC,440_ComptonOnly,900,440,13,1371.0275528242955,1348.509033203125,0.0018554252690042726,0.053315824391677626,accepted_saved_frame
JSCC,440_ComptonOnly,900,440,22,1948.876932861624,1186.1890869140625,0.07144147162459354,2.624953046260912,accepted_saved_frame
JSCC,440_ComptonOnly,900,440,37,4523.608771589458,1826.1317138671875,0.1641281791473507,3.61190909099036,accepted_saved_frame
JSCC,440_ComptonOnly,950,440,13,1357.8438596860426,1340.760009765625,0.0014157683201223323,0.03922468707983288,accepted_saved_frame
JSCC,440_ComptonOnly,950,440,22,2006.768691695291,1188.325439453125,0.07652629163595853,2.7048673029692893,accepted_saved_frame
JSCC,440_ComptonOnly,950,440,37,4595.298478728246,1824.4229736328125,0.16875201670403786,3.625584473284555,accepted_saved_frame
JSCC,440_ComptonOnly,1000,440,13,1344.5047430183229,1332.7811279296875,0.0009773727069205416,0.026137765694226177,accepted_saved_frame
JSCC,440_ComptonOnly,1000,440,22,2065.6890949398944,1190.4927978515625,0.08168384822260773,2.7740404359767115,accepted_saved_frame
JSCC,440_ComptonOnly,1000,440,37,4663.259676131562,1822.326171875,0.17321777139706318,3.634304592447649,accepted_saved_frame
JSCC,440_ComptonOnly,1050,440,13,1331.1039405939136,1324.665283203125,0.0005400657704445817,0.013954994882930543,accepted_saved_frame
JSCC,440_ComptonOnly,1050,440,22,2125.5323102188513,1192.659423828125,0.08690875270964225,2.8338440989043945,accepted_saved_frame
JSCC,440_ComptonOnly,1050,440,37,4727.892835740371,1819.9215087890625,0.17753948379444193,3.6387246998255978,accepted_saved_frame
JSCC,440_ComptonOnly,1100,440,13,1317.7120265978222,1316.4857177734375,0.00010350020072621054,0.0025863805996670535,accepted_saved_frame
JSCC,440_ComptonOnly,1100,440,22,2186.2027800787832,1194.798095703125,0.09219639405008778,2.885616520338916,accepted_saved_frame
JSCC,440_ComptonOnly,1100,440,37,4789.540110109416,1817.2723388671875,0.18172948958675905,3.6394347619094454,accepted_saved_frame
JSCC,440_ComptonOnly,1150,440,13,1304.3812849945366,1308.299560546875,-0.0003327708449873956,-0.008048706035293625,accepted_saved_frame
JSCC,440_ComptonOnly,1150,440,22,2247.613979159874,1196.88671875,0.09754262583914637,2.930586329456361,accepted_saved_frame
JSCC,440_ComptonOnly,1150,440,37,4848.495687767519,1814.4298095703125,0.18579855177238075,3.6369617725251606,accepted_saved_frame
JSCC,440_ComptonOnly,1200,440,13,1291.1502178285384,1300.1507568359375,-0.0007691876380126658,-0.018020984250941573,accepted_saved_frame
JSCC,440_ComptonOnly,1200,440,22,2309.6874302085503,1198.9071044921875,0.10294378582649497,2.9698455355300903,accepted_saved_frame
JSCC,440_ComptonOnly,1200,440,37,4905.013412353252,1811.434814453125,0.1897561825463806,3.6317714886699815,accepted_saved_frame
JSCC,440_ComptonOnly,1250,440,13,1278.0459329205123,1292.07373046875,-0.0012063120975774025,-0.027395978065990034,accepted_saved_frame
JSCC,440_ComptonOnly,1250,440,22,2372.352313312865,1200.8446044921875,0.10839664242597208,3.004337510617164,accepted_saved_frame
JSCC,440_ComptonOnly,1250,440,37,4959.31317394846,1808.3201904296875,0.19361080706558592,3.624272440307856,accepted_saved_frame
JSCC,440_ComptonOnly,1300,440,13,1265.0875754767405,1284.09423828125,-0.001644623392711406,-0.036230389741208666,accepted_saved_frame
JSCC,440_ComptonOnly,1300,440,22,2435.5449596925714,1202.6878662109375,0.11389831505453459,3.034863080782005,accepted_saved_frame
JSCC,440_ComptonOnly,1300,440,37,5011.586009857157,1805.1129150390625,0.1973698073648827,3.6148200106074224,accepted_saved_frame
JSCC,440_ComptonOnly,1350,440,13,1252.287732492232,1276.2320556640625,-0.002084636834357914,-0.044575944135879494,accepted_saved_frame
JSCC,440_ComptonOnly,1350,440,22,2499.2066598888455,1204.42822265625,0.11944611401279105,3.062088265727775,accepted_saved_frame
JSCC,440_ComptonOnly,1350,440,37,5061.99813286249,1801.835205078125,0.2010396535090831,3.60372209308173,accepted_saved_frame
JSCC,440_ComptonOnly,1400,440,13,1239.6536077531991,1268.50146484375,-0.002526853569617657,-0.05247900511002597,accepted_saved_frame
JSCC,440_ComptonOnly,1400,440,22,2563.2855500150604,1206.0592041015625,0.12503774840478135,3.0865688610067648,accepted_saved_frame
JSCC,440_ComptonOnly,1400,440,37,5110.6952930315965,1798.5047607421875,0.2046261863118493,3.5912457113573417,accepted_saved_frame
JSCC,440_ComptonOnly,1450,440,13,1227.1889499018591,1260.9132080078125,-0.0029717666257701326,-0.0599814157118004,accepted_saved_frame
JSCC,440_ComptonOnly,1450,440,22,2627.7328004945393,1207.57568359375,0.13067109362586665,3.108758697033752,accepted_saved_frame
JSCC,440_ComptonOnly,1450,440,37,5157.804057233902,1795.1361083984375,0.2081345087677891,3.5776183052942327,accepted_saved_frame
JSCC,440_ComptonOnly,1500,440,13,1214.8950681484835,1253.4744873046875,-0.003419776127781018,-0.06711934296634163,accepted_saved_frame
JSCC,440_ComptonOnly,1500,440,22,2692.5048213427654,1208.974609375,0.1363442118142214,3.1290291239284094,accepted_saved_frame
JSCC,440_ComptonOnly,1500,440,37,5203.437166087529,1791.7415771484375,0.21156917520617105,3.5630372488605087,accepted_saved_frame
JSCC,440_ComptonOnly,1550,440,13,1202.7705321996402,1246.1895751953125,-0.0038712714394791353,-0.07392545955369548,accepted_saved_frame
JSCC,440_ComptonOnly,1550,440,22,2757.561020847523,1210.254150390625,0.14205527454777306,3.1476818822668955,accepted_saved_frame
JSCC,440_ComptonOnly,1550,440,37,5247.693684489104,1788.3310546875,0.21493426763797854,3.547670701509065,accepted_saved_frame
JSCC,440_ComptonOnly,1600,440,13,1190.8131458441621,1239.061767578125,-0.004326626896832485,-0.08042940752566322,accepted_saved_frame
JSCC,440_ComptonOnly,1600,440,22,2822.8635463567234,1211.413330078125,0.14780258693323794,3.164960256206725,accepted_saved_frame
JSCC,440_ComptonOnly,1600,440,37,5290.660221893328,1784.912353515625,0.218233427632247,3.531661086712679,accepted_saved_frame
JSCC,440_ComptonOnly,1650,440,13,1179.0195758513198,1232.091796875,-0.0047860991056284385,-0.08665602811507575,accepted_saved_frame
JSCC,440_ComptonOnly,1650,440,22,2888.3775907116865,1212.451904296875,0.15358462013814103,3.1810641102743675,accepted_saved_frame
JSCC,440_ComptonOnly,1650,440,37,5332.414986688814,1781.4925537109375,0.22146987714076094,3.515130279708049,accepted_saved_frame
JSCC,440_ComptonOnly,1700,440,13,1167.3854595030784,1225.27978515625,-0.0052499869240331,-0.09262892192478686,accepted_saved_frame
JSCC,440_ComptonOnly,1700,440,22,2954.0704601965713,1213.370849609375,0.15939979760127526,3.196152017352312,accepted_saved_frame
JSCC,440_ComptonOnly,1700,440,37,5373.027276667059,1778.0771484375,0.22464655343421283,3.4981821762092014,accepted_saved_frame
JSCC,440_ComptonOnly,1750,440,13,1155.905816730036,1218.6248779296875,-0.005718564181603029,-0.09836923207287326,accepted_saved_frame
JSCC,440_ComptonOnly,1750,440,22,3019.912171353284,1214.170654296875,0.16524690794457575,3.2103537949652656,accepted_saved_frame
JSCC,440_ComptonOnly,1750,440,37,5412.558702930296,1774.6710205078125,0.22776601286683806,3.4809040918439353,accepted_saved_frame
JSCC,440_ComptonOnly,1800,440,13,1144.5757286662106,1212.125244140625,-0.006192018321259078,-0.10389494707936017,accepted_saved_frame
JSCC,440_ComptonOnly,1800,440,22,3085.873454888686,1214.853515625,0.17112442091891136,3.2237724194523296,accepted_saved_frame
JSCC,440_ComptonOnly,1800,440,37,5451.0651548991955,1771.2774658203125,0.2308307459877209,3.4633705740008423,accepted_saved_frame
JSCC,440_ComptonOnly,1850,440,13,1133.3901692050233,1205.779052734375,-0.006670549851400464,-0.10922285966952229,accepted_saved_frame
JSCC,440_ComptonOnly,1850,440,22,3151.927447918454,1215.4208984375,0.17703117879854124,3.2364910723047013,accepted_saved_frame
JSCC,440_ComptonOnly,1850,440,37,5488.597177663266,1767.9002685546875,0.233842810610978,3.445643924370869,accepted_saved_frame
JSCC,440_ComptonOnly,1900,440,13,1122.3443153239725,1199.583251953125,-0.0071542379871782176,-0.11436638915595136,accepted_saved_frame
JSCC,440_ComptonOnly,1900,440,22,3218.048029637954,1215.8751220703125,0.18296587565473674,3.248576345650613,accepted_saved_frame
JSCC,440_ComptonOnly,1900,440,37,5525.200716717002,1764.54150390625,0.23680430452931958,3.4277788699324248,accepted_saved_frame
JSCC,440_ComptonOnly,1950,440,13,1111.43253581477,1193.5350341796875,-0.007643261033048786,-0.1193394838495927,accepted_saved_frame
JSCC,440_ComptonOnly,1950,440,22,3284.2111390658065,1216.2183837890625,0.1889273964866979,3.2600829600402745,accepted_saved_frame
JSCC,440_ComptonOnly,1950,440,37,5560.917190836477,1761.2037353515625,0.23971694782857864,3.409819418880917,accepted_saved_frame
JSCC,440_ComptonOnly,2000,440,13,1100.650881710659,1187.6317138671875,-0.008137654790988293,-0.12415289349103316,accepted_saved_frame
JSCC,440_ComptonOnly,2000,440,22,3350.3919767239045,1216.453369140625,0.19491440917211655,3.271051440849992,accepted_saved_frame
JSCC,440_ComptonOnly,2000,440,37,5595.784201845803,1757.888671875,0.24258239073159313,3.391801945506717,accepted_saved_frame
JSCC,440_ComptonOnly,2050,440,13,1089.9942161645592,1181.8697509765625,-0.008637493893429628,-0.12881705747740219,accepted_saved_frame
JSCC,440_ComptonOnly,2050,440,22,3416.5687635838126,1216.5823974609375,0.20092591350932892,3.2815170102436233,accepted_saved_frame
JSCC,440_ComptonOnly,2050,440,37,5629.836764725209,1754.5977783203125,0.2454021741739255,3.3737588859788827,accepted_saved_frame
JSCC,440_ComptonOnly,2100,440,13,1079.4582225629192,1176.2462158203125,-0.009142831941477247,-0.1333413675949811,accepted_saved_frame
JSCC,440_ComptonOnly,2100,440,22,3482.7187112115616,1216.6085205078125,0.20696059327630575,3.2915044233410096,accepted_saved_frame
JSCC,440_ComptonOnly,2100,440,37,5663.107699198103,1751.33251953125,0.24817770570832753,3.3557174036615773,accepted_saved_frame
JSCC,440_ComptonOnly,2150,440,13,1069.0385639433957,1170.7572021484375,-0.009653642011282148,-0.13773330938419984,accepted_saved_frame
JSCC,440_ComptonOnly,2150,440,22,3548.820636339539,1216.5340576171875,0.21301742566825702,3.3010363941392806,accepted_saved_frame
JSCC,440_ComptonOnly,2150,440,37,5695.625858099717,1748.0938720703125,0.2509102469393796,3.3376973578228077,accepted_saved_frame
JSCC,440_ComptonOnly,2200,440,13,1058.731269083442,1165.4000244140625,-0.010169970548596375,-0.14200084269127297,accepted_saved_frame
JSCC,440_ComptonOnly,2200,440,22,3614.8555143576214,1216.3621826171875,0.21909531790018077,3.310130117467906,accepted_saved_frame
JSCC,440_ComptonOnly,2200,440,37,5727.420218975254,1744.8826904296875,0.25360110009998843,3.3197194025009593,accepted_saved_frame
JSCC,440_ComptonOnly,2250,440,13,1048.5326618516385,1160.1707763671875,-0.010691731940545143,-0.14614949195647173,accepted_saved_frame
JSCC,440_ComptonOnly,2250,440,22,3680.803571151181,1216.0953369140625,0.2251932575991314,3.318797431089577,accepted_saved_frame
JSCC,440_ComptonOnly,2250,440,37,5758.516187708018,1741.699951171875,0.2562513220893117,3.301798012053777,accepted_saved_frame
JSCC,440_ComptonOnly,2300,440,13,1038.4390318579062,1155.0667724609375,-0.011218951279476351,-0.1501860439631055,accepted_saved_frame
JSCC,440_ComptonOnly,2300,440,22,3746.6453074579654,1215.7364501953125,0.23131007975143636,3.327049667867298,accepted_saved_frame
JSCC,440_ComptonOnly,2300,440,37,5788.938386884103,1738.545654296875,0.2588621333249652,3.2839464171081847,accepted_saved_frame
JSCC,440_ComptonOnly,2350,440,13,1028.4469348393563,1150.0843505859375,-0.01175154536221723,-0.15411514038484375,accepted_saved_frame
JSCC,440_ComptonOnly,2350,440,22,3812.362656298451,1215.2884521484375,0.2374446987881581,3.3348940750271527,accepted_saved_frame
JSCC,440_ComptonOnly,2350,440,37,5818.709191128388,1735.4212646484375,0.26143430862574035,3.266174225056828,accepted_saved_frame
JSCC,440_ComptonOnly,2400,440,13,1018.5535423588695,1145.2208251953125,-0.01228945739349637,-0.15794157525469663,accepted_saved_frame
JSCC,440_ComptonOnly,2400,440,22,3877.937924481435,1214.7537841796875,0.2435961532091389,3.3423378477617747,accepted_saved_frame
JSCC,440_ComptonOnly,2400,440,37,5847.850180369838,1732.32666015625,0.26396891628603003,3.2484899685242468,accepted_saved_frame
JSCC,440_ComptonOnly,2450,440,13,1008.7559370459101,1140.4730224609375,-0.012832597899773732,-0.16166942507620374,accepted_saved_frame
JSCC,440_ComptonOnly,2450,440,22,3943.353364155918,1214.1356201171875,0.24976321506409166,3.3493840931649785,accepted_saved_frame
JSCC,440_ComptonOnly,2450,440,37,5876.381531861879,1729.2623291015625,0.26646681349285384,3.230900255805041,accepted_saved_frame
JSCC,440_ComptonOnly,2500,440,13,999.0513754930375,1135.8377685546875,-0.013380861720508404,-0.1653021304742491,accepted_saved_frame
JSCC,440_ComptonOnly,2500,440,22,4008.5926277242706,1213.4364013671875,0.25594494584944966,3.35603722495835,accepted_saved_frame
JSCC,440_ComptonOnly,2500,440,37,5904.322706912607,1726.228515625,0.2689288722314755,3.2134116852648766,accepted_saved_frame
JSCC,440_ComptonOnly,2550,440,13,989.4373464754368,1131.312255859375,-0.013934153668708303,-0.16884316307047695,accepted_saved_frame
JSCC,440_ComptonOnly,2550,440,22,4073.6400695255247,1212.658935546875,0.2621403127837725,3.3623007022527633,accepted_saved_frame
JSCC,440_ComptonOnly,2550,440,37,5931.691687768153,1723.2257080078125,0.27135582350676163,3.19602869606702,accepted_saved_frame
JSCC,440_ComptonOnly,2600,440,13,979.9112737060053,1126.893798828125,-0.014492396441633446,-0.17229587451354966,accepted_saved_frame
JSCC,440_ComptonOnly,2600,440,22,4138.4794797465365,1211.8056640625,0.2683482914498712,3.3681765053370154,accepted_saved_frame
JSCC,440_ComptonOnly,2600,440,37,5958.50650702132,1720.25390625,0.2737485169662046,3.1787548339024054,accepted_saved_frame
JSCC,440_ComptonOnly,2650,440,13,970.4710562786095,1122.579833984375,-0.015055477382534075,-0.17566306794757144,accepted_saved_frame
JSCC,440_ComptonOnly,2650,440,22,4203.096152811985,1210.8795166015625,0.27456779190351893,3.373667343678593,accepted_saved_frame
JSCC,440_ComptonOnly,2650,440,37,5984.782557305079,1717.3134765625,0.2761075585004664,3.161591640654152,accepted_saved_frame
JSCC,440_ComptonOnly,2700,440,13,961.1146634870802,1118.3675537109375,-0.015623256683573696,-0.17894699085847032,accepted_saved_frame
JSCC,440_ComptonOnly,2700,440,22,4267.476082762378,1209.8829345703125,0.28079788739395345,3.378774493962477,accepted_saved_frame
JSCC,440_ComptonOnly,2700,440,37,6010.536109719576,1714.4044189453125,0.2784336999873375,3.1445430023932834,accepted_saved_frame
JSCC,440_ComptonOnly,2750,440,13,951.8404452845008,1114.254638671875,-0.01619559915765377,-0.18214980950953738,accepted_saved_frame
JSCC,440_ComptonOnly,2750,440,22,4331.604849725361,1208.818359375,0.28703756359639854,3.383500439862657,accepted_saved_frame
JSCC,440_ComptonOnly,2750,440,37,6035.782162872882,1711.5267333984375,0.2807276194530279,3.127609838066041,accepted_saved_frame
JSCC,440_ComptonOnly,2800,440,13,942.6464661126889,1110.2384033203125,-0.016772367358860157,-0.18527350212212337,accepted_saved_frame
JSCC,440_ComptonOnly,2800,440,22,4395.468498721193,1207.6885986328125,0.29328567569277647,3.3878447018102222,accepted_saved_frame
JSCC,440_ComptonOnly,2800,440,37,6060.535112246511,1708.6807861328125,0.2829898793809016,3.1107918985503273,accepted_saved_frame
JSCC,440_ComptonOnly,2850,440,13,933.531354593236,1106.3167724609375,-0.017353420142381344,-0.1883199768996481,accepted_saved_frame
JSCC,440_ComptonOnly,2850,440,22,4459.054618411273,1206.495849609375,0.299541369224581,3.391810993432918,accepted_saved_frame
JSCC,440_ComptonOnly,2850,440,37,6084.807975406894,1705.8665771484375,0.2852210429401022,3.0940912865642094,accepted_saved_frame
JSCC,440_ComptonOnly,2900,440,13,924.4936641671381,1102.4874267578125,-0.017938603427394603,-0.19129079635458318,accepted_saved_frame
JSCC,440_ComptonOnly,2900,440,22,4522.350971135817,1205.242431640625,0.3058037170146396,3.395401728572391,accepted_saved_frame
JSCC,440_ComptonOnly,2900,440,37,6108.614203182909,1703.0838623046875,0.2874217659171956,3.0775079124702995,accepted_saved_frame
JSCC,440_ComptonOnly,2950,440,13,915.5313056394734,1098.748046875,-0.018527828787259965,-0.1941881211840783,accepted_saved_frame
JSCC,440_ComptonOnly,2950,440,22,4585.345441874005,1203.930908203125,0.3120716674050547,3.398617754265024,accepted_saved_frame
JSCC,440_ComptonOnly,2950,440,37,6131.966554307367,1700.3331298828125,0.2895924952417337,3.061040815676793,accepted_saved_frame
JSCC,440_ComptonOnly,3000,440,13,906.6434595395134,1095.0968017578125,-0.01912092174213885,-0.19701320775838996,accepted_saved_frame
JSCC,440_ComptonOnly,3000,440,22,4648.024659275701,1202.5635986328125,0.31834408356725147,3.401459863869928,accepted_saved_frame
JSCC,440_ComptonOnly,3000,440,37,6154.876307192696,1697.6138916015625,0.2917338164822014,3.044690109574856,accepted_saved_frame
JSCC,440_ComptonOnly,3050,440,13,897.829089918594,1091.5313720703125,-0.019717688694383197,-0.1997668722616485,accepted_saved_frame
JSCC,440_ComptonOnly,3050,440,22,4710.379322400474,1201.1427001953125,0.32462019723519575,3.40393204526433,accepted_saved_frame
JSCC,440_ComptonOnly,3050,440,37,6177.355512076402,1694.92626953125,0.29384622951998285,3.0284563380472447,accepted_saved_frame
JSCC,440_ComptonOnly,3100,440,13,889.086798722769,1088.05029296875,-0.020318045093210644,-0.20245116786543826,accepted_saved_frame
JSCC,440_ComptonOnly,3100,440,22,4772.39891372401,1199.670654296875,0.3308989889693337,3.406037007836116,accepted_saved_frame
JSCC,440_ComptonOnly,3100,440,37,6199.414975907852,1692.2703857421875,0.2959301584256613,3.0123382769966303,accepted_saved_frame
JSCC,440_ComptonOnly,3150,440,13,880.4157758143824,1084.6510009765625,-0.020921755270005185,-0.20506636725921673,accepted_saved_frame
JSCC,440_ComptonOnly,3150,440,22,4834.072728913366,1198.149169921875,0.3371796406460409,3.4077775915086104,accepted_saved_frame
JSCC,440_ComptonOnly,3150,440,37,6221.065286295807,1689.64599609375,0.29798610679910537,2.996334456351911,accepted_saved_frame
JSCC,440_ComptonOnly,3200,440,13,871.8149602518781,1081.33251953125,-0.02152874198115367,-0.20761448562942086,accepted_saved_frame
JSCC,440_ComptonOnly,3200,440,22,4895.390533900337,1196.58056640625,0.34346110643551075,3.4091557439564797,accepted_saved_frame
JSCC,440_ComptonOnly,3200,440,37,6242.316677461601,1687.0531005859375,0.30001450295479115,2.9804450775375555,accepted_saved_frame
JSCC,440_ComptonOnly,3250,440,13,863.28353236261,1078.0926513671875,-0.02213880213275696,-0.21009612586374907,accepted_saved_frame
JSCC,440_ComptonOnly,3250,440,22,4956.3442833294675,1194.9671630859375,0.3497424900437319,3.4101756516217288,accepted_saved_frame
JSCC,440_ComptonOnly,3250,440,37,6263.178335368406,1684.4918212890625,0.3020156818686711,2.964667520664368,accepted_saved_frame
JSCC,440_ComptonOnly,3300,440,13,854.8207514236526,1074.929443359375,-0.022751745686451504,-0.21251183484362626,accepted_saved_frame
JSCC,440_ComptonOnly,3300,440,22,5016.923712961711,1193.3109130859375,0.3560227783002501,3.4108395881018034,accepted_saved_frame
JSCC,440_ComptonOnly,3300,440,37,6283.660610375922,1681.9615478515625,0.3039902407335911,2.9490033539223575,accepted_saved_frame
JSCC,440_ComptonOnly,3350,440,13,846.4258066691626,1071.842041015625,-0.023367480750228306,-0.2148633789578611,accepted_saved_frame
JSCC,440_ComptonOnly,3350,440,22,5077.120256927587,1191.6134033203125,0.3623012149168417,3.411152605249926,accepted_saved_frame
JSCC,440_ComptonOnly,3350,440,37,6303.771504112041,1679.462646484375,0.30593838830981296,2.9334488284302287,accepted_saved_frame
JSCC,440_ComptonOnly,3400,440,13,838.0977703557911,1068.8282470703125,-0.023985817838570195,-0.21715125985755496,accepted_saved_frame
JSCC,440_ComptonOnly,3400,440,22,5136.926825694579,1189.8770751953125,0.36857679884018246,3.4111178347511224,accepted_saved_frame
JSCC,440_ComptonOnly,3400,440,37,6323.520759390826,1676.9947509765625,0.3078606342094629,2.9180044613645113,accepted_saved_frame
JSCC,440_ComptonOnly,3450,440,13,829.8362991790126,1065.88671875,-0.024606577730450187,-0.21937624497277644,accepted_saved_frame
JSCC,440_ComptonOnly,3450,440,22,5196.335498991852,1188.103515625,0.3748487428965338,3.410740381833855,accepted_saved_frame
JSCC,440_ComptonOnly,3450,440,37,6342.915278822692,1674.5579833984375,0.3097571844634248,2.9026678461656013,accepted_saved_frame
JSCC,440_ComptonOnly,3500,440,13,821.6404584854146,1063.0159912109375,-0.02522963328671821,-0.22153940001829409,accepted_saved_frame
JSCC,440_ComptonOnly,3500,440,22,5255.34038829529,1186.294677734375,0.38111625934779575,3.410025065606439,accepted_saved_frame
JSCC,440_ComptonOnly,3500,440,37,6361.964364265479,1672.1517333984375,0.3116285932135536,2.8874384464991367,accepted_saved_frame
JSCC,440_ComptonOnly,3550,440,13,813.5096498365635,1060.2147216796875,-0.025854833071746026,-0.22364174399360742,accepted_saved_frame
JSCC,440_ComptonOnly,3550,440,22,5313.931867789326,1184.4521484375,0.38737831708377524,3.4089753786451427,accepted_saved_frame
JSCC,440_ComptonOnly,3550,440,37,6380.675375751212,1669.776611328125,0.31347498371693905,2.87231452743919,accepted_saved_frame
JSCC,440_ComptonOnly,3600,440,13,805.4438666364897,1057.4814453125,-0.02648195439511468,-0.22568337007626682,accepted_saved_frame
JSCC,440_ComptonOnly,3600,440,22,5372.105127837076,1182.577880859375,0.39363414027639976,3.4075969010520994,accepted_saved_frame
JSCC,440_ComptonOnly,3600,440,37,6399.056376889754,1667.4315185546875,0.3152969639354458,2.8572957193629405,accepted_saved_frame
JSCC,440_ComptonOnly,3650,440,13,797.44216882488,1054.815185546875,-0.02711091217668919,-0.22766579825104,accepted_saved_frame
JSCC,440_ComptonOnly,3650,440,22,5429.853334257845,1180.673583984375,0.399882820932129,3.405894159552587,accepted_saved_frame
JSCC,440_ComptonOnly,3650,440,37,6417.113146251381,1665.1170654296875,0.3170945607956352,2.842379540695779,accepted_saved_frame
JSCC,440_ComptonOnly,3700,440,13,789.5040728318912,1052.2142333984375,-0.02774151585694631,-0.22958946936904945,accepted_saved_frame
JSCC,440_ComptonOnly,3700,440,22,5487.171536934952,1178.7406005859375,0.40612374617898184,3.4038729033792574,accepted_saved_frame
JSCC,440_ComptonOnly,3700,440,37,6434.8536845285125,1662.832763671875,0.318868233983437,2.827565211466899,accepted_saved_frame
JSCC,440_ComptonOnly,3750,440,13,781.629022240354,1049.677490234375,-0.028373632270419287,-0.23145530514059326,accepted_saved_frame
JSCC,440_ComptonOnly,3750,440,22,5544.0546783923455,1176.781005859375,0.41235593357242606,3.4015389078885407,accepted_saved_frame
JSCC,440_ComptonOnly,3750,440,37,6452.284809988126,1660.5784912109375,0.320618276110042,2.8128523378982613,accepted_saved_frame
JSCC,440_ComptonOnly,3800,440,13,773.8165567458016,1047.2037353515625,-0.029007109269162477,-0.23326417448897083,accepted_saved_frame
JSCC,440_ComptonOnly,3800,440,22,5600.495806405805,1174.7960205078125,0.41857855497567403,3.3988959053103147,accepted_saved_frame
JSCC,440_ComptonOnly,3800,440,37,6469.412780911724,1658.3541259765625,0.3223449469550321,2.7982382588435026,accepted_saved_frame
JSCC,440_ComptonOnly,3850,440,13,766.0665232050706,1044.7918701171875,-0.029641772563526528,-0.23501654427067808,accepted_saved_frame
JSCC,440_ComptonOnly,3850,440,22,5656.4931085474145,1172.7872314453125,0.42479106912366166,3.395952646056994,accepted_saved_frame
JSCC,440_ComptonOnly,3850,440,37,6486.244531754896,1656.1591796875,0.32404865233484137,2.7837234316470996,accepted_saved_frame
JSCC,440_ComptonOnly,3900,440,13,758.3786264372933,1042.440673828125,-0.03027745415399663,-0.23671307529186292,accepted_saved_frame
JSCC,440_ComptonOnly,3900,440,22,5712.039979090674,1170.7559814453125,0.4309925542524803,3.392712802284547,accepted_saved_frame
JSCC,440_ComptonOnly,3900,440,37,6502.784632297775,1653.9937744140625,0.3257294846564426,2.769305074034203,accepted_saved_frame
JSCC,440_ComptonOnly,3950,440,13,750.7520393886191,1040.1492919921875,-0.030914072178714606,-0.23835519783705916,accepted_saved_frame
JSCC,440_ComptonOnly,3950,440,22,5767.133589378326,1168.7039794921875,0.43718223971709985,3.38918270718768,accepted_saved_frame
JSCC,440_ComptonOnly,3950,440,37,6519.040299490652,1651.8580322265625,0.327387716828825,2.7549822436689766,accepted_saved_frame
JSCC,440_ComptonOnly,4000,440,13,743.1868745270644,1037.9161376953125,-0.03155138909420871,-0.23994269054288106,accepted_saved_frame
JSCC,440_ComptonOnly,4000,440,22,5821.7705877333265,1166.6324462890625,0.44335949417219134,3.3853692734819245,accepted_saved_frame
JSCC,440_ComptonOnly,4000,440,37,6535.017285134113,1649.7508544921875,0.3290238521194878,2.740754691771604,accepted_saved_frame
JSCC,440_ComptonOnly,4050,440,13,735.6824110073545,1035.74072265625,-0.03218934205843514,-0.24147714198611048,accepted_saved_frame
JSCC,440_ComptonOnly,4050,440,22,5875.945184488907,1164.5426025390625,0.4495234220120731,3.381276448774332,accepted_saved_frame
JSCC,440_ComptonOnly,4050,440,37,6550.719524361457,1647.6727294921875,0.330637855113132,2.726619575201791,accepted_saved_frame
JSCC,440_ComptonOnly,4100,440,13,728.2385184805613,1033.6217041015625,-0.03282774049185993,-0.2429588859264278,accepted_saved_frame
JSCC,440_ComptonOnly,4100,440,22,5929.656993919712,1162.4359130859375,0.4556734915368993,3.3769134237251883,accepted_saved_frame
JSCC,440_ComptonOnly,4100,440,37,6566.154426191077,1645.62353515625,0.33223008961616135,2.712576993214168,accepted_saved_frame
JSCC,440_ComptonOnly,4150,440,13,720.8548293896314,1031.55810546875,-0.033466448518986516,-0.24438875214297953,accepted_saved_frame
JSCC,440_ComptonOnly,4150,440,22,5982.901748849088,1160.3135986328125,0.46180888376486123,3.372284679040364,accepted_saved_frame
JSCC,440_ComptonOnly,4150,440,37,6581.324937544333,1643.6026611328125,0.33380075456438796,2.6986249019776487,accepted_saved_frame
JSCC,440_ComptonOnly,4200,440,13,713.5310496305898,1029.5489501953125,-0.03410532355560731,-0.24576748970141274,accepted_saved_frame
JSCC,440_ComptonOnly,4200,440,22,6035.678135620357,1158.1767578125,0.4679290910290768,3.3673986193803365,accepted_saved_frame
JSCC,440_ComptonOnly,4200,440,37,6596.23732515248,1641.6102294921875,0.33535007997015676,2.6847625832350253,accepted_saved_frame
JSCC,440_ComptonOnly,4250,440,13,706.266845209549,1027.593505859375,-0.03474424671900468,-0.2470959535396976,accepted_saved_frame
JSCC,440_ComptonOnly,4250,440,22,6087.9829057041325,1156.0267333984375,0.4740332679376851,3.362258694400995,accepted_saved_frame
JSCC,440_ComptonOnly,4250,440,37,6610.896810638962,1639.6458740234375,0.33687836131596743,2.6709890780754115,accepted_saved_frame
JSCC,440_ComptonOnly,4300,440,13,699.061805830263,1025.6907958984375,-0.03538309025751318,-0.24837496006346285,accepted_saved_frame
JSCC,440_ComptonOnly,4300,440,22,6139.813460774358,1153.8646240234375,0.48012072097575104,3.3568726957170845,accepted_saved_frame
JSCC,440_ComptonOnly,4300,440,37,6625.308010569265,1637.70947265625,0.33838579099431537,2.657303732004271,accepted_saved_frame
JSCC,440_ComptonOnly,4350,440,13,691.9156630322723,1023.8395385742188,-0.03602169014407364,-0.24960517389978246,accepted_saved_frame
JSCC,440_ComptonOnly,4350,440,22,6191.169430191093,1151.69140625,0.4861910053521522,3.3512488032227,accepted_saved_frame
JSCC,440_ComptonOnly,4350,440,37,6639.474553898625,1635.800537109375,0.3398725987862153,2.6437047499978097,accepted_saved_frame
JSCC,440_ComptonOnly,4400,440,13,684.8282673293627,1022.0391235351562,-0.03665992039732911,-0.25078722674069825,accepted_saved_frame
JSCC,440_ComptonOnly,4400,440,22,6242.050361017263,1149.50830078125,0.4922435151693338,3.3453927356334368,accepted_saved_frame
JSCC,440_ComptonOnly,4400,440,37,6653.402378114285,1633.9190673828125,0.3413390412001255,2.6301915536855063,accepted_saved_frame
JSCC,440_ComptonOnly,4450,440,13,677.7991649457317,1020.2890625,-0.03729769774101187,-0.25192218181846115,accepted_saved_frame
JSCC,440_ComptonOnly,4450,440,22,6292.453880093925,1147.316162109375,0.49827762176198725,3.339310292008596,accepted_saved_frame
JSCC,440_ComptonOnly,4450,440,37,6667.094673937621,1632.06494140625,0.3427852249414778,2.6167629147325457,accepted_saved_frame
JSCC,440_ComptonOnly,4500,440,13,670.8282048583491,1018.587890625,-0.03793483649356381,-0.25301056482732054,accepted_saved_frame
JSCC,440_ComptonOnly,4500,440,22,6342.377807991665,1145.1160888671875,0.5042925603450678,3.333008560182254,accepted_saved_frame
JSCC,440_ComptonOnly,4500,440,37,6680.556331478357,1630.2379150390625,0.34421140959786306,2.603417781474767,accepted_saved_frame
JSCC,440_ComptonOnly,4550,440,13,663.9152131265544,1016.9351196289062,-0.03857122573378174,-0.25405323810651037,accepted_saved_frame
JSCC,440_ComptonOnly,4550,440,22,6391.825417363595,1142.9091796875,0.5102880663333275,3.3264959669313687,accepted_saved_frame
JSCC,440_ComptonOnly,4550,440,37,6693.790560683181,1628.4376220703125,0.3456177783854384,2.5901553425832344,accepted_saved_frame
JSCC,440_ComptonOnly,4600,440,13,657.0597329682188,1015.3297119140625,-0.03920674729727244,-0.25505102741116176,accepted_saved_frame
JSCC,440_ComptonOnly,4600,440,22,6440.792521619631,1140.696044921875,0.5162633912369758,3.319774942500698,accepted_saved_frame
JSCC,440_ComptonOnly,4600,440,37,6706.801792112037,1626.6640625,0.34700449880669254,2.57697382268316,accepted_saved_frame
JSCC,440_ComptonOnly,4650,440,13,650.2616845698637,1013.7710571289062,-0.0398412738263865,-0.256004641986807,accepted_saved_frame
JSCC,440_ComptonOnly,4650,440,22,6489.280490292146,1138.4779052734375,0.5222179699788204,3.3128544140209013,accepted_saved_frame
JSCC,440_ComptonOnly,4650,440,37,6719.59393272727,1624.9168701171875,0.3483718087917158,2.5638733549318826,accepted_saved_frame
JSCC,440_ComptonOnly,4700,440,13,643.5208252267219,1012.2582397460938,-0.040474675558840136,-0.25691478424967906,accepted_saved_frame
JSCC,440_ComptonOnly,4700,440,22,6537.2899639451525,1136.25537109375,0.5281514789968397,3.3057418525411983,accepted_saved_frame
JSCC,440_ComptonOnly,4700,440,37,6732.171514479948,1623.196044921875,0.3497198892505495,2.5508529561465783,accepted_saved_frame
JSCC,440_ComptonOnly,4750,440,13,636.8366255336903,1010.790771484375,-0.04110688565168552,-0.257782460091475,accepted_saved_frame
JSCC,440_ComptonOnly,4750,440,22,6584.82075291752,1134.0291748046875,0.5340634281155182,3.298442859399037,accepted_saved_frame
JSCC,440_ComptonOnly,4750,440,37,6744.537830425146,1621.5009765625,0.3510490128119322,2.5379120037306073,accepted_saved_frame
JSCC,440_ComptonOnly,4800,440,13,630.2090414839837,1009.36767578125,-0.041737751420990454,-0.25860832548865215,accepted_saved_frame
JSCC,440_ComptonOnly,4800,440,22,6631.875687493861,1131.800537109375,0.5399533231488247,3.2909676918211637,accepted_saved_frame
JSCC,440_ComptonOnly,4800,440,37,6756.695971976288,1619.8316650390625,0.3523592686139019,2.525049358121584,accepted_saved_frame
JSCC,440_ComptonOnly,4850,440,13,623.6376770726242,1007.988037109375,-0.042367165072818284,-0.25939311149009037,accepted_saved_frame
JSCC,440_ComptonOnly,4850,440,22,6678.452485693492,1129.56982421875,0.5458206343003722,3.2833174617236156,accepted_saved_frame
JSCC,440_ComptonOnly,4850,440,37,6768.648851864937,1618.18798828125,0.35365077075804624,2.5122637547111784,accepted_saved_frame
JSCC,440_ComptonOnly,4900,440,13,617.1227588509838,1006.651611328125,-0.04299499759551222,-0.26013764947875717,accepted_saved_frame
JSCC,440_ComptonOnly,4900,440,22,6724.549420145674,1127.3380126953125,0.5516645155242192,3.275498164446088,accepted_saved_frame
JSCC,440_ComptonOnly,4900,440,37,6780.400987064817,1616.5697021484375,0.3549237814458875,2.499554232074419,accepted_saved_frame
JSCC,440_ComptonOnly,4950,440,13,610.66322329745,1005.3572387695312,-0.04362120141660645,-0.2608428926670198,accepted_saved_frame
JSCC,440_ComptonOnly,4950,440,22,6770.173257458771,1125.105712890625,0.5574851500511521,3.2675197440485073,accepted_saved_frame
JSCC,440_ComptonOnly,4950,440,37,6791.955557381509,1614.9764404296875,0.3561785097809168,2.4869207636967614,accepted_saved_frame
JSCC,440_ComptonOnly,5000,440,13,604.2595400832151,1004.1044311523438,-0.04424560707077642,-0.2615092037671599,accepted_saved_frame
JSCC,440_ComptonOnly,5000,440,22,6815.320305398804,1122.873779296875,0.5632815282692122,3.259384460603281,accepted_saved_frame
JSCC,440_ComptonOnly,5000,440,37,6803.315596969323,1613.408203125,0.3574150521714788,2.4743626490061743,accepted_saved_frame
JSCC,440_ComptonOnly,5050,440,13,597.9113865217683,1002.8923950195312,-0.04486811352498933,-0.2621375896248199,accepted_saved_frame
JSCC,440_ComptonOnly,5050,440,22,6859.9936141100925,1120.6424560546875,0.5690536538062932,3.251100913371206,accepted_saved_frame
JSCC,440_ComptonOnly,5050,440,37,6814.484174538126,1611.86474609375,0.3586335806299014,2.4618779279847094,accepted_saved_frame
JSCC,440_ComptonOnly,5100,440,13,591.6182271841365,1001.7205200195312,-0.04548865728064203,-0.2627288119973031,accepted_saved_frame
JSCC,440_ComptonOnly,5100,440,22,6904.195670139571,1118.4129638671875,0.5748008704392277,3.24267536425236,accepted_saved_frame
JSCC,440_ComptonOnly,5100,440,37,6825.463452392784,1610.345947265625,0.35983417200111933,2.44946621995314,accepted_saved_frame
JSCC,440_ComptonOnly,5150,440,13,585.3797379703868,1000.5882568359375,-0.04610715702364527,-0.2632839242635851,accepted_saved_frame
JSCC,440_ComptonOnly,5150,440,22,6947.928600711762,1116.185302734375,0.5805232123785136,3.234113861581591,accepted_saved_frame
JSCC,440_ComptonOnly,5150,440,37,6836.257302068851,1608.851318359375,0.36101713094975385,2.4371275661686407,accepted_saved_frame
JSCC,440_ComptonOnly,5200,440,13,579.1957400826228,999.4946899414062,-0.046723493168713395,-0.2638034678374309,accepted_saved_frame
JSCC,440_ComptonOnly,5200,440,22,6991.190719898063,1113.96044921875,0.5862197226921467,3.2254217475117737,accepted_saved_frame
JSCC,440_ComptonOnly,5200,440,37,6846.869066338195,1607.380859375,0.3621825859962075,2.424860449058673,accepted_saved_frame
JSCC,440_ComptonOnly,5250,440,13,573.0661108111266,998.4393920898438,-0.04733757331121455,-0.2642882625330441,accepted_saved_frame
JSCC,440_ComptonOnly,5250,440,22,7033.9863530323555,1111.73876953125,0.5918904038539101,3.21660218467759,accepted_saved_frame
JSCC,440_ComptonOnly,5250,440,37,6857.300893059727,1605.9344482421875,0.3633306211059544,2.4126645567296534,accepted_saved_frame
JSCC,440_ComptonOnly,5300,440,13,566.990371488162,997.4215087890625,-0.047949318819468706,-0.2647390430112385,accepted_saved_frame
JSCC,440_ComptonOnly,5300,440,22,7076.318532457425,1109.52099609375,0.5975348879151715,3.207666414928616,accepted_saved_frame
JSCC,440_ComptonOnly,5300,440,37,6867.556674009517,1604.511474609375,0.3644615879582394,2.400539800114895,accepted_saved_frame
JSCC,440_ComptonOnly,5350,440,13,560.9686180245151,996.4405517578125,-0.04855861228194084,-0.2651564972137924,accepted_saved_frame
JSCC,440_ComptonOnly,5350,440,22,7118.1878732635905,1107.3074951171875,0.6031527832304076,3.198615354740005,accepted_saved_frame
JSCC,440_ComptonOnly,5350,440,37,6877.637421979252,1603.11181640625,0.3655754979917804,2.3884845815245512,accepted_saved_frame
JSCC,440_ComptonOnly,5400,440,13,555.0003640908043,995.4957885742188,-0.04916538735318188,-0.26554144211549985,accepted_saved_frame
JSCC,440_ComptonOnly,5400,440,22,7159.596303969003,1105.0986328125,0.608743820223306,3.1894567736034642,accepted_saved_frame
JSCC,440_ComptonOnly,5400,440,37,6887.546889507852,1601.7359619140625,0.36667237250911505,2.37649831959133,accepted_saved_frame
JSCC,440_ComptonOnly,5450,440,13,549.0852088248154,994.5869140625,-0.04976959657418461,-0.26589485740428626,accepted_saved_frame
JSCC,440_ComptonOnly,5450,440,22,7200.5513171407065,1102.895263671875,0.614307959777298,3.1801973114125595,accepted_saved_frame
JSCC,440_ComptonOnly,5450,440,37,6897.287494377072,1600.3829345703125,0.36775257869620975,2.364581293686473,accepted_saved_frame
JSCC,440_ComptonOnly,5500,440,13,543.2233872472352,993.712890625,-0.05037107773927956,-0.2662171351546513,accepted_saved_frame
JSCC,440_ComptonOnly,5500,440,22,7241.050420556822,1100.697265625,0.6198447865423636,3.1708403064273685,accepted_saved_frame
JSCC,440_ComptonOnly,5500,440,37,6906.861544439115,1599.0528564453125,0.3688161517057207,2.352731963916261,accepted_saved_frame
JSCC,440_ComptonOnly,5550,440,13,537.414514593157,992.873291015625,-0.050969777484739645,-0.26650902083739164,accepted_saved_frame
JSCC,440_ComptonOnly,5550,440,22,7281.095005538748,1098.5054931640625,0.625353623207833,3.1613910385931017,accepted_saved_frame
JSCC,440_ComptonOnly,5550,440,37,6916.272200748753,1597.745361328125,0.36986333423685686,2.3409504529395435,accepted_saved_frame
JSCC,440_ComptonOnly,5600,440,13,531.6580239008332,992.0675048828125,-0.05156565329094268,-0.2667713899489925,accepted_saved_frame
JSCC,440_ComptonOnly,5600,440,22,7320.691012057296,1096.3203125,0.6308345622258595,3.151854976645657,accepted_saved_frame
JSCC,440_ComptonOnly,5600,440,37,6925.521765723078,1596.4605712890625,0.37089416496804717,2.3292360449555916,accepted_saved_frame
JSCC,440_ComptonOnly,5650,440,13,525.9537997520094,991.2949829101562,-0.052158617563735694,-0.267004981130119,accepted_saved_frame
JSCC,440_ComptonOnly,5650,440,22,7359.843653361773,1094.1419677734375,0.6362877000259994,3.1422390106292086,accepted_saved_frame
JSCC,440_ComptonOnly,5650,440,37,6934.611246935206,1595.1978759765625,0.3719088153659595,2.317587315765633,accepted_saved_frame
JSCC,440_ComptonOnly,5700,440,13,520.3017664837324,990.5552368164062,-0.05274858347167936,-0.26721052552117475,accepted_saved_frame
JSCC,440_ComptonOnly,5700,440,22,7398.551600589876,1091.97119140625,0.6417121276556306,3.132545123355587,accepted_saved_frame
JSCC,440_ComptonOnly,5700,440,37,6943.545497752474,1593.9573974609375,0.3729075060331011,2.306004724507442,accepted_saved_frame
JSCC,440_ComptonOnly,5750,440,13,514.701433447831,989.8475952148438,-0.053335501575526606,-0.26738868143543165,accepted_saved_frame
JSCC,440_ComptonOnly,5750,440,22,7436.817417944007,1089.8077392578125,0.6471079918298935,3.122777806907826,accepted_saved_frame
JSCC,440_ComptonOnly,5750,440,37,6952.324357703309,1592.73876953125,0.3738902582073497,2.2944877462793385,accepted_saved_frame
JSCC,440_ComptonOnly,5800,440,13,509.15265362597063,989.1714477539062,-0.05391928941224336,-0.2675401323398795,accepted_saved_frame
JSCC,440_ComptonOnly,5800,440,22,7474.646609263138,1087.65234375,0.6524750611529768,3.1129443770276772,accepted_saved_frame
JSCC,440_ComptonOnly,5800,440,37,6960.950895147671,1591.5418701171875,0.37485724628610384,2.2830352310746402,accepted_saved_frame
JSCC,440_ComptonOnly,5850,440,13,503.6549789633433,988.5261840820312,-0.054499900168603115,-0.2676658178365955,accepted_saved_frame
JSCC,440_ComptonOnly,5850,440,22,7512.044087396537,1085.505126953125,0.6578134609994776,3.103048383454806,accepted_saved_frame
JSCC,440_ComptonOnly,5850,440,37,6969.42745498582,1590.366455078125,0.3758086336176075,2.2716467682261023,accepted_saved_frame
JSCC,440_ComptonOnly,5900,440,13,498.2084616219553,987.9116821289062,-0.05507726037611222,-0.26776603518941583,accepted_saved_frame
JSCC,440_ComptonOnly,5900,440,22,7549.010628122215,1083.3665771484375,0.663122630609094,3.093093996203089,accepted_saved_frame
JSCC,440_ComptonOnly,5900,440,37,6977.756964345687,1589.2122802734375,0.376744626599615,2.260323134496593,accepted_saved_frame
JSCC,440_ComptonOnly,5950,440,13,492.8125233607265,987.3270263671875,-0.05565132364681396,-0.2678418029995521,accepted_saved_frame
JSCC,440_ComptonOnly,5950,440,22,7585.547507397172,1081.2369384765625,0.6684022239776428,3.0830864556764803,accepted_saved_frame
JSCC,440_ComptonOnly,5950,440,37,6985.940708854159,1588.079345703125,0.37766524406115387,2.249062228878982,accepted_saved_frame
JSCC,440_ComptonOnly,6000,440,13,487.46708607686793,986.771728515625,-0.05622201366445803,-0.26789363086344997,accepted_saved_frame
JSCC,440_ComptonOnly,6000,440,22,7621.663555527253,1079.1165771484375,0.6736525780979803,3.073029335726433,accepted_saved_frame
JSCC,440_ComptonOnly,6000,440,37,6993.9804358711435,1586.9671630859375,0.3785706891146028,2.237863784960999,accepted_saved_frame
JSCC,440_ComptonOnly,6050,440,13,482.17183092590903,986.2453002929688,-0.05678928279442159,-0.26792221291160095,accepted_saved_frame
JSCC,440_ComptonOnly,6050,440,22,7657.3589567228655,1077.005615234375,0.6788733140610302,3.062925681559606,accepted_saved_frame
JSCC,440_ComptonOnly,6050,440,37,7001.877817201217,1585.8758544921875,0.3794609736644574,2.2267274861972144,accepted_saved_frame
JSCC,440_ComptonOnly,6100,440,13,476.9263375381669,985.7471313476562,-0.05735308981251376,-0.26792821250108867,accepted_saved_frame
JSCC,440_ComptonOnly,6100,440,22,7692.639479058238,1074.904052734375,0.6840647166486326,3.0527837966082876,accepted_saved_frame
JSCC,440_ComptonOnly,6100,440,37,7009.635733701355,1584.8050537109375,0.38033634675253924,2.215653714451941,accepted_saved_frame
JSCC,440_ComptonOnly,6150,440,13,471.73069221091345,985.2767944335938,-0.0579133481546622,-0.2679123099180105,accepted_saved_frame
JSCC,440_ComptonOnly,6150,440,22,7727.506837176511,1072.8126220703125,0.6892261082072466,3.0426026568804123,accepted_saved_frame
JSCC,440_ComptonOnly,6150,440,37,7017.256306620219,1583.7545166015625,0.3811969688387429,2.2046411703415685,accepted_saved_frame
JSCC,440_ComptonOnly,6200,440,13,466.58447677873113,984.833740234375,-0.058470023053198435,-0.26787505893844915,accepted_saved_frame
JSCC,440_ComptonOnly,6200,440,22,7761.964514395014,1070.7310791015625,0.6943577114835495,3.0323892665785492,accepted_saved_frame
JSCC,440_ComptonOnly,6200,440,37,7024.740874597819,1582.7242431640625,0.38204287147010724,2.1936897084556986,accepted_saved_frame
JSCC,440_ComptonOnly,6250,440,13,461.48737875754904,984.4176025390625,-0.05902307927863404,-0.26781708786464803,accepted_saved_frame
JSCC,440_ComptonOnly,6250,440,22,7796.017112377105,1068.66015625,0.699459132882166,3.022143436404414,accepted_saved_frame
JSCC,440_ComptonOnly,6250,440,37,7032.090040518404,1581.7138671875,0.3828741500946415,2.1827983913653246,accepted_saved_frame
JSCC,440_ComptonOnly,6300,440,13,456.43912386495475,984.0277709960938,-0.059572465859382216,-0.2677390127765772,accepted_saved_frame
JSCC,440_ComptonOnly,6300,440,22,7829.664334224799,1066.599365234375,0.7045303866799452,3.0118715739642368,accepted_saved_frame
JSCC,440_ComptonOnly,6300,440,37,7039.307959797812,1580.7236328125,0.38369096094673033,2.1719670597766845,accepted_saved_frame
JSCC,440_ComptonOnly,6350,440,13,451.4393987923811,983.6637573242188,-0.06011814443355507,-0.26764136480060813,accepted_saved_frame
JSCC,440_ComptonOnly,6350,440,22,7862.91677490521,1064.549560546875,0.709571599973849,3.0015781893107705,accepted_saved_frame
JSCC,440_ComptonOnly,6350,440,37,7046.395447325034,1579.7525634765625,0.384493609262033,2.1611955682509323,accepted_saved_frame
JSCC,440_ComptonOnly,6400,440,13,446.48781718201684,983.3251342773438,-0.06066008963780434,-0.26752498727821006,accepted_saved_frame
JSCC,440_ComptonOnly,6400,440,22,7895.776355691975,1062.5103759765625,0.7145829280265615,2.9912666236946786,accepted_saved_frame
JSCC,440_ComptonOnly,6400,440,37,7053.354449371605,1578.80126953125,0.3852819847488021,2.1504837990518073,accepted_saved_frame
JSCC,440_ComptonOnly,6450,440,13,441.58410951894473,983.0112915039062,-0.06119825509234019,-0.2673903551617603,accepted_saved_frame
JSCC,440_ComptonOnly,6450,440,22,7928.243493274168,1060.4825439453125,0.7195635178364421,2.9809364272008287,accepted_saved_frame
JSCC,440_ComptonOnly,6450,440,37,7060.186224219225,1577.8690185546875,0.3860563513332182,2.139831070033345,accepted_saved_frame
JSCC,440_ComptonOnly,6500,440,13,436.72841129537846,982.7220458984375,-0.06173257194497661,-0.2672379248379949,accepted_saved_frame
JSCC,440_ComptonOnly,6500,440,22,7960.326507827257,1058.4656982421875,0.724514194990721,2.9705951111482394,accepted_saved_frame
JSCC,440_ComptonOnly,6500,440,37,7066.892043123774,1576.9559326171875,0.38681670714477523,2.129236600376119,accepted_saved_frame
JSCC,440_ComptonOnly,6550,440,13,431.92012053372076,982.4567260742188,-0.06226303136360546,-0.2670681815972776,accepted_saved_frame
JSCC,440_ComptonOnly,6550,440,22,7992.029663601422,1056.460205078125,0.729434790842712,2.9602444571782383,accepted_saved_frame
JSCC,440_ComptonOnly,6550,440,37,7073.475969934742,1576.0615234375,0.3875634410872066,2.1187011444516064,accepted_saved_frame
JSCC,440_ComptonOnly,6600,440,13,427.1588564064546,982.2147827148438,-0.062789607513815,-0.266881972216349,accepted_saved_frame
JSCC,440_ComptonOnly,6600,440,22,8023.352498316147,1054.466064453125,0.73432492611818,2.949887395451816,accepted_saved_frame
JSCC,440_ComptonOnly,6600,440,37,7079.937850905514,1575.1859130859375,0.3882964538477344,2.1082241807046698,accepted_saved_frame
JSCC,440_ComptonOnly,6650,440,13,422.44440451651633,981.995849609375,-0.0633122663530877,-0.26667970467605223,accepted_saved_frame
JSCC,440_ComptonOnly,6650,440,22,8054.302921541928,1052.4835205078125,0.7391849072115331,2.939528025228329,accepted_saved_frame
JSCC,440_ComptonOnly,6650,440,37,7086.27931008,1574.3287353515625,0.38901592722998907,2.097804102744934,accepted_saved_frame
JSCC,440_ComptonOnly,6700,440,13,417.77653535668674,981.799560546875,-0.063830976850534,-0.26646202854252243,accepted_saved_frame
JSCC,440_ComptonOnly,6700,440,22,8084.883535386577,1050.5125732421875,0.7440146776724088,2.9291673023199714,accepted_saved_frame
JSCC,440_ComptonOnly,6700,440,37,7092.5025767478655,1573.4898681640625,0.38972201009631824,2.0874425921845834,accepted_saved_frame
JSCC,440_ComptonOnly,6750,440,13,413.1548585981114,981.625244140625,-0.06434571293720905,-0.2662292615469697,accepted_saved_frame
JSCC,440_ComptonOnly,6750,440,22,8115.096551859023,1048.553466796875,0.7488139410709679,2.9188079542848495,accepted_saved_frame
JSCC,440_ComptonOnly,6750,440,37,7098.608037344696,1572.669189453125,0.39041472258688664,2.0771373222090017,accepted_saved_frame
JSCC,440_ComptonOnly,6800,440,13,408.5792445480944,981.4728393554688,-0.06485644973047654,-0.2659820260316595,accepted_saved_frame
JSCC,440_ComptonOnly,6800,440,22,8144.949543948752,1046.6060791015625,0.7535832680281325,2.908454361185225,accepted_saved_frame
JSCC,440_ComptonOnly,6800,440,37,7104.599168047942,1571.8663330078125,0.39109438243765804,2.0668888073003537,accepted_saved_frame
JSCC,440_ComptonOnly,6850,440,13,404.04930860999315,981.3414916992188,-0.06536315486644363,-0.2657206469982861,accepted_saved_frame
JSCC,440_ComptonOnly,6850,440,22,8174.443459732571,1044.6708984375,0.7583220250893233,2.898106368327448,accepted_saved_frame
JSCC,440_ComptonOnly,6850,440,37,7110.474926362961,1571.081298828125,0.3917608727799757,2.0566962953291807,accepted_saved_frame
JSCC,440_ComptonOnly,6900,440,13,399.5648442222625,981.2310791015625,-0.06586581186608141,-0.26544587049695406,accepted_saved_frame
JSCC,440_ComptonOnly,6900,440,22,8203.585288757593,1042.747314453125,0.7630311320714264,2.887770974023966,accepted_saved_frame
JSCC,440_ComptonOnly,6900,440,37,7116.239279435576,1570.31396484375,0.39241447101621546,2.046560566814898,accepted_saved_frame
JSCC,440_ComptonOnly,6950,440,13,395.12533452111643,981.1410522460938,-0.06636442066707612,-0.2651579843217001,accepted_saved_frame
JSCC,440_ComptonOnly,6950,440,22,8232.379596591736,1040.8360595703125,0.7677101361498331,2.8774469288060143,accepted_saved_frame
JSCC,440_ComptonOnly,6950,440,37,7121.8917621808305,1569.5638427734375,0.3930552600450359,2.036480341689957,accepted_saved_frame
JSCC,440_ComptonOnly,7000,440,13,390.7308591068985,981.0709838867188,-0.0668589207866448,-0.26485749110862633,accepted_saved_frame
JSCC,440_ComptonOnly,7000,440,22,8260.825088341477,1038.9368896484375,0.772358773735079,2.8671366769417324,accepted_saved_frame
JSCC,440_ComptonOnly,7000,440,37,7127.434700514523,1568.8311767578125,0.3936832865771705,2.0264558502379386,accepted_saved_frame
JSCC,440_ComptonOnly,7050,440,13,386.38064883119415,981.0206909179688,-0.06734936010941298,-0.26454493197701695,accepted_saved_frame
JSCC,440_ComptonOnly,7050,440,22,8288.929201655163,1037.0499267578125,0.7769774078250888,2.856843916091526,accepted_saved_frame
JSCC,440_ComptonOnly,7050,440,37,7132.869720173211,1568.1153564453125,0.3942988236629607,2.0164870095555427,accepted_saved_frame
JSCC,440_ComptonOnly,7100,440,13,382.0744999144319,980.989501953125,-0.06783570181448523,-0.2642207655658189,accepted_saved_frame
JSCC,440_ComptonOnly,7100,440,22,8316.698815671554,1035.1751708984375,0.781566449328938,2.846570142543695,accepted_saved_frame
JSCC,440_ComptonOnly,7100,440,37,7138.197507063733,1567.41650390625,0.39490184355907487,2.0065719014858385,accepted_saved_frame
JSCC,440_ComptonOnly,7150,440,13,377.812186439036,980.9771728515625,-0.06831793203587114,-0.26388537815231905,accepted_saved_frame
JSCC,440_ComptonOnly,7150,440,22,8344.133354391588,1033.3128662109375,0.7861253006113296,2.8363165181585037,accepted_saved_frame
JSCC,440_ComptonOnly,7150,440,37,7143.420825221401,1566.7344970703125,0.395492545417031,1.9967121276053081,accepted_saved_frame
JSCC,440_ComptonOnly,7200,440,13,373.59348775971966,980.9833374023438,-0.06879603200000432,-0.26353920073034165,accepted_saved_frame
JSCC,440_ComptonOnly,7200,440,22,8371.239041371628,1031.4627685546875,0.7906545169074817,2.826085089167469,accepted_saved_frame
JSCC,440_ComptonOnly,7200,440,37,7148.539375241399,1566.0689697265625,0.3960709914391249,1.9869063216596219,accepted_saved_frame
JSCC,440_ComptonOnly,7250,440,13,369.41817929380585,981.0072631835938,-0.0692699689438521,-0.2631824946127942,accepted_saved_frame
JSCC,440_ComptonOnly,7250,440,22,8398.019544127854,1029.6251220703125,0.7951539582615366,2.8158790415998776,accepted_saved_frame
JSCC,440_ComptonOnly,7250,440,37,7153.556249350659,1565.419677734375,0.3966374463949196,1.9771556831300274,accepted_saved_frame
JSCC,440_ComptonOnly,7300,440,13,365.2857573918835,981.049072265625,-0.0697397796208891,-0.26281585970465754,accepted_saved_frame
JSCC,440_ComptonOnly,7300,440,22,8424.480737619988,1027.7996826171875,0.79962415289242,2.8057019357394535,accepted_saved_frame
JSCC,440_ComptonOnly,7300,440,37,7158.470918584845,1564.78662109375,0.3971918401657742,1.9674586555779014,accepted_saved_frame
JSCC,440_ComptonOnly,7350,440,13,361.1960418370252,981.1077880859375,-0.07020541856152561,-0.26243954656456087,accepted_saved_frame
JSCC,440_ComptonOnly,7350,440,22,8450.624994114698,1025.9869384765625,0.8040646064995087,2.7955507236167474,accepted_saved_frame
JSCC,440_ComptonOnly,7350,440,37,7163.285996296503,1564.16943359375,0.39773444561767834,1.9578157916001384,accepted_saved_frame
JSCC,440_ComptonOnly,7400,440,13,357.14864303793587,981.1837768554688,-0.07066692165768511,-0.26205415316435887,accepted_saved_frame
JSCC,440_ComptonOnly,7400,440,22,8476.456594658159,1024.1864013671875,0.8084758988905111,2.7854296696631313,accepted_saved_frame
JSCC,440_ComptonOnly,7400,440,37,7168.001235404325,1563.5682373046875,0.3982651749437399,1.9482254683365983,accepted_saved_frame
JSCC,440_ComptonOnly,7450,440,13,353.14333718876,981.2761840820312,-0.07112425602073147,-0.2616598146451837,accepted_saved_frame
JSCC,440_ComptonOnly,7450,440,22,8501.979140604288,1022.3983154296875,0.8128578887390245,2.7753410895009867,accepted_saved_frame
JSCC,440_ComptonOnly,7450,440,37,7172.619706514873,1562.98291015625,0.39878425625963515,1.938688489665838,accepted_saved_frame
JSCC,440_ComptonOnly,7500,440,13,349.1796100590514,981.3848876953125,-0.07157745317786289,-0.26125708449615875,accepted_saved_frame
JSCC,440_ComptonOnly,7500,440,22,8527.198143320902,1020.622802734375,0.8172107506291998,2.7652832301300796,accepted_saved_frame
JSCC,440_ComptonOnly,7500,440,37,7177.141728109392,1562.4129638671875,0.39929184281621083,1.929204487862581,accepted_saved_frame
JSCC,440_ComptonOnly,7550,440,13,345.25732799068004,981.509033203125,-0.07202647303385898,-0.2608462511359269,accepted_saved_frame
JSCC,440_ComptonOnly,7550,440,22,8552.112639648087,1018.8596801757812,0.821534233706867,2.7552602944757436,accepted_saved_frame
JSCC,440_ComptonOnly,7550,440,37,7181.569551970845,1561.8582763671875,0.39978810715676283,1.9197733156815342,accepted_saved_frame
JSCC,440_ComptonOnly,7600,440,13,341.3762565855374,981.6488647460938,-0.07247133212457736,-0.2604275371202409,accepted_saved_frame
JSCC,440_ComptonOnly,7600,440,22,8576.730352916351,1017.10888671875,0.8258289271253676,2.7452723435139634,accepted_saved_frame
JSCC,440_ComptonOnly,7600,440,37,7185.9030593808375,1561.31884765625,0.40027301421543193,1.9103943026258345,accepted_saved_frame
JSCC,440_ComptonOnly,7650,440,13,337.5358341822092,981.8037719726562,-0.07291205072204028,-0.2600014594791748,accepted_saved_frame
JSCC,440_ComptonOnly,7650,440,22,8601.059532592015,1015.3704223632812,0.8300954282469853,2.735326375256678,accepted_saved_frame
JSCC,440_ComptonOnly,7650,440,37,7190.1429007041015,1560.7945556640625,0.40074662432607755,1.9010670913899868,accepted_saved_frame
JSCC,440_ComptonOnly,7700,440,13,333.73606997915675,981.9734497070312,-0.07334859771087318,-0.25956830976737355,accepted_saved_frame
JSCC,440_ComptonOnly,7700,440,22,8625.102133002105,1013.6443481445312,0.8343335936306668,2.7254218437035855,accepted_saved_frame
JSCC,440_ComptonOnly,7700,440,37,7194.291728243304,1560.2850341796875,0.4012092214381606,1.8917920839547921,accepted_saved_frame
JSCC,440_ComptonOnly,7750,440,13,329.97639112817825,982.157470703125,-0.0737810041248671,-0.2591283763904446,accepted_saved_frame
JSCC,440_ComptonOnly,7750,440,22,8648.862284500407,1011.9307250976562,0.8385435188390598,2.715555459925592,accepted_saved_frame
JSCC,440_ComptonOnly,7750,440,37,7198.351193532742,1559.7900390625,0.4016609795236898,1.882569755625495,accepted_saved_frame
JSCC,440_ComptonOnly,7800,440,13,326.25654365078225,982.3554077148438,-0.07420926602773581,-0.2586819627593512,accepted_saved_frame
JSCC,440_ComptonOnly,7800,440,22,8672.336478372177,1010.2296752929688,0.8427244033345609,2.7057271933444156,accepted_saved_frame
JSCC,440_ComptonOnly,7800,440,37,7202.3216857069565,1559.3094482421875,0.4021019435398967,1.873399340182945,accepted_saved_frame
JSCC,440_ComptonOnly,7850,440,13,322.5761556234502,982.5675048828125,-0.07463341884960388,-0.2582293996334546,accepted_saved_frame
JSCC,440_ComptonOnly,7850,440,22,8695.538373154557,1008.5409545898438,0.846877680472897,2.6959438262455633,accepted_saved_frame
JSCC,440_ComptonOnly,7850,440,37,7206.203873798987,1558.843505859375,0.40253205852161383,1.8642793118517753,accepted_saved_frame
JSCC,440_ComptonOnly,7900,440,13,318.93493293659844,982.7927856445312,-0.07505344433907343,-0.25777094434409803,accepted_saved_frame
JSCC,440_ComptonOnly,7900,440,22,8718.46639775168,1006.8644409179688,0.8510030020418817,2.68620154429596,accepted_saved_frame
JSCC,440_ComptonOnly,7900,440,37,7209.999408230348,1558.391357421875,0.40295170215053694,1.8552112581961657,accepted_saved_frame
JSCC,440_ComptonOnly,7950,440,13,315.33264654853986,983.031494140625,-0.07546936317479991,-0.25730685385942065,accepted_saved_frame
JSCC,440_ComptonOnly,7950,440,22,8741.124304011055,1005.2001953125,0.855100433920538,2.6765063609395225,accepted_saved_frame
JSCC,440_ComptonOnly,7950,440,37,7213.710885662922,1557.9534912109375,0.40336087811196336,1.846194660254842,accepted_saved_frame
JSCC,440_ComptonOnly,8000,440,13,311.76901297559635,983.2830200195312,-0.07588117147374725,-0.2568374800383556,accepted_saved_frame
JSCC,440_ComptonOnly,8000,440,22,8763.516466355435,1003.5484619140625,0.859169935366796,2.666852787691438,accepted_saved_frame
JSCC,440_ComptonOnly,8000,440,37,7217.337291920085,1557.529296875,0.4037596957352638,1.8372283492413728,accepted_saved_frame
JSCC,440_ComptonOnly,8050,440,13,308.243522479985,983.5470581054688,-0.07628890307001784,-0.2563631025235226,accepted_saved_frame
JSCC,440_ComptonOnly,8050,440,22,8785.652399792127,1001.9086303710938,0.8632128645345897,2.657250458510437,accepted_saved_frame
JSCC,440_ComptonOnly,8050,440,37,7220.8805570614595,1557.1185302734375,0.40414835456028286,1.8283137491147567,accepted_saved_frame
JSCC,440_ComptonOnly,8100,440,13,304.7561005345383,983.8234252929688,-0.07669254770050878,-0.25588375673612634,accepted_saved_frame
JSCC,440_ComptonOnly,8100,440,22,8807.527827928183,1000.2813110351562,0.8672278744392615,2.6476919428261683,accepted_saved_frame
JSCC,440_ComptonOnly,8100,440,37,7224.340434370142,1556.7216796875,0.40452665714360375,1.8194488663152397,accepted_saved_frame
JSCC,440_ComptonOnly,8150,440,13,301.3062445134543,984.1116333007812,-0.07709213350760812,-0.25540001343063845,accepted_saved_frame
JSCC,440_ComptonOnly,8150,440,22,8829.150492004293,998.6658935546875,0.8712161393389307,2.638184514223971,accepted_saved_frame
JSCC,440_ComptonOnly,8150,440,37,7227.720806861889,1556.3380126953125,0.40489510546938806,1.810634748724277,accepted_saved_frame
JSCC,440_ComptonOnly,8200,440,13,297.89360282798395,984.4115600585938,-0.07748768515181091,-0.2549119488678608,accepted_saved_frame
JSCC,440_ComptonOnly,8200,440,22,8850.518979709846,997.0628051757812,0.8751768064009333,2.628721243517755,accepted_saved_frame
JSCC,440_ComptonOnly,8200,440,37,7231.019156896646,1555.9676513671875,0.4052534625884443,1.8018696931124474,accepted_saved_frame
JSCC,440_ComptonOnly,8250,440,13,294.51805335453076,984.722900390625,-0.07787919567833078,-0.25441985242439874,accepted_saved_frame
JSCC,440_ComptonOnly,8250,440,22,8871.646683476654,995.4715576171875,0.8791115756583733,2.619311104082464,accepted_saved_frame
JSCC,440_ComptonOnly,8250,440,37,7234.239518587827,1555.6099853515625,0.4056022029735538,1.7931561332628398,accepted_saved_frame
JSCC,440_ComptonOnly,8300,440,13,291.1790257969053,985.045166015625,-0.0782667033572926,-0.25392394156079867,accepted_saved_frame
JSCC,440_ComptonOnly,8300,440,22,8892.529875506958,993.8924560546875,0.8830194600962451,2.6099511606596364,accepted_saved_frame
JSCC,440_ComptonOnly,8300,440,37,7237.380857125482,1555.2655029296875,0.4059410751906468,1.7844916077389168,accepted_saved_frame
JSCC,440_ComptonOnly,8350,440,13,287.8764831621492,985.3781127929688,-0.07865019535538852,-0.2534245017221302,accepted_saved_frame
JSCC,440_ComptonOnly,8350,440,22,8913.177371518175,992.3253173828125,0.8869013591257493,2.6006422137538134,accepted_saved_frame
JSCC,440_ComptonOnly,8350,440,37,7240.4452751359695,1554.933837890625,0.4062703361605642,1.7758760623986198,accepted_saved_frame
JSCC,440_ComptonOnly,8400,440,13,284.61000192281494,985.7216186523438,-0.07902970704267427,-0.2529216353004099,accepted_saved_frame
JSCC,440_ComptonOnly,8400,440,22,8933.585715885794,990.7699584960938,0.8907568064478115,2.5913841525781214,accepted_saved_frame
JSCC,440_ComptonOnly,8400,440,37,7243.43257257364,1554.614501953125,0.406590119892418,1.7673098416533586,accepted_saved_frame
JSCC,440_ComptonOnly,8450,440,13,281.3790488037154,986.0752563476562,-0.07940527673923063,-0.2524155933350288,accepted_saved_frame
JSCC,440_ComptonOnly,8450,440,22,8953.761500117744,989.2265625,0.8945860937715889,2.582178345056032,accepted_saved_frame
JSCC,440_ComptonOnly,8450,440,37,7246.347314021293,1554.3076171875,0.4069006985555169,1.758793619215972,accepted_saved_frame
JSCC,440_ComptonOnly,8500,440,13,278.18359887085074,986.4389038085938,-0.07977689604306325,-0.25190665595930917,accepted_saved_frame
JSCC,440_ComptonOnly,8500,440,22,8973.707435694594,987.6950073242188,0.8983893891164525,2.5730253740445996,accepted_saved_frame
JSCC,440_ComptonOnly,8500,440,37,7249.1868895864645,1554.01318359375,0.40720187262520724,1.750325755487621,accepted_saved_frame
JSCC,440_ComptonOnly,8550,440,13,275.02314805695295,986.8120727539062,-0.08014459944632696,-0.25139491673568914,accepted_saved_frame
JSCC,440_ComptonOnly,8550,440,22,8993.433825255488,986.1754150390625,0.9021674697474538,2.563924944052653,accepted_saved_frame
JSCC,440_ComptonOnly,8550,440,37,7251.953846255744,1553.7308349609375,0.40749393388963995,1.7419065966436411,accepted_saved_frame
JSCC,440_ComptonOnly,8600,440,13,271.89737710249904,987.1950073242188,-0.08050842425196507,-0.25088065858468106,accepted_saved_frame
JSCC,440_ComptonOnly,8600,440,22,9012.93957558366,984.6673583984375,0.9059203991536814,2.554879107249988,accepted_saved_frame
JSCC,440_ComptonOnly,8600,440,37,7254.649787629495,1553.4603271484375,0.4077770668091719,1.733536798357036,accepted_saved_frame
JSCC,440_ComptonOnly,8650,440,13,268.8062818457462,987.5872802734375,-0.0808683515635622,-0.2503639406400982,accepted_saved_frame
JSCC,440_ComptonOnly,8650,440,22,9032.227258537489,983.1709594726562,0.909648093414678,2.545887070388489,accepted_saved_frame
JSCC,440_ComptonOnly,8650,440,37,7257.2758668261695,1553.2015380859375,0.40805138353631065,1.7252163047542246,accepted_saved_frame
JSCC,440_ComptonOnly,8700,440,13,265.7491586408596,987.9884033203125,-0.08122444018036358,-0.2498449767963575,accepted_saved_frame
JSCC,440_ComptonOnly,8700,440,22,9051.299574513487,981.686279296875,0.9133505462770776,2.5369471530138448,accepted_saved_frame
JSCC,440_ComptonOnly,8700,440,37,7259.830099597289,1552.9544677734375,0.40831673148409503,1.7169428144579175,accepted_saved_frame
JSCC,440_ComptonOnly,8750,440,13,262.72589976628507,988.3982543945312,-0.08157669367268644,-0.2493240419369212,accepted_saved_frame
JSCC,440_ComptonOnly,8750,440,22,9070.161519131938,980.212890625,0.9170285246627112,2.5280643920509225,accepted_saved_frame
JSCC,440_ComptonOnly,8750,440,37,7262.316248137241,1552.7186279296875,0.4085735330067444,1.708718331654205,accepted_saved_frame
JSCC,440_ComptonOnly,8800,440,13,259.7360756749113,988.816650390625,-0.08192515034429122,-0.24880105532171762,accepted_saved_frame
JSCC,440_ComptonOnly,8800,440,22,9088.820441412612,978.751220703125,0.9206821746323846,2.5192351305559098,accepted_saved_frame
JSCC,440_ComptonOnly,8800,440,37,7264.733484489711,1552.494384765625,0.4088215967354329,1.7005416881174875,accepted_saved_frame
JSCC,440_ComptonOnly,8850,440,13,256.77950583571703,989.2432861328125,-0.08226981736273173,-0.24827641018286356,accepted_saved_frame
JSCC,440_ComptonOnly,8850,440,22,9107.27003643589,977.30078125,0.9243110560982954,2.510461961495909,accepted_saved_frame
JSCC,440_ComptonOnly,8850,440,37,7267.08437123867,1552.28125,0.40906126037538265,1.6924133665595882,accepted_saved_frame
JSCC,440_ComptonOnly,8900,440,13,253.855780239908,989.6780395507812,-0.08261073353656462,-0.247750115771886,accepted_saved_frame
JSCC,440_ComptonOnly,8900,440,22,9125.523044560176,975.8614501953125,0.9279165139151624,2.501746514562786,accepted_saved_frame
JSCC,440_ComptonOnly,8900,440,37,7269.368072509779,1552.0791015625,0.40929249641061055,1.684332483543645,accepted_saved_frame
JSCC,440_ComptonOnly,8950,440,13,250.9645950017311,990.1204223632812,-0.08294791563471159,-0.24722244809248745,accepted_saved_frame
JSCC,440_ComptonOnly,8950,440,22,9143.571327277665,974.43359375,0.9314970011438635,2.4930851788406962,accepted_saved_frame
JSCC,440_ComptonOnly,8950,440,37,7271.586693479856,1551.8880615234375,0.4095154064098597,1.6762992041613674,accepted_saved_frame
JSCC,440_ComptonOnly,9000,440,13,248.10575963311106,990.5706176757812,-0.08328138738017349,-0.24669341845912474,accepted_saved_frame
JSCC,440_ComptonOnly,9000,440,22,9161.426408661078,973.0169067382812,0.9350539252614889,2.4844793084198744,accepted_saved_frame
JSCC,440_ComptonOnly,9000,440,37,7273.740217296703,1551.707763671875,0.4097301042250471,1.6683128528723838,accepted_saved_frame
JSCC,440_ComptonOnly,9050,440,13,245.27879929432993,991.0277099609375,-0.08361117377568944,-0.2461634646259196,accepted_saved_frame
JSCC,440_ComptonOnly,9050,440,22,9179.09097982822,971.611572265625,0.9385871704567672,2.475929802309567,accepted_saved_frame
JSCC,440_ComptonOnly,9050,440,37,7275.830472558691,1551.5380859375,0.40993675448066036,1.6603732347006348,accepted_saved_frame
JSCC,440_ComptonOnly,9100,440,13,242.483457955471,991.4921264648438,-0.08393731343753764,-0.24563259014780844,accepted_saved_frame
JSCC,440_ComptonOnly,9100,440,22,9196.56954780143,970.2169799804688,0.9420976885198704,2.467437222330778,accepted_saved_frame
JSCC,440_ComptonOnly,9100,440,37,7277.857493581316,1551.3787841796875,0.4101354347785385,1.6524816573831151,accepted_saved_frame
JSCC,440_ComptonOnly,9150,440,13,239.71952319377442,991.9634399414062,-0.08425981649216895,-0.245100722353844,accepted_saved_frame
JSCC,440_ComptonOnly,9150,440,22,9213.864996320784,968.8336181640625,0.9455850626952894,2.4590027381140604,accepted_saved_frame
JSCC,440_ComptonOnly,9150,440,37,7279.823334269869,1551.2298583984375,0.41032628579306746,1.644636879160951,accepted_saved_frame
JSCC,440_ComptonOnly,9200,440,13,236.98658918602635,992.441162109375,-0.08457871377792811,-0.24456814273345248,accepted_saved_frame
JSCC,440_ComptonOnly,9200,440,22,9230.980642849523,967.4609375,0.9490500552121228,2.4506268453065916,accepted_saved_frame
JSCC,440_ComptonOnly,9200,440,37,7281.728896017341,1551.0911865234375,0.4105094070608847,1.636838095954784,accepted_saved_frame
JSCC,440_ComptonOnly,9250,440,13,234.28431888153352,992.925537109375,-0.08489404848764313,-0.24403506825409682,accepted_saved_frame
JSCC,440_ComptonOnly,9250,440,22,9247.91462411174,966.099365234375,0.9524917710794458,2.4423055706369725,accepted_saved_frame
JSCC,440_ComptonOnly,9250,440,37,7283.57330961333,1550.962646484375,0.41068477167485323,1.6290858337735143,accepted_saved_frame
JSCC,440_ComptonOnly,9300,440,13,231.61264158675522,993.416259765625,-0.08520581944600844,-0.24350143049430203,accepted_saved_frame
JSCC,440_ComptonOnly,9300,440,22,9264.670908035212,964.7484130859375,0.9559109898922122,2.434041047140599,accepted_saved_frame
JSCC,440_ComptonOnly,9300,440,37,7285.360124272511,1550.843505859375,0.41085287506423057,1.6213812206763663,accepted_saved_frame
JSCC,440_ComptonOnly,9350,440,13,228.97094001342347,993.9129028320312,-0.08551408396259993,-0.24296741063595173,accepted_saved_frame
JSCC,440_ComptonOnly,9350,440,22,9281.25616400987,963.4080810546875,0.9593082731243082,2.425835810105334,accepted_saved_frame
JSCC,440_ComptonOnly,9350,440,37,7287.088451067077,1550.734619140625,0.41101336110303804,1.6137222157215196,accepted_saved_frame
JSCC,440_ComptonOnly,9400,440,13,226.3590331537674,994.4149780273438,-0.08581884959103137,-0.24243323287055404,accepted_saved_frame
JSCC,440_ComptonOnly,9400,440,22,9297.671812087834,962.0786743164062,0.9626832399814087,2.4176871125815187,accepted_saved_frame
JSCC,440_ComptonOnly,9400,440,37,7288.7583858095,1550.635009765625,0.4111665607893389,1.6061094896236017,accepted_saved_frame
JSCC,440_ComptonOnly,9450,440,13,223.7767766410212,994.923095703125,-0.08612014809011999,-0.24189874220144378,accepted_saved_frame
JSCC,440_ComptonOnly,9450,440,22,9313.918172870111,960.7596435546875,0.9660363356286847,2.409593752146742,accepted_saved_frame
JSCC,440_ComptonOnly,9450,440,37,7290.372382995059,1550.5450439453125,0.4113125224695138,1.5985425510397866,accepted_saved_frame
JSCC,440_ComptonOnly,9500,440,13,221.2238025171006,995.4365234375,-0.08641800218537317,-0.24136434212063243,accepted_saved_frame
JSCC,440_ComptonOnly,9500,440,22,9330.001724580656,959.451416015625,0.9693676301593661,2.401557559932681,accepted_saved_frame
JSCC,440_ComptonOnly,9500,440,37,7291.930679884504,1550.464599609375,0.4114513003049851,1.5910214162564589,accepted_saved_frame
JSCC,440_ComptonOnly,9550,440,13,218.69967161997826,995.9552001953125,-0.0867124599382817,-0.24082997773692988,accepted_saved_frame
JSCC,440_ComptonOnly,9550,440,22,9345.927119740067,958.1532592773438,0.9726782895751553,2.3935811251673416,accepted_saved_frame
JSCC,440_ComptonOnly,9550,440,37,7293.432380065241,1550.3934326171875,0.4115829086867,1.583545279196628,accepted_saved_frame
JSCC,440_ComptonOnly,9600,440,13,216.20417540959852,996.4786376953125,-0.08700353343921792,-0.2402958279497879,accepted_saved_frame
JSCC,440_ComptonOnly,9600,440,22,9361.689361849656,956.8653564453125,0.9759673371424741,2.385659163057601,accepted_saved_frame
JSCC,440_ComptonOnly,9600,440,37,7294.882705919237,1550.3311767578125,0.4117078420463635,1.5761158010882377,accepted_saved_frame
JSCC,440_ComptonOnly,9650,440,13,213.73701955623167,997.0070190429688,-0.08729126102493365,-0.2397617591792534,accepted_saved_frame
JSCC,440_ComptonOnly,9650,440,22,9377.295725788497,955.5880126953125,0.9792350772750422,2.377793246910271,accepted_saved_frame
JSCC,440_ComptonOnly,9650,440,37,7296.277594880432,1550.2779541015625,0.4118257650777116,1.5687313010165294,accepted_saved_frame
JSCC,440_ComptonOnly,9700,440,13,211.29794468570338,997.5404663085938,-0.0875756755047728,-0.23922798741564183,accepted_saved_frame
JSCC,440_ComptonOnly,9700,440,22,9392.746612470235,954.3209228515625,0.9824817123368381,2.369984776758902,accepted_saved_frame
JSCC,440_ComptonOnly,9700,440,37,7297.620836693277,1550.2333984375,0.4119370701820084,1.561391877329898,accepted_saved_frame
JSCC,440_ComptonOnly,9750,440,13,208.88666216403854,998.0781860351562,-0.08785679150561271,-0.23869468363327975,accepted_saved_frame
JSCC,440_ComptonOnly,9750,440,22,9408.04870040979,953.064208984375,0.9857076914792552,2.362232863876768,accepted_saved_frame
JSCC,440_ComptonOnly,9750,440,37,7298.912002006684,1550.1978759765625,0.4120416005608074,1.5540962956766815,accepted_saved_frame
JSCC,440_ComptonOnly,9800,440,13,206.50281442769463,998.6204833984375,-0.08813465755335043,-0.23816175096206899,accepted_saved_frame
JSCC,440_ComptonOnly,9800,440,22,9423.204137048835,951.8175048828125,0.9889135012994623,2.3545369761849027,accepted_saved_frame
JSCC,440_ComptonOnly,9800,440,37,7300.152039894136,1550.1707763671875,0.41213962796781384,1.5468463236407108,accepted_saved_frame
JSCC,440_ComptonOnly,9850,440,13,204.14622777298385,999.1670532226562,-0.08840928750329896,-0.23762944950034762,accepted_saved_frame
JSCC,440_ComptonOnly,9850,440,22,9438.217817086052,950.5805053710938,0.9920998874730879,2.3469006672098134,accepted_saved_frame
JSCC,440_ComptonOnly,9850,440,37,7301.341101410907,1550.15234375,0.4122310788677502,1.5396407004504815,accepted_saved_frame
JSCC,440_ComptonOnly,9900,440,13,201.81638829897835,999.7173461914062,-0.08868072793354682,-0.23709778383355726,accepted_saved_frame
JSCC,440_ComptonOnly,9900,440,22,9453.090648845875,949.3533935546875,0.9952665692745801,2.339321435390321,accepted_saved_frame
JSCC,440_ComptonOnly,9900,440,37,7302.4822899846795,1550.1419677734375,0.4123163800333632,1.5324805111179147,accepted_saved_frame
JSCC,440_ComptonOnly,9950,440,13,199.51339572765573,1000.2716674804688,-0.08894897676146105,-0.23656676106284433,accepted_saved_frame
JSCC,440_ComptonOnly,9950,440,22,9467.81650057895,948.1363525390625,0.9984124382795323,2.331794459169679,accepted_saved_frame
JSCC,440_ComptonOnly,9950,440,37,7303.573181827598,1550.1397705078125,0.41239531505350135,1.5253632713993563,accepted_saved_frame
JSCC,440_ComptonOnly,10000,440,13,197.23678581155062,1000.82958984375,-0.08921407824368058,-0.23603659286564796,accepted_saved_frame
JSCC,440_ComptonOnly,10000,440,22,9482.403713207248,946.9290161132812,1.0015387228787058,2.3243253149071976,accepted_saved_frame
JSCC,440_ComptonOnly,10000,440,37,7304.616151114201,1550.14599609375,0.41246797036618044,1.5182903434759056,accepted_saved_frame
JSCC,440_SinglePlusCompton,0,440,13,1.0,1.0,0,,known_uniform_initialization
JSCC,440_SinglePlusCompton,0,440,22,1.0,1.0,0,,known_uniform_initialization
JSCC,440_SinglePlusCompton,0,440,37,1.0,1.0,0,,known_uniform_initialization
JSCC,440_SinglePlusCompton,50,440,13,420.75638853331475,411.53887939453125,0.002488629224033071,0.3079545300733057,accepted_saved_frame
JSCC,440_SinglePlusCompton,50,440,22,434.9768666494364,417.0890808105469,0.004765245246924603,0.4627415467669057,accepted_saved_frame
JSCC,440_SinglePlusCompton,50,440,37,548.1385069229609,506.0887756347656,0.009231962039653806,1.6244174396240108,accepted_saved_frame
JSCC,440_SinglePlusCompton,100,440,13,576.0625688875012,554.846435546875,0.004248649712663279,0.3297411152126967,accepted_saved_frame
JSCC,440_SinglePlusCompton,100,440,22,626.0978235534566,580.96142578125,0.008632509983393143,0.7095606387356088,accepted_saved_frame
JSCC,440_SinglePlusCompton,100,440,37,799.5972137743657,689.9097290039062,0.01766535214023605,1.8738435728794163,accepted_saved_frame
JSCC,440_SinglePlusCompton,150,440,13,702.6688727007436,668.9041748046875,0.005608625631103623,0.3438813768438053,accepted_saved_frame
JSCC,440_SinglePlusCompton,150,440,22,805.973275519667,727.9064331054688,0.011916495317360054,0.952224879914351,accepted_saved_frame
JSCC,440_SinglePlusCompton,150,440,37,1033.3256812613863,844.13134765625,0.024903224695019155,1.7996738052210568,accepted_saved_frame
JSCC,440_SinglePlusCompton,200,440,13,804.6790046825104,758.4261474609375,0.006776146069274643,0.36699377039644093,accepted_saved_frame
JSCC,440_SinglePlusCompton,200,440,22,964.7874656692271,851.8912963867188,0.014724905469010915,1.199055464465881,accepted_saved_frame
JSCC,440_SinglePlusCompton,200,440,37,1243.825427573581,970.6046752929688,0.03127726677738206,1.8086923095416636,accepted_saved_frame
JSCC,440_SinglePlusCompton,250,440,13,887.2270696380957,828.6287231445312,0.007857472479913271,0.4001149027153419,accepted_saved_frame
JSCC,440_SinglePlusCompton,250,440,22,1099.976199989914,952.8955078125,0.017150148150388202,1.4446920886101917,accepted_saved_frame
JSCC,440_SinglePlusCompton,250,440,37,1430.710666664504,1072.9783935546875,0.03704457665158875,1.8664089936708241,accepted_saved_frame
JSCC,440_SinglePlusCompton,300,440,13,955.2313916024599,884.3995361328125,0.008898926154696982,0.44270610516283687,accepted_saved_frame
JSCC,440_SinglePlusCompton,300,440,22,1212.9197646870502,1033.64306640625,0.019271287922984208,1.674526899898904,accepted_saved_frame
JSCC,440_SinglePlusCompton,300,440,37,1596.70737867484,1155.8323974609375,0.042381671539382916,1.9503142987134074,accepted_saved_frame
JSCC,440_SinglePlusCompton,350,440,13,1012.568161619299,929.598388671875,0.009917039200117328,0.4942161596325106,accepted_saved_frame
JSCC,440_SinglePlusCompton,350,440,22,1306.5001017653278,1097.539794921875,0.021154414608854748,1.8708608507594655,accepted_saved_frame
JSCC,440_SinglePlusCompton,350,440,37,1745.4081740856293,1223.4161376953125,0.04740751193926471,2.0490857921515286,accepted_saved_frame
JSCC,440_SinglePlusCompton,400,440,13,1062.031740805218,967.0343627929688,0.010915087022448465,0.5542462818470387,accepted_saved_frame
JSCC,440_SinglePlusCompton,400,440,22,1383.8950301553061,1147.8096923828125,0.022853705079356516,2.0210529095292245,accepted_saved_frame
JSCC,440_SinglePlusCompton,400,440,37,1880.2152767477523,1279.2110595703125,0.052202680592426796,2.1563727753897792,accepted_saved_frame
JSCC,440_SinglePlusCompton,450,440,13,1105.5625607322802,998.6813354492188,0.011891372429400724,0.6225099603427112,accepted_saved_frame
JSCC,440_SinglePlusCompton,450,440,22,1448.0636087668122,1187.2152099609375,0.02441272246152288,2.12272134920477,accepted_saved_frame
JSCC,440_SinglePlusCompton,450,440,37,2003.9790294144286,1325.91015625,0.05682208975624831,2.268173630161382,accepted_saved_frame
JSCC,440_SinglePlusCompton,500,440,13,1144.4934667591838,1025.9091796875,0.01284327322313978,0.6987661836421548,accepted_saved_frame
JSCC,440_SinglePlusCompton,500,440,22,1501.565789726499,1218.019775390625,0.02586584663116996,2.182707246565757,accepted_saved_frame
JSCC,440_SinglePlusCompton,500,440,37,2118.948065886154,1365.5362548828125,0.0613036989281546,2.38175065341979,accepted_saved_frame
JSCC,440_SinglePlusCompton,550,440,13,1179.7424421852027,1049.6689453125,0.013768732349541778,0.782731176985871,accepted_saved_frame
JSCC,440_SinglePlusCompton,550,440,22,1546.5317405604753,1242.0333251953125,0.027240136457268995,2.212179904592748,accepted_saved_frame
JSCC,440_SinglePlusCompton,550,440,37,2226.8375836926034,1399.5888671875,0.06567394626454165,2.4951455256796735,accepted_saved_frame
JSCC,440_SinglePlusCompton,600,440,13,1211.94985739244,1070.62744140625,0.014666624502457445,0.8739861814896216,accepted_saved_frame
JSCC,440_SinglePlusCompton,600,440,22,1584.6927529392667,1260.685546875,0.028556526854017304,2.2221139265735745,accepted_saved_frame
JSCC,440_SinglePlusCompton,600,440,37,2328.9329015797834,1429.1741943359375,0.06995171763524108,2.6069530067831868,accepted_saved_frame
JSCC,440_SinglePlusCompton,650,440,13,1241.5727666943549,1089.259033203125,0.01553693625649857,0.9719007342374558,accepted_saved_frame
JSCC,440_SinglePlusCompton,650,440,22,1617.4363114556802,1275.097412109375,0.02983117612951442,2.221124626947803,accepted_saved_frame
JSCC,440_SinglePlusCompton,650,440,37,2426.1917618287675,1455.11376953125,0.07415059699042109,2.71619031767919,accepted_saved_frame
JSCC,440_SinglePlusCompton,700,440,13,1268.9483788183038,1105.910400390625,0.01638046891503158,1.0755527221397272,accepted_saved_frame
JSCC,440_SinglePlusCompton,700,440,22,1645.8659617714839,1286.1436767578125,0.031076732329045384,2.2151582518287074,accepted_saved_frame
JSCC,440_SinglePlusCompton,700,440,37,2519.333489884066,1478.0252685546875,0.07828074116363529,2.8222185771520003,accepted_saved_frame
JSCC,440_SinglePlusCompton,750,440,13,1294.3366572235113,1120.844482421875,0.01719855752837376,1.1836705655465614,accepted_saved_frame
JSCC,440_SinglePlusCompton,750,440,22,1670.8575849251356,1294.5087890625,0.03230301194317131,2.2079876673413006,accepted_saved_frame
JSCC,440_SinglePlusCompton,750,440,37,2608.9080603583284,1498.3829345703125,0.08234989721001967,2.9246708207546925,accepted_saved_frame
JSCC,440_SinglePlusCompton,800,440,13,1317.948590764314,1134.268310546875,0.01799302672426771,1.2946265660946645,accepted_saved_frame
JSCC,440_SinglePlusCompton,800,440,22,1693.1067490134885,1300.7293701171875,0.03351772286044836,2.2018604916483335,accepted_saved_frame
JSCC,440_SinglePlusCompton,800,440,37,2695.3471860082195,1516.559326171875,0.08636419730530284,3.023394602791083,accepted_saved_frame
JSCC,440_SinglePlusCompton,850,440,13,1339.9609001901433,1146.3505859375,0.018765862209238197,1.4064602181113117,accepted_saved_frame
JSCC,440_SinglePlusCompton,850,440,22,1713.169418905923,1305.2293701171875,0.034726978357503345,2.1980326495200684,accepted_saved_frame
JSCC,440_SinglePlusCompton,850,440,37,2778.9965241408645,1532.853759765625,0.09032845192875746,3.118387460519405,accepted_saved_frame
JSCC,440_SinglePlusCompton,900,440,13,1360.5284888238245,1157.2347412109375,0.019519111702067684,1.5169744905705207,accepted_saved_frame
JSCC,440_SinglePlusCompton,900,440,22,1731.4913209182098,1308.3450927734375,0.03593566241149425,2.1971484380261743,accepted_saved_frame
JSCC,440_SinglePlusCompton,900,440,37,2860.139052645673,1547.5108642578125,0.09424656062591759,3.209752168251169,accepted_saved_frame
JSCC,440_SinglePlusCompton,950,440,13,1379.788329001232,1167.043212890625,0.02025490228074979,1.623895975514105,accepted_saved_frame
JSCC,440_SinglePlusCompton,950,440,22,1748.4318862265484,1310.34521484375,0.03714768922639617,2.1994796634613505,accepted_saved_frame
JSCC,440_SinglePlusCompton,950,440,37,2939.009253345333,1560.7337646484375,0.09812161717460992,3.2976528601355715,accepted_saved_frame
JSCC,440_SinglePlusCompton,1000,440,13,1397.8626475208846,1175.8834228515625,0.020975173063312116,1.7250501078751335,accepted_saved_frame
JSCC,440_SinglePlusCompton,1000,440,22,1764.2823352533442,1311.4459228515625,0.038366169780091094,2.205076581784173,accepted_saved_frame
JSCC,440_SinglePlusCompton,1000,440,37,3015.8028747891617,1572.6923828125,0.10195611803808541,3.382286183570971,accepted_saved_frame
JSCC,440_SinglePlusCompton,1050,440,13,1414.8616396611808,1183.8499755859375,0.021681769822500425,1.8185642862075666,accepted_saved_frame
JSCC,440_SinglePlusCompton,1050,440,22,1779.2795747324403,1311.82177734375,0.03959360651153432,2.213862663996705,accepted_saved_frame
JSCC,440_SinglePlusCompton,1050,440,37,3090.683564434406,1583.530029296875,0.10575202288934614,3.4638610067534854,accepted_saved_frame
JSCC,440_SinglePlusCompton,1100,440,13,1430.8849395207899,1191.0269775390625,0.02237639043214896,1.903027818974949,accepted_saved_frame
JSCC,440_SinglePlusCompton,1100,440,22,1793.6164205337614,1311.6141357421875,0.04083198553740883,2.225690957706948,accepted_saved_frame
JSCC,440_SinglePlusCompton,1100,440,37,3163.7883350375228,1593.3681640625,0.10951086763491495,3.5425822262152624,accepted_saved_frame
JSCC,440_SinglePlusCompton,1150,440,13,1446.0216384155744,1197.48876953125,0.023060561328002285,1.9775846697899897,accepted_saved_frame
JSCC,440_SinglePlusCompton,1150,440,22,1807.4510531518663,1310.9381103515625,0.042082920864047905,2.2403789496088127,accepted_saved_frame
JSCC,440_SinglePlusCompton,1150,440,37,3235.23169906123,1602.310302734375,0.11323381644202134,3.6186425513974663,accepted_saved_frame
JSCC,440_SinglePlusCompton,1200,440,13,1460.3529722651583,1203.3017578125,0.023735730347653847,2.0419512946197504,accepted_saved_frame
JSCC,440_SinglePlusCompton,1200,440,22,1820.9130794465623,1309.887939453125,0.04334765547508414,2.257729383645831,accepted_saved_frame
JSCC,440_SinglePlusCompton,1200,440,37,3305.1096140987,1610.4456787109375,0.11692166666036316,3.6922191989612063,accepted_saved_frame
JSCC,440_SinglePlusCompton,1250,440,13,1473.9514842861563,1208.525390625,0.024403118389859375,2.096347012865419,accepted_saved_frame
JSCC,440_SinglePlusCompton,1250,440,22,1834.1079515660283,1308.5401611328125,0.04462715237466767,2.2775375756838994,accepted_saved_frame
JSCC,440_SinglePlusCompton,1250,440,37,3373.5026363514557,1617.8499755859375,0.12057515888776142,3.7634744164337826,accepted_saved_frame
JSCC,440_SinglePlusCompton,1300,440,13,1486.8825755162266,1213.212646484375,0.02506384184218903,2.141394368036438,accepted_saved_frame
JSCC,440_SinglePlusCompton,1300,440,22,1847.123777442982,1306.9583740234375,0.045922180346847724,2.299607359991284,accepted_saved_frame
JSCC,440_SinglePlusCompton,1300,440,37,3440.4779360332573,1624.5899658203125,0.12419461788426236,3.8325487210072904,accepted_saved_frame
JSCC,440_SinglePlusCompton,1350,440,13,1499.2054798285371,1217.4110107421875,0.025718920141901542,2.1779884378812118,accepted_saved_frame
JSCC,440_SinglePlusCompton,1350,440,22,1860.0321599101862,1305.194091796875,0.04723333841477934,2.3237499737584373,accepted_saved_frame
JSCC,440_SinglePlusCompton,1350,440,37,3506.0931819261377,1630.7230224609375,0.127780413529908,3.8995701855068616,accepted_saved_frame
JSCC,440_SinglePlusCompton,1400,440,13,1510.9737283643215,1221.1636962890625,0.026369204041098868,2.207162942012022,accepted_saved_frame
JSCC,440_SinglePlusCompton,1400,440,22,1872.8924015936861,1303.2900390625,0.04856106430298509,2.34978532678186,accepted_saved_frame
JSCC,440_SinglePlusCompton,1400,440,37,3570.397060094762,1636.299560546875,0.13133275064876557,3.9646511577904375,accepted_saved_frame
JSCC,440_SinglePlusCompton,1450,440,13,1522.2351764327702,1224.50927734375,0.027015438809982188,2.229995715583658,accepted_saved_frame
JSCC,440_SinglePlusCompton,1450,440,22,1885.7533182145032,1301.28173828125,0.04990563130857861,2.3775418132877473,accepted_saved_frame
JSCC,440_SinglePlusCompton,1450,440,37,3633.431462376498,1641.3643798828125,0.13485170609072542,4.027889772746956,accepted_saved_frame
JSCC,440_SinglePlusCompton,1500,440,13,1533.0338937275287,1227.482666015625,0.02765834284457553,2.2475321004224234,accepted_saved_frame
JSCC,440_SinglePlusCompton,1500,440,22,1898.6557331290358,1299.1978759765625,0.05126734718714903,2.4068654004523133,accepted_saved_frame
JSCC,440_SinglePlusCompton,1500,440,37,3695.232963510068,1645.9566650390625,0.13833740057267827,4.0893727239309365,accepted_saved_frame
JSCC,440_SinglePlusCompton,1550,440,13,1543.4090153491359,1230.1153564453125,0.02829848953797434,2.2607305054974485,accepted_saved_frame
JSCC,440_SinglePlusCompton,1550,440,22,1911.6321184828396,1297.062744140625,0.05264624733575762,2.4376038376241644,accepted_saved_frame
JSCC,440_SinglePlusCompton,1550,440,37,3755.834099682939,1650.1124267578125,0.14178977806328477,4.149176074989041,accepted_saved_frame
JSCC,440_SinglePlusCompton,1600,440,13,1553.397338912058,1232.4364013671875,0.02893644357981715,2.270445400383037,accepted_saved_frame
JSCC,440_SinglePlusCompton,1600,440,22,1924.7102655353845,1294.89599609375,0.05404245860856475,2.4696206273894195,accepted_saved_frame
JSCC,440_SinglePlusCompton,1600,440,37,3815.263946100664,1653.862548828125,0.14520899029863557,4.207370763156917,accepted_saved_frame
JSCC,440_SinglePlusCompton,1650,440,13,1563.031187540204,1234.4718017578125,0.029572646672271122,2.2774083616506395,accepted_saved_frame
JSCC,440_SinglePlusCompton,1650,440,22,1937.9124884845958,1292.7142333984375,0.05545594931766905,2.5027853676697687,accepted_saved_frame
JSCC,440_SinglePlusCompton,1650,440,37,3873.548960476742,1657.236328125,0.14859495593414193,4.264015013792493,accepted_saved_frame
JSCC,440_SinglePlusCompton,1700,440,13,1572.3409730069582,1236.24560546875,0.030207532840780284,2.2822383911087574,accepted_saved_frame
JSCC,440_SinglePlusCompton,1700,440,22,1951.2573394058797,1290.53076171875,0.05688672162272584,2.5369781810001806,accepted_saved_frame
JSCC,440_SinglePlusCompton,1700,440,37,3930.7132904410028,1660.259521484375,0.15194771524010506,4.319163417415675,accepted_saved_frame
JSCC,440_SinglePlusCompton,1750,440,13,1581.3539310813585,1237.779541015625,0.030841463252981698,2.2854439829100825,accepted_saved_frame
JSCC,440_SinglePlusCompton,1750,440,22,1964.7602098843777,1288.3568115234375,0.058334719449611376,2.572088241545938,accepted_saved_frame
JSCC,440_SinglePlusCompton,1750,440,37,3986.779913093759,1662.9564208984375,0.15526721386025663,4.372863340871698,accepted_saved_frame
JSCC,440_SinglePlusCompton,1800,440,13,1590.0945930277637,1239.093505859375,0.031474719714101845,2.287438557144482,accepted_saved_frame
JSCC,440_SinglePlusCompton,1800,440,22,1978.4326884583656,1286.201171875,0.059799831189379656,2.6080088632128438,accepted_saved_frame
JSCC,440_SinglePlusCompton,1800,440,37,4041.770664219457,1665.3485107421875,0.15855354254001908,4.425158912676506,accepted_saved_frame
JSCC,440_SinglePlusCompton,1850,440,13,1598.5860709001247,1240.205810546875,0.032107597456409294,2.288558162757261,accepted_saved_frame
JSCC,440_SinglePlusCompton,1850,440,22,1992.2852894390483,1284.071533203125,0.06128195768288178,2.6446421813251084,accepted_saved_frame
JSCC,440_SinglePlusCompton,1850,440,37,4095.7066284635043,1667.4556884765625,0.16180679454519817,4.476091476268976,accepted_saved_frame
JSCC,440_SinglePlusCompton,1900,440,13,1606.8493842146147,1241.133056640625,0.03274036356602106,2.2890699168706923,accepted_saved_frame
JSCC,440_SinglePlusCompton,1900,440,22,2006.325692553463,1281.9736328125,0.0627809809292792,2.6818966304831386,accepted_saved_frame
JSCC,440_SinglePlusCompton,1900,440,37,4148.607349635081,1669.296875,0.1650269318488481,4.525694010449518,accepted_saved_frame
JSCC,440_SinglePlusCompton,1950,440,13,1614.9040523529754,1241.8907470703125,0.03337324390809574,2.289184220719075,accepted_saved_frame
JSCC,440_SinglePlusCompton,1950,440,22,2020.5601891753277,1279.9124755859375,0.06429673275990787,2.7196871369715,accepted_saved_frame
JSCC,440_SinglePlusCompton,1950,440,37,4200.492550523447,1670.88916015625,0.16821405636975317,4.574001381942119,accepted_saved_frame
JSCC,440_SinglePlusCompton,2000,440,13,1622.7675071622361,1242.492919921875,0.0340064166468268,2.2890632977493928,accepted_saved_frame
JSCC,440_SinglePlusCompton,2000,440,22,2034.9933719713026,1277.8916015625,0.06582907253749339,2.7579330338568204,accepted_saved_frame
JSCC,440_SinglePlusCompton,2000,440,37,4251.381982971312,1672.2481689453125,0.17136835853819873,4.621046188559639,accepted_saved_frame
JSCC,440_SinglePlusCompton,2050,440,13,1630.4554972158726,1242.9522705078125,0.03464003815776668,2.28883126711318,accepted_saved_frame
JSCC,440_SinglePlusCompton,2050,440,22,2049.6289592408316,1275.9139404296875,0.06737784790916937,2.796559794834063,accepted_saved_frame
JSCC,440_SinglePlusCompton,2050,440,37,4301.293467690848,1673.38916015625,0.17448981650901826,4.666853624574453,accepted_saved_frame
JSCC,440_SinglePlusCompton,2100,440,13,1637.98353930857,1243.281005859375,0.03527427576165433,2.288586323166105,accepted_saved_frame
JSCC,440_SinglePlusCompton,2100,440,22,2064.46936002794,1273.9820556640625,0.0689428256203461,2.835496113189528,accepted_saved_frame
JSCC,440_SinglePlusCompton,2100,440,37,4350.2466539197,1674.3258056640625,0.17757866341739115,4.711453282619832,accepted_saved_frame
JSCC,440_SinglePlusCompton,2150,440,13,1645.3645021326072,1243.48974609375,0.035909223064568514,2.288396797767821,accepted_saved_frame
JSCC,440_SinglePlusCompton,2150,440,22,2079.5165593806514,1272.09716796875,0.07052390962844858,2.87467768133493,accepted_saved_frame
JSCC,440_SinglePlusCompton,2150,440,37,4398.259139074809,1675.07080078125,0.18063504055559715,4.754870902429594,accepted_saved_frame
JSCC,440_SinglePlusCompton,2200,440,13,1652.6116216905282,1243.5888671875,0.03654501412942168,2.2883171265198126,accepted_saved_frame
JSCC,440_SinglePlusCompton,2200,440,22,2094.7710941975233,1270.2606201171875,0.07212084941227527,2.9140421431711787,accepted_saved_frame
JSCC,440_SinglePlusCompton,2200,440,37,4445.349974917953,1675.636474609375,0.18365913438979817,4.797129733128139,accepted_saved_frame
JSCC,440_SinglePlusCompton,2250,440,13,1659.7361134194514,1243.5872802734375,0.03718175633661924,2.2883855817323018,accepted_saved_frame
JSCC,440_SinglePlusCompton,2250,440,22,2110.23329215533,1268.472900390625,0.07373348881911346,2.953532900043984,accepted_saved_frame
JSCC,440_SinglePlusCompton,2250,440,37,4491.536825545601,1676.033935546875,0.18665114578496167,4.83825488257291,accepted_saved_frame
JSCC,440_SinglePlusCompton,2300,440,13,1666.7480313722274,1243.4935302734375,0.03781947935790569,2.288623837131242,accepted_saved_frame
JSCC,440_SinglePlusCompton,2300,440,22,2125.9031032729267,1266.7347412109375,0.07536159563206016,2.993096349962579,accepted_saved_frame
JSCC,440_SinglePlusCompton,2300,440,37,4536.837393516255,1676.2740478515625,0.18961122266844688,4.878266255237792,accepted_saved_frame
JSCC,440_SinglePlusCompton,2350,440,13,1673.6575730303985,1243.3153076171875,0.03845831139952222,2.2890516306527404,accepted_saved_frame
JSCC,440_SinglePlusCompton,2350,440,22,2141.7795063371896,1265.0457763671875,0.07700500701666349,3.0326834906098012,accepted_saved_frame
JSCC,440_SinglePlusCompton,2350,440,37,4581.269523448269,1676.3663330078125,0.19253967036007427,4.917187406240111,accepted_saved_frame
JSCC,440_SinglePlusCompton,2400,440,13,1680.4735435425546,1243.0595703125,0.0390983294299395,2.2896806524193387,accepted_saved_frame
JSCC,440_SinglePlusCompton,2400,440,22,2157.8622016877844,1263.4058837890625,0.07866358436136056,3.0722509713647628,accepted_saved_frame
JSCC,440_SinglePlusCompton,2400,440,37,4624.850536083805,1676.3206787109375,0.1954366087334288,4.955038132367258,accepted_saved_frame
JSCC,440_SinglePlusCompton,2450,440,13,1687.2044956829152,1242.7333984375,0.03973955921181958,2.29051162813053,accepted_saved_frame
JSCC,440_SinglePlusCompton,2450,440,22,2174.149014809731,1261.81494140625,0.08033702032994856,3.1117522275155354,accepted_saved_frame
JSCC,440_SinglePlusCompton,2450,440,37,4667.598515792851,1676.1455078125,0.19830239439483913,4.991840443789514,accepted_saved_frame
JSCC,440_SinglePlusCompton,2500,440,13,1693.8573125927924,1242.3426513671875,0.04038201186808172,2.291542230785673,accepted_saved_frame
JSCC,440_SinglePlusCompton,2500,440,22,2190.639642912806,1260.27197265625,0.08202529916314973,3.151155404364155,accepted_saved_frame
JSCC,440_SinglePlusCompton,2500,440,37,4709.530219558421,1675.8489990234375,0.20113726914953364,5.027614151899838,accepted_saved_frame
JSCC,440_SinglePlusCompton,2550,440,13,1700.4394563108085,1241.8927001953125,0.041025798412677346,2.2927724389262503,accepted_saved_frame
JSCC,440_SinglePlusCompton,2550,440,22,2207.330777421826,1258.7764892578125,0.08372806594858992,3.1904177428055123,accepted_saved_frame
JSCC,440_SinglePlusCompton,2550,440,37,4750.663283334734,1675.4393310546875,0.20394146414018108,5.06237932165877,accepted_saved_frame
JSCC,440_SinglePlusCompton,2600,440,13,1706.9571852681393,1241.3887939453125,0.04167092655451402,2.294196184702179,accepted_saved_frame
JSCC,440_SinglePlusCompton,2600,440,22,2224.2202772334967,1257.327392578125,0.08544516199491799,3.229508625681587,accepted_saved_frame
JSCC,440_SinglePlusCompton,2600,440,37,4791.014170326025,1674.92333984375,0.20671532019509012,5.096155732470019,accepted_saved_frame
JSCC,440_SinglePlusCompton,2650,440,13,1713.4166422645696,1240.835693359375,0.04231744348088445,2.295808671160982,accepted_saved_frame
JSCC,440_SinglePlusCompton,2650,440,22,2241.305476546522,1255.924072265625,0.08717630716351239,3.2683963555039086,accepted_saved_frame
JSCC,440_SinglePlusCompton,2650,440,37,4830.59962771982,1674.3084716796875,0.20945902339368017,5.128961702350486,accepted_saved_frame
JSCC,440_SinglePlusCompton,2700,440,13,1719.8224674078324,1240.238037109375,0.04296526741450964,2.297592496718439,accepted_saved_frame
JSCC,440_SinglePlusCompton,2700,440,22,2258.5846817116,1254.5650634765625,0.08892144266341008,3.3070560673822738,accepted_saved_frame
JSCC,440_SinglePlusCompton,2700,440,37,4869.436155421159,1673.600830078125,0.2121729432402515,5.160816536672229,accepted_saved_frame
JSCC,440_SinglePlusCompton,2750,440,13,1726.1801258627709,1239.5992431640625,0.043614533342307964,2.2995476003290434,accepted_saved_frame
JSCC,440_SinglePlusCompton,2750,440,22,2276.0555637349794,1253.2496337890625,0.09068034034347222,3.345464141119688,accepted_saved_frame
JSCC,440_SinglePlusCompton,2750,440,37,4907.540773419394,1672.806640625,0.21485741084189844,5.191741513020413,accepted_saved_frame
JSCC,440_SinglePlusCompton,2800,440,13,1732.4944168704985,1238.923583984375,0.04426520276387391,2.3016598926614784,accepted_saved_frame
JSCC,440_SinglePlusCompton,2800,440,22,2293.715289521156,1251.9765625,0.09245280695643625,3.3835978889622855,accepted_saved_frame
JSCC,440_SinglePlusCompton,2800,440,37,4944.9289091022365,1671.9315185546875,0.21751272267531585,5.221754215102361,accepted_saved_frame
JSCC,440_SinglePlusCompton,2850,440,13,1738.7696995145366,1238.2142333984375,0.04491732731924035,2.303922999981084,accepted_saved_frame
JSCC,440_SinglePlusCompton,2850,440,22,2311.561777508705,1250.7447509765625,0.09423869931218293,3.421439371475073,accepted_saved_frame
JSCC,440_SinglePlusCompton,2850,440,37,4981.616361870478,1670.981201171875,0.2201391319847034,5.250872166829807,accepted_saved_frame
JSCC,440_SinglePlusCompton,2900,440,13,1745.01012171763,1237.4747314453125,0.04557088699136866,2.306325919977038,accepted_saved_frame
JSCC,440_SinglePlusCompton,2900,440,22,2329.590360209502,1249.552490234375,0.09603774848426355,3.45896807678673,accepted_saved_frame
JSCC,440_SinglePlusCompton,2900,440,37,5017.618472783066,1669.9609375,0.22273691558416175,5.279113586857137,accepted_saved_frame
JSCC,440_SinglePlusCompton,2950,440,13,1751.2194628134478,1236.7076416015625,0.04622594557645021,2.3088592389328846,accepted_saved_frame
JSCC,440_SinglePlusCompton,2950,440,22,2347.7995062846703,1248.399169921875,0.09784978704915671,3.496172298992386,accepted_saved_frame
JSCC,440_SinglePlusCompton,2950,440,37,5052.950959431606,1668.875,0.22530653280613894,5.3064990411333115,accepted_saved_frame
JSCC,440_SinglePlusCompton,3000,440,13,1757.40082851663,1235.915771484375,0.04688247002876568,2.3115129370538887,accepted_saved_frame
JSCC,440_SinglePlusCompton,3000,440,22,2366.1862826163147,1247.2833251953125,0.0996746675861221,3.533037390367383,accepted_saved_frame
JSCC,440_SinglePlusCompton,3000,440,37,5087.628110854065,1667.728271484375,0.227848191781785,5.333044144305403,accepted_saved_frame
JSCC,440_SinglePlusCompton,3050,440,13,1763.558021785187,1235.101806640625,0.047540499837815844,2.3142807885585106,accepted_saved_frame
JSCC,440_SinglePlusCompton,3050,440,22,2384.7463835259855,1246.2034912109375,0.10151212599304972,3.569550395939434,accepted_saved_frame
JSCC,440_SinglePlusCompton,3050,440,37,5121.66585230615,1666.525146484375,0.23036227426808015,5.358768721384284,accepted_saved_frame
JSCC,440_SinglePlusCompton,3100,440,13,1769.6932668070697,1234.26806640625,0.048199974181170425,2.3171485768645548,accepted_saved_frame
JSCC,440_SinglePlusCompton,3100,440,22,2403.4780938758613,1245.158935546875,0.1033620086793937,3.6057024829778173,accepted_saved_frame
JSCC,440_SinglePlusCompton,3100,440,37,5155.077126398861,1665.26953125,0.23284903265474582,5.383687630995933,accepted_saved_frame
JSCC,440_SinglePlusCompton,3150,440,13,1775.8096535473574,1233.416748046875,0.048860921083140774,2.320111059496294,accepted_saved_frame
JSCC,440_SinglePlusCompton,3150,440,22,2422.3780191181972,1244.14794921875,0.10522418358142703,3.6414883462320846,accepted_saved_frame
JSCC,440_SinglePlusCompton,3150,440,37,5187.876355967591,1663.96533203125,0.23530879026685556,5.407818554467731,accepted_saved_frame
JSCC,440_SinglePlusCompton,3200,440,13,1781.9095874485604,1232.5498046875,0.049523334172947346,2.3231577844211952,accepted_saved_frame
JSCC,440_SinglePlusCompton,3200,440,22,2441.4431821363405,1243.169677734375,0.107098413735245,3.6768992548296535,accepted_saved_frame
JSCC,440_SinglePlusCompton,3200,440,37,5220.0782508097645,1662.615966796875,0.2377419650757117,5.4311814211055225,accepted_saved_frame
JSCC,440_SinglePlusCompton,3250,440,13,1787.9972620892013,1231.6695556640625,0.05018731632890421,2.32628826343022,accepted_saved_frame
JSCC,440_SinglePlusCompton,3250,440,22,2460.6703099396855,1242.222412109375,0.10898458958652503,3.7119323099904347,accepted_saved_frame
JSCC,440_SinglePlusCompton,3250,440,37,5251.695420467875,1661.225341796875,0.24014870819440792,5.453789272600701,accepted_saved_frame
JSCC,440_SinglePlusCompton,3300,440,13,1794.0727087889188,1230.7772216796875,0.050852734641257454,2.3294858322319754,accepted_saved_frame
JSCC,440_SinglePlusCompton,3300,440,22,2480.0556047749037,1241.305419921875,0.11088238818515511,3.7465821140980964,accepted_saved_frame
JSCC,440_SinglePlusCompton,3300,440,37,5282.741334199602,1659.796142578125,0.2425294621485554,5.475662048771131,accepted_saved_frame
JSCC,440_SinglePlusCompton,3350,440,13,1800.140081931817,1229.874755859375,0.05151972890424466,2.3327529104388436,accepted_saved_frame
JSCC,440_SinglePlusCompton,3350,440,22,2499.596319065981,1240.417236328125,0.11279171465323229,3.7808459499488194,accepted_saved_frame
JSCC,440_SinglePlusCompton,3350,440,37,5313.229129361633,1658.3314208984375,0.24488455098124234,5.496814787138638,accepted_saved_frame
JSCC,440_SinglePlusCompton,3400,440,13,1806.1999466175148,1228.9639892578125,0.052188126874454524,2.3360754696298156,accepted_saved_frame
JSCC,440_SinglePlusCompton,3400,440,22,2519.289311000279,1239.5570068359375,0.11471233469402058,3.8147221774777047,accepted_saved_frame
JSCC,440_SinglePlusCompton,3400,440,37,5343.170428438932,1656.8343505859375,0.24721415112764264,5.517261850182052,accepted_saved_frame
JSCC,440_SinglePlusCompton,3450,440,13,1812.2547086923576,1228.0460205078125,0.052858016215147616,2.3394503564753575,accepted_saved_frame
JSCC,440_SinglePlusCompton,3450,440,22,2539.131472250816,1238.72314453125,0.1166441547725661,3.8482131691637376,accepted_saved_frame
JSCC,440_SinglePlusCompton,3450,440,37,5372.577762051314,1655.307373046875,0.24951863922557374,5.537019377594577,accepted_saved_frame
JSCC,440_SinglePlusCompton,3500,440,13,1818.3058839730318,1227.1219482421875,0.053529401918194414,2.342872129989131,accepted_saved_frame
JSCC,440_SinglePlusCompton,3500,440,22,2559.120646624254,1237.9146728515625,0.11858706175148795,3.8813208427363337,accepted_saved_frame
JSCC,440_SinglePlusCompton,3500,440,37,5401.4638366437075,1653.753173828125,0.2517983351194317,5.55610323577132,accepted_saved_frame
JSCC,440_SinglePlusCompton,3550,440,13,1824.3563125181277,1226.1934814453125,0.05420232434079576,2.3463380707076085,accepted_saved_frame
JSCC,440_SinglePlusCompton,3550,440,22,2579.252569907399,1237.130859375,0.12054071190087187,3.9140415282752516,accepted_saved_frame
JSCC,440_SinglePlusCompton,3550,440,37,5429.839929991383,1652.1739501953125,0.25405355433195503,5.57452826966307,accepted_saved_frame
JSCC,440_SinglePlusCompton,3600,440,13,1830.4061814602453,1225.261474609375,0.05487669542751602,2.349838421836915,accepted_saved_frame
JSCC,440_SinglePlusCompton,3600,440,22,2599.5249618994903,1236.3704833984375,0.12250503449905523,3.9463815715256736,accepted_saved_frame
JSCC,440_SinglePlusCompton,3600,440,37,5457.718104702063,1650.5718994140625,0.25628465211492263,5.5923129023133455,accepted_saved_frame
JSCC,440_SinglePlusCompton,3650,440,13,1836.457338747832,1224.3275146484375,0.055552476021469545,2.3533687373508965,accepted_saved_frame
JSCC,440_SinglePlusCompton,3650,440,22,2619.9328108846626,1235.6324462890625,0.12447969627510973,3.9783389664777564,accepted_saved_frame
JSCC,440_SinglePlusCompton,3650,440,37,5485.107849429357,1648.94921875,0.2584917976894259,5.609467698471237,accepted_saved_frame
JSCC,440_SinglePlusCompton,3700,440,13,1842.5121588851573,1223.392333984375,0.05622978806120349,2.3569290235155758,accepted_saved_frame
JSCC,440_SinglePlusCompton,3700,440,22,2640.4749354197934,1234.9154052734375,0.12646476063094594,4.009923400859248,accepted_saved_frame
JSCC,440_SinglePlusCompton,3700,440,37,5512.020925335436,1647.30810546875,0.2606753005798823,5.626006058465989,accepted_saved_frame
JSCC,440_SinglePlusCompton,3750,440,13,1848.5711104104328,1222.456787109375,0.05690856223152337,2.360513784996255,accepted_saved_frame
JSCC,440_SinglePlusCompton,3750,440,22,2661.147524446055,1234.21923828125,0.12845982499222364,4.041134065152418,accepted_saved_frame
JSCC,440_SinglePlusCompton,3750,440,37,5538.468049383612,1645.6502685546875,0.2628354986754695,5.641945562425228,accepted_saved_frame
JSCC,440_SinglePlusCompton,3800,440,13,1854.635413196678,1221.5218505859375,0.057588778594054583,2.3641176459439888,accepted_saved_frame
JSCC,440_SinglePlusCompton,3800,440,22,2681.9474375238924,1233.5421142578125,0.1304648807261612,4.071977203132271,accepted_saved_frame
JSCC,440_SinglePlusCompton,3800,440,37,5564.458343115069,1643.9774169921875,0.2649726129379679,5.657296504873181,accepted_saved_frame
JSCC,440_SinglePlusCompton,3850,440,13,1860.7068167014982,1220.58837890625,0.058270480118671975,2.367738346793121,accepted_saved_frame
JSCC,440_SinglePlusCompton,3850,440,22,2702.871950290254,1232.8836669921875,0.13247967821330375,4.102457677908889,accepted_saved_frame
JSCC,440_SinglePlusCompton,3850,440,37,5590.002964846503,1642.2913818359375,0.267086964704249,5.672073514653243,accepted_saved_frame
JSCC,440_SinglePlusCompton,3900,440,13,1866.7847717094457,1219.6572265625,0.05895349857806812,2.371367381079801,accepted_saved_frame
JSCC,440_SinglePlusCompton,3900,440,22,2723.9182213649046,1232.2430419921875,0.1345040555708972,4.13258090157875,accepted_saved_frame
JSCC,440_SinglePlusCompton,3900,440,37,5615.110886345386,1640.59375,0.2691787745439645,5.686289486170242,accepted_saved_frame
JSCC,440_SinglePlusCompton,3950,440,13,1872.8716714582424,1218.7288818359375,0.05963798287176431,2.3750077621817556,accepted_saved_frame
JSCC,440_SinglePlusCompton,3950,440,22,2745.0822579658784,1231.619140625,0.13653780056397535,4.1623496136685825,accepted_saved_frame
JSCC,440_SinglePlusCompton,3950,440,37,5639.7920041185025,1638.8857421875,0.2712484029674942,5.699956287464123,accepted_saved_frame
JSCC,440_SinglePlusCompton,4000,440,13,1878.9681353408653,1217.80419921875,0.06032386784037364,2.3786551941096663,accepted_saved_frame
JSCC,440_SinglePlusCompton,4000,440,22,2766.362313041577,1231.0111083984375,0.13858086018056173,4.191774343618396,accepted_saved_frame
JSCC,440_SinglePlusCompton,4000,440,37,5664.0552982389545,1637.1685791015625,0.27329614273899144,5.713088557497642,accepted_saved_frame
JSCC,440_SinglePlusCompton,4050,440,13,1885.075988780749,1216.884033203125,0.0610111962964207,2.382307224153842,accepted_saved_frame
JSCC,440_SinglePlusCompton,4050,440,22,2787.7558670957023,1230.4180908203125,0.1406331164896173,4.220862531601519,accepted_saved_frame
JSCC,440_SinglePlusCompton,4050,440,37,5687.9087134245,1635.4442138671875,0.2753220375639863,5.725693619181783,accepted_saved_frame
JSCC,440_SinglePlusCompton,4100,440,13,1891.1954351760648,1215.96826171875,0.061699999792108336,2.385964059300057,accepted_saved_frame
JSCC,440_SinglePlusCompton,4100,440,22,2809.257400459529,1229.839599609375,0.14269410971712743,4.249612660812344,accepted_saved_frame
JSCC,440_SinglePlusCompton,4100,440,37,5711.362668162419,1633.713623046875,0.27732652144931624,5.737786816989654,accepted_saved_frame
JSCC,440_SinglePlusCompton,4150,440,13,1897.327002451188,1215.05810546875,0.06239014815758585,2.38962002836349,accepted_saved_frame
JSCC,440_SinglePlusCompton,4150,440,22,2830.8652995941297,1229.27490234375,0.1447637857440068,4.278032906784725,accepted_saved_frame
JSCC,440_SinglePlusCompton,4150,440,37,5734.425496961847,1631.9776611328125,0.2793099122434871,5.749380863913202,accepted_saved_frame
JSCC,440_SinglePlusCompton,4200,440,13,1903.4707490948715,1214.154052734375,0.06308157014142192,2.3932682689798774,accepted_saved_frame
JSCC,440_SinglePlusCompton,4200,440,22,2852.577467186923,1228.723388671875,0.1468420253163253,4.306131596629115,accepted_saved_frame
JSCC,440_SinglePlusCompton,4200,440,37,5757.104216529747,1630.2379150390625,0.2812722584449549,5.760484802467628,accepted_saved_frame
JSCC,440_SinglePlusCompton,4250,440,13,1909.6279917658965,1213.256103515625,0.06377437873654486,2.396912161368222,accepted_saved_frame
JSCC,440_SinglePlusCompton,4250,440,22,2874.390887707296,1228.1839599609375,0.1489287328475809,4.333915625317015,accepted_saved_frame
JSCC,440_SinglePlusCompton,4250,440,37,5779.408018800556,1628.4949951171875,0.28321398565541916,5.771111312511265,accepted_saved_frame
JSCC,440_SinglePlusCompton,4300,440,13,1915.801167675117,1212.3651123046875,0.06446866617536146,2.4005551185112637,accepted_saved_frame
JSCC,440_SinglePlusCompton,4300,440,22,2896.303667678452,1227.656494140625,0.15102371256870917,4.361391295543237,accepted_saved_frame
JSCC,440_SinglePlusCompton,4300,440,37,5801.3435250712155,1626.750244140625,0.28513516414206214,5.78126721438496,accepted_saved_frame
JSCC,440_SinglePlusCompton,4350,440,13,1921.9890833333932,1211.481201171875,0.06516429653535215,2.404189127422514,accepted_saved_frame
JSCC,440_SinglePlusCompton,4350,440,22,2918.3113438502673,1227.1397705078125,0.15312677260541102,4.388563926618639,accepted_saved_frame
JSCC,440_SinglePlusCompton,4350,440,37,5822.9187927479115,1625.0040283203125,0.2870361954163399,5.790967317885434,accepted_saved_frame
JSCC,440_SinglePlusCompton,4400,440,13,1928.192652147935,1210.6046142578125,0.06586130869730332,2.4078145603700487,accepted_saved_frame
JSCC,440_SinglePlusCompton,4400,440,22,2940.41095539816,1226.6336669921875,0.15523762622519596,4.415437937668995,accepted_saved_frame
JSCC,440_SinglePlusCompton,4400,440,37,5844.140990776456,1623.257568359375,0.2889172094908118,5.800219846794706,accepted_saved_frame
JSCC,440_SinglePlusCompton,4450,440,13,1934.4122623162461,1209.736083984375,0.0665596210910808,2.4114283909747485,accepted_saved_frame
JSCC,440_SinglePlusCompton,4450,440,22,2962.600527976755,1226.1373291015625,0.15735623641109736,4.442024681604637,accepted_saved_frame
JSCC,440_SinglePlusCompton,4450,440,37,5865.019137351681,1621.5118408203125,0.2907785184517545,5.809036159525852,accepted_saved_frame
JSCC,440_SinglePlusCompton,4500,440,13,1940.6473136723775,1208.8758544921875,0.0672591313713227,2.41502505543546,accepted_saved_frame
JSCC,440_SinglePlusCompton,4500,440,22,2984.877679120662,1225.650390625,0.15948242681346,4.46832730912785,accepted_saved_frame
JSCC,440_SinglePlusCompton,4500,440,37,5885.5581296734845,1619.7674560546875,0.2926202398631208,5.817424176495829,accepted_saved_frame
JSCC,440_SinglePlusCompton,4550,440,13,1946.90030593185,1208.0240478515625,0.06796003949998242,2.418611148216318,accepted_saved_frame
JSCC,440_SinglePlusCompton,4550,440,22,3007.2377110923208,1225.1722412109375,0.16161586736209277,4.494350369287602,accepted_saved_frame
JSCC,440_SinglePlusCompton,4550,440,37,5905.7664482910905,1618.0247802734375,0.29444279636455173,5.825395383839451,accepted_saved_frame
JSCC,440_SinglePlusCompton,4600,440,13,1953.1707729794614,1207.1810302734375,0.06866223632654614,2.422182377572564,accepted_saved_frame
JSCC,440_SinglePlusCompton,4600,440,22,3029.6820288376275,1224.702392578125,0.163756757668724,4.520105598866074,accepted_saved_frame
JSCC,440_SinglePlusCompton,4600,440,37,5925.650003066225,1616.2850341796875,0.2962462187984661,5.832956872101074,accepted_saved_frame
JSCC,440_SinglePlusCompton,4650,440,13,1959.459133412509,1206.3468017578125,0.06936574775984895,2.425739560423746,accepted_saved_frame
JSCC,440_SinglePlusCompton,4650,440,22,3052.2063037286903,1224.2406005859375,0.16590472514306823,4.545595502256545,accepted_saved_frame
JSCC,440_SinglePlusCompton,4650,440,37,5945.214071006319,1614.5482177734375,0.29803079865105403,5.840117318158381,accepted_saved_frame
JSCC,440_SinglePlusCompton,4700,440,13,1965.7660269727603,1205.521728515625,0.07007056506685323,2.4292808861139674,accepted_saved_frame
JSCC,440_SinglePlusCompton,4700,440,22,3074.805459630325,1223.7861328125,0.1680594415775919,4.570821752045046,accepted_saved_frame
JSCC,440_SinglePlusCompton,4700,440,37,5964.4662728415215,1612.8155517578125,0.29979667932894893,5.846887684827151,accepted_saved_frame
JSCC,440_SinglePlusCompton,4750,440,13,1972.091429138464,1204.7060546875,0.0707766357393965,2.432803805346275,accepted_saved_frame
JSCC,440_SinglePlusCompton,4750,440,22,3097.4786848470744,1223.3387451171875,0.17022085821466465,4.595795786650999,accepted_saved_frame
JSCC,440_SinglePlusCompton,4750,440,37,5983.412634431816,1611.087158203125,0.30154417117012156,5.853277585534056,accepted_saved_frame
JSCC,440_SinglePlusCompton,4800,440,13,1978.4358394085057,1203.9000244140625,0.07148395485851718,2.4363093551378228,accepted_saved_frame
JSCC,440_SinglePlusCompton,4800,440,22,3120.2248152126203,1222.897705078125,0.17238900888673214,4.620525491408561,accepted_saved_frame
JSCC,440_SinglePlusCompton,4800,440,37,6002.05895357382,1609.36376953125,0.3032734127061628,5.859292467878142,accepted_saved_frame
JSCC,440_SinglePlusCompton,4850,440,13,1984.7997934025584,1203.103515625,0.07219257598974257,2.439796308563476,accepted_saved_frame
JSCC,440_SinglePlusCompton,4850,440,22,3143.0392495397905,1222.4627685546875,0.17456350595316814,4.645011907046683,accepted_saved_frame
JSCC,440_SinglePlusCompton,4850,440,37,6020.4109481210535,1607.6458740234375,0.3049845979004096,5.864940243819891,accepted_saved_frame
JSCC,440_SinglePlusCompton,4900,440,13,1991.1822051861732,1202.3167724609375,0.07290234716416731,2.4432614553930088,accepted_saved_frame
JSCC,440_SinglePlusCompton,4900,440,22,3165.920724439686,1222.0338134765625,0.1767442374912653,4.669262234551919,accepted_saved_frame
JSCC,440_SinglePlusCompton,4900,440,37,6038.475309657881,1605.933837890625,0.30667801895315844,5.870231545518975,accepted_saved_frame
JSCC,440_SinglePlusCompton,4950,440,13,1997.583971407413,1201.5400390625,0.0736132987171313,2.446704795807192,accepted_saved_frame
JSCC,440_SinglePlusCompton,4950,440,22,3188.8653794733473,1221.6099853515625,0.17893102978958778,4.693279508125934,accepted_saved_frame
JSCC,440_SinglePlusCompton,4950,440,37,6056.257462328462,1604.22802734375,0.30835388036424505,5.875175147853037,accepted_saved_frame
JSCC,440_SinglePlusCompton,5000,440,13,2004.0055976226868,1200.7733154296875,0.07432546194020058,2.4501292886546504,accepted_saved_frame
JSCC,440_SinglePlusCompton,5000,440,22,3211.870896405152,1221.1912841796875,0.18112365068932273,4.71706913010265,accepted_saved_frame
JSCC,440_SinglePlusCompton,5000,440,37,6073.761839048891,1602.529052734375,0.31001225349153283,5.879774742162435,accepted_saved_frame
JSCC,440_SinglePlusCompton,5050,440,13,2010.4466005538102,1200.0167236328125,0.07503875765141951,2.4535290052919483,accepted_saved_frame
JSCC,440_SinglePlusCompton,5050,440,22,3234.9354908559885,1220.77734375,0.18332200447870836,4.74063862387233,accepted_saved_frame
JSCC,440_SinglePlusCompton,5050,440,37,6090.992780132493,1600.837158203125,0.31165329818704124,5.884037581277315,accepted_saved_frame
JSCC,440_SinglePlusCompton,5100,440,13,2016.9094382315693,1199.2705078125,0.0757533596088123,2.456912723468039,accepted_saved_frame
JSCC,440_SinglePlusCompton,5100,440,22,3258.0569431748177,1220.36767578125,0.1855259878579979,4.7639916638141,accepted_saved_frame
JSCC,440_SinglePlusCompton,5100,440,37,6107.95665508046,1599.1527099609375,0.3132772830286038,5.887972810844816,accepted_saved_frame
JSCC,440_SinglePlusCompton,5150,440,13,2023.391536051507,1198.5341796875,0.07646908943195524,2.460271888900864,accepted_saved_frame
JSCC,440_SinglePlusCompton,5150,440,22,3281.233538404123,1219.9620361328125,0.18773548695420297,4.787134886839958,accepted_saved_frame
JSCC,440_SinglePlusCompton,5150,440,37,6124.659203812135,1597.47607421875,0.31488443291934864,5.891589071805735,accepted_saved_frame
JSCC,440_SinglePlusCompton,5200,440,13,2029.8946076420996,1197.808349609375,0.07718599448772712,2.4636091858805345,accepted_saved_frame
JSCC,440_SinglePlusCompton,5200,440,22,3304.462948835396,1219.560302734375,0.18995030343918604,4.810074536937347,accepted_saved_frame
JSCC,440_SinglePlusCompton,5200,440,37,6141.104161639467,1595.8074951171875,0.31647486585456414,5.894890087801086,accepted_saved_frame
JSCC,440_SinglePlusCompton,5250,440,13,2036.4177999245817,1197.093017578125,0.07790397887231854,2.4669225709179785,accepted_saved_frame
JSCC,440_SinglePlusCompton,5250,440,22,3327.7403506016194,1219.1617431640625,0.19217016384509236,4.83281015064407,accepted_saved_frame
JSCC,440_SinglePlusCompton,5250,440,37,6157.29632865263,1594.1473388671875,0.3180487412041188,5.8978835144850175,accepted_saved_frame
JSCC,440_SinglePlusCompton,5300,440,13,2042.9626006042447,1196.3876953125,0.07862324122380719,2.470216555081756,accepted_saved_frame
JSCC,440_SinglePlusCompton,5300,440,22,3351.064361845033,1218.766357421875,0.19439492979822356,4.855349230174474,accepted_saved_frame
JSCC,440_SinglePlusCompton,5300,440,37,6173.241646751856,1592.495849609375,0.3196063307561522,5.9005789759916984,accepted_saved_frame
JSCC,440_SinglePlusCompton,5350,440,13,2049.528188034139,1195.6929931640625,0.07934359216803487,2.4734858566877604,accepted_saved_frame
JSCC,440_SinglePlusCompton,5350,440,22,3374.4341409628614,1218.3740234375,0.19662454276946814,4.877696329003898,accepted_saved_frame
JSCC,440_SinglePlusCompton,5350,440,37,6188.942613901695,1590.8531494140625,0.32114769963254447,5.902980296848601,accepted_saved_frame
JSCC,440_SinglePlusCompton,5400,440,13,2056.1137746240565,1195.0087890625,0.08006496069717005,2.4767290635330186,accepted_saved_frame
JSCC,440_SinglePlusCompton,5400,440,22,3397.846584417733,1217.9842529296875,0.1988588318266839,4.89985603424742,accepted_saved_frame
JSCC,440_SinglePlusCompton,5400,440,37,6204.405230244719,1589.2197265625,0.3226730581851089,5.90509247713033,accepted_saved_frame
JSCC,440_SinglePlusCompton,5450,440,13,2062.721148442705,1194.3349609375,0.08078751549858902,2.479951294962942,accepted_saved_frame
JSCC,440_SinglePlusCompton,5450,440,22,3421.2990565606997,1217.596923828125,0.2010975781344905,4.9218301428662965,accepted_saved_frame
JSCC,440_SinglePlusCompton,5450,440,37,6219.6321620023655,1587.595458984375,0.3241825503261546,5.906922933224788,accepted_saved_frame
JSCC,440_SinglePlusCompton,5500,440,13,2069.3484520739526,1193.671630859375,0.08151104714564503,2.4831471368964415,accepted_saved_frame
JSCC,440_SinglePlusCompton,5500,440,22,3444.7892512781045,1217.2117919921875,0.20334062503800712,4.943622140849823,accepted_saved_frame
JSCC,440_SinglePlusCompton,5500,440,37,6234.6290542877305,1585.9808349609375,0.32567636217798923,5.908478773413996,accepted_saved_frame
JSCC,440_SinglePlusCompton,5550,440,13,2075.997054046928,1193.0186767578125,0.08223568540796279,2.4863208836991766,accepted_saved_frame
JSCC,440_SinglePlusCompton,5550,440,22,3468.314741749815,1216.828369140625,0.2055878699547491,4.965237776234504,accepted_saved_frame
JSCC,440_SinglePlusCompton,5550,440,37,6249.399395214265,1584.3758544921875,0.32715466314352093,5.909765340678284,accepted_saved_frame
JSCC,440_SinglePlusCompton,5600,440,13,2082.666718050917,1192.375732421875,0.08296145077066175,2.4894716291047083,accepted_saved_frame
JSCC,440_SinglePlusCompton,5600,440,22,3491.8733261610014,1216.447021484375,0.2078390102476954,4.986678043795114,accepted_saved_frame
JSCC,440_SinglePlusCompton,5600,440,37,6263.948746853792,1582.7808837890625,0.32861766773275325,5.910789140329105,accepted_saved_frame
JSCC,440_SinglePlusCompton,5650,440,13,2089.357180561219,1191.7432861328125,0.08368822238751594,2.492597091598099,accepted_saved_frame
JSCC,440_SinglePlusCompton,5650,440,22,3515.4621211761164,1216.0667724609375,0.21009403255253498,5.007947729592003,accepted_saved_frame
JSCC,440_SinglePlusCompton,5650,440,37,6278.280605606464,1581.19580078125,0.33006558162460475,5.9115564117358055,accepted_saved_frame
JSCC,440_SinglePlusCompton,5700,440,13,2096.068113327377,1191.1209716796875,0.0844160121398134,2.4956989081598135,accepted_saved_frame
JSCC,440_SinglePlusCompton,5700,440,22,3539.079054248927,1215.6881103515625,0.2123526150529466,5.0290471798123875,accepted_saved_frame
JSCC,440_SinglePlusCompton,5700,440,37,6292.398048991191,1579.62109375,0.331498411858105,5.9120706539705745,accepted_saved_frame
JSCC,440_SinglePlusCompton,5750,440,13,2102.799206450984,1190.509033203125,0.08514473387286145,2.498774966663901,accepted_saved_frame
JSCC,440_SinglePlusCompton,5750,440,22,3562.7218532923443,1215.3104248046875,0.21461470808670224,5.049982676866046,accepted_saved_frame
JSCC,440_SinglePlusCompton,5750,440,37,6306.303887572838,1578.056640625,0.3329163172548444,5.912337094235921,accepted_saved_frame
JSCC,440_SinglePlusCompton,5800,440,13,2109.553119319389,1189.906982421875,0.08587469912290624,2.501832239465663,accepted_saved_frame
JSCC,440_SinglePlusCompton,5800,440,22,3586.3903006334194,1214.9337158203125,0.21688028956578556,5.070761218289239,accepted_saved_frame
JSCC,440_SinglePlusCompton,5800,440,37,6320.003170956665,1576.5025634765625,0.3343195471189479,5.912363820178207,accepted_saved_frame
JSCC,440_SinglePlusCompton,5850,440,13,2116.3264174066117,1189.3153076171875,0.08660548952944344,2.504860668549404,accepted_saved_frame
JSCC,440_SinglePlusCompton,5850,440,22,3610.083812522339,1214.5577392578125,0.21914937025448328,5.091387448850873,accepted_saved_frame
JSCC,440_SinglePlusCompton,5850,440,37,6333.499236068765,1574.958984375,0.33570823105749525,5.912153541710635,accepted_saved_frame
JSCC,440_SinglePlusCompton,5900,440,13,2123.1197964977287,1188.7335205078125,0.08733723373751753,2.5078623250881473,accepted_saved_frame
JSCC,440_SinglePlusCompton,5900,440,22,3633.7971125757167,1214.182373046875,0.22142149988162624,5.11185937925868,accepted_saved_frame
JSCC,440_SinglePlusCompton,5900,440,37,6346.795619045635,1573.42626953125,0.3370824438607298,5.911711553101522,accepted_saved_frame
JSCC,440_SinglePlusCompton,5950,440,13,2129.9337026508083,1188.1617431640625,0.0880699361294043,2.5108418279834597,accepted_saved_frame
JSCC,440_SinglePlusCompton,5950,440,22,3657.5267637264656,1213.8072509765625,0.2236964642344089,5.132176562911672,accepted_saved_frame
JSCC,440_SinglePlusCompton,5950,440,37,6359.896612190661,1571.904296875,0.3384424530194473,5.911045502266476,accepted_saved_frame
JSCC,440_SinglePlusCompton,6000,440,13,2136.7682167225694,1187.5999755859375,0.08880358712708533,2.5137963412363624,accepted_saved_frame
JSCC,440_SinglePlusCompton,6000,440,22,3681.2719266556587,1213.4322509765625,0.22597422162474295,5.152345807310384,accepted_saved_frame
JSCC,440_SinglePlusCompton,6000,440,37,6372.8049845570495,1570.3929443359375,0.33978842029756223,5.910159727813251,accepted_saved_frame
JSCC,440_SinglePlusCompton,6050,440,13,2143.6223427215673,1187.0477294921875,0.08953815882539648,2.516726187201679,accepted_saved_frame
JSCC,440_SinglePlusCompton,6050,440,22,3705.029658629197,1213.0574951171875,0.22825447026237639,5.172365350769713,accepted_saved_frame
JSCC,440_SinglePlusCompton,6050,440,37,6385.523546057216,1568.8924560546875,0.34112040640971003,5.909056782133053,accepted_saved_frame
JSCC,440_SinglePlusCompton,6100,440,13,2150.4971675918373,1186.5052490234375,0.09027369517532649,2.5196342111627055,accepted_saved_frame
JSCC,440_SinglePlusCompton,6100,440,22,3728.7988112596577,1212.6824951171875,0.23053724342278847,5.192243022434751,accepted_saved_frame
JSCC,440_SinglePlusCompton,6100,440,37,6398.054913603098,1567.4031982421875,0.3424384230467873,5.907741442829231,accepted_saved_frame
JSCC,440_SinglePlusCompton,6150,440,13,2157.3929585374644,1185.97265625,0.09101018356050451,2.522518375783605,accepted_saved_frame
JSCC,440_SinglePlusCompton,6150,440,22,3752.578039665436,1212.3072509765625,0.2328224215659468,5.211979597276621,accepted_saved_frame
JSCC,440_SinglePlusCompton,6150,440,37,6410.402499723446,1565.9248046875,0.34374275050573583,5.906218088384926,accepted_saved_frame
JSCC,440_SinglePlusCompton,6200,440,13,2164.3090029244827,1185.44921875,0.09174766537557279,2.525380934206459,accepted_saved_frame
JSCC,440_SinglePlusCompton,6200,440,22,3776.3640488449905,1211.9317626953125,0.23510970621778526,5.231576408242131,accepted_saved_frame
JSCC,440_SinglePlusCompton,6200,440,37,6422.56954948433,1564.45751953125,0.3450334820929345,5.90449184725954,accepted_saved_frame
JSCC,440_SinglePlusCompton,6250,440,13,2171.244972031293,1184.935546875,0.09248598914725423,2.528220445878074,accepted_saved_frame
JSCC,440_SinglePlusCompton,6250,440,22,3800.1542462604802,1211.5555419921875,0.23739900341596323,5.251033334350448,accepted_saved_frame
JSCC,440_SinglePlusCompton,6250,440,37,6434.560731137306,1563.001220703125,0.3463109195812032,5.902569075852284,accepted_saved_frame
JSCC,440_SinglePlusCompton,6300,440,13,2178.2008645566502,1184.4312744140625,0.09322520076464594,2.531036274097567,accepted_saved_frame
JSCC,440_SinglePlusCompton,6300,440,22,3823.94831489155,1211.1788330078125,0.2396902193942417,5.270357590622101,accepted_saved_frame
JSCC,440_SinglePlusCompton,6300,440,37,6446.378055095794,1561.55615234375,0.3475750701504025,5.900453702348976,accepted_saved_frame
JSCC,440_SinglePlusCompton,6350,440,13,2185.176763107224,1183.93603515625,0.09396535494221049,2.5338305467133235,accepted_saved_frame
JSCC,440_SinglePlusCompton,6350,440,22,3847.743602284011,1210.80126953125,0.24198322210342096,5.289551539746812,accepted_saved_frame
JSCC,440_SinglePlusCompton,6350,440,37,6458.023109458852,1560.1220703125,0.34882605465789523,5.8981505495079904,accepted_saved_frame
JSCC,440_SinglePlusCompton,6400,440,13,2192.1712389600516,1183.4501953125,0.09470623808654945,2.5365983360925486,accepted_saved_frame
JSCC,440_SinglePlusCompton,6400,440,22,3871.536842303427,1210.4228515625,0.24427771825594957,5.308612026696827,accepted_saved_frame
JSCC,440_SinglePlusCompton,6400,440,37,6469.499645008389,1558.6993408203125,0.3500639693322497,5.895659759633411,accepted_saved_frame
JSCC,440_SinglePlusCompton,6450,440,13,2199.1835746351485,1182.9732666015625,0.09544785130483106,2.5393399104349346,accepted_saved_frame
JSCC,440_SinglePlusCompton,6450,440,22,3895.327235223741,1210.0433349609375,0.24657371284691218,5.327542948670366,accepted_saved_frame
JSCC,440_SinglePlusCompton,6450,440,37,6480.81056852382,1557.2879638671875,0.35128895867503523,5.892988226346391,accepted_saved_frame
JSCC,440_SinglePlusCompton,6500,440,13,2206.215072275676,1182.5052490234375,0.09619030106703647,2.542058373153904,accepted_saved_frame
JSCC,440_SinglePlusCompton,6500,440,22,3919.1129531340243,1209.6629638671875,0.24887097298986122,5.346346106924066,accepted_saved_frame
JSCC,440_SinglePlusCompton,6500,440,37,6491.958892900909,1555.8875732421875,0.35250128497915423,5.890140743506723,accepted_saved_frame
JSCC,440_SinglePlusCompton,6550,440,13,2213.265984547662,1182.0460205078125,0.09693361681062436,2.5447556100164253,accepted_saved_frame
JSCC,440_SinglePlusCompton,6550,440,22,3942.8917911866456,1209.2813720703125,0.2511694118738691,5.365024393048362,accepted_saved_frame
JSCC,440_SinglePlusCompton,6550,440,37,6502.945856207956,1554.49853515625,0.3537008673099782,5.887120345645667,accepted_saved_frame
JSCC,440_SinglePlusCompton,6600,440,13,2220.3373917991726,1181.595703125,0.09767786297866171,2.5474333690710296,accepted_saved_frame
JSCC,440_SinglePlusCompton,6600,440,22,3966.6634536001143,1208.8980712890625,0.253469157648338,5.383583034916234,accepted_saved_frame
JSCC,440_SinglePlusCompton,6600,440,37,6513.775398283036,1553.1204833984375,0.35488803690590526,5.883931118861909,accepted_saved_frame
JSCC,440_SinglePlusCompton,6650,440,13,2227.4258189412562,1181.154052734375,0.09842274019913538,2.550084469304812,accepted_saved_frame
JSCC,440_SinglePlusCompton,6650,440,22,3990.423808319318,1208.513671875,0.25576965611983754,5.402016940765156,accepted_saved_frame
JSCC,440_SinglePlusCompton,6650,440,37,6524.450327651621,1551.75390625,0.3560627895794479,5.880575604054365,accepted_saved_frame
JSCC,440_SinglePlusCompton,6700,440,13,2234.5319974983777,1180.720703125,0.09916836683676593,2.5527125823872834,accepted_saved_frame
JSCC,440_SinglePlusCompton,6700,440,22,4014.1725160586907,1208.127685546875,0.25807103228879713,5.4203308989215735,accepted_saved_frame
JSCC,440_SinglePlusCompton,6700,440,37,6534.972867775886,1550.3984375,0.35722533638324006,5.877057477245349,accepted_saved_frame
JSCC,440_SinglePlusCompton,6750,440,13,2241.656960704532,1180.2958984375,0.09991478160237273,2.5553201749943617,accepted_saved_frame
JSCC,440_SinglePlusCompton,6750,440,22,4037.90486895592,1207.739990234375,0.26037290049604883,5.43852274097622,accepted_saved_frame
JSCC,440_SinglePlusCompton,6750,440,37,6545.343728225448,1549.0543212890625,0.3583755971678305,5.873381245209499,accepted_saved_frame
JSCC,440_SinglePlusCompton,6800,440,13,2248.7999858298826,1179.8792724609375,0.10066196679968978,2.5579059799872432,accepted_saved_frame
JSCC,440_SinglePlusCompton,6800,440,22,4061.6207359162554,1207.3507080078125,0.26267522113383895,5.456596117596177,accepted_saved_frame
JSCC,440_SinglePlusCompton,6800,440,37,6555.566792420863,1547.72119140625,0.35951390475958866,5.8695503298755485,accepted_saved_frame
JSCC,440_SinglePlusCompton,6850,440,13,2255.9606321110837,1179.47119140625,0.10140980019485266,2.560467687044388,accepted_saved_frame
JSCC,440_SinglePlusCompton,6850,440,22,4085.318366818312,1206.9598388671875,0.264977842607391,5.474553668038455,accepted_saved_frame
JSCC,440_SinglePlusCompton,6850,440,37,6565.644867380754,1546.3992919921875,0.3606403311931737,5.865569912932718,accepted_saved_frame
JSCC,440_SinglePlusCompton,6900,440,13,2263.139858880347,1179.071044921875,0.10215846700553263,2.5630121716850067,accepted_saved_frame
JSCC,440_SinglePlusCompton,6900,440,22,4108.9961423673085,1206.5670166015625,0.2672807400233928,5.49239450667512,accepted_saved_frame
JSCC,440_SinglePlusCompton,6900,440,37,6575.579377015877,1545.088623046875,0.36175492380847696,5.861440449419427,accepted_saved_frame
JSCC,440_SinglePlusCompton,6950,440,13,2270.337777775584,1178.6788330078125,0.10290796348484713,2.565536290160714,accepted_saved_frame
JSCC,440_SinglePlusCompton,6950,440,22,4132.651501370531,1206.1722412109375,0.2695836889045845,5.510121605917415,accepted_saved_frame
JSCC,440_SinglePlusCompton,6950,440,37,6585.374667682002,1543.7890625,0.3628579784380716,5.857168839040867,accepted_saved_frame
JSCC,440_SinglePlusCompton,7000,440,13,2277.5511462269974,1178.2947998046875,0.10365792505166706,2.568035144413261,accepted_saved_frame
JSCC,440_SinglePlusCompton,7000,440,22,4156.284274924905,1205.775390625,0.2718867237021963,5.52773821691181,accepted_saved_frame
JSCC,440_SinglePlusCompton,7000,440,37,6595.0313090273185,1542.5003662109375,0.36394955831266707,5.8527560098513,accepted_saved_frame
JSCC,440_SinglePlusCompton,7050,440,13,2284.782692318737,1177.9180908203125,0.10440875021827654,2.5705154627078306,accepted_saved_frame
JSCC,440_SinglePlusCompton,7050,440,22,4179.891729929577,1205.37646484375,0.27418960445978974,5.545241252043284,accepted_saved_frame
JSCC,440_SinglePlusCompton,7050,440,37,6604.550453045254,1541.222900390625,0.3650295814786875,5.848204086242219,accepted_saved_frame
JSCC,440_SinglePlusCompton,7100,440,13,2292.0312573138985,1177.5491943359375,0.1051602267884167,2.5729749976388256,accepted_saved_frame
JSCC,440_SinglePlusCompton,7100,440,22,4203.471099691705,1204.9755859375,0.2764920485386435,5.562631783889316,accepted_saved_frame
JSCC,440_SinglePlusCompton,7100,440,37,6613.935399862548,1539.9566650390625,0.36609823365781957,5.8435180626395775,accepted_saved_frame
JSCC,440_SinglePlusCompton,7150,440,13,2299.294754507874,1177.187744140625,0.10591221096893973,2.575410308862904,accepted_saved_frame
JSCC,440_SinglePlusCompton,7150,440,22,4227.022317110526,1204.5726318359375,0.2787941000256988,5.579912560409523,accepted_saved_frame
JSCC,440_SinglePlusCompton,7150,440,37,6623.188658097525,1538.7012939453125,0.3671557583556798,5.83870197714246,accepted_saved_frame
JSCC,440_SinglePlusCompton,7200,440,13,2306.575597083343,1176.83349609375,0.10666496197347779,2.577827847227336,accepted_saved_frame
JSCC,440_SinglePlusCompton,7200,440,22,4250.546109605641,1204.167236328125,0.2810959568269178,5.597090055134352,accepted_saved_frame
JSCC,440_SinglePlusCompton,7200,440,37,6632.311311942198,1537.4566650390625,0.36820222230629973,5.833757095795482,accepted_saved_frame
JSCC,440_SinglePlusCompton,7250,440,13,2313.871323846145,1176.4864501953125,0.10741823422729145,2.5802235534716926,accepted_saved_frame
JSCC,440_SinglePlusCompton,7250,440,22,4274.036672827078,1203.7596435546875,0.28339701697756614,5.614158195511083,accepted_saved_frame
JSCC,440_SinglePlusCompton,7250,440,37,6641.306269015814,1536.22314453125,0.36923767246661476,5.8286886349515745,accepted_saved_frame
JSCC,440_SinglePlusCompton,7300,440,13,2321.1840195265836,1176.146728515625,0.10817218854015977,2.582600778502129,accepted_saved_frame
JSCC,440_SinglePlusCompton,7300,440,22,4297.493869031962,1203.349609375,0.28569736006073265,5.631120992160853,accepted_saved_frame
JSCC,440_SinglePlusCompton,7300,440,37,6650.174623373842,1535.00048828125,0.3702622155601676,5.823495520512452,accepted_saved_frame
JSCC,440_SinglePlusCompton,7350,440,13,2328.5126591019716,1175.8140869140625,0.10892676023990415,2.5849584082880863,accepted_saved_frame
JSCC,440_SinglePlusCompton,7350,440,22,4320.917030855736,1202.93701171875,0.28799697820716247,5.647979328902481,accepted_saved_frame
JSCC,440_SinglePlusCompton,7350,440,37,6658.917816023755,1533.78857421875,0.3712759465137233,5.818183408516224,accepted_saved_frame
JSCC,440_SinglePlusCompton,7400,440,13,2335.858432808336,1175.488525390625,0.10968204872117698,2.587299046882388,accepted_saved_frame
JSCC,440_SinglePlusCompton,7400,440,22,4344.304722589898,1202.522216796875,0.2902956304773868,5.6647342811260595,accepted_saved_frame
JSCC,440_SinglePlusCompton,7400,440,37,6667.537464129709,1532.5872802734375,0.37227897410624444,5.812753661447953,accepted_saved_frame
JSCC,440_SinglePlusCompton,7450,440,13,2343.2184202015083,1175.1697998046875,0.11043781083011245,2.589618243027296,accepted_saved_frame
JSCC,440_SinglePlusCompton,7450,440,22,4367.653842786753,1202.104736328125,0.29259320578818176,5.68138483572506,accepted_saved_frame
JSCC,440_SinglePlusCompton,7450,440,37,6676.038296813848,1531.3968505859375,0.37327151818285575,5.807211131227779,accepted_saved_frame
JSCC,440_SinglePlusCompton,7500,440,13,2350.5927477266787,1174.8575439453125,0.111194115012362,2.5919165444935834,accepted_saved_frame
JSCC,440_SinglePlusCompton,7500,440,22,4390.962991308505,1201.6851806640625,0.2948893827473938,5.697929212902844,accepted_saved_frame
JSCC,440_SinglePlusCompton,7500,440,37,6684.419812304156,1530.217041015625,0.37425357413987204,5.8015600636962645,accepted_saved_frame
JSCC,440_SinglePlusCompton,7550,440,13,2357.9849258756576,1174.552001953125,0.1119512349251875,2.5942010850707433,accepted_saved_frame
JSCC,440_SinglePlusCompton,7550,440,22,4414.231771819611,1201.2630615234375,0.2971843010918023,5.714370625189765,accepted_saved_frame
JSCC,440_SinglePlusCompton,7550,440,37,6692.684476113071,1529.047607421875,0.37522535405026086,5.795797649417176,accepted_saved_frame
JSCC,440_SinglePlusCompton,7600,440,13,2365.3902832210733,1174.2528076171875,0.11270878599728082,2.5964652697353023,accepted_saved_frame
JSCC,440_SinglePlusCompton,7600,440,22,4437.455168508071,1200.8382568359375,0.29947755182656277,5.7307064910947405,accepted_saved_frame
JSCC,440_SinglePlusCompton,7600,440,37,6700.834027442534,1527.888916015625,0.3761868242007434,5.789930716076193,accepted_saved_frame
JSCC,440_SinglePlusCompton,7650,440,13,2372.8097697171934,1173.960205078125,0.11346679947575744,2.5987093962452903,accepted_saved_frame
JSCC,440_SinglePlusCompton,7650,440,22,4460.636815078474,1200.410888671875,0.3017694429255605,5.746945411215323,accepted_saved_frame
JSCC,440_SinglePlusCompton,7650,440,37,6708.869616901459,1526.740478515625,0.37713818071236926,5.783959595348574,accepted_saved_frame
JSCC,440_SinglePlusCompton,7700,440,13,2380.243846274237,1173.6739501953125,0.11422535344184606,2.600935460315976,accepted_saved_frame
JSCC,440_SinglePlusCompton,7700,440,22,4483.773325397253,1199.98095703125,0.30405967408850454,5.763083716640734,accepted_saved_frame
JSCC,440_SinglePlusCompton,7700,440,37,6716.79284011635,1525.6026611328125,0.3780793803464236,5.7778849539508945,accepted_saved_frame
JSCC,440_SinglePlusCompton,7750,440,13,2387.6919376069714,1173.3936767578125,0.1149844520690115,2.6031427738191546,accepted_saved_frame
JSCC,440_SinglePlusCompton,7750,440,22,4506.861174478402,1199.54833984375,0.30634797418515164,5.779119610229119,accepted_saved_frame
JSCC,440_SinglePlusCompton,7750,440,37,6724.605554243298,1524.475341796875,0.37901055529461414,5.771712199907665,accepted_saved_frame
JSCC,440_SinglePlusCompton,7800,440,13,2395.154118918426,1173.1192626953125,0.11574411486474995,2.605333732429273,accepted_saved_frame
JSCC,440_SinglePlusCompton,7800,440,22,4529.900557503124,1199.1129150390625,0.3086344173161409,5.795056575688777,accepted_saved_frame
JSCC,440_SinglePlusCompton,7800,440,37,6732.310290906289,1523.3583984375,0.3799318880508853,5.765440796193575,accepted_saved_frame
JSCC,440_SinglePlusCompton,7850,440,13,2402.632611659449,1172.8507080078125,0.11650454129082603,2.6075124465576707,accepted_saved_frame
JSCC,440_SinglePlusCompton,7850,440,22,4552.891047447238,1198.675048828125,0.3109188490054855,5.810893035381645,accepted_saved_frame
JSCC,440_SinglePlusCompton,7850,440,37,6739.908704013004,1522.251708984375,0.38084349828129693,5.7590774091731,accepted_saved_frame
JSCC,440_SinglePlusCompton,7900,440,13,2410.12378468134,1172.5885009765625,0.11726528129614532,2.6096717465536536,accepted_saved_frame
JSCC,440_SinglePlusCompton,7900,440,22,4575.833088708816,1198.234375,0.3132014519009657,5.826635687913963,accepted_saved_frame
JSCC,440_SinglePlusCompton,7900,440,37,6747.402796473689,1521.155029296875,0.3817455717326814,5.75262604109708,accepted_saved_frame
JSCC,440_SinglePlusCompton,7950,440,13,2417.629478394295,1172.3319091796875,0.11802664031913926,2.611815482508412,accepted_saved_frame
JSCC,440_SinglePlusCompton,7950,440,22,4598.72177349172,1197.7908935546875,0.31548178477167527,5.842278254159372,accepted_saved_frame
JSCC,440_SinglePlusCompton,7950,440,37,6754.792354781077,1520.068603515625,0.38263797503455854,5.7460845977361,accepted_saved_frame
JSCC,440_SinglePlusCompton,8000,440,13,2425.147631400693,1172.0809326171875,0.11878841240704746,2.6139402448504474,accepted_saved_frame
JSCC,440_SinglePlusCompton,8000,440,22,4621.557293611482,1197.3447265625,0.31775983521282286,5.8578242863097945,accepted_saved_frame
JSCC,440_SinglePlusCompton,8000,440,37,6762.0797540582635,1518.9921875,0.3835209226006242,5.739454386459289,accepted_saved_frame
JSCC,440_SinglePlusCompton,8050,440,13,2432.6775550723096,1171.83544921875,0.11955054560814066,2.6160461325647137,accepted_saved_frame
JSCC,440_SinglePlusCompton,8050,440,22,4644.339026640805,1196.89599609375,0.32003551425226434,5.873274059347893,accepted_saved_frame
JSCC,440_SinglePlusCompton,8050,440,37,6769.2667791134045,1517.92578125,0.3843945074939308,5.732741529680898,accepted_saved_frame
JSCC,440_SinglePlusCompton,8100,440,13,2440.220433363295,1171.59521484375,0.12031318993743219,2.618138187060791,accepted_saved_frame
JSCC,440_SinglePlusCompton,8100,440,22,4667.067457458284,1196.444580078125,0.3223089230996145,5.888628898960883,accepted_saved_frame
JSCC,440_SinglePlusCompton,8100,440,37,6776.354214627739,1516.8695068359375,0.385258710206145,5.725944757420824,accepted_saved_frame
JSCC,440_SinglePlusCompton,8150,440,13,2447.7762058330272,1171.360595703125,0.121076257133243,2.6202139300419045,accepted_saved_frame
JSCC,440_SinglePlusCompton,8150,440,22,4689.738330209423,1195.9903564453125,0.32457972358648685,5.903887548063301,accepted_saved_frame
JSCC,440_SinglePlusCompton,8150,440,37,6783.345877964402,1515.8226318359375,0.38611401386193794,5.719071215422566,accepted_saved_frame
JSCC,440_SinglePlusCompton,8200,440,13,2455.345160729875,1171.131103515625,0.12183986094574727,2.622274367480265,accepted_saved_frame
JSCC,440_SinglePlusCompton,8200,440,22,4712.352639339166,1195.533203125,0.3268480658784776,5.919052768095481,accepted_saved_frame
JSCC,440_SinglePlusCompton,8200,440,37,6790.2406742965395,1514.785888671875,0.3869600629572251,5.7121199271318694,accepted_saved_frame
JSCC,440_SinglePlusCompton,8250,440,13,2462.924928260976,1170.9068603515625,0.1226037424171749,2.6243146566398683,accepted_saved_frame
JSCC,440_SinglePlusCompton,8250,440,22,4734.9068613964,1195.0736083984375,0.32911345638011225,5.934119869961409,accepted_saved_frame
JSCC,440_SinglePlusCompton,8250,440,37,6797.0406877493915,1513.758544921875,0.38779721585872473,5.705094187223814,accepted_saved_frame
JSCC,440_SinglePlusCompton,8300,440,13,2470.517143823013,1170.6876220703125,0.12336809554845744,2.626342451986707,accepted_saved_frame
JSCC,440_SinglePlusCompton,8300,440,22,4757.401789190913,1194.6114501953125,0.3313760245283197,5.9490930598351355,accepted_saved_frame
JSCC,440_SinglePlusCompton,8300,440,37,6803.745680898587,1512.7408447265625,0.3886253407453944,5.697992581173453,accepted_saved_frame
JSCC,440_SinglePlusCompton,8350,440,13,2478.120661467188,1170.4732666015625,0.12413282655051756,2.6283542645612763,accepted_saved_frame
JSCC,440_SinglePlusCompton,8350,440,22,4779.834272620715,1194.146484375,0.3336355794390217,5.963970117427675,accepted_saved_frame
JSCC,440_SinglePlusCompton,8350,440,37,6810.360320888606,1511.7330322265625,0.38944466572895536,5.690817865649951,accepted_saved_frame
JSCC,440_SinglePlusCompton,8400,440,13,2485.7350094694793,1170.2635498046875,0.12489793050693951,2.63034987047573,accepted_saved_frame
JSCC,440_SinglePlusCompton,8400,440,22,4802.205455671962,1193.678466796875,0.33589233144520747,5.978755361497482,accepted_saved_frame
JSCC,440_SinglePlusCompton,8400,440,37,6816.882799917761,1510.7347412109375,0.3902551456852087,5.683571701303445,accepted_saved_frame
JSCC,440_SinglePlusCompton,8450,440,13,2493.3619411014893,1170.0584716796875,0.12566356501275455,2.6323344292799646,accepted_saved_frame
JSCC,440_SinglePlusCompton,8450,440,22,4824.5127103008335,1193.2078857421875,0.3381458659979287,5.993444994722214,accepted_saved_frame
JSCC,440_SinglePlusCompton,8450,440,37,6823.317446097978,1509.7457275390625,0.39105714747080256,5.676258071134993,accepted_saved_frame
JSCC,440_SinglePlusCompton,8500,440,13,2501.001001151558,1169.8580322265625,0.12642967800417276,2.6343060828368516,accepted_saved_frame
JSCC,440_SinglePlusCompton,8500,440,22,4846.754339228831,1192.734619140625,0.3403960819158914,6.008039000413883,accepted_saved_frame
JSCC,440_SinglePlusCompton,8500,440,37,6829.664849139801,1508.76611328125,0.3918506423538306,5.66887876201412,accepted_saved_frame
JSCC,440_SinglePlusCompton,8550,440,13,2508.648808130686,1169.662353515625,0.1271959145199755,2.636257798194171,accepted_saved_frame
JSCC,440_SinglePlusCompton,8550,440,22,4868.931637740139,1192.2587890625,0.34264306470733125,6.022540052239988,accepted_saved_frame
JSCC,440_SinglePlusCompton,8550,440,37,6835.924249498557,1507.7958984375,0.39263554294218433,5.661433866942792,accepted_saved_frame
JSCC,440_SinglePlusCompton,8600,440,13,2516.308571718563,1169.470947265625,0.12796267003392714,2.638198999390136,accepted_saved_frame
JSCC,440_SinglePlusCompton,8600,440,22,4891.044226789886,1191.780029296875,0.3448869297797345,6.0369506295228135,accepted_saved_frame
JSCC,440_SinglePlusCompton,8600,440,37,6842.097192095812,1506.8349609375,0.39341197273809075,5.65392531618635,accepted_saved_frame
JSCC,440_SinglePlusCompton,8650,440,13,2523.9781514108017,1169.2841796875,0.12872965787831683,2.640122436319992,accepted_saved_frame
JSCC,440_SinglePlusCompton,8650,440,22,4913.087926648779,1191.298828125,0.34712711227044607,6.051265600853837,accepted_saved_frame
JSCC,440_SinglePlusCompton,8650,440,37,6848.186145912572,1505.8829345703125,0.39418020622836125,5.64635771321683,accepted_saved_frame
JSCC,440_SinglePlusCompton,8700,440,13,2531.655091487448,1169.1009521484375,0.12949686174900915,2.6420297937203805,accepted_saved_frame
JSCC,440_SinglePlusCompton,8700,440,22,4935.067043573165,1190.8150634765625,0.349364070499684,6.065492241712598,accepted_saved_frame
JSCC,440_SinglePlusCompton,8700,440,37,6854.193324553387,1504.940185546875,0.3949402545016296,5.638730937872209,accepted_saved_frame
JSCC,440_SinglePlusCompton,8750,440,13,2539.3430926914143,1168.92236328125,0.1302643996877882,2.6439241461057015,accepted_saved_frame
JSCC,440_SinglePlusCompton,8750,440,22,4956.9765599017755,1190.328369140625,0.3515974889704443,6.079626632224941,accepted_saved_frame
JSCC,440_SinglePlusCompton,8750,440,37,6860.118632735293,1504.0064697265625,0.3956921633294795,5.631047074062695,accepted_saved_frame
JSCC,440_SinglePlusCompton,8800,440,13,2547.0434249488117,1168.7479248046875,0.13103248460188757,2.645809980403207,accepted_saved_frame
JSCC,440_SinglePlusCompton,8800,440,22,4978.816257744373,1189.8392333984375,0.35382716868991526,6.093667671360913,accepted_saved_frame
JSCC,440_SinglePlusCompton,8800,440,37,6865.9637108960815,1503.081787109375,0.396436025251548,5.623305781272329,accepted_saved_frame
JSCC,440_SinglePlusCompton,8850,440,13,2554.754681164279,1168.577392578125,0.13180102551187936,2.647684573987104,accepted_saved_frame
JSCC,440_SinglePlusCompton,8850,440,22,5000.585249183215,1189.34765625,0.3560530358250715,6.107617539728977,accepted_saved_frame
JSCC,440_SinglePlusCompton,8850,440,37,6871.728949210637,1502.1658935546875,0.3971719234573243,5.615511777927651,accepted_saved_frame
JSCC,440_SinglePlusCompton,8900,440,13,2562.4739087214693,1168.4107666015625,0.13256973412742473,2.6495433919664957,accepted_saved_frame
JSCC,440_SinglePlusCompton,8900,440,22,5022.283778331186,1188.853515625,0.3582751703706078,6.121478605370728,accepted_saved_frame
JSCC,440_SinglePlusCompton,8900,440,37,6877.414369499632,1501.2589111328125,0.39789979067265374,5.607662520980731,accepted_saved_frame
JSCC,440_SinglePlusCompton,8950,440,13,2570.2025319909026,1168.248046875,0.1333387382800401,2.6513884331928526,accepted_saved_frame
JSCC,440_SinglePlusCompton,8950,440,22,5043.911235557941,1188.356689453125,0.3604935734946271,6.135252429928707,accepted_saved_frame
JSCC,440_SinglePlusCompton,8950,440,37,6883.021913970449,1500.3604736328125,0.3986198676127059,5.599762282714645,accepted_saved_frame
JSCC,440_SinglePlusCompton,9000,440,13,2577.93907226383,1168.0889892578125,0.13410794097325074,2.6532187842796406,accepted_saved_frame
JSCC,440_SinglePlusCompton,9000,440,22,5065.465170451284,1187.8572998046875,0.36270797765992124,6.148932481146072,accepted_saved_frame
JSCC,440_SinglePlusCompton,9000,440,37,6888.553516258323,1499.4705810546875,0.3993322712468511,5.5918145399506,accepted_saved_frame
JSCC,440_SinglePlusCompton,9050,440,13,2585.6849874290688,1167.933837890625,0.13487742232794503,2.6550375312542704,accepted_saved_frame
JSCC,440_SinglePlusCompton,9050,440,22,5086.9454537842275,1187.3553466796875,0.3649183800704021,6.16252207489225,accepted_saved_frame
JSCC,440_SinglePlusCompton,9050,440,37,6894.009608448356,1498.58935546875,0.4000369661190066,5.583816814536064,accepted_saved_frame
JSCC,440_SinglePlusCompton,9100,440,13,2593.4395986401714,1167.7821044921875,0.1356472133194302,2.6568444803610265,accepted_saved_frame
JSCC,440_SinglePlusCompton,9100,440,22,5108.351573956227,1186.85107421875,0.3671246437009165,6.17601934455415,accepted_saved_frame
JSCC,440_SinglePlusCompton,9100,440,37,6899.392124930663,1497.7169189453125,0.40073402817738185,5.5757724385244645,accepted_saved_frame
JSCC,440_SinglePlusCompton,9150,440,13,2601.203302866833,1167.634033203125,0.13641729332787347,2.6586400785482853,accepted_saved_frame
JSCC,440_SinglePlusCompton,9150,440,22,5129.683741885773,1186.34423828125,0.3693268948383957,6.189427283208872,accepted_saved_frame
JSCC,440_SinglePlusCompton,9150,440,37,6904.702939467989,1496.8524169921875,0.4014238634711208,5.56768529669919,accepted_saved_frame
JSCC,440_SinglePlusCompton,9200,440,13,2608.9766176458975,1167.4891357421875,0.13718780831759933,2.660426638218406,accepted_saved_frame
JSCC,440_SinglePlusCompton,9200,440,22,5150.94181336679,1185.8350830078125,0.3715250297426293,6.202749296097806,accepted_saved_frame
JSCC,440_SinglePlusCompton,9200,440,37,6909.9405313202005,1495.9964599609375,0.40210612615877955,5.559555633541792,accepted_saved_frame
JSCC,440_SinglePlusCompton,9250,440,13,2616.7579301954347,1167.3475341796875,0.13795857261177527,2.662201394323212,accepted_saved_frame
JSCC,440_SinglePlusCompton,9250,440,22,5172.1249956172305,1185.3232421875,0.37371913148838015,6.2159833702033005,accepted_saved_frame
JSCC,440_SinglePlusCompton,9250,440,37,6915.107286902049,1495.1488037109375,0.4027810527947195,5.551383350288684,accepted_saved_frame
JSCC,440_SinglePlusCompton,9300,440,13,2624.545692212484,1167.2088623046875,0.1387295107702245,2.663963240420171,accepted_saved_frame
JSCC,440_SinglePlusCompton,9300,440,22,5193.230526216065,1184.8092041015625,0.37590874999940765,6.2291254590132334,accepted_saved_frame
JSCC,440_SinglePlusCompton,9300,440,37,6920.204946784458,1494.309326171875,0.4034487911037993,5.543172422108556,accepted_saved_frame
JSCC,440_SinglePlusCompton,9350,440,13,2632.342560795996,1167.07373046875,0.1395007389539541,2.6657125276883407,accepted_saved_frame
JSCC,440_SinglePlusCompton,9350,440,22,5214.261479805824,1184.29296875,0.37809418009026974,6.242182532151215,accepted_saved_frame
JSCC,440_SinglePlusCompton,9350,440,37,6925.232480051075,1493.478271484375,0.4041091570729385,5.534918412358771,accepted_saved_frame
JSCC,440_SinglePlusCompton,9400,440,13,2640.1462390677407,1166.9415283203125,0.14027216302849654,2.667450201568584,accepted_saved_frame
JSCC,440_SinglePlusCompton,9400,440,22,5235.2158662206275,1183.774658203125,0.3802751909788928,6.2551516875179,accepted_saved_frame
JSCC,440_SinglePlusCompton,9400,440,37,6930.191636259303,1492.6551513671875,0.40476242619749264,5.526627034984765,accepted_saved_frame
JSCC,440_SinglePlusCompton,9450,440,13,2647.958377859869,1166.812255859375,0.14104393445214422,2.6691791037410915,accepted_saved_frame
JSCC,440_SinglePlusCompton,9450,440,22,5256.090184792373,1183.253662109375,0.3824517142017443,6.26803178773346,accepted_saved_frame
JSCC,440_SinglePlusCompton,9450,440,37,6935.083933020039,1491.84033203125,0.4054085625442394,5.518297704001749,accepted_saved_frame
JSCC,440_SinglePlusCompton,9500,440,13,2655.778322556027,1166.686279296875,0.14181590579170386,2.6708972298133715,accepted_saved_frame
JSCC,440_SinglePlusCompton,9500,440,22,5276.886082508658,1182.73046875,0.38462370871978735,6.280822045477127,accepted_saved_frame
JSCC,440_SinglePlusCompton,9500,440,37,6939.911041308311,1491.0330810546875,0.40604792218585195,5.509934858646048,accepted_saved_frame
JSCC,440_SinglePlusCompton,9550,440,13,2663.604333884224,1166.56298828125,0.14258803764577901,2.672603875280772,accepted_saved_frame
JSCC,440_SinglePlusCompton,9550,440,22,5297.601823996024,1182.205078125,0.38679101752972805,6.293523089016634,accepted_saved_frame
JSCC,440_SinglePlusCompton,9550,440,37,6944.672565095144,1490.23388671875,0.40668028518412047,5.501536857250397,accepted_saved_frame
JSCC,440_SinglePlusCompton,9600,440,13,2671.4377639285344,1166.4425048828125,0.14336042689590148,2.6742996430164694,accepted_saved_frame
JSCC,440_SinglePlusCompton,9600,440,22,5318.238525566306,1181.6776123046875,0.38895369977846506,6.3061361841747825,accepted_saved_frame
JSCC,440_SinglePlusCompton,9600,440,37,6949.370306405805,1489.442626953125,0.40730580693215934,5.493107267742328,accepted_saved_frame
JSCC,440_SinglePlusCompton,9650,440,13,2679.27889613618,1166.32470703125,0.14413312176122384,2.675987706455943,accepted_saved_frame
JSCC,440_SinglePlusCompton,9650,440,22,5338.793981835583,1181.14794921875,0.3911116051095166,6.318659638948687,accepted_saved_frame
JSCC,440_SinglePlusCompton,9650,440,37,6954.004552256943,1488.6588134765625,0.40792465818550383,5.484646109351343,accepted_saved_frame
JSCC,440_SinglePlusCompton,9700,440,13,2687.127244289954,1166.209716796875,0.1449060438737143,2.6776650854996844,accepted_saved_frame
JSCC,440_SinglePlusCompton,9700,440,22,5359.269442891879,1180.6162109375,0.3932648046411296,6.331093711203719,accepted_saved_frame
JSCC,440_SinglePlusCompton,9700,440,37,6958.5766021430445,1487.8829345703125,0.40853674561975467,5.476151770503171,accepted_saved_frame
JSCC,440_SinglePlusCompton,9750,440,13,2694.981236754216,1166.0972900390625,0.14567909172807603,2.6793307418775902,accepted_saved_frame
JSCC,440_SinglePlusCompton,9750,440,22,5379.666496620126,1180.0826416015625,0.3954133480873143,6.343443043288405,accepted_saved_frame
JSCC,440_SinglePlusCompton,9750,440,37,6963.087135295524,1487.114501953125,0.4091422704207409,5.467628026481914,accepted_saved_frame
JSCC,440_SinglePlusCompton,9800,440,13,2702.839021990874,1165.987548828125,0.1464520568572833,2.680982246617064,accepted_saved_frame
JSCC,440_SinglePlusCompton,9800,440,22,5399.981800899382,1179.5467529296875,0.39755713488038524,6.355705316139534,accepted_saved_frame
JSCC,440_SinglePlusCompton,9800,440,37,6967.535905818109,1486.3538818359375,0.40974106659892395,5.459074504853933,accepted_saved_frame
JSCC,440_SinglePlusCompton,9850,440,13,2710.703952771779,1165.8804931640625,0.14722525342343978,2.682625329171723,accepted_saved_frame
JSCC,440_SinglePlusCompton,9850,440,22,5420.213834242755,1179.0089111328125,0.3996958691379862,6.367878517867328,accepted_saved_frame
JSCC,440_SinglePlusCompton,9850,440,37,6971.9247765811715,1485.6004638671875,0.4103334679330386,5.450495224204339,accepted_saved_frame
JSCC,440_SinglePlusCompton,9900,440,13,2718.5723311808633,1165.775390625,0.14799848648597466,2.684257241301127,accepted_saved_frame
JSCC,440_SinglePlusCompton,9900,440,22,5440.364650495738,1178.4693603515625,0.4018296419568026,6.379964433402073,accepted_saved_frame
JSCC,440_SinglePlusCompton,9900,440,37,6976.253841780986,1484.854248046875,0.41091946311732497,5.4418908096512135,accepted_saved_frame
JSCC,440_SinglePlusCompton,9950,440,13,2726.448986903904,1165.672607421875,0.1487721308848276,2.685883560355596,accepted_saved_frame
JSCC,440_SinglePlusCompton,9950,440,22,5460.433209379231,1177.927490234375,0.4039586245662669,6.391966115902889,accepted_saved_frame
JSCC,440_SinglePlusCompton,9950,440,37,6980.524763665329,1484.115478515625,0.4114990724341953,5.433262203316481,accepted_saved_frame
JSCC,440_SinglePlusCompton,10000,440,13,2734.3291040752506,1165.5721435546875,0.14954572302589605,2.6874972334210088,accepted_saved_frame
JSCC,440_SinglePlusCompton,10000,440,22,5480.422389078566,1177.3839111328125,0.40608282644052895,6.4038847896923805,accepted_saved_frame
JSCC,440_SinglePlusCompton,10000,440,37,6984.7391446745405,1483.3837890625,0.4120725268040266,5.424610885015151,accepted_saved_frame
EHE,440SinglePlus218Single,0,218,10,2.0,2.0,0,,known_uniform_initialization
EHE,440SinglePlus218Single,0,440,13,2.0,2.0,0,,known_uniform_initialization
EHE,440SinglePlus218Single,0,218,17,2.0,2.0,0,,known_uniform_initialization
EHE,440SinglePlus218Single,0,440,22,2.0,2.0,0,,known_uniform_initialization
EHE,440SinglePlus218Single,0,218,28,2.0,2.0,0,,known_uniform_initialization
EHE,440SinglePlus218Single,0,440,37,2.0,2.0,0,,known_uniform_initialization
EHE,440SinglePlus218Single,10,218,10,1537.982236806986,1430.099365234375,0.03668588246770034,0.36188308442201117,accepted_saved_frame
EHE,440SinglePlus218Single,10,440,13,1566.6437925238138,1436.7110595703125,0.01521572139004635,0.4424290406896342,accepted_saved_frame
EHE,440SinglePlus218Single,10,218,17,1564.4853102539823,1562.2037353515625,0.0007102475519256922,0.008139589054849603,accepted_saved_frame
EHE,440SinglePlus218Single,10,440,22,2775.4993037822082,1641.854248046875,0.11616783787144457,3.282007564660979,accepted_saved_frame
EHE,440SinglePlus218Single,10,218,28,2303.4667133951093,1484.4622802734375,0.2683056216030175,3.0748274767353654,accepted_saved_frame
EHE,440SinglePlus218Single,10,440,37,5074.643468105329,1880.62841796875,0.2857441663928391,5.701230827547864,accepted_saved_frame
EHE,440SinglePlus218Single,20,218,10,1518.4162440652633,1373.04052734375,0.051489799306069964,0.3163124485786205,accepted_saved_frame
EHE,440SinglePlus218Single,20,440,13,1682.8197936843453,1497.52099609375,0.020818195856832356,0.3720845936515595,accepted_saved_frame
EHE,440SinglePlus218Single,20,218,17,1612.7430156382595,1665.2698974609375,-0.015339446013813552,-0.09549478466056215,accepted_saved_frame
EHE,440SinglePlus218Single,20,440,22,4069.0916678144467,1684.944580078125,0.23806241413293752,3.809197562061492,accepted_saved_frame
EHE,440SinglePlus218Single,20,218,28,2699.8449425274503,1400.4437255859375,0.45122202839658365,3.1666561239879956,accepted_saved_frame
EHE,440SinglePlus218Single,20,440,37,6628.117290337112,1905.8251953125,0.4168820459571654,6.194103082326154,accepted_saved_frame
EHE,440SinglePlus218Single,30,218,10,1531.4304813495403,1344.2923583984375,0.06769883974945114,0.30240655266396327,accepted_saved_frame
EHE,440SinglePlus218Single,30,440,13,1721.0967210805761,1504.42724609375,0.024230922572178865,0.33455403116274607,accepted_saved_frame
EHE,440SinglePlus218Single,30,218,17,1569.1809491861618,1675.440185546875,-0.030842562193363204,-0.13971918375824816,accepted_saved_frame
EHE,440SinglePlus218Single,30,440,22,4961.986176216716,1635.9859619140625,0.34204725473940256,4.138257521948772,accepted_saved_frame
EHE,440SinglePlus218Single,30,218,28,2846.7659085414684,1335.1402587890625,0.5505921910025247,2.767368367096616,accepted_saved_frame
EHE,440SinglePlus218Single,30,440,37,7138.912781514173,1872.7318115234375,0.47311160454622386,5.869622516443012,accepted_saved_frame
EHE,440SinglePlus218Single,40,218,10,1581.0937183048948,1350.6929931640625,0.0829544868485264,0.2916834906082327,accepted_saved_frame
EHE,440SinglePlus218Single,40,440,13,1745.2524875556035,1507.615478515625,0.02651959570929995,0.30669817974674707,accepted_saved_frame
EHE,440SinglePlus218Single,40,218,17,1531.3545542754614,1673.6376953125,-0.04134325647855348,-0.15191751546377208,accepted_saved_frame
EHE,440SinglePlus218Single,40,440,22,5565.924606237713,1593.6654052734375,0.41935694854688293,4.206146245056854,accepted_saved_frame
EHE,440SinglePlus218Single,40,218,28,2929.4401586214294,1299.5509033203125,0.6099264787221426,2.392397891793115,accepted_saved_frame
EHE,440SinglePlus218Single,40,440,37,7361.103269608581,1852.40283203125,0.500330673637567,5.373114561607319,accepted_saved_frame
EHE,440SinglePlus218Single,50,218,10,1639.5126818690653,1370.7213134765625,0.09536276593469271,0.27643955182298025,accepted_saved_frame
EHE,440SinglePlus218Single,50,440,13,1757.9081613056537,1511.4432373046875,0.027435108877324466,0.27620370473719696,accepted_saved_frame
EHE,440SinglePlus218Single,50,218,17,1503.756506497127,1672.22705078125,-0.04899383338147475,-0.15397869092189193,accepted_saved_frame
EHE,440SinglePlus218Single,50,440,22,5966.782356376631,1563.699951171875,0.4737473568278326,4.103096561006755,accepted_saved_frame
EHE,440SinglePlus218Single,50,218,28,2984.492376731955,1279.8651123046875,0.6477059938959133,2.0941996562264933,accepted_saved_frame
EHE,440SinglePlus218Single,50,440,37,7478.912584868179,1841.1728515625,0.5151739199379246,4.886039909317418,accepted_saved_frame
EHE,440SinglePlus218Single,60,218,10,1693.1977897227002,1393.6922607421875,0.1045082660305338,0.25763935409146493,accepted_saved_frame
EHE,440SinglePlus218Single,60,440,13,1759.267577227589,1515.4267578125,0.02707165874342514,0.24281686555412715,accepted_saved_frame
EHE,440SinglePlus218Single,60,218,17,1482.7840839848857,1672.3411865234375,-0.05512236753031267,-0.15292567289984269,accepted_saved_frame
EHE,440SinglePlus218Single,60,440,22,6238.608009119934,1542.9228515625,0.5120332548427862,3.9155221490494534,accepted_saved_frame
EHE,440SinglePlus218Single,60,218,28,3022.4951899926814,1268.646728515625,0.6723014512051865,1.8599737935996754,accepted_saved_frame
EHE,440SinglePlus218Single,60,440,37,7553.281535737961,1834.5823974609375,0.5244492101387871,4.454607051608821,accepted_saved_frame
EHE,440SinglePlus218Single,70,218,10,1738.4037368627223,1415.67578125,0.11086270498451088,0.23781891119829632,accepted_saved_frame
EHE,440SinglePlus218Single,70,440,13,1752.192149822205,1519.468994140625,0.025768620157884076,0.20926958383837724,accepted_saved_frame
EHE,440SinglePlus218Single,70,218,17,1465.9992067532794,1673.446533203125,-0.06028491978647542,-0.15077551748217458,accepted_saved_frame
EHE,440SinglePlus218Single,70,440,22,6432.711440103846,1528.6065673828125,0.5397683763537211,3.699383413554302,accepted_saved_frame
EHE,440SinglePlus218Single,70,218,28,3047.6171498880794,1261.9580078125,0.6881234280848316,1.6731423607268099,accepted_saved_frame
EHE,440SinglePlus218Single,70,440,37,7608.170499974214,1829.9852294921875,0.5312357425419567,4.085672496710892,accepted_saved_frame
EHE,440SinglePlus218Single,80,218,10,1775.4129130372664,1435.6307373046875,0.1150987298998094,0.21869610586756938,accepted_saved_frame
EHE,440SinglePlus218Single,80,440,13,1740.0903980133837,1523.8026123046875,0.02388068003388367,0.1777663476522892,accepted_saved_frame
EHE,440SinglePlus218Single,80,218,17,1451.970566163942,1674.880126953125,-0.06472285303630002,-0.14811796307285463,accepted_saved_frame
EHE,440SinglePlus218Single,80,440,22,6580.058880118705,1518.942626953125,0.5605938796714749,3.484122818145689,accepted_saved_frame
EHE,440SinglePlus218Single,80,218,28,3062.837850014547,1257.7978515625,0.6978927197744292,1.5213082164147766,accepted_saved_frame
EHE,440SinglePlus218Single,80,440,37,7653.601219049814,1826.1138916015625,0.5369043053917193,3.7733113020096263,accepted_saved_frame
EHE,440SinglePlus218Single,90,218,10,1805.589642490988,1453.5091552734375,0.11779771639765091,0.2010636198538294,accepted_saved_frame
EHE,440SinglePlus218Single,90,440,13,1725.4082877059736,1528.54345703125,0.021668744874557583,0.14932302038513923,accepted_saved_frame
EHE,440SinglePlus218Single,90,218,17,1439.9403817554487,1676.1505126953125,-0.06853275529904307,-0.14509006395844784,accepted_saved_frame
EHE,440SinglePlus218Single,90,440,22,6698.0960914208445,1512.7197265625,0.5767202788650969,3.2827775545933933,accepted_saved_frame
EHE,440SinglePlus218Single,90,218,28,3070.641441697901,1255.212890625,0.7033548023588995,1.3956895660867874,accepted_saved_frame
EHE,440SinglePlus218Single,90,440,37,7693.8478967400115,1822.4920654296875,0.5420210638077617,3.5083388600985534,accepted_saved_frame
EHE,440SinglePlus218Single,100,218,10,1830.3043423864235,1469.5267333984375,0.11939187464452296,0.18516024059381167,accepted_saved_frame
EHE,440SinglePlus218Single,100,440,13,1709.5229815479763,1533.630615234375,0.01929610399292985,0.12412006998714893,accepted_saved_frame
EHE,440SinglePlus218Single,100,218,17,1429.5169152984256,1676.9852294921875,-0.07176340699845173,-0.14173475667053906,accepted_saved_frame
EHE,440SinglePlus218Single,100,440,22,6796.556855422334,1509.08447265625,0.5894920743966265,3.099943465958589,accepted_saved_frame
EHE,440SinglePlus218Single,100,218,28,3073.075345679504,1253.7542724609375,0.7056829270645549,1.2901380185248936,accepted_saved_frame
EHE,440SinglePlus218Single,100,440,37,7730.760400531795,1819.00634765625,0.5467962811676609,3.281914966725613,accepted_saved_frame
EHE,440SinglePlus218Single,110,218,10,1850.6399473331367,1483.9173583984375,0.120182333814087,0.1709531080329215,accepted_saved_frame
EHE,440SinglePlus218Single,110,440,13,1693.1645280543198,1538.9267578125,0.01686227610688687,0.10195650048847228,accepted_saved_frame
EHE,440SinglePlus218Single,110,218,17,1420.4484687158595,1677.2808837890625,-0.07446577688621327,-0.13811931718227735,accepted_saved_frame
EHE,440SinglePlus218Single,110,440,22,6881.068588890211,1507.3936767578125,0.5997746548985776,2.936344670151986,accepted_saved_frame
EHE,440SinglePlus218Single,110,218,28,3071.7965170441316,1253.172119140625,0.7057403939409526,1.2003628173496705,accepted_saved_frame
EHE,440SinglePlus218Single,110,440,37,7765.135386205077,1815.662353515625,0.5512985122459118,3.0866488247753776,accepted_saved_frame
EHE,440SinglePlus218Single,120,218,10,1867.3912763687576,1496.8681640625,0.12037725564664023,0.15830064845788214,accepted_saved_frame
EHE,440SinglePlus218Single,120,440,13,1676.7387911364165,1544.2933349609375,0.014429479830005554,0.08250560505463111,accepted_saved_frame
EHE,440SinglePlus218Single,120,218,17,1412.5332837753804,1677.039794921875,-0.07670182288173066,-0.13433757054256762,accepted_saved_frame
EHE,440SinglePlus218Single,120,440,22,6955.072344098772,1507.1326904296875,0.608168899315988,2.7910514817782435,accepted_saved_frame
EHE,440SinglePlus218Single,120,218,28,3068.089951717348,1253.278564453125,0.7042008912137881,1.1233004978726948,accepted_saved_frame
EHE,440SinglePlus218Single,120,440,37,7797.333469130665,1812.485595703125,0.5555484764840476,2.916703924467621,accepted_saved_frame
EHE,440SinglePlus218Single,130,218,10,1881.147627557589,1508.5228271484375,0.12012476651071398,0.14703328117526002,accepted_saved_frame
EHE,440SinglePlus218Single,130,440,13,1660.4718829061896,1549.621826171875,0.012035208099981024,0.06541274953997432,accepted_saved_frame
EHE,440SinglePlus218Single,130,218,17,1405.6099204819923,1676.32666015625,-0.07853606645331386,-0.13048313938621167,accepted_saved_frame
EHE,440SinglePlus218Single,130,440,22,7020.81234923364,1507.879150390625,0.6151196530004979,2.662477754585913,accepted_saved_frame
EHE,440SinglePlus218Single,130,218,28,3062.8889412508943,1253.9058837890625,0.7015881508222831,1.0566631466445848,accepted_saved_frame
EHE,440SinglePlus218Single,130,440,37,7827.562238244435,1809.4931640625,0.5595560946918954,2.7675632887943946,accepted_saved_frame
EHE,440SinglePlus218Single,140,218,10,1892.3718996201299,1519.00048828125,0.11953520602524179,0.13698782162311754,accepted_saved_frame
EHE,440SinglePlus218Single,140,440,13,1644.4669579378144,1554.8409423828125,0.009698208812591026,0.050328165620716514,accepted_saved_frame
EHE,440SinglePlus218Single,140,218,17,1399.5606797763112,1675.2359619140625,-0.08002662965761469,-0.12663072882109308,accepted_saved_frame
EHE,440SinglePlus218Single,140,440,22,7079.85057428941,1509.29638671875,0.6209652252448151,2.548823895738839,accepted_saved_frame
EHE,440SinglePlus218Single,140,218,28,3056.8273356581076,1254.906005859375,0.6982923991937322,0.9986607614172537,accepted_saved_frame
EHE,440SinglePlus218Single,140,440,37,7855.985850306375,1806.69384765625,0.5633306640217194,2.635728944836678,accepted_saved_frame
EHE,440SinglePlus218Single,150,218,10,1901.4420422127776,1528.4102783203125,0.11869120820371244,0.12801507228272913,accepted_saved_frame
EHE,440SinglePlus218Single,150,440,13,1628.73646135686,1559.911376953125,0.007423184179791445,0.03692297551108249,accepted_saved_frame
EHE,440SinglePlus218Single,150,218,17,1394.3055239367675,1673.8699951171875,-0.08122186167171899,-0.12283249134398583,accepted_saved_frame
EHE,440SinglePlus218Single,150,440,22,7133.345283479406,1511.125244140625,0.6259660610584467,2.4482933826535196,accepted_saved_frame
EHE,440SinglePlus218Single,150,218,28,3050.3147292190197,1256.155029296875,0.6945932241508821,0.9478537194435578,accepted_saved_frame
EHE,440SinglePlus218Single,150,440,37,7882.75478712394,1804.091796875,0.5668822299410109,2.518460800723959,accepted_saved_frame
EHE,440SinglePlus218Single,160,218,10,1908.6731673114937,1536.8565673828125,0.11765438669683875,0.11998148891705514,accepted_saved_frame
EHE,440SinglePlus218Single,160,440,13,1613.2301036383908,1564.8167724609375,0.005205289431727212,0.024899810101028142,accepted_saved_frame
EHE,440SinglePlus218Single,160,218,17,1389.788778439784,1672.322021484375,-0.08216035977077639,-0.11912079731616995,accepted_saved_frame
EHE,440SinglePlus218Single,160,440,22,7182.1950588679965,1513.1751708984375,0.6303215901533279,2.359202374647515,accepted_saved_frame
EHE,440SinglePlus218Single,160,218,28,3043.6077893871507,1257.5557861328125,0.6906842082926213,0.9030709015970819,accepted_saved_frame
EHE,440SinglePlus218Single,160,440,37,7908.006885764253,1801.6888427734375,0.570220780692607,2.413582377672371,accepted_saved_frame
EHE,440SinglePlus218Single,170,218,10,1914.3258226646105,1544.4385986328125,0.11646927456543511,0.11276776719329885,accepted_saved_frame
EHE,440SinglePlus218Single,170,440,13,1597.8591525767179,1569.5548095703125,0.003034030914184363,0.013998739034884298,accepted_saved_frame
EHE,440SinglePlus218Single,170,218,17,1385.9679340610103,1670.67041015625,-0.08287301706751123,-0.11551423080572425,accepted_saved_frame
EHE,440SinglePlus218Single,170,440,22,7227.120663024967,1515.3126220703125,0.6341832565110164,2.280035116832554,accepted_saved_frame
EHE,440SinglePlus218Single,170,218,28,3036.8646003237113,1259.0367431640625,0.6866951639542052,0.863355977956974,accepted_saved_frame
EHE,440SinglePlus218Single,170,440,37,7931.865572556796,1799.48583984375,0.5733555425551086,2.3193372307959392,accepted_saved_frame
EHE,440SinglePlus218Single,180,218,10,1918.6149833654667,1551.2513427734375,0.11516663731807229,0.10626756939479423,accepted_saved_frame
EHE,440SinglePlus218Single,180,440,13,1582.5175826120544,1574.1314697265625,0.000896320050967106,0.003999135939227984,accepted_saved_frame
EHE,440SinglePlus218Single,180,218,17,1382.8055907742444,1668.9736328125,-0.08338431069844716,-0.11202118394191433,accepted_saved_frame
EHE,440SinglePlus218Single,180,440,22,7268.711092050428,1517.446533203125,0.6376661404339459,2.2094588572239715,accepted_saved_frame
EHE,440SinglePlus218Single,180,218,28,3030.1825965776297,1260.546630859375,0.6827122675890781,0.8279287090915393,accepted_saved_frame
EHE,440SinglePlus218Single,180,440,37,7954.440102782496,1797.482666015625,0.5762949970301123,2.2342905463935985,accepted_saved_frame
EHE,440SinglePlus218Single,190,218,10,1921.7196572355901,1557.38232421875,0.11376826109465926,0.10038801158118364,accepted_saved_frame
EHE,440SinglePlus218Single,190,440,13,1567.0981964015978,1578.556396484375,-0.0012212363098084186,-0.005281047750197487,accepted_saved_frame
EHE,440SinglePlus218Single,190,218,17,1380.2658743983914,1667.273681640625,-0.08371427151779919,-0.10864398504324461,accepted_saved_frame
EHE,440SinglePlus218Single,190,440,22,7307.4519896037,1519.5191650390625,0.6408563752032645,2.146321163561437,accepted_saved_frame
EHE,440SinglePlus218Single,190,218,28,3023.623353506697,1262.052001953125,0.6787903743693725,0.7961506443901751,accepted_saved_frame
EHE,440SinglePlus218Single,190,440,37,7975.828777420943,1795.677490234375,0.5790474814416339,2.1572572702956907,accepted_saved_frame
EHE,440SinglePlus218Single,200,218,10,1923.7949091920516,1562.9117431640625,0.11229097592472047,0.09504980790416241,accepted_saved_frame
EHE,440SinglePlus218Single,200,440,13,1551.502220149602,1582.840576171875,-0.0033310599143266295,-0.01398908878909652,accepted_saved_frame
EHE,440SinglePlus218Single,200,218,17,1378.3129812909244,1665.5994873046875,-0.08387979017976688,-0.10538144116381623,accepted_saved_frame
EHE,440SinglePlus218Single,200,440,22,7343.745265975141,1521.494873046875,0.6438190080822913,2.089632904254219,accepted_saved_frame
EHE,440SinglePlus218Single,200,218,28,3017.2243048697146,1263.5311279296875,0.674963601182707,0.7674970032296008,accepted_saved_frame
EHE,440SinglePlus218Single,200,440,37,7996.119074824142,1794.0677490234375,0.5816207951500808,2.0872484353796685,accepted_saved_frame
JSCC,440SinglePlus218Single,0,218,10,2.0,2.0,0,,known_uniform_initialization
JSCC,440SinglePlus218Single,0,440,13,2.0,2.0,0,,known_uniform_initialization
JSCC,440SinglePlus218Single,0,218,17,2.0,2.0,0,,known_uniform_initialization
JSCC,440SinglePlus218Single,0,440,22,2.0,2.0,0,,known_uniform_initialization
JSCC,440SinglePlus218Single,0,218,28,2.0,2.0,0,,known_uniform_initialization
JSCC,440SinglePlus218Single,0,440,37,2.0,2.0,0,,known_uniform_initialization
JSCC,440SinglePlus218Single,50,218,10,414.6027288896861,413.235107421875,0.0016094437330602305,0.0603465360747963,accepted_saved_frame
JSCC,440SinglePlus218Single,50,440,13,420.6360520466442,417.3102722167969,0.0013408486583985232,0.30396546951225994,accepted_saved_frame
JSCC,440SinglePlus218Single,50,218,17,420.62957960650334,416.3824462890625,0.0049603301249925924,0.3763460188537018,accepted_saved_frame
JSCC,440SinglePlus218Single,50,440,22,415.28081491646884,407.6654968261719,0.0031428918315685875,0.2828829924746255,accepted_saved_frame
JSCC,440SinglePlus218Single,50,218,28,502.2846847952977,492.34161376953125,0.009821121788504302,0.26756451826099925,accepted_saved_frame
JSCC,440SinglePlus218Single,50,440,37,505.2619108819391,494.8082275390625,0.0035544938737849456,0.24486145183172245,accepted_saved_frame
JSCC,440SinglePlus218Single,100,218,10,479.87822583557323,476.53314208984375,0.0034136656672116746,0.10181850321655561,accepted_saved_frame
JSCC,440SinglePlus218Single,100,440,13,494.4142638285181,486.6106872558594,0.002698095981697362,0.45109663813614637,accepted_saved_frame
JSCC,440SinglePlus218Single,100,218,17,495.61648812193465,485.332763671875,0.0103042863876333,0.5844446422144581,accepted_saved_frame
JSCC,440SinglePlus218Single,100,440,22,484.2015937466528,467.0613708496094,0.006174301850078992,0.43826934691433284,accepted_saved_frame
JSCC,440SinglePlus218Single,100,218,28,598.077476463647,570.8690795898438,0.023177870546545444,0.5895862582223651,accepted_saved_frame
JSCC,440SinglePlus218Single,100,440,37,600.255188477983,570.63671875,0.008732694042330187,0.5649750939985515,accepted_saved_frame
JSCC,440SinglePlus218Single,150,218,10,547.7690897754534,541.9370727539062,0.005233316749100647,0.14016127141895637,accepted_saved_frame
JSCC,440SinglePlus218Single,150,440,13,561.0143600320843,548.0047607421875,0.003994155147767372,0.5673447904383337,accepted_saved_frame
JSCC,440SinglePlus218Single,150,218,17,564.0475455266984,546.4423828125,0.015667610510562133,0.7459355809274325,accepted_saved_frame
JSCC,440SinglePlus218Single,150,440,22,556.7687970343331,528.2322387695312,0.009089124057108907,0.5709473091366702,accepted_saved_frame
JSCC,440SinglePlus218Single,150,218,28,691.7109704452018,642.3115234375,0.03740102233084881,0.9378035160357121,accepted_saved_frame
JSCC,440SinglePlus218Single,150,440,37,690.7570940267951,637.8735961914062,0.013948608627778733,0.8965729549363141,accepted_saved_frame
JSCC,440SinglePlus218Single,200,218,10,618.9420958883893,610.2139892578125,0.006955766320306627,0.173494325548523,accepted_saved_frame
JSCC,440SinglePlus218Single,200,440,13,626.3220089206229,607.5200805664062,0.00520699424775481,0.6406284072354606,accepted_saved_frame
JSCC,440SinglePlus218Single,200,218,17,631.8214644628373,605.784423828125,0.020901652265230233,0.8416244552950836,accepted_saved_frame
JSCC,440SinglePlus218Single,200,440,22,633.5843135496826,591.7991333007812,0.011879366928548393,0.6838875756932196,accepted_saved_frame
JSCC,440SinglePlus218Single,200,218,28,789.1251826945152,712.9765625,0.051939035966415935,1.2558753533162663,accepted_saved_frame
JSCC,440SinglePlus218Single,200,440,37,783.2797358733275,703.51318359375,0.019076290288573456,1.1903225867124683,accepted_saved_frame
JSCC,440SinglePlus218Single,250,218,10,692.252669748386,680.3566284179688,0.008503014973388064,0.20070077895293784,accepted_saved_frame
JSCC,440SinglePlus218Single,250,440,13,691.0582410675313,665.9752197265625,0.006336757969461905,0.6833651661428092,accepted_saved_frame
JSCC,440SinglePlus218Single,250,218,17,699.5831476327813,664.1906127929688,0.025913497606620067,0.8936693890508165,accepted_saved_frame
JSCC,440SinglePlus218Single,250,440,22,713.4808292258889,656.7283325195312,0.014539335595710612,0.7805832433118238,accepted_saved_frame
JSCC,440SinglePlus218Single,250,218,28,890.3986717931455,783.3656616210938,0.06644469446984229,1.5078393404161712,accepted_saved_frame
JSCC,440SinglePlus218Single,250,440,37,878.6227391311672,768.51611328125,0.024104926874298733,1.4177737042533667,accepted_saved_frame
JSCC,440SinglePlus218Single,300,218,10,766.51559526744,751.3357543945312,0.009825174270883781,0.2214609968927584,accepted_saved_frame
JSCC,440SinglePlus218Single,300,440,13,754.8780507145724,723.107421875,0.007392108516163339,0.7097616109195465,accepted_saved_frame
JSCC,440SinglePlus218Single,300,218,17,766.8424193018992,721.3811645507812,0.03064670016762568,0.9238645332109308,accepted_saved_frame
JSCC,440SinglePlus218Single,300,440,22,795.2413300882774,721.9813232421875,0.017072075931717934,0.8652725785790165,accepted_saved_frame
JSCC,440SinglePlus218Single,300,218,28,994.4514864388443,852.9677124023438,0.08066425808295144,1.6926142706423464,accepted_saved_frame
JSCC,440SinglePlus218Single,300,440,37,976.5937290055723,832.7718505859375,0.02905656433789716,1.583741197960821,accepted_saved_frame
JSCC,440SinglePlus218Single,350,218,10,840.6828242360205,822.2628784179688,0.010893934605359036,0.2358912248932945,accepted_saved_frame
JSCC,440SinglePlus218Single,350,440,13,817.268655982751,778.4749755859375,0.008384200757377962,0.7285743094087925,accepted_saved_frame
JSCC,440SinglePlus218Single,350,218,17,832.9104805477767,776.8834228515625,0.03507107361462265,0.9438834003626514,accepted_saved_frame
JSCC,440SinglePlus218Single,350,440,22,877.7862244137777,786.6709594726562,0.019486927348332673,0.9417192978674948,accepted_saved_frame
JSCC,440SinglePlus218Single,350,218,28,1099.9336863389426,921.1082763671875,0.09441166235871833,1.8259566667285643,accepted_saved_frame
JSCC,440SinglePlus218Single,350,440,37,1076.8229713828305,895.963134765625,0.033962318887167914,1.707157482678675,accepted_saved_frame
JSCC,440SinglePlus218Single,400,218,10,913.8772593801812,892.4122314453125,0.011696961047430189,0.2443283694843572,accepted_saved_frame
JSCC,440SinglePlus218Single,400,440,13,877.7879018448793,831.6950073242188,0.009324278336307296,0.7443331872687076,accepted_saved_frame
JSCC,440SinglePlus218Single,400,218,17,897.1663777549094,830.2803344726562,0.03917579818041509,0.9590822563447964,accepted_saved_frame
JSCC,440SinglePlus218Single,400,440,22,960.2194539361823,850.0858154296875,0.0217972928775831,1.0128506598291631,accepted_saved_frame
JSCC,440SinglePlus218Single,400,218,28,1205.5260480124032,987.185791015625,0.10755782739699231,1.9242150382053218,accepted_saved_frame
JSCC,440SinglePlus218Single,400,440,37,1178.9705681872447,957.7891845703125,0.038852948612852954,1.805368019415469,accepted_saved_frame
JSCC,440SinglePlus218Single,450,218,10,985.395683852806,961.2134399414062,0.012234433437269546,0.24724954705363536,accepted_saved_frame
JSCC,440SinglePlus218Single,450,440,13,936.120348483932,882.4989624023438,0.010222783762141287,0.7592606318162992,accepted_saved_frame
JSCC,440SinglePlus218Single,450,218,17,959.132758739339,881.2734985351562,0.04296419334487999,0.9718577282392366,accepted_saved_frame
JSCC,440SinglePlus218Single,450,440,22,1041.8397368737521,911.6881713867188,0.02401864028391224,1.0808058788064143,accepted_saved_frame
JSCC,440SinglePlus218Single,450,218,28,1310.0654946108882,1050.7359619140625,0.12002327717134834,1.9992041323179466,accepted_saved_frame
JSCC,440SinglePlus218Single,450,440,37,1282.7692309889546,1018.0186767578125,0.04375487767862883,1.8899753955818965,accepted_saved_frame
JSCC,440SinglePlus218Single,500,218,10,1054.6972031179348,1028.2347412109375,0.012515409732515078,0.2452199133744585,accepted_saved_frame
JSCC,440SinglePlus218Single,500,440,13,992.072332426021,930.7305297851562,0.011088630612043923,0.7744016643981059,accepted_saved_frame
JSCC,440SinglePlus218Single,500,218,17,1018.4822476150972,929.6832885742188,0.04644938305845374,0.9833002126437324,accepted_saved_frame
JSCC,440SinglePlus218Single,500,440,22,1122.1292152560818,971.0974731445312,0.026166808115589885,1.1470908351234717,accepted_saved_frame
JSCC,440SinglePlus218Single,500,218,28,1412.5915916861668,1111.43603515625,0.13176907793065498,2.0584756313788763,accepted_saved_frame
JSCC,440SinglePlus218Single,500,440,37,1388.0141757657796,1076.49072265625,0.04868843314844507,1.9677862745744241,accepted_saved_frame
JSCC,440SinglePlus218Single,550,218,10,1121.382456592425,1093.1597900390625,0.012555138151172119,0.23886073636920158,accepted_saved_frame
JSCC,440SinglePlus218Single,550,440,13,1045.5497523347938,976.3241577148438,0.011929383526744075,0.7902335887332484,accepted_saved_frame
JSCC,440SinglePlus218Single,550,218,17,1075.0184439689554,975.428955078125,0.04965065246848987,0.9939215596886549,accepted_saved_frame
JSCC,440SinglePlus218Single,550,440,22,1200.7296674150787,1028.0653076171875,0.028257083864022668,1.2127439179132717,accepted_saved_frame
JSCC,440SinglePlus218Single,550,218,28,1512.3532886631888,1169.086181640625,0.14278834581494307,2.1067026973566,accepted_saved_frame
JSCC,440SinglePlus218Single,550,440,37,1494.5381606991098,1133.100341796875,0.0536674010377964,2.0425272828815086,accepted_saved_frame
JSCC,440SinglePlus218Single,600,218,10,1185.1697246392057,1155.7640380859375,0.012372835707873049,0.22881849159324189,accepted_saved_frame
JSCC,440SinglePlus218Single,600,440,13,1096.5323924376803,1019.28173828125,0.01275126478706522,0.8069529388064908,accepted_saved_frame
JSCC,440SinglePlus218Single,600,218,17,1128.6489952113066,1018.5044555664062,0.05259048047872746,1.0039713533660561,accepted_saved_frame
JSCC,440SinglePlus218Single,600,440,22,1277.4115379829332,1082.448974609375,0.030303244840990253,1.278452120756564,accepted_saved_frame
JSCC,440SinglePlus218Single,600,218,28,1608.793295457846,1223.5848388671875,0.15309775607888523,2.146809811956406,accepted_saved_frame
JSCC,440SinglePlus218Single,600,440,37,1602.1880408170782,1187.78271484375,0.058699400969916056,2.1161319788951483,accepted_saved_frame
JSCC,440SinglePlus218Single,650,218,10,1245.8706970214844,1215.8944091796875,0.011989169178795615,0.21572139596304904,accepted_saved_frame
JSCC,440SinglePlus218Single,650,440,13,1145.0498892684736,1059.6517333984375,0.013559094307064798,0.8246067063370739,accepted_saved_frame
JSCC,440SinglePlus218Single,650,218,17,1179.3598643678552,1058.9560546875,0.055292902816535656,1.0135865640821713,accepted_saved_frame
JSCC,440SinglePlus218Single,650,440,22,1352.043856995988,1134.1859130859375,0.03231725711400955,1.344647353657184,accepted_saved_frame
JSCC,440SinglePlus218Single,650,218,28,1701.5232090546097,1274.9049072265625,0.16273043659762879,2.1806976059627905,accepted_saved_frame
JSCC,440SinglePlus218Single,650,440,37,1710.8068887783875,1240.499267578125,0.0637868045066849,2.189532854200906,accepted_saved_frame
JSCC,440SinglePlus218Single,700,218,10,1303.3715663308883,1273.452392578125,0.011425467569505065,0.20016539422462448,accepted_saved_frame
JSCC,440SinglePlus218Single,700,440,13,1191.1655393017497,1097.512939453125,0.014356729930601877,0.8431825415530956,accepted_saved_frame
JSCC,440SinglePlus218Single,700,218,17,1227.1923603443117,1096.8653564453125,0.05778141742054554,1.022844920828123,accepted_saved_frame
JSCC,440SinglePlus218Single,700,440,22,1424.5674672547912,1183.2720947265625,0.03430913055275183,1.41157566662498,accepted_saved_frame
JSCC,440SinglePlus218Single,700,218,28,1790.2955419835594,1323.0736083984375,0.1717300575957802,2.209671104535075,accepted_saved_frame
JSCC,440SinglePlus218Single,700,440,37,1820.2235995710396,1291.230224609375,0.06892739916441044,2.2631115244409883,accepted_saved_frame
JSCC,440SinglePlus218Single,750,218,10,1357.6151095571242,1328.3804931640625,0.010702420483001707,0.1826894867655851,accepted_saved_frame
JSCC,440SinglePlus218Single,750,440,13,1234.962246934624,1132.962646484375,0.015147055646094127,0.8626328387986126,accepted_saved_frame
JSCC,440SinglePlus218Single,750,218,17,1272.226516489537,1132.335205078125,0.06007901879523902,1.0318100399648025,accepted_saved_frame
JSCC,440SinglePlus218Single,750,440,22,1494.9730254336391,1229.744873046875,0.036286906124471045,1.479345175829468,accepted_saved_frame
JSCC,440SinglePlus218Single,750,218,28,1874.9767543707985,1368.15625,0.18014639588020512,2.2346848897737615,accepted_saved_frame
JSCC,440SinglePlus218Single,750,440,37,1930.2487467488857,1339.9664306640625,0.07411586747635934,2.336969783684318,accepted_saved_frame
JSCC,440SinglePlus218Single,800,218,10,1408.587529124171,1380.6527099609375,0.009839397691542077,0.16376425327071767,accepted_saved_frame
JSCC,440SinglePlus218Single,800,440,13,1276.5349867515235,1166.1090087890625,0.015932262216788475,0.8829018687652501,accepted_saved_frame
JSCC,440SinglePlus218Single,800,218,17,1314.5668120569255,1165.4805908203125,0.062207043538082145,1.0405326943247066,accepted_saved_frame
JSCC,440SinglePlus218Single,800,440,22,1563.2837535602146,1273.669677734375,0.03825676099867068,1.5479623227704804,accepted_saved_frame
JSCC,440SinglePlus218Single,800,218,28,1955.5232988755681,1410.243896484375,0.18803208585890316,2.2564805336374287,accepted_saved_frame
JSCC,440SinglePlus218Single,800,440,37,2040.6744770480645,1386.7081298828125,0.0793442903925155,2.4110633352172886,accepted_saved_frame
JSCC,440SinglePlus218Single,850,218,10,1456.3096356652557,1430.26708984375,0.008854690605875497,0.14379810172340374,accepted_saved_frame
JSCC,440SinglePlus218Single,850,440,13,1315.9838413097605,1197.064453125,0.016714002909421592,0.9039314749717619,accepted_saved_frame
JSCC,440SinglePlus218Single,850,218,17,1354.3334642492118,1196.42236328125,0.06418525028702173,1.0490629127881803,accepted_saved_frame
JSCC,440SinglePlus218Single,850,440,22,1629.5428464207896,1315.1302490234375,0.04022319025739004,1.6173585779156154,accepted_saved_frame
JSCC,440SinglePlus218Single,850,218,28,2031.9613657013438,1449.445068359375,0.19543998433017817,2.275662629628323,accepted_saved_frame
JSCC,440SinglePlus218Single,850,440,37,2151.2776980760536,1431.4622802734375,0.08460315867821432,2.48528617097553,accepted_saved_frame
JSCC,440SinglePlus218Single,900,218,10,1500.8280149012132,1477.2415771484375,0.0077645793378002355,0.12312591513924906,accepted_saved_frame
JSCC,440SinglePlus218Single,900,440,13,1353.411641420106,1225.9437255859375,0.01749345900219198,0.9256655585192238,accepted_saved_frame
JSCC,440SinglePlus218Single,900,218,17,1391.6550133157689,1225.2825927734375,0.06603165329951717,1.0574475523429046,accepted_saved_frame
JSCC,440SinglePlus218Single,900,440,22,1693.8047029229117,1354.2210693359375,0.04218932009031821,1.687412905142472,accepted_saved_frame
JSCC,440SinglePlus218Single,900,218,28,2104.3694266010953,1485.879150390625,0.20242142929140172,2.292740562237959,accepted_saved_frame
JSCC,440SinglePlus218Single,900,440,37,2261.825454898086,1474.2418212890625,0.08988211795303296,2.5595136704643324,accepted_saved_frame
JSCC,440SinglePlus218Single,950,218,10,1542.2090793621885,1521.6083984375,0.006583938699013526,0.10202439943435132,accepted_saved_frame
JSCC,440SinglePlus218Single,950,440,13,1388.9204989550549,1252.8604736328125,0.01827145704936237,0.9480485445330809,accepted_saved_frame
JSCC,440SinglePlus218Single,950,218,17,1426.6632256889297,1252.1824951171875,0.06776211339332411,1.0657263193813442,accepted_saved_frame
JSCC,440SinglePlus218Single,950,440,22,1756.129259682482,1391.0428466796875,0.04415709610139764,1.7579685208557652,accepted_saved_frame
JSCC,440SinglePlus218Single,950,218,28,2172.8648031011685,1519.6717529296875,0.20902530412745737,2.3081534267809056,accepted_saved_frame
JSCC,440SinglePlus218Single,950,440,37,2372.0795114625953,1515.06591796875,0.09517031871121735,2.63362242627824,accepted_saved_frame
JSCC,440SinglePlus218Single,1000,218,10,1580.5347423492137,1563.4141845703125,0.005325384397010081,0.08070526054862627,accepted_saved_frame
JSCC,440SinglePlus218Single,1000,440,13,1422.6113377721667,1277.92626953125,0.019048608569250582,0.9710304839982274,accepted_saved_frame
JSCC,440SinglePlus218Single,1000,218,17,1459.4907020683393,1277.2393798828125,0.0693913740421426,1.0739442723201262,accepted_saved_frame
JSCC,440SinglePlus218Single,1000,440,22,1816.5784475311802,1425.69921875,0.04612751120042713,1.8288442138095755,accepted_saved_frame
JSCC,440SinglePlus218Single,1000,218,28,2237.592823450023,1550.951416015625,0.2152974548525059,2.3222851049096342,accepted_saved_frame
JSCC,440SinglePlus218Single,1000,440,37,2481.802659439355,1553.9591064453125,0.10045707078183945,2.707503742372576,accepted_saved_frame
JSCC,440SinglePlus218Single,1050,218,10,1615.8995948129145,1602.71435546875,0.004000727675821177,0.05934372559006958,accepted_saved_frame
JSCC,440SinglePlus218Single,1050,440,13,1454.582594218269,1301.24951171875,0.019825339301584283,0.9945637971405774,accepted_saved_frame
JSCC,440SinglePlus218Single,1050,218,17,1490.2675790538722,1300.56689453125,0.07093217922967951,1.0821358760115523,accepted_saved_frame
JSCC,440SinglePlus218Single,1050,440,22,1875.2129910680999,1458.2930908203125,0.0481008940708678,1.8998472156369484,accepted_saved_frame
JSCC,440SinglePlus218Single,1050,218,28,2298.7178461597628,1579.8480224609375,0.22127993861576759,2.33546767975311,accepted_saved_frame
JSCC,440SinglePlus218Single,1050,440,37,2590.7633723147073,1590.951904296875,0.10573198968964646,2.7810629133806786,accepted_saved_frame
JSCC,440SinglePlus218Single,1100,218,10,1648.4072909339832,1639.574462890625,0.002619845799497447,0.038067281886930975,accepted_saved_frame
JSCC,440SinglePlus218Single,1100,440,13,1484.9297671227787,1322.9351806640625,0.020601900132867175,1.0186009333517443,accepted_saved_frame
JSCC,440SinglePlus218Single,1100,218,17,1519.121093584756,1322.2738037109375,0.07239609574430639,1.0903351647743502,accepted_saved_frame
JSCC,440SinglePlus218Single,1100,440,22,1932.0922238945582,1488.9273681640625,0.05007686600444851,1.9707733907223177,accepted_saved_frame
JSCC,440SinglePlus218Single,1100,218,28,2356.416409949983,1606.4898681640625,0.22701148702335747,2.3479921650674287,accepted_saved_frame
JSCC,440SinglePlus218Single,1100,440,37,2698.7397569977743,1626.0799560546875,0.11098529752876284,2.8542217805438606,accepted_saved_frame
JSCC,440SinglePlus218Single,1150,218,10,1678.1690118427828,1674.06640625,0.0011917747670424424,0.016977135827172456,accepted_saved_frame
JSCC,440SinglePlus218Single,1150,440,13,1513.7446884270255,1343.083740234375,0.021378459365479233,1.0430949971026464,accepted_saved_frame
JSCC,440SinglePlus218Single,1150,218,17,1546.1736236254296,1342.463623046875,0.07379329849780972,1.0985693367628802,accepted_saved_frame
JSCC,440SinglePlus218Single,1150,440,22,1987.2731265036414,1517.701416015625,0.05205481739355866,2.0414239527132607,accepted_saved_frame
JSCC,440SinglePlus218Single,1150,218,28,2410.8720003674657,1631.003662109375,0.23252703423255694,2.360109110898531,accepted_saved_frame
JSCC,440SinglePlus218Single,1150,440,37,2805.5231736256715,1659.384765625,0.11620780807206048,2.926913659548969,accepted_saved_frame
JSCC,440SinglePlus218Single,1200,218,10,1705.300749653022,1706.2684326171875,-0.00027579909653038614,-0.0038548348977569904,accepted_saved_frame
JSCC,440SinglePlus218Single,1200,440,13,1541.1166270669166,1361.7921142578125,0.022155124071743693,1.0680002075126946,accepted_saved_frame
JSCC,440SinglePlus218Single,1200,218,17,1571.5425997023724,1361.2347412109375,0.07513280037155713,1.1068616873475148,accepted_saved_frame
JSCC,440SinglePlus218Single,1200,440,22,2040.8101634057502,1544.7122802734375,0.05403375093336646,2.111601473157045,accepted_saved_frame
JSCC,440SinglePlus218Single,1200,218,28,2462.2704815859834,1653.5133056640625,0.23785788498521182,2.372030371231473,accepted_saved_frame
JSCC,440SinglePlus218Single,1200,440,37,2910.9213137278334,1690.912109375,0.12139125873360582,2.999086229427781,accepted_saved_frame
JSCC,440SinglePlus218Single,1250,218,10,1729.9219955002764,1736.263671875,-0.001776214850524689,-0.02437764046719042,accepted_saved_frame
JSCC,440SinglePlus218Single,1250,440,13,1567.1303418157206,1379.1524658203125,0.02293188735053704,1.0932675468047857,accepted_saved_frame
JSCC,440SinglePlus218Single,1250,218,17,1595.3395724793006,1378.6800537109375,0.07642252479705008,1.1152296708154392,accepted_saved_frame
JSCC,440SinglePlus218Single,1250,440,22,2092.755515443143,1570.052734375,0.056012623316057705,2.181121176094143,accepted_saved_frame
JSCC,440SinglePlus218Single,1250,218,28,2510.7970941595754,1674.1387939453125,0.2430321693257202,2.383936205118488,accepted_saved_frame
JSCC,440SinglePlus218Single,1250,440,37,3014.75901962255,1720.7117919921875,0.12652820110920904,3.0706946823516397,accepted_saved_frame
JSCC,440SinglePlus218Single,1300,218,10,1752.154324743142,1764.1380615234375,-0.003303442797918184,-0.044552836450432655,accepted_saved_frame
JSCC,440SinglePlus218Single,1300,440,13,1591.8676735152876,1395.2528076171875,0.02370875714829088,1.118849662187647,accepted_saved_frame
JSCC,440SinglePlus218Single,1300,218,17,1617.6707409098126,1394.88720703125,0.07766960511322447,1.123687263931374,accepted_saved_frame
JSCC,440SinglePlus218Single,1300,440,22,2143.1592167653635,1593.8126220703125,0.0579901880034293,2.2498047420487435,accepted_saved_frame
JSCC,440SinglePlus218Single,1300,218,28,2556.6342545897496,1692.996337890625,0.2480748755580574,2.3959766158900484,accepted_saved_frame
JSCC,440SinglePlus218Single,1300,440,37,3116.8806137187876,1748.83740234375,0.13161207135096542,3.1417021446672533,accepted_saved_frame
JSCC,440SinglePlus218Single,1350,218,10,1772.1202549581742,1789.980712890625,-0.004852341274691538,-0.06435589567020876,accepted_saved_frame
JSCC,440SinglePlus218Single,1350,440,13,1615.40686097975,1410.17626953125,0.024485785263919747,1.144700632195886,accepted_saved_frame
JSCC,440SinglePlus218Single,1350,218,17,1638.6362929860957,1409.938720703125,0.07888027510185947,1.1322437733745927,accepted_saved_frame
JSCC,440SinglePlus218Single,1350,440,22,2192.0691074232063,1616.0775146484375,0.059965201666765604,2.3174879742122863,accepted_saved_frame
JSCC,440SinglePlus218Single,1350,218,28,2599.9587476259376,1710.197021484375,0.25300824508957953,2.4082732753208798,accepted_saved_frame
JSCC,440SinglePlus218Single,1350,440,37,3217.14939718812,1775.3460693359375,0.13663700767985548,3.2120741765656806,accepted_saved_frame
JSCC,440SinglePlus218Single,1400,218,10,1789.9416217374649,1813.8819580078125,-0.006418422845049186,-0.08377121200236505,accepted_saved_frame
JSCC,440SinglePlus218Single,1400,440,13,1637.8217527771276,1424.0015869140625,0.025262919061565144,1.1707691495980515,accepted_saved_frame
JSCC,440SinglePlus218Single,1400,218,17,1658.3306965284562,1423.912353515625,0.08005997196384296,1.1409034914466556,accepted_saved_frame
JSCC,440SinglePlus218Single,1400,440,22,2239.531616409734,1636.92919921875,0.06193645089370708,2.3840238906760542,accepted_saved_frame
JSCC,440SinglePlus218Single,1400,218,28,2640.941739105062,1725.8487548828125,0.25785145829608774,2.4209227372798576,accepted_saved_frame
JSCC,440SinglePlus218Single,1400,440,37,3315.447973818353,1800.2958984375,0.1415981811592637,3.2817829909994334,accepted_saved_frame
JSCC,440SinglePlus218Single,1450,218,10,1805.7391341721514,1835.93310546875,-0.007997798985921133,-0.10279015519535915,accepted_saved_frame
JSCC,440SinglePlus218Single,1450,440,13,1659.183218318166,1436.8037109375,0.026040101018482198,1.1970042741271698,accepted_saved_frame
JSCC,440SinglePlus218Single,1450,218,17,1676.8424344417626,1436.880859375,0.08121346571980347,1.1496671198901658,accepted_saved_frame
JSCC,440SinglePlus218Single,1450,440,22,2285.5918286731976,1656.445556640625,0.06390278753801275,2.4492786594226192,accepted_saved_frame
JSCC,440SinglePlus218Single,1450,218,28,2679.746360949409,1740.052734375,0.2626219191838561,2.4340024274976173,accepted_saved_frame
JSCC,440SinglePlus218Single,1450,440,37,3411.6779209830192,1823.748046875,0.14649129604198355,3.3508001914382946,accepted_saved_frame
JSCC,440SinglePlus218Single,1500,218,10,1819.632545005087,1856.2252197265625,-0.009586731983623722,-0.12140449813543006,accepted_saved_frame
JSCC,440SinglePlus218Single,1500,440,13,1679.5579949974729,1448.6527099609375,0.026817292687891573,1.2233538952985052,accepted_saved_frame
JSCC,440SinglePlus218Single,1500,218,17,1694.25499448245,1448.9119873046875,0.08234529284839115,1.1585365494347528,accepted_saved_frame
JSCC,440SinglePlus218Single,1500,440,22,2330.293635282385,1674.70068359375,0.06586313823516898,2.513135394920282,accepted_saved_frame
JSCC,440SinglePlus218Single,1500,218,28,2716.5277985414714,1752.906494140625,0.26733433626106223,2.4475674543482757,accepted_saved_frame
JSCC,440SinglePlus218Single,1500,440,37,3505.7589754156556,1845.763916015625,0.15131291080451656,3.4191002007043405,accepted_saved_frame
JSCC,440SinglePlus218Single,1550,218,10,1831.737955860003,1874.8492431640625,-0.011182315440147765,-0.1396145603783914,accepted_saved_frame
JSCC,440SinglePlus218Single,1550,440,13,1699.0094852514114,1459.61474609375,0.027594447429173947,1.2497658925765502,accepted_saved_frame
JSCC,440SinglePlus218Single,1550,218,17,1710.6460614277562,1460.0699462890625,0.08345898715433704,1.167504161666636,accepted_saved_frame
JSCC,440SinglePlus218Single,1550,440,22,2373.6798768005233,1691.7650146484375,0.06781651342718586,2.5754931392946205,accepted_saved_frame
JSCC,440SinglePlus218Single,1550,218,28,2751.432852788582,1764.50244140625,0.27200154302432544,2.461656997962399,accepted_saved_frame
JSCC,440SinglePlus218Single,1550,440,37,3597.6279085299598,1866.405517578125,0.1560602120296677,3.4866573015042523,accepted_saved_frame
JSCC,440SinglePlus218Single,1600,218,10,1842.1687488617238,1891.89404296875,-0.012781671467469781,-0.15741853045101173,accepted_saved_frame
JSCC,440SinglePlus218Single,1600,440,13,1717.5980664789404,1469.7515869140625,0.028371621579328023,1.2761919375062187,accepted_saved_frame
JSCC,440SinglePlus218Single,1600,218,17,1726.0884070127668,1470.4136962890625,0.08455812292587671,1.1765670898351723,accepted_saved_frame
JSCC,440SinglePlus218Single,1600,440,22,2415.792332735193,1707.704833984375,0.06976208645733921,2.636269412214076,accepted_saved_frame
JSCC,440SinglePlus218Single,1600,218,28,2784.600005197569,1774.92724609375,0.27663503593341243,2.4762990123392927,accepted_saved_frame
JSCC,440SinglePlus218Single,1600,440,37,3687.2378342527263,1885.73486328125,0.16073101757228941,3.5534483077886083,accepted_saved_frame
JSCC,440SinglePlus218Single,1650,218,10,1851.034269179562,1907.447021484375,-0.014382417920012908,-0.1748184646535978,accepted_saved_frame
JSCC,440SinglePlus218Single,1650,440,13,1735.3795412354907,1479.1214599609375,0.029148692168761398,1.302576529418823,accepted_saved_frame
JSCC,440SinglePlus218Single,1650,218,17,1740.6500203330343,1479.9991455078125,0.08564555380991266,1.1857162027841976,accepted_saved_frame
JSCC,440SinglePlus218Single,1650,440,22,2456.6728275404826,1722.5836181640625,0.07169912726416293,2.6953968481975563,accepted_saved_frame
JSCC,440SinglePlus218Single,1650,218,28,2816.1583895870103,1784.263427734375,0.2812442279112228,2.4915057630523645,accepted_saved_frame
JSCC,440SinglePlus218Single,1650,440,37,3774.5564798921628,1903.81396484375,0.16532359859012033,3.6194466726986194,accepted_saved_frame
JSCC,440SinglePlus218Single,1700,218,10,1858.4404135946293,1921.5936279296875,-0.01598236371279069,-0.1918161875240767,accepted_saved_frame
JSCC,440SinglePlus218Single,1700,440,13,1752.4074453288329,1487.77880859375,0.029925665199574174,1.3288690854192822,accepted_saved_frame
JSCC,440SinglePlus218Single,1700,218,17,1754.3939227511742,1488.877685546875,0.08672397259519267,1.194943234554773,accepted_saved_frame
JSCC,440SinglePlus218Single,1700,440,22,2496.3611285841444,1736.461181640625,0.07362692740060893,2.7528211497105097,accepted_saved_frame
JSCC,440SinglePlus218Single,1700,218,28,2846.229234308082,1792.5889892578125,0.2858371848347878,2.507280122227013,accepted_saved_frame
JSCC,440SinglePlus218Single,1700,440,37,3859.564925583849,1920.703125,0.16983686050131427,3.684628725713457,accepted_saved_frame
JSCC,440SinglePlus218Single,1750,218,10,1864.4886666938805,1934.4168701171875,-0.01757961660658027,-0.2084147261234224,accepted_saved_frame
JSCC,440SinglePlus218Single,1750,440,13,1768.7315838951724,1495.7740478515625,0.03070254928731491,1.3550204547583697,accepted_saved_frame
JSCC,440SinglePlus218Single,1750,218,17,1767.3791007973698,1497.0977783203125,0.08779564405979315,1.2042372316057113,accepted_saved_frame
JSCC,440SinglePlus218Single,1750,440,22,2534.8967669434555,1749.3939208984375,0.0755449593314953,2.808504247472627,accepted_saved_frame
JSCC,440SinglePlus218Single,1750,218,28,2874.9242143659344,1799.975830078125,0.29042101408181764,2.52361623855994,accepted_saved_frame
JSCC,440SinglePlus218Single,1750,440,37,3942.2570822121806,1936.462646484375,0.17427000353135866,3.7489679891109815,accepted_saved_frame
JSCC,440SinglePlus218Single,1800,218,10,1869.2761728955236,1945.99658203125,-0.01917237596487473,-0.22461597929004215,accepted_saved_frame
JSCC,440SinglePlus218Single,1800,440,13,1784.3986233762248,1503.154296875,0.031479335008822336,1.3809818791610686,accepted_saved_frame
JSCC,440SinglePlus218Single,1800,218,17,1779.6599564724045,1504.704345703125,0.08886249664907628,1.2135855723480755,accepted_saved_frame
JSCC,440SinglePlus218Single,1800,440,22,2572.319564604358,1761.435302734375,0.07745287035257267,2.8624234631573344,accepted_saved_frame
JSCC,440SinglePlus218Single,1800,218,28,2902.348314743364,1806.493408203125,0.29500119485643106,2.5405003179437924,accepted_saved_frame
JSCC,440SinglePlus218Single,1800,440,37,4022.636991518816,1951.1502685546875,0.17862275270880945,3.8124410436172904,accepted_saved_frame
JSCC,440SinglePlus218Single,1850,218,10,1872.8958526316947,1956.4100341796875,-0.02075904868699831,-0.24042217819811765,accepted_saved_frame
JSCC,440SinglePlus218Single,1850,440,13,1799.4528149894177,1509.96435546875,0.0322559547887003,1.40670399034629,accepted_saved_frame
JSCC,440SinglePlus218Single,1850,218,17,1791.2875858838609,1511.738525390625,0.08992665844816719,1.2229809415043225,accepted_saved_frame
JSCC,440SinglePlus218Single,1850,440,22,2608.6675751421276,1772.6358642578125,0.07935029775009614,2.9145659961988133,accepted_saved_frame
JSCC,440SinglePlus218Single,1850,218,28,2928.597516311749,1812.204833984375,0.2995827453886712,2.5579143228765164,accepted_saved_frame
JSCC,440SinglePlus218Single,1850,440,37,4100.719102405113,1964.82275390625,0.18289512775852085,3.8750228965305995,accepted_saved_frame
JSCC,440SinglePlus218Single,1900,218,10,1875.4349948110305,1965.7315673828125,-0.022338507519951346,-0.25583908268085204,accepted_saved_frame
JSCC,440SinglePlus218Single,1900,440,13,1813.9355466506472,1516.2447509765625,0.033032499592443976,1.432145839564194,accepted_saved_frame
JSCC,440SinglePlus218Single,1900,218,17,1802.3091461083995,1518.23974609375,0.0909894829362891,1.2324086326564463,accepted_saved_frame
JSCC,440SinglePlus218Single,1900,440,22,2643.9781343517584,1783.0433349609375,0.08123696802608553,2.964930126826791,accepted_saved_frame
JSCC,440SinglePlus218Single,1900,218,28,2953.760479329016,1817.1705322265625,0.30416919239913365,2.5758317980070315,accepted_saved_frame
JSCC,440SinglePlus218Single,1900,440,37,4176.525427452509,1977.5350341796875,0.18708737766020034,3.936687251781063,accepted_saved_frame
JSCC,440SinglePlus218Single,1950,218,10,1876.977544361372,1974.031494140625,-0.0239092656277531,-0.27086651752357227,accepted_saved_frame
JSCC,440SinglePlus218Single,1950,440,13,1827.8855240942253,1522.033935546875,0.033808954946885614,1.4572635297692265,accepted_saved_frame
JSCC,440SinglePlus218Single,1950,218,17,1812.7683016487313,1524.2435302734375,0.09205255452677207,1.2418590448637552,accepted_saved_frame
JSCC,440SinglePlus218Single,1950,440,22,2678.2881156460226,1792.7027587890625,0.08311271739016385,3.0135267147882914,accepted_saved_frame
JSCC,440SinglePlus218Single,1950,218,28,2977.9196636381334,1821.4461669921875,0.3087638474231954,2.5942257278244956,accepted_saved_frame
JSCC,440SinglePlus218Single,1950,440,37,4250.086175616627,1989.339599609375,0.1912001795888775,3.997410742794186,accepted_saved_frame
JSCC,440SinglePlus218Single,2000,218,10,1877.6021196665872,1981.3779296875,-0.025470408513462783,-0.28550952067048685,accepted_saved_frame
JSCC,440SinglePlus218Single,2000,440,13,1841.3385460938937,1527.366943359375,0.03458536192619237,1.4820192680547826,accepted_saved_frame
JSCC,440SinglePlus218Single,2000,218,17,1822.7059042803305,1529.7835693359375,0.09311713280092676,1.2513207366803172,accepted_saved_frame
JSCC,440SinglePlus218Single,2000,440,22,2711.6336990122977,1801.65673828125,0.08497744875678713,3.0603738313614617,accepted_saved_frame
JSCC,440SinglePlus218Single,2000,218,28,3001.149765794536,1825.083984375,0.3133688758798836,2.6130639574229058,accepted_saved_frame
JSCC,440SinglePlus218Single,2000,440,37,4321.437376620904,2000.2874755859375,0.1952342976690598,4.057169922158614,accepted_saved_frame
JSCC,440SinglePlus218Single,2050,218,10,1877.3837229247263,1987.835205078125,-0.027020804171975735,-0.29976919497341703,accepted_saved_frame
JSCC,440SinglePlus218Single,2050,440,13,1854.3285611641143,1532.2774658203125,0.03536166517603323,1.5063737062358447,accepted_saved_frame
JSCC,440SinglePlus218Single,2050,218,17,1832.159367519951,1534.89111328125,0.09418420163952014,1.2607806065179865,accepted_saved_frame
JSCC,440SinglePlus218Single,2050,440,22,2744.0510849463653,1809.9451904296875,0.0868312455715661,3.1055017712030204,accepted_saved_frame
JSCC,440SinglePlus218Single,2050,218,28,3023.519880662543,1828.1328125,0.3179859338278325,2.6323124182485538,accepted_saved_frame
JSCC,440SinglePlus218Single,2050,440,37,4390.6206992303,2010.4273681640625,0.19919075978112247,4.115940945999279,accepted_saved_frame
JSCC,440SinglePlus218Single,2100,218,10,1876.392229773224,1993.46435546875,-0.028559600567917322,-0.3136486522334125,accepted_saved_frame
JSCC,440SinglePlus218Single,2100,440,13,1866.887721920732,1536.7955322265625,0.03613803225552141,1.5303000754221512,accepted_saved_frame
JSCC,440SinglePlus218Single,2100,218,17,1841.1639318495136,1539.594970703125,0.0952548847568495,1.2702297085993388,accepted_saved_frame
JSCC,440SinglePlus218Single,2100,440,22,2775.574704201867,1817.6058349609375,0.0886741491132764,3.1489465424016867,accepted_saved_frame
JSCC,440SinglePlus218Single,2100,218,28,3045.0930013988223,1830.6376953125,0.32261624765391494,2.651935401162659,accepted_saved_frame
JSCC,440SinglePlus218Single,2100,440,37,4457.681385035914,2019.8057861328125,0.20307070208170142,4.173701228890028,accepted_saved_frame
JSCC,440SinglePlus218Single,2150,218,10,1874.6935330602516,1998.3233642578125,-0.030086010993789873,-0.32715062864323813,accepted_saved_frame
JSCC,440SinglePlus218Single,2150,440,13,1879.0453337192798,1540.94970703125,0.03691445240331125,1.5537663273482134,accepted_saved_frame
JSCC,440SinglePlus218Single,2150,218,17,1849.7517996407853,1543.922119140625,0.09632995148337128,1.2796568978343617,accepted_saved_frame
JSCC,440SinglePlus218Single,2150,440,22,2806.238717400329,1824.674560546875,0.09050625936210764,3.1907469909843518,accepted_saved_frame
JSCC,440SinglePlus218Single,2150,218,28,3065.9267649289727,1832.640625,0.3272605387376127,2.6718968904828198,accepted_saved_frame
JSCC,440SinglePlus218Single,2150,440,37,4522.669584197591,2028.467041015625,0.20687552057963268,4.230430419614586,accepted_saved_frame
JSCC,440SinglePlus218Single,2200,218,10,1872.349614281363,2002.4671630859375,-0.03159930784642005,-0.34027791791273687,accepted_saved_frame
JSCC,440SinglePlus218Single,2200,440,13,1890.8290892231007,1544.7664794921875,0.03769095863458456,1.5767473899613418,accepted_saved_frame
JSCC,440SinglePlus218Single,2200,218,17,1857.9527676596654,1547.8974609375,0.09741012054039777,1.2890514460902331,accepted_saved_frame
JSCC,440SinglePlus218Single,2200,440,22,2836.076287250955,1831.18505859375,0.09232773068236463,3.2309490873331423,accepted_saved_frame
JSCC,440SinglePlus218Single,2200,218,28,3086.0734758181334,1834.1806640625,0.331919016296439,2.6921585042423093,accepted_saved_frame
JSCC,440SinglePlus218Single,2200,440,37,4585.637379734897,2036.45361328125,0.21060659365644388,4.2861090565673665,accepted_saved_frame
JSCC,440SinglePlus218Single,2250,218,10,1869.4182372261857,2005.947509765625,-0.03309888099618913,-0.35303380212363183,accepted_saved_frame
JSCC,440SinglePlus218Single,2250,440,13,1902.2649052540535,1548.2701416015625,0.0384676309853765,1.5992219329805062,accepted_saved_frame
JSCC,440SinglePlus218Single,2250,218,17,1865.7950407255566,1551.544189453125,0.09849618586683091,1.2984055349513166,accepted_saved_frame
JSCC,440SinglePlus218Single,2250,440,22,2865.1199777432957,1837.1690673828125,0.0941387858660884,3.2696040160510758,accepted_saved_frame
JSCC,440SinglePlus218Single,2250,218,28,3105.580828208076,1835.29443359375,0.33659138722017784,2.7126810080483694,accepted_saved_frame
JSCC,440SinglePlus218Single,2250,440,37,4646.639453790363,2043.805419921875,0.21426551158067433,4.340717125608633,accepted_saved_frame
JSCC,440SinglePlus218Single,2300,218,10,1865.9532782747815,2008.8133544921875,-0.03458425226340553,-0.36542229158054595,accepted_saved_frame
JSCC,440SinglePlus218Single,2300,440,13,1913.376788450107,1551.4835205078125,0.03924448905738802,1.621170179119044,accepted_saved_frame
JSCC,440SinglePlus218Single,2300,218,17,1873.3042699582406,1554.88427734375,0.09958853772485368,1.3077088141985265,accepted_saved_frame
JSCC,440SinglePlus218Single,2300,440,22,2893.4013277333247,1842.6566162109375,0.09593965310458018,3.306762619179754,accepted_saved_frame
JSCC,440SinglePlus218Single,2300,218,28,3124.4924935542754,1836.0155029296875,0.3412773164760835,2.7334269941614098,accepted_saved_frame
JSCC,440SinglePlus218Single,2300,440,37,4705.731869019634,2050.560791015625,0.21785383110830775,4.394237506866785,accepted_saved_frame
JSCC,440SinglePlus218Single,2350,218,10,1862.0058454409289,2011.110595703125,-0.036054761351629834,-0.3774450077721099,accepted_saved_frame
JSCC,440SinglePlus218Single,2350,440,13,1924.1873814071546,1554.4276123046875,0.040021604554243306,1.64257894405802,accepted_saved_frame
JSCC,440SinglePlus218Single,2350,218,17,1880.5042433504377,1557.937255859375,0.10068784713425716,1.3169546075275802,accepted_saved_frame
JSCC,440SinglePlus218Single,2350,440,22,2920.951158190402,1847.67578125,0.0977306397051083,3.342482635802035,accepted_saved_frame
JSCC,440SinglePlus218Single,2350,218,28,3142.8478171583706,1836.375244140625,0.34597599516932004,2.754358348549609,accepted_saved_frame
JSCC,440SinglePlus218Single,2350,440,37,4762.971953117019,2056.755859375,0.22137321434290377,4.4466539139742975,accepted_saved_frame
JSCC,440SinglePlus218Single,2400,218,10,1857.6223236770875,2012.882568359375,-0.037510160905807374,-0.38910764694759326,accepted_saved_frame
JSCC,440SinglePlus218Single,2400,440,13,1934.7180167928905,1557.1219482421875,0.04079906209013563,1.6634377009528967,accepted_saved_frame
JSCC,440SinglePlus218Single,2400,218,17,1887.4171229506528,1560.72216796875,0.1017944097905808,1.3261344708556801,accepted_saved_frame
JSCC,440SinglePlus218Single,2400,440,22,2947.7997191310237,1852.25341796875,0.09951205019955156,3.3768218316749903,accepted_saved_frame
JSCC,440SinglePlus218Single,2400,218,28,3160.682601262557,1836.402587890625,0.3506864842819234,2.775437711675312,accepted_saved_frame
JSCC,440SinglePlus218Single,2400,440,37,4818.417440787743,2062.4248046875,0.22482534648323035,4.49795368043624,accepted_saved_frame
JSCC,440SinglePlus218Single,2450,218,10,1852.846941883541,2014.1697998046875,-0.038949952016123175,-0.40041286413469557,accepted_saved_frame
JSCC,440SinglePlus218Single,2450,440,13,1944.98838990402,1559.5848388671875,0.041576894650051564,1.6837379668778696,accepted_saved_frame
JSCC,440SinglePlus218Single,2450,218,17,1894.0638614410118,1563.2562255859375,0.10290878682876275,1.3352443194276278,accepted_saved_frame
JSCC,440SinglePlus218Single,2450,440,22,2973.975742866552,1856.414794921875,0.101284161791034,3.4098359948645314,accepted_saved_frame
JSCC,440SinglePlus218Single,2450,218,28,3178.029794662809,1836.124755859375,0.3554075892250045,2.796628359748316,accepted_saved_frame
JSCC,440SinglePlus218Single,2450,440,37,4872.126975078199,2067.599853515625,0.22821200858466362,4.548123851972158,accepted_saved_frame
JSCC,440SinglePlus218Single,2500,218,10,1847.7205965587948,2015.0107421875,-0.040373843312365675,-0.4113652694698654,accepted_saved_frame
JSCC,440SinglePlus218Single,2500,440,13,1955.017167918495,1561.8328857421875,0.0423552185571315,1.7034767888370632,accepted_saved_frame
JSCC,440SinglePlus218Single,2500,218,17,1900.4634610375679,1565.5557861328125,0.10403121057930868,1.344276922370486,accepted_saved_frame
JSCC,440SinglePlus218Single,2500,440,22,2999.5076533148385,1860.1837158203125,0.1030473257873245,3.441584603429385,accepted_saved_frame
JSCC,440SinglePlus218Single,2500,218,28,3194.9184695268173,1835.5662841796875,0.3601380573121836,2.817894996947593,accepted_saved_frame
JSCC,440SinglePlus218Single,2500,440,37,4924.158238618481,2072.311279296875,0.23153495549983757,4.597153648225825,accepted_saved_frame
JSCC,440SinglePlus218Single,2550,218,10,1842.280807249799,2015.440673828125,-0.04178152846214924,-0.4219690732181639,accepted_saved_frame
JSCC,440SinglePlus218Single,2550,440,13,1964.8215598562276,1563.881591796875,0.04313410842042649,1.722653225833669,accepted_saved_frame
JSCC,440SinglePlus218Single,2550,218,17,1906.633116756924,1567.6357421875,0.10516186454027668,1.3532258087765074,accepted_saved_frame
JSCC,440SinglePlus218Single,2550,440,22,3024.4235024130753,1863.5826416015625,0.10480195203621175,3.4721270755071463,accepted_saved_frame
JSCC,440SinglePlus218Single,2550,218,28,3211.375419054474,1834.750244140625,0.3648764660782721,2.8392034924717384,accepted_saved_frame
JSCC,440SinglePlus218Single,2550,440,37,4974.569352330795,2076.58837890625,0.23479586938868094,4.645033543915115,accepted_saved_frame
JSCC,440SinglePlus218Single,2600,218,10,1836.5628234274518,2015.4932861328125,-0.04317278140302403,-0.432229166782781,accepted_saved_frame
JSCC,440SinglePlus218Single,2600,440,13,1974.4177030715143,1565.7457275390625,0.04391359212206508,1.741267411453718,accepted_saved_frame
JSCC,440SinglePlus218Single,2600,218,17,1912.5897724697104,1569.51025390625,0.1063010940605112,1.3620883616796038,accepted_saved_frame
JSCC,440SinglePlus218Single,2600,440,22,3048.749133200921,1866.6324462890625,0.10654838693631077,3.5015212282576638,accepted_saved_frame
JSCC,440SinglePlus218Single,2600,218,28,3227.424320356111,1833.698486328125,0.3696209027779258,2.8605183219386,accepted_saved_frame
JSCC,440SinglePlus218Single,2600,440,37,5023.417081522681,2080.4580078125,0.23799652179479883,4.69175713815142,accepted_saved_frame
JSCC,440SinglePlus218Single,2650,218,10,1830.5985350777482,2015.199951171875,-0.04454756641594018,-0.442152067123598,accepted_saved_frame
JSCC,440SinglePlus218Single,2650,440,13,1983.820808723336,1567.4384765625,0.044693784623298,1.7593248373646775,accepted_saved_frame
JSCC,440SinglePlus218Single,2650,218,17,1918.348452779069,1571.1923828125,0.1074490296939577,1.3708596655624699,accepted_saved_frame
JSCC,440SinglePlus218Single,2650,440,22,3072.510567930788,1869.3533935546875,0.10828699353965313,3.529824472385401,accepted_saved_frame
JSCC,440SinglePlus218Single,2650,218,28,3243.087355937646,1832.4306640625,0.3743698646937243,2.8818079572703073,accepted_saved_frame
JSCC,440SinglePlus218Single,2650,440,37,5070.757418975966,2083.9453125,0.24113870648533803,4.737317840592959,accepted_saved_frame
JSCC,440SinglePlus218Single,2700,218,10,1824.4183777444232,2014.5899658203125,-0.04590564210207103,-0.45174240949415495,accepted_saved_frame
JSCC,440SinglePlus218Single,2700,440,13,1993.044625258275,1568.9725341796875,0.04547468427650516,1.7768298126570472,accepted_saved_frame
JSCC,440SinglePlus218Single,2700,218,17,1923.923144600352,1572.6944580078125,0.10860572598686909,1.3795353873702212,accepted_saved_frame
JSCC,440SinglePlus218Single,2700,440,22,3095.7331363404633,1871.7645263671875,0.11001816816874194,3.5570921274635925,accepted_saved_frame
JSCC,440SinglePlus218Single,2700,218,28,3258.3847536028557,1830.96533203125,0.37912164484824556,2.9030422076118505,accepted_saved_frame
JSCC,440SinglePlus218Single,2700,440,37,5116.646455776421,2087.07470703125,0.2442241401033884,4.781713794023562,accepted_saved_frame
JSCC,440SinglePlus218Single,2750,218,10,1818.0497607264872,2013.690185546875,-0.04724687008774004,-0.46100571267902113,accepted_saved_frame
JSCC,440SinglePlus218Single,2750,440,13,2002.1029132828294,1570.3592529296875,0.04625644934717452,1.7937933336048935,accepted_saved_frame
JSCC,440SinglePlus218Single,2750,218,17,1929.3270267577643,1574.0274658203125,0.10977146600954678,1.3881142883848192,accepted_saved_frame
JSCC,440SinglePlus218Single,2750,440,22,3118.4411299320773,1873.8836669921875,0.11174231624780137,3.583380271738368,accepted_saved_frame
JSCC,440SinglePlus218Single,2750,218,28,3273.3339642872957,1829.3192138671875,0.3838744730978407,2.924191924348015,accepted_saved_frame
JSCC,440SinglePlus218Single,2750,440,37,5161.137802084701,2089.869140625,0.24725441607041465,4.824941830812535,accepted_saved_frame
JSCC,440SinglePlus218Single,2800,218,10,1811.5184950261255,2012.526611328125,-0.0485712255537433,-0.4699482839073416,accepted_saved_frame
JSCC,440SinglePlus218Single,2800,440,13,2011.0081570833356,1571.609619140625,0.04703912895178071,1.8102258268597766,accepted_saved_frame
JSCC,440SinglePlus218Single,2800,218,17,1934.5724509637676,1575.2025146484375,0.11094620360421747,1.396593250381855,accepted_saved_frame
JSCC,440SinglePlus218Single,2800,440,22,3140.657459450317,1875.7275390625,0.11345981015944434,3.608741033483388,accepted_saved_frame
JSCC,440SinglePlus218Single,2800,218,28,3287.9511830685137,1827.5081787109375,0.38862647487821106,2.9452278205073106,accepted_saved_frame
JSCC,440SinglePlus218Single,2800,440,37,5204.28393793094,2092.349365234375,0.25023128020059787,4.867002637121525,accepted_saved_frame
JSCC,440SinglePlus218Single,2850,218,10,1804.8484591272484,2011.12255859375,-0.04987848594527004,-0.478574612093439,accepted_saved_frame
JSCC,440SinglePlus218Single,2850,440,13,2019.7720284752056,1572.7333984375,0.04782283145014988,1.8261398792280115,accepted_saved_frame
JSCC,440SinglePlus218Single,2850,218,17,1939.67070178452,1576.2291259765625,0.11213013843227967,1.4049719962535445,accepted_saved_frame
JSCC,440SinglePlus218Single,2850,440,22,3162.4047475790835,1877.3123779296875,0.11517100143445715,3.63322599592945,accepted_saved_frame
JSCC,440SinglePlus218Single,2850,218,28,3302.2512112481104,1825.5469970703125,0.3933757609773466,2.9661234377260333,accepted_saved_frame
JSCC,440SinglePlus218Single,2850,440,37,5246.136884934971,2094.53515625,0.2531564620257567,4.907899400375837,accepted_saved_frame
JSCC,440SinglePlus218Single,2900,218,10,1798.0606620764042,2009.5008544921875,-0.051168943479797425,-0.48689419255777194,accepted_saved_frame
JSCC,440SinglePlus218Single,2900,440,13,2028.4048905122852,1573.739990234375,0.04860755647190916,1.8415470956456395,accepted_saved_frame
JSCC,440SinglePlus218Single,2900,218,17,1944.6321796301754,1577.116943359375,0.11332312726851491,1.4132466029796042,accepted_saved_frame
JSCC,440SinglePlus218Single,2900,440,22,3183.7051841898806,1878.653076171875,0.11687634086966328,3.6568851290394444,accepted_saved_frame
JSCC,440SinglePlus218Single,2900,218,28,3316.247392590899,1823.449462890625,0.398120364072356,2.9868539330695,accepted_saved_frame
JSCC,440SinglePlus218Single,2900,440,37,5286.746182453605,2096.44580078125,0.2560314280585275,4.947633853186594,accepted_saved_frame
JSCC,440SinglePlus218Single,2950,218,10,1791.1756476006708,2007.6812744140625,-0.05244227447269956,-0.4949101534549168,accepted_saved_frame
JSCC,440SinglePlus218Single,2950,440,13,2036.9174277234265,1574.6383056640625,0.04939338721648606,1.8564627961552986,accepted_saved_frame
JSCC,440SinglePlus218Single,2950,218,17,1949.4666539263476,1577.8741455078125,0.11452536627894332,1.4214188941890586,accepted_saved_frame
JSCC,440SinglePlus218Single,2950,440,22,3204.579487523641,1879.7637939453125,0.11857619919532646,3.6797665926141043,accepted_saved_frame
JSCC,440SinglePlus218Single,2950,218,28,3329.951651719235,1821.2275390625,0.4028586772054696,3.007395367519711,accepted_saved_frame
JSCC,440SinglePlus218Single,2950,440,37,5326.160261261945,2098.098388671875,0.2588578513023807,4.9862119553462865,accepted_saved_frame
JSCC,440SinglePlus218Single,3000,218,10,1784.211335896679,2005.68359375,-0.05369872954866258,-0.5026314479424009,accepted_saved_frame
JSCC,440SinglePlus218Single,3000,440,13,2045.3193268736502,1575.43603515625,0.050180452060069436,1.8709041013042165,accepted_saved_frame
JSCC,440SinglePlus218Single,3000,218,17,1954.1835325095406,1578.5096435546875,0.11573664024886694,1.4294857152563112,accepted_saved_frame
JSCC,440SinglePlus218Single,3000,440,22,3225.0474026059765,1880.6583251953125,0.12027085998640845,3.7019122851242336,accepted_saved_frame
JSCC,440SinglePlus218Single,3000,218,28,3343.3747482762024,1818.8931884765625,0.4075886470168643,3.027725796358974,accepted_saved_frame
JSCC,440SinglePlus218Single,3000,440,37,5364.426214058425,2099.509765625,0.2616372131986782,5.023640396972243,accepted_saved_frame
JSCC,440SinglePlus218Single,3050,218,10,1777.1846024982415,2003.5255126953125,-0.05493830811112979,-0.510064373760822,accepted_saved_frame
JSCC,440SinglePlus218Single,3050,440,13,2053.619145628066,1576.1407470703125,0.050968760676078285,1.8848855945978131,accepted_saved_frame
JSCC,440SinglePlus218Single,3050,218,17,1958.7909688509092,1579.0301513671875,0.11695716442210577,1.4374495818247672,accepted_saved_frame
JSCC,440SinglePlus218Single,3050,440,22,3245.129135753653,1881.34912109375,0.1219608012304775,3.723369590280495,accepted_saved_frame
JSCC,440SinglePlus218Single,3050,218,28,3356.527182656182,1816.456787109375,0.41230879771026696,3.047824991419577,accepted_saved_frame
JSCC,440SinglePlus218Single,3050,440,37,5401.589282830759,2100.69580078125,0.26437092140252627,5.059925880397556,accepted_saved_frame
JSCC,440SinglePlus218Single,3100,218,10,1770.111242361774,2001.223876953125,-0.05616103621103714,-0.5172154984978812,accepted_saved_frame
JSCC,440SinglePlus218Single,3100,440,13,2061.82602649444,1576.7593994140625,0.05175845560325792,1.8984269579437045,accepted_saved_frame
JSCC,440SinglePlus218Single,3100,218,17,1963.2966192221854,1579.443115234375,0.11818670369161767,1.4453087540340936,accepted_saved_frame
JSCC,440SinglePlus218Single,3100,440,22,3264.8435792661476,1881.8486328125,0.12364633477015215,3.74417845205132,accepted_saved_frame
JSCC,440SinglePlus218Single,3100,218,28,3369.4179523118555,1813.92919921875,0.41701688822724686,3.0676724710820436,accepted_saved_frame
JSCC,440SinglePlus218Single,3100,440,37,5437.69316822119,2101.67041015625,0.2670605485920462,5.095079291928853,accepted_saved_frame
JSCC,440SinglePlus218Single,3150,218,10,1763.0047260051372,1998.7935791015625,-0.05736703764572899,-0.5240919854353719,accepted_saved_frame
JSCC,440SinglePlus218Single,3150,440,13,2069.947610701912,1577.2982177734375,0.05254960806115152,1.911545470609509,accepted_saved_frame
JSCC,440SinglePlus218Single,3150,218,17,1967.707835853496,1579.75537109375,0.1194251442492281,1.4530626182742503,accepted_saved_frame
JSCC,440SinglePlus218Single,3150,440,22,3284.2084675964993,1882.1678466796875,0.12532784968378932,3.764378769121724,accepted_saved_frame
JSCC,440SinglePlus218Single,3150,218,28,3382.0553152152634,1811.31884765625,0.42171157384983704,3.087251571938795,accepted_saved_frame
JSCC,440SinglePlus218Single,3150,440,37,5472.78040124248,2102.44775390625,0.269707421346747,5.129111297642464,accepted_saved_frame
JSCC,440SinglePlus218Single,3200,218,10,1755.878408941042,1996.249267578125,-0.05855636979414671,-0.5307005106857335,accepted_saved_frame
JSCC,440SinglePlus218Single,3200,440,13,2077.9917138241117,1577.7637939453125,0.05334224429024303,1.9242577718655154,accepted_saved_frame
JSCC,440SinglePlus218Single,3200,218,17,1972.031811391743,1579.9727783203125,0.12067268048639347,1.460714891899358,accepted_saved_frame
JSCC,440SinglePlus218Single,3200,440,22,3303.2410025894956,1882.3177490234375,0.12700564548714563,3.7840069636257785,accepted_saved_frame
JSCC,440SinglePlus218Single,3200,218,28,3394.446529280717,1808.634521484375,0.4263909572782661,3.1065443386849982,accepted_saved_frame
JSCC,440SinglePlus218Single,3200,440,37,5506.891872564264,2103.040283203125,0.272312994872327,5.162035823906983,accepted_saved_frame
JSCC,440SinglePlus218Single,3250,218,10,1748.7433583544764,1993.6041259765625,-0.059729294161462713,-0.5370494795325639,accepted_saved_frame
JSCC,440SinglePlus218Single,3250,440,13,2085.964514400214,1578.1611328125,0.05413642677332048,1.9365806410460291,accepted_saved_frame
JSCC,440SinglePlus218Single,3250,218,17,1976.2744735528745,1580.101318359375,0.12192905520862254,1.4682640492269092,accepted_saved_frame
JSCC,440SinglePlus218Single,3250,440,22,3321.958316039577,1882.3087158203125,0.12868007034102125,3.803099569112744,accepted_saved_frame
JSCC,440SinglePlus218Single,3250,218,28,3406.5993779747773,1805.8841552734375,0.4310536106909903,3.1255377195784333,accepted_saved_frame
JSCC,440SinglePlus218Single,3250,440,37,5540.066164935688,2103.46044921875,0.2748784539075769,5.193862862049006,accepted_saved_frame
JSCC,440SinglePlus218Single,3300,218,10,1741.6107949014645,1990.870361328125,-0.06088579117727046,-0.543144391921652,accepted_saved_frame
JSCC,440SinglePlus218Single,3300,440,13,2093.873292159824,1578.4959716796875,0.05493222208015794,1.948532906351526,accepted_saved_frame
JSCC,440SinglePlus218Single,3300,218,17,1980.4416936445161,1580.1466064453125,0.12319411925741962,1.4757115417433533,accepted_saved_frame
JSCC,440SinglePlus218Single,3300,440,22,3340.3762359133707,1882.1500244140625,0.13035149142706767,3.8216903711049173,accepted_saved_frame
JSCC,440SinglePlus218Single,3300,218,28,3418.5197468944793,1803.0753173828125,0.43569768716633683,3.144215667847394,accepted_saved_frame
JSCC,440SinglePlus218Single,3300,440,37,5572.340345517647,2103.71923828125,0.2774050902074221,5.2246097734650645,accepted_saved_frame
JSCC,440SinglePlus218Single,3350,218,10,1734.490021046335,1988.0596923828125,-0.062026173172811394,-0.5489940397601316,accepted_saved_frame
JSCC,440SinglePlus218Single,3350,440,13,2101.724159413194,1578.772705078125,0.05572975163149629,1.9601332893691057,accepted_saved_frame
JSCC,440SinglePlus218Single,3350,218,17,1984.5389580632343,1580.1136474609375,0.1244678257951015,1.4830584698591533,accepted_saved_frame
JSCC,440SinglePlus218Single,3350,440,22,3358.510014102163,1881.85107421875,0.1320201705848442,3.839808922155758,accepted_saved_frame
JSCC,440SinglePlus218Single,3350,218,28,3430.2140931537224,1800.214599609375,0.44032190357077,3.162567059673381,accepted_saved_frame
JSCC,440SinglePlus218Single,3350,440,37,5603.7506984425245,2103.827392578125,0.2798941130142153,5.254289242323788,accepted_saved_frame
JSCC,440SinglePlus218Single,3400,218,10,1727.3902556489902,1985.182373046875,-0.06315043159798531,-0.5546036698057446,accepted_saved_frame
JSCC,440SinglePlus218Single,3400,440,13,2109.522422752668,1578.996337890625,0.05652895553049538,1.9713955756305006,accepted_saved_frame
JSCC,440SinglePlus218Single,3400,218,17,1988.5716195732039,1580.0072021484375,0.12575016791281643,1.490307301121478,accepted_saved_frame
JSCC,440SinglePlus218Single,3400,440,22,3376.373746111725,1881.420654296875,0.1336863297185655,3.8574841227157455,accepted_saved_frame
JSCC,440SinglePlus218Single,3400,218,28,3441.687677575103,1797.3084716796875,0.4449246368240695,3.1805798707475392,accepted_saved_frame
JSCC,440SinglePlus218Single,3400,440,37,5634.332105345325,2103.794677734375,0.2823467607557458,5.282919191351657,accepted_saved_frame
JSCC,440SinglePlus218Single,3450,218,10,1720.3187785746584,1982.248046875,-0.06425887691216338,-0.5599815871112538,accepted_saved_frame
JSCC,440SinglePlus218Single,3450,440,13,2117.2743017290954,1579.170654296875,0.05733003577362243,1.982341899221491,accepted_saved_frame
JSCC,440SinglePlus218Single,3450,218,17,1992.5441958776148,1579.831787109375,0.12704096344115723,1.4974588158878814,accepted_saved_frame
JSCC,440SinglePlus218Single,3450,440,22,3393.9829585978778,1880.8665771484375,0.13535044432738,3.8747470203381096,accepted_saved_frame
JSCC,440SinglePlus218Single,3450,218,28,3452.9456759902955,1794.3623046875,0.44950473355789466,3.1982456469878264,accepted_saved_frame
JSCC,440SinglePlus218Single,3450,440,37,5664.1177752978565,2103.630615234375,0.284764130068287,5.310516642523943,accepted_saved_frame
JSCC,440SinglePlus218Single,3500,218,10,1713.283091063668,1979.2664794921875,-0.06535176847583106,-0.5651355860851256,accepted_saved_frame
JSCC,440SinglePlus218Single,3500,440,13,2124.9843738109307,1579.2998046875,0.05813295950933892,1.9929856993416355,accepted_saved_frame
JSCC,440SinglePlus218Single,3500,218,17,1996.4613642478578,1579.591552734375,0.12834020927032114,1.504515530628897,accepted_saved_frame
JSCC,440SinglePlus218Single,3500,440,22,3411.3505957756165,1880.197021484375,0.13701267138061424,3.891624005421392,accepted_saved_frame
JSCC,440SinglePlus218Single,3500,218,28,3463.9931048790163,1791.38232421875,0.4540604829593636,3.2155525972291206,accepted_saved_frame
JSCC,440SinglePlus218Single,3500,440,37,5693.139503011026,2103.34375,0.28714735877398995,5.3370988517436775,accepted_saved_frame
JSCC,440SinglePlus218Single,3550,218,10,1706.289854386995,1976.2451171875,-0.06642905714091131,-0.5700702846852028,accepted_saved_frame
JSCC,440SinglePlus218Single,3550,440,13,2132.657620391257,1579.38720703125,0.05893783416746055,2.0033443177339127,accepted_saved_frame
JSCC,440SinglePlus218Single,3550,218,17,2000.3265470066144,1579.2906494140625,0.12964750432639216,1.5114765797960283,accepted_saved_frame
JSCC,440SinglePlus218Single,3550,440,22,3428.490159904897,1879.4188232421875,0.13867340764276004,3.9081399890858175,accepted_saved_frame
JSCC,440SinglePlus218Single,3550,218,28,3474.8346529239816,1788.3729248046875,0.4585909748289845,3.23249460960239,accepted_saved_frame
JSCC,440SinglePlus218Single,3550,440,37,5721.426981781542,2102.942138671875,0.28949747235838263,5.362684584373048,accepted_saved_frame
JSCC,440SinglePlus218Single,3600,218,10,1699.3445964457521,1973.1922607421875,-0.06749113588498987,-0.5747941871875415,accepted_saved_frame
JSCC,440SinglePlus218Single,3600,440,13,2140.2989984535816,1579.4368896484375,0.05974466979444415,2.013432676964769,accepted_saved_frame
JSCC,440SinglePlus218Single,3600,218,17,2004.1443301304223,1578.9327392578125,0.13096298470256904,1.5183460601659164,accepted_saved_frame
JSCC,440SinglePlus218Single,3600,440,22,3445.4135970664806,1878.5390625,0.14033284630653478,3.9243171852933174,accepted_saved_frame
JSCC,440SinglePlus218Single,3600,218,28,3485.474532400894,1785.3387451171875,0.4630949860418439,3.249064734289173,accepted_saved_frame
JSCC,440SinglePlus218Single,3600,440,37,5749.010103077159,2102.433837890625,0.2918154657083576,5.387293050736265,accepted_saved_frame
JSCC,440SinglePlus218Single,3650,218,10,1692.4526694932551,1970.1146240234375,-0.06853808746910708,-0.5793130340936921,accepted_saved_frame
JSCC,440SinglePlus218Single,3650,440,13,2147.912419946464,1579.4512939453125,0.06055358705635186,2.0232677786353985,accepted_saved_frame
JSCC,440SinglePlus218Single,3650,218,17,2007.9175502918872,1578.521240234375,0.13228633296578107,1.5251239773725973,accepted_saved_frame
JSCC,440SinglePlus218Single,3650,440,22,3462.1327053625428,1877.564453125,0.1419912026935631,3.940177305577587,accepted_saved_frame
JSCC,440SinglePlus218Single,3650,218,28,3495.9167031277116,1782.2845458984375,0.46757110173210215,3.265255885453398,accepted_saved_frame
JSCC,440SinglePlus218Single,3650,440,37,5775.9165225496245,2101.825927734375,0.29410232484198573,5.410943767531304,accepted_saved_frame
JSCC,440SinglePlus218Single,3700,218,10,1685.6186287932073,1967.01904296875,-0.06957020252942035,-0.5836340415842424,accepted_saved_frame
JSCC,440SinglePlus218Single,3700,440,13,2155.501515726946,1579.4339599609375,0.06136451223596705,2.032860733336603,accepted_saved_frame
JSCC,440SinglePlus218Single,3700,218,17,2011.6499954612957,1578.0596923828125,0.13361746674999517,1.5318128128056319,accepted_saved_frame
JSCC,440SinglePlus218Single,3700,440,22,3478.659347055681,1876.501220703125,0.14364875539027622,3.9557418108287017,accepted_saved_frame
JSCC,440SinglePlus218Single,3700,218,28,3506.165232519966,1779.2139892578125,0.4720184685729753,3.2810634952538176,accepted_saved_frame
JSCC,440SinglePlus218Single,3700,440,37,5802.17262351613,2101.125244140625,0.2963589490322876,5.433655537097217,accepted_saved_frame
JSCC,440SinglePlus218Single,3750,218,10,1678.8456032314484,1963.9112548828125,-0.07058787888397573,-0.5877652287731729,accepted_saved_frame
JSCC,440SinglePlus218Single,3750,440,13,2163.070480136349,1579.387451171875,0.06217756709755577,2.0422274134512652,accepted_saved_frame
JSCC,440SinglePlus218Single,3750,218,17,2015.3445400845496,1577.5509033203125,0.1349562999967367,1.5384142258369808,accepted_saved_frame
JSCC,440SinglePlus218Single,3750,440,22,3495.0045346781767,1875.355224609375,0.1453057463393325,3.971029670737197,accepted_saved_frame
JSCC,440SinglePlus218Single,3750,218,28,3516.2239282105547,1776.130859375,0.47643605167409464,3.2964847752175754,accepted_saved_frame
JSCC,440SinglePlus218Single,3750,440,37,5827.803531876349,2100.337890625,0.2985862631462089,5.455449698566183,accepted_saved_frame
JSCC,440SinglePlus218Single,3800,218,10,1672.1386783513992,1960.7969970703125,-0.0715910190543646,-0.5917101382338726,accepted_saved_frame
JSCC,440SinglePlus218Single,3800,440,13,2170.62302291413,1579.314208984375,0.06299283462693508,2.0513824979797146,accepted_saved_frame
JSCC,440SinglePlus218Single,3800,218,17,2019.0040075321058,1576.9981689453125,0.13630252989295333,1.5449293019565573,accepted_saved_frame
JSCC,440SinglePlus218Single,3800,440,22,3511.1780942706805,1874.1319580078125,0.14696235225587334,3.986057814149448,accepted_saved_frame
JSCC,440SinglePlus218Single,3800,218,28,3526.096234962291,1773.038330078125,0.4808230032550003,3.3115149872705283,accepted_saved_frame
JSCC,440SinglePlus218Single,3800,440,37,5852.833845221562,2099.470458984375,0.30078500860379503,5.476344602598138,accepted_saved_frame
JSCC,440SinglePlus218Single,3850,218,10,1665.5002996806547,1957.681396484375,-0.07258003962280599,-0.5954765319215358,accepted_saved_frame
JSCC,440SinglePlus218Single,3850,440,13,2178.1623429710476,1579.2169189453125,0.06381030271477654,2.060337304342064,accepted_saved_frame
JSCC,440SinglePlus218Single,3850,218,17,2022.6313202207245,1576.40380859375,0.1376562603180391,1.5513610817772263,accepted_saved_frame
JSCC,440SinglePlus218Single,3850,440,22,3527.190585821366,1872.836669921875,0.14861883800804163,4.0008446825829855,accepted_saved_frame
JSCC,440SinglePlus218Single,3850,218,28,3535.785586463812,1769.9400634765625,0.48517816602013314,3.326151757947725,accepted_saved_frame
JSCC,440SinglePlus218Single,3850,440,37,5877.286735532726,2098.52783203125,0.30295616308111933,5.496362924077265,accepted_saved_frame
JSCC,440SinglePlus218Single,3900,218,10,1658.9330917309335,1954.56884765625,-0.07355515011765408,-0.5990706556358176,accepted_saved_frame
JSCC,440SinglePlus218Single,3900,440,13,2185.6916178146107,1579.0975341796875,0.06463005962963635,2.0691057707823153,accepted_saved_frame
JSCC,440SinglePlus218Single,3900,218,17,2026.2282164130281,1575.7706298828125,0.13901702933083684,1.5577085842351996,accepted_saved_frame
JSCC,440SinglePlus218Single,3900,440,22,3543.05168267666,1871.474365234375,0.1502754124057324,4.0154045236142615,accepted_saved_frame
JSCC,440SinglePlus218Single,3900,218,28,3545.2957907233913,1766.8385009765625,0.48950111491694026,3.340394467176932,accepted_saved_frame
JSCC,440SinglePlus218Single,3900,440,37,5901.184667423682,2097.515380859375,0.3051005127268835,5.515526136336909,accepted_saved_frame
JSCC,440SinglePlus218Single,3950,218,10,1652.439878212294,1951.4639892578125,-0.07451655456523623,-0.6024980067164475,accepted_saved_frame
JSCC,440SinglePlus218Single,3950,440,13,2193.213705272145,1578.9583740234375,0.06545210154012393,2.0776981198508455,accepted_saved_frame
JSCC,440SinglePlus218Single,3950,218,17,2029.79761964493,1575.100830078125,0.14038497442303954,1.563976579514066,accepted_saved_frame
JSCC,440SinglePlus218Single,3950,440,22,3558.7700964516357,1870.0496826171875,0.1519322433110842,4.029753483453415,accepted_saved_frame
JSCC,440SinglePlus218Single,3950,218,28,3554.629740467355,1763.736572265625,0.493790873821124,3.3542408908159196,accepted_saved_frame
JSCC,440SinglePlus218Single,3950,440,37,5924.5481324757775,2096.438232421875,0.3072187147104909,5.533851351844675,accepted_saved_frame
JSCC,440SinglePlus218Single,4000,218,10,1646.0221057168158,1948.3704833984375,-0.07546458719761531,-0.6057650892410279,accepted_saved_frame
JSCC,440SinglePlus218Single,4000,440,13,2200.7314123775213,1578.80126953125,0.06627648708034084,2.0861264582362957,accepted_saved_frame
JSCC,440SinglePlus218Single,4000,218,17,2033.3415194001363,1574.3970947265625,0.14175974339978986,1.5701644157142107,accepted_saved_frame
JSCC,440SinglePlus218Single,4000,440,22,3574.3555910237324,1868.5672607421875,0.153589577432571,4.043905919264486,accepted_saved_frame
JSCC,440SinglePlus218Single,4000,218,28,3563.7904674604965,1760.63671875,0.49804674242409763,3.367690279534763,accepted_saved_frame
JSCC,440SinglePlus218Single,4000,440,37,5947.397516788008,2095.30126953125,0.30931144897898705,5.551361886175443,accepted_saved_frame
JSCC,440SinglePlus218Single,4050,218,10,1639.6817318833525,1945.2919921875,-0.07639944989806476,-0.6088774720938557,accepted_saved_frame
JSCC,440SinglePlus218Single,4050,440,13,2208.2474891341494,1578.628173828125,0.0671032469697164,2.094400526818816,accepted_saved_frame
JSCC,440SinglePlus218Single,4050,218,17,2036.8614483525905,1573.6614990234375,0.14314107794069678,1.576272660494253,accepted_saved_frame
JSCC,440SinglePlus218Single,4050,440,22,3589.8151022280153,1867.031005859375,0.15524751792794103,4.057872525912059,accepted_saved_frame
JSCC,440SinglePlus218Single,4050,218,28,3572.7813426687803,1757.5411376953125,0.5022682231535628,3.3807448075227717,accepted_saved_frame
JSCC,440SinglePlus218Single,4050,440,37,5969.751474562053,2094.108154296875,0.31137951335163505,5.5680770645917645,accepted_saved_frame
JSCC,440SinglePlus218Single,4100,218,10,1633.4202286208174,1942.2318115234375,-0.07732138384726478,-0.6118406665370559,accepted_saved_frame
JSCC,440SinglePlus218Single,4100,440,13,2215.7644250943717,1578.4405517578125,0.06793245329755282,2.102531221243227,accepted_saved_frame
JSCC,440SinglePlus218Single,4100,218,17,2040.3597848729314,1572.895751953125,0.14452912112270003,1.5823056824394106,accepted_saved_frame
JSCC,440SinglePlus218Single,4100,440,22,3605.157186433341,1865.4453125,0.15690621555759776,4.07166542698565,accepted_saved_frame
JSCC,440SinglePlus218Single,4100,218,28,3581.604948794787,1754.4522705078125,0.5064544375530174,3.393401957034139,accepted_saved_frame
JSCC,440SinglePlus218Single,4100,440,37,5991.629412911023,2092.863525390625,0.31342352466102774,5.584018518331131,accepted_saved_frame
JSCC,440SinglePlus218Single,4150,218,10,1627.2385593426573,1939.192626953125,-0.07823062525242468,-0.6146600229421564,accepted_saved_frame
JSCC,440SinglePlus218Single,4150,440,13,2223.2842569097047,1578.240234375,0.06876407197090156,2.110526282565055,accepted_saved_frame
JSCC,440SinglePlus218Single,4150,218,17,2043.8381450808618,1572.10205078125,0.1459235788929756,1.5882640680867968,accepted_saved_frame
JSCC,440SinglePlus218Single,4150,440,22,3620.3896359549276,1863.8134765625,0.15856592973646325,4.0852980051964565,accepted_saved_frame
JSCC,440SinglePlus218Single,4150,218,28,3590.2648473614613,1751.37158203125,0.5106053059983181,3.4056666173635195,accepted_saved_frame
JSCC,440SinglePlus218Single,4150,440,37,6013.047957373503,2091.57080078125,0.31544413792684534,5.599206338440502,accepted_saved_frame
JSCC,440SinglePlus218Single,4200,218,10,1621.1379767414842,1936.177490234375,-0.07912741191076794,-0.6173406488224095,accepted_saved_frame
JSCC,440SinglePlus218Single,4200,440,13,2230.808961307054,1578.028564453125,0.06959813234821603,2.118394674528502,accepted_saved_frame
JSCC,440SinglePlus218Single,4200,218,17,2047.2976792079116,1571.2821044921875,0.14732420223053477,1.5941475265118288,accepted_saved_frame
JSCC,440SinglePlus218Single,4200,440,22,3635.5195844257587,1862.1395263671875,0.16022672047069467,4.098779160360919,accepted_saved_frame
JSCC,440SinglePlus218Single,4200,218,28,3598.7631494142865,1748.3011474609375,0.5147199823949111,3.417537474534842,accepted_saved_frame
JSCC,440SinglePlus218Single,4200,440,37,6034.023816243903,2090.234130859375,0.31744182970867824,5.613659927529422,accepted_saved_frame
JSCC,440SinglePlus218Single,4250,218,10,1615.1187173039966,1933.1884765625,-0.08001202872682721,-0.6198879659583033,accepted_saved_frame
JSCC,440SinglePlus218Single,4250,440,13,2238.3408852177404,1577.8070068359375,0.07043468208348,2.1261449050972194,accepted_saved_frame
JSCC,440SinglePlus218Single,4250,218,17,2050.7402687307476,1570.4376220703125,0.14873096257612856,1.5999590443860725,accepted_saved_frame
JSCC,440SinglePlus218Single,4250,440,22,3650.553551068109,1860.4266357421875,0.16188872981298244,4.112118050566404,accepted_saved_frame
JSCC,440SinglePlus218Single,4250,218,28,3607.1032729477843,1745.2427978515625,0.5187981010830927,3.429018724487441,accepted_saved_frame
JSCC,440SinglePlus218Single,4250,440,37,6054.573174943873,2088.8564453125,0.3194173017726413,5.627399933040404,accepted_saved_frame
JSCC,440SinglePlus218Single,4300,218,10,1609.1816924361938,1930.228271484375,-0.08088471769122708,-0.6223070306401106,accepted_saved_frame
JSCC,440SinglePlus218Single,4300,440,13,2245.8817725802933,1577.5767822265625,0.07127373860696096,2.133784955099941,accepted_saved_frame
JSCC,440SinglePlus218Single,4300,218,17,2054.1671489590703,1569.5701904296875,0.15014367506732906,1.605699841838487,accepted_saved_frame
JSCC,440SinglePlus218Single,4300,440,22,3665.4978869686233,1858.6778564453125,0.1635520957101865,4.125323147968721,accepted_saved_frame
JSCC,440SinglePlus218Single,4300,218,28,3615.2877197372077,1742.1976318359375,0.5228394466299742,3.4401126171665384,accepted_saved_frame
JSCC,440SinglePlus218Single,4300,440,37,6074.711018333911,2087.44091796875,0.32137108990735025,5.640446180395238,accepted_saved_frame
JSCC,440SinglePlus218Single,4350,218,10,1603.3268978204758,1927.2984619140625,-0.08174571890609628,-0.6246027188253269,accepted_saved_frame
JSCC,440SinglePlus218Single,4350,440,13,2253.4339248273022,1577.3388671875,0.07211541351608677,2.141324123335084,accepted_saved_frame
JSCC,440SinglePlus218Single,4350,218,17,2057.5796853297943,1568.6812744140625,0.15156223923387166,1.611371490275247,accepted_saved_frame
JSCC,440SinglePlus218Single,4350,440,22,3680.3597767539068,1856.896484375,0.16521697753087042,4.138403987958085,accepted_saved_frame
JSCC,440SinglePlus218Single,4350,218,28,3623.319662902507,1739.1673583984375,0.5268436256669953,3.4508218387168816,accepted_saved_frame
JSCC,440SinglePlus218Single,4350,440,37,6094.452083836199,2085.990966796875,0.3233036395304239,5.652818075277655,accepted_saved_frame
JSCC,440SinglePlus218Single,4400,218,10,1597.5548859133214,1924.401123046875,-0.08259523392585262,-0.6267792232357925,accepted_saved_frame
JSCC,440SinglePlus218Single,4400,440,13,2260.998062175855,1577.0946044921875,0.07295959177417576,2.148765963674726,accepted_saved_frame
JSCC,440SinglePlus218Single,4400,218,17,2060.978743121039,1567.7723388671875,0.15298639442797982,1.6169740742657859,accepted_saved_frame
JSCC,440SinglePlus218Single,4400,440,22,3695.144759560874,1855.0850830078125,0.16688350666126367,4.1513688953138725,accepted_saved_frame
JSCC,440SinglePlus218Single,4400,218,28,3631.2019169269056,1736.153076171875,0.5308104852616723,3.4611506349688996,accepted_saved_frame
JSCC,440SinglePlus218Single,4400,440,37,6113.810007297286,2084.5087890625,0.3252155824968812,5.66453498835567,accepted_saved_frame
JSCC,440SinglePlus218Single,4450,218,10,1591.8650387092418,1921.5374755859375,-0.08343358006480318,-0.628841603725044,accepted_saved_frame
JSCC,440SinglePlus218Single,4450,440,13,2268.576147420554,1576.844970703125,0.07380634425913976,2.156117554294421,accepted_saved_frame
JSCC,440SinglePlus218Single,4450,218,17,2064.365468270492,1566.8448486328125,0.15441596162609647,1.6225086176759331,accepted_saved_frame
JSCC,440SinglePlus218Single,4450,440,22,3709.857915999943,1853.24658203125,0.168551697760411,4.1642238143722645,accepted_saved_frame
JSCC,440SinglePlus218Single,4450,218,28,3638.9370997844017,1733.15625,0.5347395924938046,3.471102168690897,accepted_saved_frame
JSCC,440SinglePlus218Single,4450,440,37,6132.797353578481,2082.99755859375,0.32710722367633416,5.675613704788851,accepted_saved_frame
JSCC,440SinglePlus218Single,4500,218,10,1586.257711232667,1918.709228515625,-0.08426093126712723,-0.6307939599966075,accepted_saved_frame
JSCC,440SinglePlus218Single,4500,440,13,2276.17003091042,1576.591064453125,0.07465570904429573,2.163386286564565,accepted_saved_frame
JSCC,440SinglePlus218Single,4500,218,17,2067.741146862854,1565.899658203125,0.15585105025136065,1.627979066034443,accepted_saved_frame
JSCC,440SinglePlus218Single,4500,440,22,3724.5055586282206,1851.3831787109375,0.17022180099202544,4.1769777436770115,accepted_saved_frame
JSCC,440SinglePlus218Single,4500,218,28,3646.527410922288,1730.177490234375,0.5386308889047153,3.4806803503742323,accepted_saved_frame
JSCC,440SinglePlus218Single,4500,440,37,6151.427206114674,2081.45947265625,0.32897913071551127,5.686074387993258,accepted_saved_frame
JSCC,440SinglePlus218Single,4550,218,10,1580.7324988067726,1915.9173583984375,-0.0850775002053135,-0.6326400606447002,accepted_saved_frame
JSCC,440SinglePlus218Single,4550,440,13,2283.7806510231203,1576.333740234375,0.07550766232070057,2.170576509273941,accepted_saved_frame
JSCC,440SinglePlus218Single,4550,218,17,2071.10615750237,1564.9385986328125,0.15729108361633024,1.6333816243628323,accepted_saved_frame
JSCC,440SinglePlus218Single,4550,440,22,3739.0920188613704,1849.49755859375,0.17189378972184316,4.1896342209550745,accepted_saved_frame
JSCC,440SinglePlus218Single,4550,218,28,3653.975858540655,1727.218505859375,0.5424838858023942,3.4898885150525345,accepted_saved_frame
JSCC,440SinglePlus218Single,4550,440,37,6169.710565625756,2079.89697265625,0.3308316363871708,5.695933763473722,accepted_saved_frame
JSCC,440SinglePlus218Single,4600,218,10,1575.2888793945312,1913.163330078125,-0.08588363238039647,-0.6343850885780808,accepted_saved_frame
JSCC,440SinglePlus218Single,4600,440,13,2291.4099132311385,1576.073486328125,0.0763623385268466,2.1776963307303903,accepted_saved_frame
JSCC,440SinglePlus218Single,4600,218,17,2074.461720979794,1563.962158203125,0.1587362928817735,1.6387221681642414,accepted_saved_frame
JSCC,440SinglePlus218Single,4600,440,22,3753.623494990106,1847.5919189453125,0.17356788796460673,4.20220268746235,accepted_saved_frame
JSCC,440SinglePlus218Single,4600,218,28,3661.284592949405,1724.2791748046875,0.5462989330060624,3.498732484880198,accepted_saved_frame
JSCC,440SinglePlus218Single,4600,440,37,6187.660044203341,2078.31201171875,0.3326653124691684,5.705211799092958,accepted_saved_frame
JSCC,440SinglePlus218Single,4650,218,10,1569.9263843401452,1910.4481201171875,-0.0866795583249716,-0.6360330319184649,accepted_saved_frame
JSCC,440SinglePlus218Single,4650,440,13,2299.0588649475626,1575.8115234375,0.07721966545866193,2.1847484353375353,accepted_saved_frame
JSCC,440SinglePlus218Single,4650,218,17,2077.808276438793,1562.971923828125,0.16018621065649555,1.6439977639448227,accepted_saved_frame
JSCC,440SinglePlus218Single,4650,440,22,3768.1030906535084,1845.6683349609375,0.17524405344292723,4.214684683131562,accepted_saved_frame
JSCC,440SinglePlus218Single,4650,218,28,3668.456504439397,1721.3612060546875,0.5500754930495406,3.5072164419918037,accepted_saved_frame
JSCC,440SinglePlus218Single,4650,440,37,6205.2858834027575,2076.70703125,0.33448041406223716,5.713923827989785,accepted_saved_frame
JSCC,440SinglePlus218Single,4700,218,10,1564.644604256682,1907.77197265625,-0.08746534127138635,-0.6375861774556477,accepted_saved_frame
JSCC,440SinglePlus218Single,4700,440,13,2306.7284290697226,1575.548095703125,0.07807970761084174,2.191738006639497,accepted_saved_frame
JSCC,440SinglePlus218Single,4700,218,17,2081.146608250479,1561.968505859375,0.16164087532562557,1.649211022752829,accepted_saved_frame
JSCC,440SinglePlus218Single,4700,440,22,3782.535856753475,1843.728759765625,0.1769224368299857,4.2270864506782955,accepted_saved_frame
JSCC,440SinglePlus218Single,4700,218,28,3675.4940624317596,1718.4647216796875,0.5538138539683461,3.515344698377446,accepted_saved_frame
JSCC,440SinglePlus218Single,4700,440,37,6222.59819235332,2075.08349609375,0.33627741408838635,5.722087651047177,accepted_saved_frame
JSCC,440SinglePlus218Single,4750,218,10,1559.4421677175442,1905.1363525390625,-0.08824154627714535,-0.6390507959362084,accepted_saved_frame
JSCC,440SinglePlus218Single,4750,440,13,2314.4197238612933,1575.284423828125,0.07894239663059319,2.198668171979424,accepted_saved_frame
JSCC,440SinglePlus218Single,4750,218,17,2084.477754703528,1560.952880859375,0.16310025009272505,1.6543638489755013,accepted_saved_frame
JSCC,440SinglePlus218Single,4750,440,22,3796.9254168790862,1841.775390625,0.17860300606909316,4.239411823112567,accepted_saved_frame
JSCC,440SinglePlus218Single,4750,218,28,3682.3998635185776,1715.590576171875,0.5575138979714278,3.5231235078438723,accepted_saved_frame
JSCC,440SinglePlus218Single,4750,440,37,6239.607579779097,2073.44384765625,0.3380565829433493,5.729719284047327,accepted_saved_frame
JSCC,440SinglePlus218Single,4800,218,10,1554.3190786478222,1902.5413818359375,-0.08900810842125331,-0.6404283867586297,accepted_saved_frame
JSCC,440SinglePlus218Single,4800,440,13,2322.133162310754,1575.0205078125,0.07980777836450703,2.2055433173796772,accepted_saved_frame
JSCC,440SinglePlus218Single,4800,218,17,2087.8014793862308,1559.9259033203125,0.16456394818687126,1.659455137730131,accepted_saved_frame
JSCC,440SinglePlus218Single,4800,440,22,3811.2763413069665,1839.8096923828125,0.18028594636487869,4.2516670189009735,accepted_saved_frame
JSCC,440SinglePlus218Single,4800,218,28,3689.176188560221,1712.739501953125,0.5611754870598057,3.530556420035031,accepted_saved_frame
JSCC,440SinglePlus218Single,4800,440,37,6256.322781531493,2071.789306640625,0.3398183298737396,5.736835136300151,accepted_saved_frame
JSCC,440SinglePlus218Single,4850,218,10,1549.2740197871658,1899.98779296875,-0.08976542900700177,-0.6417237380951455,accepted_saved_frame
JSCC,440SinglePlus218Single,4850,440,13,2329.869484153878,1574.75732421875,0.08067577923652243,2.2123654244745734,accepted_saved_frame
JSCC,440SinglePlus218Single,4850,218,17,2091.1190950802247,1558.888916015625,0.16603185776014778,1.6644861957470953,accepted_saved_frame
JSCC,440SinglePlus218Single,4850,440,22,3825.5922759006535,1837.8333740234375,0.18197130729547817,4.26385529251943,accepted_saved_frame
JSCC,440SinglePlus218Single,4850,218,28,3695.8257712067084,1709.9122314453125,0.5647986078915871,3.5376496764578356,accepted_saved_frame
JSCC,440SinglePlus218Single,4850,440,37,6272.752869086339,2070.12158203125,0.34156296752843374,5.743450297571148,accepted_saved_frame
JSCC,440SinglePlus218Single,4900,218,10,1544.3064565382585,1897.47607421875,-0.09051366003507909,-0.6429396702502823,accepted_saved_frame
JSCC,440SinglePlus218Single,4900,440,13,2337.630623580296,1574.4952392578125,0.08154654793177274,2.2191408976799543,accepted_saved_frame
JSCC,440SinglePlus218Single,4900,218,17,2094.430516522065,1557.842041015625,0.1675039376708461,1.6694579216145489,accepted_saved_frame
JSCC,440SinglePlus218Single,4900,440,22,3839.876704444417,1835.84814453125,0.18365911761103923,4.275980550843658,accepted_saved_frame
JSCC,440SinglePlus218Single,4900,218,28,3702.351032509339,1707.108642578125,0.5683836828764174,3.5444100454899226,accepted_saved_frame
JSCC,440SinglePlus218Single,4900,440,37,6288.906447710351,2068.4423828125,0.3432907651905012,5.749580035315489,accepted_saved_frame
JSCC,440SinglePlus218Single,4950,218,10,1539.4154759250653,1895.0062255859375,-0.09125295005715527,-0.6440786751703343,accepted_saved_frame
JSCC,440SinglePlus218Single,4950,440,13,2345.416183530572,1574.23486328125,0.08241994438724351,2.2258693133735963,accepted_saved_frame
JSCC,440SinglePlus218Single,4950,218,17,2097.7366953449277,1556.7867431640625,0.16897990506609417,1.6743705785330167,accepted_saved_frame
JSCC,440SinglePlus218Single,4950,440,22,3854.132054789358,1833.85546875,0.18534935016828802,4.288044029726298,accepted_saved_frame
JSCC,440SinglePlus218Single,4950,218,28,3708.7540298145364,1704.3294677734375,0.5719305070799366,3.550840541263832,accepted_saved_frame
JSCC,440SinglePlus218Single,4950,440,37,6304.791330029747,2066.752685546875,0.34500210407174,5.755238914207333,accepted_saved_frame
JSCC,440SinglePlus218Single,5000,218,10,1534.6000599753818,1892.5789794921875,-0.09198362917323687,-0.645145128380927,accepted_saved_frame
JSCC,440SinglePlus218Single,5000,440,13,2353.2276836802603,1573.976806640625,0.08329603196172282,2.2325555770787546,accepted_saved_frame
JSCC,440SinglePlus218Single,5000,218,17,2101.0376416712656,1555.722900390625,0.17045984652735321,1.6792264285257599,accepted_saved_frame
JSCC,440SinglePlus218Single,5000,440,22,3868.362863398198,1831.8568115234375,0.18704216602736107,4.300051350667949,accepted_saved_frame
JSCC,440SinglePlus218Single,5000,218,28,3715.0373445878186,1701.574951171875,0.575439325843356,3.556948621665897,accepted_saved_frame
JSCC,440SinglePlus218Single,5000,440,37,6320.416080928753,2065.05419921875,0.34669724152406445,5.760442337982598,accepted_saved_frame
JSCC,440SinglePlus218Single,5050,218,10,1529.858812534541,1890.19384765625,-0.09270587232805436,-0.6461415258695108,accepted_saved_frame
JSCC,440SinglePlus218Single,5050,440,13,2361.0654504625613,1573.7208251953125,0.08417488216404731,2.2392029216162688,accepted_saved_frame
JSCC,440SinglePlus218Single,5050,218,17,2104.3342593962393,1554.651611328125,0.17194361219255908,1.6840259148401988,accepted_saved_frame
JSCC,440SinglePlus218Single,5050,440,22,3882.5713407495964,1829.853515625,0.18873753153649594,4.312004455488553,accepted_saved_frame
JSCC,440SinglePlus218Single,5050,218,28,3721.20324360508,1698.8455810546875,0.5789101442249754,3.5627391679849807,accepted_saved_frame
JSCC,440SinglePlus218Single,5050,440,37,6335.787633104099,2063.348388671875,0.3483763577260995,5.765203212978688,accepted_saved_frame
JSCC,440SinglePlus218Single,5100,218,10,1525.1914737615555,1887.8516845703125,-0.09341984397548286,-0.6470705412499126,accepted_saved_frame
JSCC,440SinglePlus218Single,5100,440,13,2368.930458241319,1573.4678955078125,0.08505643984043067,2.245812878803154,accepted_saved_frame
JSCC,440SinglePlus218Single,5100,218,17,2107.626242833314,1553.5736083984375,0.17343082459386294,1.6887678504838566,accepted_saved_frame
JSCC,440SinglePlus218Single,5100,440,22,3896.7608740589435,1827.8466796875,0.1904355641796187,4.323906810480382,accepted_saved_frame
JSCC,440SinglePlus218Single,5100,218,28,3727.25419369959,1696.141357421875,0.5823433316756514,3.5682186116369827,accepted_saved_frame
JSCC,440SinglePlus218Single,5100,440,37,6350.913132895462,2061.635986328125,0.3500398298772795,5.769535122098495,accepted_saved_frame
JSCC,440SinglePlus218Single,5150,218,10,1520.5964210240404,1885.552001953125,-0.09412578141644237,-0.6479349704031526,accepted_saved_frame
JSCC,440SinglePlus218Single,5150,440,13,2376.822343206169,1573.218017578125,0.0859406622592099,2.2523870885394475,accepted_saved_frame
JSCC,440SinglePlus218Single,5150,218,17,2110.913904807069,1552.4893798828125,0.17492140023027394,1.6934532355710024,accepted_saved_frame
JSCC,440SinglePlus218Single,5150,440,22,3910.9333314772825,1825.8372802734375,0.1921362620201645,4.3357607920479735,accepted_saved_frame
JSCC,440SinglePlus218Single,5150,218,28,3733.19203366048,1693.462890625,0.5857386966360016,3.5733911580730506,accepted_saved_frame
JSCC,440SinglePlus218Single,5150,440,37,6365.799918611409,2059.918212890625,0.35168792618578404,5.773452533792585,accepted_saved_frame
JSCC,440SinglePlus218Single,5200,218,10,1516.0723994705838,1883.295166015625,-0.09482400759991261,-0.6487386239925439,accepted_saved_frame
JSCC,440SinglePlus218Single,5200,440,13,2384.7427220876507,1572.9718017578125,0.08682761949565351,2.2589284857070404,accepted_saved_frame
JSCC,440SinglePlus218Single,5200,218,17,2114.1977354865417,1551.399169921875,0.17641541345590706,1.6980838641946956,accepted_saved_frame
JSCC,440SinglePlus218Single,5200,440,22,3925.092204102746,1823.826904296875,0.19383964803750697,4.3475672364145845,accepted_saved_frame
JSCC,440SinglePlus218Single,5200,218,28,3739.0193239865093,1690.810302734375,0.5890965629885396,3.5782638579618915,accepted_saved_frame
JSCC,440SinglePlus218Single,5200,440,37,6380.453186950237,2058.196533203125,0.35332067465210454,5.776965640785375,accepted_saved_frame
JSCC,440SinglePlus218Single,5250,218,10,1511.618566580524,1881.0806884765625,-0.09551456343139507,-0.6494828031079695,accepted_saved_frame
JSCC,440SinglePlus218Single,5250,440,13,2392.692223028496,1572.729248046875,0.08771737383531363,2.265440780577854,accepted_saved_frame
JSCC,440SinglePlus218Single,5250,218,17,2117.4780170510467,1550.30419921875,0.17791245432945135,1.70265888034292,accepted_saved_frame
JSCC,440SinglePlus218Single,5250,440,22,3939.2387124072998,1821.8162841796875,0.19554570032699523,4.359328920800179,accepted_saved_frame
JSCC,440SinglePlus218Single,5250,218,28,3744.7382609152196,1688.18359375,0.5924172322043222,3.582842137587586,accepted_saved_frame
JSCC,440SinglePlus218Single,5250,440,37,6394.880208071997,2056.47119140625,0.35493857871536,5.780088929568104,accepted_saved_frame
JSCC,440SinglePlus218Single,5300,218,10,1507.234215445074,1878.90869140625,-0.09619758339444821,-0.6501696836995777,accepted_saved_frame
JSCC,440SinglePlus218Single,5300,440,13,2400.670267064088,1572.4908447265625,0.08860977865320388,2.271922752934342,accepted_saved_frame
JSCC,440SinglePlus218Single,5300,218,17,2120.754637329893,1549.204345703125,0.17941256031645791,1.707179360230321,accepted_saved_frame
JSCC,440SinglePlus218Single,5300,440,22,3953.375547402412,1819.806640625,0.19725443203116927,4.371046204405149,accepted_saved_frame
JSCC,440SinglePlus218Single,5300,218,28,3750.3512936562165,1685.5828857421875,0.5957010056947036,3.587131983337764,accepted_saved_frame
JSCC,440SinglePlus218Single,5300,440,37,6409.086094222987,2054.74365234375,0.3565416541068343,5.782833185394912,accepted_saved_frame
JSCC,440SinglePlus218Single,5350,218,10,1502.9173784163986,1876.779052734375,-0.09687347946449634,-0.6508031697910404,accepted_saved_frame
JSCC,440SinglePlus218Single,5350,440,13,2408.678000053486,1572.256591796875,0.08950495070547633,2.2783777434842007,accepted_saved_frame
JSCC,440SinglePlus218Single,5350,218,17,2124.028030852433,1548.1004638671875,0.18091552036305245,1.7116453971602135,accepted_saved_frame
JSCC,440SinglePlus218Single,5350,440,22,3967.505310779809,1817.7984619140625,0.198965991444802,4.382724518625646,accepted_saved_frame
JSCC,440SinglePlus218Single,5350,218,28,3755.8595692888975,1683.0081787109375,0.5989478916707955,3.5911384243922524,accepted_saved_frame
JSCC,440SinglePlus218Single,5350,440,37,6423.077265904252,2053.014892578125,0.35813014432292173,5.785209596859987,accepted_saved_frame
JSCC,440SinglePlus218Single,5400,218,10,1498.667476739914,1874.6915283203125,-0.09754228105132498,-0.6513844041360698,accepted_saved_frame
JSCC,440SinglePlus218Single,5400,440,13,2416.7153663572153,1572.0269775390625,0.09040279784619934,2.284806122367895,accepted_saved_frame
JSCC,440SinglePlus218Single,5400,218,17,2127.2978109675364,1546.992431640625,0.1824212835424095,1.7160573959013619,accepted_saved_frame
JSCC,440SinglePlus218Single,5400,440,22,3981.629636822605,1815.7928466796875,0.20068031201913028,4.394363531808276,accepted_saved_frame
JSCC,440SinglePlus218Single,5400,218,28,3761.2659809553056,1680.4599609375,0.6021580908388211,3.594867109938801,accepted_saved_frame
JSCC,440SinglePlus218Single,5400,440,37,6436.859028164987,2051.28564453125,0.35970426193598004,5.787230418009722,accepted_saved_frame
JSCC,440SinglePlus218Single,5450,218,10,1494.4829452858094,1872.6461181640625,-0.09820432575188465,-0.6519168351678533,accepted_saved_frame
JSCC,440SinglePlus218Single,5450,440,13,2424.7822768175083,1571.80224609375,0.09130326344052118,2.291206764251332,accepted_saved_frame
JSCC,440SinglePlus218Single,5450,218,17,2130.564642341996,1545.88134765625,0.1839296007771861,1.7204163430834745,accepted_saved_frame
JSCC,440SinglePlus218Single,5450,440,22,3995.749745087377,1813.790771484375,0.20239730921229077,4.405963380219759,accepted_saved_frame
JSCC,440SinglePlus218Single,5450,218,28,3766.5729197567093,1677.93798828125,0.6053321358449308,3.5983244140499493,accepted_saved_frame
JSCC,440SinglePlus218Single,5450,440,37,6450.436481875358,2049.55615234375,0.36126432734302044,5.788905825301042,accepted_saved_frame
JSCC,440SinglePlus218Single,5500,218,10,1490.3630726314434,1870.6419677734375,-0.09885955465229274,-0.6524009839911942,accepted_saved_frame
JSCC,440SinglePlus218Single,5500,440,13,2432.8793255652254,1571.58203125,0.09220646451433613,2.2975850104012348,accepted_saved_frame
JSCC,440SinglePlus218Single,5500,218,17,2133.828944888574,1544.7674560546875,0.18544051254425856,1.7247228510183723,accepted_saved_frame
JSCC,440SinglePlus218Single,5500,440,22,4009.868053846008,1811.7926025390625,0.20411713113357094,4.417526727746688,accepted_saved_frame
JSCC,440SinglePlus218Single,5500,218,28,3771.781648357763,1675.4422607421875,0.6084700807577447,3.601516561643158,accepted_saved_frame
JSCC,440SinglePlus218Single,5500,440,37,6463.814546766157,2047.8277587890625,0.36281036147870677,5.79024745516328,accepted_saved_frame
JSCC,440SinglePlus218Single,5550,218,10,1486.306316020021,1868.6795654296875,-0.09950840497514211,-0.6528403268459887,accepted_saved_frame
JSCC,440SinglePlus218Single,5550,440,13,2441.00672604954,1571.3673095703125,0.09311225485610178,2.30393834801397,accepted_saved_frame
JSCC,440SinglePlus218Single,5550,218,17,2137.090437354325,1543.6507568359375,0.18695394410008215,1.7289781825732247,accepted_saved_frame
JSCC,440SinglePlus218Single,5550,440,22,4023.9860560973834,1809.79931640625,0.20583971294249753,4.429054976427895,accepted_saved_frame
JSCC,440SinglePlus218Single,5550,218,28,3776.8948592111565,1672.97265625,0.6115724790896233,3.6044493729733165,accepted_saved_frame
JSCC,440SinglePlus218Single,5550,440,37,6476.997272135131,2046.100830078125,0.364342563936851,5.791263725661885,accepted_saved_frame
JSCC,440SinglePlus218Single,5600,218,10,1482.3115819213474,1866.758056640625,-0.10015092118595642,-0.6532362443659716,accepted_saved_frame
JSCC,440SinglePlus218Single,5600,440,13,2449.1649623338712,1571.1572265625,0.09402082049925793,2.310271522368471,accepted_saved_frame
JSCC,440SinglePlus218Single,5600,218,17,2140.349048954692,1542.5318603515625,0.18846961987005645,1.7331813582883557,accepted_saved_frame
JSCC,440SinglePlus218Single,5600,440,22,4038.1048512047773,1807.8114013671875,0.20756505061914243,4.440548868699255,accepted_saved_frame
JSCC,440SinglePlus218Single,5600,218,28,3781.913697437604,1670.529541015625,0.6146391196550577,3.607126264714843,accepted_saved_frame
JSCC,440SinglePlus218Single,5600,440,37,6489.990307746027,2044.3763427734375,0.36586110619769424,5.7919656400586526,accepted_saved_frame
JSCC,440SinglePlus218Single,5650,218,10,1478.3781899209957,1864.877197265625,-0.10078716839898963,-0.6535898194571487,accepted_saved_frame
JSCC,440SinglePlus218Single,5650,440,13,2457.354290090574,1570.95263671875,0.09493203873962623,2.3165829867787204,accepted_saved_frame
JSCC,440SinglePlus218Single,5650,218,17,2143.6047710068497,1541.410888671875,0.18998749492563718,1.7373328572257078,accepted_saved_frame
JSCC,440SinglePlus218Single,5650,440,22,4052.2256540646067,1805.829345703125,0.20929314897613416,4.4520085339066435,accepted_saved_frame
JSCC,440SinglePlus218Single,5650,218,28,3786.8406954711218,1668.1126708984375,0.6176705991015499,3.609554783539352,accepted_saved_frame
JSCC,440SinglePlus218Single,5650,440,37,6502.797143769161,2042.6544189453125,0.367366203683384,5.792360091060282,accepted_saved_frame
JSCC,440SinglePlus218Single,5700,218,10,1474.5044649866234,1863.0367431640625,-0.1014174727724272,-0.6539041250370354,accepted_saved_frame
JSCC,440SinglePlus218Single,5700,440,13,2465.5749705559497,1570.75341796875,0.09584594955897709,2.322875437966768,accepted_saved_frame
JSCC,440SinglePlus218Single,5700,218,17,2146.858163948632,1540.2884521484375,0.19150748855825614,1.7414342995939565,accepted_saved_frame
JSCC,440SinglePlus218Single,5700,440,22,4066.350073264379,1803.85400390625,0.21102397064574005,4.463434662138089,accepted_saved_frame
JSCC,440SinglePlus218Single,5700,218,28,3791.6783633766295,1665.72216796875,0.6206672727705722,3.61173987483869,accepted_saved_frame
JSCC,440SinglePlus218Single,5700,440,37,6515.4225327075965,2040.9361572265625,0.36885791934692724,5.792459764155046,accepted_saved_frame
JSCC,440SinglePlus218Single,5750,218,10,1470.6895526260425,1861.2359619140625,-0.10204184767664229,-0.6541799849523579,accepted_saved_frame
JSCC,440SinglePlus218Single,5750,440,13,2473.8257113237455,1570.5596923828125,0.09676238555899282,2.329144496192406,accepted_saved_frame
JSCC,440SinglePlus218Single,5750,218,17,2150.1086473877294,1539.1649169921875,0.19302926473365192,1.745483353949406,accepted_saved_frame
JSCC,440SinglePlus218Single,5750,440,22,4080.4799097341725,1801.8857421875,0.21275759595983332,4.474830317609044,accepted_saved_frame
JSCC,440SinglePlus218Single,5750,218,28,3796.427394373771,1663.3575439453125,0.6236293765840635,3.6136873848286317,accepted_saved_frame
JSCC,440SinglePlus218Single,5750,440,37,6527.870102161243,2039.2215576171875,0.37033651062043654,5.792272148497513,accepted_saved_frame
JSCC,440SinglePlus218Single,5800,218,10,1466.9321185047604,1859.4749755859375,-0.10266061007060252,-0.6544201004000345,accepted_saved_frame
JSCC,440SinglePlus218Single,5800,440,13,2482.1081777192985,1570.37158203125,0.0976814958050454,2.335395835678906,accepted_saved_frame
JSCC,440SinglePlus218Single,5800,218,17,2153.3558383634636,1538.0401611328125,0.1945527635711907,1.74948074458804,accepted_saved_frame
JSCC,440SinglePlus218Single,5800,440,22,4094.6155443403904,1799.925048828125,0.21449394542996894,4.4861949476262035,accepted_saved_frame
JSCC,440SinglePlus218Single,5800,218,28,3801.08949088399,1661.018798828125,0.6265571228760382,3.615400636121785,accepted_saved_frame
JSCC,440SinglePlus218Single,5800,440,37,6540.144060895109,2037.51171875,0.37180199273850095,5.7918048975690155,accepted_saved_frame
JSCC,440SinglePlus218Single,5850,218,10,1463.2308502687902,1857.7529296875,-0.10327387158637527,-0.6546256646363221,accepted_saved_frame
JSCC,440SinglePlus218Single,5850,440,13,2490.4227039832836,1570.189208984375,0.0986032864660933,2.3416299711724053,accepted_saved_frame
JSCC,440SinglePlus218Single,5850,218,17,2156.600519126312,1536.91455078125,0.1960780774035183,1.753429105411331,accepted_saved_frame
JSCC,440SinglePlus218Single,5850,440,22,4108.758094911268,1797.972412109375,0.216233006228437,4.497528625722219,accepted_saved_frame
JSCC,440SinglePlus218Single,5850,218,28,3805.6671994571534,1658.7060546875,0.6294508937719464,3.6168871156143303,accepted_saved_frame
JSCC,440SinglePlus218Single,5850,440,37,6552.246836719819,2035.8065185546875,0.3732545555016495,5.791064410816617,accepted_saved_frame
JSCC,440SinglePlus218Single,5900,218,10,1459.584717974402,1856.069580078125,-0.10388179786428728,-0.654798325257302,accepted_saved_frame
JSCC,440SinglePlus218Single,5900,440,13,2498.7682167674398,1570.01220703125,0.09952769580738675,2.347845257337834,accepted_saved_frame
JSCC,440SinglePlus218Single,5900,218,17,2159.8427225448254,1535.78857421875,0.19760500573655324,1.7573279696288755,accepted_saved_frame
JSCC,440SinglePlus218Single,5900,440,22,4122.908881816335,1796.0283203125,0.2179747824823848,4.508832858623614,accepted_saved_frame
JSCC,440SinglePlus218Single,5900,218,28,3810.162655562332,1656.419189453125,0.6323111200704183,3.6181521056864216,accepted_saved_frame
JSCC,440SinglePlus218Single,5900,440,37,6564.183850298343,2034.1070556640625,0.3746943115931317,5.790061995864467,accepted_saved_frame
JSCC,440SinglePlus218Single,5950,218,10,1455.9932559096162,1854.4246826171875,-0.10448440817880786,-0.6549388383524353,accepted_saved_frame
JSCC,440SinglePlus218Single,5950,440,13,2507.1445195836586,1569.84130859375,0.10045456880333703,2.3540404349724833,accepted_saved_frame
JSCC,440SinglePlus218Single,5950,218,17,2163.08219021481,1534.6622314453125,0.19913347133403325,1.7611775844129174,accepted_saved_frame
JSCC,440SinglePlus218Single,5950,440,22,4137.068974793562,1794.0928955078125,0.21971933205256666,4.520109602119892,accepted_saved_frame
JSCC,440SinglePlus218Single,5950,218,28,3814.5769474338385,1654.157958984375,0.6351380138470822,3.61920040109385,accepted_saved_frame
JSCC,440SinglePlus218Single,5950,440,37,6575.95697354166,2032.4129638671875,0.3761214697406789,5.788803922135589,accepted_saved_frame
JSCC,440SinglePlus218Single,6000,218,10,1452.4545498078276,1852.8175048828125,-0.10508200258719883,-0.6550495835852156,accepted_saved_frame
JSCC,440SinglePlus218Single,6000,440,13,2515.552608872091,1569.676025390625,0.10138408612446885,2.3602190496052264,accepted_saved_frame
JSCC,440SinglePlus218Single,6000,218,17,2166.318238418833,1533.535888671875,0.20066309781417654,1.7649761382777198,accepted_saved_frame
JSCC,440SinglePlus218Single,6000,440,22,4151.238741034,1792.1666259765625,0.22146656690679878,4.531357386254382,accepted_saved_frame
JSCC,440SinglePlus218Single,6000,218,28,3818.9118524900505,1651.922119140625,0.6379319960162994,3.620036799045007,accepted_saved_frame
JSCC,440SinglePlus218Single,6000,440,37,6587.570437783533,2030.7252197265625,0.37753607519563465,5.787297682359045,accepted_saved_frame
JSCC,440SinglePlus218Single,6050,218,10,1448.9678207348397,1851.24755859375,-0.10567463572111334,-0.6551315764703927,accepted_saved_frame
JSCC,440SinglePlus218Single,6050,440,13,2523.9924117629744,1569.516357421875,0.10231623081826832,2.3663814046714777,accepted_saved_frame
JSCC,440SinglePlus218Single,6050,218,17,2169.551572628962,1532.409423828125,0.202194166460171,1.768727070659694,accepted_saved_frame
JSCC,440SinglePlus218Single,6050,440,22,4165.418465473167,1790.25,0.2232163889157282,4.542576176409272,accepted_saved_frame
JSCC,440SinglePlus218Single,6050,218,28,3823.168946382044,1649.71142578125,0.6406934350131526,3.620667558247102,accepted_saved_frame
JSCC,440SinglePlus218Single,6050,440,37,6599.027304014622,2029.0440673828125,0.3789382713332588,5.785551471935161,accepted_saved_frame
JSCC,440SinglePlus218Single,6100,218,10,1445.5318578002536,1849.7147216796875,-0.10626255243320831,-0.6551867197230664,accepted_saved_frame
JSCC,440SinglePlus218Single,6100,440,13,2532.4629761931255,1569.3626708984375,0.10325082825944719,2.372525086546237,accepted_saved_frame
JSCC,440SinglePlus218Single,6100,218,17,2172.782586877228,1531.2835693359375,0.20372647591180304,1.7724302404489833,accepted_saved_frame
JSCC,440SinglePlus218Single,6100,440,22,4179.608950869926,1788.3428955078125,0.2249688804535714,4.553766491303097,accepted_saved_frame
JSCC,440SinglePlus218Single,6100,218,28,3827.350163095081,1647.5262451171875,0.6434223931340427,3.621095155795575,accepted_saved_frame
JSCC,440SinglePlus218Single,6100,440,37,6610.329615419892,2027.3697509765625,0.38032811710385517,5.783568987970325,accepted_saved_frame
JSCC,440SinglePlus218Single,6150,218,10,1442.1456907217141,1848.218017578125,-0.10684576037805658,-0.6552154375491859,accepted_saved_frame
JSCC,440SinglePlus218Single,6150,440,13,2540.9651940094595,1569.21484375,0.10418798529515318,2.3786518579440017,accepted_saved_frame
JSCC,440SinglePlus218Single,6150,218,17,2176.0102874933623,1530.1580810546875,0.20525982161427744,1.7760843805023,accepted_saved_frame
JSCC,440SinglePlus218Single,6150,440,22,4193.810862443679,1786.4462890625,0.2267238687873154,4.564928058506111,accepted_saved_frame
JSCC,440SinglePlus218Single,6150,218,28,3831.4568785500564,1645.3658447265625,0.6461195247783489,3.6213266074017643,accepted_saved_frame
JSCC,440SinglePlus218Single,6150,440,37,6621.482491270159,2025.70263671875,0.3817058935761566,5.781362047681795,accepted_saved_frame
JSCC,440SinglePlus218Single,6200,218,10,1438.8084088782405,1846.7574462890625,-0.10742445366677203,-0.6552196199867746,accepted_saved_frame
JSCC,440SinglePlus218Single,6200,440,13,2549.4981064182107,1569.07275390625,0.10512761060971873,2.384760518048609,accepted_saved_frame
JSCC,440SinglePlus218Single,6200,218,17,2179.235401220851,1529.033447265625,0.20679421455851768,1.7796916968230778,accepted_saved_frame
JSCC,440SinglePlus218Single,6200,440,22,4208.024208525386,1784.5596923828125,0.22848144024120148,4.576062128220409,accepted_saved_frame
JSCC,440SinglePlus218Single,6200,218,28,3835.4906622788435,1643.23046875,0.648784878245111,3.6213657416755676,accepted_saved_frame
JSCC,440SinglePlus218Single,6200,440,37,6632.486248593077,2024.04296875,0.3830715160721575,5.778932473615965,accepted_saved_frame
JSCC,440SinglePlus218Single,6250,218,10,1435.5187782214002,1845.33203125,-0.10799871259507227,-0.655199823418386,accepted_saved_frame
JSCC,440SinglePlus218Single,6250,440,13,2558.0625306914517,1568.9365234375,0.10606976086350833,2.3908527226791185,accepted_saved_frame
JSCC,440SinglePlus218Single,6250,218,17,2182.456770672596,1527.909423828125,0.20832939710293477,1.7832497417937574,accepted_saved_frame
JSCC,440SinglePlus218Single,6250,440,22,4222.250811894253,1782.6839599609375,0.2302415544335791,4.587169229718514,accepted_saved_frame
JSCC,440SinglePlus218Single,6250,218,28,3839.4534036797777,1641.1195068359375,0.6514191905670474,3.6212182882282917,accepted_saved_frame
JSCC,440SinglePlus218Single,6250,440,37,6643.3441934107395,2022.3912353515625,0.38442508118326096,5.776287269246388,accepted_saved_frame
JSCC,440SinglePlus218Single,6300,218,10,1432.2763183201241,1843.94189453125,-0.10856864574368495,-0.6551573349675935,accepted_saved_frame
JSCC,440SinglePlus218Single,6300,440,13,2566.658118947861,1568.8062744140625,0.10701436743097392,2.396927811254561,accepted_saved_frame
JSCC,440SinglePlus218Single,6300,218,17,2185.6751283480853,1526.7864990234375,0.20986537982029863,1.786760874342925,accepted_saved_frame
JSCC,440SinglePlus218Single,6300,440,22,4236.490349852665,1780.81884765625,0.23200421157009726,4.598250002798474,accepted_saved_frame
JSCC,440SinglePlus218Single,6300,218,28,3843.3462974832673,1639.033203125,0.6540224087120119,3.6208873769629366,accepted_saved_frame
JSCC,440SinglePlus218Single,6300,440,37,6654.059770039427,2020.7476806640625,0.38576676323581605,5.773433393587907,accepted_saved_frame
JSCC,440SinglePlus218Single,6350,218,10,1429.079399869373,1842.5858154296875,-0.10913439072671705,-0.655093112014942,accepted_saved_frame
JSCC,440SinglePlus218Single,6350,440,13,2575.2855463993724,1568.6815185546875,0.10796157851195153,2.402988690661339,accepted_saved_frame
JSCC,440SinglePlus218Single,6350,218,17,2188.8907007418798,1525.66455078125,0.21140228917831128,1.790226962798114,accepted_saved_frame
JSCC,440SinglePlus218Single,6350,440,22,4250.742782206738,1778.9644775390625,0.2337693566935647,4.609302819963941,accepted_saved_frame
JSCC,440SinglePlus218Single,6350,218,28,3847.170411439815,1636.97119140625,0.6565948690355609,3.620377627325658,accepted_saved_frame
JSCC,440SinglePlus218Single,6350,440,37,6664.635233664276,2019.1121826171875,0.3870967383994332,5.7703771398498,accepted_saved_frame
JSCC,440SinglePlus218Single,6400,218,10,1425.927223131971,1841.2640380859375,-0.10969616805443078,-0.6550090342044792,accepted_saved_frame
JSCC,440SinglePlus218Single,6400,440,13,2583.9434859996727,1568.562744140625,0.10891115615855887,2.4090314760675433,accepted_saved_frame
JSCC,440SinglePlus218Single,6400,218,17,2192.102330369235,1524.5439453125,0.21293958708636532,1.793644372096366,accepted_saved_frame
JSCC,440SinglePlus218Single,6400,440,22,4265.007909059633,1777.121337890625,0.23553683571473988,4.620326652742697,accepted_saved_frame
JSCC,440SinglePlus218Single,6400,218,28,3850.927587372381,1634.9332275390625,0.6591370593822012,3.6196946801934375,accepted_saved_frame
JSCC,440SinglePlus218Single,6400,440,37,6675.07311843509,2017.4853515625,0.38841500519549826,5.767122858020214,accepted_saved_frame
JSCC,440SinglePlus218Single,6450,218,10,1422.8192876588876,1839.9755859375,-0.11025387043816941,-0.6549046244884528,accepted_saved_frame
JSCC,440SinglePlus218Single,6450,440,13,2592.631613020642,1568.449462890625,0.10986314179069065,2.4150565243462925,accepted_saved_frame
JSCC,440SinglePlus218Single,6450,218,17,2195.310619687553,1523.4246826171875,0.21447746265157763,1.797015659551533,accepted_saved_frame
JSCC,440SinglePlus218Single,6450,440,22,4279.286971225285,1775.2894287109375,0.23730673995310525,4.631324050088259,accepted_saved_frame
JSCC,440SinglePlus218Single,6450,218,28,3854.6193702105274,1632.919189453125,0.6616493000157994,3.618841279734674,accepted_saved_frame
JSCC,440SinglePlus218Single,6450,440,37,6685.376294023179,2015.867431640625,0.38972169020472675,5.76367745392129,accepted_saved_frame
JSCC,440SinglePlus218Single,6500,218,10,1419.7543234871132,1838.7200927734375,-0.1108077200806936,-0.6547815716591805,accepted_saved_frame
JSCC,440SinglePlus218Single,6500,440,13,2601.3502603119687,1568.342041015625,0.11081749647207065,2.4210645846491157,accepted_saved_frame
JSCC,440SinglePlus218Single,6500,218,17,2198.5155771342966,1522.306884765625,0.2160158594565786,1.800341431958938,accepted_saved_frame
JSCC,440SinglePlus218Single,6500,440,22,4293.57998391394,1773.468994140625,0.2390789886698278,4.6422942832578205,accepted_saved_frame
JSCC,440SinglePlus218Single,6500,218,28,3858.247597800462,1630.928466796875,0.664132347952108,3.617825363043894,accepted_saved_frame
JSCC,440SinglePlus218Single,6500,440,37,6695.545600595472,2014.25830078125,0.3910168522462823,5.760044837787212,accepted_saved_frame
JSCC,440SinglePlus218Single,6550,218,10,1416.7314056690866,1837.497314453125,-0.11135787425639776,-0.6546411258661637,accepted_saved_frame
JSCC,440SinglePlus218Single,6550,440,13,2610.099185124015,1568.2401123046875,0.11177424933888608,2.4270557232836896,accepted_saved_frame
JSCC,440SinglePlus218Single,6550,218,17,2201.7163783067244,1521.1910400390625,0.21755428472768304,1.8036189638234315,accepted_saved_frame
JSCC,440SinglePlus218Single,6550,440,22,4307.886363764132,1771.6597900390625,0.2408535556329185,4.653237463213888,accepted_saved_frame
JSCC,440SinglePlus218Single,6550,218,28,3861.8131154225116,1628.9613037109375,0.6665860691005814,3.616647858276613,accepted_saved_frame
JSCC,440SinglePlus218Single,6550,440,37,6705.584164880863,2012.658203125,0.3923006400947818,5.756230799742591,accepted_saved_frame
JSCC,440SinglePlus218Single,6600,218,10,1413.749166703301,1836.3062744140625,-0.11190445922179072,-0.6544841903710469,accepted_saved_frame
JSCC,440SinglePlus218Single,6600,440,13,2618.8781750845,1568.14404296875,0.11273330240133815,2.433028374343692,accepted_saved_frame
JSCC,440SinglePlus218Single,6600,218,17,2204.913962151774,1520.076416015625,0.2190933728680928,1.806853598729168,accepted_saved_frame
JSCC,440SinglePlus218Single,6600,440,22,4322.207471172839,1769.8624267578125,0.24263040179828663,4.6641536067988305,accepted_saved_frame
JSCC,440SinglePlus218Single,6600,218,28,3865.317566540422,1627.017333984375,0.6690110017545285,3.6153144622786137,accepted_saved_frame
JSCC,440SinglePlus218Single,6600,440,37,6715.493449223014,2011.0677490234375,0.39357296113122847,5.752239008949705,accepted_saved_frame
JSCC,440SinglePlus218Single,6650,218,10,1410.807799704205,1835.14697265625,-0.11244738849421469,-0.654310505971374,accepted_saved_frame
JSCC,440SinglePlus218Single,6650,440,13,2627.6880536576314,1568.05322265625,0.11369484342881177,2.4389866643074325,accepted_saved_frame
JSCC,440SinglePlus218Single,6650,218,17,2208.107731069217,1518.9639892578125,0.22063247580311734,1.8100420621072255,accepted_saved_frame
JSCC,440SinglePlus218Single,6650,440,22,4336.542761668746,1768.07666015625,0.2444095035880536,4.675042355499171,accepted_saved_frame
JSCC,440SinglePlus218Single,6650,218,28,3868.761493652187,1625.096435546875,0.6714071880786258,3.6138282918286877,accepted_saved_frame
JSCC,440SinglePlus218Single,6650,440,37,6725.276264412041,2009.486572265625,0.3948341077634008,5.748075498596702,accepted_saved_frame
JSCC,440SinglePlus218Single,6700,218,10,1407.9052806989173,1834.018798828125,-0.11298703938770467,-0.6541224079345821,accepted_saved_frame
JSCC,440SinglePlus218Single,6700,440,13,2636.527790122163,1567.96826171875,0.11465864247397632,2.4449270790676993,accepted_saved_frame
JSCC,440SinglePlus218Single,6700,218,17,2211.2973034403576,1517.853271484375,0.22217169252551436,1.8131855351897894,accepted_saved_frame
JSCC,440SinglePlus218Single,6700,440,22,4350.892132210525,1766.302490234375,0.246190822986489,4.6859042259464605,accepted_saved_frame
JSCC,440SinglePlus218Single,6700,218,28,3872.14683017272,1623.1981201171875,0.6737753520537351,3.6121941941959896,accepted_saved_frame
JSCC,440SinglePlus218Single,6700,440,37,6734.934776950835,2007.9150390625,0.39608411472165994,5.743745410087966,accepted_saved_frame
JSCC,440SinglePlus218Single,6750,218,10,1405.0412250285747,1832.9208984375,-0.11352330662387401,-0.6539197393130347,accepted_saved_frame
JSCC,440SinglePlus218Single,6750,440,13,2645.3963041300285,1567.8885498046875,0.11562468367494277,2.4508478304973114,accepted_saved_frame
JSCC,440SinglePlus218Single,6750,218,17,2214.4829245174633,1516.74462890625,0.2237109252862361,1.816284154940531,accepted_saved_frame
JSCC,440SinglePlus218Single,6750,440,22,4365.255600292274,1764.5401611328125,0.24797427564189017,4.696738983879089,accepted_saved_frame
JSCC,440SinglePlus218Single,6750,218,28,3875.4746484321213,1621.322509765625,0.6761155304116893,3.6104160245482952,accepted_saved_frame
JSCC,440SinglePlus218Single,6750,440,37,6744.469670608105,2006.353271484375,0.3973229607334131,5.739251048939714,accepted_saved_frame
JSCC,440SinglePlus218Single,6800,218,10,1402.2149269619172,1831.8531494140625,-0.11405632007684997,-0.653703463247896,accepted_saved_frame
JSCC,440SinglePlus218Single,6800,440,13,2654.29479381447,1567.814208984375,0.1165930640679871,2.456752184498893,accepted_saved_frame
JSCC,440SinglePlus218Single,6800,218,17,2217.663673658134,1515.63818359375,0.22524981509449923,1.8193366735146068,accepted_saved_frame
JSCC,440SinglePlus218Single,6800,440,22,4379.632898491055,1762.7896728515625,0.24975980648981735,4.707546835589415,accepted_saved_frame
JSCC,440SinglePlus218Single,6800,218,28,3878.7460059387085,1619.468994140625,0.6784282840109134,3.60849628269065,accepted_saved_frame
JSCC,440SinglePlus218Single,6800,440,37,6753.884078895994,2004.8016357421875,0.3985507610458028,5.734597783017653,accepted_saved_frame
JSCC,440SinglePlus218Single,6850,218,10,1399.4250782663032,1830.81494140625,-0.11458627129174229,-0.653474518326496,accepted_saved_frame
JSCC,440SinglePlus218Single,6850,440,13,2663.2231187755583,1567.745361328125,0.11756373671132177,2.462639313016461,accepted_saved_frame
JSCC,440SinglePlus218Single,6850,218,17,2220.839934228648,1514.5338134765625,0.22678853507098015,1.8223442869816433,accepted_saved_frame
JSCC,440SinglePlus218Single,6850,440,22,4394.024223134619,1761.05126953125,0.2515473462704051,4.718324763388574,accepted_saved_frame
JSCC,440SinglePlus218Single,6850,218,28,3881.9628165485797,1617.6376953125,0.6807139111014737,3.6064408022221826,accepted_saved_frame
JSCC,440SinglePlus218Single,6850,440,37,6763.178143234525,2003.260009765625,0.3997675178525938,5.729788323987346,accepted_saved_frame
JSCC,440SinglePlus218Single,6900,218,10,1396.6716915020222,1829.8060302734375,-0.1151130765250948,-0.6532329891997175,accepted_saved_frame
JSCC,440SinglePlus218Single,6900,440,13,2672.1797226785056,1567.6817626953125,0.11853656933649424,2.468506898253214,accepted_saved_frame
JSCC,440SinglePlus218Single,6900,218,17,2224.0120624401716,1513.431396484375,0.22832725061442335,1.8253096700030058,accepted_saved_frame
JSCC,440SinglePlus218Single,6900,440,22,4408.429554518994,1759.32470703125,0.2533369207210338,4.729075915086705,accepted_saved_frame
JSCC,440SinglePlus218Single,6900,218,28,3885.1251864183096,1615.8282470703125,0.6829725221268027,3.6042508119492305,accepted_saved_frame
JSCC,440SinglePlus218Single,6900,440,37,6772.355501380273,2001.7283935546875,0.40097349314018493,5.724828981574612,accepted_saved_frame
JSCC,440SinglePlus218Single,6950,218,10,1393.9528983260275,1828.8255615234375,-0.11563702887554733,-0.6529803880833253,accepted_saved_frame
JSCC,440SinglePlus218Single,6950,440,13,2681.166171280914,1567.6234130859375,0.11951172048009163,2.474358570827477,accepted_saved_frame
JSCC,440SinglePlus218Single,6950,218,17,2227.1798061828085,1512.3314208984375,0.22986564345836558,1.8282314830907456,accepted_saved_frame
JSCC,440SinglePlus218Single,6950,440,22,4422.847967463647,1757.6099853515625,0.25512841110701684,4.739797761607442,accepted_saved_frame
JSCC,440SinglePlus218Single,6950,218,28,3888.234951381638,1614.0401611328125,0.6852048420306758,3.6019325561876734,accepted_saved_frame
JSCC,440SinglePlus218Single,6950,440,37,6781.417549339133,2000.20703125,0.40216869183668413,5.719723851675591,accepted_saved_frame
JSCC,440SinglePlus218Single,7000,218,10,1391.2690253058431,1827.8734130859375,-0.1161579876914615,-0.652716312883042,accepted_saved_frame
JSCC,440SinglePlus218Single,7000,440,13,2690.1803893201645,1567.5699462890625,0.12048902532206007,2.4801906415048225,accepted_saved_frame
JSCC,440SinglePlus218Single,7000,218,17,2230.342738430791,1511.23388671875,0.2314035680287852,1.8311094926638822,accepted_saved_frame
JSCC,440SinglePlus218Single,7000,440,22,4437.280149591888,1755.9071044921875,0.256921852685214,4.75049219483952,accepted_saved_frame
JSCC,440SinglePlus218Single,7000,218,28,3891.29236220319,1612.2738037109375,0.6874105036458462,3.5994866232180454,accepted_saved_frame
JSCC,440SinglePlus218Single,7000,440,37,6790.365419455781,1998.6961669921875,0.4033530964358975,5.714475416852719,accepted_saved_frame
JSCC,440SinglePlus218Single,7050,218,10,1388.6188075810767,1826.9488525390625,-0.1166761125670926,-0.6524417697394984,accepted_saved_frame
JSCC,440SinglePlus218Single,7050,440,13,2699.2229081980995,1567.5218505859375,0.1214684417408555,2.4860031861635052,accepted_saved_frame
JSCC,440SinglePlus218Single,7050,218,17,2233.5008671383675,1510.1385498046875,0.23294113468573402,1.8339447670660625,accepted_saved_frame
JSCC,440SinglePlus218Single,7050,440,22,4451.725807230394,1754.216064453125,0.2587171866550323,4.761158831516939,accepted_saved_frame
JSCC,440SinglePlus218Single,7050,218,28,3894.299932668037,1610.5284423828125,0.6895906237918998,3.596918895267935,accepted_saved_frame
JSCC,440SinglePlus218Single,7050,440,37,6799.201417180714,1997.195556640625,0.40452692799451806,5.70908686533673,accepted_saved_frame
JSCC,440SinglePlus218Single,7100,218,10,1386.0017490202974,1826.0516357421875,-0.11719145849143583,-0.6521572729949024,accepted_saved_frame
JSCC,440SinglePlus218Single,7100,440,13,2708.294000817362,1567.478759765625,0.12245005707037564,2.491797577793752,accepted_saved_frame
JSCC,440SinglePlus218Single,7100,218,17,2236.6546835862187,1509.0458984375,0.23447826103000807,1.8367378679838051,accepted_saved_frame
JSCC,440SinglePlus218Single,7100,440,22,4466.183924029621,1752.537109375,0.26051422480406855,4.771795075552902,accepted_saved_frame
JSCC,440SinglePlus218Single,7100,218,28,3897.257498255226,1608.8040771484375,0.6917449842531045,3.5942312162281187,accepted_saved_frame
JSCC,440SinglePlus218Single,7100,440,37,6807.92720646323,1995.70556640625,0.4056901795296945,5.703563584341895,accepted_saved_frame
JSCC,440SinglePlus218Single,7150,218,10,1383.4166057623468,1825.1812744140625,-0.11770423101072501,-0.6518638366970069,accepted_saved_frame
JSCC,440SinglePlus218Single,7150,440,13,2717.3927108520666,1567.4407958984375,0.12343373672304496,2.4975715907645877,accepted_saved_frame
JSCC,440SinglePlus218Single,7150,218,17,2239.8027441569493,1507.95556640625,0.23601464775416828,1.839487337344845,accepted_saved_frame
JSCC,440SinglePlus218Single,7150,440,22,4480.655074067701,1750.8701171875,0.26231302000734175,4.782402297779674,accepted_saved_frame
JSCC,440SinglePlus218Single,7150,218,28,3900.1669734449897,1607.100341796875,0.6938742659170404,3.5914288974103976,accepted_saved_frame
JSCC,440SinglePlus218Single,7150,440,37,6816.543183544933,1994.2261962890625,0.40684284217190053,5.697906536317975,accepted_saved_frame
JSCC,440SinglePlus218Single,7200,218,10,1380.863009241233,1824.3370361328125,-0.1182143542655944,-0.651561164026554,accepted_saved_frame
JSCC,440SinglePlus218Single,7200,440,13,2726.519470540155,1567.4072265625,0.12441965435025341,2.5033293773185714,accepted_saved_frame
JSCC,440SinglePlus218Single,7200,218,17,2242.9453824958923,1506.8677978515625,0.23755027655618466,1.8421935410410912,accepted_saved_frame
JSCC,440SinglePlus218Single,7200,440,22,4495.138091463119,1749.2147216796875,0.26411351876103456,4.792980763448414,accepted_saved_frame
JSCC,440SinglePlus218Single,7200,218,28,3903.0279134006264,1605.4169921875,0.6959783519007328,3.5885116072269128,accepted_saved_frame
JSCC,440SinglePlus218Single,7200,440,37,6825.052325800437,1992.7572021484375,0.4079851958822743,5.692122462087735,accepted_saved_frame
JSCC,440SinglePlus218Single,7250,218,10,1378.3402170261004,1823.5191650390625,-0.11872204986065976,-0.6512507644620749,accepted_saved_frame
JSCC,440SinglePlus218Single,7250,440,13,2735.6726589332584,1567.37890625,0.12540746771433997,2.5090643959714485,accepted_saved_frame
JSCC,440SinglePlus218Single,7250,218,17,2246.083323836806,1505.782958984375,0.2390851957533541,1.844858349660942,accepted_saved_frame
JSCC,440SinglePlus218Single,7250,440,22,4509.63334592193,1747.5712890625,0.26591563467526463,4.803528568789979,accepted_saved_frame
JSCC,440SinglePlus218Single,7250,218,28,3905.8428354217435,1603.75390625,0.6980579360927753,3.585486175547943,accepted_saved_frame
JSCC,440SinglePlus218Single,7250,440,37,6833.454878773814,1991.2989501953125,0.40911711455451666,5.686211646295966,accepted_saved_frame
JSCC,440SinglePlus218Single,7300,218,10,1375.848066225696,1822.7266845703125,-0.11922713928641972,-0.6509316733499353,accepted_saved_frame
JSCC,440SinglePlus218Single,7300,440,13,2744.8531564363025,1567.35498046875,0.12639742213381946,2.5147816878738443,accepted_saved_frame
JSCC,440SinglePlus218Single,7300,218,17,2249.2154492118398,1504.700439453125,0.24061932806836547,1.8474813114408821,accepted_saved_frame
JSCC,440SinglePlus218Single,7300,440,22,4524.139772477285,1745.939697265625,0.26771926312977246,4.8140462469086325,accepted_saved_frame
JSCC,440SinglePlus218Single,7300,218,28,3908.6122393046953,1602.11083984375,0.7001131957837423,3.582354033512098,accepted_saved_frame
JSCC,440SinglePlus218Single,7300,440,37,6841.752176709077,1989.8516845703125,0.4102385987521298,5.680177823540578,accepted_saved_frame
JSCC,440SinglePlus218Single,7350,218,10,1373.3852242718172,1821.958984375,-0.11972983090309687,-0.6506050550277814,accepted_saved_frame
JSCC,440SinglePlus218Single,7350,440,13,2754.0612922195915,1567.3358154296875,0.12738947563883551,2.5204801412428695,accepted_saved_frame
JSCC,440SinglePlus218Single,7350,218,17,2252.342063386169,1503.6207275390625,0.2421525267135313,1.8500622289967052,accepted_saved_frame
JSCC,440SinglePlus218Single,7350,440,22,4538.658470094863,1744.31982421875,0.2695245082739529,4.824534511972357,accepted_saved_frame
JSCC,440SinglePlus218Single,7350,218,28,3911.3378567083005,1600.4876708984375,0.7021445957375926,3.579119336496742,accepted_saved_frame
JSCC,440SinglePlus218Single,7350,440,37,6849.947270094574,1988.4151611328125,0.41134993637712064,5.6740252326545875,accepted_saved_frame
JSCC,440SinglePlus218Single,7400,218,10,1370.9513612606133,1821.21630859375,-0.12023023832360268,-0.650271782948776,accepted_saved_frame
JSCC,440SinglePlus218Single,7400,440,13,2763.296716023666,1567.3212890625,0.1283836047701394,2.526160207433028,accepted_saved_frame
JSCC,440SinglePlus218Single,7400,218,17,2255.462839246608,1502.5435791015625,0.2436847938221344,1.8526018495662897,accepted_saved_frame
JSCC,440SinglePlus218Single,7400,440,22,4553.188566261341,1742.7115478515625,0.2713312847541191,4.834993703014493,accepted_saved_frame
JSCC,440SinglePlus218Single,7400,218,28,3914.019364396668,1598.8837890625,0.7041523435750192,3.575784450759457,accepted_saved_frame
JSCC,440SinglePlus218Single,7400,440,37,6858.040406684652,1986.9892578125,0.4124511440514626,5.667756676572592,accepted_saved_frame
JSCC,440SinglePlus218Single,7450,218,10,1368.5458866622287,1820.49755859375,-0.12072827524603749,-0.6499312169358714,accepted_saved_frame
JSCC,440SinglePlus218Single,7450,440,13,2772.558184710129,1567.3111572265625,0.12937971367273557,2.5318194162451784,accepted_saved_frame
JSCC,440SinglePlus218Single,7450,218,17,2258.5782158466914,1501.469482421875,0.24521602385221328,1.8551007152548653,accepted_saved_frame
JSCC,440SinglePlus218Single,7450,440,22,4567.728790750144,1741.114990234375,0.2731394070223148,4.84542204709992,accepted_saved_frame
JSCC,440SinglePlus218Single,7450,218,28,3916.6582147409526,1597.29931640625,0.7061366463672077,3.5723506361227226,accepted_saved_frame
JSCC,440SinglePlus218Single,7450,440,37,6866.032068250136,1985.5743408203125,0.4135421158012725,5.661373023286637,accepted_saved_frame
JSCC,440SinglePlus218Single,7500,218,10,1366.1682007228446,1819.802978515625,-0.12122412846738076,-0.6495845503528639,accepted_saved_frame
JSCC,440SinglePlus218Single,7500,440,13,2781.846181983436,1567.3055419921875,0.13037782267208214,2.5374588354610914,accepted_saved_frame
JSCC,440SinglePlus218Single,7500,218,17,2261.6875422373896,1500.3978271484375,0.24674629244948174,1.8575596573994568,accepted_saved_frame
JSCC,440SinglePlus218Single,7500,440,22,4582.279857129838,1739.5299072265625,0.27494897345927866,4.855819783877459,accepted_saved_frame
JSCC,440SinglePlus218Single,7500,218,28,3919.2551607953096,1595.7340087890625,0.7080977741022514,3.568823320719363,accepted_saved_frame
JSCC,440SinglePlus218Single,7500,440,37,6873.925287328746,1984.170166015625,0.4146231404670939,5.654879588858042,accepted_saved_frame
JSCC,440SinglePlus218Single,7550,218,10,1363.8176542325036,1819.1314697265625,-0.12171772908823697,-0.6492315647497497,accepted_saved_frame
JSCC,440SinglePlus218Single,7550,440,13,2791.1583122950315,1567.303955078125,0.13137775935003307,2.5430754404019478,accepted_saved_frame
JSCC,440SinglePlus218Single,7550,218,17,2264.7910121048003,1499.3292236328125,0.2482753538639565,1.8599774783099796,accepted_saved_frame
JSCC,440SinglePlus218Single,7550,440,22,4596.8398655621395,1737.9564208984375,0.27675973700041606,4.86618458666162,accepted_saved_frame
JSCC,440SinglePlus218Single,7550,218,28,3921.8113628182255,1594.187255859375,0.7100363997507432,3.5652047155653874,accepted_saved_frame
JSCC,440SinglePlus218Single,7550,440,37,6881.721198207945,1982.777099609375,0.41569416774280193,5.648278733282594,accepted_saved_frame
JSCC,440SinglePlus218Single,7600,218,10,1361.4933673821845,1818.483154296875,-0.12220931554747362,-0.6488735431788164,accepted_saved_frame
JSCC,440SinglePlus218Single,7600,440,13,2800.496341435398,1567.306884765625,0.13237961189747155,2.5486715734820025,accepted_saved_frame
JSCC,440SinglePlus218Single,7600,218,17,2267.888112906837,1498.263427734375,0.2498031497572018,1.8623547304633217,accepted_saved_frame
JSCC,440SinglePlus218Single,7600,440,22,4611.409255054498,1736.394287109375,0.2785717699807401,4.8765182473336495,accepted_saved_frame
JSCC,440SinglePlus218Single,7600,218,28,3924.3272277226947,1592.659423828125,0.7119522387204229,3.561495369372428,accepted_saved_frame
JSCC,440SinglePlus218Single,7600,440,37,6889.4193691138125,1981.39501953125,0.416755157905724,5.641571549742519,accepted_saved_frame
JSCC,440SinglePlus218Single,7650,218,10,1359.1947642629937,1817.857421875,-0.1226988988568556,-0.6485105623712845,accepted_saved_frame
JSCC,440SinglePlus218Single,7650,440,13,2809.8600277317905,1567.31396484375,0.1333834161768926,2.554247792337756,accepted_saved_frame
JSCC,440SinglePlus218Single,7650,218,17,2270.9791124540884,1497.2003173828125,0.2513298159597061,1.8646929983653309,accepted_saved_frame
JSCC,440SinglePlus218Single,7650,440,22,4625.987601735739,1734.8433837890625,0.28038503071661014,4.8868208662004,accepted_saved_frame
JSCC,440SinglePlus218Single,7650,218,28,3926.8031275805756,1591.1497802734375,0.713845823182355,3.557699764924517,accepted_saved_frame
JSCC,440SinglePlus218Single,7650,440,37,6897.022926530573,1980.023681640625,0.41780641020123577,5.6347633363120675,accepted_saved_frame
JSCC,440SinglePlus218Single,7700,218,10,1356.9215242931698,1817.2540283203125,-0.12318649570050731,-0.6481427982376691,accepted_saved_frame
JSCC,440SinglePlus218Single,7700,440,13,2819.248536143402,1567.3251953125,0.1343890745490422,2.559801882217171,accepted_saved_frame
JSCC,440SinglePlus218Single,7700,218,17,2274.063544039672,1496.1402587890625,0.2528550092204094,1.8669907695644987,accepted_saved_frame
JSCC,440SinglePlus218Single,7700,440,22,4640.57451374555,1733.3038330078125,0.2821994174982255,4.897091679687349,accepted_saved_frame
JSCC,440SinglePlus218Single,7700,218,28,3929.2409360008455,1589.658447265625,0.7157175056006899,3.553819358874304,accepted_saved_frame
JSCC,440SinglePlus218Single,7700,440,37,6904.531812780958,1978.6632080078125,0.4188478461365866,5.627854093761913,accepted_saved_frame
JSCC,440SinglePlus218Single,7750,218,10,1354.6730714656915,1816.6722412109375,-0.12367209410167919,-0.6477700419874243,accepted_saved_frame
JSCC,440SinglePlus218Single,7750,440,13,2828.661599286666,1567.3404541015625,0.1353965739315071,2.565334663747985,accepted_saved_frame
JSCC,440SinglePlus218Single,7750,218,17,2277.1420162250065,1495.0830078125,0.25437903596250716,1.8692507213541356,accepted_saved_frame
JSCC,440SinglePlus218Single,7750,440,22,4655.1687995253,1731.775634765625,0.2840147818836526,4.907328791325173,accepted_saved_frame
JSCC,440SinglePlus218Single,7750,218,28,3931.641423892152,1588.184814453125,0.7175678582483875,3.5498596371616076,accepted_saved_frame
JSCC,440SinglePlus218Single,7750,440,37,6911.948309575792,1977.3138427734375,0.41987954981369463,5.62084791775138,accepted_saved_frame
JSCC,440SinglePlus218Single,7800,218,10,1352.4485497183355,1816.1123046875,-0.12415595272086904,-0.6473940086724765,accepted_saved_frame
JSCC,440SinglePlus218Single,7800,440,13,2838.0986046786693,1567.3594970703125,0.13640588821040484,2.5708460198999714,accepted_saved_frame
JSCC,440SinglePlus218Single,7800,218,17,2280.2136351572635,1494.0284423828125,0.25590165481253674,1.871471213033784,accepted_saved_frame
JSCC,440SinglePlus218Single,7800,440,22,4669.771246632849,1730.2584228515625,0.2858312634165936,4.917534248187754,accepted_saved_frame
JSCC,440SinglePlus218Single,7800,218,28,3934.0046166759116,1586.7293701171875,0.719396396537599,3.54581930716387,accepted_saved_frame
JSCC,440SinglePlus218Single,7800,440,37,6919.272707052952,1975.97509765625,0.4209016541823958,5.61374781211756,accepted_saved_frame
JSCC,440SinglePlus218Single,7850,218,10,1350.2481937715095,1815.5733642578125,-0.12463781939224726,-0.647013285545039,accepted_saved_frame
JSCC,440SinglePlus218Single,7850,440,13,2847.559026526388,1567.382568359375,0.13741690595826594,2.5763337649791107,accepted_saved_frame
JSCC,440SinglePlus218Single,7850,218,17,2283.278954319004,1492.9771728515625,0.2574227308083808,1.8736532728345123,accepted_saved_frame
JSCC,440SinglePlus218Single,7850,440,22,4684.380024281655,1728.752197265625,0.28764865223037556,4.927706090565644,accepted_saved_frame
JSCC,440SinglePlus218Single,7850,218,28,3936.331826487528,1585.2911376953125,0.7212041437991161,3.541702872192046,accepted_saved_frame
JSCC,440SinglePlus218Single,7850,440,37,6926.506867278894,1974.6474609375,0.4219141359492777,5.606554315282836,accepted_saved_frame
JSCC,440SinglePlus218Single,7900,218,10,1348.0711132184485,1815.05517578125,-0.12511786560096247,-0.646628613106487,accepted_saved_frame
JSCC,440SinglePlus218Single,7900,440,13,2857.043628212372,1567.4095458984375,0.13842972513049756,2.581800327070233,accepted_saved_frame
JSCC,440SinglePlus218Single,7900,218,17,2286.3370062937365,1491.9287109375,0.25894217917780127,1.8757966478747026,accepted_saved_frame
JSCC,440SinglePlus218Single,7900,440,22,4698.99627847358,1727.2569580078125,0.28946702764783006,4.937847333897998,accepted_saved_frame
JSCC,440SinglePlus218Single,7900,218,28,3938.623015512544,1583.8704833984375,0.7229906932462433,3.53751171470921,accepted_saved_frame
JSCC,440SinglePlus218Single,7900,440,37,6933.651362438789,1973.3310546875,0.42291697080894436,5.599270786275747,accepted_saved_frame
JSCC,440SinglePlus218Single,7950,218,10,1345.91668446041,1814.557373046875,-0.12559616764520865,-0.6462406191655411,accepted_saved_frame
JSCC,440SinglePlus218Single,7950,440,13,2866.551867386366,1567.43994140625,0.1394443756972334,2.5872459010450255,accepted_saved_frame
JSCC,440SinglePlus218Single,7950,218,17,2289.388583679725,1490.8831787109375,0.26046018529268794,1.8779021772773457,accepted_saved_frame
JSCC,440SinglePlus218Single,7950,440,22,4713.618602163809,1725.7725830078125,0.2912862528369787,4.947953928996205,accepted_saved_frame
JSCC,440SinglePlus218Single,7950,218,28,3940.879474475315,1582.466796875,0.7247567920026254,3.5332470975522865,accepted_saved_frame
JSCC,440SinglePlus218Single,7950,440,37,6940.707623395582,1972.0252685546875,0.4239104276606937,5.591898485391009,accepted_saved_frame
JSCC,440SinglePlus218Single,8000,218,10,1343.784425005652,1814.07958984375,-0.1260727645864243,-0.645849293933146,accepted_saved_frame
JSCC,440SinglePlus218Single,8000,440,13,2876.0846570741824,1567.47412109375,0.14046087679123484,2.592671554930998,accepted_saved_frame
JSCC,440SinglePlus218Single,8000,218,17,2292.4334841606233,1489.8408203125,0.2619765485019215,1.8799699461204087,accepted_saved_frame
JSCC,440SinglePlus218Single,8000,440,22,4728.245539042971,1724.2989501953125,0.2931061861689205,4.958026772106602,accepted_saved_frame
JSCC,440SinglePlus218Single,8000,218,28,3943.10207722739,1581.080078125,0.726502597515955,3.5289132532728296,accepted_saved_frame
JSCC,440SinglePlus218Single,8000,440,37,6947.675557175129,1970.7305908203125,0.4248943169043063,5.584439169400241,accepted_saved_frame
JSCC,440SinglePlus218Single,8050,218,10,1341.6744626158686,1813.6214599609375,-0.1265475323937266,-0.6454541709552878,accepted_saved_frame
JSCC,440SinglePlus218Single,8050,440,13,2885.6401233024576,1567.5118408203125,0.14147906802965843,2.5980746672227197,accepted_saved_frame
JSCC,440SinglePlus218Single,8050,218,17,2295.470812115993,1488.80126953125,0.2634911475430773,1.8820001153009023,accepted_saved_frame
JSCC,440SinglePlus218Single,8050,440,22,4742.877126262903,1722.8359375,0.29492683186388796,4.968064733448512,accepted_saved_frame
JSCC,440SinglePlus218Single,8050,218,28,3945.291560500194,1579.7099609375,0.7282285084411254,3.524513097787534,accepted_saved_frame
JSCC,440SinglePlus218Single,8050,440,37,6954.557824081669,1969.4466552734375,0.42586894076087156,5.57689822310103,accepted_saved_frame
JSCC,440SinglePlus218Single,8100,218,10,1339.5852011530346,1813.182861328125,-0.12702085814500455,-0.6450574716798901,accepted_saved_frame
JSCC,440SinglePlus218Single,8100,440,13,2895.2168279702864,1567.55322265625,0.14249876384152732,2.603452653771408,accepted_saved_frame
JSCC,440SinglePlus218Single,8100,218,17,2298.501245637456,1487.764892578125,0.2650040068569382,1.8839929313623185,accepted_saved_frame
JSCC,440SinglePlus218Single,8100,440,22,4757.5134196345725,1721.3836669921875,0.296748130520915,4.978067805155928,accepted_saved_frame
JSCC,440SinglePlus218Single,8100,218,28,3947.448404371592,1578.3563232421875,0.7299346604874773,3.5200471734822423,accepted_saved_frame
JSCC,440SinglePlus218Single,8100,440,37,6961.3552315397155,1968.1737060546875,0.42683426034436134,5.5692748029759995,accepted_saved_frame
JSCC,440SinglePlus218Single,8150,218,10,1337.5175738074006,1812.76318359375,-0.12749235434051778,-0.6446568606837568,accepted_saved_frame
JSCC,440SinglePlus218Single,8150,440,13,2904.816165250313,1567.5977783203125,0.14352020370433055,2.608808924356654,accepted_saved_frame
JSCC,440SinglePlus218Single,8150,218,17,2301.523916212115,1486.7314453125,0.2665149526523652,1.8859477978176526,accepted_saved_frame
JSCC,440SinglePlus218Single,8150,440,22,4772.153564138749,1719.9415283203125,0.2985701316875821,4.9880376723184625,accepted_saved_frame
JSCC,440SinglePlus218Single,8150,218,28,3949.5727910898486,1577.0191650390625,0.7316210054877216,3.515516991012141,accepted_saved_frame
JSCC,440SinglePlus218Single,8150,440,37,6968.068551514767,1966.9114990234375,0.4277903814294664,5.561572368150772,accepted_saved_frame
JSCC,440SinglePlus218Single,8200,218,10,1335.4700539150422,1812.3621826171875,-0.12796236631356236,-0.6442541247841286,accepted_saved_frame
JSCC,440SinglePlus218Single,8200,440,13,2914.4368624793237,1567.645751953125,0.1445431959649565,2.6141403715223537,accepted_saved_frame
JSCC,440SinglePlus218Single,8200,218,17,2304.5397205645404,1485.700927734375,0.2680242655158707,1.887867370214845,accepted_saved_frame
JSCC,440SinglePlus218Single,8200,440,22,4786.798238642449,1718.5101318359375,0.30039270492586195,4.997973040017511,accepted_saved_frame
JSCC,440SinglePlus218Single,8200,218,28,3951.665551655284,1575.69775390625,0.7332882634703106,3.510925450670556,accepted_saved_frame
JSCC,440SinglePlus218Single,8200,440,37,6974.6979872241645,1965.660400390625,0.42873717679427586,5.553790015968838,accepted_saved_frame
JSCC,440SinglePlus218Single,8250,218,10,1333.4423616170116,1811.979736328125,-0.12843092954482724,-0.6438497729643248,accepted_saved_frame
JSCC,440SinglePlus218Single,8250,440,13,2924.080534368682,1567.6971435546875,0.1455679070815832,2.6194516928845575,accepted_saved_frame
JSCC,440SinglePlus218Single,8250,218,17,2307.5479667025756,1484.673583984375,0.26953158216101814,1.889749788689485,accepted_saved_frame
JSCC,440SinglePlus218Single,8250,440,22,4801.444607946624,1717.0887451171875,0.30221574033257137,5.007872561247581,accepted_saved_frame
JSCC,440SinglePlus218Single,8250,218,28,3953.728130838511,1574.3924560546875,0.7349364985466721,3.506275338975751,accepted_saved_frame
JSCC,440SinglePlus218Single,8250,440,37,6981.2461294740715,1964.419677734375,0.4296750573842618,5.545934834631255,accepted_saved_frame
JSCC,440SinglePlus218Single,8300,218,10,1331.434686495177,1811.615234375,-0.12889785741556242,-0.6434426010080452,accepted_saved_frame
JSCC,440SinglePlus218Single,8300,440,13,2933.7454666841604,1567.7515869140625,0.1465942197603202,2.6247390384607283,accepted_saved_frame
JSCC,440SinglePlus218Single,8300,218,17,2310.5477771200394,1483.649169921875,0.2710367257664517,1.8915941782583887,accepted_saved_frame
JSCC,440SinglePlus218Single,8300,440,22,4816.092817588821,1715.677734375,0.30403912061081495,5.017736475430183,accepted_saved_frame
JSCC,440SinglePlus218Single,8300,218,28,3955.760160594287,1573.1025390625,0.7365660682950532,3.5015677325325125,accepted_saved_frame
JSCC,440SinglePlus218Single,8300,440,37,6987.713782321409,1963.1900634765625,0.4306038369168746,5.5380065057747165,accepted_saved_frame
JSCC,440SinglePlus218Single,8350,218,10,1329.4458938058933,1811.2681884765625,-0.1293633435016868,-0.6430336692269525,accepted_saved_frame
JSCC,440SinglePlus218Single,8350,440,13,2943.430509752702,1567.8092041015625,0.14762197987267814,2.630001531193914,accepted_saved_frame
JSCC,440SinglePlus218Single,8350,218,17,2313.5406014607297,1482.6279296875,0.2725400334328781,1.8934042629645598,accepted_saved_frame
JSCC,440SinglePlus218Single,8350,440,22,4830.742363698445,1714.27685546875,0.3058628315719611,5.0275634690185385,accepted_saved_frame
JSCC,440SinglePlus218Single,8350,218,28,3957.763240425246,1571.82861328125,0.738176898316192,3.496804300587062,accepted_saved_frame
JSCC,440SinglePlus218Single,8350,440,37,6994.101110462258,1961.97119140625,0.43152360857778765,5.530005598246421,accepted_saved_frame
JSCC,440SinglePlus218Single,8400,218,10,1327.4760881528211,1810.9388427734375,-0.12982739348168057,-0.6426229817734488,accepted_saved_frame
JSCC,440SinglePlus218Single,8400,440,13,2953.136679263922,1567.8697509765625,0.14865133935569722,2.63524130159216,accepted_saved_frame
JSCC,440SinglePlus218Single,8400,218,17,2316.525496894473,1481.6097412109375,0.2740412448864187,1.895178061284348,accepted_saved_frame
JSCC,440SinglePlus218Single,8400,440,22,4845.392611975887,1712.8858642578125,0.30768684719746753,5.037353999802221,accepted_saved_frame
JSCC,440SinglePlus218Single,8400,218,28,3959.7360018093386,1570.5697021484375,0.7397692324216484,3.4919862363466807,accepted_saved_frame
JSCC,440SinglePlus218Single,8400,440,37,7000.408466939618,1960.7628173828125,0.43243444553713745,5.52193496830429,accepted_saved_frame
JSCC,440SinglePlus218Single,8450,218,10,1325.5249418890362,1810.6265869140625,-0.13028996095298642,-0.6422102437866575,accepted_saved_frame
JSCC,440SinglePlus218Single,8450,440,13,2962.862526347983,1567.9332275390625,0.14968213678381467,2.6404571363773366,accepted_saved_frame
JSCC,440SinglePlus218Single,8450,218,17,2319.502691843676,1480.5943603515625,0.2755405471684958,1.8969181151165793,accepted_saved_frame
JSCC,440SinglePlus218Single,8450,440,22,4860.043532259553,1711.504638671875,0.30951116772738285,5.047108800763276,accepted_saved_frame
JSCC,440SinglePlus218Single,8450,218,28,3961.680887653203,1569.3258056640625,0.7413437374035464,3.4871172955266774,accepted_saved_frame
JSCC,440SinglePlus218Single,8450,440,37,7006.63793178635,1959.5654296875,0.4333363453151818,5.513796312005365,accepted_saved_frame
JSCC,440SinglePlus218Single,8500,218,10,1323.5920721219668,1810.331298828125,-0.13075111092863756,-0.6417958817271148,accepted_saved_frame
JSCC,440SinglePlus218Single,8500,440,13,2972.608987094155,1567.9998779296875,0.15071441698399796,2.645648846867174,accepted_saved_frame
JSCC,440SinglePlus218Single,8500,218,17,2322.4718713280763,1479.582275390625,0.27703757237455323,1.898621838324164,accepted_saved_frame
JSCC,440SinglePlus218Single,8500,440,22,4874.693653344205,1710.1331787109375,0.31133561790740294,5.056825602899518,accepted_saved_frame
JSCC,440SinglePlus218Single,8500,218,28,3963.597755111378,1568.0970458984375,0.7429001856164503,3.482196950881147,accepted_saved_frame
JSCC,440SinglePlus218Single,8500,440,37,7012.789613681521,1958.37890625,0.4342293232305636,5.50558946265427,accepted_saved_frame
JSCC,440SinglePlus218Single,8550,218,10,1321.6766920672353,1810.0521240234375,-0.13121087349746055,-0.6413799351217342,accepted_saved_frame
JSCC,440SinglePlus218Single,8550,440,13,2982.375599649938,1568.0689697265625,0.15174827340917857,2.6508187800267216,accepted_saved_frame
JSCC,440SinglePlus218Single,8550,218,17,2325.433501934377,1478.5732421875,0.27853258556693883,1.9002924193366713,accepted_saved_frame
JSCC,440SinglePlus218Single,8550,440,22,4889.344496032502,1708.771484375,0.31316031650826875,5.066508404040772,accepted_saved_frame
JSCC,440SinglePlus218Single,8550,218,28,3965.4870011376047,1566.8826904296875,0.7444391879683729,3.47722916834902,accepted_saved_frame
JSCC,440SinglePlus218Single,8550,440,37,7018.86417942819,1957.2027587890625,0.43511355603229857,5.497318182606207,accepted_saved_frame
JSCC,440SinglePlus218Single,8600,218,10,1319.7783390548068,1809.7894287109375,-0.13166943181992782,-0.6409634619213048,accepted_saved_frame
JSCC,440SinglePlus218Single,8600,440,13,2992.1620490241194,1568.1409912109375,0.15278356726578687,2.6559648272600187,accepted_saved_frame
JSCC,440SinglePlus218Single,8600,218,17,2328.386981966302,1477.5672607421875,0.28002537532744176,1.9019283813650076,accepted_saved_frame
JSCC,440SinglePlus218Single,8600,440,22,4903.992757851853,1707.41943359375,0.3149849419432156,5.076151232422986,accepted_saved_frame
JSCC,440SinglePlus218Single,8600,218,28,3967.3497018644957,1565.6832275390625,0.7459606113379827,3.4722134018595785,accepted_saved_frame
JSCC,440SinglePlus218Single,8600,440,37,7024.863718116335,1956.037109375,0.4359891558559678,5.488984883062024,accepted_saved_frame
JSCC,440SinglePlus218Single,8650,218,10,1317.8973738004925,1809.5428466796875,-0.13212660422585543,-0.6405454764365247,accepted_saved_frame
JSCC,440SinglePlus218Single,8650,440,13,3001.966984703093,1568.2156982421875,0.15382019780292508,2.6610852560917384,accepted_saved_frame
JSCC,440SinglePlus218Single,8650,218,17,2331.331972595861,1476.5643310546875,0.28151581626347766,1.9035289825947224,accepted_saved_frame
JSCC,440SinglePlus218Single,8650,440,22,4918.640281248447,1706.0767822265625,0.31680971420353565,5.085758972507779,accepted_saved_frame
JSCC,440SinglePlus218Single,8650,218,28,3969.1861563693587,1564.4979248046875,0.7474650423996793,3.467153424110903,accepted_saved_frame
JSCC,440SinglePlus218Single,8650,440,37,7030.788866883897,1954.8822021484375,0.4368560724175435,5.480591334497354,accepted_saved_frame
JSCC,440SinglePlus218Single,8700,218,10,1316.0333291204029,1809.3116455078125,-0.13258236031434534,-0.640125709287183,accepted_saved_frame
JSCC,440SinglePlus218Single,8700,440,13,3011.7909274992535,1568.29296875,0.15485824052615282,2.666182500544816,accepted_saved_frame
JSCC,440SinglePlus218Single,8700,218,17,2334.2684604983715,1475.564453125,0.28300388994660947,1.9050953737924072,accepted_saved_frame
JSCC,440SinglePlus218Single,8700,440,22,4933.285891676939,1704.7432861328125,0.31863455726054274,5.095329729427978,accepted_saved_frame
JSCC,440SinglePlus218Single,8700,218,28,3970.995535911979,1563.326904296875,0.7489520473740284,3.462048283931135,accepted_saved_frame
JSCC,440SinglePlus218Single,8700,440,37,7036.639780599915,1953.737548828125,0.4377144407978468,5.472137395381244,accepted_saved_frame
JSCC,440SinglePlus218Single,8750,218,10,1314.185225213839,1809.095947265625,-0.13303697513515947,-0.6397056118767644,accepted_saved_frame
JSCC,440SinglePlus218Single,8750,440,13,3021.634026562285,1568.372802734375,0.15589770613669923,2.6712565487719995,accepted_saved_frame
JSCC,440SinglePlus218Single,8750,218,17,2337.197208285302,1474.5677490234375,0.28448977001744924,1.9066293642239562,accepted_saved_frame
JSCC,440SinglePlus218Single,8750,440,22,4947.927379777478,1703.41943359375,0.3204590835526803,5.104860312646341,accepted_saved_frame
JSCC,440SinglePlus218Single,8750,218,28,3972.78020451999,1562.169921875,0.7504224754879502,3.45690063228811,accepted_saved_frame
JSCC,440SinglePlus218Single,8750,440,37,7042.417553191696,1952.603515625,0.4385642128916217,5.463624458503497,accepted_saved_frame
JSCC,440SinglePlus218Single,8800,218,10,1312.3529277445803,1808.8951416015625,-0.1334903536613643,-0.6392846315259388,accepted_saved_frame
JSCC,440SinglePlus218Single,8800,440,13,3031.4954072755613,1568.4549560546875,0.15693854611876532,2.676306257503206,accepted_saved_frame
JSCC,440SinglePlus218Single,8800,218,17,2340.1173024422837,1473.5740966796875,0.28597320492446965,1.908128813176735,accepted_saved_frame
JSCC,440SinglePlus218Single,8800,440,22,4962.564576378845,1702.104248046875,0.3222835260430653,5.1143525807090935,accepted_saved_frame
JSCC,440SinglePlus218Single,8800,218,28,3974.540658564854,1561.026611328125,0.7518766953184359,3.451714522014705,accepted_saved_frame
JSCC,440SinglePlus218Single,8800,440,37,7048.1236788812075,1951.47998046875,0.4394055266731121,5.455055921824971,accepted_saved_frame
JSCC,440SinglePlus218Single,8850,218,10,1310.5365068736185,1808.7095947265625,-0.13394253676084134,-0.638863064213081,accepted_saved_frame
JSCC,440SinglePlus218Single,8850,440,13,3041.375350797906,1568.539794921875,0.1579807096321489,2.681331496306272,accepted_saved_frame
JSCC,440SinglePlus218Single,8850,218,17,2343.028526970258,1472.5833740234375,0.287454173304939,1.9095950569925366,accepted_saved_frame
JSCC,440SinglePlus218Single,8850,440,22,4977.198882090397,1700.798583984375,0.3241077478351634,5.123808448258559,accepted_saved_frame
JSCC,440SinglePlus218Single,8850,218,28,3976.276552402923,1559.8968505859375,0.7533146222405961,3.4464890991579455,accepted_saved_frame
JSCC,440SinglePlus218Single,8850,440,37,7053.757851198934,1950.3668212890625,0.44023836558619067,5.446432507040966,accepted_saved_frame
JSCC,440SinglePlus218Single,8900,218,10,1308.73589930887,1808.53857421875,-0.13439338712277676,-0.6384401179867999,accepted_saved_frame
JSCC,440SinglePlus218Single,8900,440,13,3051.2728915152315,1568.626953125,0.15902416394496463,2.6863312033543933,accepted_saved_frame
JSCC,440SinglePlus218Single,8900,218,17,2345.931412094934,1471.5958251953125,0.288932707937303,1.9110287163310138,accepted_saved_frame
JSCC,440SinglePlus218Single,8900,440,22,4991.828848693321,1699.50146484375,0.3259318583528023,5.133225779366218,accepted_saved_frame
JSCC,440SinglePlus218Single,8900,218,28,3977.9883950256044,1558.78076171875,0.7547362449365546,3.4412255887267547,accepted_saved_frame
JSCC,440SinglePlus218Single,8900,440,37,7059.322811233994,1949.2637939453125,0.4410630147173596,5.4377568864525125,accepted_saved_frame
JSCC,440SinglePlus218Single,8950,218,10,1306.9501178900912,1808.3818359375,-0.13484311151876538,-0.6380168595202153,accepted_saved_frame
JSCC,440SinglePlus218Single,8950,440,13,3061.1876132981215,1568.716552734375,0.16006883403562128,2.691307111312351,accepted_saved_frame
JSCC,440SinglePlus218Single,8950,218,17,2348.825847555942,1470.611328125,0.29040882235697174,1.912430566470371,accepted_saved_frame
JSCC,440SinglePlus218Single,8950,440,22,5006.452451569838,1698.2135009765625,0.3277554509547607,5.142601524475065,accepted_saved_frame
JSCC,440SinglePlus218Single,8950,218,28,3979.6762313083614,1557.6781005859375,0.7561416996698137,3.435924467686608,accepted_saved_frame
JSCC,440SinglePlus218Single,8950,440,37,7064.8194721015125,1948.1712646484375,0.44187941145774023,5.429030176835828,accepted_saved_frame
JSCC,440SinglePlus218Single,9000,218,10,1305.1793222703352,1808.2392578125,-0.13529163236697905,-0.6375929411921609,accepted_saved_frame
JSCC,440SinglePlus218Single,9000,440,13,3071.1194793976006,1568.8079833984375,0.1611148390167854,2.696258502854538,accepted_saved_frame
JSCC,440SinglePlus218Single,9000,218,17,2351.7114886315876,1469.6300048828125,0.2918823237977866,1.9137993199137084,accepted_saved_frame
JSCC,440SinglePlus218Single,9000,440,22,5021.071022656664,1696.9342041015625,0.32957877024933735,5.151941039092469,accepted_saved_frame
JSCC,440SinglePlus218Single,9000,218,28,3981.341876650986,1556.588134765625,0.7575320681307759,3.430591480062571,accepted_saved_frame
JSCC,440SinglePlus218Single,9000,440,37,7070.246960528542,1947.0888671875,0.4426875681571048,5.420253418034985,accepted_saved_frame
JSCC,440SinglePlus218Single,9050,218,10,1303.4228115265776,1808.110595703125,-0.13573908002777646,-0.6371688058661719,accepted_saved_frame
JSCC,440SinglePlus218Single,9050,440,13,3081.0684370010395,1568.9017333984375,0.16216206649787204,2.7011856131018663,accepted_saved_frame
JSCC,440SinglePlus218Single,9050,218,17,2354.5884296762433,1468.651611328125,0.29335335831765086,1.9151365837212302,accepted_saved_frame
JSCC,440SinglePlus218Single,9050,440,22,5035.681999984392,1695.663330078125,0.33140160539614405,5.161237878422079,accepted_saved_frame
JSCC,440SinglePlus218Single,9050,218,28,3982.98437436298,1555.5115966796875,0.7589063991564302,3.4252236646628402,accepted_saved_frame
JSCC,440SinglePlus218Single,9050,440,37,7075.606378873756,1946.0164794921875,0.4434875921222961,5.411428413402937,accepted_saved_frame
JSCC,440SinglePlus218Single,9100,218,10,1301.6805092176824,1807.9954833984375,-0.13618539358415177,-0.6367443909550894,accepted_saved_frame
JSCC,440SinglePlus218Single,9100,440,13,3091.0334764763484,1568.9976806640625,0.16321042913891176,2.706086595149245,accepted_saved_frame
JSCC,440SinglePlus218Single,9100,218,17,2357.4564046844876,1467.6766357421875,0.2948215641625669,1.9164410850496532,accepted_saved_frame
JSCC,440SinglePlus218Single,9100,440,22,5050.286014117105,1694.401123046875,0.3332239184788363,5.17049564863634,accepted_saved_frame
JSCC,440SinglePlus218Single,9100,218,28,3984.6046300578164,1554.4476318359375,0.7602655923769648,3.419824127027424,accepted_saved_frame
JSCC,440SinglePlus218Single,9100,440,37,7080.897905253126,1944.9544677734375,0.44427935762555654,5.4025547668863805,accepted_saved_frame
JSCC,440SinglePlus218Single,9150,218,10,1299.952256377487,1807.8934326171875,-0.1366305111038837,-0.6363190493348254,accepted_saved_frame
JSCC,440SinglePlus218Single,9150,440,13,3101.0145101913567,1569.095703125,0.1642599387989697,2.7109621425931536,accepted_saved_frame
JSCC,440SinglePlus218Single,9150,218,17,2360.3157444374233,1466.704345703125,0.2962874259002014,1.9177152183525676,accepted_saved_frame
JSCC,440SinglePlus218Single,9150,440,22,5064.882981199656,1693.1474609375,0.33504570829841235,5.1797139945370905,accepted_saved_frame
JSCC,440SinglePlus218Single,9150,218,28,3986.2023399032278,1553.3963623046875,0.7616093905017186,3.41439199285227,accepted_saved_frame
JSCC,440SinglePlus218Single,9150,440,37,7086.124047599515,1943.9022216796875,0.44506324808464987,5.393636251047225,accepted_saved_frame
JSCC,440SinglePlus218Single,9200,218,10,1298.2382057901364,1807.804931640625,-0.13707447596251582,-0.635893264748143,accepted_saved_frame
JSCC,440SinglePlus218Single,9200,440,13,3111.0122910737773,1569.1956787109375,0.16531069777473448,2.715814419102568,accepted_saved_frame
JSCC,440SinglePlus218Single,9200,218,17,2363.166520868806,1465.735595703125,0.29775049758799804,1.918958272278735,accepted_saved_frame
JSCC,440SinglePlus218Single,9200,440,22,5079.470589727764,1691.90185546875,0.3368668620033413,5.188891645594702,accepted_saved_frame
JSCC,440SinglePlus218Single,9200,218,28,3987.7794269189894,1552.3575439453125,0.7629385281733575,3.4089309048330056,accepted_saved_frame
JSCC,440SinglePlus218Single,9200,440,37,7091.285217796824,1942.8603515625,0.44583908163621117,5.384673470918221,accepted_saved_frame
JSCC,440SinglePlus218Single,9250,218,10,1296.5374470309046,1807.7293701171875,-0.13751740516178496,-0.635467469354794,accepted_saved_frame
JSCC,440SinglePlus218Single,9250,440,13,3121.0248021029565,1569.2974853515625,0.16636251168508928,2.720640402973334,accepted_saved_frame
JSCC,440SinglePlus218Single,9250,218,17,2366.0081476425457,1464.76953125,0.29921102665864224,1.9201709116554369,accepted_saved_frame
JSCC,440SinglePlus218Single,9250,440,22,5094.048744769155,1690.6646728515625,0.33868723289935543,5.198026524008665,accepted_saved_frame
JSCC,440SinglePlus218Single,9250,218,28,3989.335403523061,1551.3310546875,0.7642528894955894,3.403441799971391,accepted_saved_frame
JSCC,440SinglePlus218Single,9250,440,37,7096.381046248563,1941.8280029296875,0.4466070714150277,5.3756673936563075,accepted_saved_frame
JSCC,440SinglePlus218Single,9300,218,10,1294.850371921944,1807.6666259765625,-0.13795916012782533,-0.6350409846037268,accepted_saved_frame
JSCC,440SinglePlus218Single,9300,440,13,3131.0525510339608,1569.4010009765625,0.16741545718489104,2.7254415346415968,accepted_saved_frame
JSCC,440SinglePlus218Single,9300,218,17,2368.8407425901946,1463.806640625,0.3006687766752655,1.921352808492592,accepted_saved_frame
JSCC,440SinglePlus218Single,9300,440,22,5108.618083462067,1689.4359130859375,0.3405068554905942,5.20712162116785,accepted_saved_frame
JSCC,440SinglePlus218Single,9300,218,28,3990.8703591296494,1550.3167724609375,0.7655525403767813,3.3979249579704187,accepted_saved_frame
JSCC,440SinglePlus218Single,9300,440,37,7101.413376156444,1940.805908203125,0.44736712106589616,5.366619627054781,accepted_saved_frame
JSCC,440SinglePlus218Single,9350,218,10,1293.1760759261642,1807.6163330078125,-0.13839990420600587,-0.6346145838231068,accepted_saved_frame
JSCC,440SinglePlus218Single,9350,440,13,3141.0968484904834,1569.5064697265625,0.16846961872851252,2.730219697463058,accepted_saved_frame
JSCC,440SinglePlus218Single,9350,218,17,2371.6642448743887,1462.8466796875,0.30212384402111875,1.9225046867163573,accepted_saved_frame
JSCC,440SinglePlus218Single,9350,440,22,5123.176959327451,1688.2147216796875,0.3423257952474998,5.216175314899824,accepted_saved_frame
JSCC,440SinglePlus218Single,9350,218,28,3992.385270451405,1549.3145751953125,0.7668378265139815,3.3923830400702952,accepted_saved_frame
JSCC,440SinglePlus218Single,9350,440,37,7106.382543301697,1939.79345703125,0.4481194290462472,5.357532946971438,accepted_saved_frame
JSCC,440SinglePlus218Single,9400,218,10,1291.5140163998128,1807.5780029296875,-0.13883968033421704,-0.6341881957201609,accepted_saved_frame
JSCC,440SinglePlus218Single,9400,440,13,3151.155692887337,1569.61376953125,0.16952480385534943,2.734972221444038,accepted_saved_frame
JSCC,440SinglePlus218Single,9400,218,17,2374.479039411195,1461.889892578125,0.3035762107945788,1.9236266749905835,accepted_saved_frame
JSCC,440SinglePlus218Single,9400,440,22,5137.7259215430195,1687.001708984375,0.3441438955952973,5.225188548432132,accepted_saved_frame
JSCC,440SinglePlus218Single,9400,218,28,3993.880622053348,1548.32421875,0.7681090399077852,3.386815871387713,accepted_saved_frame
JSCC,440SinglePlus218Single,9400,440,37,7111.289168428968,1938.791015625,0.4488639093057918,5.348404648513646,accepted_saved_frame
JSCC,440SinglePlus218Single,9450,218,10,1289.8648936771503,1807.5521240234375,-0.1392783850446756,-0.6337617084462907,accepted_saved_frame
JSCC,440SinglePlus218Single,9450,440,13,3161.2287630411747,1569.7227783203125,0.17058100058689457,2.739699667904794,accepted_saved_frame
JSCC,440SinglePlus218Single,9450,218,17,2377.284093144666,1460.9364013671875,0.3050254522293992,1.9247176572288065,accepted_saved_frame
JSCC,440SinglePlus218Single,9450,440,22,5152.2640242903835,1685.796630859375,0.34596110833406896,5.2341603239270444,accepted_saved_frame
JSCC,440SinglePlus218Single,9450,218,28,3995.3565169349645,1547.345458984375,0.769366354844517,3.3812244720057767,accepted_saved_frame
JSCC,440SinglePlus218Single,9450,440,37,7116.134060750695,1937.7982177734375,0.44960072518067057,5.339239078860385,accepted_saved_frame
JSCC,440SinglePlus218Single,9500,218,10,1288.227907726619,1807.5380859375,-0.13971610743510485,-0.6333354071248762,accepted_saved_frame
JSCC,440SinglePlus218Single,9500,440,13,3171.316238344428,1569.833251953125,0.17163827734812676,2.7444019368903803,accepted_saved_frame
JSCC,440SinglePlus218Single,9500,218,17,2380.0796131231364,1459.985595703125,0.30647195277454753,1.9257789413735402,accepted_saved_frame
JSCC,440SinglePlus218Single,9500,440,22,5166.790210896668,1684.5992431640625,0.34777737513290313,5.24308948281078,accepted_saved_frame
JSCC,440SinglePlus218Single,9500,218,28,3996.8126035838427,1546.37841796875,0.7706095068836372,3.3756098544946314,accepted_saved_frame
JSCC,440SinglePlus218Single,9500,440,37,7120.917068089198,1936.8153076171875,0.4503297626863418,5.3300362264605035,accepted_saved_frame
JSCC,440SinglePlus218Single,9550,218,10,1286.6028852554764,1807.5352783203125,-0.14015276861856538,-0.6329086232460908,accepted_saved_frame
JSCC,440SinglePlus218Single,9550,440,13,3181.4178179401047,1569.945556640625,0.17269651918012904,2.7490790658268156,accepted_saved_frame
JSCC,440SinglePlus218Single,9550,218,17,2382.8660008221345,1459.0380859375,0.30791550065624473,1.9268107783128146,accepted_saved_frame
JSCC,440SinglePlus218Single,9550,440,22,5181.304513566911,1683.4095458984375,0.3495926722998762,5.251979030603442,accepted_saved_frame
JSCC,440SinglePlus218Single,9550,218,28,3998.250313608314,1545.4228515625,0.7718390904037572,3.369973421356277,accepted_saved_frame
JSCC,440SinglePlus218Single,9550,440,37,7125.639724872713,1935.8416748046875,0.45105132742062526,5.320797686918082,accepted_saved_frame
JSCC,440SinglePlus218Single,9600,218,10,1284.989963151251,1807.5440673828125,-0.14058839366500447,-0.6324816455102514,accepted_saved_frame
JSCC,440SinglePlus218Single,9600,440,13,3191.5333826071724,1570.059326171875,0.1737557891684959,2.7537317935231074,accepted_saved_frame
JSCC,440SinglePlus218Single,9600,218,17,2385.6429194566877,1458.0936279296875,0.3093561012285757,1.9278134128856748,accepted_saved_frame
JSCC,440SinglePlus218Single,9600,440,22,5195.804968515069,1682.2274169921875,0.35140681418391984,5.260822897855696,accepted_saved_frame
JSCC,440SinglePlus218Single,9600,218,28,3999.669218544271,1544.478271484375,0.7730553160480116,3.364316604965496,accepted_saved_frame
JSCC,440SinglePlus218Single,9600,440,37,7130.303837285147,1934.877685546875,0.4517654374305365,5.311525982015203,accepted_saved_frame
JSCC,440SinglePlus218Single,9650,218,10,1283.3884376452284,1807.56396484375,-0.14102307027423575,-0.6320551602520583,accepted_saved_frame
JSCC,440SinglePlus218Single,9650,440,13,3201.6607843478623,1570.1746826171875,0.17481582729364503,2.7583565901931633,accepted_saved_frame
JSCC,440SinglePlus218Single,9650,218,17,2388.410731432113,1457.1522216796875,0.31079386065679193,1.9287877850688118,accepted_saved_frame
JSCC,440SinglePlus218Single,9650,440,22,5210.291476416852,1681.052734375,0.3532198017708868,5.269623121473239,accepted_saved_frame
JSCC,440SinglePlus218Single,9650,218,28,4001.0703081265797,1543.545166015625,0.7742580463824021,3.3586397380248534,accepted_saved_frame
JSCC,440SinglePlus218Single,9650,440,37,7134.909213395482,1933.9232177734375,0.4524720933681747,5.302221402054583,accepted_saved_frame
JSCC,440SinglePlus218Single,9700,218,10,1281.7986807378543,1807.5950927734375,-0.14145671367143298,-0.6316283107429437,accepted_saved_frame
JSCC,440SinglePlus218Single,9700,440,13,3211.8020501440883,1570.291259765625,0.17587692760371723,2.7629572704755323,accepted_saved_frame
JSCC,440SinglePlus218Single,9700,218,17,2391.1689143567746,1456.2139892578125,0.3122285229999063,1.929732743047801,accepted_saved_frame
JSCC,440SinglePlus218Single,9700,440,22,5224.764730572827,1679.885498046875,0.35503167796686796,5.278382242329299,accepted_saved_frame
JSCC,440SinglePlus218Single,9700,218,28,4002.4529392041436,1542.623046875,0.7754474267064869,3.352943096093484,accepted_saved_frame
JSCC,440SinglePlus218Single,9700,440,37,7139.4566281066955,1932.978271484375,0.4531713411964201,5.2928834513684295,accepted_saved_frame
JSCC,440SinglePlus218Single,9750,218,10,1280.2196072397508,1807.6368408203125,-0.14188949148093719,-0.6312019057730729,accepted_saved_frame
JSCC,440SinglePlus218Single,9750,440,13,3221.957301909116,1570.4093017578125,0.17693904678538183,2.767534778024047,accepted_saved_frame
JSCC,440SinglePlus218Single,9750,218,17,2393.9177327939647,1455.27880859375,0.31366022839069563,1.930649877098196,accepted_saved_frame
JSCC,440SinglePlus218Single,9750,440,22,5239.224143201773,1678.7255859375,0.356842395616291,5.287100098465404,accepted_saved_frame
JSCC,440SinglePlus218Single,9750,218,28,4003.8182921186726,1541.711669921875,0.7766239799480983,3.3472296528999768,accepted_saved_frame
JSCC,440SinglePlus218Single,9750,440,37,7143.945854620037,1932.0428466796875,0.45386313995734934,5.2835145594939394,accepted_saved_frame
JSCC,440SinglePlus218Single,9800,218,10,1278.6515817918196,1807.689453125,-0.1423213444967017,-0.6307759398008916,accepted_saved_frame
JSCC,440SinglePlus218Single,9800,440,13,3232.1247191104003,1570.528564453125,0.17800204043326912,2.7720870550536767,accepted_saved_frame
JSCC,440SinglePlus218Single,9800,218,17,2396.656606476559,1454.3465576171875,0.31508883534770965,1.9315382994897405,accepted_saved_frame
JSCC,440SinglePlus218Single,9800,440,22,5253.666290195363,1677.572998046875,0.3586515851906579,5.295770232218448,accepted_saved_frame
JSCC,440SinglePlus218Single,9800,218,28,4005.1663619672963,1540.8111572265625,0.7777875570432597,3.3414988592401884,accepted_saved_frame
JSCC,440SinglePlus218Single,9800,440,37,7148.378203130126,1931.11669921875,0.4545476614787828,5.274115334102283,accepted_saved_frame
JSCC,440SinglePlus218Single,9850,218,10,1277.0949522552,1807.752197265625,-0.14275203224357308,-0.630349175490946,accepted_saved_frame
JSCC,440SinglePlus218Single,9850,440,13,3242.303349325793,1570.649169921875,0.17906577685430997,2.7766120711347173,accepted_saved_frame
JSCC,440SinglePlus218Single,9850,218,17,2399.386173189141,1453.4173583984375,0.31651447524051607,1.932399484734828,accepted_saved_frame
JSCC,440SinglePlus218Single,9850,440,22,5268.095753415898,1676.42724609375,0.36045983365347034,5.304402133624013,accepted_saved_frame
JSCC,440SinglePlus218Single,9850,218,28,4006.496638880114,1539.9210205078125,0.7789383507697215,3.335750868920849,accepted_saved_frame
JSCC,440SinglePlus218Single,9850,440,37,7152.755439445183,1930.199462890625,0.4552251576214838,5.264690207435895,accepted_saved_frame
JSCC,440SinglePlus218Single,9900,218,10,1275.5495370944598,1807.825439453125,-0.14318166594053744,-0.6299220929564965,accepted_saved_frame
JSCC,440SinglePlus218Single,9900,440,13,3252.4951689681066,1570.77099609375,0.18013049191777722,2.781114198004389,accepted_saved_frame
JSCC,440SinglePlus218Single,9900,218,17,2402.1066225618183,1452.4910888671875,0.3179372644680973,1.933234711970949,accepted_saved_frame
JSCC,440SinglePlus218Single,9900,440,22,5282.5082440364,1675.2886962890625,0.3622665702512618,5.3129889630714136,accepted_saved_frame
JSCC,440SinglePlus218Single,9900,218,28,4007.8100856825126,1539.04150390625,0.780076419015255,3.3299879295285977,accepted_saved_frame
JSCC,440SinglePlus218Single,9900,440,37,7157.074524097632,1929.2918701171875,0.4558951069725448,5.255234389529019,accepted_saved_frame
JSCC,440SinglePlus218Single,9950,218,10,1274.014590149907,1807.90869140625,-0.14361034638358833,-0.6294950957376696,accepted_saved_frame
JSCC,440SinglePlus218Single,9950,440,13,3262.698023667955,1570.89404296875,0.1811959521761607,2.785589612830133,accepted_saved_frame
JSCC,440SinglePlus218Single,9950,218,17,2404.8176926251303,1451.568115234375,0.3193568979364994,1.934042378297488,accepted_saved_frame
JSCC,440SinglePlus218Single,9950,440,22,5296.904663575994,1674.1571044921875,0.36407193680853134,5.321533424701261,accepted_saved_frame
JSCC,440SinglePlus218Single,9950,218,28,4009.1070500972796,1538.17236328125,0.7812020274926507,3.3242104495067344,accepted_saved_frame
JSCC,440SinglePlus218Single,9950,440,37,7161.339465446889,1928.3934326171875,0.45655799674633596,5.2457524051870426,accepted_saved_frame
JSCC,440SinglePlus218Single,10000,218,10,1272.4905765447586,1808.002197265625,-0.1440379876961864,-0.6290676578249116,accepted_saved_frame
JSCC,440SinglePlus218Single,10000,440,13,3272.913107475361,1571.0179443359375,0.1822623645510347,2.790041762085958,accepted_saved_frame
JSCC,440SinglePlus218Single,10000,218,17,2407.519117373655,1450.648193359375,0.3207734066014993,1.9348222465630738,accepted_saved_frame
JSCC,440SinglePlus218Single,10000,440,22,5311.284085522671,1673.032470703125,0.36587581484676784,5.330033729412624,accepted_saved_frame
JSCC,440SinglePlus218Single,10000,218,28,4010.3885947076033,1537.3133544921875,0.7823156698768713,3.318420339807686,accepted_saved_frame
JSCC,440SinglePlus218Single,10000,440,37,7165.550122865195,1927.5040283203125,0.4572138349612247,5.236244537510095,accepted_saved_frame
JSCC,440SingleComptonPlus218Single,0,218,10,2.0,2.0,0,,known_uniform_initialization
JSCC,440SingleComptonPlus218Single,0,440,13,2.0,2.0,0,,known_uniform_initialization
JSCC,440SingleComptonPlus218Single,0,218,17,2.0,2.0,0,,known_uniform_initialization
JSCC,440SingleComptonPlus218Single,0,440,22,2.0,2.0,0,,known_uniform_initialization
JSCC,440SingleComptonPlus218Single,0,218,28,2.0,2.0,0,,known_uniform_initialization
JSCC,440SingleComptonPlus218Single,0,440,37,2.0,2.0,0,,known_uniform_initialization
JSCC,440SingleComptonPlus218Single,50,218,10,581.1462691328534,573.6826171875,0.006326839066260985,0.1716391200871705,accepted_saved_frame
JSCC,440SingleComptonPlus218Single,50,440,13,551.5289380340492,541.8668212890625,0.0030000263046579515,0.3064029363492905,accepted_saved_frame
JSCC,440SingleComptonPlus218Single,50,218,17,547.6003051427324,536.4745483398438,0.010085270230585888,0.349475246949926,accepted_saved_frame
JSCC,440SingleComptonPlus218Single,50,440,22,565.6633958566588,545.890380859375,0.0060941451770961524,0.422747083799612,accepted_saved_frame
JSCC,440SingleComptonPlus218Single,50,218,28,660.7947328836782,637.5413208007812,0.017737215799612883,0.6158104348172004,accepted_saved_frame
JSCC,440SingleComptonPlus218Single,50,440,37,696.0416474452787,653.2179565429688,0.011029893594782361,1.2508242331435715,accepted_saved_frame
JSCC,440SingleComptonPlus218Single,100,218,10,819.3206799865919,801.5608520507812,0.010774803417222834,0.23169517487574784,accepted_saved_frame
JSCC,440SingleComptonPlus218Single,100,440,13,739.884600759407,717.4037475585938,0.005272231730283085,0.3368519861332838,accepted_saved_frame
JSCC,440SingleComptonPlus218Single,100,218,17,731.977716731188,706.6494140625,0.01743047345755315,0.38237794122210017,accepted_saved_frame
JSCC,440SingleComptonPlus218Single,100,440,22,789.2202561679997,739.4248046875,0.01133028934985444,0.6445873719069203,accepted_saved_frame
JSCC,440SingleComptonPlus218Single,100,218,28,892.4996993321026,836.527099609375,0.03253887727059724,0.8087826348455855,accepted_saved_frame
JSCC,440SingleComptonPlus218Single,100,440,37,981.4758743301668,868.1743774414062,0.02195705173493321,1.8103102442840442,accepted_saved_frame
JSCC,440SingleComptonPlus218Single,150,218,10,1044.7019649395222,1016.1101684570312,0.013683832394575832,0.26951650997444454,accepted_saved_frame
JSCC,440SingleComptonPlus218Single,150,440,13,897.3377937719328,861.3590087890625,0.007027609715014484,0.35219162211006244,accepted_saved_frame
JSCC,440SingleComptonPlus218Single,150,218,17,885.9617218122734,845.8540649414062,0.023058919321595553,0.3978292727013037,accepted_saved_frame
JSCC,440SingleComptonPlus218Single,150,440,22,1003.1315303433214,917.0128173828125,0.01580037762309282,0.8541722323269239,accepted_saved_frame
JSCC,440SingleComptonPlus218Single,150,218,28,1091.4149986531816,1000.2090454101562,0.04434447409375215,0.838998044893383,accepted_saved_frame
JSCC,440SingleComptonPlus218Single,150,440,37,1246.0463843616283,1049.945068359375,0.03142384124329298,1.78849587312396,accepted_saved_frame
JSCC,440SingleComptonPlus218Single,200,218,10,1244.3933264434913,1206.3402099609375,0.015340076527875807,0.29087275410546115,accepted_saved_frame
JSCC,440SingleComptonPlus218Single,200,440,13,1029.1853217258324,979.7417602539062,0.008490699447217314,0.37410819234897574,accepted_saved_frame
JSCC,440SingleComptonPlus218Single,200,218,17,1015.558027496075,960.6417846679688,0.027800105459078666,0.4213624747354887,accepted_saved_frame
JSCC,440SingleComptonPlus218Single,200,440,22,1197.4417598304235,1072.5911865234375,0.019584011647010794,1.0570162193038202,accepted_saved_frame
JSCC,440SingleComptonPlus218Single,200,218,28,1261.1471066187255,1134.156494140625,0.05445098415661531,0.865302392589375,accepted_saved_frame
JSCC,440SingleComptonPlus218Single,200,440,37,1485.89011397062,1202.422607421875,0.03966354179371908,1.7826283781906298,accepted_saved_frame
JSCC,440SingleComptonPlus218Single,250,218,10,1413.9552437638163,1368.842041015625,0.01602719145610789,0.29896008511179767,accepted_saved_frame
JSCC,440SingleComptonPlus218Single,250,440,13,1140.3475978285528,1077.641845703125,0.009789900461902696,0.40443387712327733,accepted_saved_frame
JSCC,440SingleComptonPlus218Single,250,218,17,1125.7667040614033,1056.1041259765625,0.03207745491832735,0.45448037584897644,accepted_saved_frame
JSCC,440SingleComptonPlus218Single,250,440,22,1368.581351509204,1205.3155517578125,0.022789762629736466,1.2505738673148896,accepted_saved_frame
JSCC,440SingleComptonPlus218Single,250,218,28,1406.0954815282764,1243.2706298828125,0.06368866074659758,0.9056359705798187,accepted_saved_frame
JSCC,440SingleComptonPlus218Single,250,440,37,1700.3503530446008,1329.2694091796875,0.04696788284589882,1.816199274490799,accepted_saved_frame
JSCC,440SingleComptonPlus218Single,300,218,10,1554.1999609846011,1504.749755859375,0.015981256266177617,0.29599109781234273,accepted_saved_frame
JSCC,440SingleComptonPlus218Single,300,440,13,1235.2722513023227,1159.5484619140625,0.010987244185758553,0.44251028569822465,accepted_saved_frame
JSCC,440SingleComptonPlus218Single,300,218,17,1220.8181787782369,1136.51513671875,0.036072406951257276,0.49577578192753335,accepted_saved_frame
JSCC,440SingleComptonPlus218Single,300,440,22,1516.898264528531,1317.087158203125,0.02552410079271939,1.4291145299165737,accepted_saved_frame
JSCC,440SingleComptonPlus218Single,300,218,28,1531.1850610594718,1332.5093994140625,0.0725072588027827,0.9581559594691792,accepted_saved_frame
JSCC,440SingleComptonPlus218Single,300,440,37,1891.7004403033977,1434.8297119140625,0.05357205602395604,1.873656938215648,accepted_saved_frame
JSCC,440SingleComptonPlus218Single,350,218,10,1668.1512957508542,1616.9913330078125,0.015386138135019146,0.2838341291920364,accepted_saved_frame
JSCC,440SingleComptonPlus218Single,350,440,13,1317.423956095789,1228.96533203125,0.012110048700377208,0.487517969996699,accepted_saved_frame
JSCC,440SingleComptonPlus218Single,350,218,17,1303.8839556911305,1205.1356201171875,0.039847489138125726,0.5436825577368274,accepted_saved_frame
JSCC,440SingleComptonPlus218Single,350,440,22,1644.383889034036,1410.6285400390625,0.027880093962722098,1.5870827204192408,accepted_saved_frame
JSCC,440SingleComptonPlus218Single,350,218,28,1640.6435366935023,1406.095703125,0.08111919730323047,1.0193779705469206,accepted_saved_frame
JSCC,440SingleComptonPlus218Single,350,440,37,2063.1827834792707,1523.1513671875,0.05965149091810844,1.945190860710638,accepted_saved_frame
JSCC,440SingleComptonPlus218Single,400,218,10,1759.4437283335008,1708.908447265625,0.01438079809003224,0.2642292376929548,accepted_saved_frame
JSCC,440SingleComptonPlus218Single,400,440,13,1389.32767140368,1288.46923828125,0.01316993114482074,0.5388053990527718,accepted_saved_frame
JSCC,440SingleComptonPlus218Single,400,218,17,1377.2140953470189,1264.33837890625,0.043415449166892085,0.5968395656481329,accepted_saved_frame
JSCC,440SingleComptonPlus218Single,400,440,22,1753.5239774544768,1488.653076171875,0.0299354707467576,1.72133179178794,accepted_saved_frame
JSCC,440SingleComptonPlus218Single,400,218,28,1737.6961600140999,1467.336669921875,0.08960225660692726,1.0862612280740482,accepted_saved_frame
JSCC,440SingleComptonPlus218Single,400,440,37,2218.012552936619,1597.614990234375,0.0653346092449879,2.025349395168152,accepted_saved_frame
JSCC,440SingleComptonPlus218Single,450,218,10,1831.6095922537556,1783.6754150390625,0.013068825241960149,0.23880807820059677,accepted_saved_frame
JSCC,440SingleComptonPlus218Single,450,440,13,1452.8028368593205,1339.9326171875,0.014172346214237184,0.5958891422308077,accepted_saved_frame
JSCC,440SingleComptonPlus218Single,450,218,17,1442.3997127411842,1315.8408203125,0.04677312750547086,0.6540917683698254,accepted_saved_frame
JSCC,440SingleComptonPlus218Single,450,440,22,1846.7965683679186,1553.5860595703125,0.03175335053883167,1.8317334677047505,accepted_saved_frame
JSCC,440SingleComptonPlus218Single,450,218,28,1824.6823238949173,1518.735107421875,0.09796514232135055,1.156366168536254,accepted_saved_frame
JSCC,440SingleComptonPlus218Single,450,440,37,2359.0081220070015,1660.9100341796875,0.07071567341145787,2.1109757260515067,accepted_saved_frame
JSCC,440SingleComptonPlus218Single,500,218,10,1887.8077306226135,1844.0972900390625,0.011526791939444645,0.2090439961147951,accepted_saved_frame
JSCC,440SingleComptonPlus218Single,500,440,13,1509.1849117997683,1384.7332763671875,0.015120975897149077,0.6583937317545256,accepted_saved_frame
JSCC,440SingleComptonPlus218Single,500,218,17,1500.6003228188422,1360.9093017578125,0.049916762379774174,0.7144379508948387,accepted_saved_frame
JSCC,440SingleComptonPlus218Single,500,440,22,1926.4775535469073,1607.5052490234375,0.033384580104369274,1.920526893842973,accepted_saved_frame
JSCC,440SingleComptonPlus218Single,500,218,28,1903.2777033677512,1562.17138671875,0.10618622527300305,1.2277773360253907,accepted_saved_frame
JSCC,440SingleComptonPlus218Single,500,440,37,2488.508728191427,1715.134033203125,0.07586426156573263,2.2001089730460146,accepted_saved_frame
JSCC,440SingleComptonPlus218Single,550,218,10,1930.7534507432551,1892.568359375,0.009811815173082893,0.17622186436532614,accepted_saved_frame
JSCC,440SingleComptonPlus218Single,550,440,13,1559.4867341585446,1423.9110107421875,0.01601933280298392,0.7259727023822836,accepted_saved_frame
JSCC,440SingleComptonPlus218Single,550,218,17,1552.6985397370163,1400.5062255859375,0.05284632323058493,0.7769561186860504,accepted_saved_frame
JSCC,440SingleComptonPlus218Single,550,440,22,1994.5805412654245,1652.162109375,0.03486982903682201,1.9911724340932275,accepted_saved_frame
JSCC,440SingleComptonPlus218Single,550,218,28,1974.6980749935278,1599.0667724609375,0.11423581302500717,1.299021969680264,accepted_saved_frame
JSCC,440SingleComptonPlus218Single,550,440,37,2608.404703075208,1761.9136962890625,0.0808319505300913,2.2914373722008783,accepted_saved_frame
JSCC,440SingleComptonPlus218Single,600,218,10,1962.7324069596564,1931.0986328125,0.007966244891299034,0.14140935103415977,accepted_saved_frame
JSCC,440SingleComptonPlus218Single,600,440,13,1604.5042211739067,1458.273193359375,0.016871200314799575,0.7982277826788948,accepted_saved_frame
JSCC,440SingleComptonPlus218Single,600,218,17,1599.3991423461423,1435.3851318359375,0.05556733960681298,0.8407636717127491,accepted_saved_frame
JSCC,440SingleComptonPlus218Single,600,440,22,2052.852234154863,1689.02197265625,0.03624172503254649,2.0473652401305467,accepted_saved_frame
JSCC,440SingleComptonPlus218Single,600,218,28,2039.8539648687379,1630.5101318359375,0.12208768247867921,1.3689945742702017,accepted_saved_frame
JSCC,440SingleComptonPlus218Single,600,440,37,2720.206793292117,1802.5135498046875,0.08565729153923875,2.384026051606992,accepted_saved_frame
JSCC,440SingleComptonPlus218Single,650,218,10,1985.650169053645,1961.361083984375,0.006022276642523797,0.1054741177875876,accepted_saved_frame
JSCC,440SingleComptonPlus218Single,650,440,13,1644.8842924202525,1488.4649658203125,0.017680605607348097,0.8746322767956446,accepted_saved_frame
JSCC,440SingleComptonPlus218Single,650,218,17,1641.2888905685365,1466.154296875,0.05808973046907855,0.9049778685702589,accepted_saved_frame
JSCC,440SingleComptonPlus218Single,650,440,22,2102.7921176697155,1719.3082275390625,0.03752655736728657,2.092457289635274,accepted_saved_frame
JSCC,440SingleComptonPlus218Single,650,218,28,2099.4590988100354,1657.3531494140625,0.12972342336548845,1.4368877364047434,accepted_saved_frame
JSCC,440SingleComptonPlus218Single,650,440,37,2825.121305280255,1837.92578125,0.09036922329548494,2.477176922966793,accepted_saved_frame
JSCC,440SingleComptonPlus218Single,700,218,10,2001.0889723799237,1984.7442626953125,0.004004790071437372,0.06910347558199666,accepted_saved_frame
JSCC,440SingleComptonPlus218Single,700,440,13,1681.1689722796964,1515.015869140625,0.018451709845512414,0.9544663900702436,accepted_saved_frame
JSCC,440SingleComptonPlus218Single,700,218,17,1678.8717404377353,1493.31787109375,0.06042613997109652,0.9686966161601835,accepted_saved_frame
JSCC,440SingleComptonPlus218Single,700,440,22,2145.681392180199,1744.0428466796875,0.03874570586775278,2.129227910953304,accepted_saved_frame
JSCC,440SingleComptonPlus218Single,700,218,28,2154.1023158354083,1680.2767333984375,0.1371338885779441,1.5021386303935538,accepted_saved_frame
JSCC,440SingleComptonPlus218Single,700,440,37,2924.1194055139276,1868.9395751953125,0.09498971016719993,2.570356334490895,accepted_saved_frame
JSCC,440SingleComptonPlus218Single,750,218,10,2010.3608775246182,2002.3997802734375,0.0019334335035753557,0.03283098164466116,accepted_saved_frame
JSCC,440SingleComptonPlus218Single,750,440,13,1713.8240147909464,1538.3714599609375,0.019188623610334986,1.0367681528256363,accepted_saved_frame
JSCC,440SingleComptonPlus218Single,750,218,17,1712.5938520732745,1517.303466796875,0.06259152195468734,1.0310173756955017,accepted_saved_frame
JSCC,440SingleComptonPlus218Single,750,440,22,2182.6133878604155,1764.08154296875,0.039916751794163416,2.1598814818482137,accepted_saved_frame
JSCC,440SingleComptonPlus218Single,750,218,28,2204.292115425963,1699.8389892578125,0.1443178768497308,1.5643761935313965,accepted_saved_frame
JSCC,440SingleComptonPlus218Single,750,440,37,3017.993556244739,1896.1934814453125,0.09953553548167511,2.663154219562294,accepted_saved_frame
JSCC,440SingleComptonPlus218Single,800,218,10,2014.5547222370503,2015.283935546875,-0.00017596465553063048,-0.0029378526817678365,accepted_saved_frame
JSCC,440SingleComptonPlus218Single,800,440,13,1743.258405217439,1558.913818359375,0.019895443493913957,1.1203212222754073,accepted_saved_frame
JSCC,440SingleComptonPlus218Single,800,218,17,1742.8554681265791,1538.48046875,0.06460154152078747,1.0910543806896305,accepted_saved_frame
JSCC,440SingleComptonPlus218Single,800,440,22,2214.5207443248864,1780.1439208984375,0.04105413171511686,2.186121124209463,accepted_saved_frame
JSCC,440SingleComptonPlus218Single,800,218,28,2250.484051174152,1716.5068359375,0.15128096583020353,1.6233852204123282,accepted_saved_frame
JSCC,440SingleComptonPlus218Single,800,440,37,3107.400612166772,1920.212646484375,0.10401967722475478,2.75525846186824,accepted_saved_frame
JSCC,440SingleComptonPlus218Single,850,218,10,2014.5758529614022,2024.1922607421875,-0.0023102991103241062,-0.03790027532545636,accepted_saved_frame
JSCC,440SingleComptonPlus218Single,850,440,13,1769.8335006929806,1576.9754638671875,0.020575867152689265,1.2036571848833255,accepted_saved_frame
JSCC,440SingleComptonPlus218Single,850,218,17,1770.0192323259532,1557.1715087890625,0.06647213997089194,1.1479819533085425,accepted_saved_frame
JSCC,440SingleComptonPlus218Single,850,440,22,2242.2013801952653,1792.8372802734375,0.04216992618497315,2.20925977971239,accepted_saved_frame
JSCC,440SingleComptonPlus218Single,850,218,28,2293.093738742616,1730.677490234375,0.15803337452764826,1.6790699919047922,accepted_saved_frame
JSCC,440SingleComptonPlus218Single,850,440,37,3192.8900761379787,1941.43505859375,0.10845203807151098,2.8464286656725895,accepted_saved_frame
JSCC,440SingleComptonPlus218Single,900,218,10,2011.1774293954734,2029.788330078125,-0.0044588590088901455,-0.07184203869014384,accepted_saved_frame
JSCC,440SingleComptonPlus218Single,900,440,13,1793.8728063913243,1592.84765625,0.021233495583405655,1.285137771224233,accepted_saved_frame
JSCC,440SingleComptonPlus218Single,900,218,17,1794.4149844418187,1573.661865234375,0.06821855687687547,1.2010743146177614,accepted_saved_frame
JSCC,440SingleComptonPlus218Single,900,440,22,2266.337899053048,1802.6767578125,0.043274113751513646,2.2303086366377194,accepted_saved_frame
JSCC,440SingleComptonPlus218Single,900,218,28,2332.5027313943956,1742.69189453125,0.16458840488898194,1.7314270837372454,accepted_saved_frame
JSCC,440SingleComptonPlus218Single,900,440,37,3274.9261184419556,1960.2288818359375,0.11284031976075087,2.9364837493844664,accepted_saved_frame
JSCC,440SingleComptonPlus218Single,950,218,10,2004.9877015141428,2032.6260986328125,-0.0066124508174868375,-0.10461355134330241,accepted_saved_frame
JSCC,440SingleComptonPlus218Single,950,440,13,1815.664828956182,1606.78662109375,0.02187158554178514,1.363056031145604,accepted_saved_frame
JSCC,440SingleComptonPlus218Single,950,218,17,1816.3414431625242,1588.2030029296875,0.06985533100822039,1.2497479461043834,accepted_saved_frame
JSCC,440SingleComptonPlus218Single,950,440,22,2287.5146987561366,1810.0992431640625,0.04437510866649898,2.2500571216092022,accepted_saved_frame
JSCC,440SingleComptonPlus218Single,950,218,28,2369.06126489585,1752.844482421875,0.17096107337106112,1.780522957356669,accepted_saved_frame
JSCC,440SingleComptonPlus218Single,950,440,37,3353.9019951086125,1976.9056396484375,0.1171904420080976,3.0252867395505683,accepted_saved_frame
JSCC,440SingleComptonPlus218Single,1000,218,10,1996.5318683979979,2033.170654296875,-0.008763434420424748,-0.1361215405071487,accepted_saved_frame
JSCC,440SingleComptonPlus218Single,1000,440,13,1835.4666740643236,1619.0185546875,0.02249299737793602,1.4357752856318167,accepted_saved_frame
JSCC,440SingleComptonPlus218Single,1000,218,17,1836.0688091318448,1601.0181884765625,0.07139572963344669,1.2935906087269253,accepted_saved_frame
JSCC,440SingleComptonPlus218Single,1000,440,22,2306.231779091865,1815.4771728515625,0.04547984059345649,2.269117916995375,accepted_saved_frame
JSCC,440SingleComptonPlus218Single,1000,218,28,2403.089617440336,1761.3892822265625,0.1771674835162541,1.8264791047638569,accepted_saved_frame
JSCC,440SingleComptonPlus218Single,1000,440,37,3430.1511583563693,1991.7313232421875,0.12150670714885549,3.112729015741015,accepted_saved_frame
JSCC,440SingleComptonPlus218Single,1050,218,10,1986.2497847087898,2031.8116455078125,-0.010904985875769518,-0.16630909569791094,accepted_saved_frame
JSCC,440SingleComptonPlus218Single,1050,440,13,1853.507029419282,1629.7423095703125,0.023100321033083748,1.5018909208542235,accepted_saved_frame
JSCC,440SingleComptonPlus218Single,1050,218,17,1853.8398210840196,1612.303466796875,0.0728522247583743,1.3323848712886965,accepted_saved_frame
JSCC,440SingleComptonPlus218Single,1050,440,22,2322.916973560728,1819.1279296875,0.04659408831714524,2.287969915403993,accepted_saved_frame
JSCC,440SingleComptonPlus218Single,1050,218,28,2434.878448656088,1768.54541015625,0.18322394575515769,1.8694567934346997,accepted_saved_frame
JSCC,440SingleComptonPlus218Single,1050,440,37,3503.955571458855,2004.932373046875,0.12579227380003907,3.1987281254247915,accepted_saved_frame
JSCC,440SingleComptonPlus218Single,1100,218,10,1974.5086102746307,2028.878173828125,-0.013031877122792607,-0.19516068205287804,accepted_saved_frame
JSCC,440SingleComptonPlus218Single,1100,440,13,1869.9894010841442,1639.13330078125,0.023695857171348984,1.5603600658503314,accepted_saved_frame
JSCC,440SingleComptonPlus218Single,1100,218,17,1869.872875461802,1622.2325439453125,0.07423613739102344,1.366099997454952,accepted_saved_frame
JSCC,440SingleComptonPlus218Single,1100,440,22,2337.93496758655,1821.3223876953125,0.04772253369052798,2.306982694097944,accepted_saved_frame
JSCC,440SingleComptonPlus218Single,1100,218,28,2464.6894182642554,1774.5018310546875,0.18914627477809598,1.9096422426951818,accepted_saved_frame
JSCC,440SingleComptonPlus218Single,1100,440,37,3575.5534828916157,2016.7017822265625,0.1300494323410276,3.2832196328747942,accepted_saved_frame
JSCC,440SingleComptonPlus218Single,1150,218,10,1961.6177130696092,2024.6468505859375,-0.015139069468200317,-0.22267441016702008,accepted_saved_frame
JSCC,440SingleComptonPlus218Single,1150,440,13,1885.0930321834867,1647.345703125,0.02428154076182996,1.610580035597611,accepted_saved_frame
JSCC,440SingleComptonPlus218Single,1150,218,17,1884.362194727576,1630.9583740234375,0.07555746549528342,1.3948721303104397,accepted_saved_frame
JSCC,440SingleComptonPlus218Single,1150,440,22,2351.5973188784283,1822.2911376953125,0.04886912290258537,2.3264450334388185,accepted_saved_frame
JSCC,440SingleComptonPlus218Single,1150,218,28,2492.757073961723,1779.4205322265625,0.19494988092775167,1.9472410779953808,accepted_saved_frame
JSCC,440SingleComptonPlus218Single,1150,440,37,3645.1451848292963,2027.2056884765625,0.13427952693632833,3.3661494275492267,accepted_saved_frame
JSCC,440SingleComptonPlus218Single,1200,218,10,1947.8354415648237,2019.3524169921875,-0.017222814354667423,-0.2488738928550038,accepted_saved_frame
JSCC,440SingleComptonPlus218Single,1200,440,13,1898.9775975736882,1654.5150146484375,0.024859192949355822,1.6524171630202078,accepted_saved_frame
JSCC,440SingleComptonPlus218Single,1200,218,17,1897.48094710659,1638.6151123046875,0.07682540877940018,1.4189788297429697,accepted_saved_frame
JSCC,440SingleComptonPlus218Single,1200,440,22,2364.1693545050953,1822.2318115234375,0.05003696456171436,2.346574967702992,accepted_saved_frame
JSCC,440SingleComptonPlus218Single,1200,218,28,2519.2905497868037,1783.4405517578125,0.2006493491853488,1.9824678930809096,accepted_saved_frame
JSCC,440SingleComptonPlus218Single,1200,440,37,3712.899265447079,2036.5859375,0.13848342599374017,3.4474768785188967,accepted_saved_frame
JSCC,440SingleComptonPlus218Single,1250,218,10,1933.37934115002,2013.193359375,-0.019279722844487777,-0.273790505739486,accepted_saved_frame
JSCC,440SingleComptonPlus218Single,1250,440,13,1911.783067369172,1660.7601318359375,0.025430320593454195,1.6861493377957661,accepted_saved_frame
JSCC,440SingleComptonPlus218Single,1250,218,17,1909.3827100010967,1645.3212890625,0.07804792090891088,1.4387984203741822,accepted_saved_frame
JSCC,440SingleComptonPlus218Single,1250,440,22,2375.875640027723,1821.3123779296875,0.05122854231440867,2.3675301292158264,accepted_saved_frame
JSCC,440SingleComptonPlus218Single,1250,218,28,2544.475175774975,1786.6817626953125,0.2062579615437338,2.0155383937019318,accepted_saved_frame
JSCC,440SingleComptonPlus218Single,1250,440,37,3778.9573962298264,2044.965087890625,0.14266144233578384,3.5271697675881524,accepted_saved_frame
JSCC,440SingleComptonPlus218Single,1300,218,10,1918.4317254069533,2006.337646484375,-0.02130694605525739,-0.2974637185153767,accepted_saved_frame
JSCC,440SingleComptonPlus218Single,1300,440,13,1923.6330182987458,1666.18603515625,0.02599618737641904,1.712382913365919,accepted_saved_frame
JSCC,440SingleComptonPlus218Single,1300,218,17,1920.2037188922502,1651.180908203125,0.07923216938092585,1.4547757442956306,accepted_saved_frame
JSCC,440SingleComptonPlus218Single,1300,440,22,2386.908348685665,1819.67724609375,0.05244583611322677,2.3894265269168877,accepted_saved_frame
JSCC,440SingleComptonPlus218Single,1300,218,28,2568.4751605385964,1789.24609375,0.21178839845166184,2.046668360658316,accepted_saved_frame
JSCC,440SingleComptonPlus218Single,1300,440,37,3843.4380564321905,2052.44873046875,0.14681351004578652,3.605201881994251,accepted_saved_frame
JSCC,440SingleComptonPlus218Single,1350,218,10,1903.1441925146955,1998.9281005859375,-0.023302497988704336,-0.3199428889900112,accepted_saved_frame
JSCC,440SingleComptonPlus218Single,1350,440,13,1934.636637108047,1670.884521484375,0.02655796889239567,1.7319487151971402,accepted_saved_frame
JSCC,440SingleComptonPlus218Single,1350,218,17,1930.0648530056717,1656.2855224609375,0.08038454377064858,1.4673873245324536,accepted_saved_frame
JSCC,440SingleComptonPlus218Single,1350,440,22,2397.4293637483015,1817.44921875,0.05369034355603405,2.4123411934010592,accepted_saved_frame
JSCC,440SingleComptonPlus218Single,1350,218,28,2591.4346400580803,1791.2218017578125,0.2172517322171012,2.076062589089903,accepted_saved_frame
JSCC,440SingleComptonPlus218Single,1350,440,37,3906.44172474858,2059.12841796875,0.1509393474615843,3.681555115501861,accepted_saved_frame
JSCC,440SingleComptonPlus218Single,1400,218,10,1887.645286633654,1991.086181640625,-0.025264418747857807,-0.34127425395157046,accepted_saved_frame
JSCC,440SingleComptonPlus218Single,1400,440,13,1944.8901684197888,1674.936767578125,0.02711663083853167,1.745784271536674,accepted_saved_frame
JSCC,440SingleComptonPlus218Single,1400,218,17,1939.0734406531576,1660.7156982421875,0.08151079225674322,1.4771163187377323,accepted_saved_frame
JSCC,440SingleComptonPlus218Single,1400,440,22,2407.57597888056,1814.73291015625,0.05496324600581976,2.4363217212324737,accepted_saved_frame
JSCC,440SingleComptonPlus218Single,1400,218,28,2613.4810945620466,1792.683349609375,0.2226587002353272,2.1039211103801656,accepted_saved_frame
JSCC,440SingleComptonPlus218Single,1400,440,37,3968.052784120924,2065.084228515625,0.15503836653683134,3.75621766464708,accepted_saved_frame
JSCC,440SingleComptonPlus218Single,1450,218,10,1872.0405206710964,1982.9144287109375,-0.02719145721528285,-0.36151036034350387,accepted_saved_frame
JSCC,440SingleComptonPlus218Single,1450,440,13,1954.4780062097243,1678.41455078125,0.02767292242124736,1.7548472761221543,accepted_saved_frame
JSCC,440SingleComptonPlus218Single,1450,218,17,1947.3242859317354,1664.54248046875,0.08261590783833982,1.4844247524339635,accepted_saved_frame
JSCC,440SingleComptonPlus218Single,1450,440,22,2417.4642713454577,1811.6182861328125,0.056265331298523,2.46138807926611,accepted_saved_frame
JSCC,440SingleComptonPlus218Single,1450,218,28,2634.7256733095446,1793.6962890625,0.2280181195425056,2.130426076931004,accepted_saved_frame
JSCC,440SingleComptonPlus218Single,1450,440,37,4028.3427163767556,2070.38525390625,0.15910998265078577,3.8291835894394612,accepted_saved_frame
JSCC,440SingleComptonPlus218Single,1500,218,10,1856.418724133654,1974.50048828125,-0.029082563644963713,-0.38070166482071094,accepted_saved_frame
JSCC,440SingleComptonPlus218Single,1500,440,13,1963.4754807385118,1681.3809814453125,0.028227591826152358,1.760056526556499,accepted_saved_frame
JSCC,440SingleComptonPlus218Single,1500,218,17,1954.9015183307567,1667.8287353515625,0.08370428040060938,1.4897421398740585,accepted_saved_frame
JSCC,440SingleComptonPlus218Single,1500,440,22,2427.1926970913128,1808.1822509765625,0.05759716639074646,2.4875433321631446,accepted_saved_frame
JSCC,440SingleComptonPlus218Single,1500,218,28,2655.265837544539,1794.31591796875,0.2333383269523866,2.1557480894450354,accepted_saved_frame
JSCC,440SingleComptonPlus218Single,1500,440,37,4087.372540279999,2075.092529296875,0.16315345992926455,3.9004516684092154,accepted_saved_frame
JSCC,440SingleComptonPlus218Single,1550,218,10,1840.8539882058883,1965.9189453125,-0.030936923991117825,-0.39889722824464463,accepted_saved_frame
JSCC,440SingleComptonPlus218Single,1550,440,13,1971.948306150459,1683.8914794921875,0.028781234266430242,1.7622440442991978,accepted_saved_frame
JSCC,440SingleComptonPlus218Single,1550,218,17,1961.8797194962624,1670.63037109375,0.08477966375807625,1.4934557489936773,accepted_saved_frame
JSCC,440SingleComptonPlus218Single,1550,440,22,2436.8428609773187,1804.4896240234375,0.05895908007232816,2.514772960040766,accepted_saved_frame
JSCC,440SingleComptonPlus218Single,1550,218,28,2675.18626156396,1794.5904541015625,0.23862632885575122,2.180042367230092,accepted_saved_frame
JSCC,440SingleComptonPlus218Single,1550,440,37,4145.19487442003,2079.260009765625,0.16716800739417131,3.9700248244740703,accepted_saved_frame
JSCC,440SingleComptonPlus218Single,1600,218,10,1825.406594230431,1957.232177734375,-0.032754008316038426,-0.41614514898080146,accepted_saved_frame
JSCC,440SingleComptonPlus218Single,1600,440,13,1979.955928017957,1685.9957275390625,0.029334413328028098,1.7621386672328712,accepted_saved_frame
JSCC,440SingleComptonPlus218Single,1600,218,17,1968.3252345579704,1672.9962158203125,0.08584564410851779,1.4959112047164405,accepted_saved_frame
JSCC,440SingleComptonPlus218Single,1600,440,22,2446.484423242831,1800.596923828125,0.060351173231025616,2.5430482599931525,accepted_saved_frame
JSCC,440SingleComptonPlus218Single,1600,218,28,2694.561493151311,1794.5609130859375,0.24388870340523866,2.203451453641205,accepted_saved_frame
JSCC,440SingleComptonPlus218Single,1600,440,37,4201.855277028209,2082.93505859375,0.17115288219958383,4.037912974951073,accepted_saved_frame
JSCC,440SingleComptonPlus218Single,1650,218,10,1810.1264416857164,1948.4937744140625,-0.03453358347291816,-0.43249282119980115,accepted_saved_frame
JSCC,440SingleComptonPlus218Single,1650,440,13,1987.5496361761755,1687.737548828125,0.02988749849220871,1.7603511437961055,accepted_saved_frame
JSCC,440SingleComptonPlus218Single,1650,218,17,1974.296471198537,1674.97021484375,0.08690501226174158,1.4974024202578777,accepted_saved_frame
JSCC,440SingleComptonPlus218Single,1650,440,22,2456.1753271201437,1796.5511474609375,0.061773516268538074,2.5723347735928392,accepted_saved_frame
JSCC,440SingleComptonPlus218Single,1650,218,28,2713.455629480207,1794.2637939453125,0.24913053706841862,2.226098937041061,accepted_saved_frame
JSCC,440SingleComptonPlus218Single,1650,440,37,4257.393484361725,2086.16015625,0.17510727597227263,4.104125764736141,accepted_saved_frame
JSCC,440SingleComptonPlus218Single,1700,218,10,1795.0534611054939,1939.74853515625,-0.03627566758689707,-0.4479866295205061,accepted_saved_frame
JSCC,440SingleComptonPlus218Single,1700,440,13,1994.7762091758825,1689.15576171875,0.030440939375037848,1.7573933138058624,accepted_saved_frame
JSCC,440SingleComptonPlus218Single,1700,218,17,1979.8461282830094,1676.5911865234375,0.08796052395311556,1.498185088566112,accepted_saved_frame
JSCC,440SingleComptonPlus218Single,1700,440,22,2465.964071513342,1792.3931884765625,0.06322594982486895,2.602587745048176,accepted_saved_frame
JSCC,440SingleComptonPlus218Single,1700,218,28,2731.9248960687937,1793.730224609375,0.2543565557966134,2.2480983553634655,accepted_saved_frame
JSCC,440SingleComptonPlus218Single,1700,440,37,4311.84444109081,2088.973388671875,0.17903036806426226,4.168676267892588,accepted_saved_frame
JSCC,440SingleComptonPlus218Single,1750,218,10,1780.220892314359,1931.0345458984375,-0.03798024112862148,-0.4626682907610822,accepted_saved_frame
JSCC,440SingleComptonPlus218Single,1750,440,13,2001.6764254115167,1690.2850341796875,0.030995025461683662,1.753672166554795,accepted_saved_frame
JSCC,440SingleComptonPlus218Single,1750,218,17,1985.0208844964072,1677.8936767578125,0.0890145403775294,1.498474171900576,accepted_saved_frame
JSCC,440SingleComptonPlus218Single,1750,440,22,2475.8911163232992,1788.1578369140625,0.06470823168502558,2.633756974077007,accepted_saved_frame
JSCC,440SingleComptonPlus218Single,1750,218,28,2750.016554916603,1792.987060546875,0.25957045997232336,2.269544878813047,accepted_saved_frame
JSCC,440SingleComptonPlus218Single,1750,440,37,4365.239672096487,2091.408203125,0.18292152246984997,4.231583487010859,accepted_saved_frame
JSCC,440SingleComptonPlus218Single,1800,218,10,1765.6546515069208,1922.3837890625,-0.03964758583413209,-0.4765797302807084,accepted_saved_frame
JSCC,440SingleComptonPlus218Single,1800,440,13,2008.2862611871237,1691.156005859375,0.03154999877979712,1.7495116964374673,accepted_saved_frame
JSCC,440SingleComptonPlus218Single,1800,218,17,1989.8617278254055,1678.9088134765625,0.09006885095470184,1.4984415435416498,accepted_saved_frame
JSCC,440SingleComptonPlus218Single,1800,440,22,2485.989178945758,1783.873779296875,0.06622008265556169,2.6657885436720226,accepted_saved_frame
JSCC,440SingleComptonPlus218Single,1800,218,28,2767.772897625162,1792.0584716796875,0.26477541049509856,2.290524804079912,accepted_saved_frame
JSCC,440SingleComptonPlus218Single,1800,440,37,4417.607765432228,2093.4951171875,0.186780082872344,4.29286495401663,accepted_saved_frame
JSCC,440SingleComptonPlus218Single,1850,218,10,1751.3752539533511,1913.822509765625,-0.04127792149449211,-0.48975847020546576,accepted_saved_frame
JSCC,440SingleComptonPlus218Single,1850,440,13,2014.6385611344997,1691.7965087890625,0.0321060824718942,1.7451658727233397,accepted_saved_frame
JSCC,440SingleComptonPlus218Single,1850,218,17,1994.4060201955513,1679.6639404296875,0.09112541333650787,1.4982358750350844,accepted_saved_frame
JSCC,440SingleComptonPlus218Single,1850,440,22,2496.2862905737234,1779.5665283203125,0.06776110707010931,2.6986244898622087,accepted_saved_frame
JSCC,440SingleComptonPlus218Single,1850,218,28,2785.229020959004,1790.9647216796875,0.26997398318673627,2.3111109678910484,accepted_saved_frame
JSCC,440SingleComptonPlus218Single,1850,440,37,4468.974976537427,2095.261962890625,0.19060541022874372,4.3525447032532085,accepted_saved_frame
JSCC,440SingleComptonPlus218Single,1900,218,10,1737.3985118804637,1905.373291015625,-0.04287173952046387,-0.5022421755777964,accepted_saved_frame
JSCC,440SingleComptonPlus218Single,1900,440,13,2020.7623263868948,1692.230712890625,0.03266351628684745,1.740830539740804,accepted_saved_frame
JSCC,440SingleComptonPlus218Single,1900,218,17,1998.6863258431295,1680.183837890625,0.09218560836223476,1.4979719329992733,accepted_saved_frame
JSCC,440SingleComptonPlus218Single,1900,440,22,2506.804502064451,1775.2567138671875,0.06933090666149803,2.7322046244528977,accepted_saved_frame
JSCC,440SingleComptonPlus218Single,1900,218,28,2802.4150890279607,1789.72412109375,0.2751680112131394,2.331364407454624,accepted_saved_frame
JSCC,440SingleComptonPlus218Single,1900,440,37,4519.364819294383,2096.733642578125,0.19439692015144983,4.4106413512483975,accepted_saved_frame
JSCC,440SingleComptonPlus218Single,1950,218,10,1723.7353945422403,1897.0537109375,-0.044429552015049605,-0.5140658920300267,accepted_saved_frame
JSCC,440SingleComptonPlus218Single,1950,440,13,2026.6837082147554,1692.48095703125,0.0332224435107981,1.736650924931648,accepted_saved_frame
JSCC,440SingleComptonPlus218Single,1950,218,17,2002.7317672530448,1680.4903564453125,0.09325076974635119,1.4977432234576373,accepted_saved_frame
JSCC,440SingleComptonPlus218Single,1950,440,22,2517.562046619098,1770.9617919921875,0.07092907302030106,2.7664725309704834,accepted_saved_frame
JSCC,440SingleComptonPlus218Single,1950,218,28,2819.357170483439,1788.3529052734375,0.2803588933956574,2.3513377403863642,accepted_saved_frame
JSCC,440SingleComptonPlus218Single,1950,440,37,4568.7998784697065,2097.9326171875,0.19815417257643964,4.467181551153078,accepted_saved_frame
JSCC,440SingleComptonPlus218Single,2000,218,10,1710.3937105135901,1888.8792724609375,-0.04595216628103176,-0.5252651662580164,accepted_saved_frame
JSCC,440SingleComptonPlus218Single,2000,440,13,2032.425584784327,1692.5662841796875,0.03378304686689115,1.7327367410454002,accepted_saved_frame
JSCC,440SingleComptonPlus218Single,2000,218,17,2006.5690000538596,1680.6038818359375,0.09432197064250412,1.4976231455739895,accepted_saved_frame
JSCC,440SingleComptonPlus218Single,2000,440,22,2528.573061976139,1766.697021484375,0.07255503919784806,2.801364675826837,accepted_saved_frame
JSCC,440SingleComptonPlus218Single,2000,218,28,2836.0769155794706,1786.8651123046875,0.2855475891672739,2.371075264711049,accepted_saved_frame
JSCC,440SingleComptonPlus218Single,2000,440,37,4617.301863697778,2098.879638671875,0.2018767715152139,4.522190766703596,accepted_saved_frame
JSCC,440SingleComptonPlus218Single,2050,218,10,1697.3796514284188,1880.8616943359375,-0.04743990438365681,-0.5358679783930103,accepted_saved_frame
JSCC,440SingleComptonPlus218Single,2050,440,13,2038.0082080338375,1692.5045166015625,0.034345369841997764,1.7291603890921183,accepted_saved_frame
JSCC,440SingleComptonPlus218Single,2050,218,17,2010.221308666958,1680.5418701171875,0.09540027452064886,1.4976673366766438,accepted_saved_frame
JSCC,440SingleComptonPlus218Single,2050,440,22,2539.84891875125,1762.474609375,0.07420832973268554,2.8368212958192007,accepted_saved_frame
JSCC,440SingleComptonPlus218Single,2050,218,28,2852.5923333938567,1785.2730712890625,0.29073464891522316,2.3906103884173375,accepted_saved_frame
JSCC,440SingleComptonPlus218Single,2050,440,37,4664.889897020999,2099.593505859375,0.2055642893697156,4.575692837043444,accepted_saved_frame
JSCC,440SingleComptonPlus218Single,2100,218,10,1684.6961501142987,1873.0107421875,-0.04889346379578694,-0.5459038146745708,accepted_saved_frame
JSCC,440SingleComptonPlus218Single,2100,440,13,2043.4508497269358,1692.3115234375,0.03490957018426326,1.72597766423182,accepted_saved_frame
JSCC,440SingleComptonPlus218Single,2100,218,17,2013.709768458185,1680.3203125,0.09648657328585296,1.4979214207433873,accepted_saved_frame
JSCC,440SingleComptonPlus218Single,2100,440,22,2551.398383404229,1758.3046875,0.07588845404894401,2.872784590950229,accepted_saved_frame
JSCC,440SingleComptonPlus218Single,2100,218,28,2868.9185749119088,1783.5880126953125,0.29592018345388144,2.4099723822203516,accepted_saved_frame
JSCC,440SingleComptonPlus218Single,2100,440,37,4711.584205320149,2100.091796875,0.2092164511124489,4.627715030979677,accepted_saved_frame
JSCC,440SingleComptonPlus218Single,2150,218,10,1672.3430550627386,1865.333740234375,-0.050313774838614295,-0.5554038016406739,accepted_saved_frame
JSCC,440SingleComptonPlus218Single,2150,440,13,2048.76911936085,1692.0008544921875,0.035475700521866486,1.7232209482544047,accepted_saved_frame
JSCC,440SingleComptonPlus218Single,2150,218,17,2017.0528848522729,1679.9537353515625,0.0975814876637294,1.4984150726212617,accepted_saved_frame
JSCC,440SingleComptonPlus218Single,2150,440,22,2563.2279384354715,1754.1959228515625,0.07759485979248319,2.9091926257255083,accepted_saved_frame
JSCC,440SingleComptonPlus218Single,2150,218,28,2885.06823174855,1781.819580078125,0.30110417553328483,2.429184455796286,accepted_saved_frame
JSCC,440SingleComptonPlus218Single,2150,440,37,4757.402614902255,2100.389892578125,0.21283304377771473,4.6782852045553485,accepted_saved_frame
JSCC,440SingleComptonPlus218Single,2200,218,10,1660.320286201894,1857.8363037109375,-0.05170136091649024,-0.5643915160597384,accepted_saved_frame
JSCC,440SingleComptonPlus218Single,2200,440,13,2053.9787462595914,1691.5855712890625,0.0360438670978633,1.720911396215744,accepted_saved_frame
JSCC,440SingleComptonPlus218Single,2200,218,17,2020.2673344851146,1679.4554443359375,0.09868550118682047,1.4991685458408133,accepted_saved_frame
JSCC,440SingleComptonPlus218Single,2200,440,22,2575.34179747139,1750.15478515625,0.07932704304649522,2.945990647207371,accepted_saved_frame
JSCC,440SingleComptonPlus218Single,2200,218,28,2901.0510102920716,1779.976806640625,0.3062859785553486,2.448261252027992,accepted_saved_frame
JSCC,440SingleComptonPlus218Single,2200,440,37,4802.363849979711,2100.503173828125,0.21641379969434785,4.727430455475605,accepted_saved_frame
JSCC,440SingleComptonPlus218Single,2250,218,10,1648.6254237135124,1850.522705078125,-0.053057056522515016,-0.5728931020836961,accepted_saved_frame
JSCC,440SingleComptonPlus218Single,2250,440,13,2059.0926477326734,1691.0770263671875,0.036614086739335416,1.7190561450189406,accepted_saved_frame
JSCC,440SingleComptonPlus218Single,2250,218,17,2023.368048118737,1678.8367919921875,0.09979924344416619,1.5001978564954492,accepted_saved_frame
JSCC,440SingleComptonPlus218Single,2250,440,22,2587.7427870610722,1746.187255859375,0.08108439979767736,2.9831202263357293,accepted_saved_frame
JSCC,440SingleComptonPlus218Single,2250,218,28,2916.874934312972,1778.0667724609375,0.3114652535432165,2.467217240180459,accepted_saved_frame
JSCC,440SingleComptonPlus218Single,2250,440,37,4846.4850429812595,2100.444580078125,0.2199586506920391,4.7751771456347925,accepted_saved_frame
JSCC,440SingleComptonPlus218Single,2300,218,10,1637.2549489502737,1843.3953857421875,-0.05438157677194719,-0.5809316800636549,accepted_saved_frame
JSCC,440SingleComptonPlus218Single,2300,440,13,2064.1222261703315,1690.485107421875,0.03718638892038932,1.7176538211190369,accepted_saved_frame
JSCC,440SingleComptonPlus218Single,2300,218,17,2026.3687855154606,1678.1087646484375,0.10092310783719594,1.5015109619503606,accepted_saved_frame
JSCC,440SingleComptonPlus218Single,2300,440,22,2600.4325437576117,1742.297607421875,0.08286642154153474,3.0205285199698735,accepted_saved_frame
JSCC,440SingleComptonPlus218Single,2300,218,28,2932.546230811856,1776.097412109375,0.316640698645415,2.4860581746531456,accepted_saved_frame
JSCC,440SingleComptonPlus218Single,2300,440,37,4889.782990663159,2100.2265625,0.22346748735264937,4.82155285030326,accepted_saved_frame
JSCC,440SingleComptonPlus218Single,2350,218,10,1626.204695232428,1836.456298828125,-0.055675716978073476,-0.58852964101518,accepted_saved_frame
JSCC,440SingleComptonPlus218Single,2350,440,13,2069.0785155307717,1689.819091796875,0.03776082812471117,1.7166993423898729,accepted_saved_frame
JSCC,440SingleComptonPlus218Single,2350,218,17,2029.2811656453982,1677.2808837890625,0.10205735619117418,1.5031095982701346,accepted_saved_frame
JSCC,440SingleComptonPlus218Single,2350,440,22,2613.4111630758034,1738.4888916015625,0.08467259960627156,3.0581640395147427,accepted_saved_frame
JSCC,440SingleComptonPlus218Single,2350,218,28,2948.0693275060876,1774.0745849609375,0.3218113650022263,2.5047882511813415,accepted_saved_frame
JSCC,440SingleComptonPlus218Single,2350,440,37,4932.274539130976,2099.861083984375,0.22694019602182466,4.866584650170393,accepted_saved_frame
JSCC,440SingleComptonPlus218Single,2400,218,10,1615.4694249193,1829.7056884765625,-0.056940181450701,-0.5957076262152973,accepted_saved_frame
JSCC,440SingleComptonPlus218Single,2400,440,13,2073.9712583082296,1689.0870361328125,0.03833746754017029,1.7161844776495392,accepted_saved_frame
JSCC,440SingleComptonPlus218Single,2400,218,17,2032.1157450067644,1676.3619384765625,0.10320217821869182,1.5049926847101702,accepted_saved_frame
JSCC,440SingleComptonPlus218Single,2400,440,22,2626.678702985639,1734.7637939453125,0.0865024515572986,3.0959786691749898,accepted_saved_frame
JSCC,440SingleComptonPlus218Single,2400,218,28,2963.447563515109,1772.0040283203125,0.3269759874720382,2.5234097593995743,accepted_saved_frame
JSCC,440SingleComptonPlus218Single,2400,440,37,4973.975711632697,2099.3583984375,0.23037682674473148,4.910299318477045,accepted_saved_frame
JSCC,440SingleComptonPlus218Single,2450,218,10,1605.0431167259094,1823.143798828125,-0.058175911826886716,-0.602487716566171,accepted_saved_frame
JSCC,440SingleComptonPlus218Single,2450,440,13,2078.8091890699307,1688.2965087890625,0.03891631945926142,1.7160942727847852,accepted_saved_frame
JSCC,440SingleComptonPlus218Single,2450,218,17,2034.882810825026,1675.3597412109375,0.10435800969538053,1.507158285222825,accepted_saved_frame
JSCC,440SingleComptonPlus218Single,2450,440,22,2640.233012712141,1731.1241455078125,0.08835538461423878,3.1339208939515024,accepted_saved_frame
JSCC,440SingleComptonPlus218Single,2450,218,28,2978.683888613563,1769.890625,0.3321335152433326,2.541923413996409,accepted_saved_frame
JSCC,440SingleComptonPlus218Single,2450,440,37,5014.903292424626,2098.728759765625,0.23377740894754287,4.952725746984722,accepted_saved_frame
JSCC,440SingleComptonPlus218Single,2500,218,10,1594.9197381807676,1816.76953125,-0.05938356823866623,-0.6088872782502861,accepted_saved_frame
JSCC,440SingleComptonPlus218Single,2500,440,13,2083.5994174412517,1687.453857421875,0.039497374559704895,1.716410621482122,accepted_saved_frame
JSCC,440SingleComptonPlus218Single,2500,218,17,2037.5910582539682,1674.28173828125,0.1055249362310466,1.509599787483695,accepted_saved_frame
JSCC,440SingleComptonPlus218Single,2500,440,22,2654.0731842175087,1727.5712890625,0.09023098037204644,3.17194987967535,accepted_saved_frame
JSCC,440SingleComptonPlus218Single,2500,218,28,2993.7788599789196,1767.7392578125,0.3372821762802478,2.5603235064032352,accepted_saved_frame
JSCC,440SingleComptonPlus218Single,2500,440,37,5055.072621385085,2097.9814453125,0.23714196503381876,4.99388782995122,accepted_saved_frame
JSCC,440SingleComptonPlus218Single,2550,218,10,1585.0925718841063,1810.5819091796875,-0.06056405334014125,-0.6149261031447492,accepted_saved_frame
JSCC,440SingleComptonPlus218Single,2550,440,13,2088.3494599336564,1686.5654296875,0.040080655768410835,1.7171174742493924,accepted_saved_frame
JSCC,440SingleComptonPlus218Single,2550,218,17,2040.2474407221396,1673.1343994140625,0.10670286587090676,1.512305707821794,accepted_saved_frame
JSCC,440SingleComptonPlus218Single,2550,440,22,2668.1952152330214,1724.105224609375,0.09212870511925217,3.2100185656344156,accepted_saved_frame
JSCC,440SingleComptonPlus218Single,2550,218,28,3008.733396147701,1765.5540771484375,0.34242057516623225,2.5786062951484214,accepted_saved_frame
JSCC,440SingleComptonPlus218Single,2550,440,37,5094.499759824563,2097.124755859375,0.2404706936558313,5.0338159306544705,accepted_saved_frame
JSCC,440SingleComptonPlus218Single,2600,218,10,1575.5549791342194,1804.5784912109375,-0.061717935940666,-0.6206190677592757,accepted_saved_frame
JSCC,440SingleComptonPlus218Single,2600,440,13,2093.0653506704734,1685.635986328125,0.040666226370188394,1.71819805010938,accepted_saved_frame
JSCC,440SingleComptonPlus218Single,2600,218,17,2042.8598413463494,1671.923828125,0.10789209156960618,1.515269690113657,accepted_saved_frame
JSCC,440SingleComptonPlus218Single,2600,440,22,2682.5959495309808,1720.7265625,0.09404800377877948,3.2480862837962925,accepted_saved_frame
JSCC,440SingleComptonPlus218Single,2600,218,28,3023.546437278651,1763.3387451171875,0.3475469453130275,2.5967654229631023,accepted_saved_frame
JSCC,440SingleComptonPlus218Single,2600,440,37,5133.1995921330345,2096.166748046875,0.24376368306393276,5.07253428889276,accepted_saved_frame
JSCC,440SingleComptonPlus218Single,2650,218,10,1566.2995764434913,1798.757080078125,-0.06284607407511332,-0.6259836491028032,accepted_saved_frame
JSCC,440SingleComptonPlus218Single,2650,440,13,2097.7530390370134,1684.6710205078125,0.04125404396996907,1.7196331774157598,accepted_saved_frame
JSCC,440SingleComptonPlus218Single,2650,218,17,2045.4335605459537,1670.6556396484375,0.10909231460656788,1.5184759592876802,accepted_saved_frame
JSCC,440SingleComptonPlus218Single,2650,440,22,2697.2714251613747,1717.4351806640625,0.09598834130358556,3.2861131417190266,accepted_saved_frame
JSCC,440SingleComptonPlus218Single,2650,218,28,3038.218014479305,1761.0966796875,0.35265988494163103,2.614793721006473,accepted_saved_frame
JSCC,440SingleComptonPlus218Single,2650,440,37,5171.187303418329,2095.115234375,0.24702103290321367,5.11006875183899,accepted_saved_frame
JSCC,440SingleComptonPlus218Single,2700,218,10,1557.3193865711667,1793.115234375,-0.06394919068696019,-0.6310350898952588,accepted_saved_frame
JSCC,440SingleComptonPlus218Single,2700,440,13,2102.4167294704703,1683.674560546875,0.04184406712063428,1.7213998216152488,accepted_saved_frame
JSCC,440SingleComptonPlus218Single,2700,218,17,2047.9747832944,1669.33447265625,0.11030382827829861,1.521916864429229,accepted_saved_frame
JSCC,440SingleComptonPlus218Single,2700,440,22,2712.218374736886,1714.230224609375,0.09794935450908523,3.3240643940567747,accepted_saved_frame
JSCC,440SingleComptonPlus218Single,2700,218,28,3052.7469143927196,1758.8314208984375,0.3577575414860278,2.632682519474422,accepted_saved_frame
JSCC,440SingleComptonPlus218Single,2700,440,37,5208.477799720697,2093.9765625,0.2502430549146692,5.146446353228757,accepted_saved_frame
JSCC,440SingleComptonPlus218Single,2750,218,10,1548.6072650676372,1787.6497802734375,-0.06502791205307401,-0.6357872342366531,accepted_saved_frame
JSCC,440SingleComptonPlus218Single,2750,440,13,2107.061427279926,1682.6505126953125,0.04243634424924105,1.723483498024845,accepted_saved_frame
JSCC,440SingleComptonPlus218Single,2750,218,17,2050.488530793606,1667.9652099609375,0.11152648872005134,1.5255795827524319,accepted_saved_frame
JSCC,440SingleComptonPlus218Single,2750,440,22,2727.4330698102012,1711.111083984375,0.0999305914859052,3.361908346396112,accepted_saved_frame
JSCC,440SingleComptonPlus218Single,2750,218,28,3067.131512833832,1756.5455322265625,0.36283836886058035,2.650424828164108,accepted_saved_frame
JSCC,440SingleComptonPlus218Single,2750,440,37,5245.08643349657,2092.758056640625,0.25342985247496025,5.181693040417744,accepted_saved_frame
JSCC,440SingleComptonPlus218Single,2800,218,10,1540.1556518162179,1782.35791015625,-0.06608309426623504,-0.6402551378462256,accepted_saved_frame
JSCC,440SingleComptonPlus218Single,2800,440,13,2111.691476876235,1681.6029052734375,0.04303083716750291,1.7258634819743768,accepted_saved_frame
JSCC,440SingleComptonPlus218Single,2800,218,17,2052.97927895503,1666.5521240234375,0.1127601995516323,1.5294506452496057,accepted_saved_frame
JSCC,440SingleComptonPlus218Single,2800,440,22,2742.9109222638644,1708.0765380859375,0.10193160556451862,3.3996119407948995,accepted_saved_frame
JSCC,440SingleComptonPlus218Single,2800,218,28,3081.3700449476246,1754.24169921875,0.3679006835904266,2.6680101993573784,accepted_saved_frame
JSCC,440SingleComptonPlus218Single,2800,440,37,5281.0270681131215,2091.46484375,0.2565818027687324,5.215832677064643,accepted_saved_frame
JSCC,440SingleComptonPlus218Single,2850,218,10,1531.958034895624,1777.2364501953125,-0.06711525112937848,-0.6444503976729234,accepted_saved_frame
JSCC,440SingleComptonPlus218Single,2850,440,13,2116.310594482646,1680.5343017578125,0.043627623879730196,1.7285257985147913,accepted_saved_frame
JSCC,440SingleComptonPlus218Single,2850,218,17,2055.45073829455,1665.0987548828125,0.11400489372745515,1.5335175511773285,accepted_saved_frame
JSCC,440SingleComptonPlus218Single,2850,440,22,2758.6479681737674,1705.12548828125,0.10395198876844708,3.437148032901088,accepted_saved_frame
JSCC,440SingleComptonPlus218Single,2850,218,28,3095.460520494411,1751.9224853515625,0.37294275845783065,2.685428327916279,accepted_saved_frame
JSCC,440SingleComptonPlus218Single,2850,440,37,5316.313946357178,2090.10302734375,0.2596990759067918,5.248891717806768,accepted_saved_frame
JSCC,440SingleComptonPlus218Single,2900,218,10,1524.0062232308833,1772.2816162109375,-0.06812523997904292,-0.6483873121977661,accepted_saved_frame
JSCC,440SingleComptonPlus218Single,2900,440,13,2120.9223601851827,1679.4478759765625,0.04422668826600598,1.7314530747241077,accepted_saved_frame
JSCC,440SingleComptonPlus218Single,2900,218,17,2057.9066758790746,1663.6092529296875,0.11526029084599829,1.5377658578498234,accepted_saved_frame
JSCC,440SingleComptonPlus218Single,2900,440,22,2774.63779351336,1702.2564697265625,0.10599114657824978,3.4744843111710657,accepted_saved_frame
JSCC,440SingleComptonPlus218Single,2900,218,28,3109.4009749102815,1749.590087890625,0.37796301448329617,2.7026710251864015,accepted_saved_frame
JSCC,440SingleComptonPlus218Single,2900,440,37,5350.960795995024,2088.678466796875,0.26278180785393507,5.280892546037541,accepted_saved_frame
JSCC,440SingleComptonPlus218Single,2950,218,10,1516.293402865002,1767.4903564453125,-0.06911374319411011,-0.6520776979765867,accepted_saved_frame
JSCC,440SingleComptonPlus218Single,2950,440,13,2125.5298546607214,1678.3465576171875,0.0448279907188361,1.7346260678298455,accepted_saved_frame
JSCC,440SingleComptonPlus218Single,2950,218,17,2060.350270511578,1662.0860595703125,0.11652654614552452,1.5421859792779493,accepted_saved_frame
JSCC,440SingleComptonPlus218Single,2950,440,22,2790.876999624894,1699.4676513671875,0.10804884001941784,3.5116028833831803,accepted_saved_frame
JSCC,440SingleComptonPlus218Single,2950,218,28,3123.1891492103728,1747.2464599609375,0.38295987750449956,2.7197285392991986,accepted_saved_frame
JSCC,440SingleComptonPlus218Single,2950,440,37,5384.981879478255,2087.195068359375,0.26583054319054633,5.311862147763127,accepted_saved_frame
JSCC,440SingleComptonPlus218Single,3000,218,10,1508.8125317932324,1762.859130859375,-0.07008141720533408,-0.6555333466151989,accepted_saved_frame
JSCC,440SingleComptonPlus218Single,3000,440,13,2130.1355508595043,1677.2322998046875,0.04543155090423854,1.738030170262818,accepted_saved_frame
JSCC,440SingleComptonPlus218Single,3000,218,17,2062.7848288413784,1660.53271484375,0.11780344708903719,1.546765313193847,accepted_saved_frame
JSCC,440SingleComptonPlus218Single,3000,440,22,2807.360732660061,1696.7579345703125,0.11012456765415675,3.5484769823673137,accepted_saved_frame
JSCC,440SingleComptonPlus218Single,3000,218,28,3136.822839256302,1744.8936767578125,0.3879316957227135,2.7365908337474054,accepted_saved_frame
JSCC,440SingleComptonPlus218Single,3000,440,37,5418.389884592407,2085.657958984375,0.26884541644314364,5.34182151442552,accepted_saved_frame
JSCC,440SingleComptonPlus218Single,3050,218,10,1501.5569091011857,1758.3843994140625,-0.07102885039915377,-0.6587641490083611,accepted_saved_frame
JSCC,440SingleComptonPlus218Single,3050,440,13,2134.7426401091684,1676.1077880859375,0.04603736430967482,1.7416516731957565,accepted_saved_frame
JSCC,440SingleComptonPlus218Single,3050,218,17,2065.2123822916305,1658.9520263671875,0.119090664120565,1.551488881233028,accepted_saved_frame
JSCC,440SingleComptonPlus218Single,3050,440,22,2824.0827920766624,1694.125,0.112217893444073,3.585084324911185,accepted_saved_frame
JSCC,440SingleComptonPlus218Single,3050,218,28,3150.299999067721,1742.533203125,0.39287713599239993,2.753248897601165,accepted_saved_frame
JSCC,440SingleComptonPlus218Single,3050,440,37,5451.199434475063,2084.072021484375,0.27182673525048257,5.370795305692322,accepted_saved_frame
JSCC,440SingleComptonPlus218Single,3100,218,10,1494.519667058129,1754.062255859375,-0.07195661558070068,-0.6617803033685433,accepted_saved_frame
JSCC,440SingleComptonPlus218Single,3100,440,13,2139.352682872591,1674.9744873046875,0.04664541541041196,1.7454742984570302,accepted_saved_frame
JSCC,440SingleComptonPlus218Single,3100,218,17,2067.6353353765917,1657.3463134765625,0.12038814698712313,1.5563465970820716,accepted_saved_frame
JSCC,440SingleComptonPlus218Single,3100,440,22,2841.039609509442,1691.5675048828125,0.11432848390202856,3.621409340541949,accepted_saved_frame
JSCC,440SingleComptonPlus218Single,3100,218,28,3163.6188399800735,1740.1671142578125,0.39779460237041286,2.769694498234046,accepted_saved_frame
JSCC,440SingleComptonPlus218Single,3100,440,37,5483.421927171253,2082.4404296875,0.27477487833999625,5.398805424838756,accepted_saved_frame
JSCC,440SingleComptonPlus218Single,3150,218,10,1487.693625692386,1749.8895263671875,-0.07286556979794459,-0.6645938950306964,accepted_saved_frame
JSCC,440SingleComptonPlus218Single,3150,440,13,2143.9681599972287,1673.83447265625,0.04725570051741798,1.7494858313847739,accepted_saved_frame
JSCC,440SingleComptonPlus218Single,3150,218,17,2070.0557486724792,1655.7181396484375,0.12169564826229202,1.561326206136671,accepted_saved_frame
JSCC,440SingleComptonPlus218Single,3150,440,22,2858.2258559262964,1689.0833740234375,0.11645595362456032,3.657435311095727,accepted_saved_frame
JSCC,440SingleComptonPlus218Single,3150,218,28,3176.777098951065,1737.7969970703125,0.4026825831732834,2.785917133694865,accepted_saved_frame
JSCC,440SingleComptonPlus218Single,3150,440,37,5515.070409416515,2080.767578125,0.27769007484951164,5.425874192678297,accepted_saved_frame
JSCC,440SingleComptonPlus218Single,3200,218,10,1481.0732631867338,1745.862548828125,-0.07375601752644982,-0.6672118184928916,accepted_saved_frame
JSCC,440SingleComptonPlus218Single,3200,440,13,2148.5907219562696,1672.689453125,0.04786817675494747,1.7536703295031746,accepted_saved_frame
JSCC,440SingleComptonPlus218Single,3200,218,17,2072.476198444747,1654.0692138671875,0.12301337868223503,1.5664208487124514,accepted_saved_frame
JSCC,440SingleComptonPlus218Single,3200,440,22,2875.636695657241,1686.6708984375,0.11859990785961042,3.6931460007978245,accepted_saved_frame
JSCC,440SingleComptonPlus218Single,3200,218,28,3189.772728793538,1735.423583984375,0.40754004072557226,2.8019106742635245,accepted_saved_frame
JSCC,440SingleComptonPlus218Single,3200,440,37,5546.158300034233,2079.056884765625,0.28057276686188826,5.452024773030058,accepted_saved_frame
JSCC,440SingleComptonPlus218Single,3250,218,10,1474.6518937383817,1741.9775390625,-0.0746285790641032,-0.6696433148271612,accepted_saved_frame
JSCC,440SingleComptonPlus218Single,3250,440,13,2153.223823018732,1671.541015625,0.04848299605472062,1.7580224505903355,accepted_saved_frame
JSCC,440SingleComptonPlus218Single,3250,218,17,2074.8978287608193,1652.4022216796875,0.12434076277381358,1.571615529422522,accepted_saved_frame
JSCC,440SingleComptonPlus218Single,3250,440,22,2893.2670891733896,1684.327880859375,0.12076001743792648,3.728529633066791,accepted_saved_frame
JSCC,440SingleComptonPlus218Single,3250,218,28,3202.604094563122,1733.0487060546875,0.4123654690704146,2.8176653421225777,accepted_saved_frame
JSCC,440SingleComptonPlus218Single,3250,440,37,5576.6969786891805,2077.31201171875,0.2834231570268944,5.477276522858449,accepted_saved_frame
JSCC,440SingleComptonPlus218Single,3300,218,10,1468.4234012714153,1738.231689453125,-0.07548396821167082,-0.671898424015636,accepted_saved_frame
JSCC,440SingleComptonPlus218Single,3300,440,13,2157.8670407284535,1670.3905029296875,0.04909994975491101,1.7625218116933525,accepted_saved_frame
JSCC,440SingleComptonPlus218Single,3300,218,17,2077.3215941957183,1650.718505859375,0.12567765677056192,1.5769001859266223,accepted_saved_frame
JSCC,440SingleComptonPlus218Single,3300,440,22,2911.1113239410265,1682.052734375,0.12293578559470122,3.763573039514409,accepted_saved_frame
JSCC,440SingleComptonPlus218Single,3300,218,28,3215.2694635611488,1730.673828125,0.4171574970433476,2.8331746771145263,accepted_saved_frame
JSCC,440SingleComptonPlus218Single,3300,440,37,5606.698550441545,2075.535400390625,0.28624175134921953,5.501654316938713,accepted_saved_frame
JSCC,440SingleComptonPlus218Single,3350,218,10,1462.3819968662078,1734.6209716796875,-0.07632253867835469,-0.6739837350970198,accepted_saved_frame
JSCC,440SingleComptonPlus218Single,3350,440,13,2162.5237851120974,1669.2391357421875,0.049719228877345846,1.767165647630134,accepted_saved_frame
JSCC,440SingleComptonPlus218Single,3350,218,17,2079.7488366465873,1649.0198974609375,0.12702384517613582,1.582265275969689,accepted_saved_frame
JSCC,440SingleComptonPlus218Single,3350,440,22,2929.165007458476,1679.8431396484375,0.12512697735031975,3.7982666721221547,accepted_saved_frame
JSCC,440SingleComptonPlus218Single,3350,218,28,3227.7677290208935,1728.2994384765625,0.4219154189471935,2.848433452146523,accepted_saved_frame
JSCC,440SingleComptonPlus218Single,3350,440,37,5636.175011178258,2073.730224609375,0.28902887092012375,5.525176861140537,accepted_saved_frame
JSCC,440SingleComptonPlus218Single,3400,218,10,1456.5212298328854,1731.1422119140625,-0.077145050803619,-0.675908870691324,accepted_saved_frame
JSCC,440SingleComptonPlus218Single,3400,440,13,2167.1939500508292,1668.0880126953125,0.05034068452025243,1.7719375212777828,accepted_saved_frame
JSCC,440SingleComptonPlus218Single,3400,218,17,2082.181134464841,1647.3079833984375,0.12837926705252373,1.5877014109386536,accepted_saved_frame
JSCC,440SingleComptonPlus218Single,3400,440,22,2947.4231390500136,1677.6976318359375,0.12733315339064435,3.8326004379541505,accepted_saved_frame
JSCC,440SingleComptonPlus218Single,3400,218,28,3240.0971625806915,1725.9268798828125,0.4266378927230876,2.8634321125071573,accepted_saved_frame
JSCC,440SingleComptonPlus218Single,3400,440,37,5665.136802749071,2071.899658203125,0.29178469196850776,5.547861933157454,accepted_saved_frame
JSCC,440SingleComptonPlus218Single,3450,218,10,1450.8357644035118,1727.7923583984375,-0.0779519996758636,-0.6776810616849701,accepted_saved_frame
JSCC,440SingleComptonPlus218Single,3450,440,13,2171.879486740216,1666.9384765625,0.05096434127503612,1.7768294618046534,accepted_saved_frame
JSCC,440SingleComptonPlus218Single,3450,218,17,2084.6192329714067,1645.584228515625,0.12974365596808088,1.5932002821329012,accepted_saved_frame
JSCC,440SingleComptonPlus218Single,3450,440,22,2965.880966873065,1675.6138916015625,0.1295540532174533,3.8665698051232322,accepted_saved_frame
JSCC,440SingleComptonPlus218Single,3450,218,28,3252.256621305978,1723.5576171875,0.43132365456409183,2.878164462150096,accepted_saved_frame
JSCC,440SingleComptonPlus218Single,3450,440,37,5693.595321366428,2070.0458984375,0.2945096679177161,5.569730773820413,accepted_saved_frame
JSCC,440SingleComptonPlus218Single,3500,218,10,1445.3197306053432,1724.5679931640625,-0.0787439611457562,-0.6793082965186229,accepted_saved_frame
JSCC,440SingleComptonPlus218Single,3500,440,13,2176.5812126766823,1665.791259765625,0.05159018782538454,1.7818313606835825,accepted_saved_frame
JSCC,440SingleComptonPlus218Single,3500,218,17,2087.063802834443,1643.849853515625,0.1311168095312637,1.5987518742928886,accepted_saved_frame
JSCC,440SingleComptonPlus218Single,3500,440,22,2984.5346819399847,1673.5902099609375,0.1317894093887503,3.900171621039197,accepted_saved_frame
JSCC,440SingleComptonPlus218Single,3500,218,28,3264.245421475263,1721.1922607421875,0.4359720057217199,2.892625613857059,accepted_saved_frame
JSCC,440SingleComptonPlus218Single,3500,440,37,5721.562211594226,2068.171875,0.29720409545328114,5.590802259961139,accepted_saved_frame
JSCC,440SingleComptonPlus218Single,3550,218,10,1439.9688184928282,1721.4658203125,-0.07952111651635795,-0.6807943658511442,accepted_saved_frame
JSCC,440SingleComptonPlus218Single,3550,440,13,2181.301426757633,1664.64697265625,0.05221837759834107,1.7869395304058016,accepted_saved_frame
JSCC,440SingleComptonPlus218Single,3550,218,17,2089.516054832414,1642.1060791015625,0.13249868071996246,1.6043503618087915,accepted_saved_frame
JSCC,440SingleComptonPlus218Single,3550,440,22,3003.3785037656316,1671.625,0.13403873864080906,3.9333954794908648,accepted_saved_frame
JSCC,440SingleComptonPlus218Single,3550,218,28,3276.0630076204416,1718.8314208984375,0.44058227376588804,2.9068120459377855,accepted_saved_frame
JSCC,440SingleComptonPlus218Single,3550,440,37,5749.047671200332,2066.279052734375,0.2998684692196645,5.611096324132221,accepted_saved_frame
JSCC,440SingleComptonPlus218Single,3600,218,10,1434.7773592541073,1718.482666015625,-0.08028407414049188,-0.682147197596269,accepted_saved_frame
JSCC,440SingleComptonPlus218Single,3600,440,13,2186.0396796045793,1663.5072021484375,0.05284865574531529,1.7921377811706705,accepted_saved_frame
JSCC,440SingleComptonPlus218Single,3600,218,17,2091.9764606670806,1640.354248046875,0.13388895325077882,1.6099869202745711,accepted_saved_frame
JSCC,440SingleComptonPlus218Single,3600,440,22,3022.4085228637823,1669.7159423828125,0.1363018831068762,3.966243020352197,accepted_saved_frame
JSCC,440SingleComptonPlus218Single,3600,218,28,3287.708213214794,1716.47607421875,0.44515340473209036,2.9207178987713096,accepted_saved_frame
JSCC,440SingleComptonPlus218Single,3600,440,37,5776.0627765029285,2064.369873046875,0.30250312532967794,5.630633796095504,accepted_saved_frame
JSCC,440SingleComptonPlus218Single,3650,218,10,1429.73988975206,1715.6158447265625,-0.08103351534076897,-0.6833746826433638,accepted_saved_frame
JSCC,440SingleComptonPlus218Single,3650,440,13,2190.7973981905325,1662.3721923828125,0.05348113328287503,1.797421737459043,accepted_saved_frame
JSCC,440SingleComptonPlus218Single,3650,218,17,2094.44494846728,1638.59521484375,0.13528732910033592,1.6156523166951275,accepted_saved_frame
JSCC,440SingleComptonPlus218Single,3650,440,22,3041.6180898050634,1667.8616943359375,0.13857823790145674,3.9987064184707073,accepted_saved_frame
JSCC,440SingleComptonPlus218Single,3650,218,28,3299.1805984948082,1714.1273193359375,0.44968446867760875,2.93433861182265,accepted_saved_frame
JSCC,440SingleComptonPlus218Single,3650,440,37,5802.616077099298,2062.446533203125,0.30510823708812956,5.649427912418604,accepted_saved_frame
JSCC,440SingleComptonPlus218Single,3700,218,10,1424.8515456221112,1712.86181640625,-0.08176976453853974,-0.684482033939984,accepted_saved_frame
JSCC,440SingleComptonPlus218Single,3700,440,13,2195.576391381697,1661.242919921875,0.05411586176295807,1.8027855639090573,accepted_saved_frame
JSCC,440SingleComptonPlus218Single,3700,218,17,2096.9225121536524,1636.8299560546875,0.13669377645544714,1.6213423500707125,accepted_saved_frame
JSCC,440SingleComptonPlus218Single,3700,440,22,3061.004790737347,1666.0599365234375,0.14086780902995202,4.030790299490506,accepted_saved_frame
JSCC,440SingleComptonPlus218Single,3700,218,28,3310.480360449295,1711.78564453125,0.45417503602284376,2.9476710986482053,accepted_saved_frame
JSCC,440SingleComptonPlus218Single,3700,440,37,5828.718418557276,2060.510986328125,0.3076842099138411,5.667496885237154,accepted_saved_frame
JSCC,440SingleComptonPlus218Single,3750,218,10,1420.1082830398411,1710.21826171875,-0.08249321456561481,-0.6854746184987396,accepted_saved_frame
JSCC,440SingleComptonPlus218Single,3750,440,13,2200.3766492168115,1660.1197509765625,0.05475278899670672,1.8082217260631819,accepted_saved_frame
JSCC,440SingleComptonPlus218Single,3750,218,17,2099.408970198059,1635.059326171875,0.13810795721237912,1.62704760354995,accepted_saved_frame
JSCC,440SingleComptonPlus218Single,3750,440,22,3080.5631561394875,1664.3094482421875,0.14317009827894528,4.062489982295137,accepted_saved_frame
JSCC,440SingleComptonPlus218Single,3750,218,28,3321.6077096753147,1709.45166015625,0.4586246070784739,2.9607135416284325,accepted_saved_frame
JSCC,440SingleComptonPlus218Single,3750,440,37,5854.379541246119,2058.564697265625,0.31023146304143545,5.68486118290866,accepted_saved_frame
JSCC,440SingleComptonPlus218Single,3800,218,10,1415.5051656152657,1707.6817626953125,-0.0832042645179522,-0.6863569657622366,accepted_saved_frame
JSCC,440SingleComptonPlus218Single,3800,440,13,2205.1990512931334,1659.0035400390625,0.05539188643572152,1.8137222019766799,accepted_saved_frame
JSCC,440SingleComptonPlus218Single,3800,218,17,2101.905093686987,1633.2843017578125,0.13952976586763421,1.6327635986776066,accepted_saved_frame
JSCC,440SingleComptonPlus218Single,3800,440,22,3100.288816805988,1662.6082763671875,0.1454848592470722,4.09380682212257,accepted_saved_frame
JSCC,440SingleComptonPlus218Single,3800,218,28,3332.5619540451776,1707.126220703125,0.4630322812105543,2.9734611857736617,accepted_saved_frame
JSCC,440SingleComptonPlus218Single,3800,440,37,5879.60779492744,2056.609375,0.31275023822785214,5.701533205091436,accepted_saved_frame
JSCC,440SingleComptonPlus218Single,3850,218,10,1411.0374092519091,1705.250244140625,-0.0839035997718198,-0.6871375209017494,accepted_saved_frame
JSCC,440SingleComptonPlus218Single,3850,440,13,2210.0445597248467,1657.89453125,0.05603321502661824,1.8192819858906484,accepted_saved_frame
JSCC,440SingleComptonPlus218Single,3850,218,17,2104.410794317502,1631.5054931640625,0.14095897782564565,1.638483157210479,accepted_saved_frame
JSCC,440SingleComptonPlus218Single,3850,440,22,3120.1776183055686,1660.954833984375,0.14781180521523668,4.124743103703405,accepted_saved_frame
JSCC,440SingleComptonPlus218Single,3850,218,28,3343.343772950653,1704.8095703125,0.4673978779163364,2.9859130847017603,accepted_saved_frame
JSCC,440SingleComptonPlus218Single,3850,440,37,5904.413448863856,2054.646484375,0.31524098359851166,5.717532354348617,accepted_saved_frame
JSCC,440SingleComptonPlus218Single,3900,218,10,1406.7011110360984,1702.92041015625,-0.0845913778767741,-0.6878186993991172,accepted_saved_frame
JSCC,440SingleComptonPlus218Single,3900,440,13,2214.912377566236,1656.79345703125,0.056676590524722396,1.8248900894522262,accepted_saved_frame
JSCC,440SingleComptonPlus218Single,3900,218,17,2106.9265870377453,1629.723876953125,0.14239540421370564,1.6442020849916894,accepted_saved_frame
JSCC,440SingleComptonPlus218Single,3900,440,22,3140.225401472818,1659.34765625,0.15015063117679248,4.155299618423028,accepted_saved_frame
JSCC,440SingleComptonPlus218Single,3900,218,28,3353.9537078101066,1702.5029296875,0.4717206255585692,2.9980667513387944,accepted_saved_frame
JSCC,440SingleComptonPlus218Single,3900,440,37,5928.804721023995,2052.677490234375,0.31770397308622056,5.732873547971061,accepted_saved_frame
JSCC,440SingleComptonPlus218Single,3950,218,10,1402.4918254104075,1700.68994140625,-0.08526815223438065,-0.6884069658633994,accepted_saved_frame
JSCC,440SingleComptonPlus218Single,3950,440,13,2219.804329433066,1655.7010498046875,0.05732209339158485,1.8305448571849727,accepted_saved_frame
JSCC,440SingleComptonPlus218Single,3950,218,17,2109.4523499852103,1627.939697265625,0.14383894524519794,1.6499158796850175,accepted_saved_frame
JSCC,440SingleComptonPlus218Single,3950,440,22,3160.426987528819,1657.7850341796875,0.1525009809380616,4.185477055146224,accepted_saved_frame
JSCC,440SingleComptonPlus218Single,3950,218,28,3364.3923940654017,1700.2060546875,0.47600059332508604,3.009922376889828,accepted_saved_frame
JSCC,440SingleComptonPlus218Single,3950,440,37,5952.790710562815,2050.703857421875,0.3201395463964577,5.747570589109136,accepted_saved_frame
JSCC,440SingleComptonPlus218Single,4000,218,10,1398.4051919918734,1698.5560302734375,-0.08593434732896131,-0.688906951057321,accepted_saved_frame
JSCC,440SingleComptonPlus218Single,4000,440,13,2224.720734624121,1654.616943359375,0.05796980023208256,1.8362420626207308,accepted_saved_frame
JSCC,440SingleComptonPlus218Single,4000,218,17,2111.98839925681,1626.1539306640625,0.1452893464005357,1.6556178811254414,accepted_saved_frame
JSCC,440SingleComptonPlus218Single,4000,440,22,3180.779442523505,1656.2652587890625,0.15486273279159893,4.215283345324755,accepted_saved_frame
JSCC,440SingleComptonPlus218Single,4000,218,28,3374.660418826671,1697.920166015625,0.4802370070241265,3.021477251031404,accepted_saved_frame
JSCC,440SingleComptonPlus218Single,4000,440,37,5976.379726005043,2048.726806640625,0.32254803072235905,5.761641298773032,accepted_saved_frame
JSCC,440SingleComptonPlus218Single,4050,218,10,1394.4375914546072,1696.516357421875,-0.08659030050839359,-0.689323049730649,accepted_saved_frame
JSCC,440SingleComptonPlus218Single,4050,440,13,2229.6630732840067,1653.542236328125,0.05861970549751574,1.8419767474102549,accepted_saved_frame
JSCC,440SingleComptonPlus218Single,4050,218,17,2114.5343412160973,1624.366943359375,0.14674637398887735,1.6613034069926267,accepted_saved_frame
JSCC,440SingleComptonPlus218Single,4050,440,22,3201.278952235797,1654.7869873046875,0.1572356110080219,4.244721343682398,accepted_saved_frame
JSCC,440SingleComptonPlus218Single,4050,218,28,3384.7586257858934,1695.6453857421875,0.48442978024921407,3.032730970893412,accepted_saved_frame
JSCC,440SingleComptonPlus218Single,4050,440,37,5999.578969991368,2046.74755859375,0.32492965756465636,5.775095871084608,accepted_saved_frame
JSCC,440SingleComptonPlus218Single,4100,218,10,1390.5854639378392,1694.5684814453125,-0.08723631200743215,-0.6896589685148995,accepted_saved_frame
JSCC,440SingleComptonPlus218Single,4100,440,13,2234.6310106784713,1652.476806640625,0.059271785113249625,1.847744653420269,accepted_saved_frame
JSCC,440SingleComptonPlus218Single,4100,218,17,2117.090151424472,1622.5792236328125,0.14820985492430383,1.6669686760698563,accepted_saved_frame
JSCC,440SingleComptonPlus218Single,4100,440,22,3221.918846607714,1653.3486328125,0.1596191026737427,4.273789131726513,accepted_saved_frame
JSCC,440SingleComptonPlus218Single,4100,218,28,3394.6875688362716,1693.3819580078125,0.48857867313080616,3.0436829083551844,accepted_saved_frame
JSCC,440SingleComptonPlus218Single,4100,440,37,6022.398146332478,2044.767333984375,0.3272848592268518,5.787952496819472,accepted_saved_frame
JSCC,440SingleComptonPlus218Single,4150,218,10,1386.84481683958,1692.7099609375,-0.08787281479014722,-0.6899195096559403,accepted_saved_frame
JSCC,440SingleComptonPlus218Single,4150,440,13,2239.6247654168005,1651.4215087890625,0.05992593650699694,1.853538672744818,accepted_saved_frame
JSCC,440SingleComptonPlus218Single,4150,218,17,2119.656362931814,1620.79150390625,0.14967968508608126,1.6726098081524798,accepted_saved_frame
JSCC,440SingleComptonPlus218Single,4150,440,22,3242.696599222064,1651.94921875,0.16201300065834287,4.302493680737046,accepted_saved_frame
JSCC,440SingleComptonPlus218Single,4150,218,28,3404.449027602502,1691.130859375,0.49268337234833254,3.054333845370869,accepted_saved_frame
JSCC,440SingleComptonPlus218Single,4150,440,37,6044.84504053228,2042.7867431640625,0.3296140547094929,5.800226096021868,accepted_saved_frame
JSCC,440SingleComptonPlus218Single,4200,218,10,1383.2124062688404,1690.9383544921875,-0.08850003516485516,-0.6901075113678735,accepted_saved_frame
JSCC,440SingleComptonPlus218Single,4200,440,13,2244.6440472314516,1650.3760986328125,0.060582155864870105,1.8593526238870968,accepted_saved_frame
JSCC,440SingleComptonPlus218Single,4200,218,17,2122.2323554493814,1619.00390625,0.15115565112618037,1.6782233670867126,accepted_saved_frame
JSCC,440SingleComptonPlus218Single,4200,440,22,3263.6089103246813,1650.5872802734375,0.16441712088122046,4.3308409433516175,accepted_saved_frame
JSCC,440SingleComptonPlus218Single,4200,218,28,3414.043484222541,1688.891845703125,0.4967438922261476,3.064683291688468,accepted_saved_frame
JSCC,440SingleComptonPlus218Single,4200,440,37,6066.926034085105,2040.8072509765625,0.3319173366411968,5.811928028586565,accepted_saved_frame
JSCC,440SingleComptonPlus218Single,4250,218,10,1379.6840584807073,1689.2515869140625,-0.08911856072395177,-0.6902285560072492,accepted_saved_frame
JSCC,440SingleComptonPlus218Single,4250,440,13,2249.6897451424943,1649.34130859375,0.0612404240964218,1.8651831806207082,accepted_saved_frame
JSCC,440SingleComptonPlus218Single,4250,218,17,2124.8178643087276,1617.21728515625,0.15263735587212074,1.6838023352131548,accepted_saved_frame
JSCC,440SingleComptonPlus218Single,4250,440,22,3284.651663005975,1649.2611083984375,0.16683125201547436,4.358836166091732,accepted_saved_frame
JSCC,440SingleComptonPlus218Single,4250,218,28,3423.473237407888,1686.6656494140625,0.5007602036866158,3.0747341087802753,accepted_saved_frame
JSCC,440SingleComptonPlus218Single,4250,440,37,6088.649628059832,2038.8292236328125,0.33419523708959076,5.8230725106384655,accepted_saved_frame
JSCC,440SingleComptonPlus218Single,4300,218,10,1376.2574706246232,1687.6475830078125,-0.08972844804914462,-0.6902844767968253,accepted_saved_frame
JSCC,440SingleComptonPlus218Single,4300,440,13,2254.764099670758,1648.3170166015625,0.06190097807422977,1.8710343986119615,accepted_saved_frame
JSCC,440SingleComptonPlus218Single,4300,218,17,2127.4134302185444,1615.431396484375,0.15412507523817687,1.689348968565072,accepted_saved_frame
JSCC,440SingleComptonPlus218Single,4300,440,22,3305.8220047299887,1647.9698486328125,0.1692551448191952,4.38648511290285,accepted_saved_frame
JSCC,440SingleComptonPlus218Single,4300,218,28,3432.739090407308,1684.452392578125,0.5047321998467879,3.0844864568520087,accepted_saved_frame
JSCC,440SingleComptonPlus218Single,4300,440,37,6110.021929529976,2036.8541259765625,0.3364478186846659,5.833670506935182,accepted_saved_frame
JSCC,440SingleComptonPlus218Single,4350,218,10,1372.9281211926623,1686.1236572265625,-0.0903302560682936,-0.6902803898040657,accepted_saved_frame
JSCC,440SingleComptonPlus218Single,4350,440,13,2259.865572788636,1647.3035888671875,0.06256360103662481,1.8768957052194413,accepted_saved_frame
JSCC,440SingleComptonPlus218Single,4350,218,17,2130.0183128252406,1613.6470947265625,0.15561826412486282,1.6948569751875846,accepted_saved_frame
JSCC,440SingleComptonPlus218Single,4350,440,22,3327.1146493029582,1646.7120361328125,0.17168843038419812,4.413790980697428,accepted_saved_frame
JSCC,440SingleComptonPlus218Single,4350,218,28,3441.842759000058,1682.2528076171875,0.5086596769479845,3.0939402495529262,accepted_saved_frame
JSCC,440SingleComptonPlus218Single,4350,440,37,6131.050414853619,2034.882080078125,0.33867558571574957,5.843738160269349,accepted_saved_frame
JSCC,440SingleComptonPlus218Single,4400,218,10,1369.6939045700612,1684.677978515625,-0.09092405511796336,-0.6902180683338502,accepted_saved_frame
JSCC,440SingleComptonPlus218Single,4400,440,13,2264.994699038909,1646.301025390625,0.0632283383145551,1.882765580242736,accepted_saved_frame
JSCC,440SingleComptonPlus218Single,4400,218,17,2132.632876001299,1611.864501953125,0.15711699733932774,1.7003248172448155,accepted_saved_frame
JSCC,440SingleComptonPlus218Single,4400,440,22,3348.525557456893,1645.4864501953125,0.17413082285715825,4.440759091290854,accepted_saved_frame
JSCC,440SingleComptonPlus218Single,4400,218,28,3450.786362505598,1680.066650390625,0.512543122847234,3.1030993655164765,accepted_saved_frame
JSCC,440SingleComptonPlus218Single,4400,440,37,6151.741734117551,2032.914306640625,0.3408787005899054,5.853285040156525,accepted_saved_frame
JSCC,440SingleComptonPlus218Single,4450,218,10,1366.5515666605959,1683.30859375,-0.09151022378132058,-0.6901009872824809,accepted_saved_frame
JSCC,440SingleComptonPlus218Single,4450,440,13,2270.151658935771,1645.3096923828125,0.06389514739424978,1.8886399791908663,accepted_saved_frame
JSCC,440SingleComptonPlus218Single,4450,218,17,2135.256792781253,1610.083984375,0.15862104308196967,1.7057490999230722,accepted_saved_frame
JSCC,440SingleComptonPlus218Single,4450,440,22,3370.0518189216273,1644.2918701171875,0.17658215720986897,4.467398523548519,accepted_saved_frame
JSCC,440SingleComptonPlus218Single,4450,218,28,3459.570965558804,1677.8946533203125,0.5163821430807592,3.111963662756333,accepted_saved_frame
JSCC,440SingleComptonPlus218Single,4450,440,37,6172.104506841899,2030.951416015625,0.3430576381383819,5.86232518001175,accepted_saved_frame
JSCC,440SingleComptonPlus218Single,4500,218,10,1363.4981942621457,1682.0135498046875,-0.09208904816738347,-0.6899321789030551,accepted_saved_frame
JSCC,440SingleComptonPlus218Single,4500,440,13,2275.335583650897,1644.329833984375,0.06456389489630594,1.8945121374830494,accepted_saved_frame
JSCC,440SingleComptonPlus218Single,4500,218,17,2137.890134420355,1608.3055419921875,0.16013043472035274,1.711130298741428,accepted_saved_frame
JSCC,440SingleComptonPlus218Single,4500,440,22,3391.690252148334,1643.12744140625,0.17904216900760297,4.4937132210218165,accepted_saved_frame
JSCC,440SingleComptonPlus218Single,4500,218,28,3468.198399577413,1675.7369384765625,0.5201769257462855,3.120535973109673,accepted_saved_frame
JSCC,440SingleComptonPlus218Single,4500,440,37,6192.143007450779,2028.994140625,0.3452124815536538,5.8708685819179465,accepted_saved_frame
JSCC,440SingleComptonPlus218Single,4550,218,10,1360.5304422163886,1680.7908935546875,-0.09266094492731813,-0.6897157272825509,accepted_saved_frame
JSCC,440SingleComptonPlus218Single,4550,440,13,2280.5485181144177,1643.3616943359375,0.06523474495192141,1.9003839426638565,accepted_saved_frame
JSCC,440SingleComptonPlus218Single,4550,218,17,2140.532751079775,1606.5301513671875,0.16164474493358663,1.7164631749210146,accepted_saved_frame
JSCC,440SingleComptonPlus218Single,4550,440,22,3413.435290640149,1641.991943359375,0.181510430843939,4.519705228451475,accepted_saved_frame
JSCC,440SingleComptonPlus218Single,4550,218,28,3476.6707465908385,1673.59375,0.5239276602022834,3.1288189059459244,accepted_saved_frame
JSCC,440SingleComptonPlus218Single,4550,440,37,6211.865210788248,2027.042724609375,0.3473437429535409,5.878927929728979,accepted_saved_frame
JSCC,440SingleComptonPlus218Single,4600,218,10,1357.645489364575,1679.638427734375,-0.09322612758214949,-0.6894539418705609,accepted_saved_frame
JSCC,440SingleComptonPlus218Single,4600,440,13,2285.7899800577356,1642.4052734375,0.06590763751638572,1.906251110822242,accepted_saved_frame
JSCC,440SingleComptonPlus218Single,4600,218,17,2143.1835847191605,1604.757568359375,0.16316375958726356,1.7217455881375157,accepted_saved_frame
JSCC,440SingleComptonPlus218Single,4600,440,22,3435.287537397787,1640.8843994140625,0.1839871007486878,4.545389345136706,accepted_saved_frame
JSCC,440SingleComptonPlus218Single,4600,218,28,3484.9895471619448,1671.4649658203125,0.5276346014871767,3.1368139948431963,accepted_saved_frame
JSCC,440SingleComptonPlus218Single,4600,440,37,6231.276744473099,2025.09814453125,0.34945155356278756,5.8865148848491495,accepted_saved_frame
JSCC,440SingleComptonPlus218Single,4650,218,10,1354.84124696983,1678.5548095703125,-0.09378480254234216,-0.6891493919954709,accepted_saved_frame
JSCC,440SingleComptonPlus218Single,4650,440,13,2291.0598415100626,1641.4600830078125,0.0665826184854319,1.9121134578350598,accepted_saved_frame
JSCC,440SingleComptonPlus218Single,4650,218,17,2145.843059697841,1602.9881591796875,0.16468746632320755,1.726976204455319,accepted_saved_frame
JSCC,440SingleComptonPlus218Single,4650,440,22,3457.2419321158136,1639.8035888671875,0.1864718139624494,4.570767570428745,accepted_saved_frame
JSCC,440SingleComptonPlus218Single,4650,218,28,3493.157369690334,1669.351318359375,0.5312977878442123,3.144524297284396,accepted_saved_frame
JSCC,440SingleComptonPlus218Single,4650,440,37,6250.382341476638,2023.1605224609375,0.3515361866282266,5.893637347037276,accepted_saved_frame
JSCC,440SingleComptonPlus218Single,4700,218,10,1352.114634032418,1677.53759765625,-0.09433721111709485,-0.6888039700493146,accepted_saved_frame
JSCC,440SingleComptonPlus218Single,4700,440,13,2296.35882475253,1640.5269775390625,0.06725962901447594,1.9179671195461434,accepted_saved_frame
JSCC,440SingleComptonPlus218Single,4700,218,17,2148.5105167469974,1601.221923828125,0.16621567141073013,1.732153095937791,accepted_saved_frame
JSCC,440SingleComptonPlus218Single,4700,440,22,3479.2926200054176,1638.7491455078125,0.18896394352761323,4.595839695398861,accepted_saved_frame
JSCC,440SingleComptonPlus218Single,4700,218,28,3501.1755507327534,1667.25244140625,0.5349175672473998,3.1519532024219314,accepted_saved_frame
JSCC,440SingleComptonPlus218Single,4700,440,37,6269.189177457052,2021.230712890625,0.35359793064898,5.9003094406624506,accepted_saved_frame
JSCC,440SingleComptonPlus218Single,4750,218,10,1349.4621740997413,1676.5855712890625,-0.09488399963765963,-0.6884233320351413,accepted_saved_frame
JSCC,440SingleComptonPlus218Single,4750,440,13,2301.6863723135107,1639.605712890625,0.06793863556269329,1.9238082705679433,accepted_saved_frame
JSCC,440SingleComptonPlus218Single,4750,218,17,2151.185848703337,1599.45947265625,0.16774809848736233,1.7372731857564063,accepted_saved_frame
JSCC,440SingleComptonPlus218Single,4750,440,22,3501.438029815854,1637.719482421875,0.19146357053280538,4.620619059818869,accepted_saved_frame
JSCC,440SingleComptonPlus218Single,4750,218,28,3509.0459527937496,1665.1688232421875,0.5384939226637182,3.1591041021364306,accepted_saved_frame
JSCC,440SingleComptonPlus218Single,4750,440,37,6287.70299821156,2019.3087158203125,0.3556371748038281,5.906542273718944,accepted_saved_frame
JSCC,440SingleComptonPlus218Single,4800,218,10,1346.882600348862,1675.6964111328125,-0.09542492134285223,-0.6880062204476624,accepted_saved_frame
JSCC,440SingleComptonPlus218Single,4800,440,13,2307.0430841121665,1638.696533203125,0.06861965308230847,1.9296366055221077,accepted_saved_frame
JSCC,440SingleComptonPlus218Single,4800,218,17,2153.869256027964,1597.7008056640625,0.16928481165214015,1.7423378201430877,accepted_saved_frame
JSCC,440SingleComptonPlus218Single,4800,440,22,3523.676178935513,1636.713623046875,0.1939706079107028,4.645113549679547,accepted_saved_frame
JSCC,440SingleComptonPlus218Single,4800,218,28,3516.7713815553575,1663.1005859375,0.5420273373675547,3.165978247960261,accepted_saved_frame
JSCC,440SingleComptonPlus218Single,4800,440,37,6305.9291583838185,2017.3955078125,0.357654023085979,5.912343389951234,accepted_saved_frame
JSCC,440SingleComptonPlus218Single,4850,218,10,1344.3737810631658,1674.8695068359375,-0.09596038268061088,-0.6875562864808892,accepted_saved_frame
JSCC,440SingleComptonPlus218Single,4850,440,13,2312.428848600326,1637.799560546875,0.0693026406828253,1.935448250940308,accepted_saved_frame
JSCC,440SingleComptonPlus218Single,4850,218,17,2156.559875630992,1595.9461669921875,0.17082545062510518,1.7473439129784498,accepted_saved_frame
JSCC,440SingleComptonPlus218Single,4850,440,22,3546.001988575506,1635.73095703125,0.1964845735882782,4.66932392276342,accepted_saved_frame
JSCC,440SingleComptonPlus218Single,4850,218,28,3524.3536102429384,1661.0479736328125,0.5455179202901873,3.1725797782715324,accepted_saved_frame
JSCC,440SingleComptonPlus218Single,4850,440,37,6323.872914441216,2015.4910888671875,0.3596488241242705,5.917722891728888,accepted_saved_frame
JSCC,440SingleComptonPlus218Single,4900,218,10,1341.933213408737,1674.1024169921875,-0.09649047438150962,-0.6870743880916403,accepted_saved_frame
JSCC,440SingleComptonPlus218Single,4900,440,13,2317.842735521891,1636.9139404296875,0.06998761507033696,1.9412416956902747,accepted_saved_frame
JSCC,440SingleComptonPlus218Single,4900,218,17,2159.258675429651,1594.1954345703125,0.1723703623851845,1.7522945904533782,accepted_saved_frame
JSCC,440SingleComptonPlus218Single,4900,440,22,3568.413319740706,1634.7708740234375,0.19900529003451609,4.693258585388782,accepted_saved_frame
JSCC,440SingleComptonPlus218Single,4900,218,28,3531.794757447611,1659.0107421875,0.5489661871947377,3.1789135045936048,accepted_saved_frame
JSCC,440SingleComptonPlus218Single,4900,440,37,6341.540700562463,2013.595947265625,0.36162189836180725,5.922691659242563,accepted_saved_frame
JSCC,440SingleComptonPlus218Single,4950,218,10,1339.5582389218248,1673.3935546875,-0.09701553562121319,-0.6865636616791155,accepted_saved_frame
JSCC,440SingleComptonPlus218Single,4950,440,13,2323.285323392773,1636.040771484375,0.07067446426530158,1.947013682054039,accepted_saved_frame
JSCC,440SingleComptonPlus218Single,4950,218,17,2161.964704922435,1592.44921875,0.17391900634196855,1.7571852254373264,accepted_saved_frame
JSCC,440SingleComptonPlus218Single,4950,440,22,3590.9057974466464,1633.83203125,0.20153251800975375,4.716920885148672,accepted_saved_frame
JSCC,440SingleComptonPlus218Single,4950,218,28,3539.0969759388367,1656.9892578125,0.5523722882269348,3.1849811950653453,accepted_saved_frame
JSCC,440SingleComptonPlus218Single,4950,440,37,6358.937649789734,2011.71044921875,0.3635734895792637,5.927260763394471,accepted_saved_frame
JSCC,440SingleComptonPlus218Single,5000,218,10,1337.2468246018389,1672.7418212890625,-0.09753584087423692,-0.6860265103486161,accepted_saved_frame
JSCC,440SingleComptonPlus218Single,5000,440,13,2328.756965209535,1635.1798095703125,0.07136324767621496,1.9527648238068023,accepted_saved_frame
JSCC,440SingleComptonPlus218Single,5000,218,17,2164.6771756972657,1590.7071533203125,0.1754712929187097,1.7620147774382737,accepted_saved_frame
JSCC,440SingleComptonPlus218Single,5000,440,22,3613.4765157597008,1632.9139404296875,0.20406598204570256,4.740317432573419,accepted_saved_frame
JSCC,440SingleComptonPlus218Single,5000,218,28,3546.2622748786557,1654.9835205078125,0.5557365620249386,3.1907855810211303,accepted_saved_frame
JSCC,440SingleComptonPlus218Single,5000,440,37,6376.067728816416,2009.8349609375,0.36550374402585073,5.931436078344062,accepted_saved_frame
JSCC,440SingleComptonPlus218Single,5050,218,10,1334.996664458149,1672.145263671875,-0.09805154840074234,-0.6854643175216861,accepted_saved_frame
JSCC,440SingleComptonPlus218Single,5050,440,13,2334.256758939648,1634.3309326171875,0.07205387801463836,1.9584900086950325,accepted_saved_frame
JSCC,440SingleComptonPlus218Single,5050,218,17,2167.3973197564587,1588.969970703125,0.17702729322952793,1.7667848761375249,accepted_saved_frame
JSCC,440SingleComptonPlus218Single,5050,440,22,3636.1229707775396,1632.0157470703125,0.20660553415894511,4.763454590577106,accepted_saved_frame
JSCC,440SingleComptonPlus218Single,5050,218,28,3553.293080150085,1652.994140625,0.5590590878754548,3.1963312921906617,accepted_saved_frame
JSCC,440SingleComptonPlus218Single,5050,440,37,6392.935018875848,2007.9696044921875,0.367412882446593,5.935226803834482,accepted_saved_frame
JSCC,440SingleComptonPlus218Single,5100,218,10,1332.805687416788,1671.6026611328125,-0.09856292157770723,-0.6848792332307502,accepted_saved_frame
JSCC,440SingleComptonPlus218Single,5100,440,13,2339.787414135729,1633.4940185546875,0.07274663991875753,1.9641965883957695,accepted_saved_frame
JSCC,440SingleComptonPlus218Single,5100,218,17,2170.123556945936,1587.2376708984375,0.1785865209750993,1.7714904662306168,accepted_saved_frame
JSCC,440SingleComptonPlus218Single,5100,440,22,3658.8425221402,1631.1368408203125,0.2091509603437581,4.786338474709774,accepted_saved_frame
JSCC,440SingleComptonPlus218Single,5100,218,28,3560.1915465378556,1651.020263671875,0.5623407935287396,3.201623244304297,accepted_saved_frame
JSCC,440SingleComptonPlus218Single,5100,440,37,6409.54565907714,2006.1146240234375,0.3693012664603559,5.938643143253064,accepted_saved_frame
JSCC,440SingleComptonPlus218Single,5150,218,10,1330.6722777142786,1671.11279296875,-0.09907009398383805,-0.6842727832555839,accepted_saved_frame
JSCC,440SingleComptonPlus218Single,5150,440,13,2345.345869774197,1632.669189453125,0.07344118793030395,1.9698734373468443,accepted_saved_frame
JSCC,440SingleComptonPlus218Single,5150,218,17,2172.8559987228336,1585.51025390625,0.18014900651433338,1.7761343249946717,accepted_saved_frame
JSCC,440SingleComptonPlus218Single,5150,440,22,3681.632733582403,1630.2763671875,0.21170212747983058,4.8089765728297875,accepted_saved_frame
JSCC,440SingleComptonPlus218Single,5150,218,28,3566.959340268116,1649.0623779296875,0.5655816197542335,3.2066638559976894,accepted_saved_frame
JSCC,440SingleComptonPlus218Single,5150,440,37,6425.904994571382,2004.2705078125,0.3711691263936762,5.941695210006941,accepted_saved_frame
JSCC,440SingleComptonPlus218Single,5200,218,10,1328.5942231696517,1670.673583984375,-0.09957317745449779,-0.6836461122246199,accepted_saved_frame
JSCC,440SingleComptonPlus218Single,5200,440,13,2350.9337313679557,1631.8565673828125,0.07413765672568279,1.9755241459372515,accepted_saved_frame
JSCC,440SingleComptonPlus218Single,5200,218,17,2175.5942456120783,1583.7877197265625,0.1817146233964065,1.7807152055664608,accepted_saved_frame
JSCC,440SingleComptonPlus218Single,5200,440,22,3704.4907727067425,1629.4334716796875,0.21425886621586382,4.831374706345114,accepted_saved_frame
JSCC,440SingleComptonPlus218Single,5200,218,28,3573.599403841044,1647.12060546875,0.5687821169467777,3.211457577044649,accepted_saved_frame
JSCC,440SingleComptonPlus218Single,5200,440,37,6442.0165038692585,2002.4373779296875,0.3730166344112882,5.944388042668172,accepted_saved_frame
JSCC,440SingleComptonPlus218Single,5250,218,10,1326.5694584003215,1670.2841796875,-0.10007252673509749,-0.6830017702100049,accepted_saved_frame
JSCC,440SingleComptonPlus218Single,5250,440,13,2356.5500855770997,1631.0560302734375,0.07483595751842773,1.9811450048456034,accepted_saved_frame
JSCC,440SingleComptonPlus218Single,5250,218,17,2178.338890917552,1582.0706787109375,0.18328329140370198,1.7852328633495431,accepted_saved_frame
JSCC,440SingleComptonPlus218Single,5250,440,22,3727.411292099371,1628.6077880859375,0.21682063657807107,4.853533777934745,accepted_saved_frame
JSCC,440SingleComptonPlus218Single,5250,218,28,3580.113698967124,1645.195068359375,0.5719425496128308,3.2160081266155753,accepted_saved_frame
JSCC,440SingleComptonPlus218Single,5250,440,37,6457.884775764677,2000.615478515625,0.37484402376233017,5.946731790216305,accepted_saved_frame
JSCC,440SingleComptonPlus218Single,5300,218,10,1324.5968718206768,1669.943359375,-0.10056813627306473,-0.6823404269514141,accepted_saved_frame
JSCC,440SingleComptonPlus218Single,5300,440,13,2362.196125285018,1630.2674560546875,0.07553621883938105,1.9867387471781282,accepted_saved_frame
JSCC,440SingleComptonPlus218Single,5300,218,17,2181.088247760031,1580.3583984375,0.18485479609251462,1.7896862128438777,accepted_saved_frame
JSCC,440SingleComptonPlus218Single,5300,440,22,3750.3924393095476,1627.7982177734375,0.2193874351163279,4.875462829025849,accepted_saved_frame
JSCC,440SingleComptonPlus218Single,5300,218,28,3586.5042699520754,1643.2852783203125,0.575063603590768,3.2203199836397953,accepted_saved_frame
JSCC,440SingleComptonPlus218Single,5300,440,37,6473.515437627876,1998.8048095703125,0.37665168230556,5.94873719424746,accepted_saved_frame
JSCC,440SingleComptonPlus218Single,5350,218,10,1322.6740033802878,1669.6494140625,-0.1010602827108918,-0.6816637735976891,accepted_saved_frame
JSCC,440SingleComptonPlus218Single,5350,440,13,2367.870851763161,1629.490966796875,0.07623830667735733,1.9923003062798044,accepted_saved_frame
JSCC,440SingleComptonPlus218Single,5350,218,17,2183.843636692631,1578.651611328125,0.18642922715477012,1.7940779652750631,accepted_saved_frame
JSCC,440SingleComptonPlus218Single,5350,440,22,3773.4328854056203,1627.00439453125,0.22195914348007775,4.897165875897824,accepted_saved_frame
JSCC,440SingleComptonPlus218Single,5350,218,28,3592.772349051666,1641.391845703125,0.5781450208706953,3.224394723327284,accepted_saved_frame
JSCC,440SingleComptonPlus218Single,5350,440,37,6488.91078846738,1997.0057373046875,0.37843961931323045,5.9504085024919755,accepted_saved_frame
JSCC,440SingleComptonPlus218Single,5400,218,10,1320.799699298822,1669.4013671875,-0.10154903379054235,-0.6809727103332656,accepted_saved_frame
JSCC,440SingleComptonPlus218Single,5400,440,13,2373.5734511047485,1628.7261962890625,0.07694217906989839,1.997828803995174,accepted_saved_frame
JSCC,440SingleComptonPlus218Single,5400,218,17,2186.603803269886,1576.950439453125,0.18800613859310203,1.798404179231815,accepted_saved_frame
JSCC,440SingleComptonPlus218Single,5400,440,22,3796.52901667361,1626.22607421875,0.2245353792515626,4.918649582669511,accepted_saved_frame
JSCC,440SingleComptonPlus218Single,5400,218,28,3598.9211373110834,1639.5145263671875,0.5811876803321144,3.2282391871313356,accepted_saved_frame
JSCC,440SingleComptonPlus218Single,5400,440,37,6504.07646966023,1995.2183837890625,0.38020819241369186,5.95175367301283,accepted_saved_frame
JSCC,440SingleComptonPlus218Single,5450,218,10,1318.972365793308,1669.1978759765625,-0.1020345028900921,-0.6802682615571013,accepted_saved_frame
JSCC,440SingleComptonPlus218Single,5450,440,13,2379.3055057143533,1627.9737548828125,0.07764789467924406,2.00332488549658,accepted_saved_frame
JSCC,440SingleComptonPlus218Single,5450,218,17,2189.368833163342,1575.2547607421875,0.18958560040428046,1.8026662849105481,accepted_saved_frame
JSCC,440SingleComptonPlus218Single,5450,440,22,3819.6776542091457,1625.4620361328125,0.22711604309602418,4.939915652768129,accepted_saved_frame
JSCC,440SingleComptonPlus218Single,5450,218,28,3604.9531670304423,1637.6533203125,0.5841921108424423,3.2318583015009668,accepted_saved_frame
JSCC,440SingleComptonPlus218Single,5450,440,37,6519.015085739773,1993.4429931640625,0.38195747076819864,5.952780693477922,accepted_saved_frame
JSCC,440SingleComptonPlus218Single,5500,218,10,1317.1893235970156,1669.0379638671875,-0.1025172060251621,-0.6795539529825187,accepted_saved_frame
JSCC,440SingleComptonPlus218Single,5500,440,13,2385.065113843747,1627.2330322265625,0.0783553358885419,2.008785430536657,accepted_saved_frame
JSCC,440SingleComptonPlus218Single,5500,218,17,2192.1389020374777,1573.5648193359375,0.1911675534697766,1.8068645598262714,accepted_saved_frame
JSCC,440SingleComptonPlus218Single,5500,440,22,3842.876302228193,1624.7120361328125,0.22970087455231297,4.960969530441529,accepted_saved_frame
JSCC,440SingleComptonPlus218Single,5500,218,28,3610.869711184935,1635.80810546875,0.5871585516718476,3.235253443448665,accepted_saved_frame
JSCC,440SingleComptonPlus218Single,5500,440,37,6533.731881379293,1991.679443359375,0.38368784812727014,5.953498045275804,accepted_saved_frame
JSCC,440SingleComptonPlus218Single,5550,218,10,1315.4493604457646,1668.920166015625,-0.10299712139137555,-0.6788296765956446,accepted_saved_frame
JSCC,440SingleComptonPlus218Single,5550,440,13,2390.8534456718235,1626.5040283203125,0.07906461080805616,2.0142132301503812,accepted_saved_frame
JSCC,440SingleComptonPlus218Single,5550,218,17,2194.9133264477623,1571.8804931640625,0.1927518297952774,1.8109989691408503,accepted_saved_frame
JSCC,440SingleComptonPlus218Single,5550,440,22,3866.1218815112798,1623.975341796875,0.23228967399498684,4.981817094115332,accepted_saved_frame
JSCC,440SingleComptonPlus218Single,5550,218,28,3616.6737630200864,1633.97900390625,0.5900875974553811,3.238430304557084,accepted_saved_frame
JSCC,440SingleComptonPlus218Single,5550,440,37,6548.230231437285,1989.927978515625,0.38539946076420256,5.953912592226132,accepted_saved_frame
JSCC,440SingleComptonPlus218Single,5600,218,10,1313.7512732993368,1668.843505859375,-0.10347433861180674,-0.6780966375505181,accepted_saved_frame
JSCC,440SingleComptonPlus218Single,5600,440,13,2396.6700709349443,1625.7867431640625,0.07977566204075358,2.0196051954872885,accepted_saved_frame
JSCC,440SingleComptonPlus218Single,5600,218,17,2197.6920991034276,1570.2021484375,0.19433825885956213,1.8150701937703344,accepted_saved_frame
JSCC,440SingleComptonPlus218Single,5600,440,22,3889.4118427472517,1623.2515869140625,0.23488220988299988,5.002460843846099,accepted_saved_frame
JSCC,440SingleComptonPlus218Single,5600,218,28,3622.3664649555785,1632.166015625,0.5929793761056961,3.241391364899948,accepted_saved_frame
JSCC,440SingleComptonPlus218Single,5600,440,37,6562.515510807634,1988.188720703125,0.38709264861841347,5.9540324444420305,accepted_saved_frame
JSCC,440SingleComptonPlus218Single,5650,218,10,1312.0942751771001,1668.8065185546875,-0.10394871573260055,-0.6773535105680669,accepted_saved_frame
JSCC,440SingleComptonPlus218Single,5650,440,13,2402.514727678879,1625.0810546875,0.08048846811988189,2.0249611339060127,accepted_saved_frame
JSCC,440SingleComptonPlus218Single,5650,218,17,2200.4746532473046,1568.529541015625,0.19592675989650812,1.8190766633833668,accepted_saved_frame
JSCC,440SingleComptonPlus218Single,5650,440,22,3912.7428780544024,1622.5399169921875,0.23747829585717237,5.022905031794618,accepted_saved_frame
JSCC,440SingleComptonPlus218Single,5650,218,28,3627.950146202002,1630.3687744140625,0.5958346153784886,3.2441419110911855,accepted_saved_frame
JSCC,440SingleComptonPlus218Single,5650,440,37,6576.590965642854,1986.461669921875,0.3887676070172004,5.953865352614148,accepted_saved_frame
JSCC,440SingleComptonPlus218Single,5700,218,10,1310.4759205514595,1668.8084716796875,-0.1044207637732121,-0.6766042188227006,accepted_saved_frame
JSCC,440SingleComptonPlus218Single,5700,440,13,2408.386910751054,1624.38671875,0.08120300123633375,2.0302800605122258,accepted_saved_frame
JSCC,440SingleComptonPlus218Single,5700,218,17,2203.2611639254574,1566.8631591796875,0.19751716332166566,1.8230194062260587,accepted_saved_frame
JSCC,440SingleComptonPlus218Single,5700,440,22,3936.1126457945975,1621.84033203125,0.24007763564104406,5.043152795154882,accepted_saved_frame
JSCC,440SingleComptonPlus218Single,5700,218,28,3633.427611212173,1628.588134765625,0.598653379643788,3.2466843509851797,accepted_saved_frame
JSCC,440SingleComptonPlus218Single,5700,440,37,6590.459470385782,1984.7471923828125,0.3904243980513454,5.953415187632851,accepted_saved_frame
JSCC,440SingleComptonPlus218Single,5750,218,10,1308.89501128856,1668.8482666015625,-0.10489054774385635,-0.6758493346219201,accepted_saved_frame
JSCC,440SingleComptonPlus218Single,5750,440,13,2414.2861964838007,1623.7042236328125,0.08191912948833348,2.035559490417776,accepted_saved_frame
JSCC,440SingleComptonPlus218Single,5750,218,17,2206.051047583406,1565.20263671875,0.19910943529146047,1.8268987640206449,accepted_saved_frame
JSCC,440SingleComptonPlus218Single,5750,440,22,3959.518415381991,1621.152099609375,0.24268007758378776,5.063209675870441,accepted_saved_frame
JSCC,440SingleComptonPlus218Single,5750,218,28,3638.800074000785,1626.8228759765625,0.601436641933882,3.249024719224015,accepted_saved_frame
JSCC,440SingleComptonPlus218Single,5750,440,37,6604.123677527276,1983.045166015625,0.3920632026206071,5.952689386838964,accepted_saved_frame
JSCC,440SingleComptonPlus218Single,5800,218,10,1307.3507068302854,1668.9248046875,-0.10535803000663284,-0.6750885188004595,accepted_saved_frame
JSCC,440SingleComptonPlus218Single,5800,440,13,2420.215166458946,1623.03271484375,0.08263723891025843,2.0408063681326003,accepted_saved_frame
JSCC,440SingleComptonPlus218Single,5800,218,17,2208.8441506367885,1563.5482177734375,0.20070340881667498,1.8307144068190777,accepted_saved_frame
JSCC,440SingleComptonPlus218Single,5800,440,22,3982.9594675984968,1620.474609375,0.2452856520259761,5.083083897730144,accepted_saved_frame
JSCC,440SingleComptonPlus218Single,5800,218,28,3644.069014372317,1625.0736083984375,0.6041842407886355,3.2511651820976524,accepted_saved_frame
JSCC,440SingleComptonPlus218Single,5800,440,37,6617.588471979426,1981.35546875,0.3936843928982942,5.951696285395348,accepted_saved_frame
JSCC,440SingleComptonPlus218Single,5850,218,10,1305.8414031884295,1669.0372314453125,-0.10582345256067777,-0.6743236168565674,accepted_saved_frame
JSCC,440SingleComptonPlus218Single,5850,440,13,2426.170111722268,1622.373046875,0.08335680022317268,2.0460093204719976,accepted_saved_frame
JSCC,440SingleComptonPlus218Single,5850,218,17,2211.640491833297,1561.89990234375,0.2022990764549578,1.834467664834167,accepted_saved_frame
JSCC,440SingleComptonPlus218Single,5850,440,22,4006.435070438324,1619.8077392578125,0.24789426638822856,5.102780810708408,accepted_saved_frame
JSCC,440SingleComptonPlus218Single,5850,218,28,3649.2373406032216,1623.3402099609375,0.6068969331561376,3.2531094336721025,accepted_saved_frame
JSCC,440SingleComptonPlus218Single,5850,440,37,6630.857010119742,1979.6785888671875,0.3952880227484607,5.950439254206686,accepted_saved_frame
JSCC,440SingleComptonPlus218Single,5900,218,10,1304.3657642622086,1669.1842041015625,-0.10628686935970495,-0.6735545809450674,accepted_saved_frame
JSCC,440SingleComptonPlus218Single,5900,440,13,2432.151728799207,1621.72412109375,0.08407804263496543,2.0511722173323927,accepted_saved_frame
JSCC,440SingleComptonPlus218Single,5900,218,17,2214.4401250800584,1560.2579345703125,0.20389633365256693,1.8381592631447872,accepted_saved_frame
JSCC,440SingleComptonPlus218Single,5900,440,22,4029.939488732694,1619.1505126953125,0.2505055297170487,5.122301175934,accepted_saved_frame
JSCC,440SingleComptonPlus218Single,5900,218,28,3654.30723070173,1621.62255859375,0.6095752631097392,3.254863766313375,accepted_saved_frame
JSCC,440SingleComptonPlus218Single,5900,440,37,6643.932627237853,1978.0142822265625,0.3968743697805981,5.948926486540085,accepted_saved_frame
JSCC,440SingleComptonPlus218Single,5950,218,10,1302.9227610891655,1669.364990234375,-0.106748385383947,-0.6727824499278461,accepted_saved_frame
JSCC,440SingleComptonPlus218Single,5950,440,13,2438.160435255037,1621.086669921875,0.08480088283487985,2.0562963635575198,accepted_saved_frame
JSCC,440SingleComptonPlus218Single,5950,218,17,2217.242398496667,1558.6219482421875,0.20549512506966272,1.8417896533879892,accepted_saved_frame
JSCC,440SingleComptonPlus218Single,5950,440,22,4053.468954325842,1618.5029296875,0.25311900685680133,5.1416426311264205,accepted_saved_frame
JSCC,440SingleComptonPlus218Single,5950,218,28,3659.280239061384,1619.920654296875,0.6122195098674454,3.256431307942078,accepted_saved_frame
JSCC,440SingleComptonPlus218Single,5950,440,37,6656.8193992741935,1976.362548828125,0.3984437070383895,5.947167617283223,accepted_saved_frame
JSCC,440SingleComptonPlus218Single,6000,218,10,1301.5107979237841,1669.5789794921875,-0.10720829942088073,-0.672009346262414,accepted_saved_frame
JSCC,440SingleComptonPlus218Single,6000,440,13,2444.196092843615,1620.460205078125,0.08552536946657066,2.0613804659443415,accepted_saved_frame
JSCC,440SingleComptonPlus218Single,6000,218,17,2220.0466767096013,1556.9920654296875,0.20709518430353405,1.8453571889876892,accepted_saved_frame
JSCC,440SingleComptonPlus218Single,6000,440,22,4077.0225416303965,1617.8642578125,0.25573474941723656,5.160814694994457,accepted_saved_frame
JSCC,440SingleComptonPlus218Single,6000,218,28,3664.1581662938074,1618.234375,0.614830112872608,3.257815418524255,accepted_saved_frame
JSCC,440SingleComptonPlus218Single,6000,440,37,6669.520044457855,1974.7236328125,0.3999961232020753,5.94516460624355,accepted_saved_frame
JSCC,440SingleComptonPlus218Single,6050,218,10,1300.1291629509144,1669.8248291015625,-0.10766648747637762,-0.67123433552733,accepted_saved_frame
JSCC,440SingleComptonPlus218Single,6050,440,13,2450.257687670149,1619.844482421875,0.08625142274781733,2.066423117709007,accepted_saved_frame
JSCC,440SingleComptonPlus218Single,6050,218,17,2222.853340794254,1555.3690185546875,0.2086962883758558,1.8488629432715555,accepted_saved_frame
JSCC,440SingleComptonPlus218Single,6050,440,22,4100.596778216605,1617.2344970703125,0.25835235559495295,5.179816272763266,accepted_saved_frame
JSCC,440SingleComptonPlus218Single,6050,218,28,3668.9427036504603,1616.5634765625,0.6174075666007973,3.259019122196871,accepted_saved_frame
JSCC,440SingleComptonPlus218Single,6050,440,37,6682.037252666447,1973.09716796875,0.40153188097040254,5.942924246929706,accepted_saved_frame
JSCC,440SingleComptonPlus218Single,6100,218,10,1298.7763002647082,1670.101806640625,-0.10812321129099485,-0.6704591295535789,accepted_saved_frame
JSCC,440SingleComptonPlus218Single,6100,440,13,2456.346145548555,1619.2396240234375,0.08697910697110264,2.07142683975348,accepted_saved_frame
JSCC,440SingleComptonPlus218Single,6100,218,17,2225.6629760902424,1553.7520751953125,0.21029893100187413,1.8523111807815034,accepted_saved_frame
JSCC,440SingleComptonPlus218Single,6100,440,22,4124.19030996576,1616.6126708984375,0.26097190263558995,5.198654716850507,accepted_saved_frame
JSCC,440SingleComptonPlus218Single,6100,218,28,3673.6361050956816,1614.9083251953125,0.6199521223911847,3.2600478523424026,accepted_saved_frame
JSCC,440SingleComptonPlus218Single,6100,440,37,6694.373383941223,1971.483642578125,0.40305096992760814,5.940450839817432,accepted_saved_frame
JSCC,440SingleComptonPlus218Single,6150,218,10,1297.4512811887687,1670.4085693359375,-0.10857841278652723,-0.6696831796597137,accepted_saved_frame
JSCC,440SingleComptonPlus218Single,6150,440,13,2462.4617191448606,1618.645751953125,0.08770841627218022,2.076390883738995,accepted_saved_frame
JSCC,440SingleComptonPlus218Single,6150,218,17,2228.473213135086,1552.1414794921875,0.21190224588193213,1.8556957669000365,accepted_saved_frame
JSCC,440SingleComptonPlus218Single,6150,440,22,4147.80138340005,1615.998779296875,0.26359317163407286,5.217332128852808,accepted_saved_frame
JSCC,440SingleComptonPlus218Single,6150,218,28,3678.2395159205057,1613.2686767578125,0.6224641175047773,3.2609027391059158,accepted_saved_frame
JSCC,440SingleComptonPlus218Single,6150,440,37,6706.531783948875,1969.8829345703125,0.40455364042483566,5.937749721378359,accepted_saved_frame
JSCC,440SingleComptonPlus218Single,6200,218,10,1296.1531976534238,1670.7447509765625,-0.10903225007365777,-0.6689079472833155,accepted_saved_frame
JSCC,440SingleComptonPlus218Single,6200,440,13,2468.603628474416,1618.0623779296875,0.08843933394171288,2.0813148711868337,accepted_saved_frame
JSCC,440SingleComptonPlus218Single,6200,218,17,2231.2863226754503,1550.5377197265625,0.21350670722816512,1.859022227860215,accepted_saved_frame
JSCC,440SingleComptonPlus218Single,6200,440,22,4171.426549612437,1615.392333984375,0.2662158980414116,5.235851057514528,accepted_saved_frame
JSCC,440SingleComptonPlus218Single,6200,218,28,3682.7555939998106,1611.644287109375,0.6249443504052409,3.261590728283838,accepted_saved_frame
JSCC,440SingleComptonPlus218Single,6200,440,37,6718.515565027503,1968.2947998046875,0.4060401603189809,5.934828284094326,accepted_saved_frame
JSCC,440SingleComptonPlus218Single,6250,218,10,1294.8811906526325,1671.1092529296875,-0.10948470225242037,-0.6681326753244665,accepted_saved_frame
JSCC,440SingleComptonPlus218Single,6250,440,13,2474.7714290047497,1617.489501953125,0.08917180124936887,2.0861989909088665,accepted_saved_frame
JSCC,440SingleComptonPlus218Single,6250,218,17,2234.1004380415397,1548.93994140625,0.21511209824623514,1.862290091469501,accepted_saved_frame
JSCC,440SingleComptonPlus218Single,6250,440,22,4195.06285677966,1614.7933349609375,0.26883973966498986,5.254210155610245,accepted_saved_frame
JSCC,440SingleComptonPlus218Single,6250,218,28,3687.1859184997684,1610.0350341796875,0.6273932158566866,3.2621149285196047,accepted_saved_frame
JSCC,440SingleComptonPlus218Single,6250,440,37,6730.329259900593,1966.7196044921875,0.4075107425260531,5.931693026484442,accepted_saved_frame
JSCC,440SingleComptonPlus218Single,6300,218,10,1293.6344633930366,1671.5015869140625,-0.10993586910366782,-0.667358528179976,accepted_saved_frame
JSCC,440SingleComptonPlus218Single,6300,440,13,2480.964874979898,1616.927001953125,0.08990579949301115,2.0910412796516775,accepted_saved_frame
JSCC,440SingleComptonPlus218Single,6300,218,17,2236.9158982040553,1547.3492431640625,0.21671801057874746,1.8654975887881253,accepted_saved_frame
JSCC,440SingleComptonPlus218Single,6300,440,22,4218.70976347245,1614.200927734375,0.2714648377675867,5.272419937153509,accepted_saved_frame
JSCC,440SingleComptonPlus218Single,6300,218,28,3691.5319109030593,1608.44091796875,0.6298109803492833,3.2624782878863177,accepted_saved_frame
JSCC,440SingleComptonPlus218Single,6300,440,37,6741.974710352823,1965.15673828125,0.4089656566300669,5.928349583152691,accepted_saved_frame
JSCC,440SingleComptonPlus218Single,6350,218,10,1292.411214454381,1671.9208984375,-0.11038606084545247,-0.6665874061118348,accepted_saved_frame
JSCC,440SingleComptonPlus218Single,6350,440,13,2487.1840894348898,1616.375,0.09064130939079204,2.0958425631844824,accepted_saved_frame
JSCC,440SingleComptonPlus218Single,6350,218,17,2239.7327529365175,1545.7647705078125,0.2183248289424651,1.8686491529446176,accepted_saved_frame
JSCC,440SingleComptonPlus218Single,6350,440,22,4242.364295426652,1613.6148681640625,0.27409091837087907,5.290482026313373,accepted_saved_frame
JSCC,440SingleComptonPlus218Single,6350,218,28,3695.7947288763903,1606.86181640625,0.6321979183223363,3.262684745275293,accepted_saved_frame
JSCC,440SingleComptonPlus218Single,6350,440,37,6753.453378392407,1963.60693359375,0.4104047472464745,5.924802277938094,accepted_saved_frame
JSCC,440SingleComptonPlus218Single,6400,218,10,1291.2113335416248,1672.3663330078125,-0.11083509665248624,-0.6658177866674905,accepted_saved_frame
JSCC,440SingleComptonPlus218Single,6400,440,13,2493.427526669256,1615.8331298828125,0.09137821605345495,2.1006003690821298,accepted_saved_frame
JSCC,440SingleComptonPlus218Single,6400,218,17,2242.550280993561,1544.1868896484375,0.21993214206685505,1.8717425825316902,accepted_saved_frame
JSCC,440SingleComptonPlus218Single,6400,440,22,4266.023008571071,1613.0350341796875,0.2767176259859773,5.3083949231783025,accepted_saved_frame
JSCC,440SingleComptonPlus218Single,6400,218,28,3699.9767026780437,1605.297607421875,0.6345546629815842,3.262736921868521,accepted_saved_frame
JSCC,440SingleComptonPlus218Single,6400,440,37,6764.768973102216,1962.06982421875,0.4118283744586131,5.921053262277367,accepted_saved_frame
JSCC,440SingleComptonPlus218Single,6450,218,10,1290.0330302247664,1672.8369140625,-0.11128325797196373,-0.6650515228026431,accepted_saved_frame
JSCC,440SingleComptonPlus218Single,6450,440,13,2499.6944356847175,1615.301025390625,0.09211648782560025,2.1053138663259605,accepted_saved_frame
JSCC,440SingleComptonPlus218Single,6450,218,17,2245.3682350598715,1542.615966796875,0.2215396848610931,1.8747766783401827,accepted_saved_frame
JSCC,440SingleComptonPlus218Single,6450,440,22,4289.684995949729,1612.4610595703125,0.27934493788561726,5.326162387569475,accepted_saved_frame
JSCC,440SingleComptonPlus218Single,6450,218,28,3704.0794244717563,1603.748291015625,0.6368815431157175,3.2626382402584464,accepted_saved_frame
JSCC,440SingleComptonPlus218Single,6450,440,37,6775.924249505839,1960.5452880859375,0.4132367468702373,5.917110744938885,accepted_saved_frame
JSCC,440SingleComptonPlus218Single,6500,218,10,1288.8767686457495,1673.3323974609375,-0.11173033579784034,-0.6642876548736155,accepted_saved_frame
JSCC,440SingleComptonPlus218Single,6500,440,13,2505.9860171272658,1614.779296875,0.09285613906833506,2.109984244638456,accepted_saved_frame
JSCC,440SingleComptonPlus218Single,6500,218,17,2248.1876599237266,1541.05126953125,0.22314810313594693,1.8777578295981228,accepted_saved_frame
JSCC,440SingleComptonPlus218Single,6500,440,22,4313.348223282413,1611.8927001953125,0.2819726819206892,5.343787890974926,accepted_saved_frame
JSCC,440SingleComptonPlus218Single,6500,218,28,3708.104989196542,1602.2138671875,0.6391790430589249,3.262394099877746,accepted_saved_frame
JSCC,440SingleComptonPlus218Single,6500,440,37,6786.922116350235,1959.0335693359375,0.41462997891995274,5.912979908704203,accepted_saved_frame
JSCC,440SingleComptonPlus218Single,6550,218,10,1287.7415800922554,1673.8516845703125,-0.11217634701963601,-0.663525610000175,accepted_saved_frame
JSCC,440SingleComptonPlus218Single,6550,440,13,2512.3025426431695,1614.2672119140625,0.09359730397171696,2.1146153102418497,accepted_saved_frame
JSCC,440SingleComptonPlus218Single,6550,218,17,2251.006660055201,1539.4935302734375,0.22475644298745634,1.8806805205187227,accepted_saved_frame
JSCC,440SingleComptonPlus218Single,6550,440,22,4337.009989987682,1611.329345703125,0.28460072062948144,5.361273954144091,accepted_saved_frame
JSCC,440SingleComptonPlus218Single,6550,218,28,3712.054358769041,1600.6939697265625,0.6414475644404628,3.262007734898024,accepted_saved_frame
JSCC,440SingleComptonPlus218Single,6550,440,37,6797.76364855185,1957.5343017578125,0.41600820985144066,5.908663935737185,accepted_saved_frame
JSCC,440SingleComptonPlus218Single,6600,218,10,1286.6259221999974,1674.394287109375,-0.11262161259296138,-0.6627678207011709,accepted_saved_frame
JSCC,440SingleComptonPlus218Single,6600,440,13,2518.644862618961,1613.7650146484375,0.09434001962252207,2.119207291452787,accepted_saved_frame
JSCC,440SingleComptonPlus218Single,6600,218,17,2253.8269146146154,1537.9420166015625,0.22636555270216188,1.8835509390561893,accepted_saved_frame
JSCC,440SingleComptonPlus218Single,6600,440,22,4360.6699435299515,1610.77099609375,0.2872289930015564,5.378625832701676,accepted_saved_frame
JSCC,440SingleComptonPlus218Single,6600,218,28,3715.929799220556,1599.1885986328125,0.6436876519020042,3.2614822569601682,accepted_saved_frame
JSCC,440SingleComptonPlus218Single,6600,440,37,6808.452724929134,1956.047607421875,0.4173716759351308,5.904168348096434,accepted_saved_frame
JSCC,440SingleComptonPlus218Single,6650,218,10,1285.5287249893238,1674.959228515625,-0.1130662076923625,-0.6620142752811393,accepted_saved_frame
JSCC,440SingleComptonPlus218Single,6650,440,13,2525.009559803819,1613.2724609375,0.09508395728223977,2.123754163203698,accepted_saved_frame
JSCC,440SingleComptonPlus218Single,6650,218,17,2256.646958259985,1536.3974609375,0.22797461073267852,1.8863656476942992,accepted_saved_frame
JSCC,440SingleComptonPlus218Single,6650,440,22,4384.323880083939,1610.2171630859375,0.28985717444375086,5.395840228025537,accepted_saved_frame
JSCC,440SingleComptonPlus218Single,6650,218,28,3719.7315633438698,1597.6976318359375,0.6458993274191951,3.260818451873072,accepted_saved_frame
JSCC,440SingleComptonPlus218Single,6650,440,37,6818.992153687645,1954.5738525390625,0.4187204489178093,5.899496568574564,accepted_saved_frame
JSCC,440SingleComptonPlus218Single,6700,218,10,1284.450135945507,1675.54638671875,-0.11351004524866833,-0.6612649629754763,accepted_saved_frame
JSCC,440SingleComptonPlus218Single,6700,440,13,2531.3972938395973,1612.78955078125,0.09582917353938131,2.1282577165168455,accepted_saved_frame
JSCC,440SingleComptonPlus218Single,6700,218,17,2259.466594506077,1534.8597412109375,0.22958358972154236,1.8891250154769021,accepted_saved_frame
JSCC,440SingleComptonPlus218Single,6700,440,22,4407.971036418931,1609.667724609375,0.2924851979040416,5.412922098817788,accepted_saved_frame
JSCC,440SingleComptonPlus218Single,6700,218,28,3723.461878610117,1596.2208251953125,0.6480833036247831,3.260022446955868,accepted_saved_frame
JSCC,440SingleComptonPlus218Single,6700,440,37,6829.383883838649,1953.1124267578125,0.4200548204697533,5.894654732435207,accepted_saved_frame
JSCC,440SingleComptonPlus218Single,6750,218,10,1283.388906595408,1676.1546630859375,-0.11395322657288458,-0.6605199658299907,accepted_saved_frame
JSCC,440SingleComptonPlus218Single,6750,440,13,2537.8088940685448,1612.3155517578125,0.09657586301329388,2.1327223835212594,accepted_saved_frame
JSCC,440SingleComptonPlus218Single,6750,218,17,2262.286462739842,1533.3284912109375,0.23119284205859703,1.891832508341572,accepted_saved_frame
JSCC,440SingleComptonPlus218Single,6750,440,22,4431.60645904333,1609.12255859375,0.2951125589142839,5.429868900055858,accepted_saved_frame
JSCC,440SingleComptonPlus218Single,6750,218,28,3727.122351548202,1594.75830078125,0.6502398482872773,3.259096666826721,accepted_saved_frame
JSCC,440SingleComptonPlus218Single,6750,440,37,6839.628645183052,1951.663330078125,0.421374795864197,5.889645388557166,accepted_saved_frame
JSCC,440SingleComptonPlus218Single,6800,218,10,1282.344366239198,1676.783447265625,-0.11439579477681704,-0.6597795514611987,accepted_saved_frame
JSCC,440SingleComptonPlus218Single,6800,440,13,2544.243444727747,1611.8509521484375,0.09732383858166857,2.1371448123128935,accepted_saved_frame
JSCC,440SingleComptonPlus218Single,6800,218,17,2265.1056551002616,1531.80419921875,0.23280183073002816,1.894486522178671,accepted_saved_frame
JSCC,440SingleComptonPlus218Single,6800,440,22,4455.230107300933,1608.5810546875,0.2977394084245276,5.446686603578138,accepted_saved_frame
JSCC,440SingleComptonPlus218Single,6800,218,28,3730.714176232464,1593.3099365234375,0.652369279562929,3.258044771411108,accepted_saved_frame
JSCC,440SingleComptonPlus218Single,6800,440,37,6849.730285618803,1950.2266845703125,0.4226806129468882,5.884474652408272,accepted_saved_frame
JSCC,440SingleComptonPlus218Single,6850,218,10,1281.3152100786901,1677.432373046875,-0.11483803149389869,-0.6590451739615306,accepted_saved_frame
JSCC,440SingleComptonPlus218Single,6850,440,13,2550.7006970997836,1611.39599609375,0.09807302194955139,2.1415234996401966,accepted_saved_frame
JSCC,440SingleComptonPlus218Single,6850,218,17,2267.923905639498,1530.286376953125,0.23441067845008592,1.8970880155386696,accepted_saved_frame
JSCC,440SingleComptonPlus218Single,6850,440,22,4478.839955168517,1608.0433349609375,0.3003654804190883,5.463377160891852,accepted_saved_frame
JSCC,440SingleComptonPlus218Single,6850,218,28,3734.239202620897,1591.8758544921875,0.6544719442854944,3.2568701012604353,accepted_saved_frame
JSCC,440SingleComptonPlus218Single,6850,440,37,6859.691313726843,1948.802490234375,0.4239724319500743,5.879146674994161,accepted_saved_frame
JSCC,440SingleComptonPlus218Single,6900,218,10,1280.3013803169274,1678.1004638671875,-0.1152797220187076,-0.6583156480475303,accepted_saved_frame
JSCC,440SingleComptonPlus218Single,6900,440,13,2557.1814064456357,1610.94970703125,0.09882364146306911,2.145864688303089,accepted_saved_frame
JSCC,440SingleComptonPlus218Single,6900,218,17,2270.742009987793,1528.775390625,0.236019444434046,1.8996397957123028,accepted_saved_frame
JSCC,440SingleComptonPlus218Single,6900,440,22,4502.434219478242,1607.5091552734375,0.30299064050992186,5.479940495545903,accepted_saved_frame
JSCC,440SingleComptonPlus218Single,6900,218,28,3737.698116909676,1590.455322265625,0.6565484495138088,3.255573385079617,accepted_saved_frame
JSCC,440SingleComptonPlus218Single,6900,440,37,6869.513207506241,1947.3907470703125,0.42525032507592303,5.873663899088059,accepted_saved_frame
JSCC,440SingleComptonPlus218Single,6950,218,10,1279.3022878959632,1678.7872314453125,-0.11572091472665683,-0.6575912914264807,accepted_saved_frame
JSCC,440SingleComptonPlus218Single,6950,440,13,2563.685813809861,1610.5125732421875,0.0995756301797954,2.1501664895091426,accepted_saved_frame
JSCC,440SingleComptonPlus218Single,6950,218,17,2273.558837848062,1527.271240234375,0.23762774693581323,1.902139171719166,accepted_saved_frame
JSCC,440SingleComptonPlus218Single,6950,440,22,4526.00998702885,1606.9779052734375,0.3056147454130892,5.496379504101727,accepted_saved_frame
JSCC,440SingleComptonPlus218Single,6950,218,28,3741.0927693212407,1589.048583984375,0.6585990623020224,3.2541601376490927,accepted_saved_frame
JSCC,440SingleComptonPlus218Single,6950,440,37,6879.200230788991,1945.991455078125,0.4265146061287782,5.868033758437923,accepted_saved_frame
JSCC,440SingleComptonPlus218Single,7000,218,10,1278.3176453029228,1679.492431640625,-0.11616162495412748,-0.6568718602843167,accepted_saved_frame
JSCC,440SingleComptonPlus218Single,7000,440,13,2570.210476814134,1610.0843505859375,0.10032865739937519,2.1544233717625807,accepted_saved_frame
JSCC,440SingleComptonPlus218Single,7000,218,17,2276.3745626114246,1525.773681640625,0.23923573432597003,1.9045883120834755,accepted_saved_frame
JSCC,440SingleComptonPlus218Single,7000,440,22,4549.567079301061,1606.4495849609375,0.3082377610283461,5.512698520703424,accepted_saved_frame
JSCC,440SingleComptonPlus218Single,7000,218,28,3744.423697365554,1587.655517578125,0.6606239132003373,3.252631391437682,accepted_saved_frame
JSCC,440SingleComptonPlus218Single,7000,440,37,6888.752928840383,1944.60400390625,0.4277654556843489,5.86225735884641,accepted_saved_frame
JSCC,440SingleComptonPlus218Single,7050,218,10,1277.3466253249974,1680.21533203125,-0.1166019170674445,-0.656158048385386,accepted_saved_frame
JSCC,440SingleComptonPlus218Single,7050,440,13,2576.7580570444597,1609.6646728515625,0.10108305091441248,2.1586420645953273,accepted_saved_frame
JSCC,440SingleComptonPlus218Single,7050,218,17,2279.188549422623,1524.282958984375,0.24084306580662607,1.9069869572750608,accepted_saved_frame
JSCC,440SingleComptonPlus218Single,7050,440,22,4573.102664683411,1605.924072265625,0.310859411686575,5.528894567847168,accepted_saved_frame
JSCC,440SingleComptonPlus218Single,7050,218,28,3747.693461431003,1586.2760009765625,0.6626237553312664,3.2509909150851573,accepted_saved_frame
JSCC,440SingleComptonPlus218Single,7050,440,37,6898.172243362469,1943.2288818359375,0.42900275356759277,5.856339194683177,accepted_saved_frame
JSCC,440SingleComptonPlus218Single,7100,218,10,1276.3883712130728,1680.9554443359375,-0.11704191829389314,-0.6554503271794733,accepted_saved_frame
JSCC,440SingleComptonPlus218Single,7100,440,13,2583.3274251990097,1609.2537841796875,0.10183864073432015,2.1628199687149077,accepted_saved_frame
JSCC,440SingleComptonPlus218Single,7100,218,17,2282.001146090413,1522.798828125,0.24244994571370238,1.9093373871689712,accepted_saved_frame
JSCC,440SingleComptonPlus218Single,7100,440,22,4596.613759517453,1605.40087890625,0.31347951612138164,5.544969498720052,accepted_saved_frame
JSCC,440SingleComptonPlus218Single,7100,218,28,3750.902123529845,1584.91015625,0.6645984024844942,3.249240112101563,accepted_saved_frame
JSCC,440SingleComptonPlus218Single,7100,440,37,6907.46147853893,1941.865966796875,0.43022677132262516,5.850282568955658,accepted_saved_frame
JSCC,440SingleComptonPlus218Single,7150,218,10,1275.4423920364625,1681.7120361328125,-0.11748159684102764,-0.6547481750243943,accepted_saved_frame
JSCC,440SingleComptonPlus218Single,7150,440,13,2589.916333981503,1608.8509521484375,0.10259530367993928,2.166954375556206,accepted_saved_frame
JSCC,440SingleComptonPlus218Single,7150,218,17,2284.812211914463,1521.3216552734375,0.24405613105063786,1.9116392378900353,accepted_saved_frame
JSCC,440SingleComptonPlus218Single,7150,440,22,4620.100253216842,1604.880126953125,0.3160980130276109,5.560927454721878,accepted_saved_frame
JSCC,440SingleComptonPlus218Single,7150,218,28,3754.0521426802275,1583.5572509765625,0.6665490266877172,3.247385236048372,accepted_saved_frame
JSCC,440SingleComptonPlus218Single,7150,440,37,6916.623028837473,1940.51513671875,0.43143770319674185,5.8440934544326195,accepted_saved_frame
JSCC,440SingleComptonPlus218Single,7200,218,10,1274.5078119112363,1682.48486328125,-0.11792113993397284,-0.6540529929374704,accepted_saved_frame
JSCC,440SingleComptonPlus218Single,7200,440,13,2596.527244765582,1608.45654296875,0.1033532248122827,2.171050714766022,accepted_saved_frame
JSCC,440SingleComptonPlus218Single,7200,218,17,2287.621536892074,1519.850830078125,0.24566182448556184,1.9138929600128867,accepted_saved_frame
JSCC,440SingleComptonPlus218Single,7200,440,22,4643.562549495711,1604.3616943359375,0.318714968273866,5.5767726447448585,accepted_saved_frame
JSCC,440SingleComptonPlus218Single,7200,218,28,3757.1431097930913,1582.2176513671875,0.6684751254460414,3.245425372918124,accepted_saved_frame
JSCC,440SingleComptonPlus218Single,7200,440,37,6925.657998081381,1939.1761474609375,0.4326356706235539,5.837774288587163,accepted_saved_frame
JSCC,440SingleComptonPlus218Single,7250,218,10,1273.5845072951731,1683.2733154296875,-0.11836043731746561,-0.6533637305089459,accepted_saved_frame
JSCC,440SingleComptonPlus218Single,7250,440,13,2603.1574576009266,1608.070556640625,0.10411211066206741,2.175104842581746,accepted_saved_frame
JSCC,440SingleComptonPlus218Single,7250,218,17,2290.428864849847,1518.386962890625,0.24726662752893208,1.9160991855490925,accepted_saved_frame
JSCC,440SingleComptonPlus218Single,7250,440,22,4666.994954248321,1603.844970703125,0.32132995800090686,5.5925020624109285,accepted_saved_frame
JSCC,440SingleComptonPlus218Single,7250,218,28,3760.1777084050846,1580.891357421875,0.670377413271235,3.2433662417905262,accepted_saved_frame
JSCC,440SingleComptonPlus218Single,7250,440,37,6934.569087065155,1937.849365234375,0.4338207454778374,5.831328216968346,accepted_saved_frame
JSCC,440SingleComptonPlus218Single,7300,218,10,1272.6728625527533,1684.07666015625,-0.11879920628687324,-0.6526791184619246,accepted_saved_frame
JSCC,440SingleComptonPlus218Single,7300,440,13,2609.809176304261,1607.6925048828125,0.10487226357784628,2.1791211124138687,accepted_saved_frame
JSCC,440SingleComptonPlus218Single,7300,218,17,2293.234169766846,1516.9298095703125,0.2488706254996362,1.9182589120796987,accepted_saved_frame
JSCC,440SingleComptonPlus218Single,7300,440,22,4690.396980793038,1603.3299560546875,0.32394292087627363,5.608118654942396,accepted_saved_frame
JSCC,440SingleComptonPlus218Single,7300,218,28,3763.1565157612113,1579.577880859375,0.6722563179638199,3.241209043324988,accepted_saved_frame
JSCC,440SingleComptonPlus218Single,7300,440,37,6943.357504415281,1936.5341796875,0.43499317398254683,5.8247589912090145,accepted_saved_frame
JSCC,440SingleComptonPlus218Single,7350,218,10,1271.7710890202661,1684.89453125,-0.11923787243538737,-0.6520012905421156,accepted_saved_frame
JSCC,440SingleComptonPlus218Single,7350,440,13,2616.481235722193,1607.322509765625,0.10563353043373346,2.183098338060007,accepted_saved_frame
JSCC,440SingleComptonPlus218Single,7350,218,17,2296.0372811988045,1515.4793701171875,0.2504737400633725,1.9203720198416996,accepted_saved_frame
JSCC,440SingleComptonPlus218Single,7350,440,22,4713.767905427297,1602.8165283203125,0.3265538083055457,5.623623243386409,accepted_saved_frame
JSCC,440SingleComptonPlus218Single,7350,218,28,3766.081532946748,1578.277099609375,0.674112441698676,3.2389568283639214,accepted_saved_frame
JSCC,440SingleComptonPlus218Single,7350,440,37,6952.024494522126,1935.2308349609375,0.43615294121433107,5.818068953726315,accepted_saved_frame
JSCC,440SingleComptonPlus218Single,7400,218,10,1270.8795520255037,1685.7266845703125,-0.11967626608370036,-0.6513287090867748,accepted_saved_frame
JSCC,440SingleComptonPlus218Single,7400,440,13,2623.1747674898197,1606.9603271484375,0.10639606075510034,2.187039519770516,accepted_saved_frame
JSCC,440SingleComptonPlus218Single,7400,218,17,2298.837785259362,1514.03564453125,0.25207581441568977,1.922439806372927,accepted_saved_frame
JSCC,440SingleComptonPlus218Single,7400,440,22,4737.106244768415,1602.3046875,0.3291624547770806,5.639018742307452,accepted_saved_frame
JSCC,440SingleComptonPlus218Single,7400,218,28,3768.9526624724035,1576.989501953125,0.6759452933469386,3.236611244884518,accepted_saved_frame
JSCC,440SingleComptonPlus218Single,7400,440,37,6960.571588940522,1933.939208984375,0.43730017173437236,5.811261584014561,accepted_saved_frame
JSCC,440SingleComptonPlus218Single,7450,218,10,1269.997125656275,1686.572509765625,-0.12011456862178699,-0.6506627435226683,accepted_saved_frame
JSCC,440SingleComptonPlus218Single,7450,440,13,2629.886922955842,1606.606201171875,0.10715950410657331,2.190939173331959,accepted_saved_frame
JSCC,440SingleComptonPlus218Single,7450,218,17,2301.6358625903495,1512.598388671875,0.25367700175799157,1.9244634517392192,accepted_saved_frame
JSCC,440SingleComptonPlus218Single,7450,440,22,4760.408592461059,1601.794189453125,0.3317685688098727,5.654302554613718,accepted_saved_frame
JSCC,440SingleComptonPlus218Single,7450,218,28,3771.7717098285807,1575.71435546875,0.6777558681469297,3.23417648506615,accepted_saved_frame
JSCC,440SingleComptonPlus218Single,7450,440,37,6969.003578439442,1932.6591796875,0.4384352749143942,5.804342440209549,accepted_saved_frame
JSCC,440SingleComptonPlus218Single,7500,218,10,1269.1234815787657,1687.4317626953125,-0.12055281123857264,-0.65000319880142,accepted_saved_frame
JSCC,440SingleComptonPlus218Single,7500,440,13,2636.6174643961212,1606.2596435546875,0.10792390865602121,2.1947980573033368,accepted_saved_frame
JSCC,440SingleComptonPlus218Single,7500,218,17,2304.4315012866805,1511.1680908203125,0.2552770355470408,1.9264425820869997,accepted_saved_frame
JSCC,440SingleComptonPlus218Single,7500,440,22,4783.673547951349,1601.28466796875,0.33437210921809135,5.66947468562081,accepted_saved_frame
JSCC,440SingleComptonPlus218Single,7500,218,28,3774.539173496135,1574.45166015625,0.6795442229836932,3.2316542830626656,accepted_saved_frame
JSCC,440SingleComptonPlus218Single,7500,440,37,6977.319859746213,1931.3907470703125,0.43955815364370643,5.797315965479277,accepted_saved_frame
JSCC,440SingleComptonPlus218Single,7550,218,10,1268.258122091508,1688.3037109375,-0.12099096844801425,-0.6493503104454817,accepted_saved_frame
JSCC,440SingleComptonPlus218Single,7550,440,13,2643.3701856150783,1605.9205322265625,0.10868968273147057,2.19862439882391,accepted_saved_frame
JSCC,440SingleComptonPlus218Single,7550,218,17,2307.224134959231,1509.744140625,0.25687600839109404,1.9283785744531718,accepted_saved_frame
JSCC,440SingleComptonPlus218Single,7550,440,22,4806.900788735845,1600.7763671875,0.33697295783029185,5.684539026750351,accepted_saved_frame
JSCC,440SingleComptonPlus218Single,7550,218,28,3777.2566616623517,1573.201416015625,0.6813107590099968,3.229046248410545,accepted_saved_frame
JSCC,440SingleComptonPlus218Single,7550,440,37,6985.522757276077,1930.1336669921875,0.44066904321810035,5.790180447222041,accepted_saved_frame
JSCC,440SingleComptonPlus218Single,7600,218,10,1267.401419881839,1689.1878662109375,-0.1214288177381865,-0.6487025512407022,accepted_saved_frame
JSCC,440SingleComptonPlus218Single,7600,440,13,2650.1402650933737,1605.5887451171875,0.10945633242287378,2.2024110671389074,accepted_saved_frame
JSCC,440SingleComptonPlus218Single,7600,218,17,2310.0139729246866,1508.3271484375,0.2584736632067451,1.9302707214265966,accepted_saved_frame
JSCC,440SingleComptonPlus218Single,7600,440,22,4830.084993651086,1600.2689208984375,0.3395706628931876,5.699492893363586,accepted_saved_frame
JSCC,440SingleComptonPlus218Single,7600,218,28,3779.9248316037015,1571.9635009765625,0.6830556763302038,3.226354782794848,accepted_saved_frame
JSCC,440SingleComptonPlus218Single,7600,440,37,6993.613993142512,1928.88818359375,0.4417679735831293,5.78294144081034,accepted_saved_frame
JSCC,440SingleComptonPlus218Single,7650,218,10,1266.5518201233106,1690.084228515625,-0.12186679748916648,-0.648062182236888,accepted_saved_frame
JSCC,440SingleComptonPlus218Single,7650,440,13,2656.9286156324665,1605.2645263671875,0.11022390109739309,2.2061584011713875,accepted_saved_frame
JSCC,440SingleComptonPlus218Single,7650,218,17,2312.8014578969887,1506.9166259765625,0.26007035885978336,1.9321225101557558,accepted_saved_frame
JSCC,440SingleComptonPlus218Single,7650,440,22,4853.22970505697,1599.7620849609375,0.34216566769529844,5.7143441300014235,accepted_saved_frame
JSCC,440SingleComptonPlus218Single,7650,218,28,3782.5440689515517,1570.73779296875,0.6847790931447979,3.2235807192459927,accepted_saved_frame
JSCC,440SingleComptonPlus218Single,7650,440,37,7001.594660178612,1927.6539306640625,0.44285511320272586,5.775601990777565,accepted_saved_frame
JSCC,440SingleComptonPlus218Single,7700,218,10,1265.7094506757435,1690.9923095703125,-0.12230475613179646,-0.6474282938584669,accepted_saved_frame
JSCC,440SingleComptonPlus218Single,7700,440,13,2663.735573492206,1604.9476318359375,0.11099245618033804,2.209868511346309,accepted_saved_frame
JSCC,440SingleComptonPlus218Single,7700,218,17,2315.585158644537,1505.5130615234375,0.2616653671724386,1.9339297212492077,accepted_saved_frame
JSCC,440SingleComptonPlus218Single,7700,440,22,4876.33150200742,1599.256103515625,0.34475752849042934,5.729089828452502,accepted_saved_frame
JSCC,440SingleComptonPlus218Single,7700,218,28,3785.11659944022,1569.524169921875,0.6864816997077864,3.2207272743849242,accepted_saved_frame
JSCC,440SingleComptonPlus218Single,7700,440,37,7009.4663474227855,1926.430908203125,0.4439305591809035,5.768162054286707,accepted_saved_frame
JSCC,440SingleComptonPlus218Single,7750,218,10,1264.8739981206668,1691.9117431640625,-0.12274269599308552,-0.6468004885533023,accepted_saved_frame
JSCC,440SingleComptonPlus218Single,7750,440,13,2670.560575861371,1604.637451171875,0.11176203522733137,2.2135416628267492,accepted_saved_frame
JSCC,440SingleComptonPlus218Single,7750,218,17,2318.3655658871835,1504.115966796875,0.26325906327303744,1.9356959396080824,accepted_saved_frame
JSCC,440SingleComptonPlus218Single,7750,440,22,4899.386882206975,1598.7503662109375,0.34734606640641663,5.74372909037233,accepted_saved_frame
JSCC,440SingleComptonPlus218Single,7750,218,28,3787.643103679491,1568.322509765625,0.6881637108059895,3.2177979583390957,accepted_saved_frame
JSCC,440SingleComptonPlus218Single,7750,440,37,7017.230819612825,1925.2193603515625,0.4449943468671437,5.760626697825696,accepted_saved_frame
JSCC,440SingleComptonPlus218Single,7800,218,10,1264.0452403960887,1692.841796875,-0.12318051497676331,-0.6461786387291735,accepted_saved_frame
JSCC,440SingleComptonPlus218Single,7800,440,13,2677.403596984269,1604.3343505859375,0.11253256237806146,2.2171790252626575,accepted_saved_frame
JSCC,440SingleComptonPlus218Single,7800,218,17,2321.142583430337,1502.7257080078125,0.2648512087328659,1.9374207206838345,accepted_saved_frame
JSCC,440SingleComptonPlus218Single,7800,440,22,4922.39577195298,1598.2449951171875,0.349931229766766,5.758265101896925,accepted_saved_frame
JSCC,440SingleComptonPlus218Single,7800,218,28,3790.124314300218,1567.1328125,0.6898252678883707,3.214793584683767,accepted_saved_frame
JSCC,440SingleComptonPlus218Single,7800,440,37,7024.890533053077,1924.0189208984375,0.4460467669193334,5.752998026306653,accepted_saved_frame
JSCC,440SingleComptonPlus218Single,7850,218,10,1263.2227467233345,1693.7823486328125,-0.1236183025891175,-0.6455627809462707,accepted_saved_frame
JSCC,440SingleComptonPlus218Single,7850,440,13,2684.2668270818494,1604.0382080078125,0.11330427912383469,2.2207850873410764,accepted_saved_frame
JSCC,440SingleComptonPlus218Single,7850,218,17,2323.9165272932955,1501.341552734375,0.26644224708142766,1.9391081663022285,accepted_saved_frame
JSCC,440SingleComptonPlus218Single,7850,440,22,4945.357690509206,1597.739990234375,0.3525129629689311,5.772697462175475,accepted_saved_frame
JSCC,440SingleComptonPlus218Single,7850,218,28,3792.5612414930642,1565.954833984375,0.6914667835894214,3.2117188256030893,accepted_saved_frame
JSCC,440SingleComptonPlus218Single,7850,440,37,7032.447154305066,1922.8297119140625,0.44708788656552734,5.74528103037735,accepted_saved_frame
JSCC,440SingleComptonPlus218Single,7900,218,10,1262.4058582759747,1694.73291015625,-0.12405613542728164,-0.6449534506045881,accepted_saved_frame
JSCC,440SingleComptonPlus218Single,7900,440,13,2691.146541899036,1603.7490234375,0.11407678537471701,2.2243532860107402,accepted_saved_frame
JSCC,440SingleComptonPlus218Single,7900,218,17,2326.686740493117,1499.96435546875,0.26803151310520085,1.9407546359882062,accepted_saved_frame
JSCC,440SingleComptonPlus218Single,7900,440,22,4968.272899482634,1597.235107421875,0.35509136853333245,5.7870316855641875,accepted_saved_frame
JSCC,440SingleComptonPlus218Single,7900,218,28,3794.9543589528075,1564.7882080078125,0.6930885989973617,3.208574320097029,accepted_saved_frame
JSCC,440SingleComptonPlus218Single,7900,440,37,7039.902585935702,1921.6512451171875,0.4481179897626853,5.7374811841639115,accepted_saved_frame
JSCC,440SingleComptonPlus218Single,7950,218,10,1261.5952194557312,1695.6932373046875,-0.12449376876320839,-0.6443493651405969,accepted_saved_frame
JSCC,440SingleComptonPlus218Single,7950,440,13,2698.0445492251397,1603.466552734375,0.11485030429013181,2.2278875681516284,accepted_saved_frame
JSCC,440SingleComptonPlus218Single,7950,218,17,2329.452651140052,1498.5936279296875,0.2696190404983951,1.9423609947068483,accepted_saved_frame
JSCC,440SingleComptonPlus218Single,7950,440,22,4991.1365998604315,1596.730224609375,0.3576659772498788,5.801262527438335,accepted_saved_frame
JSCC,440SingleComptonPlus218Single,7950,218,28,3797.304544903857,1563.6334228515625,0.6946905390342987,3.20536034081216,accepted_saved_frame
JSCC,440SingleComptonPlus218Single,7950,440,37,7047.256668273836,1920.4835205078125,0.4491370249569611,5.729595954012821,accepted_saved_frame
JSCC,440SingleComptonPlus218Single,8000,218,10,1260.7898722461566,1696.6627197265625,-0.12493133997008361,-0.6437508604827378,accepted_saved_frame
JSCC,440SingleComptonPlus218Single,8000,440,13,2704.958977464936,1603.1904296875,0.11562469511704504,2.2313855609313444,accepted_saved_frame
JSCC,440SingleComptonPlus218Single,8000,218,17,2332.2153212503254,1497.2293701171875,0.2712051488511116,1.9439295192293815,accepted_saved_frame
JSCC,440SingleComptonPlus218Single,8000,440,22,5013.9487895436805,1596.225341796875,0.3602367852945333,5.81539338849114,accepted_saved_frame
JSCC,440SingleComptonPlus218Single,8000,218,28,3799.6135900770214,1562.4898681640625,0.6962735424998147,3.2020814391646097,accepted_saved_frame
JSCC,440SingleComptonPlus218Single,8000,440,37,7054.511674813018,1919.3270263671875,0.4501449968087072,5.721626967151102,accepted_saved_frame
JSCC,440SingleComptonPlus218Single,8050,218,10,1259.9895920339504,1697.641357421875,-0.12536890641727239,-0.6431582582299616,accepted_saved_frame
JSCC,440SingleComptonPlus218Single,8050,440,13,2711.8888339474015,1602.9210205078125,0.11639977988153469,2.2348456497797637,accepted_saved_frame
JSCC,440SingleComptonPlus218Single,8050,218,17,2334.973432383943,1495.8719482421875,0.27278919924329825,1.9454580057361857,accepted_saved_frame
JSCC,440SingleComptonPlus218Single,8050,440,22,5036.708930764663,1595.720458984375,0.36280373235969465,5.829426099470273,accepted_saved_frame
JSCC,440SingleComptonPlus218Single,8050,218,28,3801.8816568698535,1561.35791015625,0.6978373064720198,3.198737563394703,accepted_saved_frame
JSCC,440SingleComptonPlus218Single,8050,440,37,7061.669273496372,1918.180908203125,0.45114228981940663,5.713582080643727,accepted_saved_frame
JSCC,440SingleComptonPlus218Single,8100,218,10,1259.1937252915557,1698.6285400390625,-0.12580651860354344,-0.6425720092022958,accepted_saved_frame
JSCC,440SingleComptonPlus218Single,8100,440,13,2718.8353081457626,1602.65771484375,0.11717578276211911,2.2382736882517382,accepted_saved_frame
JSCC,440SingleComptonPlus218Single,8100,218,17,2337.72828108105,1494.521240234375,0.2743716483438534,1.9469500840757492,accepted_saved_frame
JSCC,440SingleComptonPlus218Single,8100,440,22,5059.417240886575,1595.2152099609375,0.36536696020519904,5.843360735477138,accepted_saved_frame
JSCC,440SingleComptonPlus218Single,8100,218,28,3804.1100783357715,1560.2369384765625,0.6993826335306113,3.1953314442044753,accepted_saved_frame
JSCC,440SingleComptonPlus218Single,8100,440,37,7068.730258437264,1917.0458984375,0.45212870131730964,5.705458209262655,accepted_saved_frame
JSCC,440SingleComptonPlus218Single,8150,218,10,1258.4021709478936,1699.624267578125,-0.12624419876771886,-0.6419920674129426,accepted_saved_frame
JSCC,440SingleComptonPlus218Single,8150,440,13,2725.7983555035694,1602.4010009765625,0.11795260345567225,2.2416672236491384,accepted_saved_frame
JSCC,440SingleComptonPlus218Single,8150,218,17,2340.478064042959,1493.1766357421875,0.2759521947365806,1.9484040026770673,accepted_saved_frame
JSCC,440SingleComptonPlus218Single,8150,440,22,5082.069630563196,1594.7098388671875,0.3679259535398295,5.857196277264749,accepted_saved_frame
JSCC,440SingleComptonPlus218Single,8150,218,28,3806.2985669545915,1559.1270751953125,0.7009092686100515,3.191864105758164,accepted_saved_frame
JSCC,440SingleComptonPlus218Single,8150,440,37,7075.698385469724,1915.9208984375,0.4531048809204129,5.697264914468435,accepted_saved_frame
JSCC,440SingleComptonPlus218Single,8200,218,10,1257.6146616061785,1700.62841796875,-0.126681990842934,-0.6414182818905293,accepted_saved_frame
JSCC,440SingleComptonPlus218Single,8200,440,13,2732.77808402422,1602.150390625,0.1187303315694464,2.2450274448857312,accepted_saved_frame
JSCC,440SingleComptonPlus218Single,8200,218,17,2343.2233967613242,1491.8385009765625,0.2775308270096128,1.9498212068611536,accepted_saved_frame
JSCC,440SingleComptonPlus218Single,8200,440,22,5104.666935775519,1594.2037353515625,0.370481003405819,5.870936023836149,accepted_saved_frame
JSCC,440SingleComptonPlus218Single,8200,218,28,3808.4485838880096,1558.0281982421875,0.7024176883146768,3.1883399325355164,accepted_saved_frame
JSCC,440SingleComptonPlus218Single,8200,440,37,7082.572589494157,1914.806884765625,0.45407038431387037,5.6890009741582315,accepted_saved_frame
JSCC,440SingleComptonPlus218Single,8250,218,10,1256.8312308259333,1701.6402587890625,-0.12711972393919754,-0.6408499813003921,accepted_saved_frame
JSCC,440SingleComptonPlus218Single,8250,440,13,2739.7724175028143,1601.906005859375,0.11950871865040304,2.24835121543354,accepted_saved_frame
JSCC,440SingleComptonPlus218Single,8250,218,17,2345.963710538611,1490.5072021484375,0.27910714584572693,1.9511998754121842,accepted_saved_frame
JSCC,440SingleComptonPlus218Single,8250,440,22,5127.205405427297,1593.697509765625,0.3730315062688307,5.884574720174004,accepted_saved_frame
JSCC,440SingleComptonPlus218Single,8250,218,28,3810.5617146124505,1556.940185546875,0.7039084106774252,3.184760137047067,accepted_saved_frame
JSCC,440SingleComptonPlus218Single,8250,440,37,7089.354810409372,1913.702880859375,0.45502566482920254,5.680668337531448,accepted_saved_frame
JSCC,440SingleComptonPlus218Single,8300,218,10,1256.0512028047126,1702.6591796875,-0.1275574566494417,-0.6402870810586724,accepted_saved_frame
JSCC,440SingleComptonPlus218Single,8300,440,13,2746.782546893307,1601.66748046875,0.1202879469980512,2.251644202004833,accepted_saved_frame
JSCC,440SingleComptonPlus218Single,8300,218,17,2348.6997372734213,1489.1822509765625,0.28068161382241713,1.9525433825350564,accepted_saved_frame
JSCC,440SingleComptonPlus218Single,8300,440,22,5149.685845707785,1593.1910400390625,0.37557758518480727,5.898118348612638,accepted_saved_frame
JSCC,440SingleComptonPlus218Single,8300,218,28,3812.6378547087184,1555.8631591796875,0.7053812412080093,3.1811237486544335,accepted_saved_frame
JSCC,440SingleComptonPlus218Single,8300,440,37,7096.0448589412335,1912.6092529296875,0.4559705535953089,5.672268552446252,accepted_saved_frame
JSCC,440SingleComptonPlus218Single,8350,218,10,1255.274761629258,1703.685546875,-0.12799520799006917,-0.6397298319203939,accepted_saved_frame
JSCC,440SingleComptonPlus218Single,8350,440,13,2753.8074287760896,1601.4345703125,0.12106794292006559,2.254904267587251,accepted_saved_frame
JSCC,440SingleComptonPlus218Single,8350,218,17,2351.4310843182684,1487.8636474609375,0.2822540775081794,1.9538527484963792,accepted_saved_frame
JSCC,440SingleComptonPlus218Single,8350,440,22,5172.105205007113,1592.6837158203125,0.37811912412077986,5.911563662256965,accepted_saved_frame
JSCC,440SingleComptonPlus218Single,8350,218,28,3814.6780268327893,1554.7965087890625,0.706836899744928,3.177434880825564,accepted_saved_frame
JSCC,440SingleComptonPlus218Single,8350,440,37,7102.647283757968,1911.5260009765625,0.45690541774804233,5.663801919675197,accepted_saved_frame
JSCC,440SingleComptonPlus218Single,8400,218,10,1254.5016045769694,1704.718994140625,-0.12843298167004752,-0.6391779090471676,accepted_saved_frame
JSCC,440SingleComptonPlus218Single,8400,440,13,2760.846743717765,1601.2076416015625,0.12184859863363827,2.2581306074726806,accepted_saved_frame
JSCC,440SingleComptonPlus218Single,8400,218,17,2354.1575772980786,1486.5513916015625,0.28382445438173454,1.9551283972859717,accepted_saved_frame
JSCC,440SingleComptonPlus218Single,8400,440,22,5194.464341229371,1592.1756591796875,0.3806561714004978,5.924913860889368,accepted_saved_frame
JSCC,440SingleComptonPlus218Single,8400,218,28,3816.6815193642688,1553.7406005859375,0.7082748174724065,3.1736918962509337,accepted_saved_frame
JSCC,440SingleComptonPlus218Single,8400,440,37,7109.160355939061,1910.453125,0.457830072743597,5.655272453124528,accepted_saved_frame
JSCC,440SingleComptonPlus218Single,8450,218,10,1253.7311623134797,1705.7589111328125,-0.12887080661609843,-0.6386314665037655,accepted_saved_frame
JSCC,440SingleComptonPlus218Single,8450,440,13,2767.9019175695817,1600.9859619140625,0.12263018858151091,2.2613286146848854,accepted_saved_frame
JSCC,440SingleComptonPlus218Single,8450,218,17,2356.8801570200376,1485.2454833984375,0.2853930268190182,1.9563721779602499,accepted_saved_frame
JSCC,440SingleComptonPlus218Single,8450,440,22,5216.760778867771,1591.6668701171875,0.3831884645531054,5.938168601644067,accepted_saved_frame
JSCC,440SingleComptonPlus218Single,8450,218,28,3818.6507066379672,1552.6951904296875,0.709695860047237,3.169899701444165,accepted_saved_frame
JSCC,440SingleComptonPlus218Single,8450,440,37,7115.588202973849,1909.39013671875,0.4587450103307543,5.646683493459752,accepted_saved_frame
JSCC,440SingleComptonPlus218Single,8500,218,10,1252.9636510131443,1706.805419921875,-0.12930864169546868,-0.638090305747331,accepted_saved_frame
JSCC,440SingleComptonPlus218Single,8500,440,13,2774.972727908257,1600.770263671875,0.1234125486391217,2.264496647837059,accepted_saved_frame
JSCC,440SingleComptonPlus218Single,8500,218,17,2359.5975094782007,1483.9461669921875,0.2869592120969251,1.9575800546435962,accepted_saved_frame
JSCC,440SingleComptonPlus218Single,8500,440,22,5238.992592342188,1591.1575927734375,0.3857157139098056,5.951325087862604,accepted_saved_frame
JSCC,440SingleComptonPlus218Single,8500,218,28,3820.5858255323674,1551.659912109375,0.7111003213598641,3.1660589896724147,accepted_saved_frame
JSCC,440SingleComptonPlus218Single,8500,440,37,7121.931504647888,1908.337158203125,0.4596502198172182,5.638036572468804,accepted_saved_frame
JSCC,440SingleComptonPlus218Single,8550,218,10,1252.198638327252,1707.85791015625,-0.12974647750307078,-0.6375542233070727,accepted_saved_frame
JSCC,440SingleComptonPlus218Single,8550,440,13,2782.055526579156,1600.5596923828125,0.12419544298925157,2.267629169955724,accepted_saved_frame
JSCC,440SingleComptonPlus218Single,8550,218,17,2362.3097605134494,1482.6529541015625,0.2885232794982716,1.9587548865934412,accepted_saved_frame
JSCC,440SingleComptonPlus218Single,8550,440,22,5261.161273893308,1590.647216796875,0.38823828832095464,5.964388671579322,accepted_saved_frame
JSCC,440SingleComptonPlus218Single,8550,218,28,3822.486803873145,1550.635009765625,0.7124879292893481,3.162170513863701,accepted_saved_frame
JSCC,440SingleComptonPlus218Single,8550,440,37,7128.189414016829,1907.2943115234375,0.4605455558844256,5.629333037753217,accepted_saved_frame
JSCC,440SingleComptonPlus218Single,8600,218,10,1251.4359399728069,1708.9158935546875,-0.13018426012886306,-0.6370231142693227,accepted_saved_frame
JSCC,440SingleComptonPlus218Single,8600,440,13,2789.1536531621887,1600.35498046875,0.12497908121239205,2.270732917767961,accepted_saved_frame
JSCC,440SingleComptonPlus218Single,8600,218,17,2365.0167435822805,1481.3662109375,0.290084957538479,1.9598965487352398,accepted_saved_frame
JSCC,440SingleComptonPlus218Single,8600,440,22,5283.266093965625,1590.13623046875,0.3907559396699786,5.977359234679453,accepted_saved_frame
JSCC,440SingleComptonPlus218Single,8600,218,28,3824.3554531208765,1549.6201171875,0.7138594746222989,3.1582366051457176,accepted_saved_frame
JSCC,440SingleComptonPlus218Single,8600,440,37,7134.363484846481,1906.2611083984375,0.4614312864763899,5.620574865462061,accepted_saved_frame
JSCC,440SingleComptonPlus218Single,8650,218,10,1250.675340069835,1709.979736328125,-0.13062212301993253,-0.636497186967549,accepted_saved_frame
JSCC,440SingleComptonPlus218Single,8650,440,13,2796.264706096148,1600.1553955078125,0.12576333705046794,2.2738040046869785,accepted_saved_frame
JSCC,440SingleComptonPlus218Single,8650,218,17,2367.7180247361985,1480.085693359375,0.2916442052494243,1.9610044870434769,accepted_saved_frame
JSCC,440SingleComptonPlus218Single,8650,440,22,5305.303139956895,1589.624267578125,0.393268381357972,5.990233485819223,accepted_saved_frame
JSCC,440SingleComptonPlus218Single,8650,218,28,3826.1920451772658,1548.615478515625,0.7152147951462743,3.1542589993051164,accepted_saved_frame
JSCC,440SingleComptonPlus218Single,8650,440,37,7140.456056362316,1905.23779296875,0.46230750828661155,5.611765538962003,accepted_saved_frame
JSCC,440SingleComptonPlus218Single,8700,218,10,1249.9170141680065,1711.048828125,-0.13105988491522103,-0.6359757242368019,accepted_saved_frame
JSCC,440SingleComptonPlus218Single,8700,440,13,2803.3863668303306,1599.9605712890625,0.12654802685945643,2.276841495844017,accepted_saved_frame
JSCC,440SingleComptonPlus218Single,8700,218,17,2370.413797548635,1478.8114013671875,0.293201060281239,1.9620796573021602,accepted_saved_frame
JSCC,440SingleComptonPlus218Single,8700,440,22,5327.276546280053,1589.1114501953125,0.3957760073839061,6.0030191410256775,accepted_saved_frame
JSCC,440SingleComptonPlus218Single,8700,218,28,3827.995978256066,1547.620849609375,0.716553832981152,3.1502372823692797,accepted_saved_frame
JSCC,440SingleComptonPlus218Single,8700,440,37,7146.469421732362,1904.2242431640625,0.46317443542415737,5.60290664582189,accepted_saved_frame
JSCC,440SingleComptonPlus218Single,8750,218,10,1249.1607154772596,1712.1234130859375,-0.13149766266828475,-0.6354594008611529,accepted_saved_frame
JSCC,440SingleComptonPlus218Single,8750,440,13,2810.5223844780944,1599.7711181640625,0.12733342531201136,2.2798506683367954,accepted_saved_frame
JSCC,440SingleComptonPlus218Single,8750,218,17,2373.1042690554073,1477.5435791015625,0.2947554358480542,1.9631231515048095,accepted_saved_frame
JSCC,440SingleComptonPlus218Single,8750,440,22,5349.181094313658,1588.59765625,0.3982783079661409,6.015710972138862,accepted_saved_frame
JSCC,440SingleComptonPlus218Single,8750,218,28,3829.7697060473142,1546.635986328125,0.7178774923024375,3.146174727502455,accepted_saved_frame
JSCC,440SingleComptonPlus218Single,8750,440,37,7152.403433420847,1903.22021484375,0.46403210775954984,5.5940002045759325,accepted_saved_frame
JSCC,440SingleComptonPlus218Single,8800,218,10,1248.4053679340523,1713.2030029296875,-0.13193565648687705,-0.6349485872216666,accepted_saved_frame
JSCC,440SingleComptonPlus218Single,8800,440,13,2817.673700647787,1599.5867919921875,0.12811966902116076,2.2828348632291124,accepted_saved_frame
JSCC,440SingleComptonPlus218Single,8800,218,17,2375.78827980136,1476.2818603515625,0.2963071173256054,1.9641328244738507,accepted_saved_frame
JSCC,440SingleComptonPlus218Single,8800,440,22,5371.016822041715,1588.0828857421875,0.4007752865762089,6.0283096677328425,accepted_saved_frame
JSCC,440SingleComptonPlus218Single,8800,218,28,3831.513951531318,1545.6610107421875,0.7191858508871594,3.142073806320415,accepted_saved_frame
JSCC,440SingleComptonPlus218Single,8800,440,37,7158.259555541884,1902.225830078125,0.4648805866264674,5.5850451780740435,accepted_saved_frame
JSCC,440SingleComptonPlus218Single,8850,218,10,1247.651501131211,1714.2872314453125,-0.13237363628612414,-0.634442683516149,accepted_saved_frame
JSCC,440SingleComptonPlus218Single,8850,440,13,2824.8391969859917,1599.4072265625,0.12890670111347952,2.285792448038194,accepted_saved_frame
JSCC,440SingleComptonPlus218Single,8850,218,17,2378.4667812869748,1475.0263671875,0.2978563273441138,1.9651124398852837,accepted_saved_frame
JSCC,440SingleComptonPlus218Single,8850,440,22,5392.782665791863,1587.56689453125,0.4032669178087574,6.040815694980954,accepted_saved_frame
JSCC,440SingleComptonPlus218Single,8850,218,28,3833.2283455439874,1544.6954345703125,0.7204791198836779,3.137934985710379,accepted_saved_frame
JSCC,440SingleComptonPlus218Single,8850,440,37,7164.038294924947,1901.2408447265625,0.4657199709479042,5.576047145606758,accepted_saved_frame
JSCC,440SingleComptonPlus218Single,8900,218,10,1246.8996075694583,1715.3758544921875,-0.13281140860658888,-0.6339405288519809,accepted_saved_frame
JSCC,440SingleComptonPlus218Single,8900,440,13,2832.0156236538837,1599.2327880859375,0.12969410470271478,2.2887177990261103,accepted_saved_frame
JSCC,440SingleComptonPlus218Single,8900,218,17,2381.1398795413684,1473.7772216796875,0.29940300986252477,1.9660623143784737,accepted_saved_frame
JSCC,440SingleComptonPlus218Single,8900,440,22,5414.478758138267,1587.0501708984375,0.40575303965187587,6.0532325744923305,accepted_saved_frame
JSCC,440SingleComptonPlus218Single,8900,218,28,3834.9133754863988,1543.739990234375,0.7217568277335814,3.133754829283994,accepted_saved_frame
JSCC,440SingleComptonPlus218Single,8900,440,37,7169.739610190913,1900.265380859375,0.46655018968387085,5.567003449003322,accepted_saved_frame
JSCC,440SingleComptonPlus218Single,8950,218,10,1246.1483856888062,1716.46875,-0.13324931412531357,-0.6334435129414613,accepted_saved_frame
JSCC,440SingleComptonPlus218Single,8950,440,13,2839.2045262621905,1599.06298828125,0.13048212617689647,2.2916150676262843,accepted_saved_frame
JSCC,440SingleComptonPlus218Single,8950,218,17,2383.8070796960606,1472.5343017578125,0.3009470402784511,1.9669816006832073,accepted_saved_frame
JSCC,440SingleComptonPlus218Single,8950,440,22,5436.104469265799,1586.5322265625,0.4082337607970039,6.065561787250989,accepted_saved_frame
JSCC,440SingleComptonPlus218Single,8950,218,28,3836.5695102843624,1542.793701171875,0.7230198336436159,3.129541381092039,accepted_saved_frame
JSCC,440SingleComptonPlus218Single,8950,440,37,7175.365339219949,1899.298828125,0.4673715832914254,5.557919590987904,accepted_saved_frame
JSCC,440SingleComptonPlus218Single,9000,218,10,1245.3989118471789,1717.5657958984375,-0.13368701950443604,-0.6329502782128721,accepted_saved_frame
JSCC,440SingleComptonPlus218Single,9000,440,13,2846.404397968334,1598.89794921875,0.1312705774476693,2.2944823650673114,accepted_saved_frame
JSCC,440SingleComptonPlus218Single,9000,218,17,2386.4681933177135,1471.29736328125,0.30248846087689135,1.96787090138759,accepted_saved_frame
JSCC,440SingleComptonPlus218Single,9000,440,22,5457.657393949174,1586.0130615234375,0.41070882653173885,6.077796569984824,accepted_saved_frame
JSCC,440SingleComptonPlus218Single,9000,218,28,3838.198311043941,1541.8568115234375,0.7242683887362199,3.12529383300896,accepted_saved_frame
JSCC,440SingleComptonPlus218Single,9000,440,37,7180.917443645611,1898.341796875,0.4681840959548414,5.548796641084826,accepted_saved_frame
JSCC,440SingleComptonPlus218Single,9050,218,10,1244.650216449112,1718.666748046875,-0.13412474627903592,-0.6324613371753371,accepted_saved_frame
JSCC,440SingleComptonPlus218Single,9050,440,13,2853.61660090739,1598.7376708984375,0.13205959495145783,2.2973225482421546,accepted_saved_frame
JSCC,440SingleComptonPlus218Single,9050,218,17,2389.1233466302747,1470.066650390625,0.3040271567562645,1.9687309527759809,accepted_saved_frame
JSCC,440SingleComptonPlus218Single,9050,440,22,5479.137473474071,1585.4925537109375,0.4131782755518731,6.089941630380954,accepted_saved_frame
JSCC,440SingleComptonPlus218Single,9050,218,28,3839.798997081002,1540.92919921875,0.7255022934258483,3.1210115633085223,accepted_saved_frame
JSCC,440SingleComptonPlus218Single,9050,440,37,7186.396411891868,1897.3936767578125,0.46898795029804546,5.539634688648784,accepted_saved_frame
JSCC,440SingleComptonPlus218Single,9100,218,10,1243.9018015968838,1719.771240234375,-0.13456255731659128,-0.6319771225239266,accepted_saved_frame
JSCC,440SingleComptonPlus218Single,9100,440,13,2860.840357158754,1598.581787109375,0.1328491589117079,2.3001359573634743,accepted_saved_frame
JSCC,440SingleComptonPlus218Single,9100,218,17,2391.7725748758007,1468.842041015625,0.3055631789797872,1.9695624268253746,accepted_saved_frame
JSCC,440SingleComptonPlus218Single,9100,440,22,5500.544015325862,1584.97119140625,0.4156418552107937,6.1019932972352,accepted_saved_frame
JSCC,440SingleComptonPlus218Single,9100,218,28,3841.372788326627,1540.0108642578125,0.726721884167656,3.1166967584186205,accepted_saved_frame
JSCC,440SingleComptonPlus218Single,9100,440,37,7191.804043524439,1896.4547119140625,0.46978319951720166,5.530436776240038,accepted_saved_frame
JSCC,440SingleComptonPlus218Single,9150,218,10,1243.1542191582093,1720.87939453125,-0.13500031872033125,-0.6314972136933663,accepted_saved_frame
JSCC,440SingleComptonPlus218Single,9150,440,13,2868.0762464947134,1598.4302978515625,0.13363932400128342,2.3029237096538346,accepted_saved_frame
JSCC,440SingleComptonPlus218Single,9150,218,17,2394.415394522557,1467.6234130859375,0.3070964074618683,1.9703652656845752,accepted_saved_frame
JSCC,440SingleComptonPlus218Single,9150,440,22,5521.877323478302,1584.44873046875,0.41809968632554045,6.113956394230768,accepted_saved_frame
JSCC,440SingleComptonPlus218Single,9150,218,28,3842.9197375649637,1539.1014404296875,0.7279274188750154,3.1123505001234664,accepted_saved_frame
JSCC,440SingleComptonPlus218Single,9150,440,37,7197.1422438647005,1895.524658203125,0.4705700706957157,5.521205821667483,accepted_saved_frame
JSCC,440SingleComptonPlus218Single,9200,218,10,1242.4075328176812,1721.990478515625,-0.13543786057311033,-0.6310204110698319,accepted_saved_frame
JSCC,440SingleComptonPlus218Single,9200,440,13,2875.3245562213547,1598.282958984375,0.1344301603515275,2.305687322422734,accepted_saved_frame
JSCC,440SingleComptonPlus218Single,9200,218,17,2397.052673810539,1466.4111328125,0.3086269058882189,1.971140094883046,accepted_saved_frame
JSCC,440SingleComptonPlus218Single,9200,440,22,5543.136932766017,1583.9248046875,0.42055185504448256,6.125832947541736,accepted_saved_frame
JSCC,440SingleComptonPlus218Single,9200,218,28,3844.4416345071418,1538.2012939453125,0.729119128118934,3.1079747008606247,accepted_saved_frame
JSCC,440SingleComptonPlus218Single,9200,440,37,7202.409386012718,1894.6033935546875,0.4713484371284055,5.511942659355133,accepted_saved_frame
JSCC,440SingleComptonPlus218Single,9250,218,10,1241.6617254030282,1723.104736328125,-0.13587523556520997,-0.6305470734255741,accepted_saved_frame
JSCC,440SingleComptonPlus218Single,9250,440,13,2882.583684191067,1598.139892578125,0.13522147013880195,2.3084249930165237,accepted_saved_frame
JSCC,440SingleComptonPlus218Single,9250,218,17,2399.682397270156,1465.20458984375,0.3101543104298041,1.9718846476087963,accepted_saved_frame
JSCC,440SingleComptonPlus218Single,9250,440,22,5564.322403922657,1583.399658203125,0.422998224715055,6.137621738218807,accepted_saved_frame
JSCC,440SingleComptonPlus218Single,9250,218,28,3845.9377291703718,1537.3099365234375,0.7302971152107413,3.103570263824803,accepted_saved_frame
JSCC,440SingleComptonPlus218Single,9250,440,37,7207.607921409073,1893.6910400390625,0.4721184520860174,5.5026472017149635,accepted_saved_frame
JSCC,440SingleComptonPlus218Single,9300,218,10,1240.9162114870126,1724.22216796875,-0.13631260671996004,-0.6300779250775782,accepted_saved_frame
JSCC,440SingleComptonPlus218Single,9300,440,13,2889.8521018887986,1598.0008544921875,0.1360131326972662,2.311134987099022,accepted_saved_frame
JSCC,440SingleComptonPlus218Single,9300,218,17,2402.3066980322974,1464.004150390625,0.31167910443933955,1.972603233054361,accepted_saved_frame
JSCC,440SingleComptonPlus218Single,9300,440,22,5585.430703599893,1582.87353515625,0.4254383812364365,6.149318709755098,accepted_saved_frame
JSCC,440SingleComptonPlus218Single,9300,218,28,3847.4085120601526,1536.427490234375,0.731461394552189,3.0991386692081067,accepted_saved_frame
JSCC,440SingleComptonPlus218Single,9300,440,37,7212.739490549811,1892.7874755859375,0.4728802797846417,5.493323988930179,accepted_saved_frame
JSCC,440SingleComptonPlus218Single,9350,218,10,1240.1704898355858,1725.3424072265625,-0.13675003871434513,-0.6296131423169615,accepted_saved_frame
JSCC,440SingleComptonPlus218Single,9350,440,13,2897.132359576738,1597.8660888671875,0.13680536405034185,2.313819231582512,accepted_saved_frame
JSCC,440SingleComptonPlus218Single,9350,218,17,2404.924707333697,1462.8096923828125,0.3132010403058463,1.973295714782229,accepted_saved_frame
JSCC,440SingleComptonPlus218Single,9350,440,22,5606.464745498285,1582.34619140625,0.42787272470953336,6.16093085238143,accepted_saved_frame
JSCC,440SingleComptonPlus218Single,9350,218,28,3848.85519571096,1535.5537109375,0.7326125000431015,3.094680054870417,accepted_saved_frame
JSCC,440SingleComptonPlus218Single,9350,440,37,7217.80304565585,1891.8927001953125,0.4736338046969639,5.483968051604109,accepted_saved_frame
JSCC,440SingleComptonPlus218Single,9400,218,10,1239.4248893713261,1726.465087890625,-0.13718736259334335,-0.6291517759252657,accepted_saved_frame
JSCC,440SingleComptonPlus218Single,9400,440,13,2904.42212946085,1597.7352294921875,0.13759798296438397,2.316477806951283,accepted_saved_frame
JSCC,440SingleComptonPlus218Single,9400,218,17,2407.5357403653084,1461.6212158203125,0.31471986449117817,1.9739599516383466,accepted_saved_frame
JSCC,440SingleComptonPlus218Single,9400,440,22,5627.423099826997,1581.817626953125,0.43030110288006124,6.172456330682184,accepted_saved_frame
JSCC,440SingleComptonPlus218Single,9400,218,28,3850.2780772912824,1534.688720703125,0.7337503868005488,3.090196634441357,accepted_saved_frame
JSCC,440SingleComptonPlus218Single,9400,440,37,7222.800477595146,1891.0064697265625,0.4743792557310418,5.474586006741565,accepted_saved_frame
JSCC,440SingleComptonPlus218Single,9450,218,10,1238.6794806477342,1727.5904541015625,-0.13762460612817767,-0.6286939122132824,accepted_saved_frame
JSCC,440SingleComptonPlus218Single,9450,440,13,2911.723125595881,1597.6082763671875,0.13839116422998327,2.3191132978299587,accepted_saved_frame
JSCC,440SingleComptonPlus218Single,9450,218,17,2410.1399160653186,1460.4385986328125,0.31623565742144905,1.9745976364855784,accepted_saved_frame
JSCC,440SingleComptonPlus218Single,9450,440,22,5648.301560735797,1581.2877197265625,0.43272311428785126,6.183891577107363,accepted_saved_frame
JSCC,440SingleComptonPlus218Single,9450,218,28,3851.677330191612,1533.832275390625,0.734875262249075,3.0856884054995173,accepted_saved_frame
JSCC,440SingleComptonPlus218Single,9450,440,37,7227.732933562413,1890.1287841796875,0.4751167135352277,5.4651765268448065,accepted_saved_frame
JSCC,440SingleComptonPlus218Single,9500,218,10,1237.9338489790055,1728.718017578125,-0.13806178573090033,-0.6282395160105583,accepted_saved_frame
JSCC,440SingleComptonPlus218Single,9500,440,13,2919.034700275541,1597.4854736328125,0.1391847869624802,2.32172515526477,accepted_saved_frame
JSCC,440SingleComptonPlus218Single,9500,218,17,2412.737833005389,1459.2618408203125,0.3177485929434958,1.9752098053448208,accepted_saved_frame
JSCC,440SingleComptonPlus218Single,9500,440,22,5669.102288874762,1580.7564697265625,0.4351389886687886,6.195239096407863,accepted_saved_frame
JSCC,440SingleComptonPlus218Single,9500,218,28,3853.0531173221425,1532.984375,0.7359871374503728,3.081156280805862,accepted_saved_frame
JSCC,440SingleComptonPlus218Single,9500,440,37,7232.602199285987,1889.259521484375,0.47584635760600363,5.455744194703602,accepted_saved_frame
JSCC,440SingleComptonPlus218Single,9550,218,10,1237.1887092222355,1729.8477783203125,-0.13849869889652117,-0.6277879305311742,accepted_saved_frame
JSCC,440SingleComptonPlus218Single,9550,440,13,2926.3550022309632,1597.3660888671875,0.13997879141532715,2.3243126952914377,accepted_saved_frame
JSCC,440SingleComptonPlus218Single,9550,218,17,2415.32847252083,1458.0908203125,0.3192583735952692,1.975795263281417,accepted_saved_frame
JSCC,440SingleComptonPlus218Single,9550,440,22,5689.823114819029,1580.22412109375,0.43754840141975027,6.206496713827218,accepted_saved_frame
JSCC,440SingleComptonPlus218Single,9550,218,28,3854.406472401263,1532.1446533203125,0.7370865927332125,3.076601307688879,accepted_saved_frame
JSCC,440SingleComptonPlus218Single,9550,440,37,7237.407913963374,1888.398681640625,0.4765681352440785,5.446287831168502,accepted_saved_frame
JSCC,440SingleComptonPlus218Single,9600,218,10,1236.4431654755326,1730.9796142578125,-0.1389355716817856,-0.6273401069038178,accepted_saved_frame
JSCC,440SingleComptonPlus218Single,9600,440,13,2933.6852668379406,1597.2508544921875,0.14077316100366133,2.3268751076632737,accepted_saved_frame
JSCC,440SingleComptonPlus218Single,9600,218,17,2417.912659214679,1456.9259033203125,0.3207650463114908,1.9763548751634232,accepted_saved_frame
JSCC,440SingleComptonPlus218Single,9600,440,22,5710.4656005360075,1579.6905517578125,0.43995156439213784,6.217667299977239,accepted_saved_frame
JSCC,440SingleComptonPlus218Single,9600,218,28,3855.7374918935407,1531.3135986328125,0.7381732302416348,3.072023896041155,accepted_saved_frame
JSCC,440SingleComptonPlus218Single,9600,440,37,7242.15186426105,1887.5458984375,0.4772823105203398,5.43681085118311,accepted_saved_frame
JSCC,440SingleComptonPlus218Single,9650,218,10,1235.6975448951844,1732.113037109375,-0.1393722129446623,-0.6268949237570988,accepted_saved_frame
JSCC,440SingleComptonPlus218Single,9650,440,13,2941.025941276305,1597.1390380859375,0.14156807879630323,2.3294169509678886,accepted_saved_frame
JSCC,440SingleComptonPlus218Single,9650,218,17,2420.4902965468355,1455.766845703125,0.3222686880330534,1.9768893502596432,accepted_saved_frame
JSCC,440SingleComptonPlus218Single,9650,440,22,5731.027193228669,1579.155517578125,0.44234829924320757,6.228748250630734,accepted_saved_frame
JSCC,440SingleComptonPlus218Single,9650,218,28,3857.0466288357015,1530.490478515625,0.7392477410760081,3.0674275144489482,accepted_saved_frame
JSCC,440SingleComptonPlus218Single,9650,440,37,7246.834217721071,1886.7015380859375,0.4779887534825389,5.427313237566325,accepted_saved_frame
JSCC,440SingleComptonPlus218Single,9700,218,10,1234.9525875569923,1733.2484130859375,-0.13980848750394395,-0.6264518830257609,accepted_saved_frame
JSCC,440SingleComptonPlus218Single,9700,440,13,2948.3763692246225,1597.03076171875,0.14236344691977368,2.3319354045195677,accepted_saved_frame
JSCC,440SingleComptonPlus218Single,9700,218,17,2423.0598423943975,1454.6136474609375,0.3237687577848669,1.977396430196934,accepted_saved_frame
JSCC,440SingleComptonPlus218Single,9700,440,22,5751.509130003163,1578.61962890625,0.44473850095521406,6.2397408028566135,accepted_saved_frame
JSCC,440SingleComptonPlus218Single,9700,218,28,3858.3341121118224,1529.67578125,0.7403097701625966,3.0628085241308787,accepted_saved_frame
JSCC,440SingleComptonPlus218Single,9700,440,37,7251.456399260784,1885.865234375,0.4786876970284395,5.417793309712305,accepted_saved_frame
JSCC,440SingleComptonPlus218Single,9750,218,10,1234.206165276923,1734.385009765625,-0.1402448451873001,-0.6260125189898749,accepted_saved_frame
JSCC,440SingleComptonPlus218Single,9750,440,13,2955.7349960083166,1596.92626953125,0.14315904877328298,2.3344288751159086,accepted_saved_frame
JSCC,440SingleComptonPlus218Single,9750,218,17,2425.6231464245466,1453.466064453125,0.3252659841080919,1.9778811637516895,accepted_saved_frame
JSCC,440SingleComptonPlus218Single,9750,440,22,5771.913150144154,1578.0823974609375,0.4471225425917318,6.250650821161895,accepted_saved_frame
JSCC,440SingleComptonPlus218Single,9750,218,28,3859.6008508667196,1528.869140625,0.7413598632387275,3.058171233798591,accepted_saved_frame
JSCC,440SingleComptonPlus218Single,9750,440,37,7256.0189405768,1885.037109375,0.47937912773196056,5.408255685188359,accepted_saved_frame
JSCC,440SingleComptonPlus218Single,9800,218,10,1233.4589621001119,1735.523193359375,-0.14068116616675644,-0.6255766321074877,accepted_saved_frame
JSCC,440SingleComptonPlus218Single,9800,440,13,2963.1000588881006,1596.8250732421875,0.14395478848463822,2.336896212474566,accepted_saved_frame
JSCC,440SingleComptonPlus218Single,9800,218,17,2428.1791838635686,1452.3240966796875,0.32675999975567416,1.9783413488570054,accepted_saved_frame
JSCC,440SingleComptonPlus218Single,9800,440,22,5792.235845141909,1577.5440673828125,0.4494999648245821,6.261473086673608,accepted_saved_frame
JSCC,440SingleComptonPlus218Single,9800,218,28,3860.8470141163434,1528.0704345703125,0.7423981367362389,3.05351543640839,accepted_saved_frame
JSCC,440SingleComptonPlus218Single,9800,440,37,7260.521627285366,1884.21728515625,0.4800629655395282,5.39869819761055,accepted_saved_frame
JSCC,440SingleComptonPlus218Single,9850,218,10,1232.7119010115744,1736.6624755859375,-0.14111709380989584,-0.6251427638727403,accepted_saved_frame
JSCC,440SingleComptonPlus218Single,9850,440,13,2970.4747264422467,1596.7275390625,0.14475092323753083,2.339342746358803,accepted_saved_frame
JSCC,440SingleComptonPlus218Single,9850,218,17,2430.7279364795327,1451.1881103515625,0.3282505681407607,1.9787764734673892,accepted_saved_frame
JSCC,440SingleComptonPlus218Single,9850,440,22,5812.475714914836,1577.0042724609375,0.4518707498072851,6.272207295244528,accepted_saved_frame
JSCC,440SingleComptonPlus218Single,9850,218,28,3862.0723909000226,1527.2796630859375,0.7434244887571515,3.0488427058504417,accepted_saved_frame
JSCC,440SingleComptonPlus218Single,9850,440,37,7264.966221380246,1883.40478515625,0.4807396853994784,5.389127397429787,accepted_saved_frame
JSCC,440SingleComptonPlus218Single,9900,218,10,1231.9645392611096,1737.802978515625,-0.1415527761785096,-0.6247114030263108,accepted_saved_frame
JSCC,440SingleComptonPlus218Single,9900,440,13,2977.8553017867093,1596.633056640625,0.14554717801990044,2.341764942159761,accepted_saved_frame
JSCC,440SingleComptonPlus218Single,9900,218,17,2433.2704103510378,1450.0576171875,0.3297382749099231,1.9791904223094374,accepted_saved_frame
JSCC,440SingleComptonPlus218Single,9900,440,22,5832.634561715244,1576.4635009765625,0.4542348968715856,6.282855619341193,accepted_saved_frame
JSCC,440SingleComptonPlus218Single,9900,218,28,3863.2779006098003,1526.496826171875,0.7444391776647836,3.0441529166105226,accepted_saved_frame
JSCC,440SingleComptonPlus218Single,9900,440,37,7269.352966506173,1882.600341796875,0.48140903922467115,5.379541596112263,accepted_saved_frame
JSCC,440SingleComptonPlus218Single,9950,218,10,1231.2162105646164,1738.944580078125,-0.14198837499662928,-0.6242832859184151,accepted_saved_frame
JSCC,440SingleComptonPlus218Single,9950,440,13,2985.2466369527947,1596.5416259765625,0.1463440596021653,2.344170318767884,accepted_saved_frame
JSCC,440SingleComptonPlus218Single,9950,218,17,2435.8056972890795,1448.9327392578125,0.33122272275510917,1.9795809920164182,accepted_saved_frame
JSCC,440SingleComptonPlus218Single,9950,440,22,5852.711647370027,1575.92138671875,0.456592469970751,6.293419968019624,accepted_saved_frame
JSCC,440SingleComptonPlus218Single,9950,218,28,3864.463639349996,1525.7218017578125,0.7454422988573067,3.039446970833653,accepted_saved_frame
JSCC,440SingleComptonPlus218Single,9950,440,37,7273.683291258051,1881.803466796875,0.4820713054387232,5.369942834479819,accepted_saved_frame
JSCC,440SingleComptonPlus218Single,10000,218,10,1230.4675780661237,1740.0872802734375,-0.14242370427439574,-0.6238573313440167,accepted_saved_frame
JSCC,440SingleComptonPlus218Single,10000,440,13,2992.6436297559185,1596.4532470703125,0.1471410258155735,2.3465502530531293,accepted_saved_frame
JSCC,440SingleComptonPlus218Single,10000,218,17,2438.3339523952623,1447.81396484375,0.33270366269153856,1.9799472820290434,accepted_saved_frame
JSCC,440SingleComptonPlus218Single,10000,440,22,5872.709835409052,1575.378173828125,0.45894367696671823,6.303902098568218,accepted_saved_frame
JSCC,440SingleComptonPlus218Single,10000,218,28,3865.630888162483,1524.9544677734375,0.7464343264792893,3.0347270553427896,accepted_saved_frame
JSCC,440SingleComptonPlus218Single,10000,440,37,7277.958917296184,1881.0142822265625,0.4827265787872131,5.360332166093121,accepted_saved_frame
EHE matrix+Poisson,440_SinglePhoton,0,440,13,1.0,1.0,0.0,,
EHE matrix+Poisson,440_SinglePhoton,0,440,22,1.0,1.0,0.0,,
EHE matrix+Poisson,440_SinglePhoton,0,440,37,1.0,1.0,0.0,,
EHE matrix+Poisson,440_SinglePhoton,10,440,13,1603.8612382044316,986.6199340820312,0.06951244826461106,2.2685463976206135,
EHE matrix+Poisson,440_SinglePhoton,10,440,22,1766.5855536701426,1242.8323974609375,0.04682433066055087,1.4683705957924293,
EHE matrix+Poisson,440_SinglePhoton,10,440,37,4487.32571567983,1494.920654296875,0.2224127750921715,5.1189379023818535,
EHE matrix+Poisson,440_SinglePhoton,20,440,13,2266.022733750402,992.561767578125,0.14255602777576618,2.4026561009362504,
EHE matrix+Poisson,440_SinglePhoton,20,440,22,2164.1404757130563,1300.19873046875,0.07382988846232728,1.3655891276011487,
EHE matrix+Poisson,440_SinglePhoton,20,440,37,5797.474402125478,1432.2406005859375,0.33864839311943196,5.5442914763115105,
EHE matrix+Poisson,440_SinglePhoton,30,440,13,2896.2036958654844,974.4874877929688,0.21911417621457638,2.552810180192803,
EHE matrix+Poisson,440_SinglePhoton,30,440,22,2365.6765728739424,1294.1895751953125,0.09199124543652275,1.2357196790204783,
EHE matrix+Poisson,440_SinglePhoton,30,440,37,6176.1134047878395,1364.1376953125,0.3919428145389678,5.124671037666157,
EHE matrix+Poisson,440_SinglePhoton,40,440,13,3470.1767623892956,950.4295654296875,0.294574075719872,2.6667363917334006,
EHE matrix+Poisson,440_SinglePhoton,40,440,22,2473.7568505756276,1282.704345703125,0.10317199567567774,1.1011622088420856,
EHE matrix+Poisson,440_SinglePhoton,40,440,37,6309.381312900416,1322.2110595703125,0.41909347538498765,4.5651874419187495,
EHE matrix+Poisson,440_SinglePhoton,50,440,13,3983.2120835385413,926.668212890625,0.3664914592982065,2.749564946455659,
EHE matrix+Poisson,440_SinglePhoton,50,440,22,2526.390056349476,1272.310546875,0.10951899130415373,0.9812226072956416,
EHE matrix+Poisson,440_SinglePhoton,50,440,37,6362.998193281605,1294.6092529296875,0.43499946059504535,4.066806326762154,
EHE matrix+Poisson,440_SinglePhoton,60,440,13,4446.201879842429,904.6590576171875,0.4349757565700967,2.816167293920222,
EHE matrix+Poisson,440_SinglePhoton,60,440,22,2546.13146089861,1263.78662109375,0.11274273488906333,0.8794792502713511,
EHE matrix+Poisson,440_SinglePhoton,60,440,37,6385.354852425898,1275.660888671875,0.44505854086468105,3.655692322605971,
EHE matrix+Poisson,440_SinglePhoton,70,440,13,4873.354616209681,884.7684936523438,0.5008951369982253,2.874682461782166,
EHE matrix+Poisson,440_SinglePhoton,70,440,22,2547.5112393215522,1256.869140625,0.11409674483824128,0.7950552197308178,
EHE matrix+Poisson,440_SinglePhoton,70,440,37,6393.463588476727,1262.152099609375,0.45172505054003903,3.321298877272128,
EHE matrix+Poisson,440_SinglePhoton,80,440,13,5274.999733222186,867.060302734375,0.5648638811942253,2.9278918748131457,
EHE matrix+Poisson,440_SinglePhoton,80,440,22,2539.302681151854,1251.1861572265625,0.11439069828839596,0.7254942872116371,
EHE matrix+Poisson,440_SinglePhoton,80,440,37,6394.745017748869,1251.9693603515625,0.456416535088471,3.0490046125857315,
EHE matrix+Poisson,440_SinglePhoton,90,440,13,5656.056098386922,851.3988037109375,0.6270279077122172,2.976311973748526,
EHE matrix+Poisson,440_SinglePhoton,90,440,22,2526.3373374274383,1246.4600830078125,0.1140899622563457,0.6679049880010353,
EHE matrix+Poisson,440_SinglePhoton,90,440,37,6393.184311520905,1243.7889404296875,0.46000975136078714,2.8258665857064686,
EHE matrix+Poisson,440_SinglePhoton,100,440,13,6017.622460259955,837.5608520507812,0.6871887570949103,3.0197135147290814,
EHE matrix+Poisson,440_SinglePhoton,100,440,22,2511.1900583964157,1242.5135498046875,0.11345071973850936,0.6196618301106362,
EHE matrix+Poisson,440_SinglePhoton,100,440,37,6391.0350211062,1236.8106689453125,0.4630390156424705,2.641362711414864,
EHE matrix+Poisson,440_SinglePhoton,110,440,13,6358.945033023822,825.3111572265625,0.744989575190162,3.0577041908581943,
EHE matrix+Poisson,440_SinglePhoton,110,440,22,2495.2605428019538,1239.2308349609375,0.1126173207521734,0.5786602618483914,
EHE matrix+Poisson,440_SinglePhoton,110,440,37,6389.495700099733,1230.55322265625,0.4658196169603459,2.487239644129995,
EHE matrix+Poisson,440_SinglePhoton,120,440,13,6678.791287248832,814.433349609375,0.8000597307525624,3.0899751587439552,
EHE matrix+Poisson,440_SinglePhoton,120,440,22,2479.3355893714556,1236.525146484375,0.1116758924008025,0.5433084168636061,
EHE matrix+Poisson,440_SinglePhoton,120,440,37,6389.133534234075,1224.73388671875,0.4685280527303903,2.3571280479505594,
EHE matrix+Poisson,440_SinglePhoton,130,440,13,6976.1781531742145,804.739013671875,0.8520967025270861,3.1164079327554934,
EHE matrix+Poisson,440_SinglePhoton,130,440,22,2463.8682109345596,1234.32080078125,0.11068141995132337,0.5124286543814758,
EHE matrix+Poisson,440_SinglePhoton,130,440,37,6390.15335906406,1219.198486328125,0.4712526695677623,2.246129065613761,
EHE matrix+Poisson,440_SinglePhoton,140,440,13,7250.653798340831,796.066650390625,0.900899879953935,3.137100777773498,
EHE matrix+Poisson,440_SinglePhoton,140,440,22,2449.1200689003513,1232.54443359375,0.1096715598280625,0.4851552211636086,
EHE matrix+Poisson,440_SinglePhoton,140,440,37,6392.5595544127755,1213.8724365234375,0.47402812886457035,2.150466261072461,
EHE matrix+Poisson,440_SinglePhoton,150,440,13,7502.343486710871,788.2789916992188,0.9463745374011661,3.152350715828259,
EHE matrix+Poisson,440_SinglePhoton,150,440,22,2435.237987547386,1231.123291015625,0.10867353644693928,0.4608486434260914,
EHE matrix+Poisson,440_SinglePhoton,150,440,37,6396.24933316797,1208.7281494140625,0.4768576316508652,2.0672150324539182,
EHE matrix+Poisson,440_SinglePhoton,160,440,13,7731.876104219195,781.259033203125,0.9885207758841479,3.162600258040638,
EHE matrix+Poisson,440_SinglePhoton,160,440,22,2422.2983771288978,1229.9837646484375,0.10770825208785093,0.4390347849536911,
EHE matrix+Poisson,440_SinglePhoton,160,440,37,6401.070086527998,1203.7593994140625,0.4797295585114212,1.9941015435904474,
EHE matrix+Poisson,440_SinglePhoton,170,440,13,7940.285926015385,774.9075927734375,1.0274168888815731,3.168394852709651,
EHE matrix+Poisson,440_SinglePhoton,170,440,22,2410.3336097046636,1229.054443359375,0.10679204767062843,0.4193575993817871,
EHE matrix+Poisson,440_SinglePhoton,170,440,37,6406.854979310829,1198.968505859375,0.48262656590046116,1.9293491022246148,
EHE matrix+Poisson,440_SinglePhoton,180,440,13,8128.88817073834,769.1397705078125,1.0632005437814376,3.1703249594205785,
EHE matrix+Poisson,440_SinglePhoton,180,440,22,2399.3489889331954,1228.2684326171875,0.10593780509007357,0.40154545498969196,
EHE matrix+Poisson,440_SinglePhoton,180,440,37,6413.4416737639285,1194.3580322265625,0.48553127851618744,1.8715621542195269,
EHE matrix+Poisson,440_SinglePhoton,190,440,13,8299.174353390796,763.8823852539062,1.0960517997126307,3.1689897088223518,
EHE matrix+Poisson,440_SinglePhoton,190,440,22,2389.3321925548507,1227.5655517578125,0.10515542907337087,0.38538591715699777,
EHE matrix+Poisson,440_SinglePhoton,190,440,37,6420.682874005998,1189.9276123046875,0.488428895226868,1.819637895580432,
EHE matrix+Poisson,440_SinglePhoton,200,440,13,8452.715983742235,759.0721435546875,1.126176639249582,3.164960344489881,
EHE matrix+Poisson,440_SinglePhoton,200,440,22,2380.258343021647,1226.89501953125,0.10445187106292411,0.37070624148387654,
EHE matrix+Poisson,440_SinglePhoton,200,440,37,6428.4495227098005,1185.674072265625,0.49130753487068307,1.7726978228458006,
EHE matrix+Poisson,218_SinglePhoton_CrossTalkCorrected,0,218,10,1.0,1.0,0.0,,
EHE matrix+Poisson,218_SinglePhoton_CrossTalkCorrected,0,218,17,1.0,1.0,0.0,,
EHE matrix+Poisson,218_SinglePhoton_CrossTalkCorrected,0,218,28,1.0,1.0,0.0,,
EHE matrix+Poisson,218_SinglePhoton_CrossTalkCorrected,10,218,10,208.473288042369,253.1903839111328,-0.019623834566261957,-0.6841811014386918,
EHE matrix+Poisson,218_SinglePhoton_CrossTalkCorrected,10,218,17,825.2231068631096,493.9013977050781,0.07453617951039616,2.148820855757966,
EHE matrix+Poisson,218_SinglePhoton_CrossTalkCorrected,10,218,28,1919.1771066630984,538.815673828125,0.28464927801291723,5.61584010625082,
EHE matrix+Poisson,218_SinglePhoton_CrossTalkCorrected,20,218,10,212.63372937659358,278.5145263671875,-0.0262826095643564,-0.5444429978606025,
EHE matrix+Poisson,218_SinglePhoton_CrossTalkCorrected,20,218,17,1154.7815760103063,549.7808837890625,0.12227107401843623,2.580263192977519,
EHE matrix+Poisson,218_SinglePhoton_CrossTalkCorrected,20,218,28,2720.920055456636,540.775390625,0.44794622738367884,6.723344122509948,
EHE matrix+Poisson,218_SinglePhoton_CrossTalkCorrected,30,218,10,199.4110423391655,278.47625732421875,-0.0315467608321096,-0.46060635709069186,
EHE matrix+Poisson,218_SinglePhoton_CrossTalkCorrected,30,218,17,1348.1208484614294,555.7201538085938,0.15843319884061277,2.630145810359442,
EHE matrix+Poisson,218_SinglePhoton_CrossTalkCorrected,30,218,28,2991.1275791313183,515.111083984375,0.534084690582121,6.7685116479556955,
EHE matrix+Poisson,218_SinglePhoton_CrossTalkCorrected,40,218,10,188.30367780728355,279.22705078125,-0.03618058124684304,-0.405678851211015,
EHE matrix+Poisson,218_SinglePhoton_CrossTalkCorrected,40,218,17,1488.6294530739747,556.9616088867188,0.18586316848850234,2.563055676100616,
EHE matrix+Poisson,218_SinglePhoton_CrossTalkCorrected,40,218,28,3128.4667808102713,500.0093688964844,0.5840907025212938,6.44416151205011,
EHE matrix+Poisson,218_SinglePhoton_CrossTalkCorrected,50,218,10,179.0983422454147,282.23388671875,-0.04060286691548579,-0.36705572071929693,
EHE matrix+Poisson,218_SinglePhoton_CrossTalkCorrected,50,218,17,1599.3477855829153,557.5578002929688,0.20760976305805587,2.465879843470389,
EHE matrix+Poisson,218_SinglePhoton_CrossTalkCorrected,50,218,28,3211.8136806966363,491.0448303222656,0.6156416509734898,6.023576028721246,
EHE matrix+Poisson,218_SinglePhoton_CrossTalkCorrected,60,218,10,171.19725718605557,286.50469970703125,-0.04471807293558251,-0.33724883265236033,
EHE matrix+Poisson,218_SinglePhoton_CrossTalkCorrected,60,218,17,1691.943380277751,557.8538208007812,0.22588345970654716,2.3692331904494903,
EHE matrix+Poisson,218_SinglePhoton_CrossTalkCorrected,60,218,28,3267.086362097446,485.4790954589844,0.6366236506614973,5.603813105777084,
EHE matrix+Poisson,218_SinglePhoton_CrossTalkCorrected,70,218,10,164.57612351052632,291.178466796875,-0.048310327293637254,-0.3122924170826224,
EHE matrix+Poisson,218_SinglePhoton_CrossTalkCorrected,70,218,17,1772.0049090512578,557.9656372070312,0.2417590679998894,2.2814539121590185,
EHE matrix+Poisson,218_SinglePhoton_CrossTalkCorrected,70,218,28,3305.3077647381274,481.95660400390625,0.6509002717669617,5.216243774823109,
EHE matrix+Poisson,218_SinglePhoton_CrossTalkCorrected,80,218,10,159.3437747710004,295.70556640625,-0.05123782540122709,-0.29037322048345676,
EHE matrix+Poisson,218_SinglePhoton_CrossTalkCorrected,80,218,17,1841.9674733154336,558.0252685546875,0.2556519444771976,2.2025683391343,
EHE matrix+Poisson,218_SinglePhoton_CrossTalkCorrected,80,218,28,3332.188328915525,479.72528076171875,0.6606704949560114,4.868970465030738,
EHE matrix+Poisson,218_SinglePhoton_CrossTalkCorrected,90,218,10,155.56830042811453,299.8001708984375,-0.05345481737907497,-0.2706457241853836,
EHE matrix+Poisson,218_SinglePhoton_CrossTalkCorrected,90,218,17,1903.0133893315556,558.1598510742188,0.2677157280838036,2.130343847188192,
EHE matrix+Poisson,218_SinglePhoton_CrossTalkCorrected,90,218,28,3351.2603335019357,478.3229675292969,0.6673634438561579,4.561636216393279,
EHE matrix+Poisson,218_SinglePhoton_CrossTalkCorrected,100,218,10,153.25652854772244,303.3690490722656,-0.054979797702429146,-0.25264438156886526,
EHE matrix+Poisson,218_SinglePhoton_CrossTalkCorrected,100,218,17,1955.950627269302,558.46630859375,0.27804011274984264,2.062552885109749,
EHE matrix+Poisson,218_SinglePhoton_CrossTalkCorrected,100,218,28,3364.8999101922604,477.45245361328125,0.6719569514146858,4.290726297020804,
EHE matrix+Poisson,218_SinglePhoton_CrossTalkCorrected,110,218,10,152.36607963555878,306.4297790527344,-0.05586333311680098,-0.2360577689930454,
EHE matrix+Poisson,218_SinglePhoton_CrossTalkCorrected,110,218,17,2001.511237429031,558.997802734375,0.28672611902517636,1.9976304894078833,
EHE matrix+Poisson,218_SinglePhoton_CrossTalkCorrected,110,218,28,3374.74785572745,476.9211120605469,0.6751237073678674,4.051783207144013,
EHE matrix+Poisson,218_SinglePhoton_CrossTalkCorrected,120,218,10,152.82229366639802,309.0463562011719,-0.056167072745653704,-0.220647181196992,
EHE matrix+Poisson,218_SinglePhoton_CrossTalkCorrected,120,218,17,2040.4486370124225,559.7680053710938,0.29390759851182024,1.934732650474122,
EHE matrix+Poisson,218_SinglePhoton_CrossTalkCorrected,120,218,28,3381.9494891905097,476.604736328125,0.6773245396980885,3.840386826448975,
EHE matrix+Poisson,218_SinglePhoton_CrossTalkCorrected,130,218,10,154.53294766524215,311.2928466796875,-0.05595299327608077,-0.20621781285525495,
EHE matrix+Poisson,218_SinglePhoton_CrossTalkCorrected,130,218,17,2073.5511066222543,560.7635498046875,0.29974756093117577,1.8735610373636389,
EHE matrix+Poisson,218_SinglePhoton_CrossTalkCorrected,130,218,28,3387.3060026745984,476.42425537109375,0.6788724579188766,3.6525480893671416,
EHE matrix+Poisson,218_SinglePhoton_CrossTalkCorrected,140,218,10,157.39861314511376,313.23785400390625,-0.05527898683125497,-0.19260783424582595,
EHE matrix+Poisson,218_SinglePhoton_CrossTalkCorrected,140,218,17,2101.6198969634133,561.9568481445312,0.30442492631923224,1.814153536348894,
EHE matrix+Poisson,218_SinglePhoton_CrossTalkCorrected,140,218,28,3391.374083212776,476.3303527832031,0.6799771333760144,3.4848216399020577,
EHE matrix+Poisson,218_SinglePhoton_CrossTalkCorrected,150,218,10,161.3185970557081,314.94000244140625,-0.054197767544727826,-0.17968444558409838,
EHE matrix+Poisson,218_SinglePhoton_CrossTalkCorrected,150,218,17,2125.425332263942,563.3140258789062,0.3081192992857983,1.7566975069288366,
EHE matrix+Poisson,218_SinglePhoton_CrossTalkCorrected,150,218,28,3394.539605925546,476.2923583984375,0.68077870335772,3.334307065024509,
EHE matrix+Poisson,218_SinglePhoton_CrossTalkCorrected,160,218,10,166.19417312578372,316.4474792480469,-0.05275697512596197,-0.1673410156800006,
EHE matrix+Poisson,218_SinglePhoton_CrossTalkCorrected,160,218,17,2145.673929647617,564.800048828125,0.31099971359570666,1.7014153805300556,
EHE matrix+Poisson,218_SinglePhoton_CrossTalkCorrected,160,218,28,3397.0684264752017,476.2912292480469,0.68137051401149,3.1985926570194936,
EHE matrix+Poisson,218_SinglePhoton_CrossTalkCorrected,170,218,10,171.92985850160528,317.7989196777344,-0.05099977520518263,-0.15549355615448485,
EHE matrix+Poisson,218_SinglePhoton_CrossTalkCorrected,170,218,17,2162.987053542466,566.3814697265625,0.31321755725806977,1.6484987840963004,
EHE matrix+Poisson,218_SinglePhoton_CrossTalkCorrected,170,218,28,3399.1454614153145,476.3150329589844,0.6818154247151651,3.0756915869726686,
EHE matrix+Poisson,218_SinglePhoton_CrossTalkCorrected,180,218,10,178.43356644877284,319.025146484375,-0.04896569077004578,-0.14407796967046438,
EHE matrix+Poisson,218_SinglePhoton_CrossTalkCorrected,180,218,17,2177.8927562076783,568.027587890625,0.31490355645406837,1.598081366560732,
EHE matrix+Poisson,218_SinglePhoton_CrossTalkCorrected,180,218,28,3400.900195363563,476.355712890625,0.6821570060944109,2.963965733262441,
EHE matrix+Poisson,218_SinglePhoton_CrossTalkCorrected,190,218,10,185.616198687356,320.1502685546875,-0.04669129297545982,-0.13304698719055794,
EHE matrix+Poisson,218_SinglePhoton_CrossTalkCorrected,190,218,17,2190.8296707022696,569.711669921875,0.31616733835491434,1.5502343308023325,
EHE matrix+Poisson,218_SinglePhoton_CrossTalkCorrected,190,218,28,3402.425193972099,476.40765380859375,0.682426189879787,2.8620622233363093,
EHE matrix+Poisson,218_SinglePhoton_CrossTalkCorrected,200,218,10,193.39103300064514,321.19281005859375,-0.04421081981347186,-0.12236719194535968,
EHE matrix+Poisson,218_SinglePhoton_CrossTalkCorrected,200,218,17,2202.153261767037,571.410400390625,0.31709897324266234,1.5049713815774473,
EHE matrix+Poisson,218_SinglePhoton_CrossTalkCorrected,200,218,28,3403.786991627371,476.4665222167969,0.682645715424499,2.7688549015351196,
EHE matrix+Poisson,440SinglePlus218Single,0,218,10,2.0,2.0,0.0,,
EHE matrix+Poisson,440SinglePlus218Single,0,440,13,2.0,2.0,0.0,,
EHE matrix+Poisson,440SinglePlus218Single,0,218,17,2.0,2.0,0.0,,
EHE matrix+Poisson,440SinglePlus218Single,0,440,22,2.0,2.0,0.0,,
EHE matrix+Poisson,440SinglePlus218Single,0,218,28,2.0,2.0,0.0,,
EHE matrix+Poisson,440SinglePlus218Single,0,440,37,2.0,2.0,0.0,,
EHE matrix+Poisson,440SinglePlus218Single,10,218,10,1136.0145580622927,1380.9110107421875,-0.08624427382598454,-0.823538529321162,
EHE matrix+Poisson,440SinglePlus218Single,10,440,13,1799.5903882764758,1297.136474609375,0.06517089728137897,2.245288964393549,
EHE matrix+Poisson,440SinglePlus218Single,10,218,17,1582.133272612141,1421.0322265625,0.05513252729195924,0.6807816239578484,
EHE matrix+Poisson,440SinglePlus218Single,10,440,22,2045.516119517913,1659.5340576171875,0.03913128331461881,1.2271208944152066,
EHE matrix+Poisson,440SinglePlus218Single,10,218,28,2812.8027048479685,1638.600341796875,0.3484844282754224,2.8480532969646877,
EHE matrix+Poisson,440SinglePlus218Single,10,440,37,4651.2566808301035,1806.2347412109375,0.2650053045959148,5.346271201126538,
EHE matrix+Poisson,440SinglePlus218Single,20,218,10,952.9065443817825,1327.6904296875,-0.13727692809552336,-0.753031605690246,
EHE matrix+Poisson,440SinglePlus218Single,20,440,13,2443.6753307048766,1326.6419677734375,0.14166271188886387,2.3591216264805532,
EHE matrix+Poisson,440SinglePlus218Single,20,218,17,1774.3836238083998,1433.22802734375,0.11575790959545043,0.8035880501054279,
EHE matrix+Poisson,440SinglePlus218Single,20,440,22,2432.441339246325,1739.6175537109375,0.0670057614045671,1.1318318024387681,
EHE matrix+Poisson,440SinglePlus218Single,20,218,28,3501.1420246435914,1657.8446044921875,0.5407108233870382,2.7778167603374264,
EHE matrix+Poisson,440SinglePlus218Single,20,440,37,6020.424665340609,1803.018798828125,0.3935394566577011,5.637089062082527,
EHE matrix+Poisson,440SinglePlus218Single,30,218,10,832.9789779025259,1313.8997802734375,-0.17800196265035126,-0.690988707976962,
EHE matrix+Poisson,440SinglePlus218Single,30,440,13,3055.779035145122,1312.750732421875,0.22339081292019086,2.431581182337553,
EHE matrix+Poisson,440SinglePlus218Single,30,218,17,1876.7086581268422,1388.4290771484375,0.17102450053373147,0.8636150352383325,
EHE matrix+Poisson,440SinglePlus218Single,30,440,22,2616.8663702405524,1732.099365234375,0.08594077278668404,1.0229462237826308,
EHE matrix+Poisson,440SinglePlus218Single,30,218,28,3712.332618511404,1657.4423828125,0.6029255056372842,2.3318528402551544,
EHE matrix+Poisson,440SinglePlus218Single,30,440,37,6431.088889950436,1754.585693359375,0.4484249727006774,5.110477701535691,
EHE matrix+Poisson,440SinglePlus218Single,40,218,10,746.5667875725356,1334.8245849609375,-0.21431716876638793,-0.6575697150282255,
EHE matrix+Poisson,440SinglePlus218Single,40,440,13,3617.6491173335985,1294.366943359375,0.3019866092805208,2.457629644504908,
EHE matrix+Poisson,440SinglePlus218Single,40,218,17,1957.9110197780346,1352.1397705078125,0.21787155759375326,0.8868807945667896,
EHE matrix+Poisson,440SinglePlus218Single,40,440,22,2715.717837930791,1721.97119140625,0.09709412077204552,0.9085116819529944,
EHE matrix+Poisson,440SinglePlus218Single,40,218,28,3806.9482932690066,1664.0782470703125,0.6262324362350045,1.9835555698950686,
EHE matrix+Poisson,440SinglePlus218Single,40,440,37,6580.298205164741,1721.8792724609375,0.474717674030401,4.499519627060309,
EHE matrix+Poisson,440SinglePlus218Single,50,218,10,673.8420389549525,1369.75341796875,-0.24707284316380726,-0.6371402466906695,
EHE matrix+Poisson,440SinglePlus218Single,50,440,13,4121.212093813896,1276.78955078125,0.3748158353653898,2.4580019524051346,
EHE matrix+Poisson,440SinglePlus218Single,50,218,17,2027.8742830409656,1325.5386962890625,0.25767111194763775,0.8934786723158217,
EHE matrix+Poisson,440SinglePlus218Single,50,440,22,2763.0165565905654,1714.6126708984375,0.10287402490822639,0.8050710596405084,
EHE matrix+Poisson,440SinglePlus218Single,50,218,28,3856.58437809882,1672.15869140625,0.6352918034621398,1.7294122890325263,
EHE matrix+Poisson,440SinglePlus218Single,50,440,37,6639.636188272727,1698.642333984375,0.4893904710454883,3.9785746150992805,
EHE matrix+Poisson,440SinglePlus218Single,60,218,10,608.5763356493984,1408.298583984375,-0.27615817471027554,-0.6219142236021724,
EHE matrix+Poisson,440SinglePlus218Single,60,440,13,4575.9279544650135,1260.292724609375,0.4426275635325473,2.454030110869694,
EHE matrix+Poisson,440SinglePlus218Single,60,218,17,2091.0866834118015,1305.194580078125,0.2928202662429777,0.8952665885909183,
EHE matrix+Poisson,440SinglePlus218Single,60,440,22,2778.787031275705,1709.2274169921875,0.10528058370107289,0.7167004091790266,
EHE matrix+Poisson,440SinglePlus218Single,60,218,28,3885.8504555100103,1681.0833740234375,0.6378035480621307,1.538559403299732,
EHE matrix+Poisson,440SinglePlus218Single,60,440,37,6662.237711183835,1681.8077392578125,0.49823430875706387,3.5577508848681902,
EHE matrix+Poisson,440SinglePlus218Single,70,218,10,549.5947962819189,1445.695068359375,-0.3014347918622831,-0.6085419768350295,
EHE matrix+Poisson,440SinglePlus218Single,70,440,13,4995.63881483255,1245.056884765625,0.5068186659950621,2.4542767901305655,
EHE matrix+Poisson,440SinglePlus218Single,70,218,17,2149.2370057033645,1288.9129638671875,0.3246025561843194,0.8955388212197344,
EHE matrix+Poisson,440SinglePlus218Single,70,440,22,2776.5766179027423,1704.9459228515625,0.10574934224368875,0.6431703003576212,
EHE matrix+Poisson,440SinglePlus218Single,70,218,28,3904.300220791064,1690.377685546875,0.6369306346199155,1.3901707062360042,
EHE matrix+Poisson,440SinglePlus218Single,70,440,37,6668.0376815217,1669.4122314453125,0.5037674971254756,3.219415432632839,
EHE matrix+Poisson,440SinglePlus218Single,80,218,10,496.98983352513943,1480.014892578125,-0.3230070275946059,-0.5957373717634745,
EHE matrix+Poisson,440SinglePlus218Single,80,440,13,5390.5531906186825,1231.266845703125,0.5683420292486634,2.4601180582019206,
EHE matrix+Poisson,440SinglePlus218Single,80,218,17,2202.651187088347,1275.68896484375,0.3533708362232288,0.8939203424009674,
EHE matrix+Poisson,440SinglePlus218Single,80,440,22,2764.859698866122,1701.2569580078125,0.10518472408504978,0.5825614843440312,
EHE matrix+Poisson,440SinglePlus218Single,80,218,28,3915.984392300671,1699.3516845703125,0.6343426887941278,1.2715639281103592,
EHE matrix+Poisson,440SinglePlus218Single,80,440,37,6665.995255811914,1659.9114990234375,0.5074068392340256,2.9457977634411767,
EHE matrix+Poisson,440SinglePlus218Single,90,218,10,450.85507702597465,1510.757568359375,-0.34118081496864844,-0.5830465208573722,
EHE matrix+Poisson,440SinglePlus218Single,90,440,13,5765.488195906227,1218.9150390625,0.627558023864001,2.4703490873775413,
EHE matrix+Poisson,440SinglePlus218Single,90,218,17,2251.272218449316,1265.0770263671875,0.3791048842050797,0.8893245983064885,
EHE matrix+Poisson,440SinglePlus218Single,90,440,22,2748.402893497517,1697.90869140625,0.10409322573020405,0.5324241354966289,
EHE matrix+Poisson,440SinglePlus218Single,90,218,28,3923.078212414905,1707.4959716796875,0.6310178657802862,1.1746741285626443,
EHE matrix+Poisson,440SinglePlus218Single,90,440,37,6660.851478297888,1652.2288818359375,0.5100247335153724,2.7225113434145176,
EHE matrix+Poisson,440SinglePlus218Single,100,218,10,411.0345001220703,1538.048583984375,-0.35634671283305347,-0.570328038563753,
EHE matrix+Poisson,440SinglePlus218Single,100,440,13,6121.4460639021145,1207.873046875,0.6844145955674316,2.483099114461824,
EHE matrix+Poisson,440SinglePlus218Single,100,218,17,2295.0586115666297,1256.8048095703125,0.40174378228408303,0.8809992987486354,
EHE matrix+Poisson,440SinglePlus218Single,100,440,22,2729.787104881852,1694.8033447265625,0.10274421104982241,0.49048871596491744,
EHE matrix+Poisson,440SinglePlus218Single,100,218,28,3927.0028685708253,1714.5693359375,0.6275215543314366,1.0940693511713422,
EHE matrix+Poisson,440SinglePlus218Single,100,440,37,6655.219148617417,1645.6605224609375,0.5121561016563058,2.5383741935565483,
EHE matrix+Poisson,440SinglePlus218Single,110,218,10,377.1715912159616,1562.2286376953125,-0.3688995539642518,-0.5575674385680746,
EHE matrix+Poisson,440SinglePlus218Single,110,440,13,6457.595896876005,1197.97705078125,0.7386673669092063,2.4965734076227712,
EHE matrix+Poisson,440SinglePlus218Single,110,218,17,2334.0673227584807,1250.6102294921875,0.42131139782548166,0.8687120477097734,
EHE matrix+Poisson,440SinglePlus218Single,110,440,22,2710.4319848310693,1691.9180908203125,0.10128164870134569,0.4549258006003974,
EHE matrix+Poisson,440SinglePlus218Single,110,218,28,3928.760595397501,1720.519775390625,0.6241661797337196,1.0259507757506623,
EHE matrix+Poisson,440SinglePlus218Single,110,440,37,6650.458460060474,1639.75390625,0.5141185342811353,2.384839013722421,
EHE matrix+Poisson,440SinglePlus218Single,120,218,10,348.7993420665287,1583.6820068359375,-0.3792024891459298,-0.5448098995397839,
EHE matrix+Poisson,440SinglePlus218Single,120,440,13,6772.647543858264,1189.0692138671875,0.790039156800351,2.5093351862469224,
EHE matrix+Poisson,440SinglePlus218Single,120,218,17,2368.4748195920783,1246.204345703125,0.43794718945858585,0.8526832865206307,
EHE matrix+Poisson,440SinglePlus218Single,120,440,22,2691.138497154815,1689.255126953125,0.09978495389743253,0.4243473508702593,
EHE matrix+Poisson,440SinglePlus218Single,120,218,28,3929.075760431712,1725.4027099609375,0.6211123326758358,0.9675928243487488,
EHE matrix+Poisson,440SinglePlus218Single,120,440,37,6647.199629496272,1634.228515625,0.5160901336931787,2.2554108629445055,
EHE matrix+Poisson,440SinglePlus218Single,130,218,10,325.4055240299924,1602.7796630859375,-0.3875767923171417,-0.5321279315740799,
EHE matrix+Poisson,440SinglePlus218Single,130,440,13,7065.576902053348,1181.0125732421875,0.8383066906022145,2.520377652445821,
EHE matrix+Poisson,440SinglePlus218Single,130,218,17,2398.5744005701326,1243.2877197265625,0.4518888132507092,0.8334512066296415,
EHE matrix+Poisson,440SinglePlus218Single,130,440,22,2672.365553737427,1686.8182373046875,0.09829973127980843,0.3977230844519291,
EHE matrix+Poisson,440SinglePlus218Single,130,218,28,3928.472227086683,1729.329345703125,0.6184280841350956,0.916994406644759,
EHE matrix+Poisson,440SinglePlus218Single,130,440,37,6645.66054823736,1628.9239501953125,0.5181596957398984,2.1451399612469855,
EHE matrix+Poisson,440SinglePlus218Single,140,218,10,306.47173812228385,1619.8607177734375,-0.3943021653229221,-0.5196010608537968,
EHE matrix+Poisson,440SinglePlus218Single,140,440,13,7335.900443415194,1173.692626953125,0.8833343169887508,2.529093703752331,
EHE matrix+Poisson,440SinglePlus218Single,140,218,17,2424.7533943377503,1241.571044921875,0.4634400628931261,0.811736026260521,
EHE matrix+Poisson,440SinglePlus218Single,140,440,22,2654.3768754146295,1684.6014404296875,0.09685390822703158,0.3742936347374406,
EHE matrix+Poisson,440SinglePlus218Single,140,218,28,3927.3219837629226,1732.4322509765625,0.6161265374333702,0.8726568039809174,
EHE matrix+Poisson,440SinglePlus218Single,140,440,37,6645.8343356804835,1623.7603759765625,0.5203604776545381,2.0502306277493427,
EHE matrix+Poisson,440SinglePlus218Single,150,218,10,291.49615895556485,1635.2274169921875,-0.39962047128708106,-0.5073022245308201,
EHE matrix+Poisson,440SinglePlus218Single,150,440,13,7583.717599182746,1167.0142822265625,0.9250792237582504,2.5352056591776018,
EHE matrix+Poisson,440SinglePlus218Single,150,218,17,2447.447691670101,1240.7906494140625,0.47293211657940337,0.7883154126423079,
EHE matrix+Poisson,440SinglePlus218Single,150,440,22,2637.320969940081,1682.5869140625,0.09546585051564617,0.35349697556019644,
EHE matrix+Poisson,440SinglePlus218Single,150,218,28,3925.883671235907,1734.8480224609375,0.6141882110626082,0.8334392350473556,
EHE matrix+Poisson,440SinglePlus218Single,150,440,37,6647.595055515665,1618.7066650390625,0.5226933573484497,1.9677521179310562,
EHE matrix+Poisson,440SinglePlus218Single,160,218,10,280.0069231726349,1649.14208984375,-0.4037399430687983,-0.49529010114317146,
EHE matrix+Poisson,440SinglePlus218Single,160,440,13,7809.634934024149,1160.8995361328125,0.9635794970610821,2.538680960192439,
EHE matrix+Poisson,440SinglePlus218Single,160,218,17,2467.10253025981,1240.716552734375,0.4806932987005758,0.763936659553538,
EHE matrix+Poisson,440SinglePlus218Single,160,440,22,2621.278310541817,1680.7451171875,0.09414893414564676,0.33491539622158273,
EHE matrix+Poisson,440SinglePlus218Single,160,218,28,3924.3322139464763,1736.7010498046875,0.6125795614378006,0.7984645136617701,
EHE matrix+Poisson,440SinglePlus218Single,160,440,37,6650.762392479626,1613.757080078125,0.525142765512716,1.8954282743617956,
EHE matrix+Poisson,440SinglePlus218Single,170,218,10,271.5696010405611,1661.8282470703125,-0.40683933507507464,-0.483606951043877,
EHE matrix+Poisson,440SinglePlus218Single,170,440,13,8014.665990878895,1155.282958984375,0.9989409717425464,2.539657735840286,
EHE matrix+Poisson,440SinglePlus218Single,170,218,17,2484.1410058638317,1241.155029296875,0.4870277030101976,0.7392567619150182,
EHE matrix+Poisson,440SinglePlus218Single,170,440,22,2606.2873685233358,1679.0386962890625,0.09291346437651542,0.318234222373344,
EHE matrix+Poisson,440SinglePlus218Single,170,218,28,3922.7840969782524,1738.0985107421875,0.6112628806693066,0.7670525094848241,
EHE matrix+Poisson,440SinglePlus218Single,170,440,37,6655.140511371535,1608.9156494140625,0.5276870809197448,1.8314821981732443,
EHE matrix+Poisson,440SinglePlus218Single,180,218,10,265.7902802163765,1673.47314453125,-0.40907180261804965,-0.47228064987438917,
EHE matrix+Poisson,440SinglePlus218Single,180,440,13,8200.10727027987,1150.1102294921875,1.031318022384104,2.538380162696477,
EHE matrix+Poisson,440SinglePlus218Single,180,218,17,2498.9448490731193,1241.948486328125,0.4922026032729011,0.7148117925843571,
EHE matrix+Poisson,440SinglePlus218Single,180,440,22,2592.361384297461,1677.426513671875,0.09176769333878107,0.3032123644214045,
EHE matrix+Poisson,440SinglePlus218Single,180,218,28,3921.31529393204,1739.12841796875,0.6102021811941489,0.7386708149431364,
EHE matrix+Poisson,440SinglePlus218Single,180,440,37,6660.538947236283,1604.1884765625,0.5303040146257987,1.7745168060874266,
EHE matrix+Poisson,440SinglePlus218Single,190,218,10,262.31507329542154,1684.2310791015625,-0.41056860175141147,-0.4613267386884309,
EHE matrix+Poisson,440SinglePlus218Single,190,440,13,8367.432838040313,1145.334228515625,1.0608996661437697,2.5351488023413475,
EHE matrix+Poisson,440SinglePlus218Single,190,218,17,2511.8467988327106,1242.972900390625,0.4964440060231267,0.6910096990268778,
EHE matrix+Poisson,440SinglePlus218Single,190,440,22,2579.496348447663,1675.8677978515625,0.09071797073024823,0.28965973564039,
EHE matrix+Poisson,440SinglePlus218Single,190,218,28,3919.9750681311793,1739.8590087890625,0.6093671321719044,0.7129001075099826,
EHE matrix+Poisson,440SinglePlus218Single,190,440,37,6666.7842657737765,1599.579833984375,0.5329735346749471,1.7234272925403584,
EHE matrix+Poisson,440SinglePlus218Single,200,218,10,260.8279180066762,1694.2303466796875,-0.41144249734868343,-0.450752885264521,
EHE matrix+Poisson,440SinglePlus218Single,200,440,13,8518.198005158856,1140.9139404296875,1.0878944432451847,2.5302834131210505,
EHE matrix+Poisson,440SinglePlus218Single,200,218,17,2523.1270911452007,1244.1343994140625,0.4999357945088214,0.6681362441239757,
EHE matrix+Poisson,440SinglePlus218Single,200,440,22,2567.6758822698953,1674.325927734375,0.08976866276636679,0.2774209837144228,
EHE matrix+Poisson,440SinglePlus218Single,200,218,28,3918.793821753006,1740.3446044921875,0.6087313336464033,0.6894034895625812,
EHE matrix+Poisson,440SinglePlus218Single,200,440,37,6673.723460326644,1595.0914306640625,0.5356786088844456,1.6773322624338738,
EHE Geant4 5e10,440_SinglePhoton,0,440,13,1.0,1.0,0.0,,
EHE Geant4 5e10,440_SinglePhoton,0,440,22,1.0,1.0,0.0,,
EHE Geant4 5e10,440_SinglePhoton,0,440,37,1.0,1.0,0.0,,
EHE Geant4 5e10,440_SinglePhoton,10,440,13,12015.816307893769,9652.6357421875,0.02720247872445896,2.051825772884556,
EHE Geant4 5e10,440_SinglePhoton,10,440,22,20259.219219122813,12123.951171875,0.0745564427884965,3.2302146711057445,
EHE Geant4 5e10,440_SinglePhoton,10,440,37,47101.209829546475,14591.193359375,0.24756193433077783,6.628669794228202,
EHE Geant4 5e10,440_SinglePhoton,20,440,13,14376.770815624426,10137.16015625,0.046469409951185314,2.0834184968503155,
EHE Geant4 5e10,440_SinglePhoton,20,440,22,28355.00350791724,12737.7060546875,0.13622980975781784,3.8008071173146925,
EHE Geant4 5e10,440_SinglePhoton,20,440,37,62310.64106370669,13969.658203125,0.3844918923385594,8.524411220174525,
EHE Geant4 5e10,440_SinglePhoton,30,440,13,16209.711611276076,10359.4150390625,0.06274803644965281,2.189846006823074,
EHE Geant4 5e10,440_SinglePhoton,30,440,22,34090.93992964489,12696.013671875,0.18724097894658476,4.200623119519857,
EHE Geant4 5e10,440_SinglePhoton,30,440,37,67313.46190416312,13313.484375,0.4506707135591878,9.433609087130929,
EHE Geant4 5e10,440_SinglePhoton,40,440,13,17640.285014459085,10475.931640625,0.07598744351026049,2.258599741886674,
EHE Geant4 5e10,440_SinglePhoton,40,440,22,38069.266359825924,12590.1650390625,0.2248589473671751,4.4189299546196565,
EHE Geant4 5e10,440_SinglePhoton,40,440,37,69462.70727501779,12930.0048828125,0.4858011604667997,9.817621480721781,
EHE Geant4 5e10,440_SinglePhoton,50,440,13,18730.65262051151,10543.9853515625,0.08627000761292725,2.274655955757942,
EHE Geant4 5e10,440_SinglePhoton,50,440,22,40718.920353494614,12484.822265625,0.2512748634316456,4.522028241835238,
EHE Geant4 5e10,440_SinglePhoton,50,440,37,70612.92145484153,12689.796875,0.5071714539239623,9.912307346718926,
EHE Geant4 5e10,440_SinglePhoton,60,440,13,19538.581468393906,10583.591796875,0.09401334362543927,2.2564375355903903,
EHE Geant4 5e10,440_SinglePhoton,60,440,22,42467.87697117388,12389.802734375,0.2697386165205798,4.555224539817211,
EHE Geant4 5e10,440_SinglePhoton,60,440,37,71340.02869714517,12523.5009765625,0.5218324938818513,9.848417358588994,
EHE Geant4 5e10,440_SinglePhoton,70,440,13,20122.786158119485,10604.3984375,0.09973207267320647,2.2194090753072695,
EHE Geant4 5e10,440_SinglePhoton,70,440,22,43640.8526773879,12306.8359375,0.28289622395424086,4.546516821591158,
EHE Geant4 5e10,440_SinglePhoton,70,440,37,71856.67807101597,12398.2744140625,0.532855547036753,9.700818974812668,
EHE Geant4 5e10,440_SinglePhoton,80,440,13,20537.51255800864,10612.84375,0.10390626722150947,2.172756927941078,
EHE Geant4 5e10,440_SinglePhoton,80,440,22,44449.34105879436,12235.2431640625,0.2925437739593974,4.512828950985863,
EHE Geant4 5e10,440_SinglePhoton,80,440,37,72253.05816303582,12298.0263671875,0.5416861210602685,9.512040432779843,
EHE Geant4 5e10,440_SinglePhoton,90,440,13,20828.449107830016,10613.423828125,0.10694030759879923,2.1217635083888164,
EHE Geant4 5e10,440_SinglePhoton,90,440,22,45022.17439622074,12173.6416015625,0.2998147223847783,4.464218204904223,
EHE Geant4 5e10,440_SinglePhoton,90,440,37,72571.87162439003,12214.3525390625,0.5490582483216567,9.305947870209803,
EHE Geant4 5e10,440_SinglePhoton,100,440,13,21031.149169787263,10609.0478515625,0.10915317508064376,2.069527948610842,
EHE Geant4 5e10,440_SinglePhoton,100,440,22,45436.78788695605,12120.6123046875,0.30541338951061925,4.406683515787302,
EHE Geant4 5e10,440_SinglePhoton,100,440,37,72836.41562181698,12142.4189453125,0.5553899465068192,9.09580091553296,
EHE Geant4 5e10,440_SinglePhoton,110,440,13,21171.623142359516,10601.494140625,0.11078238240683147,2.0178398667457134,
EHE Geant4 5e10,440_SinglePhoton,110,440,22,45740.708128384904,12074.9013671875,0.30978681166319755,4.343914308086939,
EHE Geant4 5e10,440_SinglePhoton,110,440,37,73061.51204644697,12079.150390625,0.5609515357153693,8.888817479862984,
EHE Geant4 5e10,440_SinglePhoton,120,440,13,21268.35383294948,10591.830078125,0.11199957027753972,1.967707919174849,
EHE Geant4 5e10,440_SinglePhoton,120,440,22,45964.25456177923,12035.443359375,0.31323049752394133,4.278278080512974,
EHE Geant4 5e10,440_SinglePhoton,120,440,37,73257.45285052045,12022.451171875,0.5659319366854145,8.688759755276811,
EHE Geant4 5e10,440_SinglePhoton,130,440,13,21334.394340280967,10580.7080078125,0.11292760711841722,1.9196751206703504,
EHE Geant4 5e10,440_SinglePhoton,130,440,22,46127.6089382764,12001.3271484375,0.31594914802847845,4.211352261949556,
EHE Geant4 5e10,440_SinglePhoton,130,440,37,73431.53175437501,11970.8369140625,0.5704668890230946,8.497423025922739,
EHE Geant4 5e10,440_SinglePhoton,140,440,13,21379.032109719607,10568.54296875,0.11365478322408738,1.8740121927156532,
EHE Geant4 5e10,440_SinglePhoton,140,440,22,46244.80365656896,11971.7685546875,0.3180912656241679,4.144216549467811,
EHE Geant4 5e10,440_SinglePhoton,140,440,37,73588.92569982771,11923.2294921875,0.5746550485806406,8.315496534231421,
EHE Geant4 5e10,440_SinglePhoton,150,440,13,21408.924516618612,10555.6259765625,0.11424448561211244,1.8308224154897623,
EHE Geant4 5e10,440_SinglePhoton,150,440,22,46325.98797020278,11946.0869140625,0.31976906192948057,4.077619237027247,
EHE Geant4 5e10,440_SinglePhoton,150,440,37,73733.32296331556,11878.8408203125,0.5785682578016604,8.143049684314889,
EHE Geant4 5e10,440_SinglePhoton,160,440,13,21428.878677230747,10542.1689453125,0.1147424615306927,1.7901101735177138,
EHE Geant4 5e10,440_SinglePhoton,160,440,22,46378.70862620839,11923.6953125,0.32106949333239815,4.012071674920535,
EHE Geant4 5e10,440_SinglePhoton,160,440,37,73867.3610499288,11837.08203125,0.5822594796675428,7.979824711854609,
EHE Geant4 5e10,440_SinglePhoton,170,440,13,21442.371443740238,10528.33203125,0.11518168711176863,1.7518170843265966,
EHE Geant4 5e10,440_SinglePhoton,170,440,22,46408.73047555531,11904.0908203125,0.32206145840559797,3.947920006705091,
EHE Geant4 5e10,440_SinglePhoton,170,440,37,73992.94919391612,11797.5126953125,0.5857678846275953,7.825389161396869,
EHE Geant4 5e10,440_SinglePhoton,180,440,13,21451.932020050313,10514.244140625,0.11558592676898198,1.715849533692428,
EHE Geant4 5e10,440_SinglePhoton,180,440,22,46420.509763997645,11886.8505859375,0.3227998210515117,3.8853816558980383,
EHE Geant4 5e10,440_SinglePhoton,180,440,37,74111.47308473692,11759.7919921875,0.5891230534044606,7.679229615152306,
EHE Geant4 5e10,440_SinglePhoton,190,440,13,21459.40309793409,10500.001953125,0.11597247731460729,1.682094665155983,
EHE Geant4 5e10,440_SinglePhoton,190,440,22,46417.54292680856,11871.609375,0.3233291241367232,3.8245841486097247,
EHE Geant4 5e10,440_SinglePhoton,190,440,37,74223.97309401685,11723.6630859375,0.5923471903688939,7.540807341725809,
EHE Geant4 5e10,440_SinglePhoton,200,440,13,21466.133498480864,10485.673828125,0.11635409364074685,1.6504331183141503,
EHE Geant4 5e10,440_SinglePhoton,200,440,22,46402.603899311536,11858.0693359375,0.3236852062013361,3.7655877154594695,
EHE Geant4 5e10,440_SinglePhoton,200,440,37,74331.22297996041,11688.9267578125,0.5954571604396617,7.409585043752333,
EHE Geant4 5e10,218_SinglePhoton_CrossTalkCorrected,0,218,10,1.0,1.0,0.0,,
EHE Geant4 5e10,218_SinglePhoton_CrossTalkCorrected,0,218,17,1.0,1.0,0.0,,
EHE Geant4 5e10,218_SinglePhoton_CrossTalkCorrected,0,218,28,1.0,1.0,0.0,,
EHE Geant4 5e10,218_SinglePhoton_CrossTalkCorrected,10,218,10,5009.510447413209,4245.38427734375,0.01999887459860698,1.081543092892789,
EHE Geant4 5e10,218_SinglePhoton_CrossTalkCorrected,10,218,17,7978.531026710174,4903.43212890625,0.06968132653398447,3.785302398045884,
EHE Geant4 5e10,218_SinglePhoton_CrossTalkCorrected,10,218,28,19309.17999935637,5881.0830078125,0.2536966022850218,5.99516642158329,
EHE Geant4 5e10,218_SinglePhoton_CrossTalkCorrected,20,218,10,7365.3652940363745,5490.96142578125,0.0379290765902912,2.0122162403483945,
EHE Geant4 5e10,218_SinglePhoton_CrossTalkCorrected,20,218,17,12142.305982552949,5721.38330078125,0.12469639176818825,4.666294128278226,
EHE Geant4 5e10,218_SinglePhoton_CrossTalkCorrected,20,218,28,25991.266594565925,6252.11572265625,0.35079948661537735,7.788632820437481,
EHE Geant4 5e10,218_SinglePhoton_CrossTalkCorrected,30,218,10,8151.015253686445,5606.84326171875,0.0504179916737397,2.298047512662322,
EHE Geant4 5e10,218_SinglePhoton_CrossTalkCorrected,30,218,17,14495.93777532669,5745.11767578125,0.16924167602219178,5.049486262604483,
EHE Geant4 5e10,218_SinglePhoton_CrossTalkCorrected,30,218,28,28042.64564172455,6043.98095703125,0.40441822921918175,8.688092838464554,
EHE Geant4 5e10,218_SinglePhoton_CrossTalkCorrected,40,218,10,8686.818990529542,5619.1123046875,0.06066016835836311,2.3682778111252833,
EHE Geant4 5e10,218_SinglePhoton_CrossTalkCorrected,40,218,17,16244.593786954587,5695.36865234375,0.20580513705386128,5.275357634295516,
EHE Geant4 5e10,218_SinglePhoton_CrossTalkCorrected,40,218,28,29183.497584182125,5908.7744140625,0.4376678090943547,9.082544487253003,
EHE Geant4 5e10,218_SinglePhoton_CrossTalkCorrected,50,218,10,9144.105043270198,5625.0419921875,0.06951183763941968,2.3858751595935512,
EHE Geant4 5e10,218_SinglePhoton_CrossTalkCorrected,50,218,17,17595.884584457395,5646.61328125,0.23513152846436366,5.382896210437222,
EHE Geant4 5e10,218_SinglePhoton_CrossTalkCorrected,50,218,28,29879.399714892876,5822.56396484375,0.4590729730312526,9.167962191134237,
EHE Geant4 5e10,218_SinglePhoton_CrossTalkCorrected,60,218,10,9550.133546491912,5628.9345703125,0.07740164140988723,2.3878282138980533,
EHE Geant4 5e10,218_SinglePhoton_CrossTalkCorrected,60,218,17,18639.929060113274,5605.728515625,0.2583508104087471,5.407709795844187,
EHE Geant4 5e10,218_SinglePhoton_CrossTalkCorrected,60,218,28,30341.893870398486,5764.57666015625,0.4737230822577401,9.078882444498754,
EHE Geant4 5e10,218_SinglePhoton_CrossTalkCorrected,70,218,10,9917.17556379999,5630.205078125,0.08460261169074818,2.3828627412785734,
EHE Geant4 5e10,218_SinglePhoton_CrossTalkCorrected,70,218,17,19451.649756808776,5572.2578125,0.2767557985237699,5.377193846208515,
EHE Geant4 5e10,218_SinglePhoton_CrossTalkCorrected,70,218,28,30675.387212696638,5723.56884765625,0.48438733534541967,8.899454101706581,
EHE Geant4 5e10,218_SinglePhoton_CrossTalkCorrected,80,218,10,10254.523508936645,5629.24560546875,0.09129460731873573,2.3738985454422825,
EHE Geant4 5e10,218_SinglePhoton_CrossTalkCorrected,80,218,17,20092.226490533696,5545.06201171875,0.29149387425086903,5.310469261424716,
EHE Geant4 5e10,218_SinglePhoton_CrossTalkCorrected,80,218,28,30932.005816275014,5693.18798828125,0.492573422443041,8.678248036464929,
EHE Geant4 5e10,218_SinglePhoton_CrossTalkCorrected,90,218,10,10568.875067511555,5626.689453125,0.09759410742436796,2.3623467096296227,
EHE Geant4 5e10,218_SinglePhoton_CrossTalkCorrected,90,218,17,20607.184478016166,5522.98291015625,0.30346325956338394,5.220697677924349,
EHE Geant4 5e10,218_SinglePhoton_CrossTalkCorrected,90,218,28,31139.730478552377,5669.66259765625,0.4991491986651327,8.442208180308738,
EHE Geant4 5e10,218_SinglePhoton_CrossTalkCorrected,100,218,10,10864.640148494022,5623.02294921875,0.10357452144339965,2.3490091444551098,
EHE Geant4 5e10,218_SinglePhoton_CrossTalkCorrected,100,218,17,21028.712410956472,5505.005859375,0.3133250586049114,5.116890155370031,
EHE Geant4 5e10,218_SinglePhoton_CrossTalkCorrected,100,218,28,31314.89485832762,5650.69287109375,0.5046421852387084,8.205851738090958,
EHE Geant4 5e10,218_SinglePhoton_CrossTalkCorrected,110,218,10,11144.575196097518,5618.5556640625,0.10928114037445674,2.3343655891478208,
EHE Geant4 5e10,218_SinglePhoton_CrossTalkCorrected,110,218,17,21379.26806157912,5490.31787109375,0.3215549539214984,5.005172740053976,
EHE Geant4 5e10,218_SinglePhoton_CrossTalkCorrected,110,218,28,31467.607725493246,5634.8603515625,0.5093835667061689,7.976644058731912,
EHE Geant4 5e10,218_SinglePhoton_CrossTalkCorrected,120,218,10,11410.407622996634,5613.48388671875,0.11474204796207345,2.318714923193137,
EHE Geant4 5e10,218_SinglePhoton_CrossTalkCorrected,120,218,17,21674.62824653552,5478.2978515625,0.32849478339240723,4.889666172994643,
EHE Geant4 5e10,218_SinglePhoton_CrossTalkCorrected,120,218,28,31604.332225601087,5621.27685546875,0.5135854764791127,7.758107459536312,
EHE Geant4 5e10,218_SinglePhoton_CrossTalkCorrected,130,218,10,11663.311635695087,5607.94921875,0.11997577368883548,2.3022640112708395,
EHE Geant4 5e10,218_SinglePhoton_CrossTalkCorrected,130,218,17,21926.038475172445,5468.4716796875,0.3343929785033024,4.773116434909765,
EHE Geant4 5e10,218_SinglePhoton_CrossTalkCorrected,130,218,28,31729.333557397833,5609.375,0.5173869847333523,7.551608305203315,
EHE Geant4 5e10,218_SinglePhoton_CrossTalkCorrected,140,218,10,11904.228026558732,5602.08349609375,0.12499604506984616,2.285180092673236,
EHE Geant4 5e10,218_SinglePhoton_CrossTalkCorrected,140,218,17,22141.669793685647,5460.46484375,0.33943396207027665,4.657342613925906,
EHE Geant4 5e10,218_SinglePhoton_CrossTalkCorrected,140,218,28,31845.507559928523,5598.7763671875,0.5208822918792692,7.357368958976959,
EHE Geant4 5e10,218_SinglePhoton_CrossTalkCorrected,150,218,10,12134.006015593599,5596.01513671875,0.12981441494313894,2.267613306517136,
EHE Geant4 5e10,218_SinglePhoton_CrossTalkCorrected,150,218,17,22327.603525980296,5453.98046875,0.34375755782429834,4.543538901140073,
EHE Geant4 5e10,218_SinglePhoton_CrossTalkCorrected,150,218,28,31954.846914326048,5589.22119140625,0.5241363454567888,7.175009169346458,
EHE Geant4 5e10,218_SinglePhoton_CrossTalkCorrected,160,218,10,12353.450222003115,5589.8623046875,0.1344415528733917,2.2497034648189778,
EHE Geant4 5e10,218_SinglePhoton_CrossTalkCorrected,160,218,17,22488.52085234141,5448.7724609375,0.34747374576491313,4.432483925251994,
EHE Geant4 5e10,218_SinglePhoton_CrossTalkCorrected,160,218,28,32058.742023544353,5580.5234375,0.5271950418787684,7.0038598205177935,
EHE Geant4 5e10,218_SinglePhoton_CrossTalkCorrected,170,218,10,12563.310724289087,5583.734375,0.13888706574698817,2.231575960615837,
EHE Geant4 5e10,218_SinglePhoton_CrossTalkCorrected,170,218,17,22628.12176145628,5444.63720703125,0.35067094261801796,4.324669626783194,
EHE Geant4 5e10,218_SinglePhoton_CrossTalkCorrected,170,218,28,32158.171297838475,5572.5498046875,0.5300909004345983,6.843120443452396,
EHE Geant4 5e10,218_SinglePhoton_CrossTalkCorrected,180,218,10,12764.266468109425,5577.7158203125,0.14315996964654504,2.2133428104622386,
EHE Geant4 5e10,218_SinglePhoton_CrossTalkCorrected,180,218,17,22749.43712496603,5441.40478515625,0.353422467240339,4.220396701574702,
EHE Geant4 5e10,218_SinglePhoton_CrossTalkCorrected,180,218,28,32253.819299829607,5565.2001953125,0.5328473403745376,6.691960676101496,
EHE Geant4 5e10,218_SinglePhoton_CrossTalkCorrected,190,218,10,12956.924128001909,5571.8740234375,0.14726842697408,2.195098578124359,
EHE Geant4 5e10,218_SinglePhoton_CrossTalkCorrected,190,218,17,22854.997369534485,5438.93359375,0.3557900025720253,4.1198293919476,
EHE Geant4 5e10,218_SinglePhoton_CrossTalkCorrected,190,218,28,32346.178860312837,5558.3984375,0.5354815924851022,6.549572919199705,
EHE Geant4 5e10,218_SinglePhoton_CrossTalkCorrected,200,218,10,13141.825216507988,5566.255859375,0.15122012890453881,2.1769254688768083,
EHE Geant4 5e10,218_SinglePhoton_CrossTalkCorrected,200,218,17,22946.95655112079,5437.10546875,0.357826240512416,4.023037669931607,
EHE Geant4 5e10,218_SinglePhoton_CrossTalkCorrected,200,218,28,32435.608993585738,5552.083984375,0.5380066913186298,6.415202192928643,
EHE Geant4 5e10,440SinglePlus218Single,0,218,10,2.0,2.0,0.0,,
EHE Geant4 5e10,440SinglePlus218Single,0,440,13,2.0,2.0,0.0,,
EHE Geant4 5e10,440SinglePlus218Single,0,218,17,2.0,2.0,0.0,,
EHE Geant4 5e10,440SinglePlus218Single,0,440,22,2.0,2.0,0.0,,
EHE Geant4 5e10,440SinglePlus218Single,0,218,28,2.0,2.0,0.0,,
EHE Geant4 5e10,440SinglePlus218Single,0,440,37,2.0,2.0,0.0,,
EHE Geant4 5e10,440SinglePlus218Single,10,218,10,15666.238084995479,14916.2177734375,0.024452793213588744,0.4520766075661891,
EHE Geant4 5e10,440SinglePlus218Single,10,440,13,16076.455454499115,13970.1884765625,0.025366120477374552,1.8234262352610018,
EHE Geant4 5e10,440SinglePlus218Single,10,218,17,17427.498316593406,14471.5146484375,0.09933497971806075,2.331414017851226,
EHE Geant4 5e10,440SinglePlus218Single,10,440,22,23057.102414273762,16319.427734375,0.06946211609924692,3.312075195779908,
EHE Geant4 5e10,440SinglePlus218Single,10,218,28,26885.450469841842,16212.4580078125,0.3201485242318252,4.573683247267234,
EHE Geant4 5e10,440SinglePlus218Single,10,440,37,48498.309439096236,17980.388671875,0.285560913772137,7.206174611291095,
EHE Geant4 5e10,440SinglePlus218Single,20,218,10,17242.66422264369,15144.0126953125,0.0673928049422311,1.0793974986414794,
EHE Geant4 5e10,440SinglePlus218Single,20,440,13,19629.659256326388,15366.5087890625,0.04667650714358957,1.8648758984877731,
EHE Geant4 5e10,440SinglePlus218Single,20,218,17,21483.760767344662,15503.4462890625,0.18759011038431916,2.669541464024912,
EHE Geant4 5e10,440SinglePlus218Single,20,440,22,31649.028475281324,17485.888671875,0.13627454174796005,3.8015757380254493,
EHE Geant4 5e10,440SinglePlus218Single,20,218,28,32120.644870563785,16298.38671875,0.47210436246671045,5.333274196392044,
EHE Geant4 5e10,440SinglePlus218Single,20,440,37,64756.98714767227,18601.525390625,0.41746246971019796,8.994123545945126,
EHE Geant4 5e10,440SinglePlus218Single,30,218,10,18005.306904391076,14839.8193359375,0.10373520374762517,1.3625155636610293,
EHE Geant4 5e10,440SinglePlus218Single,30,440,13,21806.3519178747,15708.88671875,0.06530505802155416,1.9980450493926656,
EHE Geant4 5e10,440SinglePlus218Single,30,218,17,23578.580546336605,15431.5693359375,0.25674523084397044,2.9089698902376613,
EHE Geant4 5e10,440SinglePlus218Single,30,440,22,37458.02186724786,17460.603515625,0.19268929099939314,4.163957130525249,
EHE Geant4 5e10,440SinglePlus218Single,30,218,28,33468.66064020153,15995.140625,0.5312592500858598,5.2732510955384315,
EHE Geant4 5e10,440SinglePlus218Single,30,440,37,70473.25930434276,18300.748046875,0.4796404444283862,9.623262188753344,
EHE Geant4 5e10,440SinglePlus218Single,40,218,10,18820.868481209807,14748.5673828125,0.13427779792513408,1.5096148686569912,
EHE Geant4 5e10,440SinglePlus218Single,40,440,13,23442.79498541169,15862.6318359375,0.08039817781950373,2.097949114239729,
EHE Geant4 5e10,440SinglePlus218Single,40,218,17,25127.036584079076,15287.3798828125,0.31301204831139506,3.0944652021055643,
EHE Geant4 5e10,440SinglePlus218Single,40,440,22,41464.92519421773,17378.40625,0.2331884259337481,4.356058455480221,
EHE Geant4 5e10,440SinglePlus218Single,40,218,28,34149.84524490975,15844.103515625,0.5618673878499248,5.0717676511984955,
EHE Geant4 5e10,440SinglePlus218Single,40,440,37,73128.30690230799,18044.822265625,0.5135842476272819,9.785011474665641,
EHE Geant4 5e10,440SinglePlus218Single,50,218,10,19613.825655333098,14755.482421875,0.16012124062403935,1.5988852577283172,
EHE Geant4 5e10,440SinglePlus218Single,50,440,13,24677.123370301873,15957.0,0.09194207088471833,2.1370710705198057,
EHE Geant4 5e10,440SinglePlus218Single,50,218,17,26329.677519697896,15195.0791015625,0.3563573812842442,3.1724495194115176,
EHE Geant4 5e10,440SinglePlus218Single,50,440,22,44120.283265556354,17317.22265625,0.2604048356763626,4.433778738124986,
EHE Geant4 5e10,440SinglePlus218Single,50,218,28,34495.660799988815,15763.8046875,0.5778750360211641,4.819593805719941,
EHE Geant4 5e10,440SinglePlus218Single,50,440,37,74627.21864501767,17847.99609375,0.5352329932270515,9.732433700407487,
EHE Geant4 5e10,440SinglePlus218Single,60,218,10,20329.2451344579,14784.1328125,0.1824016060771495,1.6599095741920955,
EHE Geant4 5e10,440SinglePlus218Single,60,440,13,25578.5222313798,16019.0703125,0.10040112584575117,2.1328598738882047,
EHE Geant4 5e10,440SinglePlus218Single,60,218,17,27246.124066741464,15152.8125,0.38812012126697987,3.1594219595168465,
EHE Geant4 5e10,440SinglePlus218Single,60,440,22,45852.939866991626,17270.494140625,0.2784437801130746,4.442126040356835,
EHE Geant4 5e10,440SinglePlus218Single,60,218,28,34675.43010065657,15720.55078125,0.5863641793985153,4.560056568570151,
EHE Geant4 5e10,440SinglePlus218Single,60,440,37,75592.47273342941,17692.015625,0.5506144129834976,9.573020691284924,
EHE Geant4 5e10,440SinglePlus218Single,70,218,10,20963.80509413937,14808.634765625,0.20213392967570978,1.7061365210618786,
EHE Geant4 5e10,440SinglePlus218Single,70,440,13,26212.587747757192,16057.998046875,0.10639320131979374,2.1029288787844225,
EHE Geant4 5e10,440SinglePlus218Single,70,218,17,27931.498518812106,15144.087890625,0.41063281823767356,3.087626366694883,
EHE Geant4 5e10,440SinglePlus218Single,70,440,22,46991.98130240091,17231.958984375,0.29056379396635,4.409364581616207,
EHE Geant4 5e10,440SinglePlus218Single,70,218,28,34773.678781306655,15698.2490234375,0.5909316930044524,4.313153692286888,
EHE Geant4 5e10,440SinglePlus218Single,70,440,37,76273.19021511296,17564.43359375,0.5623563848795242,9.361288184193095,
EHE Geant4 5e10,440SinglePlus218Single,80,218,10,21532.548930177352,14823.7822265625,0.22008874255212027,1.7442530088075217,
EHE Geant4 5e10,440SinglePlus218Single,80,440,13,26641.718524929354,16080.01953125,0.11050708201940743,2.0584425755984794,
EHE Geant4 5e10,440SinglePlus218Single,80,218,17,28438.74871510205,15155.84375,0.42621341203459173,2.983359028902625,
EHE Geant4 5e10,440SinglePlus218Single,80,440,22,47754.64333366275,17198.728515625,0.29891096509163917,4.352556366689349,
EHE Geant4 5e10,440SinglePlus218Single,80,218,28,34830.51546145671,15687.61328125,0.5934239512660537,4.08671899946747,
EHE Geant4 5e10,440SinglePlus218Single,80,440,37,76784.83985443387,17457.33984375,0.5717693602965584,9.127191135771296,
EHE Geant4 5e10,440SinglePlus218Single,90,218,10,22051.59178431471,14830.4814453125,0.23678974889684518,1.7776233038557787,
EHE Geant4 5e10,440SinglePlus218Single,90,440,13,26919.844036453545,16090.1435546875,0.11323988609891533,2.006107769792179,
EHE Geant4 5e10,440SinglePlus218Single,90,218,17,28811.849601563463,15179.59375,0.4367387687377148,2.8639433868007824,
EHE Geant4 5e10,440SinglePlus218Single,90,440,22,48274.721266708526,17169.54296875,0.30480132978237245,4.281800340591217,
EHE Geant4 5e10,440SinglePlus218Single,90,218,28,34865.80051349313,15682.984375,0.5948367884864474,3.8827697038817344,
EHE Geant4 5e10,440SinglePlus218Single,90,440,37,77186.75329532754,17365.48046875,0.5795778009280947,8.887525248490874,
EHE Geant4 5e10,440SinglePlus218Single,100,218,10,22533.215711980003,14830.7001953125,0.2525719352855077,1.8079151113635983,
EHE Geant4 5e10,440SinglePlus218Single,100,440,13,27089.7246969623,16092.1015625,0.11498176360020546,1.9500454482146443,
EHE Geant4 5e10,440SinglePlus218Single,100,218,17,29084.413122070873,15210.0771484375,0.44360349158006884,2.739805180076485,
EHE Geant4 5e10,440SinglePlus218Single,100,440,22,48633.25089963287,17143.822265625,0.30902955905134094,4.203111017999054,
EHE Geant4 5e10,440SinglePlus218Single,100,218,28,34890.138587261696,15680.9326171875,0.59573304439824,3.70061711609851,
EHE Geant4 5e10,440SinglePlus218Single,100,440,37,77512.98598441582,17285.14453125,0.5862288404646179,8.651633754913618,
EHE Geant4 5e10,440SinglePlus218Single,110,218,10,22985.850898374698,14826.1328125,0.26764641703785697,1.8359479095274005,
EHE Geant4 5e10,440SinglePlus218Single,110,440,13,27183.184851561065,16088.501953125,0.11602249050880294,1.8928108206358563,
EHE Geant4 5e10,440SinglePlus218Single,110,218,17,29281.317756804932,15244.083984375,0.4478105960271032,2.616870359466623,
EHE Geant4 5e10,440SinglePlus218Single,110,440,22,48880.1556111142,17121.234375,0.3120854826996383,4.120204328873685,
EHE Geant4 5e10,440SinglePlus218Single,110,218,28,34909.54872931685,15679.4892578125,0.5964346709323713,3.5383925467239123,
EHE Geant4 5e10,440SinglePlus218Single,110,440,37,77785.28702555069,17213.59765625,0.5920262126093944,8.424505037510212,
EHE Geant4 5e10,440SinglePlus218Single,120,218,10,23415.07918006431,14818.0234375,0.2821458268144694,1.8621071074862088,
EHE Geant4 5e10,440SinglePlus218Single,120,440,13,27223.189386357633,16081.12109375,0.11657150165625564,1.8360001769512404,
EHE Geant4 5e10,440SinglePlus218Single,120,218,17,29420.779413727607,15279.6572265625,0.45007452197840675,2.4983019510408813,
EHE Geant4 5e10,440SinglePlus218Single,120,440,22,49047.279454284864,17101.51953125,0.3142833835490026,4.035488182272881,
EHE Geant4 5e10,440SinglePlus218Single,120,218,28,34927.532477686254,15677.6181640625,0.5971217405377999,3.3938380967685005,
EHE Geant4 5e10,440SinglePlus218Single,120,440,37,78018.41519802732,17148.8125,0.5971855799427891,8.20855134954842,
EHE Geant4 5e10,440SinglePlus218Single,130,218,10,23824.640625,14807.2626953125,0.2961554003664732,1.8865653400178424,
EHE Geant4 5e10,440SinglePlus218Single,130,440,13,27226.143790347593,16071.158203125,0.11677899528977179,1.7806068687580987,
EHE Geant4 5e10,440SinglePlus218Single,130,218,17,29516.082993070726,15315.599609375,0.45090317101828703,2.3856215586030824,
EHE Geant4 5e10,440SinglePlus218Single,130,440,22,49155.73904233556,17084.40625,0.31583482540142926,3.950576869849849,
EHE Geant4 5e10,440SinglePlus218Single,130,218,28,34946.1538728493,15674.8251953125,0.5978925169057367,3.2647200941137844,
EHE Geant4 5e10,440SinglePlus218Single,130,440,37,78222.5653311986,17089.2890625,0.6018615130840146,8.004681411512225,
EHE Geant4 5e10,440SinglePlus218Single,140,218,10,24217.185204607114,14794.515625,0.30973292729165486,1.9093989896786145,
EHE Geant4 5e10,440SinglePlus218Single,140,440,13,27203.78283052001,16059.4287109375,0.11675290868498002,1.7272427561512038,
EHE Geant4 5e10,440SinglePlus218Single,140,218,17,29576.928908589456,15351.15625,0.4506599224103114,2.279407574990751,
EHE Geant4 5e10,440SinglePlus218Single,140,440,22,49220.11321393657,17069.6171875,0.31688872962830233,3.8665696012040387,
EHE Geant4 5e10,440SinglePlus218Single,140,218,28,34966.618711973766,15670.92578125,0.5987973796432471,3.149000276361008,
EHE Geant4 5e10,440SinglePlus218Single,140,440,37,78404.82473894305,17033.93359375,0.6061643306299827,7.812947703923025,
EHE Geant4 5e10,440SinglePlus218Single,150,218,10,24594.758630488846,14780.3212890625,0.322920560584216,1.9306477252122114,
EHE Geant4 5e10,440SinglePlus218Single,150,440,13,27164.521748931722,16046.482421875,0.11657119765717663,1.6762665629297675,
EHE Geant4 5e10,440SinglePlus218Single,150,218,17,29610.467238527373,15385.84375,0.44960758362036723,2.1797197750865474,
EHE Geant4 5e10,440SinglePlus218Single,150,440,22,49250.845467084175,17056.875,0.31755428091972887,3.7842091023727242,
EHE Geant4 5e10,440SinglePlus218Single,150,218,28,34989.579147423465,15665.890625,0.5998588963638073,3.044887478097017,
EHE Geant4 5e10,440SinglePlus218Single,150,440,37,78570.1608446082,16981.94921875,0.6101729528906692,7.632929105226155,
EHE Geant4 5e10,440SinglePlus218Single,160,218,10,24959.037115655145,14765.1328125,0.3357510350719056,1.9503399892456528,
EHE Geant4 5e10,440SinglePlus218Single,160,440,13,27114.412730383316,16032.7041015625,0.11629012758435178,1.6278658400257522,
EHE Geant4 5e10,440SinglePlus218Single,160,218,17,29622.08224176095,15419.3515625,0.4479400632804688,2.0863502747933604,
EHE Geant4 5e10,440SinglePlus218Single,160,440,22,49255.616207978666,17045.908203125,0.3179139167760244,3.7039836522769636,
EHE Geant4 5e10,440SinglePlus218Single,160,218,28,35015.33462408888,15659.7744140625,0.6010829509318011,2.9508343966014365,
EHE Geant4 5e10,440SinglePlus218Single,160,440,37,78722.0828217943,16932.75,0.6139442083059076,7.463968426853013,
EHE Geant4 5e10,440SinglePlus218Single,170,218,10,25311.459990768188,14749.3369140625,0.3482514179881389,1.9685065981353347,
EHE Geant4 5e10,440SinglePlus218Single,170,440,13,27057.807806182227,16018.3662109375,0.11595027557771974,1.5821093694257509,
EHE Geant4 5e10,440SinglePlus218Single,170,218,17,29615.910841261844,15451.4912109375,0.44580255283958276,1.9989617763260519,
EHE Geant4 5e10,440SinglePlus218Single,170,440,22,49240.212489629295,17036.4609375,0.3180313867218144,3.6262016550909335,
EHE Geant4 5e10,440SinglePlus218Single,170,218,28,35043.95317511897,15652.6640625,0.6024660555757069,2.865517999944127,
EHE Geant4 5e10,440SinglePlus218Single,170,440,37,78863.10660787745,16885.90625,0.6175192178379855,7.305297272083207,
EHE Geant4 5e10,440SinglePlus218Single,180,218,10,25653.25028417655,14733.2587890625,0.3604438738416773,1.985180001613199,
EHE Geant4 5e10,440SinglePlus218Single,180,440,13,26997.844289882374,16003.662109375,0.11558100144678872,1.5389867144773566,
EHE Geant4 5e10,440SinglePlus218Single,180,218,17,29595.232563764588,15482.15625,0.443306816724474,1.9171686919756779,
EHE Geant4 5e10,440SinglePlus218Single,180,440,22,49209.04589067057,17028.3125,0.3179561450786195,3.5510302838605425,
EHE Geant4 5e10,440SinglePlus218Single,180,218,28,35075.35025617061,15644.669921875,0.6039983720834216,2.78780666790881,
EHE Geant4 5e10,440SinglePlus218Single,180,440,37,78995.05085985082,16841.09765625,0.6209280217950813,7.156125295342436,
EHE Geant4 5e10,440SinglePlus218Single,190,218,10,25985.435507624097,14717.1572265625,0.372346949303679,2.000396476172798,
EHE Geant4 5e10,440SinglePlus218Single,190,440,13,26936.7882842653,15988.736328125,0.11520348218635428,1.4984358046019217,
EHE Geant4 5e10,440SinglePlus218Single,190,218,17,29562.70370293368,15511.302734375,0.4405401736022845,1.840577741926908,
EHE Geant4 5e10,440SinglePlus218Single,190,440,22,49165.52021562784,17021.267578125,0.3177271528237961,3.4785439004375913,
EHE Geant4 5e10,440SinglePlus218Single,190,218,28,35109.35645785793,15635.9052734375,0.6056672087325286,2.716738446512277,
EHE Geant4 5e10,440SinglePlus218Single,190,440,37,79119.27443298744,16798.07421875,0.6241934543604845,7.015681943064152,
EHE Geant4 5e10,440SinglePlus218Single,200,218,10,26308.879785470257,14701.240234375,0.38397602188214386,2.0141973851547395,
EHE Geant4 5e10,440SinglePlus218Single,200,440,13,26876.274057790386,15973.68359375,0.11483321354059192,1.460362931372521,
EHE Geant4 5e10,440SinglePlus218Single,200,218,17,29520.51683382558,15538.9326171875,0.4375718401504648,1.7688077718836848,
EHE Geant4 5e10,440SinglePlus218Single,200,440,22,49112.288252815626,17015.1640625,0.31737512058506195,3.4087444821027786,
EHE Geant4 5e10,440SinglePlus218Single,200,218,28,35145.75678077615,15626.478515625,0.6074587637043437,2.6514925442738906,
EHE Geant4 5e10,440SinglePlus218Single,200,440,37,79236.79354491783,16756.650390625,0.6273323801654919,6.883231743633016,
