view,raw_row_0based,csv_line_1based,input_sha256,pre_kernel_index,q,c1,c2,e1_MeV,e2_MeV,first_y_mm,second_y_mm
1,209,210,feb38f136daa6c93d8b80442ab0ab05e2039c03a1397cd99b85b6d6b97d3e402,18,5.779160976409912,4579,783,0.17911000549793243,0.19304800033569336,390.0,330.0
1,4584,4585,feb38f136daa6c93d8b80442ab0ab05e2039c03a1397cd99b85b6d6b97d3e402,394,5.156703948974609,10265,424,0.18005000054836273,0.2015170007944107,390.0,300.0
1,10594,10595,feb38f136daa6c93d8b80442ab0ab05e2039c03a1397cd99b85b6d6b97d3e402,918,5.851053237915039,4024,1535,0.17703799903392792,0.240666002035141,390.0,360.0
1,12824,12825,feb38f136daa6c93d8b80442ab0ab05e2039c03a1397cd99b85b6d6b97d3e402,1130,4.955826759338379,8394,1198,0.145797997713089,0.21755099296569824,390.0,330.0
1,27464,27465,feb38f136daa6c93d8b80442ab0ab05e2039c03a1397cd99b85b6d6b97d3e402,2381,6.696782112121582,8734,2189,0.10354799777269363,0.3415620028972626,390.0,360.0
1,46070,46071,feb38f136daa6c93d8b80442ab0ab05e2039c03a1397cd99b85b6d6b97d3e402,4016,11.515242576599121,5798,1758,0.10467299818992615,0.31783100962638855,390.0,360.0
1,46271,46272,feb38f136daa6c93d8b80442ab0ab05e2039c03a1397cd99b85b6d6b97d3e402,4031,3.340035915374756,4317,1507,0.1671620011329651,0.259101003408432,390.0,360.0
1,64836,64837,feb38f136daa6c93d8b80442ab0ab05e2039c03a1397cd99b85b6d6b97d3e402,5609,3.168881416320801,7389,1902,0.1927330046892166,0.22797900438308716,390.0,360.0
1,71355,71356,feb38f136daa6c93d8b80442ab0ab05e2039c03a1397cd99b85b6d6b97d3e402,6182,5.923861503601074,8390,887,0.14341799914836884,0.31479498744010925,390.0,330.0
1,80324,80325,feb38f136daa6c93d8b80442ab0ab05e2039c03a1397cd99b85b6d6b97d3e402,7031,12.127569198608398,3168,1415,0.12129800021648407,0.2510260045528412,390.0,360.0
1,90790,90791,feb38f136daa6c93d8b80442ab0ab05e2039c03a1397cd99b85b6d6b97d3e402,7883,4.683657169342041,6665,1666,0.1324629932641983,0.27939099073410034,390.0,360.0
1,97332,97333,feb38f136daa6c93d8b80442ab0ab05e2039c03a1397cd99b85b6d6b97d3e402,8491,7.122678279876709,3372,704,0.15182699263095856,0.2653140127658844,390.0,330.0
1,113341,113342,feb38f136daa6c93d8b80442ab0ab05e2039c03a1397cd99b85b6d6b97d3e402,9869,5.149502277374268,2539,1346,0.1784439980983734,0.2903139889240265,390.0,360.0
1,126821,126822,feb38f136daa6c93d8b80442ab0ab05e2039c03a1397cd99b85b6d6b97d3e402,11064,4.504246711730957,4599,739,0.19750100374221802,0.22741800546646118,390.0,330.0
1,130478,130479,feb38f136daa6c93d8b80442ab0ab05e2039c03a1397cd99b85b6d6b97d3e402,11395,3.65291428565979,2101,9622,0.05177149921655655,0.31808099150657654,360.0,390.0
1,136443,136444,feb38f136daa6c93d8b80442ab0ab05e2039c03a1397cd99b85b6d6b97d3e402,11939,5.101589679718018,2291,485,0.18958500027656555,0.22295799851417542,360.0,300.0
1,136679,136680,feb38f136daa6c93d8b80442ab0ab05e2039c03a1397cd99b85b6d6b97d3e402,11961,5.531545162200928,5610,1705,0.14584100246429443,0.28469499945640564,390.0,360.0
1,140032,140033,feb38f136daa6c93d8b80442ab0ab05e2039c03a1397cd99b85b6d6b97d3e402,12242,4.229813098907471,4334,1601,0.18421000242233276,0.17786499857902527,390.0,360.0
1,144234,144235,feb38f136daa6c93d8b80442ab0ab05e2039c03a1397cd99b85b6d6b97d3e402,12615,3.5824122428894043,2990,1390,0.20716699957847595,0.20514799654483795,390.0,360.0
1,149225,149226,feb38f136daa6c93d8b80442ab0ab05e2039c03a1397cd99b85b6d6b97d3e402,13061,7.042790412902832,6458,1843,0.16351500153541565,0.22645799815654755,390.0,360.0
1,151289,151290,feb38f136daa6c93d8b80442ab0ab05e2039c03a1397cd99b85b6d6b97d3e402,13273,5.719747543334961,5819,620,0.12042099982500076,0.33082398772239685,390.0,330.0
1,158540,158541,feb38f136daa6c93d8b80442ab0ab05e2039c03a1397cd99b85b6d6b97d3e402,13911,5.722054481506348,9201,979,0.15615299344062805,0.19817300140857697,390.0,330.0
1,166893,166894,feb38f136daa6c93d8b80442ab0ab05e2039c03a1397cd99b85b6d6b97d3e402,14643,3.5365030765533447,6247,835,0.17248199880123138,0.31219300627708435,390.0,330.0
1,168791,168792,feb38f136daa6c93d8b80442ab0ab05e2039c03a1397cd99b85b6d6b97d3e402,14819,3.0281484127044678,4031,1377,0.14200100302696228,0.3411639928817749,390.0,360.0
1,175271,175272,feb38f136daa6c93d8b80442ab0ab05e2039c03a1397cd99b85b6d6b97d3e402,15382,4.1268439292907715,547,33,0.15038199722766876,0.2111479938030243,330.0,300.0
1,180694,180695,feb38f136daa6c93d8b80442ab0ab05e2039c03a1397cd99b85b6d6b97d3e402,15877,4.079911708831787,2537,1370,0.2016959935426712,0.2105329930782318,390.0,360.0
1,183839,183840,feb38f136daa6c93d8b80442ab0ab05e2039c03a1397cd99b85b6d6b97d3e402,16163,4.609348773956299,1862,900,0.16498999297618866,0.1934320032596588,360.0,330.0
1,184806,184807,feb38f136daa6c93d8b80442ab0ab05e2039c03a1397cd99b85b6d6b97d3e402,16248,4.470301151275635,3460,718,0.19120900332927704,0.2570419907569885,390.0,330.0
1,191926,191927,feb38f136daa6c93d8b80442ab0ab05e2039c03a1397cd99b85b6d6b97d3e402,16862,8.03390121459961,7211,1087,0.11786799877882004,0.2411070019006729,390.0,330.0
1,192283,192284,feb38f136daa6c93d8b80442ab0ab05e2039c03a1397cd99b85b6d6b97d3e402,16904,5.987293720245361,9416,1922,0.12414500117301941,0.3457989990711212,390.0,360.0
1,204939,204940,feb38f136daa6c93d8b80442ab0ab05e2039c03a1397cd99b85b6d6b97d3e402,17990,12.034896850585938,5690,1772,0.1069289967417717,0.2927590012550354,390.0,360.0
1,213088,213089,feb38f136daa6c93d8b80442ab0ab05e2039c03a1397cd99b85b6d6b97d3e402,18670,4.250955581665039,1327,639,0.17035500705242157,0.1846030056476593,360.0,330.0
1,223189,223190,feb38f136daa6c93d8b80442ab0ab05e2039c03a1397cd99b85b6d6b97d3e402,19609,8.698570251464844,7138,964,0.16770200431346893,0.24390700459480286,390.0,330.0
1,227618,227619,feb38f136daa6c93d8b80442ab0ab05e2039c03a1397cd99b85b6d6b97d3e402,19999,5.884852886199951,8537,2056,0.18024800717830658,0.21186700463294983,390.0,360.0
1,228473,228474,feb38f136daa6c93d8b80442ab0ab05e2039c03a1397cd99b85b6d6b97d3e402,20064,3.818084716796875,8440,2142,0.1506900042295456,0.22241400182247162,390.0,360.0
1,232008,232009,feb38f136daa6c93d8b80442ab0ab05e2039c03a1397cd99b85b6d6b97d3e402,20332,3.5302059650421143,1777,898,0.20131899416446686,0.15208600461483002,360.0,330.0
1,234975,234976,feb38f136daa6c93d8b80442ab0ab05e2039c03a1397cd99b85b6d6b97d3e402,20596,5.030819892883301,1946,400,0.13996100425720215,0.2562449872493744,360.0,300.0
1,235900,235901,feb38f136daa6c93d8b80442ab0ab05e2039c03a1397cd99b85b6d6b97d3e402,20672,4.752427577972412,5179,1679,0.1898529976606369,0.23978999257087708,390.0,360.0
1,240591,240592,feb38f136daa6c93d8b80442ab0ab05e2039c03a1397cd99b85b6d6b97d3e402,21090,9.133872032165527,10455,1883,0.0925062969326973,0.3515230119228363,390.0,360.0
1,245066,245067,feb38f136daa6c93d8b80442ab0ab05e2039c03a1397cd99b85b6d6b97d3e402,21480,11.030284881591797,5496,2068,0.06354130059480667,0.3608570098876953,390.0,360.0
1,248139,248140,feb38f136daa6c93d8b80442ab0ab05e2039c03a1397cd99b85b6d6b97d3e402,21733,4.1222639083862305,8656,1175,0.17128099501132965,0.32553499937057495,390.0,330.0
2,7408,7409,63c72c7c0b30491bc3e3641460e92540dad94839c90c2d75f026816f15dc5887,658,5.571986198425293,2074,1106,0.15979400277137756,0.19361600279808044,360.0,330.0
2,9829,9830,63c72c7c0b30491bc3e3641460e92540dad94839c90c2d75f026816f15dc5887,864,3.1626875400543213,3307,1487,0.16384799778461456,0.27161699533462524,390.0,360.0
2,10994,10995,63c72c7c0b30491bc3e3641460e92540dad94839c90c2d75f026816f15dc5887,963,4.716580867767334,8809,1731,0.11680199950933456,0.326867014169693,390.0,360.0
2,12505,12506,63c72c7c0b30491bc3e3641460e92540dad94839c90c2d75f026816f15dc5887,1076,3.810800313949585,2056,8731,0.26792600750923157,0.1615069955587387,360.0,390.0
2,19459,19460,63c72c7c0b30491bc3e3641460e92540dad94839c90c2d75f026816f15dc5887,1728,3.5782668590545654,7158,1840,0.188168004155159,0.16820600628852844,390.0,360.0
2,23042,23043,63c72c7c0b30491bc3e3641460e92540dad94839c90c2d75f026816f15dc5887,2039,11.049612998962402,5885,726,0.10640600323677063,0.36882200837135315,390.0,330.0
2,27906,27907,63c72c7c0b30491bc3e3641460e92540dad94839c90c2d75f026816f15dc5887,2473,5.918569087982178,2096,1132,0.161080002784729,0.1921350061893463,360.0,330.0
2,28026,28027,63c72c7c0b30491bc3e3641460e92540dad94839c90c2d75f026816f15dc5887,2482,8.546034812927246,3410,1434,0.13585999608039856,0.28651800751686096,390.0,360.0
2,38424,38425,63c72c7c0b30491bc3e3641460e92540dad94839c90c2d75f026816f15dc5887,3405,3.568033456802368,3853,1476,0.20402300357818604,0.2293280065059662,390.0,360.0
2,43751,43752,63c72c7c0b30491bc3e3641460e92540dad94839c90c2d75f026816f15dc5887,3884,3.1295166015625,7040,479,0.15937000513076782,0.21908800303936005,390.0,300.0
2,50976,50977,63c72c7c0b30491bc3e3641460e92540dad94839c90c2d75f026816f15dc5887,4517,9.11911392211914,6172,1782,0.15535399317741394,0.23326799273490906,390.0,360.0
2,51534,51535,63c72c7c0b30491bc3e3641460e92540dad94839c90c2d75f026816f15dc5887,4568,4.525082111358643,6693,929,0.20150400698184967,0.20142099261283875,390.0,330.0
2,52535,52536,63c72c7c0b30491bc3e3641460e92540dad94839c90c2d75f026816f15dc5887,4669,6.611589431762695,8681,2080,0.17785799503326416,0.25144198536872864,390.0,360.0
2,56661,56662,63c72c7c0b30491bc3e3641460e92540dad94839c90c2d75f026816f15dc5887,5033,4.110978603363037,9010,1126,0.2031860053539276,0.22307200729846954,390.0,330.0
2,56738,56739,63c72c7c0b30491bc3e3641460e92540dad94839c90c2d75f026816f15dc5887,5041,4.684815883636475,9848,2274,0.14925700426101685,0.21342000365257263,390.0,360.0
2,59194,59195,63c72c7c0b30491bc3e3641460e92540dad94839c90c2d75f026816f15dc5887,5259,3.4835703372955322,5423,1614,0.1519089937210083,0.20284199714660645,390.0,360.0
2,63123,63124,63c72c7c0b30491bc3e3641460e92540dad94839c90c2d75f026816f15dc5887,5594,3.472341299057007,7334,1740,0.1460389941930771,0.31096500158309937,390.0,360.0
2,75297,75298,63c72c7c0b30491bc3e3641460e92540dad94839c90c2d75f026816f15dc5887,6631,4.801270484924316,2062,1060,0.1835000067949295,0.17253799736499786,360.0,330.0
2,81307,81308,63c72c7c0b30491bc3e3641460e92540dad94839c90c2d75f026816f15dc5887,7191,3.344637632369995,5924,1656,0.17408600449562073,0.22728799283504486,390.0,360.0
2,84055,84056,63c72c7c0b30491bc3e3641460e92540dad94839c90c2d75f026816f15dc5887,7423,4.104918956756592,8523,2035,0.20414899289608002,0.22173599898815155,390.0,360.0
2,92440,92441,63c72c7c0b30491bc3e3641460e92540dad94839c90c2d75f026816f15dc5887,8137,6.330706596374512,5251,1491,0.1129859983921051,0.3207390010356903,390.0,360.0
2,96922,96923,63c72c7c0b30491bc3e3641460e92540dad94839c90c2d75f026816f15dc5887,8555,8.711471557617188,7506,1979,0.11270499974489212,0.31878501176834106,390.0,360.0
2,104469,104470,63c72c7c0b30491bc3e3641460e92540dad94839c90c2d75f026816f15dc5887,9260,3.789496421813965,6759,1820,0.18665100634098053,0.25024500489234924,390.0,360.0
2,106537,106538,63c72c7c0b30491bc3e3641460e92540dad94839c90c2d75f026816f15dc5887,9448,3.500448226928711,8598,1971,0.1731249988079071,0.2435009926557541,390.0,360.0
2,115595,115596,63c72c7c0b30491bc3e3641460e92540dad94839c90c2d75f026816f15dc5887,10287,3.08602237701416,1332,5721,0.09124749898910522,0.35444700717926025,360.0,390.0
2,124196,124197,63c72c7c0b30491bc3e3641460e92540dad94839c90c2d75f026816f15dc5887,11037,6.1720805168151855,6430,958,0.14489200711250305,0.2819780111312866,390.0,330.0
2,124261,124262,63c72c7c0b30491bc3e3641460e92540dad94839c90c2d75f026816f15dc5887,11044,3.1524507999420166,4726,800,0.2010439932346344,0.23893499374389648,390.0,330.0
2,129116,129117,63c72c7c0b30491bc3e3641460e92540dad94839c90c2d75f026816f15dc5887,11482,3.918625593185425,6494,1801,0.2088879942893982,0.22063300013542175,390.0,360.0
2,130793,130794,63c72c7c0b30491bc3e3641460e92540dad94839c90c2d75f026816f15dc5887,11627,9.650964736938477,2091,1100,0.15429599583148956,0.2813880145549774,360.0,330.0
2,135095,135096,63c72c7c0b30491bc3e3641460e92540dad94839c90c2d75f026816f15dc5887,12000,3.45343279838562,8045,349,0.21268099546432495,0.227292001247406,390.0,300.0
2,150471,150472,63c72c7c0b30491bc3e3641460e92540dad94839c90c2d75f026816f15dc5887,13394,6.747923851013184,6212,1756,0.1437849998474121,0.3037309944629669,390.0,360.0
2,166725,166726,63c72c7c0b30491bc3e3641460e92540dad94839c90c2d75f026816f15dc5887,14865,11.715353012084961,1578,761,0.12571899592876434,0.25876298546791077,360.0,330.0
2,173542,173543,63c72c7c0b30491bc3e3641460e92540dad94839c90c2d75f026816f15dc5887,15474,6.800978183746338,1592,119,0.14770099520683289,0.2105800062417984,360.0,300.0
2,181290,181291,63c72c7c0b30491bc3e3641460e92540dad94839c90c2d75f026816f15dc5887,16165,8.377336502075195,2836,18,0.14477400481700897,0.265051007270813,390.0,300.0
2,185824,185825,63c72c7c0b30491bc3e3641460e92540dad94839c90c2d75f026816f15dc5887,16585,6.595157146453857,7663,721,0.1148810014128685,0.29168999195098877,390.0,330.0
2,194262,194263,63c72c7c0b30491bc3e3641460e92540dad94839c90c2d75f026816f15dc5887,17294,7.122579574584961,2158,408,0.17132799327373505,0.2820729911327362,360.0,300.0
2,197834,197835,63c72c7c0b30491bc3e3641460e92540dad94839c90c2d75f026816f15dc5887,17621,7.376460552215576,3872,1558,0.12201099842786789,0.3151859939098358,390.0,360.0
2,202483,202484,63c72c7c0b30491bc3e3641460e92540dad94839c90c2d75f026816f15dc5887,18029,4.133828163146973,1567,168,0.17846399545669556,0.28585800528526306,360.0,300.0
2,203132,203133,63c72c7c0b30491bc3e3641460e92540dad94839c90c2d75f026816f15dc5887,18093,3.6254873275756836,3705,693,0.2141290009021759,0.17731399834156036,390.0,330.0
2,207297,207298,63c72c7c0b30491bc3e3641460e92540dad94839c90c2d75f026816f15dc5887,18466,4.089751243591309,4149,603,0.16596800088882446,0.2703869938850403,390.0,330.0
2,207705,207706,63c72c7c0b30491bc3e3641460e92540dad94839c90c2d75f026816f15dc5887,18497,4.746362209320068,8139,762,0.13940100371837616,0.29753199219703674,390.0,330.0
2,208593,208594,63c72c7c0b30491bc3e3641460e92540dad94839c90c2d75f026816f15dc5887,18569,3.173264980316162,2777,85,0.2182130068540573,0.15052400529384613,390.0,300.0
2,214753,214754,63c72c7c0b30491bc3e3641460e92540dad94839c90c2d75f026816f15dc5887,19081,7.727202415466309,4019,228,0.14637400209903717,0.31124499440193176,390.0,300.0
2,218257,218258,63c72c7c0b30491bc3e3641460e92540dad94839c90c2d75f026816f15dc5887,19365,3.9462838172912598,1389,2864,0.2554349899291992,0.11287900060415268,360.0,390.0
2,220159,220160,63c72c7c0b30491bc3e3641460e92540dad94839c90c2d75f026816f15dc5887,19539,3.153903007507324,3622,1450,0.20794999599456787,0.18964800238609314,390.0,360.0
2,229306,229307,63c72c7c0b30491bc3e3641460e92540dad94839c90c2d75f026816f15dc5887,20407,3.2391011714935303,8584,427,0.19630900025367737,0.23067200183868408,390.0,300.0
2,232214,232215,63c72c7c0b30491bc3e3641460e92540dad94839c90c2d75f026816f15dc5887,20643,9.007822036743164,7911,1973,0.13684700429439545,0.2865079939365387,390.0,360.0
2,236174,236175,63c72c7c0b30491bc3e3641460e92540dad94839c90c2d75f026816f15dc5887,20973,4.222742080688477,10405,460,0.2035589963197708,0.18834400177001953,390.0,300.0
2,236505,236506,63c72c7c0b30491bc3e3641460e92540dad94839c90c2d75f026816f15dc5887,21004,4.276888847351074,1881,7083,0.23612700402736664,0.16173599660396576,360.0,390.0
2,242650,242651,63c72c7c0b30491bc3e3641460e92540dad94839c90c2d75f026816f15dc5887,21546,5.93176794052124,10275,2227,0.16262200474739075,0.2797029912471771,390.0,360.0
3,2160,2161,a10845a1580a170caedc12dd0ea41b11f50df1fb853a3660143d2655ad29cd26,208,3.539944887161255,7394,1074,0.17895600199699402,0.28414100408554077,390.0,330.0
3,3247,3248,a10845a1580a170caedc12dd0ea41b11f50df1fb853a3660143d2655ad29cd26,299,4.422615051269531,2285,1240,0.20253099501132965,0.216607004404068,360.0,330.0
3,9984,9985,a10845a1580a170caedc12dd0ea41b11f50df1fb853a3660143d2655ad29cd26,899,6.796973705291748,9722,389,0.18086400628089905,0.24207699298858643,390.0,300.0
3,11838,11839,a10845a1580a170caedc12dd0ea41b11f50df1fb853a3660143d2655ad29cd26,1064,3.8134474754333496,9246,2221,0.14923299849033356,0.22103500366210938,390.0,360.0
3,35201,35202,a10845a1580a170caedc12dd0ea41b11f50df1fb853a3660143d2655ad29cd26,3175,4.166105270385742,4974,1663,0.1686449944972992,0.23776499927043915,390.0,360.0
3,50243,50244,a10845a1580a170caedc12dd0ea41b11f50df1fb853a3660143d2655ad29cd26,4557,3.3639514446258545,10149,479,0.20255500078201294,0.20495200157165527,390.0,300.0
3,53516,53517,a10845a1580a170caedc12dd0ea41b11f50df1fb853a3660143d2655ad29cd26,4837,4.3872809410095215,6496,1820,0.193339005112648,0.1699880063533783,390.0,360.0
3,58808,58809,a10845a1580a170caedc12dd0ea41b11f50df1fb853a3660143d2655ad29cd26,5288,4.117948532104492,2153,1141,0.19508300721645355,0.26697999238967896,360.0,330.0
3,65411,65412,a10845a1580a170caedc12dd0ea41b11f50df1fb853a3660143d2655ad29cd26,5847,3.2745182514190674,5116,1491,0.15101400017738342,0.23932799696922302,390.0,360.0
3,68174,68175,a10845a1580a170caedc12dd0ea41b11f50df1fb853a3660143d2655ad29cd26,6105,3.4290926456451416,458,10259,0.22304999828338623,0.25410598516464233,300.0,390.0
3,72216,72217,a10845a1580a170caedc12dd0ea41b11f50df1fb853a3660143d2655ad29cd26,6466,3.8372812271118164,5514,821,0.20580199360847473,0.23131099343299866,390.0,330.0
3,83931,83932,a10845a1580a170caedc12dd0ea41b11f50df1fb853a3660143d2655ad29cd26,7492,4.359537124633789,8669,2004,0.18545199930667877,0.2642349898815155,390.0,360.0
3,84244,84245,a10845a1580a170caedc12dd0ea41b11f50df1fb853a3660143d2655ad29cd26,7516,4.7089409828186035,7696,268,0.18915300071239471,0.1890449970960617,390.0,300.0
3,89254,89255,a10845a1580a170caedc12dd0ea41b11f50df1fb853a3660143d2655ad29cd26,7924,6.353115081787109,9114,1849,0.10676500201225281,0.32788100838661194,390.0,360.0
3,98379,98380,a10845a1580a170caedc12dd0ea41b11f50df1fb853a3660143d2655ad29cd26,8700,3.605340003967285,4402,1185,0.13208900392055511,0.26666900515556335,390.0,330.0
3,98394,98395,a10845a1580a170caedc12dd0ea41b11f50df1fb853a3660143d2655ad29cd26,8701,3.634530782699585,3826,1499,0.20749500393867493,0.15755000710487366,390.0,360.0
3,103490,103491,a10845a1580a170caedc12dd0ea41b11f50df1fb853a3660143d2655ad29cd26,9148,7.941136837005615,3932,1405,0.09716220200061798,0.3176270127296448,390.0,360.0
3,105855,105856,a10845a1580a170caedc12dd0ea41b11f50df1fb853a3660143d2655ad29cd26,9371,3.094982147216797,7402,1541,0.11887899786233902,0.2382660061120987,390.0,360.0
3,106612,106613,a10845a1580a170caedc12dd0ea41b11f50df1fb853a3660143d2655ad29cd26,9427,3.543480396270752,4207,1379,0.13559600710868835,0.31517699360847473,390.0,360.0
3,109687,109688,a10845a1580a170caedc12dd0ea41b11f50df1fb853a3660143d2655ad29cd26,9706,3.4482035636901855,4946,1621,0.20426000654697418,0.21251800656318665,390.0,360.0
3,110438,110439,a10845a1580a170caedc12dd0ea41b11f50df1fb853a3660143d2655ad29cd26,9767,6.229736328125,4068,776,0.1483989953994751,0.2627989947795868,390.0,330.0
3,110501,110502,a10845a1580a170caedc12dd0ea41b11f50df1fb853a3660143d2655ad29cd26,9772,3.3808677196502686,3177,1400,0.19680799543857574,0.17115600407123566,390.0,360.0
3,110641,110642,a10845a1580a170caedc12dd0ea41b11f50df1fb853a3660143d2655ad29cd26,9787,7.935266017913818,9467,2274,0.09693419933319092,0.29871898889541626,390.0,360.0
3,134327,134328,a10845a1580a170caedc12dd0ea41b11f50df1fb853a3660143d2655ad29cd26,11842,4.630721092224121,4668,774,0.20170100033283234,0.22454899549484253,390.0,330.0
3,136567,136568,a10845a1580a170caedc12dd0ea41b11f50df1fb853a3660143d2655ad29cd26,12023,5.6289167404174805,3447,1453,0.18247699737548828,0.20561100542545319,390.0,360.0
3,143549,143550,a10845a1580a170caedc12dd0ea41b11f50df1fb853a3660143d2655ad29cd26,12659,3.0301878452301025,10429,423,0.21396300196647644,0.2080029994249344,390.0,300.0
3,150586,150587,a10845a1580a170caedc12dd0ea41b11f50df1fb853a3660143d2655ad29cd26,13307,4.642220973968506,10061,1209,0.1928810030221939,0.23689700663089752,390.0,330.0
3,160850,160851,a10845a1580a170caedc12dd0ea41b11f50df1fb853a3660143d2655ad29cd26,14187,4.0227274894714355,3392,617,0.19177299737930298,0.18369099497795105,390.0,330.0
3,161136,161137,a10845a1580a170caedc12dd0ea41b11f50df1fb853a3660143d2655ad29cd26,14220,3.5868494510650635,7483,1918,0.20953799784183502,0.17684699594974518,390.0,360.0
3,161230,161231,a10845a1580a170caedc12dd0ea41b11f50df1fb853a3660143d2655ad29cd26,14229,3.559887647628784,10024,2237,0.1988469958305359,0.16568699479103088,390.0,360.0
3,165238,165239,a10845a1580a170caedc12dd0ea41b11f50df1fb853a3660143d2655ad29cd26,14604,4.218272686004639,5379,923,0.1758120059967041,0.2750529944896698,390.0,330.0
3,168006,168007,a10845a1580a170caedc12dd0ea41b11f50df1fb853a3660143d2655ad29cd26,14860,6.061642169952393,7610,1114,0.13833999633789062,0.2642210125923157,390.0,330.0
3,169217,169218,a10845a1580a170caedc12dd0ea41b11f50df1fb853a3660143d2655ad29cd26,14965,6.6035661697387695,2958,1459,0.15866999328136444,0.19325900077819824,390.0,360.0
3,171373,171374,a10845a1580a170caedc12dd0ea41b11f50df1fb853a3660143d2655ad29cd26,15195,4.194623947143555,2166,455,0.16591499745845795,0.27748599648475647,360.0,300.0
3,180358,180359,a10845a1580a170caedc12dd0ea41b11f50df1fb853a3660143d2655ad29cd26,15978,6.3312153816223145,964,317,0.12510399520397186,0.31404799222946167,330.0,300.0
3,181191,181192,a10845a1580a170caedc12dd0ea41b11f50df1fb853a3660143d2655ad29cd26,16039,8.59745979309082,4006,1431,0.1109360009431839,0.3427659869194031,390.0,360.0
3,183118,183119,a10845a1580a170caedc12dd0ea41b11f50df1fb853a3660143d2655ad29cd26,16213,3.0677309036254883,1583,846,0.14644600450992584,0.25587499141693115,360.0,330.0
3,192399,192400,a10845a1580a170caedc12dd0ea41b11f50df1fb853a3660143d2655ad29cd26,17012,3.0493109226226807,9671,1246,0.18794099986553192,0.2172829955816269,390.0,330.0
3,193992,193993,a10845a1580a170caedc12dd0ea41b11f50df1fb853a3660143d2655ad29cd26,17139,4.087953567504883,2437,1336,0.2088329941034317,0.16811800003051758,390.0,360.0
3,194737,194738,a10845a1580a170caedc12dd0ea41b11f50df1fb853a3660143d2655ad29cd26,17213,4.151130676269531,8826,2061,0.19479900598526,0.21811899542808533,390.0,360.0
3,196143,196144,a10845a1580a170caedc12dd0ea41b11f50df1fb853a3660143d2655ad29cd26,17341,4.374214172363281,6539,950,0.19408699870109558,0.2558099925518036,390.0,330.0
3,200160,200161,a10845a1580a170caedc12dd0ea41b11f50df1fb853a3660143d2655ad29cd26,17730,4.8429484367370605,5191,762,0.19319500029087067,0.20362000167369843,390.0,330.0
3,205945,205946,a10845a1580a170caedc12dd0ea41b11f50df1fb853a3660143d2655ad29cd26,18215,3.3412187099456787,10148,2281,0.18633200228214264,0.20702099800109863,390.0,360.0
3,207819,207820,a10845a1580a170caedc12dd0ea41b11f50df1fb853a3660143d2655ad29cd26,18379,4.255319118499756,7328,2208,0.09232199937105179,0.3491959869861603,390.0,360.0
3,210239,210240,a10845a1580a170caedc12dd0ea41b11f50df1fb853a3660143d2655ad29cd26,18589,6.2606730461120605,7083,1883,0.18276500701904297,0.17527799308300018,390.0,360.0
3,211845,211846,a10845a1580a170caedc12dd0ea41b11f50df1fb853a3660143d2655ad29cd26,18723,3.19942045211792,3765,654,0.2017049938440323,0.18050000071525574,390.0,330.0
3,221708,221709,a10845a1580a170caedc12dd0ea41b11f50df1fb853a3660143d2655ad29cd26,19602,3.8728625774383545,1342,545,0.16517500579357147,0.19533699750900269,360.0,330.0
3,227625,227626,a10845a1580a170caedc12dd0ea41b11f50df1fb853a3660143d2655ad29cd26,20109,3.160560131072998,1024,7663,0.2534779906272888,0.21104399859905243,330.0,390.0
3,231966,231967,a10845a1580a170caedc12dd0ea41b11f50df1fb853a3660143d2655ad29cd26,20476,3.0945510864257812,3472,569,0.18407100439071655,0.19402800500392914,390.0,330.0
3,232740,232741,a10845a1580a170caedc12dd0ea41b11f50df1fb853a3660143d2655ad29cd26,20545,3.582007884979248,3952,1465,0.1859930008649826,0.250449001789093,390.0,360.0
3,235318,235319,a10845a1580a170caedc12dd0ea41b11f50df1fb853a3660143d2655ad29cd26,20751,10.976144790649414,9466,2239,0.09146639704704285,0.3378250002861023,390.0,360.0
3,235343,235344,a10845a1580a170caedc12dd0ea41b11f50df1fb853a3660143d2655ad29cd26,20754,5.058256149291992,6194,1841,0.16296300292015076,0.24212799966335297,390.0,360.0
3,237180,237181,a10845a1580a170caedc12dd0ea41b11f50df1fb853a3660143d2655ad29cd26,20904,13.535697937011719,8873,773,0.0666273981332779,0.36653000116348267,390.0,330.0
3,237758,237759,a10845a1580a170caedc12dd0ea41b11f50df1fb853a3660143d2655ad29cd26,20951,12.884184837341309,1970,1019,0.1232289969921112,0.2776130139827728,360.0,330.0
3,240673,240674,a10845a1580a170caedc12dd0ea41b11f50df1fb853a3660143d2655ad29cd26,21211,7.984170913696289,5933,1694,0.14504699409008026,0.205143004655838,390.0,360.0
3,251302,251303,a10845a1580a170caedc12dd0ea41b11f50df1fb853a3660143d2655ad29cd26,22153,3.288411855697632,3171,577,0.18932700157165527,0.19825200736522675,390.0,330.0
3,251825,251826,a10845a1580a170caedc12dd0ea41b11f50df1fb853a3660143d2655ad29cd26,22205,4.123714923858643,1158,407,0.19162899255752563,0.1735209971666336,330.0,300.0
4,10545,10546,75577c1ac018968eeb148d8ab30ecf993d4788ee70f46c9d534632067bd28c7f,917,3.9934842586517334,7917,1973,0.1773120015859604,0.2512499988079071,390.0,360.0
4,10933,10934,75577c1ac018968eeb148d8ab30ecf993d4788ee70f46c9d534632067bd28c7f,946,5.70251989364624,1438,617,0.16119100153446198,0.3014250099658966,360.0,330.0
4,19510,19511,75577c1ac018968eeb148d8ab30ecf993d4788ee70f46c9d534632067bd28c7f,1769,5.512572765350342,4703,1635,0.14474999904632568,0.2775599956512451,390.0,360.0
4,25684,25685,75577c1ac018968eeb148d8ab30ecf993d4788ee70f46c9d534632067bd28c7f,2332,4.491325378417969,1692,215,0.20061899721622467,0.20124299824237823,360.0,300.0
4,30402,30403,75577c1ac018968eeb148d8ab30ecf993d4788ee70f46c9d534632067bd28c7f,2741,4.098863124847412,4227,844,0.16958799958229065,0.2577289938926697,390.0,330.0
4,41959,41960,75577c1ac018968eeb148d8ab30ecf993d4788ee70f46c9d534632067bd28c7f,3765,3.799503803253174,3034,1561,0.1551550030708313,0.2876630127429962,390.0,360.0
4,49531,49532,75577c1ac018968eeb148d8ab30ecf993d4788ee70f46c9d534632067bd28c7f,4407,3.941554069519043,555,2511,0.23684300482273102,0.12779399752616882,330.0,390.0
4,59285,59286,75577c1ac018968eeb148d8ab30ecf993d4788ee70f46c9d534632067bd28c7f,5249,3.1116654872894287,7769,761,0.1510089933872223,0.26874101161956787,390.0,330.0
4,67681,67682,75577c1ac018968eeb148d8ab30ecf993d4788ee70f46c9d534632067bd28c7f,5958,3.3424980640411377,9439,1068,0.19269399344921112,0.21342800557613373,390.0,330.0
4,71994,71995,75577c1ac018968eeb148d8ab30ecf993d4788ee70f46c9d534632067bd28c7f,6328,3.250270128250122,5823,1719,0.20994499325752258,0.1717270016670227,390.0,360.0
4,76804,76805,75577c1ac018968eeb148d8ab30ecf993d4788ee70f46c9d534632067bd28c7f,6751,4.035553455352783,6260,291,0.180635005235672,0.24415600299835205,390.0,300.0
4,85314,85315,75577c1ac018968eeb148d8ab30ecf993d4788ee70f46c9d534632067bd28c7f,7527,3.0489628314971924,6648,240,0.21091300249099731,0.17293000221252441,390.0,300.0
4,88474,88475,75577c1ac018968eeb148d8ab30ecf993d4788ee70f46c9d534632067bd28c7f,7807,4.490854740142822,1396,685,0.1702989935874939,0.31386101245880127,360.0,330.0
4,104457,104458,75577c1ac018968eeb148d8ab30ecf993d4788ee70f46c9d534632067bd28c7f,9187,3.9929723739624023,8355,1903,0.15369200706481934,0.267208993434906,390.0,360.0
4,105859,105860,75577c1ac018968eeb148d8ab30ecf993d4788ee70f46c9d534632067bd28c7f,9304,4.038601398468018,4204,1552,0.17892900109291077,0.28689900040626526,390.0,360.0
4,109936,109937,75577c1ac018968eeb148d8ab30ecf993d4788ee70f46c9d534632067bd28c7f,9685,4.403178691864014,6747,1821,0.19622200727462769,0.18425199389457703,390.0,360.0
4,110048,110049,75577c1ac018968eeb148d8ab30ecf993d4788ee70f46c9d534632067bd28c7f,9695,3.4061901569366455,3666,1543,0.18793900310993195,0.20136700570583344,390.0,360.0
4,114864,114865,75577c1ac018968eeb148d8ab30ecf993d4788ee70f46c9d534632067bd28c7f,10114,6.474233627319336,9290,497,0.1453319936990738,0.25286999344825745,390.0,300.0
4,116165,116166,75577c1ac018968eeb148d8ab30ecf993d4788ee70f46c9d534632067bd28c7f,10225,13.1395845413208,8944,497,0.08468910306692123,0.3243330121040344,390.0,300.0
4,117174,117175,75577c1ac018968eeb148d8ab30ecf993d4788ee70f46c9d534632067bd28c7f,10310,4.171812534332275,7684,993,0.20220200717449188,0.22941599786281586,390.0,330.0
4,118432,118433,75577c1ac018968eeb148d8ab30ecf993d4788ee70f46c9d534632067bd28c7f,10416,8.468564987182617,8713,2114,0.1275539994239807,0.30628201365470886,390.0,360.0
4,119973,119974,75577c1ac018968eeb148d8ab30ecf993d4788ee70f46c9d534632067bd28c7f,10555,7.172750473022461,5534,1032,0.11596599966287613,0.30209800601005554,390.0,330.0
4,125449,125450,75577c1ac018968eeb148d8ab30ecf993d4788ee70f46c9d534632067bd28c7f,11044,5.006625652313232,5710,1692,0.1650650054216385,0.2358590066432953,390.0,360.0
4,134223,134224,75577c1ac018968eeb148d8ab30ecf993d4788ee70f46c9d534632067bd28c7f,11818,12.18220329284668,6508,1753,0.10073500126600266,0.30483299493789673,390.0,360.0
4,136475,136476,75577c1ac018968eeb148d8ab30ecf993d4788ee70f46c9d534632067bd28c7f,12029,4.58282470703125,7914,1964,0.2005700021982193,0.20957599580287933,390.0,360.0
4,137522,137523,75577c1ac018968eeb148d8ab30ecf993d4788ee70f46c9d534632067bd28c7f,12106,3.762845993041992,1522,4540,0.11993499845266342,0.33708900213241577,360.0,390.0
4,145036,145037,75577c1ac018968eeb148d8ab30ecf993d4788ee70f46c9d534632067bd28c7f,12762,7.115734100341797,1849,1009,0.1214279979467392,0.3036940097808838,360.0,330.0
4,146047,146048,75577c1ac018968eeb148d8ab30ecf993d4788ee70f46c9d534632067bd28c7f,12849,4.539291858673096,5926,1785,0.17953899502754211,0.2575100064277649,390.0,360.0
4,154421,154422,75577c1ac018968eeb148d8ab30ecf993d4788ee70f46c9d534632067bd28c7f,13605,4.172944068908691,6026,1731,0.1879419982433319,0.22926899790763855,390.0,360.0
4,165565,165566,75577c1ac018968eeb148d8ab30ecf993d4788ee70f46c9d534632067bd28c7f,14576,4.987611293792725,5603,707,0.15047100186347961,0.30702799558639526,390.0,330.0
4,167473,167474,75577c1ac018968eeb148d8ab30ecf993d4788ee70f46c9d534632067bd28c7f,14730,10.092019081115723,1764,341,0.10550600290298462,0.34425899386405945,360.0,300.0
4,167961,167962,75577c1ac018968eeb148d8ab30ecf993d4788ee70f46c9d534632067bd28c7f,14779,3.303039312362671,795,107,0.09919749945402145,0.32904401421546936,330.0,300.0
4,168026,168027,75577c1ac018968eeb148d8ab30ecf993d4788ee70f46c9d534632067bd28c7f,14785,4.400216579437256,7621,438,0.16232900321483612,0.277893990278244,390.0,300.0
4,187206,187207,75577c1ac018968eeb148d8ab30ecf993d4788ee70f46c9d534632067bd28c7f,16425,3.9938151836395264,3671,1643,0.14802700281143188,0.24264100193977356,390.0,360.0
4,187312,187313,75577c1ac018968eeb148d8ab30ecf993d4788ee70f46c9d534632067bd28c7f,16436,3.751046895980835,8974,366,0.2026599943637848,0.2383349984884262,390.0,300.0
4,191517,191518,75577c1ac018968eeb148d8ab30ecf993d4788ee70f46c9d534632067bd28c7f,16817,4.478741645812988,3851,230,0.17813000082969666,0.21984300017356873,390.0,300.0
4,195760,195761,75577c1ac018968eeb148d8ab30ecf993d4788ee70f46c9d534632067bd28c7f,17223,4.730846405029297,6297,1858,0.1439249962568283,0.29857999086380005,390.0,360.0
4,196605,196606,75577c1ac018968eeb148d8ab30ecf993d4788ee70f46c9d534632067bd28c7f,17306,3.6615500450134277,2287,10323,0.06440699845552444,0.30274999141693115,360.0,390.0
4,198267,198268,75577c1ac018968eeb148d8ab30ecf993d4788ee70f46c9d534632067bd28c7f,17459,3.7420434951782227,8608,2040,0.20380799472332,0.1523970067501068,390.0,360.0
4,199048,199049,75577c1ac018968eeb148d8ab30ecf993d4788ee70f46c9d534632067bd28c7f,17521,5.773876190185547,5896,1850,0.13872399926185608,0.296644002199173,390.0,360.0
4,206466,206467,75577c1ac018968eeb148d8ab30ecf993d4788ee70f46c9d534632067bd28c7f,18203,4.996789455413818,9420,1125,0.17632700502872467,0.24780499935150146,390.0,330.0
4,207461,207462,75577c1ac018968eeb148d8ab30ecf993d4788ee70f46c9d534632067bd28c7f,18294,3.237619161605835,4625,1625,0.195810005068779,0.18800599873065948,390.0,360.0
4,211865,211866,75577c1ac018968eeb148d8ab30ecf993d4788ee70f46c9d534632067bd28c7f,18655,3.592175245285034,8788,2042,0.18164099752902985,0.24350200593471527,390.0,360.0
4,213054,213055,75577c1ac018968eeb148d8ab30ecf993d4788ee70f46c9d534632067bd28c7f,18750,5.061212539672852,10105,2228,0.1954209953546524,0.21651899814605713,390.0,360.0
4,213325,213326,75577c1ac018968eeb148d8ab30ecf993d4788ee70f46c9d534632067bd28c7f,18777,5.571786880493164,1660,217,0.15232600271701813,0.22293299436569214,360.0,300.0
4,223963,223964,75577c1ac018968eeb148d8ab30ecf993d4788ee70f46c9d534632067bd28c7f,19755,4.228500843048096,7327,1911,0.19685399532318115,0.2161320000886917,390.0,360.0
4,226768,226769,75577c1ac018968eeb148d8ab30ecf993d4788ee70f46c9d534632067bd28c7f,20022,3.8923661708831787,737,202,0.1541849970817566,0.19703300297260284,330.0,300.0
4,245701,245702,75577c1ac018968eeb148d8ab30ecf993d4788ee70f46c9d534632067bd28c7f,21674,10.113022804260254,621,132,0.11074300110340118,0.34861400723457336,330.0,300.0
4,246735,246736,75577c1ac018968eeb148d8ab30ecf993d4788ee70f46c9d534632067bd28c7f,21757,3.966644048690796,1344,689,0.16295599937438965,0.22229699790477753,360.0,330.0
4,249204,249205,75577c1ac018968eeb148d8ab30ecf993d4788ee70f46c9d534632067bd28c7f,21973,4.126070976257324,3936,307,0.16053900122642517,0.2842180132865906,390.0,300.0
4,258459,258460,75577c1ac018968eeb148d8ab30ecf993d4788ee70f46c9d534632067bd28c7f,22803,6.169775009155273,10000,2219,0.18297000229358673,0.23294000327587128,390.0,360.0
5,12261,12262,d33c891dc1ed6df42e58704af0947cd59b7cd80d169a05db179e4aa58cdf7390,1054,12.803075790405273,5785,674,0.07761009782552719,0.33558499813079834,390.0,330.0
5,23390,23391,d33c891dc1ed6df42e58704af0947cd59b7cd80d169a05db179e4aa58cdf7390,2094,8.69161319732666,9374,484,0.13686299324035645,0.28057700395584106,390.0,300.0
5,26849,26850,d33c891dc1ed6df42e58704af0947cd59b7cd80d169a05db179e4aa58cdf7390,2397,6.024863243103027,2989,1308,0.12797999382019043,0.2778710126876831,390.0,360.0
5,28695,28696,d33c891dc1ed6df42e58704af0947cd59b7cd80d169a05db179e4aa58cdf7390,2551,3.5338940620422363,6149,1763,0.2118780016899109,0.23250199854373932,390.0,360.0
5,34593,34594,d33c891dc1ed6df42e58704af0947cd59b7cd80d169a05db179e4aa58cdf7390,3039,4.9639129638671875,10009,1160,0.17697399854660034,0.1801290065050125,390.0,330.0
5,39723,39724,d33c891dc1ed6df42e58704af0947cd59b7cd80d169a05db179e4aa58cdf7390,3488,8.880470275878906,7409,1014,0.15413199365139008,0.2790740132331848,390.0,330.0
5,49652,49653,d33c891dc1ed6df42e58704af0947cd59b7cd80d169a05db179e4aa58cdf7390,4381,4.01261043548584,191,837,0.11170800030231476,0.31657499074935913,300.0,330.0
5,63121,63122,d33c891dc1ed6df42e58704af0947cd59b7cd80d169a05db179e4aa58cdf7390,5518,3.9570538997650146,6923,913,0.19662700593471527,0.2087319940328598,390.0,330.0
5,75048,75049,d33c891dc1ed6df42e58704af0947cd59b7cd80d169a05db179e4aa58cdf7390,6535,3.113548994064331,5447,622,0.15274600684642792,0.2661440074443817,390.0,330.0
5,78190,78191,d33c891dc1ed6df42e58704af0947cd59b7cd80d169a05db179e4aa58cdf7390,6825,11.552008628845215,9734,308,0.1234619989991188,0.30460599064826965,390.0,300.0
5,80120,80121,d33c891dc1ed6df42e58704af0947cd59b7cd80d169a05db179e4aa58cdf7390,7015,3.979489803314209,1733,881,0.18649600446224213,0.2413019984960556,360.0,330.0
5,87151,87152,d33c891dc1ed6df42e58704af0947cd59b7cd80d169a05db179e4aa58cdf7390,7638,8.832235336303711,8464,2072,0.13995599746704102,0.27398601174354553,390.0,360.0
5,98264,98265,d33c891dc1ed6df42e58704af0947cd59b7cd80d169a05db179e4aa58cdf7390,8618,5.0479865074157715,9208,1177,0.17739500105381012,0.2487429976463318,390.0,330.0
5,100962,100963,d33c891dc1ed6df42e58704af0947cd59b7cd80d169a05db179e4aa58cdf7390,8851,3.1049044132232666,6165,1748,0.20589999854564667,0.26047199964523315,390.0,360.0
5,101453,101454,d33c891dc1ed6df42e58704af0947cd59b7cd80d169a05db179e4aa58cdf7390,8895,4.288949489593506,7585,2023,0.15021899342536926,0.2783530056476593,390.0,360.0
5,106000,106001,d33c891dc1ed6df42e58704af0947cd59b7cd80d169a05db179e4aa58cdf7390,9285,3.1899142265319824,10110,1177,0.21036100387573242,0.17768900096416473,390.0,330.0
5,109633,109634,d33c891dc1ed6df42e58704af0947cd59b7cd80d169a05db179e4aa58cdf7390,9614,9.223515510559082,2709,834,0.11115100234746933,0.3905879855155945,390.0,330.0
5,115447,115448,d33c891dc1ed6df42e58704af0947cd59b7cd80d169a05db179e4aa58cdf7390,10125,8.047867774963379,1296,2522,0.06785999983549118,0.3972089886665344,360.0,390.0
5,115676,115677,d33c891dc1ed6df42e58704af0947cd59b7cd80d169a05db179e4aa58cdf7390,10138,3.9850337505340576,5422,1742,0.17261500656604767,0.28292301297187805,390.0,360.0
5,117554,117555,d33c891dc1ed6df42e58704af0947cd59b7cd80d169a05db179e4aa58cdf7390,10278,3.8279848098754883,7016,1914,0.18519699573516846,0.1827169954776764,390.0,360.0
5,124621,124622,d33c891dc1ed6df42e58704af0947cd59b7cd80d169a05db179e4aa58cdf7390,10914,3.086493492126465,1119,332,0.14764699339866638,0.31953299045562744,330.0,300.0
5,127350,127351,d33c891dc1ed6df42e58704af0947cd59b7cd80d169a05db179e4aa58cdf7390,11165,3.258877754211426,9436,2299,0.1281999945640564,0.3091669976711273,390.0,360.0
5,132254,132255,d33c891dc1ed6df42e58704af0947cd59b7cd80d169a05db179e4aa58cdf7390,11567,10.832414627075195,6090,1114,0.08226820081472397,0.3639880120754242,390.0,330.0
5,134339,134340,d33c891dc1ed6df42e58704af0947cd59b7cd80d169a05db179e4aa58cdf7390,11756,5.445383548736572,8189,1109,0.17427000403404236,0.2424989938735962,390.0,330.0
5,134808,134809,d33c891dc1ed6df42e58704af0947cd59b7cd80d169a05db179e4aa58cdf7390,11796,3.385403871536255,7360,1916,0.20590199530124664,0.21735000610351562,390.0,360.0
5,136119,136120,d33c891dc1ed6df42e58704af0947cd59b7cd80d169a05db179e4aa58cdf7390,11915,5.112002372741699,7515,1895,0.1731570065021515,0.25478899478912354,390.0,360.0
5,154201,154202,d33c891dc1ed6df42e58704af0947cd59b7cd80d169a05db179e4aa58cdf7390,13517,5.363579750061035,2198,9830,0.0670458972454071,0.30422499775886536,360.0,390.0
5,154499,154500,d33c891dc1ed6df42e58704af0947cd59b7cd80d169a05db179e4aa58cdf7390,13544,3.1739866733551025,7423,1882,0.18985100090503693,0.2414969950914383,390.0,360.0
5,164162,164163,d33c891dc1ed6df42e58704af0947cd59b7cd80d169a05db179e4aa58cdf7390,14418,3.3970701694488525,1591,717,0.1868239939212799,0.22614799439907074,360.0,330.0
5,166272,166273,d33c891dc1ed6df42e58704af0947cd59b7cd80d169a05db179e4aa58cdf7390,14608,3.2173290252685547,6171,1747,0.17840400338172913,0.2707839906215668,390.0,360.0
5,166887,166888,d33c891dc1ed6df42e58704af0947cd59b7cd80d169a05db179e4aa58cdf7390,14668,4.85683536529541,7279,1946,0.16592000424861908,0.196726992726326,390.0,360.0
5,188078,188079,d33c891dc1ed6df42e58704af0947cd59b7cd80d169a05db179e4aa58cdf7390,16561,9.385420799255371,3464,1325,0.08538749814033508,0.3465000092983246,390.0,360.0
5,191873,191874,d33c891dc1ed6df42e58704af0947cd59b7cd80d169a05db179e4aa58cdf7390,16875,5.463852882385254,3033,658,0.1730310022830963,0.23766300082206726,390.0,330.0
5,192426,192427,d33c891dc1ed6df42e58704af0947cd59b7cd80d169a05db179e4aa58cdf7390,16915,11.520447731018066,3813,717,0.11707299947738647,0.34272301197052,390.0,330.0
5,204225,204226,d33c891dc1ed6df42e58704af0947cd59b7cd80d169a05db179e4aa58cdf7390,17988,3.978641986846924,1904,7221,0.18963800370693207,0.21192100644111633,360.0,390.0
5,206421,206422,d33c891dc1ed6df42e58704af0947cd59b7cd80d169a05db179e4aa58cdf7390,18191,4.809162616729736,2910,1484,0.1503479927778244,0.22314999997615814,390.0,360.0
5,209027,209028,d33c891dc1ed6df42e58704af0947cd59b7cd80d169a05db179e4aa58cdf7390,18437,4.372885227203369,1327,255,0.14629800617694855,0.22890299558639526,360.0,300.0
5,221740,221741,d33c891dc1ed6df42e58704af0947cd59b7cd80d169a05db179e4aa58cdf7390,19518,3.9354727268218994,2148,9485,0.263947993516922,0.10930100083351135,360.0,390.0
5,222470,222471,d33c891dc1ed6df42e58704af0947cd59b7cd80d169a05db179e4aa58cdf7390,19600,10.54346752166748,529,69,0.11866199970245361,0.29001298546791077,330.0,300.0
5,224783,224784,d33c891dc1ed6df42e58704af0947cd59b7cd80d169a05db179e4aa58cdf7390,19795,3.4139974117279053,3615,718,0.19215600192546844,0.2620519995689392,390.0,330.0
5,226922,226923,d33c891dc1ed6df42e58704af0947cd59b7cd80d169a05db179e4aa58cdf7390,19995,5.724392414093018,1196,487,0.12196099758148193,0.30653199553489685,330.0,300.0
5,229968,229969,d33c891dc1ed6df42e58704af0947cd59b7cd80d169a05db179e4aa58cdf7390,20241,3.484771728515625,2753,1282,0.17015300691127777,0.2847299873828888,390.0,360.0
5,236077,236078,d33c891dc1ed6df42e58704af0947cd59b7cd80d169a05db179e4aa58cdf7390,20783,5.258082866668701,1753,891,0.16529899835586548,0.2677929997444153,360.0,330.0
5,237920,237921,d33c891dc1ed6df42e58704af0947cd59b7cd80d169a05db179e4aa58cdf7390,20944,3.0405523777008057,6978,1849,0.21238699555397034,0.25688499212265015,390.0,360.0
5,239112,239113,d33c891dc1ed6df42e58704af0947cd59b7cd80d169a05db179e4aa58cdf7390,21045,11.685639381408691,9636,1091,0.12316899746656418,0.34753599762916565,390.0,330.0
5,240397,240398,d33c891dc1ed6df42e58704af0947cd59b7cd80d169a05db179e4aa58cdf7390,21140,4.048448085784912,8046,879,0.15955999493598938,0.2757759988307953,390.0,330.0
5,244659,244660,d33c891dc1ed6df42e58704af0947cd59b7cd80d169a05db179e4aa58cdf7390,21496,3.66884446144104,4072,1495,0.19744299352169037,0.18936799466609955,390.0,360.0
5,247377,247378,d33c891dc1ed6df42e58704af0947cd59b7cd80d169a05db179e4aa58cdf7390,21752,4.032382011413574,1894,421,0.13797999918460846,0.22469499707221985,360.0,300.0
5,249785,249786,d33c891dc1ed6df42e58704af0947cd59b7cd80d169a05db179e4aa58cdf7390,21994,3.1842284202575684,5549,1458,0.12533199787139893,0.30167698860168457,390.0,360.0
5,253455,253456,d33c891dc1ed6df42e58704af0947cd59b7cd80d169a05db179e4aa58cdf7390,22315,3.3840889930725098,4726,1600,0.20695599913597107,0.2237589955329895,390.0,360.0
5,255696,255697,d33c891dc1ed6df42e58704af0947cd59b7cd80d169a05db179e4aa58cdf7390,22511,3.787752866744995,8921,383,0.2037779986858368,0.2186170071363449,390.0,300.0
5,259362,259363,d33c891dc1ed6df42e58704af0947cd59b7cd80d169a05db179e4aa58cdf7390,22844,3.375565528869629,2522,1292,0.17873600125312805,0.19204400479793549,390.0,360.0
5,260255,260256,d33c891dc1ed6df42e58704af0947cd59b7cd80d169a05db179e4aa58cdf7390,22949,3.2364418506622314,10364,1211,0.2102849930524826,0.16066600382328033,390.0,330.0
5,263391,263392,d33c891dc1ed6df42e58704af0947cd59b7cd80d169a05db179e4aa58cdf7390,23244,3.77057147026062,5703,1911,0.13761800527572632,0.2626909911632538,390.0,360.0
5,270062,270063,d33c891dc1ed6df42e58704af0947cd59b7cd80d169a05db179e4aa58cdf7390,23818,4.960027694702148,4774,570,0.12945200502872467,0.3206399977207184,390.0,330.0
6,5486,5487,4ea00298ac7f23e27d168a5afd0cb0e408afce7eac583f9b3c7778417d144336,461,3.678499698638916,5494,1695,0.20384599268436432,0.22763299942016602,390.0,360.0
6,6286,6287,4ea00298ac7f23e27d168a5afd0cb0e408afce7eac583f9b3c7778417d144336,542,5.542093753814697,5002,1723,0.15073800086975098,0.24695199728012085,390.0,360.0
6,9082,9083,4ea00298ac7f23e27d168a5afd0cb0e408afce7eac583f9b3c7778417d144336,794,8.595901489257812,7606,1968,0.14789000153541565,0.2520410120487213,390.0,360.0
6,31769,31770,4ea00298ac7f23e27d168a5afd0cb0e408afce7eac583f9b3c7778417d144336,2808,3.9584028720855713,3869,1506,0.16411100327968597,0.25243300199508667,390.0,360.0
6,43711,43712,4ea00298ac7f23e27d168a5afd0cb0e408afce7eac583f9b3c7778417d144336,3866,3.3123955726623535,6589,1975,0.14857399463653564,0.30926498770713806,390.0,360.0
6,44695,44696,4ea00298ac7f23e27d168a5afd0cb0e408afce7eac583f9b3c7778417d144336,3962,4.497156620025635,5469,839,0.20113599300384521,0.24105900526046753,390.0,330.0
6,48882,48883,4ea00298ac7f23e27d168a5afd0cb0e408afce7eac583f9b3c7778417d144336,4303,4.218634128570557,7595,2020,0.14314499497413635,0.2921459972858429,390.0,360.0
6,49883,49884,4ea00298ac7f23e27d168a5afd0cb0e408afce7eac583f9b3c7778417d144336,4416,3.3556575775146484,5686,1637,0.16530099511146545,0.21112699806690216,390.0,360.0
6,54815,54816,4ea00298ac7f23e27d168a5afd0cb0e408afce7eac583f9b3c7778417d144336,4832,4.101412296295166,7385,2064,0.12700200080871582,0.3059450089931488,390.0,360.0
6,60582,60583,4ea00298ac7f23e27d168a5afd0cb0e408afce7eac583f9b3c7778417d144336,5329,3.450164318084717,9303,2095,0.18953600525856018,0.2639229893684387,390.0,360.0
6,62015,62016,4ea00298ac7f23e27d168a5afd0cb0e408afce7eac583f9b3c7778417d144336,5452,8.153879165649414,6196,1216,0.08644919842481613,0.36150699853897095,390.0,330.0
6,65406,65407,4ea00298ac7f23e27d168a5afd0cb0e408afce7eac583f9b3c7778417d144336,5752,3.531404733657837,1810,260,0.20695799589157104,0.23881100118160248,360.0,300.0
6,75554,75555,4ea00298ac7f23e27d168a5afd0cb0e408afce7eac583f9b3c7778417d144336,6653,3.8784360885620117,3926,682,0.19757600128650665,0.22356000542640686,390.0,330.0
6,100084,100085,4ea00298ac7f23e27d168a5afd0cb0e408afce7eac583f9b3c7778417d144336,8834,3.33839750289917,9698,2188,0.19660800695419312,0.20969900488853455,390.0,360.0
6,103175,103176,4ea00298ac7f23e27d168a5afd0cb0e408afce7eac583f9b3c7778417d144336,9102,6.854632377624512,8162,1756,0.10139100253582001,0.36837100982666016,390.0,360.0
6,127297,127298,4ea00298ac7f23e27d168a5afd0cb0e408afce7eac583f9b3c7778417d144336,11301,6.806997776031494,3157,1417,0.1654130071401596,0.27550798654556274,390.0,360.0
6,130528,130529,4ea00298ac7f23e27d168a5afd0cb0e408afce7eac583f9b3c7778417d144336,11564,4.9850006103515625,1659,238,0.17828300595283508,0.29811999201774597,360.0,300.0
6,138187,138188,4ea00298ac7f23e27d168a5afd0cb0e408afce7eac583f9b3c7778417d144336,12238,3.1907050609588623,2052,1224,0.12570400536060333,0.33012300729751587,360.0,330.0
6,143386,143387,4ea00298ac7f23e27d168a5afd0cb0e408afce7eac583f9b3c7778417d144336,12684,3.03281569480896,2418,1313,0.20603600144386292,0.2647700011730194,390.0,360.0
6,152790,152791,4ea00298ac7f23e27d168a5afd0cb0e408afce7eac583f9b3c7778417d144336,13537,3.309990644454956,7164,1902,0.19101500511169434,0.2605150043964386,390.0,360.0
6,157466,157467,4ea00298ac7f23e27d168a5afd0cb0e408afce7eac583f9b3c7778417d144336,13906,7.615072250366211,6200,86,0.12269499897956848,0.2981469929218292,390.0,300.0
6,161025,161026,4ea00298ac7f23e27d168a5afd0cb0e408afce7eac583f9b3c7778417d144336,14217,3.1182861328125,2446,591,0.21922600269317627,0.1501850038766861,390.0,330.0
6,161589,161590,4ea00298ac7f23e27d168a5afd0cb0e408afce7eac583f9b3c7778417d144336,14275,5.127723217010498,4002,1488,0.14171600341796875,0.24624399840831757,390.0,360.0
6,164066,164067,4ea00298ac7f23e27d168a5afd0cb0e408afce7eac583f9b3c7778417d144336,14471,3.698212146759033,3188,1457,0.18611299991607666,0.2603209912776947,390.0,360.0
6,166977,166978,4ea00298ac7f23e27d168a5afd0cb0e408afce7eac583f9b3c7778417d144336,14723,3.366103410720825,755,4494,0.2716529965400696,0.14280900359153748,330.0,390.0
6,181887,181888,4ea00298ac7f23e27d168a5afd0cb0e408afce7eac583f9b3c7778417d144336,16081,3.7263031005859375,6212,1649,0.15577200055122375,0.27066200971603394,390.0,360.0
6,182630,182631,4ea00298ac7f23e27d168a5afd0cb0e408afce7eac583f9b3c7778417d144336,16143,8.682502746582031,2507,681,0.14559699594974518,0.2778269946575165,390.0,330.0
6,184855,184856,4ea00298ac7f23e27d168a5afd0cb0e408afce7eac583f9b3c7778417d144336,16327,4.556002140045166,3230,1335,0.1279519945383072,0.33822599053382874,390.0,360.0
6,186162,186163,4ea00298ac7f23e27d168a5afd0cb0e408afce7eac583f9b3c7778417d144336,16447,5.590465068817139,3689,682,0.1709360033273697,0.2542929947376251,390.0,330.0
6,187553,187554,4ea00298ac7f23e27d168a5afd0cb0e408afce7eac583f9b3c7778417d144336,16584,7.598226070404053,6750,756,0.12187500298023224,0.3097569942474365,390.0,330.0
6,188445,188446,4ea00298ac7f23e27d168a5afd0cb0e408afce7eac583f9b3c7778417d144336,16659,4.204349040985107,839,237,0.1767279952764511,0.18435299396514893,330.0,300.0
6,189199,189200,4ea00298ac7f23e27d168a5afd0cb0e408afce7eac583f9b3c7778417d144336,16743,6.431234836578369,5299,363,0.13971400260925293,0.212677001953125,390.0,300.0
6,193176,193177,4ea00298ac7f23e27d168a5afd0cb0e408afce7eac583f9b3c7778417d144336,17071,3.0652272701263428,1671,720,0.13882599771022797,0.3325969874858856,360.0,330.0
6,197490,197491,4ea00298ac7f23e27d168a5afd0cb0e408afce7eac583f9b3c7778417d144336,17428,3.7987172603607178,2026,8418,0.26670101284980774,0.17654700577259064,360.0,390.0
6,201015,201016,4ea00298ac7f23e27d168a5afd0cb0e408afce7eac583f9b3c7778417d144336,17755,8.051642417907715,3275,1472,0.13668900728225708,0.22527599334716797,390.0,360.0
6,202062,202063,4ea00298ac7f23e27d168a5afd0cb0e408afce7eac583f9b3c7778417d144336,17853,3.7543787956237793,3571,181,0.19432500004768372,0.17219200730323792,390.0,300.0
6,202798,202799,4ea00298ac7f23e27d168a5afd0cb0e408afce7eac583f9b3c7778417d144336,17924,4.814779758453369,9275,1134,0.2022390067577362,0.18994499742984772,390.0,330.0
6,204033,204034,4ea00298ac7f23e27d168a5afd0cb0e408afce7eac583f9b3c7778417d144336,18031,3.08402419090271,989,7804,0.21292899549007416,0.16639499366283417,330.0,390.0
6,206999,207000,4ea00298ac7f23e27d168a5afd0cb0e408afce7eac583f9b3c7778417d144336,18286,4.398028373718262,6558,308,0.1829500049352646,0.21039800345897675,390.0,300.0
6,209325,209326,4ea00298ac7f23e27d168a5afd0cb0e408afce7eac583f9b3c7778417d144336,18507,3.8775012493133545,6111,1754,0.2017650008201599,0.2327679991722107,390.0,360.0
6,210041,210042,4ea00298ac7f23e27d168a5afd0cb0e408afce7eac583f9b3c7778417d144336,18561,4.579229354858398,1906,1043,0.1509159952402115,0.29936298727989197,360.0,330.0
6,213857,213858,4ea00298ac7f23e27d168a5afd0cb0e408afce7eac583f9b3c7778417d144336,18895,8.10323715209961,3868,1452,0.12843899428844452,0.28442299365997314,390.0,360.0
6,215045,215046,4ea00298ac7f23e27d168a5afd0cb0e408afce7eac583f9b3c7778417d144336,18998,3.644943952560425,1923,1046,0.16615499556064606,0.26868999004364014,360.0,330.0
6,223098,223099,4ea00298ac7f23e27d168a5afd0cb0e408afce7eac583f9b3c7778417d144336,19711,3.6122865676879883,3589,764,0.18889500200748444,0.16718900203704834,390.0,330.0
6,236656,236657,4ea00298ac7f23e27d168a5afd0cb0e408afce7eac583f9b3c7778417d144336,20939,8.782783508300781,2823,1472,0.12487400323152542,0.31738099455833435,390.0,360.0
6,243042,243043,4ea00298ac7f23e27d168a5afd0cb0e408afce7eac583f9b3c7778417d144336,21482,4.157167911529541,1998,7709,0.1000709980726242,0.354856014251709,360.0,390.0
6,244655,244656,4ea00298ac7f23e27d168a5afd0cb0e408afce7eac583f9b3c7778417d144336,21637,7.428666591644287,6721,242,0.17199699580669403,0.24697600305080414,390.0,300.0
6,248122,248123,4ea00298ac7f23e27d168a5afd0cb0e408afce7eac583f9b3c7778417d144336,21940,3.515806198120117,6724,983,0.1936749964952469,0.25776898860931396,390.0,330.0
6,252929,252930,4ea00298ac7f23e27d168a5afd0cb0e408afce7eac583f9b3c7778417d144336,22366,3.850738525390625,2053,8464,0.2263379991054535,0.25600600242614746,360.0,390.0
6,255204,255205,4ea00298ac7f23e27d168a5afd0cb0e408afce7eac583f9b3c7778417d144336,22565,3.306760787963867,3681,1379,0.14530900120735168,0.22875000536441803,390.0,360.0
6,256514,256515,4ea00298ac7f23e27d168a5afd0cb0e408afce7eac583f9b3c7778417d144336,22677,9.933497428894043,3603,1381,0.09873580187559128,0.3465999960899353,390.0,360.0
6,256599,256600,4ea00298ac7f23e27d168a5afd0cb0e408afce7eac583f9b3c7778417d144336,22687,7.868666172027588,2063,8530,0.05385170131921768,0.33856499195098877,360.0,390.0
6,259833,259834,4ea00298ac7f23e27d168a5afd0cb0e408afce7eac583f9b3c7778417d144336,22960,6.627012729644775,6242,1768,0.18024399876594543,0.25554999709129333,390.0,360.0
6,262532,262533,4ea00298ac7f23e27d168a5afd0cb0e408afce7eac583f9b3c7778417d144336,23201,4.818222999572754,4346,1662,0.1587589979171753,0.1985819935798645,390.0,360.0
6,271650,271651,4ea00298ac7f23e27d168a5afd0cb0e408afce7eac583f9b3c7778417d144336,24006,7.185761451721191,4639,141,0.17192000150680542,0.24337400496006012,390.0,300.0
6,278105,278106,4ea00298ac7f23e27d168a5afd0cb0e408afce7eac583f9b3c7778417d144336,24565,4.380947589874268,5417,1644,0.18346500396728516,0.24692800641059875,390.0,360.0
7,1366,1367,bfde717a9efc03c76cb2308a24aa81df7f2718a94a0312f09ff3f19074e7b224,110,3.6520211696624756,8063,1014,0.20811499655246735,0.1496029943227768,390.0,330.0
7,7603,7604,bfde717a9efc03c76cb2308a24aa81df7f2718a94a0312f09ff3f19074e7b224,664,5.878700256347656,8771,327,0.17122800648212433,0.27309998869895935,390.0,300.0
7,23237,23238,bfde717a9efc03c76cb2308a24aa81df7f2718a94a0312f09ff3f19074e7b224,2029,5.59210729598999,8957,1215,0.15914799273014069,0.19639599323272705,390.0,330.0
7,29189,29190,bfde717a9efc03c76cb2308a24aa81df7f2718a94a0312f09ff3f19074e7b224,2580,3.8522560596466064,2340,1327,0.21076099574565887,0.24310199916362762,390.0,360.0
7,38335,38336,bfde717a9efc03c76cb2308a24aa81df7f2718a94a0312f09ff3f19074e7b224,3443,4.002912521362305,1461,155,0.16927100718021393,0.2658950090408325,360.0,300.0
7,42053,42054,bfde717a9efc03c76cb2308a24aa81df7f2718a94a0312f09ff3f19074e7b224,3783,6.7201128005981445,5316,880,0.16232499480247498,0.28115999698638916,390.0,330.0
7,45620,45621,bfde717a9efc03c76cb2308a24aa81df7f2718a94a0312f09ff3f19074e7b224,4071,5.726955890655518,7613,1041,0.1785680055618286,0.27327099442481995,390.0,330.0
7,51463,51464,bfde717a9efc03c76cb2308a24aa81df7f2718a94a0312f09ff3f19074e7b224,4589,3.324211835861206,2516,692,0.1855819970369339,0.16492700576782227,390.0,330.0
7,54866,54867,bfde717a9efc03c76cb2308a24aa81df7f2718a94a0312f09ff3f19074e7b224,4877,3.1615190505981445,8572,1162,0.1740809977054596,0.2550939917564392,390.0,330.0
7,60398,60399,bfde717a9efc03c76cb2308a24aa81df7f2718a94a0312f09ff3f19074e7b224,5404,3.0659217834472656,2272,1177,0.19021600484848022,0.2078309953212738,360.0,330.0
7,67768,67769,bfde717a9efc03c76cb2308a24aa81df7f2718a94a0312f09ff3f19074e7b224,6040,4.7387471199035645,1082,329,0.14068500697612762,0.2302909940481186,330.0,300.0
7,70074,70075,bfde717a9efc03c76cb2308a24aa81df7f2718a94a0312f09ff3f19074e7b224,6247,3.0191097259521484,1589,4793,0.21193400025367737,0.173117995262146,360.0,390.0
7,77186,77187,bfde717a9efc03c76cb2308a24aa81df7f2718a94a0312f09ff3f19074e7b224,6826,9.444884300231934,4402,1535,0.1192139983177185,0.32840800285339355,390.0,360.0
7,81113,81114,bfde717a9efc03c76cb2308a24aa81df7f2718a94a0312f09ff3f19074e7b224,7181,12.624772071838379,3697,45,0.1131490021944046,0.31396299600601196,390.0,300.0
7,88266,88267,bfde717a9efc03c76cb2308a24aa81df7f2718a94a0312f09ff3f19074e7b224,7781,4.021265983581543,5328,127,0.17565500736236572,0.28969699144363403,390.0,300.0
7,90825,90826,bfde717a9efc03c76cb2308a24aa81df7f2718a94a0312f09ff3f19074e7b224,7999,3.5711846351623535,7218,969,0.21113499999046326,0.23186899721622467,390.0,330.0
7,94462,94463,bfde717a9efc03c76cb2308a24aa81df7f2718a94a0312f09ff3f19074e7b224,8335,3.830935478210449,9059,2078,0.20135200023651123,0.18112300336360931,390.0,360.0
7,96679,96680,bfde717a9efc03c76cb2308a24aa81df7f2718a94a0312f09ff3f19074e7b224,8531,4.695559501647949,4954,1623,0.19392000138759613,0.17685900628566742,390.0,360.0
7,99252,99253,bfde717a9efc03c76cb2308a24aa81df7f2718a94a0312f09ff3f19074e7b224,8798,3.0651357173919678,6038,1937,0.12956400215625763,0.23555399477481842,390.0,360.0
7,99884,99885,bfde717a9efc03c76cb2308a24aa81df7f2718a94a0312f09ff3f19074e7b224,8859,12.381604194641113,8522,2073,0.12103000283241272,0.34556901454925537,390.0,360.0
7,111278,111279,bfde717a9efc03c76cb2308a24aa81df7f2718a94a0312f09ff3f19074e7b224,9913,3.3264288902282715,906,6319,0.2426140010356903,0.11285600066184998,330.0,390.0
7,115051,115052,bfde717a9efc03c76cb2308a24aa81df7f2718a94a0312f09ff3f19074e7b224,10254,9.137534141540527,7629,1936,0.1288529932498932,0.31614699959754944,390.0,360.0
7,117730,117731,bfde717a9efc03c76cb2308a24aa81df7f2718a94a0312f09ff3f19074e7b224,10518,4.893884181976318,6201,1850,0.14589400589466095,0.3018549978733063,390.0,360.0
7,117735,117736,bfde717a9efc03c76cb2308a24aa81df7f2718a94a0312f09ff3f19074e7b224,10519,4.612434387207031,1495,9,0.11811400204896927,0.3342379927635193,360.0,300.0
7,132952,132953,bfde717a9efc03c76cb2308a24aa81df7f2718a94a0312f09ff3f19074e7b224,11833,6.0759429931640625,1360,3148,0.0773840993642807,0.3317570090293884,360.0,390.0
7,136880,136881,bfde717a9efc03c76cb2308a24aa81df7f2718a94a0312f09ff3f19074e7b224,12162,4.231962203979492,7690,977,0.18405300378799438,0.28370401263237,390.0,330.0
7,139432,139433,bfde717a9efc03c76cb2308a24aa81df7f2718a94a0312f09ff3f19074e7b224,12362,3.8278307914733887,3395,1447,0.18670199811458588,0.27020901441574097,390.0,360.0
7,142325,142326,bfde717a9efc03c76cb2308a24aa81df7f2718a94a0312f09ff3f19074e7b224,12616,4.226507663726807,9675,2179,0.19985799491405487,0.2431199997663498,390.0,360.0
7,147929,147930,bfde717a9efc03c76cb2308a24aa81df7f2718a94a0312f09ff3f19074e7b224,13121,3.833502769470215,2053,8523,0.20629200339317322,0.14587000012397766,360.0,390.0
7,154176,154177,bfde717a9efc03c76cb2308a24aa81df7f2718a94a0312f09ff3f19074e7b224,13690,5.931768894195557,3017,103,0.18512900173664093,0.29035499691963196,390.0,300.0
7,155596,155597,bfde717a9efc03c76cb2308a24aa81df7f2718a94a0312f09ff3f19074e7b224,13835,4.537581443786621,1567,849,0.13307799398899078,0.28575700521469116,360.0,330.0
7,164504,164505,bfde717a9efc03c76cb2308a24aa81df7f2718a94a0312f09ff3f19074e7b224,14632,3.374929904937744,2125,8868,0.08339469879865646,0.3436729907989502,360.0,390.0
7,165147,165148,bfde717a9efc03c76cb2308a24aa81df7f2718a94a0312f09ff3f19074e7b224,14684,3.6496806144714355,7441,401,0.17450599372386932,0.2526099979877472,390.0,300.0
7,166610,166611,bfde717a9efc03c76cb2308a24aa81df7f2718a94a0312f09ff3f19074e7b224,14819,3.449247121810913,6740,1849,0.1773580014705658,0.29420599341392517,390.0,360.0
7,174890,174891,bfde717a9efc03c76cb2308a24aa81df7f2718a94a0312f09ff3f19074e7b224,15544,9.277583122253418,5103,240,0.14837799966335297,0.27344000339508057,390.0,300.0
7,183209,183210,bfde717a9efc03c76cb2308a24aa81df7f2718a94a0312f09ff3f19074e7b224,16278,3.3097894191741943,9488,2164,0.21109700202941895,0.23962900042533875,390.0,360.0
7,191391,191392,bfde717a9efc03c76cb2308a24aa81df7f2718a94a0312f09ff3f19074e7b224,17005,3.6118462085723877,1497,3940,0.20173199474811554,0.24576500058174133,360.0,390.0
7,194913,194914,bfde717a9efc03c76cb2308a24aa81df7f2718a94a0312f09ff3f19074e7b224,17317,7.076043605804443,3898,260,0.14371000230312347,0.2480189949274063,390.0,300.0
7,195549,195550,bfde717a9efc03c76cb2308a24aa81df7f2718a94a0312f09ff3f19074e7b224,17374,3.1676201820373535,5776,216,0.20137499272823334,0.23722000420093536,390.0,300.0
7,195562,195563,bfde717a9efc03c76cb2308a24aa81df7f2718a94a0312f09ff3f19074e7b224,17376,5.57706880569458,8671,1051,0.16519099473953247,0.2351820021867752,390.0,330.0
7,199159,199160,bfde717a9efc03c76cb2308a24aa81df7f2718a94a0312f09ff3f19074e7b224,17684,3.206772565841675,492,1237,0.11367599666118622,0.32950499653816223,300.0,330.0
7,204962,204963,bfde717a9efc03c76cb2308a24aa81df7f2718a94a0312f09ff3f19074e7b224,18167,7.136098861694336,6856,2227,0.0807270035147667,0.3408209979534149,390.0,360.0
7,209164,209165,bfde717a9efc03c76cb2308a24aa81df7f2718a94a0312f09ff3f19074e7b224,18532,3.803725004196167,7058,849,0.17945100367069244,0.18775899708271027,390.0,330.0
7,210475,210476,bfde717a9efc03c76cb2308a24aa81df7f2718a94a0312f09ff3f19074e7b224,18645,3.6439573764801025,9797,2252,0.16570599377155304,0.22734299302101135,390.0,360.0
7,211995,211996,bfde717a9efc03c76cb2308a24aa81df7f2718a94a0312f09ff3f19074e7b224,18790,3.368638038635254,2563,564,0.2094070017337799,0.21717199683189392,390.0,330.0
7,217312,217313,bfde717a9efc03c76cb2308a24aa81df7f2718a94a0312f09ff3f19074e7b224,19298,3.03415584564209,8600,2040,0.21494099497795105,0.20277400314807892,390.0,360.0
7,220963,220964,bfde717a9efc03c76cb2308a24aa81df7f2718a94a0312f09ff3f19074e7b224,19633,6.477829456329346,1427,732,0.14049799740314484,0.3024030029773712,360.0,330.0
7,230742,230743,bfde717a9efc03c76cb2308a24aa81df7f2718a94a0312f09ff3f19074e7b224,20454,8.933711051940918,9129,2165,0.11423700302839279,0.3739340007305145,390.0,360.0
7,234837,234838,bfde717a9efc03c76cb2308a24aa81df7f2718a94a0312f09ff3f19074e7b224,20791,3.426236391067505,7986,1978,0.21430499851703644,0.26656800508499146,390.0,360.0
7,241167,241168,bfde717a9efc03c76cb2308a24aa81df7f2718a94a0312f09ff3f19074e7b224,21384,11.962178230285645,3516,76,0.1365550011396408,0.26706698536872864,390.0,300.0
7,241840,241841,bfde717a9efc03c76cb2308a24aa81df7f2718a94a0312f09ff3f19074e7b224,21457,5.171533584594727,3003,915,0.143885999917984,0.3221369981765747,390.0,330.0
7,242307,242308,bfde717a9efc03c76cb2308a24aa81df7f2718a94a0312f09ff3f19074e7b224,21502,10.703132629394531,6157,1787,0.11193600296974182,0.3040730059146881,390.0,360.0
7,253817,253818,bfde717a9efc03c76cb2308a24aa81df7f2718a94a0312f09ff3f19074e7b224,22487,5.178812503814697,6178,966,0.171316996216774,0.2444700002670288,390.0,330.0
7,276865,276866,bfde717a9efc03c76cb2308a24aa81df7f2718a94a0312f09ff3f19074e7b224,24489,4.38570499420166,6766,1868,0.18188799917697906,0.2418459951877594,390.0,360.0
7,280284,280285,bfde717a9efc03c76cb2308a24aa81df7f2718a94a0312f09ff3f19074e7b224,24793,3.0554707050323486,1710,5583,0.24794700741767883,0.23080900311470032,360.0,390.0
8,162,163,43ecb989490a7c41f0d99615c745a535eaf1532fb7cdeea41a6bf6d57183554c,16,3.5124106407165527,2941,1486,0.17923399806022644,0.21288399398326874,390.0,360.0
8,1630,1631,43ecb989490a7c41f0d99615c745a535eaf1532fb7cdeea41a6bf6d57183554c,153,5.370973587036133,4068,811,0.17151999473571777,0.23071399331092834,390.0,330.0
8,3499,3500,43ecb989490a7c41f0d99615c745a535eaf1532fb7cdeea41a6bf6d57183554c,324,3.1864066123962402,1076,2013,0.23420000076293945,0.1982560008764267,330.0,360.0
8,3520,3521,43ecb989490a7c41f0d99615c745a535eaf1532fb7cdeea41a6bf6d57183554c,326,3.5773720741271973,8190,254,0.18879400193691254,0.21564599871635437,390.0,300.0
8,4509,4510,43ecb989490a7c41f0d99615c745a535eaf1532fb7cdeea41a6bf6d57183554c,413,4.003571510314941,7658,1058,0.1866459995508194,0.2239290028810501,390.0,330.0
8,11469,11470,43ecb989490a7c41f0d99615c745a535eaf1532fb7cdeea41a6bf6d57183554c,1057,12.50533676147461,1851,368,0.09165039658546448,0.35371801257133484,360.0,300.0
8,21505,21506,43ecb989490a7c41f0d99615c745a535eaf1532fb7cdeea41a6bf6d57183554c,1936,3.8515172004699707,3887,1501,0.20490600168704987,0.22729900479316711,390.0,360.0
8,24594,24595,43ecb989490a7c41f0d99615c745a535eaf1532fb7cdeea41a6bf6d57183554c,2211,3.744445562362671,9489,1204,0.19543899595737457,0.2465430051088333,390.0,330.0
8,30338,30339,43ecb989490a7c41f0d99615c745a535eaf1532fb7cdeea41a6bf6d57183554c,2708,4.6752142906188965,10440,2261,0.18978099524974823,0.2605549991130829,390.0,360.0
8,33296,33297,43ecb989490a7c41f0d99615c745a535eaf1532fb7cdeea41a6bf6d57183554c,3003,3.045170307159424,2004,8356,0.2172120064496994,0.15089799463748932,360.0,390.0
8,33517,33518,43ecb989490a7c41f0d99615c745a535eaf1532fb7cdeea41a6bf6d57183554c,3021,4.895144462585449,8015,1988,0.19594800472259521,0.21535100042819977,390.0,360.0
8,34739,34740,43ecb989490a7c41f0d99615c745a535eaf1532fb7cdeea41a6bf6d57183554c,3122,7.911581039428711,5567,883,0.15080200135707855,0.20964300632476807,390.0,330.0
8,43500,43501,43ecb989490a7c41f0d99615c745a535eaf1532fb7cdeea41a6bf6d57183554c,3916,4.701784610748291,8853,1106,0.1935890018939972,0.2143000066280365,390.0,330.0
8,45770,45771,43ecb989490a7c41f0d99615c745a535eaf1532fb7cdeea41a6bf6d57183554c,4114,4.725028991699219,4656,703,0.17197099328041077,0.23485200107097626,390.0,330.0
8,48543,48544,43ecb989490a7c41f0d99615c745a535eaf1532fb7cdeea41a6bf6d57183554c,4395,5.091000556945801,3805,1529,0.18304400146007538,0.2694529891014099,390.0,360.0
8,50828,50829,43ecb989490a7c41f0d99615c745a535eaf1532fb7cdeea41a6bf6d57183554c,4596,7.522809028625488,649,120,0.15772999823093414,0.28440800309181213,330.0,300.0
8,51753,51754,43ecb989490a7c41f0d99615c745a535eaf1532fb7cdeea41a6bf6d57183554c,4680,4.122564792633057,5219,1723,0.16234900057315826,0.2654399871826172,390.0,360.0
8,54061,54062,43ecb989490a7c41f0d99615c745a535eaf1532fb7cdeea41a6bf6d57183554c,4876,12.465466499328613,1472,533,0.06188470125198364,0.3472599983215332,360.0,330.0
8,60285,60286,43ecb989490a7c41f0d99615c745a535eaf1532fb7cdeea41a6bf6d57183554c,5457,3.0231072902679443,2816,1329,0.18943700194358826,0.1888359934091568,390.0,360.0
8,63373,63374,43ecb989490a7c41f0d99615c745a535eaf1532fb7cdeea41a6bf6d57183554c,5738,3.489245653152466,9314,1989,0.1584790050983429,0.2669200003147125,390.0,360.0
8,63568,63569,43ecb989490a7c41f0d99615c745a535eaf1532fb7cdeea41a6bf6d57183554c,5754,3.9614925384521484,651,102,0.17690199613571167,0.1994290053844452,330.0,300.0
8,68042,68043,43ecb989490a7c41f0d99615c745a535eaf1532fb7cdeea41a6bf6d57183554c,6178,10.545559883117676,8462,2036,0.14440900087356567,0.2852030098438263,390.0,360.0
8,68470,68471,43ecb989490a7c41f0d99615c745a535eaf1532fb7cdeea41a6bf6d57183554c,6221,3.8126206398010254,1707,804,0.1765660047531128,0.23708400130271912,360.0,330.0
8,72051,72052,43ecb989490a7c41f0d99615c745a535eaf1532fb7cdeea41a6bf6d57183554c,6527,9.737329483032227,5993,1806,0.11652400344610214,0.3030950129032135,390.0,360.0
8,74211,74212,43ecb989490a7c41f0d99615c745a535eaf1532fb7cdeea41a6bf6d57183554c,6736,3.08670711517334,90,1401,0.23801599442958832,0.13086199760437012,300.0,360.0
8,82840,82841,43ecb989490a7c41f0d99615c745a535eaf1532fb7cdeea41a6bf6d57183554c,7537,3.252821683883667,372,8566,0.22460800409317017,0.17222200334072113,300.0,390.0
8,83921,83922,43ecb989490a7c41f0d99615c745a535eaf1532fb7cdeea41a6bf6d57183554c,7633,3.214146852493286,5974,890,0.2109220027923584,0.15934200584888458,390.0,330.0
8,88804,88805,43ecb989490a7c41f0d99615c745a535eaf1532fb7cdeea41a6bf6d57183554c,8089,6.8364715576171875,5595,627,0.11315800249576569,0.35356900095939636,390.0,330.0
8,89107,89108,43ecb989490a7c41f0d99615c745a535eaf1532fb7cdeea41a6bf6d57183554c,8130,3.7448208332061768,10289,2236,0.18667800724506378,0.19621999561786652,390.0,360.0
8,94710,94711,43ecb989490a7c41f0d99615c745a535eaf1532fb7cdeea41a6bf6d57183554c,8624,8.386802673339844,1455,571,0.09211889654397964,0.2683410048484802,360.0,330.0
8,95074,95075,43ecb989490a7c41f0d99615c745a535eaf1532fb7cdeea41a6bf6d57183554c,8650,4.964649677276611,10215,2167,0.17212800681591034,0.2939690053462982,390.0,360.0
8,95433,95434,43ecb989490a7c41f0d99615c745a535eaf1532fb7cdeea41a6bf6d57183554c,8679,3.466708183288574,1563,171,0.20666800439357758,0.18097299337387085,360.0,300.0
8,99362,99363,43ecb989490a7c41f0d99615c745a535eaf1532fb7cdeea41a6bf6d57183554c,9070,3.338340997695923,597,3013,0.22966599464416504,0.15526600182056427,330.0,390.0
8,101166,101167,43ecb989490a7c41f0d99615c745a535eaf1532fb7cdeea41a6bf6d57183554c,9240,8.801313400268555,1724,820,0.11787399649620056,0.36003199219703674,360.0,330.0
8,101177,101178,43ecb989490a7c41f0d99615c745a535eaf1532fb7cdeea41a6bf6d57183554c,9242,7.874380111694336,7378,534,0.08401849865913391,0.3804889917373657,390.0,330.0
8,106235,106236,43ecb989490a7c41f0d99615c745a535eaf1532fb7cdeea41a6bf6d57183554c,9697,5.714401721954346,3610,1568,0.14679600298404694,0.2711609899997711,390.0,360.0
8,115408,115409,43ecb989490a7c41f0d99615c745a535eaf1532fb7cdeea41a6bf6d57183554c,10489,9.177793502807617,548,50,0.14998100697994232,0.23765699565410614,330.0,300.0
8,116077,116078,43ecb989490a7c41f0d99615c745a535eaf1532fb7cdeea41a6bf6d57183554c,10555,5.853638648986816,5732,847,0.1719440072774887,0.29467499256134033,390.0,330.0
8,119232,119233,43ecb989490a7c41f0d99615c745a535eaf1532fb7cdeea41a6bf6d57183554c,10826,3.3689606189727783,8801,1000,0.19283699989318848,0.2636309862136841,390.0,330.0
8,120509,120510,43ecb989490a7c41f0d99615c745a535eaf1532fb7cdeea41a6bf6d57183554c,10943,6.242403507232666,9506,2269,0.110214002430439,0.3451089859008789,390.0,360.0
8,123802,123803,43ecb989490a7c41f0d99615c745a535eaf1532fb7cdeea41a6bf6d57183554c,11243,10.572389602661133,4450,1526,0.10763300210237503,0.2959739863872528,390.0,360.0
8,124015,124016,43ecb989490a7c41f0d99615c745a535eaf1532fb7cdeea41a6bf6d57183554c,11264,8.179457664489746,2926,1390,0.16922999918460846,0.19205500185489655,390.0,360.0
8,129563,129564,43ecb989490a7c41f0d99615c745a535eaf1532fb7cdeea41a6bf6d57183554c,11747,4.028110504150391,9388,2044,0.17376400530338287,0.2881540060043335,390.0,360.0
8,134230,134231,43ecb989490a7c41f0d99615c745a535eaf1532fb7cdeea41a6bf6d57183554c,12161,3.289391279220581,1640,824,0.197285994887352,0.23746800422668457,360.0,330.0
8,137954,137955,43ecb989490a7c41f0d99615c745a535eaf1532fb7cdeea41a6bf6d57183554c,12480,7.251391410827637,4696,569,0.11088600009679794,0.32330700755119324,390.0,330.0
8,138182,138183,43ecb989490a7c41f0d99615c745a535eaf1532fb7cdeea41a6bf6d57183554c,12499,3.3819010257720947,3614,674,0.21587100625038147,0.22568799555301666,390.0,330.0
8,139671,139672,43ecb989490a7c41f0d99615c745a535eaf1532fb7cdeea41a6bf6d57183554c,12632,3.11741042137146,1351,612,0.1993509978055954,0.1603650003671646,360.0,330.0
8,143095,143096,43ecb989490a7c41f0d99615c745a535eaf1532fb7cdeea41a6bf6d57183554c,12927,3.583763360977173,1588,4407,0.25572100281715393,0.17265500128269196,360.0,390.0
8,150619,150620,43ecb989490a7c41f0d99615c745a535eaf1532fb7cdeea41a6bf6d57183554c,13567,10.23696231842041,9377,2153,0.1507119983434677,0.2670600116252899,390.0,360.0
8,151947,151948,43ecb989490a7c41f0d99615c745a535eaf1532fb7cdeea41a6bf6d57183554c,13671,5.545534133911133,5042,877,0.1500989943742752,0.2468159943819046,390.0,330.0
8,155386,155387,43ecb989490a7c41f0d99615c745a535eaf1532fb7cdeea41a6bf6d57183554c,13988,3.6919307708740234,8628,1093,0.19534100592136383,0.19078800082206726,390.0,330.0
8,158397,158398,43ecb989490a7c41f0d99615c745a535eaf1532fb7cdeea41a6bf6d57183554c,14247,4.610954761505127,712,4025,0.2250709980726242,0.15497900545597076,330.0,390.0
8,159990,159991,43ecb989490a7c41f0d99615c745a535eaf1532fb7cdeea41a6bf6d57183554c,14376,3.368765115737915,1652,5007,0.2707369923591614,0.1315460056066513,360.0,390.0
8,162958,162959,43ecb989490a7c41f0d99615c745a535eaf1532fb7cdeea41a6bf6d57183554c,14673,4.461299896240234,6971,1664,0.12411899864673615,0.30048200488090515,390.0,360.0
8,169849,169850,43ecb989490a7c41f0d99615c745a535eaf1532fb7cdeea41a6bf6d57183554c,15282,8.867925643920898,5090,1513,0.0940266028046608,0.3756900131702423,390.0,360.0
8,171387,171388,43ecb989490a7c41f0d99615c745a535eaf1532fb7cdeea41a6bf6d57183554c,15424,3.2636094093322754,266,900,0.05375780165195465,0.40790700912475586,300.0,330.0
8,182424,182425,43ecb989490a7c41f0d99615c745a535eaf1532fb7cdeea41a6bf6d57183554c,16372,9.535934448242188,8409,2116,0.08616840094327927,0.34449100494384766,390.0,360.0
8,183268,183269,43ecb989490a7c41f0d99615c745a535eaf1532fb7cdeea41a6bf6d57183554c,16442,4.2925848960876465,5461,1638,0.18328900635242462,0.2921540141105652,390.0,360.0
8,188551,188552,43ecb989490a7c41f0d99615c745a535eaf1532fb7cdeea41a6bf6d57183554c,16921,10.236746788024902,6625,1840,0.12194500118494034,0.33647799491882324,390.0,360.0
8,191465,191466,43ecb989490a7c41f0d99615c745a535eaf1532fb7cdeea41a6bf6d57183554c,17159,4.248780250549316,5025,1641,0.20454099774360657,0.21351000666618347,390.0,360.0
8,193511,193512,43ecb989490a7c41f0d99615c745a535eaf1532fb7cdeea41a6bf6d57183554c,17339,3.3784875869750977,1273,8123,0.07444579899311066,0.3777880072593689,330.0,390.0
8,196058,196059,43ecb989490a7c41f0d99615c745a535eaf1532fb7cdeea41a6bf6d57183554c,17563,5.3442230224609375,4269,1447,0.13326700031757355,0.2796719968318939,390.0,360.0
8,197827,197828,43ecb989490a7c41f0d99615c745a535eaf1532fb7cdeea41a6bf6d57183554c,17717,3.458144187927246,2285,481,0.20549799501895905,0.2531140148639679,360.0,300.0
8,201081,201082,43ecb989490a7c41f0d99615c745a535eaf1532fb7cdeea41a6bf6d57183554c,18003,3.9078776836395264,1268,487,0.19690200686454773,0.16923600435256958,330.0,300.0
8,225704,225705,43ecb989490a7c41f0d99615c745a535eaf1532fb7cdeea41a6bf6d57183554c,20243,5.311225891113281,2117,1081,0.17047500610351562,0.1875459998846054,360.0,330.0
8,227697,227698,43ecb989490a7c41f0d99615c745a535eaf1532fb7cdeea41a6bf6d57183554c,20442,3.9215734004974365,1154,418,0.1820719987154007,0.1820089966058731,330.0,300.0
8,234823,234824,43ecb989490a7c41f0d99615c745a535eaf1532fb7cdeea41a6bf6d57183554c,21053,3.010922908782959,2924,596,0.2051510065793991,0.16561800241470337,390.0,330.0
8,235959,235960,43ecb989490a7c41f0d99615c745a535eaf1532fb7cdeea41a6bf6d57183554c,21150,6.671964168548584,9540,434,0.1757880002260208,0.22995199263095856,390.0,300.0
8,237432,237433,43ecb989490a7c41f0d99615c745a535eaf1532fb7cdeea41a6bf6d57183554c,21279,5.778395175933838,8031,2116,0.10549300163984299,0.34696200489997864,390.0,360.0
8,254029,254030,43ecb989490a7c41f0d99615c745a535eaf1532fb7cdeea41a6bf6d57183554c,22684,3.733189582824707,94,2749,0.2514140009880066,0.1508360058069229,300.0,390.0
8,261038,261039,43ecb989490a7c41f0d99615c745a535eaf1532fb7cdeea41a6bf6d57183554c,23298,3.043368339538574,1695,885,0.17972999811172485,0.24406200647354126,360.0,330.0
8,271335,271336,43ecb989490a7c41f0d99615c745a535eaf1532fb7cdeea41a6bf6d57183554c,24216,3.667153835296631,1923,1035,0.16798800230026245,0.19449500739574432,360.0,330.0
8,276292,276293,43ecb989490a7c41f0d99615c745a535eaf1532fb7cdeea41a6bf6d57183554c,24648,4.891430854797363,9293,1158,0.16960600018501282,0.2268799990415573,390.0,330.0
8,283725,283726,43ecb989490a7c41f0d99615c745a535eaf1532fb7cdeea41a6bf6d57183554c,25280,6.667025566101074,1182,2184,0.055485498160123825,0.39757999777793884,330.0,360.0
8,284872,284873,43ecb989490a7c41f0d99615c745a535eaf1532fb7cdeea41a6bf6d57183554c,25382,5.806031227111816,3490,616,0.17811599373817444,0.1922290027141571,390.0,330.0
9,1813,1814,f05a63c724e9841451f795551846018b16a88186d138f4d1601dcc044be1578d,138,3.119387626647949,1940,1036,0.1822730004787445,0.18753600120544434,360.0,330.0
9,2039,2040,f05a63c724e9841451f795551846018b16a88186d138f4d1601dcc044be1578d,160,4.027339935302734,6115,1883,0.14395299553871155,0.2811259925365448,390.0,360.0
9,10632,10633,f05a63c724e9841451f795551846018b16a88186d138f4d1601dcc044be1578d,920,4.166622161865234,8480,2144,0.13100899755954742,0.3056569993495941,390.0,360.0
9,10945,10946,f05a63c724e9841451f795551846018b16a88186d138f4d1601dcc044be1578d,953,3.378201961517334,7009,1887,0.17037299275398254,0.2442290037870407,390.0,360.0
9,12653,12654,f05a63c724e9841451f795551846018b16a88186d138f4d1601dcc044be1578d,1118,4.139238357543945,5269,1512,0.12950000166893005,0.30142301321029663,390.0,360.0
9,14575,14576,f05a63c724e9841451f795551846018b16a88186d138f4d1601dcc044be1578d,1274,4.8201904296875,5245,214,0.19050799310207367,0.23162700235843658,390.0,300.0
9,20815,20816,f05a63c724e9841451f795551846018b16a88186d138f4d1601dcc044be1578d,1829,4.569408416748047,7858,328,0.19979000091552734,0.23166300356388092,390.0,300.0
9,26276,26277,f05a63c724e9841451f795551846018b16a88186d138f4d1601dcc044be1578d,2292,10.877055168151855,1767,211,0.12269199639558792,0.30106300115585327,360.0,300.0
9,27006,27007,f05a63c724e9841451f795551846018b16a88186d138f4d1601dcc044be1578d,2362,5.379762649536133,1470,688,0.16777600347995758,0.25717300176620483,360.0,330.0
9,27743,27744,f05a63c724e9841451f795551846018b16a88186d138f4d1601dcc044be1578d,2423,12.228755950927734,8934,2089,0.082368403673172,0.3794200122356415,390.0,360.0
9,30173,30174,f05a63c724e9841451f795551846018b16a88186d138f4d1601dcc044be1578d,2649,3.602142333984375,5801,155,0.1759919971227646,0.23928000032901764,390.0,300.0
9,32733,32734,f05a63c724e9841451f795551846018b16a88186d138f4d1601dcc044be1578d,2889,3.316716194152832,906,6012,0.22859300673007965,0.1574849933385849,330.0,390.0
9,33712,33713,f05a63c724e9841451f795551846018b16a88186d138f4d1601dcc044be1578d,2976,3.162351608276367,8944,2080,0.20596499741077423,0.20296600461006165,390.0,360.0
9,44588,44589,f05a63c724e9841451f795551846018b16a88186d138f4d1601dcc044be1578d,3911,6.318953037261963,7529,441,0.14226999878883362,0.2816329896450043,390.0,300.0
9,47053,47054,f05a63c724e9841451f795551846018b16a88186d138f4d1601dcc044be1578d,4149,4.196376323699951,6726,1923,0.1579750031232834,0.2588120102882385,390.0,360.0
9,47252,47253,f05a63c724e9841451f795551846018b16a88186d138f4d1601dcc044be1578d,4163,4.1579718589782715,2620,1358,0.19780899584293365,0.285955011844635,390.0,360.0
9,52628,52629,f05a63c724e9841451f795551846018b16a88186d138f4d1601dcc044be1578d,4617,3.2234904766082764,1963,7584,0.2522119879722595,0.20473699271678925,360.0,390.0
9,56914,56915,f05a63c724e9841451f795551846018b16a88186d138f4d1601dcc044be1578d,5026,3.131514310836792,1380,80,0.2081409990787506,0.1752849966287613,360.0,300.0
9,64411,64412,f05a63c724e9841451f795551846018b16a88186d138f4d1601dcc044be1578d,5681,3.490684986114502,1496,767,0.16793300211429596,0.2736560106277466,360.0,330.0
9,69768,69769,f05a63c724e9841451f795551846018b16a88186d138f4d1601dcc044be1578d,6166,3.729170560836792,4167,183,0.20390699803829193,0.24410000443458557,390.0,300.0
9,70857,70858,f05a63c724e9841451f795551846018b16a88186d138f4d1601dcc044be1578d,6253,10.804159164428711,6059,1772,0.12064000219106674,0.33875200152397156,390.0,360.0
9,78319,78320,f05a63c724e9841451f795551846018b16a88186d138f4d1601dcc044be1578d,6915,4.514583587646484,6725,1776,0.17610600590705872,0.2868480086326599,390.0,360.0
9,83458,83459,f05a63c724e9841451f795551846018b16a88186d138f4d1601dcc044be1578d,7336,5.748392105102539,10269,2179,0.1468369960784912,0.25482499599456787,390.0,360.0
9,83898,83899,f05a63c724e9841451f795551846018b16a88186d138f4d1601dcc044be1578d,7382,8.536540985107422,5231,1680,0.13787099719047546,0.3324660062789917,390.0,360.0
9,84526,84527,f05a63c724e9841451f795551846018b16a88186d138f4d1601dcc044be1578d,7455,5.482571601867676,1908,1073,0.1188730001449585,0.30611100792884827,360.0,330.0
9,85882,85883,f05a63c724e9841451f795551846018b16a88186d138f4d1601dcc044be1578d,7574,8.221137046813965,7964,305,0.1574079990386963,0.27142900228500366,390.0,300.0
9,96755,96756,f05a63c724e9841451f795551846018b16a88186d138f4d1601dcc044be1578d,8599,7.617552280426025,5623,1712,0.14781400561332703,0.25369998812675476,390.0,360.0
9,109856,109857,f05a63c724e9841451f795551846018b16a88186d138f4d1601dcc044be1578d,9731,7.322439670562744,6184,1855,0.1358419954776764,0.28850099444389343,390.0,360.0
9,118881,118882,f05a63c724e9841451f795551846018b16a88186d138f4d1601dcc044be1578d,10488,3.1733860969543457,9302,1105,0.210548996925354,0.23783999681472778,390.0,330.0
9,118985,118986,f05a63c724e9841451f795551846018b16a88186d138f4d1601dcc044be1578d,10494,10.001015663146973,3517,486,0.09365840256214142,0.3040600121021271,390.0,300.0
9,121370,121371,f05a63c724e9841451f795551846018b16a88186d138f4d1601dcc044be1578d,10725,4.672499656677246,6501,1804,0.2010509967803955,0.24663899838924408,390.0,360.0
9,125491,125492,f05a63c724e9841451f795551846018b16a88186d138f4d1601dcc044be1578d,11116,9.579935073852539,5156,796,0.1494150012731552,0.32422900199890137,390.0,330.0
9,136633,136634,f05a63c724e9841451f795551846018b16a88186d138f4d1601dcc044be1578d,12089,3.7107086181640625,3533,530,0.1601880043745041,0.24088799953460693,390.0,330.0
9,141269,141270,f05a63c724e9841451f795551846018b16a88186d138f4d1601dcc044be1578d,12479,3.1227376461029053,1694,5685,0.23621100187301636,0.14779099822044373,360.0,390.0
9,149179,149180,f05a63c724e9841451f795551846018b16a88186d138f4d1601dcc044be1578d,13189,9.434486389160156,7414,325,0.15271399915218353,0.34284600615501404,390.0,300.0
9,159036,159037,f05a63c724e9841451f795551846018b16a88186d138f4d1601dcc044be1578d,14058,3.7230277061462402,3769,1499,0.1957930028438568,0.17009499669075012,390.0,360.0
9,160940,160941,f05a63c724e9841451f795551846018b16a88186d138f4d1601dcc044be1578d,14219,3.0489161014556885,4535,1613,0.19518299400806427,0.25543299317359924,390.0,360.0
9,174949,174950,f05a63c724e9841451f795551846018b16a88186d138f4d1601dcc044be1578d,15516,4.209759712219238,5335,1638,0.19392000138759613,0.17919200658798218,390.0,360.0
9,180374,180375,f05a63c724e9841451f795551846018b16a88186d138f4d1601dcc044be1578d,15978,4.1348042488098145,3225,1734,0.13572999835014343,0.21700899302959442,390.0,360.0
9,184490,184491,f05a63c724e9841451f795551846018b16a88186d138f4d1601dcc044be1578d,16319,5.52448034286499,1523,4577,0.0529244989156723,0.32278698682785034,360.0,390.0
9,192834,192835,f05a63c724e9841451f795551846018b16a88186d138f4d1601dcc044be1578d,17052,6.8986310958862305,4559,888,0.13658499717712402,0.3126409947872162,390.0,330.0
9,202830,202831,f05a63c724e9841451f795551846018b16a88186d138f4d1601dcc044be1578d,17907,3.4494903087615967,9742,867,0.15612900257110596,0.2385600060224533,390.0,330.0
9,208164,208165,f05a63c724e9841451f795551846018b16a88186d138f4d1601dcc044be1578d,18413,3.1822664737701416,1304,590,0.19562800228595734,0.2252970039844513,360.0,330.0
9,208703,208704,f05a63c724e9841451f795551846018b16a88186d138f4d1601dcc044be1578d,18460,8.156747817993164,8217,2059,0.12461599707603455,0.32169100642204285,390.0,360.0
9,211256,211257,f05a63c724e9841451f795551846018b16a88186d138f4d1601dcc044be1578d,18680,6.543370723724365,10059,508,0.15946699678897858,0.2641890048980713,390.0,300.0
9,213104,213105,f05a63c724e9841451f795551846018b16a88186d138f4d1601dcc044be1578d,18816,12.001642227172852,7642,777,0.07733669877052307,0.37305599451065063,390.0,330.0
9,214558,214559,f05a63c724e9841451f795551846018b16a88186d138f4d1601dcc044be1578d,18953,3.5344550609588623,8098,2024,0.1919959932565689,0.2538970112800598,390.0,360.0
9,214864,214865,f05a63c724e9841451f795551846018b16a88186d138f4d1601dcc044be1578d,18979,3.76778507232666,1624,781,0.19634300470352173,0.2364879995584488,360.0,330.0
9,220990,220991,f05a63c724e9841451f795551846018b16a88186d138f4d1601dcc044be1578d,19544,3.176499366760254,1028,7605,0.2562060058116913,0.11619400233030319,330.0,390.0
9,226332,226333,f05a63c724e9841451f795551846018b16a88186d138f4d1601dcc044be1578d,19977,3.231600046157837,8118,447,0.1786630004644394,0.2447970062494278,390.0,300.0
9,227245,227246,f05a63c724e9841451f795551846018b16a88186d138f4d1601dcc044be1578d,20049,6.96050500869751,4197,279,0.14487600326538086,0.28841298818588257,390.0,300.0
9,229505,229506,f05a63c724e9841451f795551846018b16a88186d138f4d1601dcc044be1578d,20249,3.755558490753174,6144,1649,0.15765300393104553,0.26736000180244446,390.0,360.0
9,229939,229940,f05a63c724e9841451f795551846018b16a88186d138f4d1601dcc044be1578d,20293,4.830141544342041,6753,1772,0.14479699730873108,0.28638699650764465,390.0,360.0
9,235822,235823,f05a63c724e9841451f795551846018b16a88186d138f4d1601dcc044be1578d,20796,4.035755634307861,6624,722,0.15106900036334991,0.3171980082988739,390.0,330.0
9,243160,243161,f05a63c724e9841451f795551846018b16a88186d138f4d1601dcc044be1578d,21416,3.5034947395324707,6517,845,0.18034499883651733,0.19021600484848022,390.0,330.0
9,246721,246722,f05a63c724e9841451f795551846018b16a88186d138f4d1601dcc044be1578d,21747,6.476136684417725,1871,967,0.15741300582885742,0.25760701298713684,360.0,330.0
9,251163,251164,f05a63c724e9841451f795551846018b16a88186d138f4d1601dcc044be1578d,22117,3.543729543685913,6877,1838,0.2054080069065094,0.17067599296569824,390.0,360.0
9,258172,258173,f05a63c724e9841451f795551846018b16a88186d138f4d1601dcc044be1578d,22680,3.325369119644165,7017,955,0.2147819995880127,0.14574900269508362,390.0,330.0
9,280680,280681,f05a63c724e9841451f795551846018b16a88186d138f4d1601dcc044be1578d,24711,4.040744781494141,1598,4646,0.205717995762825,0.22039799392223358,360.0,390.0
9,281959,281960,f05a63c724e9841451f795551846018b16a88186d138f4d1601dcc044be1578d,24830,3.2714414596557617,7716,1995,0.17795300483703613,0.2679159939289093,390.0,360.0
10,59,60,800f07d63d481b3a1732fb114834dbbfa1d28ed08556031faa1893455fd0ba25,2,8.978169441223145,9128,419,0.13875000178813934,0.25468599796295166,390.0,300.0
10,341,342,800f07d63d481b3a1732fb114834dbbfa1d28ed08556031faa1893455fd0ba25,27,3.8112974166870117,852,222,0.19775499403476715,0.2514210045337677,330.0,300.0
10,3425,3426,800f07d63d481b3a1732fb114834dbbfa1d28ed08556031faa1893455fd0ba25,280,4.212880611419678,2273,1212,0.1930360049009323,0.18665799498558044,360.0,330.0
10,4589,4590,800f07d63d481b3a1732fb114834dbbfa1d28ed08556031faa1893455fd0ba25,394,4.2448015213012695,8741,2164,0.1351580023765564,0.2906480133533478,390.0,360.0
10,4780,4781,800f07d63d481b3a1732fb114834dbbfa1d28ed08556031faa1893455fd0ba25,414,3.0975818634033203,964,235,0.11985199898481369,0.31161800026893616,330.0,300.0
10,8119,8120,800f07d63d481b3a1732fb114834dbbfa1d28ed08556031faa1893455fd0ba25,724,3.7553563117980957,1861,258,0.19713599979877472,0.17433199286460876,360.0,300.0
10,10293,10294,800f07d63d481b3a1732fb114834dbbfa1d28ed08556031faa1893455fd0ba25,922,3.130617618560791,837,1649,0.2317200005054474,0.13242700695991516,330.0,360.0
10,11529,11530,800f07d63d481b3a1732fb114834dbbfa1d28ed08556031faa1893455fd0ba25,1020,4.381672382354736,2717,48,0.19282199442386627,0.1835010051727295,390.0,300.0
10,11904,11905,800f07d63d481b3a1732fb114834dbbfa1d28ed08556031faa1893455fd0ba25,1056,3.987565755844116,6760,1694,0.14361199736595154,0.2708449959754944,390.0,360.0
10,12887,12888,800f07d63d481b3a1732fb114834dbbfa1d28ed08556031faa1893455fd0ba25,1141,3.478227376937866,571,23,0.1639380007982254,0.22676199674606323,330.0,300.0
10,14852,14853,800f07d63d481b3a1732fb114834dbbfa1d28ed08556031faa1893455fd0ba25,1299,3.156418800354004,6272,1789,0.19927600026130676,0.21338699758052826,390.0,360.0
10,27460,27461,800f07d63d481b3a1732fb114834dbbfa1d28ed08556031faa1893455fd0ba25,2407,4.1613078117370605,5280,1651,0.1719149947166443,0.21167799830436707,390.0,360.0
10,28223,28224,800f07d63d481b3a1732fb114834dbbfa1d28ed08556031faa1893455fd0ba25,2483,4.36985445022583,2138,399,0.2029850035905838,0.14872600138187408,360.0,300.0
10,34455,34456,800f07d63d481b3a1732fb114834dbbfa1d28ed08556031faa1893455fd0ba25,3047,8.462479591369629,2797,1373,0.15987299382686615,0.21500399708747864,390.0,360.0
10,35673,35674,800f07d63d481b3a1732fb114834dbbfa1d28ed08556031faa1893455fd0ba25,3164,3.646249532699585,6971,1004,0.19327500462532043,0.1649329960346222,390.0,330.0
10,44951,44952,800f07d63d481b3a1732fb114834dbbfa1d28ed08556031faa1893455fd0ba25,4002,6.126588821411133,2190,1179,0.1779550015926361,0.1923850029706955,360.0,330.0
10,45376,45377,800f07d63d481b3a1732fb114834dbbfa1d28ed08556031faa1893455fd0ba25,4039,3.632434606552124,1370,2665,0.27174699306488037,0.18858300149440765,360.0,390.0
10,52062,52063,800f07d63d481b3a1732fb114834dbbfa1d28ed08556031faa1893455fd0ba25,4601,3.7338569164276123,5240,1661,0.2105810046195984,0.20778299868106842,390.0,360.0
10,52813,52814,800f07d63d481b3a1732fb114834dbbfa1d28ed08556031faa1893455fd0ba25,4668,3.159910202026367,8747,2046,0.20239000022411346,0.22219200432300568,390.0,360.0
10,55838,55839,800f07d63d481b3a1732fb114834dbbfa1d28ed08556031faa1893455fd0ba25,4946,3.0036680698394775,7101,902,0.20244100689888,0.19371099770069122,390.0,330.0
10,56423,56424,800f07d63d481b3a1732fb114834dbbfa1d28ed08556031faa1893455fd0ba25,4997,11.563358306884766,8599,1093,0.14147800207138062,0.28520798683166504,390.0,330.0
10,56960,56961,800f07d63d481b3a1732fb114834dbbfa1d28ed08556031faa1893455fd0ba25,5045,6.918088912963867,4802,239,0.1605139970779419,0.2639409899711609,390.0,300.0
10,57027,57028,800f07d63d481b3a1732fb114834dbbfa1d28ed08556031faa1893455fd0ba25,5048,3.313815116882324,4688,1603,0.19641099870204926,0.186707004904747,390.0,360.0
10,60206,60207,800f07d63d481b3a1732fb114834dbbfa1d28ed08556031faa1893455fd0ba25,5316,3.6890571117401123,3719,520,0.15246699750423431,0.2809849977493286,390.0,330.0
10,61439,61440,800f07d63d481b3a1732fb114834dbbfa1d28ed08556031faa1893455fd0ba25,5443,3.024088144302368,7958,2054,0.17327800393104553,0.2737079858779907,390.0,360.0
10,90539,90540,800f07d63d481b3a1732fb114834dbbfa1d28ed08556031faa1893455fd0ba25,7999,3.2460289001464844,6942,1855,0.1984959989786148,0.2484849989414215,390.0,360.0
10,93960,93961,800f07d63d481b3a1732fb114834dbbfa1d28ed08556031faa1893455fd0ba25,8319,6.3863630294799805,4001,186,0.1730780005455017,0.2494560033082962,390.0,300.0
10,95655,95656,800f07d63d481b3a1732fb114834dbbfa1d28ed08556031faa1893455fd0ba25,8473,5.441215515136719,2212,1074,0.1445769965648651,0.22575199604034424,360.0,330.0
10,97199,97200,800f07d63d481b3a1732fb114834dbbfa1d28ed08556031faa1893455fd0ba25,8596,5.254325866699219,5760,1671,0.15542499721050262,0.22042499482631683,390.0,360.0
10,98808,98809,800f07d63d481b3a1732fb114834dbbfa1d28ed08556031faa1893455fd0ba25,8740,3.7229762077331543,5906,1748,0.20415900647640228,0.2121810019016266,390.0,360.0
10,101907,101908,800f07d63d481b3a1732fb114834dbbfa1d28ed08556031faa1893455fd0ba25,9037,4.465612411499023,3256,823,0.16196399927139282,0.23955699801445007,390.0,330.0
10,106020,106021,800f07d63d481b3a1732fb114834dbbfa1d28ed08556031faa1893455fd0ba25,9425,3.2983853816986084,1745,894,0.175368994474411,0.24913400411605835,360.0,330.0
10,108800,108801,800f07d63d481b3a1732fb114834dbbfa1d28ed08556031faa1893455fd0ba25,9635,3.072744607925415,7900,1897,0.1890539973974228,0.24285799264907837,390.0,360.0
10,110095,110096,800f07d63d481b3a1732fb114834dbbfa1d28ed08556031faa1893455fd0ba25,9782,3.0192198753356934,4486,1523,0.19816100597381592,0.19894500076770782,390.0,360.0
10,111028,111029,800f07d63d481b3a1732fb114834dbbfa1d28ed08556031faa1893455fd0ba25,9876,3.671692132949829,1421,2966,0.07114280015230179,0.37220999598503113,360.0,390.0
10,114807,114808,800f07d63d481b3a1732fb114834dbbfa1d28ed08556031faa1893455fd0ba25,10228,3.934357166290283,8695,289,0.18578800559043884,0.2212499976158142,390.0,300.0
10,115723,115724,800f07d63d481b3a1732fb114834dbbfa1d28ed08556031faa1893455fd0ba25,10306,4.73635196685791,6992,1865,0.20240500569343567,0.18014299869537354,390.0,360.0
10,121932,121933,800f07d63d481b3a1732fb114834dbbfa1d28ed08556031faa1893455fd0ba25,10881,3.4935150146484375,1793,7066,0.07919110357761383,0.3109549880027771,360.0,390.0
10,127758,127759,800f07d63d481b3a1732fb114834dbbfa1d28ed08556031faa1893455fd0ba25,11380,6.782711505889893,7453,1000,0.1764020025730133,0.255856990814209,390.0,330.0
10,133315,133316,800f07d63d481b3a1732fb114834dbbfa1d28ed08556031faa1893455fd0ba25,11880,3.364847421646118,6564,785,0.16438999772071838,0.3035080134868622,390.0,330.0
10,135650,135651,800f07d63d481b3a1732fb114834dbbfa1d28ed08556031faa1893455fd0ba25,12079,3.7974798679351807,6450,1790,0.2062849998474121,0.24011200666427612,390.0,360.0
10,136719,136720,800f07d63d481b3a1732fb114834dbbfa1d28ed08556031faa1893455fd0ba25,12189,6.462315082550049,6417,1653,0.11626499891281128,0.3201560080051422,390.0,360.0
10,141628,141629,800f07d63d481b3a1732fb114834dbbfa1d28ed08556031faa1893455fd0ba25,12654,4.3504838943481445,6562,1826,0.18015900254249573,0.274524986743927,390.0,360.0
10,142921,142922,800f07d63d481b3a1732fb114834dbbfa1d28ed08556031faa1893455fd0ba25,12779,3.2437000274658203,9305,2152,0.2039950042963028,0.1800519973039627,390.0,360.0
10,148019,148020,800f07d63d481b3a1732fb114834dbbfa1d28ed08556031faa1893455fd0ba25,13204,5.3964362144470215,7265,1966,0.14003999531269073,0.2998819947242737,390.0,360.0
10,157639,157640,800f07d63d481b3a1732fb114834dbbfa1d28ed08556031faa1893455fd0ba25,14041,8.638871192932129,915,273,0.13257500529289246,0.31863901019096375,330.0,300.0
10,163494,163495,800f07d63d481b3a1732fb114834dbbfa1d28ed08556031faa1893455fd0ba25,14560,3.1991398334503174,9828,1074,0.19383099675178528,0.2318899929523468,390.0,330.0
10,176922,176923,800f07d63d481b3a1732fb114834dbbfa1d28ed08556031faa1893455fd0ba25,15777,3.4887783527374268,827,5236,0.2333730012178421,0.24090799689292908,330.0,390.0
10,187176,187177,800f07d63d481b3a1732fb114834dbbfa1d28ed08556031faa1893455fd0ba25,16681,4.7686944007873535,2251,5823,0.06162770092487335,0.34059199690818787,360.0,390.0
10,193998,193999,800f07d63d481b3a1732fb114834dbbfa1d28ed08556031faa1893455fd0ba25,17277,4.469435691833496,8895,2279,0.12342599779367447,0.31376099586486816,390.0,360.0
10,204313,204314,800f07d63d481b3a1732fb114834dbbfa1d28ed08556031faa1893455fd0ba25,18186,5.384035587310791,7035,289,0.1940860003232956,0.18771399557590485,390.0,300.0
10,206854,206855,800f07d63d481b3a1732fb114834dbbfa1d28ed08556031faa1893455fd0ba25,18431,3.9180407524108887,6096,281,0.19521300494670868,0.1774819940328598,390.0,300.0
10,207926,207927,800f07d63d481b3a1732fb114834dbbfa1d28ed08556031faa1893455fd0ba25,18533,3.163069009780884,6896,1801,0.1787469983100891,0.19135800004005432,390.0,360.0
10,213707,213708,800f07d63d481b3a1732fb114834dbbfa1d28ed08556031faa1893455fd0ba25,19061,4.0069990158081055,3227,545,0.16955099999904633,0.2848069965839386,390.0,330.0
10,215437,215438,800f07d63d481b3a1732fb114834dbbfa1d28ed08556031faa1893455fd0ba25,19230,10.305617332458496,958,1951,0.0640598013997078,0.36486300826072693,330.0,360.0
10,215837,215838,800f07d63d481b3a1732fb114834dbbfa1d28ed08556031faa1893455fd0ba25,19261,5.255157947540283,8869,1979,0.14359499514102936,0.26837798953056335,390.0,360.0
10,222125,222126,800f07d63d481b3a1732fb114834dbbfa1d28ed08556031faa1893455fd0ba25,19826,10.258281707763672,3954,214,0.1339689940214157,0.3277139961719513,390.0,300.0
10,233380,233381,800f07d63d481b3a1732fb114834dbbfa1d28ed08556031faa1893455fd0ba25,20812,4.265026569366455,4364,913,0.15946200489997864,0.26581400632858276,390.0,330.0
10,234605,234606,800f07d63d481b3a1732fb114834dbbfa1d28ed08556031faa1893455fd0ba25,20927,4.037649154663086,1030,2001,0.05338430032134056,0.4444490075111389,330.0,360.0
10,237351,237352,800f07d63d481b3a1732fb114834dbbfa1d28ed08556031faa1893455fd0ba25,21159,8.876014709472656,1779,613,0.05249140039086342,0.40766799449920654,360.0,330.0
10,237629,237630,800f07d63d481b3a1732fb114834dbbfa1d28ed08556031faa1893455fd0ba25,21191,4.093746185302734,2397,605,0.19474999606609344,0.2295829951763153,390.0,330.0
10,244714,244715,800f07d63d481b3a1732fb114834dbbfa1d28ed08556031faa1893455fd0ba25,21819,9.47028636932373,839,280,0.08153980225324631,0.3471980094909668,330.0,300.0
10,246878,246879,800f07d63d481b3a1732fb114834dbbfa1d28ed08556031faa1893455fd0ba25,22000,4.353914260864258,8120,1074,0.1904270052909851,0.26221299171447754,390.0,330.0
10,248233,248234,800f07d63d481b3a1732fb114834dbbfa1d28ed08556031faa1893455fd0ba25,22100,5.068852424621582,6539,1633,0.11199499666690826,0.3188439905643463,390.0,360.0
10,255924,255925,800f07d63d481b3a1732fb114834dbbfa1d28ed08556031faa1893455fd0ba25,22795,4.429007053375244,3372,1389,0.17373700439929962,0.24619099497795105,390.0,360.0
10,274062,274063,800f07d63d481b3a1732fb114834dbbfa1d28ed08556031faa1893455fd0ba25,24460,3.186511993408203,329,1007,0.21671199798583984,0.145564004778862,300.0,330.0
10,275749,275750,800f07d63d481b3a1732fb114834dbbfa1d28ed08556031faa1893455fd0ba25,24619,3.1557958126068115,280,7188,0.22934900224208832,0.1625860035419464,300.0,390.0
10,275938,275939,800f07d63d481b3a1732fb114834dbbfa1d28ed08556031faa1893455fd0ba25,24637,3.359293222427368,3125,585,0.20140999555587769,0.19553500413894653,390.0,330.0
10,278541,278542,800f07d63d481b3a1732fb114834dbbfa1d28ed08556031faa1893455fd0ba25,24879,3.15999174118042,1396,6582,0.07359399646520615,0.34359198808670044,360.0,390.0
11,1089,1090,14ad01263b455740a391d4736d534e030c8e7e5025f383e2c99467af927b85bd,104,4.698487281799316,10214,2155,0.17249299585819244,0.24848900735378265,390.0,360.0
11,4573,4574,14ad01263b455740a391d4736d534e030c8e7e5025f383e2c99467af927b85bd,418,12.066618919372559,1323,556,0.12111900001764297,0.3191950023174286,360.0,330.0
11,5488,5489,14ad01263b455740a391d4736d534e030c8e7e5025f383e2c99467af927b85bd,486,3.946181058883667,2407,1406,0.1610880047082901,0.24783800542354584,390.0,360.0
11,10278,10279,14ad01263b455740a391d4736d534e030c8e7e5025f383e2c99467af927b85bd,924,8.936986923217773,1160,450,0.1161620020866394,0.24771399796009064,330.0,300.0
11,13863,13864,14ad01263b455740a391d4736d534e030c8e7e5025f383e2c99467af927b85bd,1243,3.4205145835876465,4591,1302,0.11071699857711792,0.32111701369285583,390.0,360.0
11,14700,14701,14ad01263b455740a391d4736d534e030c8e7e5025f383e2c99467af927b85bd,1309,3.2577128410339355,1555,4209,0.05301409959793091,0.4075089991092682,360.0,390.0
11,15906,15907,14ad01263b455740a391d4736d534e030c8e7e5025f383e2c99467af927b85bd,1415,3.6148486137390137,9826,1191,0.200764000415802,0.23396499454975128,390.0,330.0
11,20264,20265,14ad01263b455740a391d4736d534e030c8e7e5025f383e2c99467af927b85bd,1840,3.519556999206543,3261,1471,0.1946450024843216,0.16902899742126465,390.0,360.0
11,21804,21805,14ad01263b455740a391d4736d534e030c8e7e5025f383e2c99467af927b85bd,1954,5.31901741027832,9064,2011,0.15699400007724762,0.2687070071697235,390.0,360.0
11,70507,70508,14ad01263b455740a391d4736d534e030c8e7e5025f383e2c99467af927b85bd,6255,4.468841075897217,9938,2117,0.17030400037765503,0.25060099363327026,390.0,360.0
11,75782,75783,14ad01263b455740a391d4736d534e030c8e7e5025f383e2c99467af927b85bd,6714,12.930611610412598,7071,1813,0.0754941999912262,0.34553301334381104,390.0,360.0
11,83297,83298,14ad01263b455740a391d4736d534e030c8e7e5025f383e2c99467af927b85bd,7411,4.21755838394165,4120,156,0.1908479928970337,0.18275600671768188,390.0,300.0
11,96353,96354,14ad01263b455740a391d4736d534e030c8e7e5025f383e2c99467af927b85bd,8631,7.49288272857666,1417,641,0.15950199961662292,0.2845830023288727,360.0,330.0
11,97250,97251,14ad01263b455740a391d4736d534e030c8e7e5025f383e2c99467af927b85bd,8712,3.1303484439849854,8369,1934,0.1721699982881546,0.24422599375247955,390.0,360.0
11,104897,104898,14ad01263b455740a391d4736d534e030c8e7e5025f383e2c99467af927b85bd,9370,6.896664142608643,4119,1114,0.104482002556324,0.3538309931755066,390.0,330.0
11,112035,112036,14ad01263b455740a391d4736d534e030c8e7e5025f383e2c99467af927b85bd,10017,5.277797698974609,8183,891,0.15190300345420837,0.2728399932384491,390.0,330.0
11,112140,112141,14ad01263b455740a391d4736d534e030c8e7e5025f383e2c99467af927b85bd,10024,3.7156732082366943,403,2136,0.22483499348163605,0.14709000289440155,300.0,360.0
11,113045,113046,14ad01263b455740a391d4736d534e030c8e7e5025f383e2c99467af927b85bd,10117,3.0579030513763428,7566,1943,0.19464099407196045,0.2369150072336197,390.0,360.0
11,114770,114771,14ad01263b455740a391d4736d534e030c8e7e5025f383e2c99467af927b85bd,10266,4.687431335449219,9221,2147,0.18668100237846375,0.20778900384902954,390.0,360.0
11,118924,118925,14ad01263b455740a391d4736d534e030c8e7e5025f383e2c99467af927b85bd,10630,3.39039945602417,2179,1092,0.17325399816036224,0.2246749997138977,360.0,330.0
11,125536,125537,14ad01263b455740a391d4736d534e030c8e7e5025f383e2c99467af927b85bd,11190,4.40079927444458,3474,1419,0.16017700731754303,0.2570109963417053,390.0,360.0
11,129462,129463,14ad01263b455740a391d4736d534e030c8e7e5025f383e2c99467af927b85bd,11534,4.623847007751465,2208,1247,0.14657099545001984,0.2348870038986206,360.0,330.0
11,135111,135112,14ad01263b455740a391d4736d534e030c8e7e5025f383e2c99467af927b85bd,12065,3.8805601596832275,753,169,0.17941699922084808,0.25253400206565857,330.0,300.0
11,139461,139462,14ad01263b455740a391d4736d534e030c8e7e5025f383e2c99467af927b85bd,12495,12.70417594909668,7376,960,0.13540899753570557,0.297311007976532,390.0,330.0
11,139615,139616,14ad01263b455740a391d4736d534e030c8e7e5025f383e2c99467af927b85bd,12509,7.152513027191162,6434,1902,0.11920599639415741,0.34365999698638916,390.0,360.0
11,141364,141365,14ad01263b455740a391d4736d534e030c8e7e5025f383e2c99467af927b85bd,12656,4.600893020629883,2227,1193,0.1789110004901886,0.1772489994764328,360.0,330.0
11,142033,142034,14ad01263b455740a391d4736d534e030c8e7e5025f383e2c99467af927b85bd,12720,3.560884475708008,5647,1636,0.1785140037536621,0.2428310066461563,390.0,360.0
11,147198,147199,14ad01263b455740a391d4736d534e030c8e7e5025f383e2c99467af927b85bd,13165,4.456744194030762,7801,998,0.1905360072851181,0.2587130069732666,390.0,330.0
11,152021,152022,14ad01263b455740a391d4736d534e030c8e7e5025f383e2c99467af927b85bd,13587,4.089685916900635,3519,282,0.16955600678920746,0.2654210031032562,390.0,300.0
11,161128,161129,14ad01263b455740a391d4736d534e030c8e7e5025f383e2c99467af927b85bd,14375,6.893544673919678,2216,10282,0.06444060057401657,0.3538370132446289,360.0,390.0
11,171167,171168,14ad01263b455740a391d4736d534e030c8e7e5025f383e2c99467af927b85bd,15277,3.455618381500244,1984,7955,0.05671299993991852,0.3929550051689148,360.0,390.0
11,172420,172421,14ad01263b455740a391d4736d534e030c8e7e5025f383e2c99467af927b85bd,15389,4.825581073760986,5793,1656,0.16707800328731537,0.2786650061607361,390.0,360.0
11,179422,179423,14ad01263b455740a391d4736d534e030c8e7e5025f383e2c99467af927b85bd,16060,4.052925109863281,2924,604,0.20485299825668335,0.24682199954986572,390.0,330.0
11,180069,180070,14ad01263b455740a391d4736d534e030c8e7e5025f383e2c99467af927b85bd,16109,8.063164710998535,6115,1751,0.15675599873065948,0.2454729974269867,390.0,360.0
11,182490,182491,14ad01263b455740a391d4736d534e030c8e7e5025f383e2c99467af927b85bd,16338,6.915832042694092,4329,1754,0.11206900328397751,0.35047098994255066,390.0,360.0
11,190573,190574,14ad01263b455740a391d4736d534e030c8e7e5025f383e2c99467af927b85bd,17030,9.296096801757812,9514,2042,0.11849299818277359,0.26179200410842896,390.0,360.0
11,194388,194389,14ad01263b455740a391d4736d534e030c8e7e5025f383e2c99467af927b85bd,17410,5.1436052322387695,4082,1784,0.12247499823570251,0.31321799755096436,390.0,360.0
11,194546,194547,14ad01263b455740a391d4736d534e030c8e7e5025f383e2c99467af927b85bd,17423,4.740109443664551,9706,2140,0.18402700126171112,0.27103400230407715,390.0,360.0
11,200065,200066,14ad01263b455740a391d4736d534e030c8e7e5025f383e2c99467af927b85bd,17903,3.490041971206665,824,1654,0.21865500509738922,0.1460680067539215,330.0,360.0
11,204169,204170,14ad01263b455740a391d4736d534e030c8e7e5025f383e2c99467af927b85bd,18249,7.508321285247803,7219,986,0.16212999820709229,0.29504600167274475,390.0,330.0
11,204460,204461,14ad01263b455740a391d4736d534e030c8e7e5025f383e2c99467af927b85bd,18275,3.371058225631714,9298,2150,0.2025730013847351,0.2119549959897995,390.0,360.0
11,207220,207221,14ad01263b455740a391d4736d534e030c8e7e5025f383e2c99467af927b85bd,18554,4.367976665496826,1006,7341,0.07156089693307877,0.2891170084476471,330.0,390.0
11,218059,218060,14ad01263b455740a391d4736d534e030c8e7e5025f383e2c99467af927b85bd,19553,5.634023666381836,1518,3791,0.07291460037231445,0.33249300718307495,360.0,390.0
11,231124,231125,14ad01263b455740a391d4736d534e030c8e7e5025f383e2c99467af927b85bd,20700,9.608410835266113,4012,1497,0.14907200634479523,0.2928380072116852,390.0,360.0
11,235518,235519,14ad01263b455740a391d4736d534e030c8e7e5025f383e2c99467af927b85bd,21085,3.8114571571350098,5649,1814,0.15659500658512115,0.2915329933166504,390.0,360.0
11,242111,242112,14ad01263b455740a391d4736d534e030c8e7e5025f383e2c99467af927b85bd,21673,4.547940254211426,1746,898,0.17717599868774414,0.25561898946762085,360.0,330.0
11,254446,254447,14ad01263b455740a391d4736d534e030c8e7e5025f383e2c99467af927b85bd,22770,4.296473503112793,4136,740,0.19870400428771973,0.23516899347305298,390.0,330.0
11,264699,264700,14ad01263b455740a391d4736d534e030c8e7e5025f383e2c99467af927b85bd,23680,7.038687705993652,6675,912,0.18020500242710114,0.22292299568653107,390.0,330.0
11,267256,267257,14ad01263b455740a391d4736d534e030c8e7e5025f383e2c99467af927b85bd,23924,5.658987045288086,6994,1739,0.12835800647735596,0.28857800364494324,390.0,360.0
11,275473,275474,14ad01263b455740a391d4736d534e030c8e7e5025f383e2c99467af927b85bd,24634,6.323347091674805,1679,813,0.16604100167751312,0.18556299805641174,360.0,330.0
12,1451,1452,a3b420a60397a55fc6d2531326185c5bf1282f0a01b2b5c073ff68b59329f99b,136,7.458444595336914,1074,350,0.13413099944591522,0.22117699682712555,330.0,300.0
12,11769,11770,a3b420a60397a55fc6d2531326185c5bf1282f0a01b2b5c073ff68b59329f99b,1008,3.131387233734131,1973,8098,0.2287999987602234,0.2588079869747162,360.0,390.0
12,12436,12437,a3b420a60397a55fc6d2531326185c5bf1282f0a01b2b5c073ff68b59329f99b,1067,4.660372257232666,7921,1901,0.16572099924087524,0.28070199489593506,390.0,360.0
12,16427,16428,a3b420a60397a55fc6d2531326185c5bf1282f0a01b2b5c073ff68b59329f99b,1415,4.63256311416626,1580,4425,0.21765699982643127,0.19914600253105164,360.0,390.0
12,18584,18585,a3b420a60397a55fc6d2531326185c5bf1282f0a01b2b5c073ff68b59329f99b,1603,3.2240586280822754,1319,593,0.19008900225162506,0.23176400363445282,360.0,330.0
12,20204,20205,a3b420a60397a55fc6d2531326185c5bf1282f0a01b2b5c073ff68b59329f99b,1747,3.2421417236328125,3492,1498,0.19579100608825684,0.22673900425434113,390.0,360.0
12,21990,21991,a3b420a60397a55fc6d2531326185c5bf1282f0a01b2b5c073ff68b59329f99b,1896,7.784757137298584,6784,1968,0.11092200130224228,0.2997739911079407,390.0,360.0
12,31985,31986,a3b420a60397a55fc6d2531326185c5bf1282f0a01b2b5c073ff68b59329f99b,2783,3.887571334838867,6019,1667,0.17055200040340424,0.20672500133514404,390.0,360.0
12,36824,36825,a3b420a60397a55fc6d2531326185c5bf1282f0a01b2b5c073ff68b59329f99b,3222,4.170423984527588,4538,1572,0.198745995759964,0.20689600706100464,390.0,360.0
12,41674,41675,a3b420a60397a55fc6d2531326185c5bf1282f0a01b2b5c073ff68b59329f99b,3637,4.037240982055664,9135,2170,0.16993199288845062,0.18616999685764313,390.0,360.0
12,42171,42172,a3b420a60397a55fc6d2531326185c5bf1282f0a01b2b5c073ff68b59329f99b,3678,3.7981035709381104,7667,1962,0.18328499794006348,0.20116999745368958,390.0,360.0
12,44719,44720,a3b420a60397a55fc6d2531326185c5bf1282f0a01b2b5c073ff68b59329f99b,3911,4.811532020568848,4003,1512,0.19355599582195282,0.26339900493621826,390.0,360.0
12,44783,44784,a3b420a60397a55fc6d2531326185c5bf1282f0a01b2b5c073ff68b59329f99b,3922,5.054143905639648,6022,802,0.17799699306488037,0.2585510015487671,390.0,330.0
12,47382,47383,a3b420a60397a55fc6d2531326185c5bf1282f0a01b2b5c073ff68b59329f99b,4173,6.175319194793701,2748,551,0.17295999825000763,0.24097000062465668,390.0,330.0
12,48101,48102,a3b420a60397a55fc6d2531326185c5bf1282f0a01b2b5c073ff68b59329f99b,4244,6.618799686431885,8976,2033,0.1299230009317398,0.25004300475120544,390.0,360.0
12,58694,58695,a3b420a60397a55fc6d2531326185c5bf1282f0a01b2b5c073ff68b59329f99b,5173,3.4933276176452637,109,1408,0.24925899505615234,0.12160400301218033,300.0,360.0
12,69177,69178,a3b420a60397a55fc6d2531326185c5bf1282f0a01b2b5c073ff68b59329f99b,6074,6.8878068923950195,3725,1527,0.15918099880218506,0.31685200333595276,390.0,360.0
12,73164,73165,a3b420a60397a55fc6d2531326185c5bf1282f0a01b2b5c073ff68b59329f99b,6445,3.1295411586761475,5176,737,0.19045299291610718,0.221437007188797,390.0,330.0
12,73617,73618,a3b420a60397a55fc6d2531326185c5bf1282f0a01b2b5c073ff68b59329f99b,6494,11.939431190490723,8248,422,0.11152400076389313,0.3178020119667053,390.0,300.0
12,81048,81049,a3b420a60397a55fc6d2531326185c5bf1282f0a01b2b5c073ff68b59329f99b,7147,3.2163805961608887,134,722,0.09010650217533112,0.26238399744033813,300.0,330.0
12,84798,84799,a3b420a60397a55fc6d2531326185c5bf1282f0a01b2b5c073ff68b59329f99b,7487,5.735972881317139,10481,2066,0.13001300394535065,0.2209700047969818,390.0,360.0
12,93119,93120,a3b420a60397a55fc6d2531326185c5bf1282f0a01b2b5c073ff68b59329f99b,8240,11.120250701904297,5037,1664,0.0945873036980629,0.36139699816703796,390.0,360.0
12,97583,97584,a3b420a60397a55fc6d2531326185c5bf1282f0a01b2b5c073ff68b59329f99b,8616,3.865588665008545,6540,904,0.18740800023078918,0.2673240005970001,390.0,330.0
12,119803,119804,a3b420a60397a55fc6d2531326185c5bf1282f0a01b2b5c073ff68b59329f99b,10632,3.08701229095459,9400,2186,0.18086299300193787,0.23794299364089966,390.0,360.0
12,127028,127029,a3b420a60397a55fc6d2531326185c5bf1282f0a01b2b5c073ff68b59329f99b,11231,3.1162121295928955,2013,263,0.17807400226593018,0.2274779975414276,360.0,300.0
12,151051,151052,a3b420a60397a55fc6d2531326185c5bf1282f0a01b2b5c073ff68b59329f99b,13321,4.240245819091797,853,5617,0.2441439926624298,0.18457600474357605,330.0,390.0
12,151245,151246,a3b420a60397a55fc6d2531326185c5bf1282f0a01b2b5c073ff68b59329f99b,13340,5.563643932342529,10444,1232,0.1961120069026947,0.1562570035457611,390.0,330.0
12,157646,157647,a3b420a60397a55fc6d2531326185c5bf1282f0a01b2b5c073ff68b59329f99b,13894,3.118074655532837,1113,2146,0.26112100481987,0.12801499664783478,330.0,360.0
12,158411,158412,a3b420a60397a55fc6d2531326185c5bf1282f0a01b2b5c073ff68b59329f99b,13964,5.182340621948242,9484,1069,0.17893299460411072,0.24068599939346313,390.0,330.0
12,158472,158473,a3b420a60397a55fc6d2531326185c5bf1282f0a01b2b5c073ff68b59329f99b,13973,11.145662307739258,4427,1557,0.12906500697135925,0.33820199966430664,390.0,360.0
12,160783,160784,a3b420a60397a55fc6d2531326185c5bf1282f0a01b2b5c073ff68b59329f99b,14179,3.084357738494873,2176,9471,0.1814669966697693,0.19408799707889557,360.0,390.0
12,165165,165166,a3b420a60397a55fc6d2531326185c5bf1282f0a01b2b5c073ff68b59329f99b,14563,3.577049970626831,3266,600,0.19710099697113037,0.261229008436203,390.0,330.0
12,167584,167585,a3b420a60397a55fc6d2531326185c5bf1282f0a01b2b5c073ff68b59329f99b,14763,5.070104122161865,1631,5396,0.07936780154705048,0.34526199102401733,360.0,390.0
12,174668,174669,a3b420a60397a55fc6d2531326185c5bf1282f0a01b2b5c073ff68b59329f99b,15430,4.277400016784668,7195,1963,0.15656599402427673,0.2879369854927063,390.0,360.0
12,175884,175885,a3b420a60397a55fc6d2531326185c5bf1282f0a01b2b5c073ff68b59329f99b,15541,3.758347749710083,7985,1949,0.19851000607013702,0.2024500072002411,390.0,360.0
12,176443,176444,a3b420a60397a55fc6d2531326185c5bf1282f0a01b2b5c073ff68b59329f99b,15600,3.032463550567627,5062,1619,0.21268199384212494,0.18720799684524536,390.0,360.0
12,181247,181248,a3b420a60397a55fc6d2531326185c5bf1282f0a01b2b5c073ff68b59329f99b,16020,5.064051628112793,7609,1971,0.1498129963874817,0.25008299946784973,390.0,360.0
12,185348,185349,a3b420a60397a55fc6d2531326185c5bf1282f0a01b2b5c073ff68b59329f99b,16365,3.710536241531372,910,247,0.16235199570655823,0.2092210054397583,330.0,300.0
12,193464,193465,a3b420a60397a55fc6d2531326185c5bf1282f0a01b2b5c073ff68b59329f99b,17062,3.1413826942443848,4878,835,0.19045500457286835,0.2082650065422058,390.0,330.0
12,208604,208605,a3b420a60397a55fc6d2531326185c5bf1282f0a01b2b5c073ff68b59329f99b,18488,3.546144723892212,765,267,0.11753799766302109,0.30525198578834534,330.0,300.0
12,215102,215103,a3b420a60397a55fc6d2531326185c5bf1282f0a01b2b5c073ff68b59329f99b,19088,3.2775919437408447,7383,2028,0.1465200036764145,0.2649959921836853,390.0,360.0
12,223426,223427,a3b420a60397a55fc6d2531326185c5bf1282f0a01b2b5c073ff68b59329f99b,19832,4.218133926391602,3866,212,0.1863279938697815,0.18151900172233582,390.0,300.0
12,225474,225475,a3b420a60397a55fc6d2531326185c5bf1282f0a01b2b5c073ff68b59329f99b,20006,3.0220558643341064,2147,9216,0.11481299996376038,0.2680160105228424,360.0,390.0
12,231971,231972,a3b420a60397a55fc6d2531326185c5bf1282f0a01b2b5c073ff68b59329f99b,20584,9.356806755065918,1382,765,0.09954269975423813,0.33896398544311523,360.0,330.0
12,233144,233145,a3b420a60397a55fc6d2531326185c5bf1282f0a01b2b5c073ff68b59329f99b,20700,10.844754219055176,1595,780,0.1277189999818802,0.28247401118278503,360.0,330.0
12,233770,233771,a3b420a60397a55fc6d2531326185c5bf1282f0a01b2b5c073ff68b59329f99b,20755,7.560212135314941,9686,2184,0.16089800000190735,0.2634109854698181,390.0,360.0
12,234179,234180,a3b420a60397a55fc6d2531326185c5bf1282f0a01b2b5c073ff68b59329f99b,20806,5.3541436195373535,2795,581,0.18623900413513184,0.2464209944009781,390.0,330.0
12,239214,239215,a3b420a60397a55fc6d2531326185c5bf1282f0a01b2b5c073ff68b59329f99b,21278,4.3025031089782715,7025,1893,0.15844500064849854,0.3324199914932251,390.0,360.0
12,253630,253631,a3b420a60397a55fc6d2531326185c5bf1282f0a01b2b5c073ff68b59329f99b,22614,7.637379169464111,8389,2040,0.14686499536037445,0.2466370016336441,390.0,360.0
12,274714,274715,a3b420a60397a55fc6d2531326185c5bf1282f0a01b2b5c073ff68b59329f99b,24517,4.955094337463379,3737,613,0.17807500064373016,0.17993700504302979,390.0,330.0
12,278305,278306,a3b420a60397a55fc6d2531326185c5bf1282f0a01b2b5c073ff68b59329f99b,24851,5.634541988372803,1645,455,0.10125800222158432,0.3755579888820648,360.0,300.0
12,280859,280860,a3b420a60397a55fc6d2531326185c5bf1282f0a01b2b5c073ff68b59329f99b,25076,3.366445779800415,3820,1545,0.18450699746608734,0.26475098729133606,390.0,360.0
12,281160,281161,a3b420a60397a55fc6d2531326185c5bf1282f0a01b2b5c073ff68b59329f99b,25110,5.992242813110352,762,1587,0.0548911988735199,0.42410001158714294,330.0,360.0
13,5574,5575,a0a51b0b94abbfd83d75b38eed25f281dddb5e8ddec5c96156a0aae914cf42a0,497,10.061490058898926,7823,1972,0.14923399686813354,0.26203399896621704,390.0,360.0
13,6312,6313,a0a51b0b94abbfd83d75b38eed25f281dddb5e8ddec5c96156a0aae914cf42a0,564,3.517352342605591,6266,333,0.1895260065793991,0.16829800605773926,390.0,300.0
13,6573,6574,a0a51b0b94abbfd83d75b38eed25f281dddb5e8ddec5c96156a0aae914cf42a0,588,3.5314643383026123,4726,151,0.2084359973669052,0.17643199861049652,390.0,300.0
13,8648,8649,a0a51b0b94abbfd83d75b38eed25f281dddb5e8ddec5c96156a0aae914cf42a0,757,4.975286960601807,6775,1870,0.18003499507904053,0.25042301416397095,390.0,360.0
13,14288,14289,a0a51b0b94abbfd83d75b38eed25f281dddb5e8ddec5c96156a0aae914cf42a0,1245,3.24503493309021,1017,9671,0.07384160161018372,0.36570701003074646,330.0,390.0
13,18658,18659,a0a51b0b94abbfd83d75b38eed25f281dddb5e8ddec5c96156a0aae914cf42a0,1617,4.847286701202393,6620,1783,0.18154899775981903,0.29945701360702515,390.0,360.0
13,24240,24241,a0a51b0b94abbfd83d75b38eed25f281dddb5e8ddec5c96156a0aae914cf42a0,2092,5.7034525871276855,1422,701,0.15674099326133728,0.24545399844646454,360.0,330.0
13,25554,25555,a0a51b0b94abbfd83d75b38eed25f281dddb5e8ddec5c96156a0aae914cf42a0,2204,9.34969425201416,1503,2762,0.052229300141334534,0.3840480148792267,360.0,390.0
13,26066,26067,a0a51b0b94abbfd83d75b38eed25f281dddb5e8ddec5c96156a0aae914cf42a0,2254,3.5412657260894775,5536,1754,0.18318599462509155,0.16891899704933167,390.0,360.0
13,26652,26653,a0a51b0b94abbfd83d75b38eed25f281dddb5e8ddec5c96156a0aae914cf42a0,2305,3.6910321712493896,5771,858,0.20600399374961853,0.20659799873828888,390.0,330.0
13,41683,41684,a0a51b0b94abbfd83d75b38eed25f281dddb5e8ddec5c96156a0aae914cf42a0,3654,4.383724212646484,3393,1429,0.1810310035943985,0.25047799944877625,390.0,360.0
13,42740,42741,a0a51b0b94abbfd83d75b38eed25f281dddb5e8ddec5c96156a0aae914cf42a0,3742,11.878457069396973,1120,357,0.08114449679851532,0.3636690080165863,330.0,300.0
13,45347,45348,a0a51b0b94abbfd83d75b38eed25f281dddb5e8ddec5c96156a0aae914cf42a0,3988,3.4315619468688965,9209,2166,0.17108799517154694,0.28189900517463684,390.0,360.0
13,50303,50304,a0a51b0b94abbfd83d75b38eed25f281dddb5e8ddec5c96156a0aae914cf42a0,4448,4.605506896972656,5930,1695,0.17314699292182922,0.24871599674224854,390.0,360.0
13,53971,53972,a0a51b0b94abbfd83d75b38eed25f281dddb5e8ddec5c96156a0aae914cf42a0,4755,3.006180763244629,7999,2139,0.1463959962129593,0.3164519965648651,390.0,360.0
13,58235,58236,a0a51b0b94abbfd83d75b38eed25f281dddb5e8ddec5c96156a0aae914cf42a0,5117,6.3231892585754395,9766,2009,0.13387300074100494,0.3091680109500885,390.0,360.0
13,61703,61704,a0a51b0b94abbfd83d75b38eed25f281dddb5e8ddec5c96156a0aae914cf42a0,5419,3.6364758014678955,1084,8949,0.21174199879169464,0.22401200234889984,330.0,390.0
13,63817,63818,a0a51b0b94abbfd83d75b38eed25f281dddb5e8ddec5c96156a0aae914cf42a0,5601,5.294648170471191,1756,772,0.1181119978427887,0.2912290096282959,360.0,330.0
13,64887,64888,a0a51b0b94abbfd83d75b38eed25f281dddb5e8ddec5c96156a0aae914cf42a0,5712,3.704967737197876,10154,2254,0.1848749965429306,0.19321300089359283,390.0,360.0
13,68110,68111,a0a51b0b94abbfd83d75b38eed25f281dddb5e8ddec5c96156a0aae914cf42a0,5990,3.267327308654785,2738,644,0.2038780003786087,0.1756339967250824,390.0,330.0
13,70033,70034,a0a51b0b94abbfd83d75b38eed25f281dddb5e8ddec5c96156a0aae914cf42a0,6156,3.3188681602478027,1878,7259,0.26642900705337524,0.21072299778461456,360.0,390.0
13,70163,70164,a0a51b0b94abbfd83d75b38eed25f281dddb5e8ddec5c96156a0aae914cf42a0,6171,3.6752841472625732,1420,610,0.16491800546646118,0.19712699949741364,360.0,330.0
13,85050,85051,a0a51b0b94abbfd83d75b38eed25f281dddb5e8ddec5c96156a0aae914cf42a0,7588,3.244638204574585,5441,1804,0.16521799564361572,0.24675099551677704,390.0,360.0
13,91203,91204,a0a51b0b94abbfd83d75b38eed25f281dddb5e8ddec5c96156a0aae914cf42a0,8119,3.247479200363159,595,106,0.18301700055599213,0.23778699338436127,330.0,300.0
13,96714,96715,a0a51b0b94abbfd83d75b38eed25f281dddb5e8ddec5c96156a0aae914cf42a0,8640,3.2833917140960693,961,7261,0.26387301087379456,0.09344790130853653,330.0,390.0
13,101137,101138,a0a51b0b94abbfd83d75b38eed25f281dddb5e8ddec5c96156a0aae914cf42a0,9033,3.034708261489868,2938,1373,0.20667900145053864,0.1723710000514984,390.0,360.0
13,105558,105559,a0a51b0b94abbfd83d75b38eed25f281dddb5e8ddec5c96156a0aae914cf42a0,9470,3.0576868057250977,9334,446,0.2037300020456314,0.20360299944877625,390.0,300.0
13,109982,109983,a0a51b0b94abbfd83d75b38eed25f281dddb5e8ddec5c96156a0aae914cf42a0,9872,6.835872173309326,1380,568,0.13955999910831451,0.22448599338531494,360.0,330.0
13,115222,115223,a0a51b0b94abbfd83d75b38eed25f281dddb5e8ddec5c96156a0aae914cf42a0,10330,6.328134059906006,3386,608,0.16809499263763428,0.26756298542022705,390.0,330.0
13,116743,116744,a0a51b0b94abbfd83d75b38eed25f281dddb5e8ddec5c96156a0aae914cf42a0,10470,4.3065714836120605,4591,1571,0.1918870061635971,0.1653990000486374,390.0,360.0
13,118361,118362,a0a51b0b94abbfd83d75b38eed25f281dddb5e8ddec5c96156a0aae914cf42a0,10621,7.654793739318848,2068,8049,0.07600290328264236,0.3633610010147095,360.0,390.0
13,118893,118894,a0a51b0b94abbfd83d75b38eed25f281dddb5e8ddec5c96156a0aae914cf42a0,10670,4.947703838348389,2825,579,0.18480099737644196,0.2582390010356903,390.0,330.0
13,129720,129721,a0a51b0b94abbfd83d75b38eed25f281dddb5e8ddec5c96156a0aae914cf42a0,11634,4.950336456298828,2031,477,0.1297769993543625,0.24178999662399292,360.0,300.0
13,135777,135778,a0a51b0b94abbfd83d75b38eed25f281dddb5e8ddec5c96156a0aae914cf42a0,12208,3.8795926570892334,10092,462,0.184346005320549,0.2814280092716217,390.0,300.0
13,141956,141957,a0a51b0b94abbfd83d75b38eed25f281dddb5e8ddec5c96156a0aae914cf42a0,12740,8.175463676452637,1799,891,0.1561020016670227,0.20189599692821503,360.0,330.0
13,142188,142189,a0a51b0b94abbfd83d75b38eed25f281dddb5e8ddec5c96156a0aae914cf42a0,12759,4.037566661834717,1086,405,0.15212500095367432,0.28658100962638855,330.0,300.0
13,142421,142422,a0a51b0b94abbfd83d75b38eed25f281dddb5e8ddec5c96156a0aae914cf42a0,12780,3.445842742919922,4897,1734,0.15659700334072113,0.23895199596881866,390.0,360.0
13,147725,147726,a0a51b0b94abbfd83d75b38eed25f281dddb5e8ddec5c96156a0aae914cf42a0,13251,3.9493722915649414,5970,1779,0.18968899548053741,0.20183700323104858,390.0,360.0
13,149655,149656,a0a51b0b94abbfd83d75b38eed25f281dddb5e8ddec5c96156a0aae914cf42a0,13436,3.4489495754241943,6063,896,0.2097419947385788,0.1824679970741272,390.0,330.0
13,161429,161430,a0a51b0b94abbfd83d75b38eed25f281dddb5e8ddec5c96156a0aae914cf42a0,14523,3.802903890609741,2515,569,0.2052759975194931,0.2132209986448288,390.0,330.0
13,164358,164359,a0a51b0b94abbfd83d75b38eed25f281dddb5e8ddec5c96156a0aae914cf42a0,14758,11.86832046508789,1278,487,0.13781200349330902,0.2702139914035797,330.0,300.0
13,166367,166368,a0a51b0b94abbfd83d75b38eed25f281dddb5e8ddec5c96156a0aae914cf42a0,14911,5.040904521942139,8806,2044,0.18272800743579865,0.21152999997138977,390.0,360.0
13,167263,167264,a0a51b0b94abbfd83d75b38eed25f281dddb5e8ddec5c96156a0aae914cf42a0,14997,6.082784652709961,6458,977,0.16233600676059723,0.29315799474716187,390.0,330.0
13,187767,187768,a0a51b0b94abbfd83d75b38eed25f281dddb5e8ddec5c96156a0aae914cf42a0,16896,4.406491756439209,833,1580,0.10192099958658218,0.3000049889087677,330.0,360.0
13,194784,194785,a0a51b0b94abbfd83d75b38eed25f281dddb5e8ddec5c96156a0aae914cf42a0,17521,4.000106334686279,1929,1047,0.1648550033569336,0.2770189940929413,360.0,330.0
13,204781,204782,a0a51b0b94abbfd83d75b38eed25f281dddb5e8ddec5c96156a0aae914cf42a0,18457,4.663583278656006,8379,1047,0.19008700549602509,0.2068530023097992,390.0,330.0
13,205764,205765,a0a51b0b94abbfd83d75b38eed25f281dddb5e8ddec5c96156a0aae914cf42a0,18550,4.45576810836792,9273,2269,0.1269579976797104,0.3335919976234436,390.0,360.0
13,225230,225231,a0a51b0b94abbfd83d75b38eed25f281dddb5e8ddec5c96156a0aae914cf42a0,20241,3.3296899795532227,2274,1238,0.20317600667476654,0.185262992978096,360.0,330.0
13,237312,237313,a0a51b0b94abbfd83d75b38eed25f281dddb5e8ddec5c96156a0aae914cf42a0,21323,3.9093129634857178,1891,814,0.1323080062866211,0.29184800386428833,360.0,330.0
13,243803,243804,a0a51b0b94abbfd83d75b38eed25f281dddb5e8ddec5c96156a0aae914cf42a0,21915,3.35522723197937,1541,650,0.1529269963502884,0.24535199999809265,360.0,330.0
13,250494,250495,a0a51b0b94abbfd83d75b38eed25f281dddb5e8ddec5c96156a0aae914cf42a0,22472,3.1280930042266846,2539,1371,0.21160799264907837,0.23634999990463257,390.0,360.0
13,253283,253284,a0a51b0b94abbfd83d75b38eed25f281dddb5e8ddec5c96156a0aae914cf42a0,22719,4.763027191162109,6570,1827,0.18763700127601624,0.2822650074958801,390.0,360.0
13,261472,261473,a0a51b0b94abbfd83d75b38eed25f281dddb5e8ddec5c96156a0aae914cf42a0,23494,4.200068950653076,875,6040,0.06709949672222137,0.35083699226379395,330.0,390.0
13,265935,265936,a0a51b0b94abbfd83d75b38eed25f281dddb5e8ddec5c96156a0aae914cf42a0,23891,5.0024333000183105,8746,316,0.177374005317688,0.23322199285030365,390.0,300.0
13,267113,267114,a0a51b0b94abbfd83d75b38eed25f281dddb5e8ddec5c96156a0aae914cf42a0,23990,4.448497295379639,10132,2259,0.1702820062637329,0.28356999158859253,390.0,360.0
13,279846,279847,a0a51b0b94abbfd83d75b38eed25f281dddb5e8ddec5c96156a0aae914cf42a0,25100,5.259727478027344,7848,291,0.17257900536060333,0.2576479911804199,390.0,300.0
13,281804,281805,a0a51b0b94abbfd83d75b38eed25f281dddb5e8ddec5c96156a0aae914cf42a0,25279,4.082616806030273,534,32,0.17928799986839294,0.2625359892845154,330.0,300.0
14,531,532,3bbfa2dbca04ba0649e30a34cc96b794631148c29411225addb4ee0005830ee5,55,3.483729362487793,2986,1413,0.17502599954605103,0.2615729868412018,390.0,360.0
14,1002,1003,3bbfa2dbca04ba0649e30a34cc96b794631148c29411225addb4ee0005830ee5,101,3.6308324337005615,1861,6555,0.0856281965970993,0.3453420102596283,360.0,390.0
14,1123,1124,3bbfa2dbca04ba0649e30a34cc96b794631148c29411225addb4ee0005830ee5,108,3.478930950164795,7241,1862,0.20308899879455566,0.2436089962720871,390.0,360.0
14,3780,3781,3bbfa2dbca04ba0649e30a34cc96b794631148c29411225addb4ee0005830ee5,385,7.380254745483398,2509,1481,0.12902900576591492,0.33657199144363403,390.0,360.0
14,6862,6863,3bbfa2dbca04ba0649e30a34cc96b794631148c29411225addb4ee0005830ee5,647,4.255150318145752,5461,204,0.19540700316429138,0.17337200045585632,390.0,300.0
14,18234,18235,3bbfa2dbca04ba0649e30a34cc96b794631148c29411225addb4ee0005830ee5,1633,3.26279616355896,2192,1248,0.15932099521160126,0.2811029851436615,360.0,330.0
14,18486,18487,3bbfa2dbca04ba0649e30a34cc96b794631148c29411225addb4ee0005830ee5,1659,3.1197075843811035,7493,1986,0.1836940050125122,0.251008003950119,390.0,360.0
14,23512,23513,3bbfa2dbca04ba0649e30a34cc96b794631148c29411225addb4ee0005830ee5,2103,3.39626407623291,4285,708,0.1948309987783432,0.2659749984741211,390.0,330.0
14,25510,25511,3bbfa2dbca04ba0649e30a34cc96b794631148c29411225addb4ee0005830ee5,2305,3.201770305633545,2329,1350,0.1865130066871643,0.2387239933013916,390.0,360.0
14,32823,32824,3bbfa2dbca04ba0649e30a34cc96b794631148c29411225addb4ee0005830ee5,2944,9.5271577835083,8044,1950,0.13635200262069702,0.3202250003814697,390.0,360.0
14,40043,40044,3bbfa2dbca04ba0649e30a34cc96b794631148c29411225addb4ee0005830ee5,3581,4.8440704345703125,2120,1156,0.147474005818367,0.27927398681640625,360.0,330.0
14,43249,43250,3bbfa2dbca04ba0649e30a34cc96b794631148c29411225addb4ee0005830ee5,3847,4.6755499839782715,1729,933,0.149167001247406,0.2157599925994873,360.0,330.0
14,43766,43767,3bbfa2dbca04ba0649e30a34cc96b794631148c29411225addb4ee0005830ee5,3893,4.188691139221191,1887,7137,0.050291500985622406,0.3634069859981537,360.0,390.0
14,56636,56637,3bbfa2dbca04ba0649e30a34cc96b794631148c29411225addb4ee0005830ee5,5036,3.405425786972046,9547,443,0.19733700156211853,0.20500600337982178,390.0,300.0
14,59331,59332,3bbfa2dbca04ba0649e30a34cc96b794631148c29411225addb4ee0005830ee5,5277,6.663728713989258,6032,1056,0.1250939965248108,0.2842339873313904,390.0,330.0
14,66596,66597,3bbfa2dbca04ba0649e30a34cc96b794631148c29411225addb4ee0005830ee5,5957,8.11276912689209,7643,1202,0.09625589847564697,0.3468819856643677,390.0,330.0
14,69448,69449,3bbfa2dbca04ba0649e30a34cc96b794631148c29411225addb4ee0005830ee5,6218,6.269832134246826,8226,1978,0.15168599784374237,0.28287699818611145,390.0,360.0
14,71356,71357,3bbfa2dbca04ba0649e30a34cc96b794631148c29411225addb4ee0005830ee5,6375,4.392744541168213,5976,1721,0.15363100171089172,0.19803300499916077,390.0,360.0
14,81092,81093,3bbfa2dbca04ba0649e30a34cc96b794631148c29411225addb4ee0005830ee5,7258,4.374853610992432,2416,1405,0.16833700239658356,0.2794249951839447,390.0,360.0
14,83672,83673,3bbfa2dbca04ba0649e30a34cc96b794631148c29411225addb4ee0005830ee5,7482,4.413178443908691,6436,1823,0.19395199418067932,0.2166379988193512,390.0,360.0
14,85326,85327,3bbfa2dbca04ba0649e30a34cc96b794631148c29411225addb4ee0005830ee5,7608,3.5790700912475586,3026,48,0.19256199896335602,0.2522110044956207,390.0,300.0
14,85811,85812,3bbfa2dbca04ba0649e30a34cc96b794631148c29411225addb4ee0005830ee5,7639,3.4312334060668945,5653,1764,0.16271300613880157,0.23782500624656677,390.0,360.0
14,88641,88642,3bbfa2dbca04ba0649e30a34cc96b794631148c29411225addb4ee0005830ee5,7874,3.664083242416382,946,269,0.18429699540138245,0.24076299369335175,330.0,300.0
14,92207,92208,3bbfa2dbca04ba0649e30a34cc96b794631148c29411225addb4ee0005830ee5,8184,6.434506416320801,2016,358,0.15989099442958832,0.21791400015354156,360.0,300.0
14,93413,93414,3bbfa2dbca04ba0649e30a34cc96b794631148c29411225addb4ee0005830ee5,8291,5.66522741317749,2995,1514,0.14909400045871735,0.26251301169395447,390.0,360.0
14,94222,94223,3bbfa2dbca04ba0649e30a34cc96b794631148c29411225addb4ee0005830ee5,8354,3.7240471839904785,4663,1629,0.19346299767494202,0.22539600729942322,390.0,360.0
14,96048,96049,3bbfa2dbca04ba0649e30a34cc96b794631148c29411225addb4ee0005830ee5,8504,3.205364942550659,5911,260,0.2050440013408661,0.209647998213768,390.0,300.0
14,98275,98276,3bbfa2dbca04ba0649e30a34cc96b794631148c29411225addb4ee0005830ee5,8696,3.8150291442871094,3386,1522,0.16140900552272797,0.19831900298595428,390.0,360.0
14,116591,116592,3bbfa2dbca04ba0649e30a34cc96b794631148c29411225addb4ee0005830ee5,10353,4.124532222747803,9696,2153,0.20091700553894043,0.2268970012664795,390.0,360.0
14,117764,117765,3bbfa2dbca04ba0649e30a34cc96b794631148c29411225addb4ee0005830ee5,10449,4.444378852844238,3188,1421,0.20511700212955475,0.19380700588226318,390.0,360.0
14,124529,124530,3bbfa2dbca04ba0649e30a34cc96b794631148c29411225addb4ee0005830ee5,11063,3.9865498542785645,6873,1866,0.20292599499225616,0.19752700626850128,390.0,360.0
14,137582,137583,3bbfa2dbca04ba0649e30a34cc96b794631148c29411225addb4ee0005830ee5,12238,6.66834831237793,2234,450,0.17950400710105896,0.18061299622058868,360.0,300.0
14,139963,139964,3bbfa2dbca04ba0649e30a34cc96b794631148c29411225addb4ee0005830ee5,12437,3.555382490158081,5465,1705,0.1724810004234314,0.23034699261188507,390.0,360.0
14,140306,140307,3bbfa2dbca04ba0649e30a34cc96b794631148c29411225addb4ee0005830ee5,12467,3.342007875442505,8868,2112,0.18765799701213837,0.23098599910736084,390.0,360.0
14,156707,156708,3bbfa2dbca04ba0649e30a34cc96b794631148c29411225addb4ee0005830ee5,13798,3.836930513381958,1162,2197,0.25730499625205994,0.15705500543117523,330.0,360.0
14,160736,160737,3bbfa2dbca04ba0649e30a34cc96b794631148c29411225addb4ee0005830ee5,14177,7.574949264526367,9554,2165,0.16636799275875092,0.22815099358558655,390.0,360.0
14,162788,162789,3bbfa2dbca04ba0649e30a34cc96b794631148c29411225addb4ee0005830ee5,14382,3.755706310272217,9476,2147,0.20836299657821655,0.17578500509262085,390.0,360.0
14,172285,172286,3bbfa2dbca04ba0649e30a34cc96b794631148c29411225addb4ee0005830ee5,15201,3.5394134521484375,3498,1369,0.1659500002861023,0.22456899285316467,390.0,360.0
14,173451,173452,3bbfa2dbca04ba0649e30a34cc96b794631148c29411225addb4ee0005830ee5,15308,7.358061790466309,9045,370,0.17018799483776093,0.18087400496006012,390.0,300.0
14,180233,180234,3bbfa2dbca04ba0649e30a34cc96b794631148c29411225addb4ee0005830ee5,15905,8.610512733459473,3290,1461,0.156358003616333,0.2748050093650818,390.0,360.0
14,192553,192554,3bbfa2dbca04ba0649e30a34cc96b794631148c29411225addb4ee0005830ee5,17014,3.146275758743286,1642,4709,0.22392599284648895,0.1436150074005127,360.0,390.0
14,200893,200894,3bbfa2dbca04ba0649e30a34cc96b794631148c29411225addb4ee0005830ee5,17767,3.0728659629821777,1663,4381,0.07518819719552994,0.31026801466941833,360.0,390.0
14,203968,203969,3bbfa2dbca04ba0649e30a34cc96b794631148c29411225addb4ee0005830ee5,18042,3.3162267208099365,1462,3682,0.18269799649715424,0.27528199553489685,360.0,390.0
14,211407,211408,3bbfa2dbca04ba0649e30a34cc96b794631148c29411225addb4ee0005830ee5,18708,10.525768280029297,7849,1350,0.05025110021233559,0.34170299768447876,390.0,360.0
14,215410,215411,3bbfa2dbca04ba0649e30a34cc96b794631148c29411225addb4ee0005830ee5,19069,3.2904253005981445,7336,297,0.2119790017604828,0.14221599698066711,390.0,300.0
14,224396,224397,3bbfa2dbca04ba0649e30a34cc96b794631148c29411225addb4ee0005830ee5,19886,7.730976581573486,6372,841,0.1540369987487793,0.20052200555801392,390.0,330.0
14,230116,230117,3bbfa2dbca04ba0649e30a34cc96b794631148c29411225addb4ee0005830ee5,20437,4.47592830657959,3330,1495,0.16618700325489044,0.18595099449157715,390.0,360.0
14,231820,231821,3bbfa2dbca04ba0649e30a34cc96b794631148c29411225addb4ee0005830ee5,20612,8.906840324401855,9978,815,0.10527999699115753,0.3048650026321411,390.0,330.0
14,241812,241813,3bbfa2dbca04ba0649e30a34cc96b794631148c29411225addb4ee0005830ee5,21472,3.2995567321777344,6688,903,0.20187699794769287,0.22873100638389587,390.0,330.0
14,242502,242503,3bbfa2dbca04ba0649e30a34cc96b794631148c29411225addb4ee0005830ee5,21538,5.092504501342773,5376,836,0.16742199659347534,0.18472599983215332,390.0,330.0
14,244755,244756,3bbfa2dbca04ba0649e30a34cc96b794631148c29411225addb4ee0005830ee5,21741,5.665647029876709,3856,1651,0.13797500729560852,0.26155900955200195,390.0,360.0
14,249113,249114,3bbfa2dbca04ba0649e30a34cc96b794631148c29411225addb4ee0005830ee5,22186,6.2654266357421875,9278,1003,0.15771499276161194,0.24255000054836273,390.0,330.0
14,251529,251530,3bbfa2dbca04ba0649e30a34cc96b794631148c29411225addb4ee0005830ee5,22394,4.529823303222656,7181,1610,0.11759500205516815,0.2366659939289093,390.0,360.0
14,257089,257090,3bbfa2dbca04ba0649e30a34cc96b794631148c29411225addb4ee0005830ee5,22905,4.45986795425415,9432,1864,0.13090300559997559,0.293614000082016,390.0,360.0
14,259466,259467,3bbfa2dbca04ba0649e30a34cc96b794631148c29411225addb4ee0005830ee5,23132,3.8783938884735107,1492,710,0.19394199550151825,0.16712799668312073,360.0,330.0
14,261549,261550,3bbfa2dbca04ba0649e30a34cc96b794631148c29411225addb4ee0005830ee5,23339,3.775921583175659,9810,2115,0.1749420017004013,0.24935300648212433,390.0,360.0
14,262658,262659,3bbfa2dbca04ba0649e30a34cc96b794631148c29411225addb4ee0005830ee5,23439,3.7147538661956787,3465,728,0.19013799726963043,0.22568799555301666,390.0,330.0
14,270716,270717,3bbfa2dbca04ba0649e30a34cc96b794631148c29411225addb4ee0005830ee5,24159,4.408627033233643,4955,770,0.19467900693416595,0.19173100590705872,390.0,330.0
14,275814,275815,3bbfa2dbca04ba0649e30a34cc96b794631148c29411225addb4ee0005830ee5,24640,3.9766902923583984,678,3959,0.2426310032606125,0.17109400033950806,330.0,390.0
14,277556,277557,3bbfa2dbca04ba0649e30a34cc96b794631148c29411225addb4ee0005830ee5,24782,4.003549575805664,3810,1573,0.1565520018339157,0.24907299876213074,390.0,360.0
14,277613,277614,3bbfa2dbca04ba0649e30a34cc96b794631148c29411225addb4ee0005830ee5,24786,5.444499969482422,5537,1671,0.17779800295829773,0.17741000652313232,390.0,360.0
14,278677,278678,3bbfa2dbca04ba0649e30a34cc96b794631148c29411225addb4ee0005830ee5,24900,3.7746505737304688,1711,5592,0.2503170073032379,0.15107999742031097,360.0,390.0
14,284483,284484,3bbfa2dbca04ba0649e30a34cc96b794631148c29411225addb4ee0005830ee5,25398,4.735597610473633,4507,1588,0.16891899704933167,0.2607940137386322,390.0,360.0
14,285392,285393,3bbfa2dbca04ba0649e30a34cc96b794631148c29411225addb4ee0005830ee5,25472,3.794954776763916,5705,873,0.18847300112247467,0.25957098603248596,390.0,330.0
15,467,468,0ff314702ec9b1bcfab111ff445e386c722ef905b267fc859f78c5bb02d7a0ca,35,4.497440814971924,5059,889,0.17693600058555603,0.2280229926109314,390.0,330.0
15,2709,2710,0ff314702ec9b1bcfab111ff445e386c722ef905b267fc859f78c5bb02d7a0ca,251,6.853684902191162,1847,882,0.13387399911880493,0.24443399906158447,360.0,330.0
15,3204,3205,0ff314702ec9b1bcfab111ff445e386c722ef905b267fc859f78c5bb02d7a0ca,302,6.093272686004639,1264,489,0.14471200108528137,0.2094220072031021,330.0,300.0
15,4400,4401,0ff314702ec9b1bcfab111ff445e386c722ef905b267fc859f78c5bb02d7a0ca,401,5.569542407989502,1312,606,0.1460680067539215,0.2552120089530945,360.0,330.0
15,4713,4714,0ff314702ec9b1bcfab111ff445e386c722ef905b267fc859f78c5bb02d7a0ca,427,3.4850287437438965,2000,1093,0.16735400259494781,0.26215699315071106,360.0,330.0
15,6871,6872,0ff314702ec9b1bcfab111ff445e386c722ef905b267fc859f78c5bb02d7a0ca,619,9.520376205444336,3251,1418,0.14499400556087494,0.288347989320755,390.0,360.0
15,8877,8878,0ff314702ec9b1bcfab111ff445e386c722ef905b267fc859f78c5bb02d7a0ca,786,3.1193430423736572,4456,1727,0.14576299488544464,0.28098800778388977,390.0,360.0
15,12193,12194,0ff314702ec9b1bcfab111ff445e386c722ef905b267fc859f78c5bb02d7a0ca,1054,3.811577081680298,6797,1848,0.18636900186538696,0.2110159993171692,390.0,360.0
15,16320,16321,0ff314702ec9b1bcfab111ff445e386c722ef905b267fc859f78c5bb02d7a0ca,1431,3.511960744857788,1700,830,0.20282499492168427,0.17634299397468567,360.0,330.0
15,18971,18972,0ff314702ec9b1bcfab111ff445e386c722ef905b267fc859f78c5bb02d7a0ca,1679,3.7908201217651367,6074,1645,0.15541599690914154,0.2753419876098633,390.0,360.0
15,25117,25118,0ff314702ec9b1bcfab111ff445e386c722ef905b267fc859f78c5bb02d7a0ca,2214,5.3892621994018555,8647,2245,0.09953109920024872,0.3131619989871979,390.0,360.0
15,26973,26974,0ff314702ec9b1bcfab111ff445e386c722ef905b267fc859f78c5bb02d7a0ca,2374,8.606646537780762,8674,1058,0.1672160029411316,0.2768000066280365,390.0,330.0
15,39337,39338,0ff314702ec9b1bcfab111ff445e386c722ef905b267fc859f78c5bb02d7a0ca,3463,3.924551486968994,7529,1867,0.1746309995651245,0.20542000234127045,390.0,360.0
15,41238,41239,0ff314702ec9b1bcfab111ff445e386c722ef905b267fc859f78c5bb02d7a0ca,3631,3.3411121368408203,5033,1704,0.15803900361061096,0.2948389947414398,390.0,360.0
15,61920,61921,0ff314702ec9b1bcfab111ff445e386c722ef905b267fc859f78c5bb02d7a0ca,5571,6.62014102935791,5725,180,0.17242500185966492,0.20803000032901764,390.0,300.0
15,66350,66351,0ff314702ec9b1bcfab111ff445e386c722ef905b267fc859f78c5bb02d7a0ca,5945,5.833862781524658,7655,1980,0.14674200117588043,0.25998300313949585,390.0,360.0
15,72414,72415,0ff314702ec9b1bcfab111ff445e386c722ef905b267fc859f78c5bb02d7a0ca,6489,3.0663373470306396,7018,963,0.20600999891757965,0.1549919992685318,390.0,330.0
15,89113,89114,0ff314702ec9b1bcfab111ff445e386c722ef905b267fc859f78c5bb02d7a0ca,7948,5.790794849395752,9615,2201,0.1768680065870285,0.2642660140991211,390.0,360.0
15,89869,89870,0ff314702ec9b1bcfab111ff445e386c722ef905b267fc859f78c5bb02d7a0ca,8023,3.0694961547851562,1035,8300,0.24532899260520935,0.11969699710607529,330.0,390.0
15,98374,98375,0ff314702ec9b1bcfab111ff445e386c722ef905b267fc859f78c5bb02d7a0ca,8783,6.224377632141113,4839,719,0.15667299926280975,0.23031599819660187,390.0,330.0
15,100765,100766,0ff314702ec9b1bcfab111ff445e386c722ef905b267fc859f78c5bb02d7a0ca,8977,4.456814289093018,4222,1574,0.19576400518417358,0.2330619990825653,390.0,360.0
15,110638,110639,0ff314702ec9b1bcfab111ff445e386c722ef905b267fc859f78c5bb02d7a0ca,9850,4.673295974731445,2963,1352,0.17583000659942627,0.20607900619506836,390.0,360.0
15,115118,115119,0ff314702ec9b1bcfab111ff445e386c722ef905b267fc859f78c5bb02d7a0ca,10256,5.936049938201904,8951,1128,0.18508799374103546,0.2371709942817688,390.0,330.0
15,119262,119263,0ff314702ec9b1bcfab111ff445e386c722ef905b267fc859f78c5bb02d7a0ca,10615,6.869246006011963,8964,2022,0.1448410004377365,0.3184939920902252,390.0,360.0
15,119508,119509,0ff314702ec9b1bcfab111ff445e386c722ef905b267fc859f78c5bb02d7a0ca,10636,4.100160598754883,5577,1692,0.17665599286556244,0.1830510050058365,390.0,360.0
15,119703,119704,0ff314702ec9b1bcfab111ff445e386c722ef905b267fc859f78c5bb02d7a0ca,10651,3.41015625,9623,2146,0.183460995554924,0.1698790043592453,390.0,360.0
15,138007,138008,0ff314702ec9b1bcfab111ff445e386c722ef905b267fc859f78c5bb02d7a0ca,12317,4.462185859680176,6869,397,0.1660979986190796,0.3323560059070587,390.0,300.0
15,145307,145308,0ff314702ec9b1bcfab111ff445e386c722ef905b267fc859f78c5bb02d7a0ca,12990,8.414562225341797,5001,717,0.1471329927444458,0.26330000162124634,390.0,330.0
15,145553,145554,0ff314702ec9b1bcfab111ff445e386c722ef905b267fc859f78c5bb02d7a0ca,13010,5.929558753967285,8504,2100,0.1555899977684021,0.2854200005531311,390.0,360.0
15,147349,147350,0ff314702ec9b1bcfab111ff445e386c722ef905b267fc859f78c5bb02d7a0ca,13184,7.476040363311768,2021,299,0.14831100404262543,0.21063199639320374,360.0,300.0
15,148903,148904,0ff314702ec9b1bcfab111ff445e386c722ef905b267fc859f78c5bb02d7a0ca,13329,3.0596182346343994,1272,437,0.17521800100803375,0.20715999603271484,330.0,300.0
15,150679,150680,0ff314702ec9b1bcfab111ff445e386c722ef905b267fc859f78c5bb02d7a0ca,13486,3.841902256011963,9100,2105,0.20466800034046173,0.223130002617836,390.0,360.0
15,153370,153371,0ff314702ec9b1bcfab111ff445e386c722ef905b267fc859f78c5bb02d7a0ca,13740,4.66672420501709,4463,723,0.1989080011844635,0.17527300119400024,390.0,330.0
15,156181,156182,0ff314702ec9b1bcfab111ff445e386c722ef905b267fc859f78c5bb02d7a0ca,13997,3.199713945388794,1129,8829,0.21645599603652954,0.16740299761295319,330.0,390.0
15,170829,170830,0ff314702ec9b1bcfab111ff445e386c722ef905b267fc859f78c5bb02d7a0ca,15321,4.508571624755859,9492,1114,0.18998399376869202,0.23527400195598602,390.0,330.0
15,180063,180064,0ff314702ec9b1bcfab111ff445e386c722ef905b267fc859f78c5bb02d7a0ca,16166,4.473411560058594,8729,1103,0.1905830055475235,0.24724799394607544,390.0,330.0
15,180714,180715,0ff314702ec9b1bcfab111ff445e386c722ef905b267fc859f78c5bb02d7a0ca,16217,9.748360633850098,7405,916,0.1417900025844574,0.2556760013103485,390.0,330.0
15,188478,188479,0ff314702ec9b1bcfab111ff445e386c722ef905b267fc859f78c5bb02d7a0ca,16942,3.4400672912597656,5177,1378,0.13103899359703064,0.2755550146102905,390.0,360.0
15,192064,192065,0ff314702ec9b1bcfab111ff445e386c722ef905b267fc859f78c5bb02d7a0ca,17242,3.7188847064971924,36,1304,0.23030300438404083,0.21221600472927094,300.0,360.0
15,199196,199197,0ff314702ec9b1bcfab111ff445e386c722ef905b267fc859f78c5bb02d7a0ca,17880,6.380751609802246,6129,907,0.16644999384880066,0.22832800447940826,390.0,330.0
15,212267,212268,0ff314702ec9b1bcfab111ff445e386c722ef905b267fc859f78c5bb02d7a0ca,19035,4.074102878570557,10408,1166,0.20012600719928741,0.17786799371242523,390.0,330.0
15,220083,220084,0ff314702ec9b1bcfab111ff445e386c722ef905b267fc859f78c5bb02d7a0ca,19785,3.6562702655792236,1525,4048,0.1965540051460266,0.1697790026664734,360.0,390.0
15,223155,223156,0ff314702ec9b1bcfab111ff445e386c722ef905b267fc859f78c5bb02d7a0ca,20042,3.474017858505249,5624,164,0.18571799993515015,0.17080500721931458,390.0,300.0
15,228004,228005,0ff314702ec9b1bcfab111ff445e386c722ef905b267fc859f78c5bb02d7a0ca,20462,3.3936026096343994,5005,527,0.13442400097846985,0.28697898983955383,390.0,330.0
15,232273,232274,0ff314702ec9b1bcfab111ff445e386c722ef905b267fc859f78c5bb02d7a0ca,20853,3.1537652015686035,5452,1665,0.195032998919487,0.23332999646663666,390.0,360.0
15,234873,234874,0ff314702ec9b1bcfab111ff445e386c722ef905b267fc859f78c5bb02d7a0ca,21080,3.711865186691284,2466,583,0.21204400062561035,0.17678500711917877,390.0,330.0
15,237328,237329,0ff314702ec9b1bcfab111ff445e386c722ef905b267fc859f78c5bb02d7a0ca,21312,7.550978660583496,7856,1095,0.1451050043106079,0.2838979959487915,390.0,330.0
15,240335,240336,0ff314702ec9b1bcfab111ff445e386c722ef905b267fc859f78c5bb02d7a0ca,21627,5.035765647888184,9346,1024,0.16732800006866455,0.22163499891757965,390.0,330.0
15,240773,240774,0ff314702ec9b1bcfab111ff445e386c722ef905b267fc859f78c5bb02d7a0ca,21669,6.019629955291748,7914,923,0.1468300074338913,0.2690669894218445,390.0,330.0
15,242348,242349,0ff314702ec9b1bcfab111ff445e386c722ef905b267fc859f78c5bb02d7a0ca,21817,3.476658344268799,7089,303,0.21177999675273895,0.19466300308704376,390.0,300.0
15,245559,245560,0ff314702ec9b1bcfab111ff445e386c722ef905b267fc859f78c5bb02d7a0ca,22116,4.3162522315979,7499,1898,0.17623700201511383,0.22616000473499298,390.0,360.0
15,250454,250455,0ff314702ec9b1bcfab111ff445e386c722ef905b267fc859f78c5bb02d7a0ca,22564,3.974320650100708,2521,1418,0.17352400720119476,0.2462030053138733,390.0,360.0
15,255995,255996,0ff314702ec9b1bcfab111ff445e386c722ef905b267fc859f78c5bb02d7a0ca,23013,3.8001866340637207,1535,700,0.18477000296115875,0.2492769956588745,360.0,330.0
15,259913,259914,0ff314702ec9b1bcfab111ff445e386c722ef905b267fc859f78c5bb02d7a0ca,23368,12.627096176147461,1424,571,0.07772179692983627,0.35923001170158386,360.0,330.0
15,259946,259947,0ff314702ec9b1bcfab111ff445e386c722ef905b267fc859f78c5bb02d7a0ca,23372,7.047058582305908,7299,1977,0.13050800561904907,0.35165899991989136,390.0,360.0
15,263801,263802,0ff314702ec9b1bcfab111ff445e386c722ef905b267fc859f78c5bb02d7a0ca,23691,6.039172172546387,6108,195,0.17602300643920898,0.24125899374485016,390.0,300.0
15,267340,267341,0ff314702ec9b1bcfab111ff445e386c722ef905b267fc859f78c5bb02d7a0ca,24015,5.519599437713623,5374,805,0.1694670021533966,0.2161020040512085,390.0,330.0
15,267718,267719,0ff314702ec9b1bcfab111ff445e386c722ef905b267fc859f78c5bb02d7a0ca,24053,3.5080361366271973,2617,1376,0.20440100133419037,0.16873100399971008,390.0,360.0
16,4682,4683,d7a593e696ed9f3758e2aa1030396846b1f96465904f94f61794d48a4bfe4cd2,438,3.530010461807251,1874,980,0.18900799751281738,0.22077399492263794,360.0,330.0
16,7897,7898,d7a593e696ed9f3758e2aa1030396846b1f96465904f94f61794d48a4bfe4cd2,754,6.052229404449463,1815,1020,0.11165899783372879,0.29523101449012756,360.0,330.0
16,12733,12734,d7a593e696ed9f3758e2aa1030396846b1f96465904f94f61794d48a4bfe4cd2,1175,5.417288780212402,9753,2108,0.16836300492286682,0.23965199291706085,390.0,360.0
16,19992,19993,d7a593e696ed9f3758e2aa1030396846b1f96465904f94f61794d48a4bfe4cd2,1832,7.713992118835449,4651,744,0.1571439951658249,0.32709598541259766,390.0,330.0
16,20936,20937,d7a593e696ed9f3758e2aa1030396846b1f96465904f94f61794d48a4bfe4cd2,1919,3.79967999458313,1784,901,0.1981469988822937,0.18980400264263153,360.0,330.0
16,28955,28956,d7a593e696ed9f3758e2aa1030396846b1f96465904f94f61794d48a4bfe4cd2,2631,3.5320627689361572,2356,71,0.2149749994277954,0.19260099530220032,390.0,300.0
16,30751,30752,d7a593e696ed9f3758e2aa1030396846b1f96465904f94f61794d48a4bfe4cd2,2790,4.418481349945068,8683,1059,0.20250900089740753,0.19059200584888458,390.0,330.0
16,36317,36318,d7a593e696ed9f3758e2aa1030396846b1f96465904f94f61794d48a4bfe4cd2,3296,3.2693865299224854,5937,1756,0.20358100533485413,0.1654060035943985,390.0,360.0
16,42253,42254,d7a593e696ed9f3758e2aa1030396846b1f96465904f94f61794d48a4bfe4cd2,3822,6.02091121673584,6263,164,0.15331600606441498,0.24920900166034698,390.0,300.0
16,45175,45176,d7a593e696ed9f3758e2aa1030396846b1f96465904f94f61794d48a4bfe4cd2,4066,10.0298433303833,8683,1047,0.1480409950017929,0.22267800569534302,390.0,330.0
16,45252,45253,d7a593e696ed9f3758e2aa1030396846b1f96465904f94f61794d48a4bfe4cd2,4076,4.008714199066162,3737,1586,0.1632869988679886,0.2799699902534485,390.0,360.0
16,71158,71159,d7a593e696ed9f3758e2aa1030396846b1f96465904f94f61794d48a4bfe4cd2,6326,4.473574161529541,8203,1999,0.1730310022830963,0.2529450058937073,390.0,360.0
16,74164,74165,d7a593e696ed9f3758e2aa1030396846b1f96465904f94f61794d48a4bfe4cd2,6592,6.142784595489502,1738,809,0.14256200194358826,0.23478199541568756,360.0,330.0
16,74310,74311,d7a593e696ed9f3758e2aa1030396846b1f96465904f94f61794d48a4bfe4cd2,6601,8.915802001953125,5494,1715,0.15259799361228943,0.2927030026912689,390.0,360.0
16,74773,74774,d7a593e696ed9f3758e2aa1030396846b1f96465904f94f61794d48a4bfe4cd2,6634,3.95917010307312,1574,749,0.20077499747276306,0.2190839946269989,360.0,330.0
16,76546,76547,d7a593e696ed9f3758e2aa1030396846b1f96465904f94f61794d48a4bfe4cd2,6792,7.131833076477051,6838,912,0.1607239991426468,0.2516300082206726,390.0,330.0
16,77674,77675,d7a593e696ed9f3758e2aa1030396846b1f96465904f94f61794d48a4bfe4cd2,6923,3.7968783378601074,6027,1725,0.17527100443840027,0.18257500231266022,390.0,360.0
16,81659,81660,d7a593e696ed9f3758e2aa1030396846b1f96465904f94f61794d48a4bfe4cd2,7260,5.581887722015381,8913,2053,0.18017500638961792,0.22449100017547607,390.0,360.0
16,82169,82170,d7a593e696ed9f3758e2aa1030396846b1f96465904f94f61794d48a4bfe4cd2,7295,3.53267765045166,4616,1452,0.1457809954881668,0.279790997505188,390.0,360.0
16,83358,83359,d7a593e696ed9f3758e2aa1030396846b1f96465904f94f61794d48a4bfe4cd2,7401,3.3774056434631348,5798,549,0.1255439966917038,0.2888700067996979,390.0,330.0
16,88779,88780,d7a593e696ed9f3758e2aa1030396846b1f96465904f94f61794d48a4bfe4cd2,7861,12.023048400878906,8523,2033,0.09578129649162292,0.33659499883651733,390.0,360.0
16,89534,89535,d7a593e696ed9f3758e2aa1030396846b1f96465904f94f61794d48a4bfe4cd2,7930,3.354498863220215,6181,1963,0.1372780054807663,0.3209969997406006,390.0,360.0
16,90794,90795,d7a593e696ed9f3758e2aa1030396846b1f96465904f94f61794d48a4bfe4cd2,8056,5.2752814292907715,9951,1164,0.1954209953546524,0.23595799505710602,390.0,330.0
16,91018,91019,d7a593e696ed9f3758e2aa1030396846b1f96465904f94f61794d48a4bfe4cd2,8076,4.573787689208984,1399,87,0.1976740062236786,0.1855829954147339,360.0,300.0
16,93119,93120,d7a593e696ed9f3758e2aa1030396846b1f96465904f94f61794d48a4bfe4cd2,8260,3.997276782989502,8852,2119,0.18807600438594818,0.2493470013141632,390.0,360.0
16,103072,103073,d7a593e696ed9f3758e2aa1030396846b1f96465904f94f61794d48a4bfe4cd2,9163,7.759157180786133,9290,1750,0.09589800238609314,0.2991180121898651,390.0,360.0
16,104945,104946,d7a593e696ed9f3758e2aa1030396846b1f96465904f94f61794d48a4bfe4cd2,9339,10.827564239501953,3489,167,0.1388860046863556,0.3232420086860657,390.0,300.0
16,105167,105168,d7a593e696ed9f3758e2aa1030396846b1f96465904f94f61794d48a4bfe4cd2,9363,3.1809234619140625,6804,1779,0.19185100495815277,0.1929900050163269,390.0,360.0
16,106408,106409,d7a593e696ed9f3758e2aa1030396846b1f96465904f94f61794d48a4bfe4cd2,9473,4.9397125244140625,5348,1676,0.1846580058336258,0.21886900067329407,390.0,360.0
16,121588,121589,d7a593e696ed9f3758e2aa1030396846b1f96465904f94f61794d48a4bfe4cd2,10853,11.900934219360352,10259,928,0.09304410219192505,0.3512269854545593,390.0,330.0
16,131002,131003,d7a593e696ed9f3758e2aa1030396846b1f96465904f94f61794d48a4bfe4cd2,11714,3.6702144145965576,677,91,0.15432000160217285,0.2824299931526184,330.0,300.0
16,131722,131723,d7a593e696ed9f3758e2aa1030396846b1f96465904f94f61794d48a4bfe4cd2,11779,4.326038837432861,697,11,0.07308360189199448,0.3777630031108856,330.0,300.0
16,142110,142111,d7a593e696ed9f3758e2aa1030396846b1f96465904f94f61794d48a4bfe4cd2,12671,9.264871597290039,1477,673,0.13864600658416748,0.2723020017147064,360.0,330.0
16,149950,149951,d7a593e696ed9f3758e2aa1030396846b1f96465904f94f61794d48a4bfe4cd2,13389,3.794492244720459,10175,2126,0.17904900014400482,0.22931599617004395,390.0,360.0
16,150174,150175,d7a593e696ed9f3758e2aa1030396846b1f96465904f94f61794d48a4bfe4cd2,13410,3.058321714401245,1060,8422,0.20118199288845062,0.15160000324249268,330.0,390.0
16,152158,152159,d7a593e696ed9f3758e2aa1030396846b1f96465904f94f61794d48a4bfe4cd2,13616,3.0738472938537598,9258,2171,0.19638000428676605,0.21245600283145905,390.0,360.0
16,156411,156412,d7a593e696ed9f3758e2aa1030396846b1f96465904f94f61794d48a4bfe4cd2,13945,3.5053529739379883,10126,416,0.21174299716949463,0.16673700511455536,390.0,300.0
16,156941,156942,d7a593e696ed9f3758e2aa1030396846b1f96465904f94f61794d48a4bfe4cd2,13992,10.151740074157715,7073,1193,0.08203060179948807,0.35161399841308594,390.0,330.0
16,162863,162864,d7a593e696ed9f3758e2aa1030396846b1f96465904f94f61794d48a4bfe4cd2,14513,6.081482410430908,10029,500,0.16861200332641602,0.2691270112991333,390.0,300.0
16,177493,177494,d7a593e696ed9f3758e2aa1030396846b1f96465904f94f61794d48a4bfe4cd2,15780,3.838818073272705,1951,239,0.16753700375556946,0.2379159927368164,360.0,300.0
16,178432,178433,d7a593e696ed9f3758e2aa1030396846b1f96465904f94f61794d48a4bfe4cd2,15856,5.08066463470459,1701,5221,0.0753576010465622,0.324084997177124,360.0,390.0
16,179104,179105,d7a593e696ed9f3758e2aa1030396846b1f96465904f94f61794d48a4bfe4cd2,15921,3.8367011547088623,5889,1704,0.1944420039653778,0.20423999428749084,390.0,360.0
16,187668,187669,d7a593e696ed9f3758e2aa1030396846b1f96465904f94f61794d48a4bfe4cd2,16618,3.00777268409729,1771,893,0.2016029953956604,0.2500219941139221,360.0,330.0
16,190958,190959,d7a593e696ed9f3758e2aa1030396846b1f96465904f94f61794d48a4bfe4cd2,16908,4.1858601570129395,1840,143,0.13986100256443024,0.2525179982185364,360.0,300.0
16,194772,194773,d7a593e696ed9f3758e2aa1030396846b1f96465904f94f61794d48a4bfe4cd2,17265,4.2812018394470215,9853,2027,0.15683099627494812,0.27654799818992615,390.0,360.0
16,211314,211315,d7a593e696ed9f3758e2aa1030396846b1f96465904f94f61794d48a4bfe4cd2,18782,7.822776794433594,6162,159,0.14242799580097198,0.23121200501918793,390.0,300.0
16,214692,214693,d7a593e696ed9f3758e2aa1030396846b1f96465904f94f61794d48a4bfe4cd2,19098,5.228034019470215,7568,1799,0.1398559957742691,0.2259729951620102,390.0,360.0
16,224493,224494,d7a593e696ed9f3758e2aa1030396846b1f96465904f94f61794d48a4bfe4cd2,19988,3.314143180847168,7355,2009,0.1599079966545105,0.2904979884624481,390.0,360.0
16,225838,225839,d7a593e696ed9f3758e2aa1030396846b1f96465904f94f61794d48a4bfe4cd2,20114,7.937236309051514,7079,1442,0.06696079671382904,0.34014999866485596,390.0,360.0
16,233246,233247,d7a593e696ed9f3758e2aa1030396846b1f96465904f94f61794d48a4bfe4cd2,20772,5.115429401397705,1535,3932,0.08102010190486908,0.28621000051498413,360.0,390.0
16,237642,237643,d7a593e696ed9f3758e2aa1030396846b1f96465904f94f61794d48a4bfe4cd2,21160,9.873851776123047,3947,1492,0.12966300547122955,0.25562700629234314,390.0,360.0
16,239691,239692,d7a593e696ed9f3758e2aa1030396846b1f96465904f94f61794d48a4bfe4cd2,21327,6.431273937225342,1708,1020,0.08894730359315872,0.2794960141181946,360.0,330.0
16,245098,245099,d7a593e696ed9f3758e2aa1030396846b1f96465904f94f61794d48a4bfe4cd2,21850,5.168141841888428,7037,1806,0.16232499480247498,0.2910589873790741,390.0,360.0
16,251029,251030,d7a593e696ed9f3758e2aa1030396846b1f96465904f94f61794d48a4bfe4cd2,22400,3.461322546005249,4265,1462,0.16441699862480164,0.23718999326229095,390.0,360.0
16,252077,252078,d7a593e696ed9f3758e2aa1030396846b1f96465904f94f61794d48a4bfe4cd2,22490,3.386690855026245,2302,10422,0.2596389949321747,0.13042299449443817,360.0,390.0
16,252495,252496,d7a593e696ed9f3758e2aa1030396846b1f96465904f94f61794d48a4bfe4cd2,22524,4.9975056648254395,3753,1467,0.1730940043926239,0.19549700617790222,390.0,360.0
16,254352,254353,d7a593e696ed9f3758e2aa1030396846b1f96465904f94f61794d48a4bfe4cd2,22690,4.259894371032715,7679,1949,0.18667000532150269,0.20034700632095337,390.0,360.0
16,255877,255878,d7a593e696ed9f3758e2aa1030396846b1f96465904f94f61794d48a4bfe4cd2,22822,3.016432523727417,1653,829,0.16917699575424194,0.2744869887828827,360.0,330.0
16,256951,256952,d7a593e696ed9f3758e2aa1030396846b1f96465904f94f61794d48a4bfe4cd2,22932,5.341087341308594,6777,1803,0.16022999584674835,0.25814199447631836,390.0,360.0
16,261226,261227,d7a593e696ed9f3758e2aa1030396846b1f96465904f94f61794d48a4bfe4cd2,23318,5.770828723907471,5541,1678,0.1520179957151413,0.2658739984035492,390.0,360.0
16,264405,264406,d7a593e696ed9f3758e2aa1030396846b1f96465904f94f61794d48a4bfe4cd2,23595,3.4025802612304688,8162,1942,0.18045000731945038,0.21331200003623962,390.0,360.0
16,270731,270732,d7a593e696ed9f3758e2aa1030396846b1f96465904f94f61794d48a4bfe4cd2,24131,3.0073235034942627,8077,1989,0.21362300217151642,0.20214200019836426,390.0,360.0
16,271580,271581,d7a593e696ed9f3758e2aa1030396846b1f96465904f94f61794d48a4bfe4cd2,24216,3.6721394062042236,4034,705,0.21406899392604828,0.21370700001716614,390.0,330.0
16,274586,274587,d7a593e696ed9f3758e2aa1030396846b1f96465904f94f61794d48a4bfe4cd2,24483,3.6723825931549072,7742,1017,0.20858299732208252,0.17947299778461456,390.0,330.0
16,276690,276691,d7a593e696ed9f3758e2aa1030396846b1f96465904f94f61794d48a4bfe4cd2,24687,4.784999847412109,7576,2074,0.12099000066518784,0.3127720057964325,390.0,360.0
17,3304,3305,d76b14f04d3bcee0322f350f2672612bf448e0f7593f4a50ba304441c3ef9fd2,292,4.202069282531738,7166,1825,0.17032800614833832,0.26652300357818604,390.0,360.0
17,6652,6653,d76b14f04d3bcee0322f350f2672612bf448e0f7593f4a50ba304441c3ef9fd2,567,3.9886081218719482,8887,2100,0.19703400135040283,0.24928200244903564,390.0,360.0
17,15254,15255,d76b14f04d3bcee0322f350f2672612bf448e0f7593f4a50ba304441c3ef9fd2,1314,11.451712608337402,6821,1010,0.10564299672842026,0.3317430019378662,390.0,330.0
17,27385,27386,d76b14f04d3bcee0322f350f2672612bf448e0f7593f4a50ba304441c3ef9fd2,2437,5.6187639236450195,4446,1599,0.1761229932308197,0.2640480101108551,390.0,360.0
17,31051,31052,d76b14f04d3bcee0322f350f2672612bf448e0f7593f4a50ba304441c3ef9fd2,2750,3.408416986465454,5285,1644,0.19414600729942322,0.26139500737190247,390.0,360.0
17,33409,33410,d76b14f04d3bcee0322f350f2672612bf448e0f7593f4a50ba304441c3ef9fd2,2966,5.504385948181152,9670,2131,0.18202699720859528,0.21950599551200867,390.0,360.0
17,39741,39742,d76b14f04d3bcee0322f350f2672612bf448e0f7593f4a50ba304441c3ef9fd2,3503,3.1742215156555176,9243,2293,0.12564100325107574,0.30769601464271545,390.0,360.0
17,44753,44754,d76b14f04d3bcee0322f350f2672612bf448e0f7593f4a50ba304441c3ef9fd2,3962,3.5563900470733643,9031,2114,0.20093199610710144,0.16802099347114563,390.0,360.0
17,50377,50378,d76b14f04d3bcee0322f350f2672612bf448e0f7593f4a50ba304441c3ef9fd2,4502,5.012013912200928,5526,837,0.18267199397087097,0.25053301453590393,390.0,330.0
17,58506,58507,d76b14f04d3bcee0322f350f2672612bf448e0f7593f4a50ba304441c3ef9fd2,5225,4.174239635467529,3272,1440,0.19132199883460999,0.24156799912452698,390.0,360.0
17,62855,62856,d76b14f04d3bcee0322f350f2672612bf448e0f7593f4a50ba304441c3ef9fd2,5616,8.706162452697754,7617,899,0.1395149976015091,0.3421359956264496,390.0,330.0
17,75211,75212,d76b14f04d3bcee0322f350f2672612bf448e0f7593f4a50ba304441c3ef9fd2,6709,4.848260402679443,6939,1648,0.10835299640893936,0.3060080111026764,390.0,360.0
17,80830,80831,d76b14f04d3bcee0322f350f2672612bf448e0f7593f4a50ba304441c3ef9fd2,7205,3.0759313106536865,5612,840,0.21388599276542664,0.17700999975204468,390.0,330.0
17,81919,81920,d76b14f04d3bcee0322f350f2672612bf448e0f7593f4a50ba304441c3ef9fd2,7325,4.157901763916016,8230,1994,0.20461200177669525,0.21847200393676758,390.0,360.0
17,82387,82388,d76b14f04d3bcee0322f350f2672612bf448e0f7593f4a50ba304441c3ef9fd2,7364,10.314146041870117,3836,777,0.11754699796438217,0.3462890088558197,390.0,330.0
17,86694,86695,d76b14f04d3bcee0322f350f2672612bf448e0f7593f4a50ba304441c3ef9fd2,7753,3.0100178718566895,7716,1945,0.22015200555324554,0.18506799638271332,390.0,360.0
17,89115,89116,d76b14f04d3bcee0322f350f2672612bf448e0f7593f4a50ba304441c3ef9fd2,7961,4.322998046875,2161,9638,0.09226659685373306,0.26927798986434937,360.0,390.0
17,97363,97364,d76b14f04d3bcee0322f350f2672612bf448e0f7593f4a50ba304441c3ef9fd2,8703,3.389050006866455,4807,1592,0.1975090056657791,0.21654200553894043,390.0,360.0
17,102198,102199,d76b14f04d3bcee0322f350f2672612bf448e0f7593f4a50ba304441c3ef9fd2,9163,4.874292373657227,4852,1601,0.192672997713089,0.25044000148773193,390.0,360.0
17,104038,104039,d76b14f04d3bcee0322f350f2672612bf448e0f7593f4a50ba304441c3ef9fd2,9330,5.636112213134766,4581,866,0.1495250016450882,0.3185440003871918,390.0,330.0
17,104786,104787,d76b14f04d3bcee0322f350f2672612bf448e0f7593f4a50ba304441c3ef9fd2,9395,3.1975066661834717,1297,720,0.16163000464439392,0.20322200655937195,360.0,330.0
17,106469,106470,d76b14f04d3bcee0322f350f2672612bf448e0f7593f4a50ba304441c3ef9fd2,9551,3.190169095993042,5025,792,0.21259400248527527,0.2212740033864975,390.0,330.0
17,110996,110997,d76b14f04d3bcee0322f350f2672612bf448e0f7593f4a50ba304441c3ef9fd2,9963,12.632547378540039,9812,1161,0.12896500527858734,0.2300810068845749,390.0,330.0
17,116781,116782,d76b14f04d3bcee0322f350f2672612bf448e0f7593f4a50ba304441c3ef9fd2,10486,8.384844779968262,4825,1549,0.11074399948120117,0.31115400791168213,390.0,360.0
17,125138,125139,d76b14f04d3bcee0322f350f2672612bf448e0f7593f4a50ba304441c3ef9fd2,11191,3.410489082336426,2250,10089,0.23046299815177917,0.1284549981355667,360.0,390.0
17,130310,130311,d76b14f04d3bcee0322f350f2672612bf448e0f7593f4a50ba304441c3ef9fd2,11658,4.7450690269470215,1824,927,0.17683899402618408,0.17501699924468994,360.0,330.0
17,130430,130431,d76b14f04d3bcee0322f350f2672612bf448e0f7593f4a50ba304441c3ef9fd2,11668,3.858741283416748,7930,2189,0.11396700143814087,0.3312399983406067,390.0,360.0
17,131987,131988,d76b14f04d3bcee0322f350f2672612bf448e0f7593f4a50ba304441c3ef9fd2,11827,8.477555274963379,2164,1039,0.10612200200557709,0.30140501260757446,360.0,330.0
17,138204,138205,d76b14f04d3bcee0322f350f2672612bf448e0f7593f4a50ba304441c3ef9fd2,12385,5.768719673156738,9592,2111,0.15784400701522827,0.22799299657344818,390.0,360.0
17,139612,139613,d76b14f04d3bcee0322f350f2672612bf448e0f7593f4a50ba304441c3ef9fd2,12516,4.21183443069458,3430,1453,0.1987760066986084,0.24900999665260315,390.0,360.0
17,140496,140497,d76b14f04d3bcee0322f350f2672612bf448e0f7593f4a50ba304441c3ef9fd2,12593,3.063736915588379,1652,4755,0.2593750059604645,0.19721800088882446,360.0,390.0
17,142019,142020,d76b14f04d3bcee0322f350f2672612bf448e0f7593f4a50ba304441c3ef9fd2,12743,4.632903575897217,7823,968,0.17543399333953857,0.20809000730514526,390.0,330.0
17,143500,143501,d76b14f04d3bcee0322f350f2672612bf448e0f7593f4a50ba304441c3ef9fd2,12870,3.3939907550811768,6690,994,0.18040600419044495,0.26242899894714355,390.0,330.0
17,144667,144668,d76b14f04d3bcee0322f350f2672612bf448e0f7593f4a50ba304441c3ef9fd2,12966,3.2349064350128174,1574,725,0.20303300023078918,0.17434200644493103,360.0,330.0
17,150293,150294,d76b14f04d3bcee0322f350f2672612bf448e0f7593f4a50ba304441c3ef9fd2,13459,4.025009632110596,10011,1164,0.20791399478912354,0.22444599866867065,390.0,330.0
17,151323,151324,d76b14f04d3bcee0322f350f2672612bf448e0f7593f4a50ba304441c3ef9fd2,13540,5.524314880371094,10211,431,0.18839600682258606,0.28185901045799255,390.0,300.0
17,166008,166009,d76b14f04d3bcee0322f350f2672612bf448e0f7593f4a50ba304441c3ef9fd2,14789,5.89362096786499,1198,410,0.14909100532531738,0.24085000157356262,330.0,300.0
17,166327,166328,d76b14f04d3bcee0322f350f2672612bf448e0f7593f4a50ba304441c3ef9fd2,14823,3.4190673828125,9024,293,0.18867500126361847,0.28904199600219727,390.0,300.0
17,176007,176008,d76b14f04d3bcee0322f350f2672612bf448e0f7593f4a50ba304441c3ef9fd2,15714,3.0899860858917236,6390,896,0.216730996966362,0.15647399425506592,390.0,330.0
17,176881,176882,d76b14f04d3bcee0322f350f2672612bf448e0f7593f4a50ba304441c3ef9fd2,15789,4.63210916519165,2170,1226,0.14883500337600708,0.258758008480072,360.0,330.0
17,180719,180720,d76b14f04d3bcee0322f350f2672612bf448e0f7593f4a50ba304441c3ef9fd2,16131,7.866340160369873,6545,1961,0.0990288034081459,0.3871139883995056,390.0,360.0
17,190693,190694,d76b14f04d3bcee0322f350f2672612bf448e0f7593f4a50ba304441c3ef9fd2,17044,6.708881378173828,6542,1794,0.14634700119495392,0.28151801228523254,390.0,360.0
17,196030,196031,d76b14f04d3bcee0322f350f2672612bf448e0f7593f4a50ba304441c3ef9fd2,17474,4.7274489402771,1728,832,0.1792519986629486,0.3006249964237213,360.0,330.0
17,199357,199358,d76b14f04d3bcee0322f350f2672612bf448e0f7593f4a50ba304441c3ef9fd2,17784,11.67091178894043,5075,233,0.12864500284194946,0.3032979965209961,390.0,300.0
17,202656,202657,d76b14f04d3bcee0322f350f2672612bf448e0f7593f4a50ba304441c3ef9fd2,18053,3.7752718925476074,1002,344,0.16587500274181366,0.18847399950027466,330.0,300.0
17,204474,204475,d76b14f04d3bcee0322f350f2672612bf448e0f7593f4a50ba304441c3ef9fd2,18205,3.042752504348755,1639,827,0.1828649938106537,0.24755799770355225,360.0,330.0
17,209065,209066,d76b14f04d3bcee0322f350f2672612bf448e0f7593f4a50ba304441c3ef9fd2,18609,3.8457741737365723,8662,2022,0.19712400436401367,0.17666399478912354,390.0,360.0
17,210862,210863,d76b14f04d3bcee0322f350f2672612bf448e0f7593f4a50ba304441c3ef9fd2,18779,3.5845484733581543,9479,2133,0.20649899542331696,0.19075800478458405,390.0,360.0
17,213226,213227,d76b14f04d3bcee0322f350f2672612bf448e0f7593f4a50ba304441c3ef9fd2,19011,4.087876319885254,9219,2073,0.18422499299049377,0.257876992225647,390.0,360.0
17,222682,222683,d76b14f04d3bcee0322f350f2672612bf448e0f7593f4a50ba304441c3ef9fd2,19871,11.207235336303711,9660,2159,0.14638200402259827,0.2562650144100189,390.0,360.0
17,228041,228042,d76b14f04d3bcee0322f350f2672612bf448e0f7593f4a50ba304441c3ef9fd2,20337,5.944577217102051,6063,1760,0.1661909967660904,0.25888800621032715,390.0,360.0
17,229754,229755,d76b14f04d3bcee0322f350f2672612bf448e0f7593f4a50ba304441c3ef9fd2,20510,6.082668304443359,3411,1566,0.13999000191688538,0.30133599042892456,390.0,360.0
17,231808,231809,d76b14f04d3bcee0322f350f2672612bf448e0f7593f4a50ba304441c3ef9fd2,20702,3.124974012374878,6502,903,0.2122509926557541,0.22708499431610107,390.0,330.0
17,237913,237914,d76b14f04d3bcee0322f350f2672612bf448e0f7593f4a50ba304441c3ef9fd2,21221,3.91508412361145,1137,9382,0.054557401686906815,0.3783470094203949,330.0,390.0
17,245027,245028,d76b14f04d3bcee0322f350f2672612bf448e0f7593f4a50ba304441c3ef9fd2,21886,4.920406341552734,8330,1687,0.11542099714279175,0.33542799949645996,390.0,360.0
17,252154,252155,d76b14f04d3bcee0322f350f2672612bf448e0f7593f4a50ba304441c3ef9fd2,22509,5.2863874435424805,9263,357,0.17823700606822968,0.29499098658561707,390.0,300.0
17,258757,258758,d76b14f04d3bcee0322f350f2672612bf448e0f7593f4a50ba304441c3ef9fd2,23091,11.29773998260498,6659,1731,0.09859789907932281,0.31323501467704773,390.0,360.0
17,263140,263141,d76b14f04d3bcee0322f350f2672612bf448e0f7593f4a50ba304441c3ef9fd2,23489,3.0384247303009033,8288,1993,0.2088479995727539,0.1827870011329651,390.0,360.0
17,263264,263265,d76b14f04d3bcee0322f350f2672612bf448e0f7593f4a50ba304441c3ef9fd2,23499,3.3308486938476562,4421,1557,0.2128250002861023,0.19450099766254425,390.0,360.0
17,264193,264194,d76b14f04d3bcee0322f350f2672612bf448e0f7593f4a50ba304441c3ef9fd2,23586,3.9951086044311523,5484,834,0.18471600115299225,0.21243500709533691,390.0,330.0
18,6288,6289,46015e2c0d0d8042807c82aa6c3c4e79fe78d0af4f380b93f6d66c0b0d00eb5d,587,9.086068153381348,8867,1686,0.07521360367536545,0.345209002494812,390.0,360.0
18,9480,9481,46015e2c0d0d8042807c82aa6c3c4e79fe78d0af4f380b93f6d66c0b0d00eb5d,842,3.925630807876587,753,3503,0.05700099840760231,0.3787829875946045,330.0,390.0
18,18118,18119,46015e2c0d0d8042807c82aa6c3c4e79fe78d0af4f380b93f6d66c0b0d00eb5d,1579,5.877162456512451,7975,906,0.14807100594043732,0.2302750051021576,390.0,330.0
18,21761,21762,46015e2c0d0d8042807c82aa6c3c4e79fe78d0af4f380b93f6d66c0b0d00eb5d,1907,4.071412563323975,2670,531,0.18575799465179443,0.21965600550174713,390.0,330.0
18,23704,23705,46015e2c0d0d8042807c82aa6c3c4e79fe78d0af4f380b93f6d66c0b0d00eb5d,2086,3.225069761276245,1847,1169,0.12996600568294525,0.2730560004711151,360.0,330.0
18,26911,26912,46015e2c0d0d8042807c82aa6c3c4e79fe78d0af4f380b93f6d66c0b0d00eb5d,2395,6.86704683303833,7744,1086,0.15481500327587128,0.3158330023288727,390.0,330.0
18,27833,27834,46015e2c0d0d8042807c82aa6c3c4e79fe78d0af4f380b93f6d66c0b0d00eb5d,2473,3.8168082237243652,858,249,0.1765729933977127,0.2904300093650818,330.0,300.0
18,30903,30904,46015e2c0d0d8042807c82aa6c3c4e79fe78d0af4f380b93f6d66c0b0d00eb5d,2779,3.0660173892974854,2271,1169,0.18572300672531128,0.1824679970741272,360.0,330.0
18,32949,32950,46015e2c0d0d8042807c82aa6c3c4e79fe78d0af4f380b93f6d66c0b0d00eb5d,2955,3.396181106567383,8618,2095,0.18714700639247894,0.19815899431705475,390.0,360.0
18,47212,47213,46015e2c0d0d8042807c82aa6c3c4e79fe78d0af4f380b93f6d66c0b0d00eb5d,4273,13.532922744750977,3272,1429,0.1177000030875206,0.2983500063419342,390.0,360.0
18,50512,50513,46015e2c0d0d8042807c82aa6c3c4e79fe78d0af4f380b93f6d66c0b0d00eb5d,4551,3.6762635707855225,1418,3368,0.20170100033283234,0.24965299665927887,360.0,390.0
18,53159,53160,46015e2c0d0d8042807c82aa6c3c4e79fe78d0af4f380b93f6d66c0b0d00eb5d,4761,6.611076354980469,1939,258,0.15066200494766235,0.2863909900188446,360.0,300.0
18,54364,54365,46015e2c0d0d8042807c82aa6c3c4e79fe78d0af4f380b93f6d66c0b0d00eb5d,4869,3.19783091545105,1613,333,0.15394100546836853,0.27599599957466125,360.0,300.0
18,62163,62164,46015e2c0d0d8042807c82aa6c3c4e79fe78d0af4f380b93f6d66c0b0d00eb5d,5558,3.806978464126587,9507,2152,0.20483599603176117,0.24639299511909485,390.0,360.0
18,62551,62552,46015e2c0d0d8042807c82aa6c3c4e79fe78d0af4f380b93f6d66c0b0d00eb5d,5586,3.6609697341918945,6364,307,0.1873749941587448,0.2921609878540039,390.0,300.0
18,64882,64883,46015e2c0d0d8042807c82aa6c3c4e79fe78d0af4f380b93f6d66c0b0d00eb5d,5802,3.8872416019439697,4509,1659,0.16595399379730225,0.25966599583625793,390.0,360.0
18,68894,68895,46015e2c0d0d8042807c82aa6c3c4e79fe78d0af4f380b93f6d66c0b0d00eb5d,6151,3.1315805912017822,6692,995,0.18560899794101715,0.2742910087108612,390.0,330.0
18,70702,70703,46015e2c0d0d8042807c82aa6c3c4e79fe78d0af4f380b93f6d66c0b0d00eb5d,6298,6.020640850067139,9763,2297,0.12243799865245819,0.32128098607063293,390.0,360.0
18,77673,77674,46015e2c0d0d8042807c82aa6c3c4e79fe78d0af4f380b93f6d66c0b0d00eb5d,6912,9.910305976867676,7655,1680,0.06533779948949814,0.38702601194381714,390.0,360.0
18,80414,80415,46015e2c0d0d8042807c82aa6c3c4e79fe78d0af4f380b93f6d66c0b0d00eb5d,7171,6.104827404022217,2756,581,0.169841006398201,0.2176090031862259,390.0,330.0
18,82554,82555,46015e2c0d0d8042807c82aa6c3c4e79fe78d0af4f380b93f6d66c0b0d00eb5d,7361,4.767167568206787,2682,596,0.2033039927482605,0.20094099640846252,390.0,330.0
18,85215,85216,46015e2c0d0d8042807c82aa6c3c4e79fe78d0af4f380b93f6d66c0b0d00eb5d,7592,3.9686737060546875,6292,243,0.20520000159740448,0.2287610024213791,390.0,300.0
18,91533,91534,46015e2c0d0d8042807c82aa6c3c4e79fe78d0af4f380b93f6d66c0b0d00eb5d,8116,4.18447208404541,9745,2200,0.19328999519348145,0.21567900478839874,390.0,360.0
18,95810,95811,46015e2c0d0d8042807c82aa6c3c4e79fe78d0af4f380b93f6d66c0b0d00eb5d,8493,3.595452070236206,6048,1714,0.17687399685382843,0.25577598810195923,390.0,360.0
18,97435,97436,46015e2c0d0d8042807c82aa6c3c4e79fe78d0af4f380b93f6d66c0b0d00eb5d,8633,5.690439701080322,7791,2012,0.16186800599098206,0.23514600098133087,390.0,360.0
18,99173,99174,46015e2c0d0d8042807c82aa6c3c4e79fe78d0af4f380b93f6d66c0b0d00eb5d,8772,7.507080078125,6852,1093,0.12387999892234802,0.36312898993492126,390.0,330.0
18,99321,99322,46015e2c0d0d8042807c82aa6c3c4e79fe78d0af4f380b93f6d66c0b0d00eb5d,8787,4.950412273406982,1615,152,0.1816760003566742,0.23473000526428223,360.0,300.0
18,99565,99566,46015e2c0d0d8042807c82aa6c3c4e79fe78d0af4f380b93f6d66c0b0d00eb5d,8816,6.800562381744385,10243,2257,0.17370499670505524,0.2424989938735962,390.0,360.0
18,99722,99723,46015e2c0d0d8042807c82aa6c3c4e79fe78d0af4f380b93f6d66c0b0d00eb5d,8830,6.619180679321289,2282,1222,0.1510470062494278,0.28827598690986633,360.0,330.0
18,104906,104907,46015e2c0d0d8042807c82aa6c3c4e79fe78d0af4f380b93f6d66c0b0d00eb5d,9299,11.061556816101074,3674,1375,0.07431689649820328,0.40324801206588745,390.0,360.0
18,110033,110034,46015e2c0d0d8042807c82aa6c3c4e79fe78d0af4f380b93f6d66c0b0d00eb5d,9748,3.236074209213257,9513,2138,0.2131749987602234,0.18405500054359436,390.0,360.0
18,112369,112370,46015e2c0d0d8042807c82aa6c3c4e79fe78d0af4f380b93f6d66c0b0d00eb5d,9963,3.1686806678771973,8830,1170,0.19455699622631073,0.2132119983434677,390.0,330.0
18,117563,117564,46015e2c0d0d8042807c82aa6c3c4e79fe78d0af4f380b93f6d66c0b0d00eb5d,10423,3.111204147338867,10442,2264,0.19734400510787964,0.24084199965000153,390.0,360.0
18,128972,128973,46015e2c0d0d8042807c82aa6c3c4e79fe78d0af4f380b93f6d66c0b0d00eb5d,11423,5.19199800491333,3628,1371,0.13992199301719666,0.33159899711608887,390.0,360.0
18,129885,129886,46015e2c0d0d8042807c82aa6c3c4e79fe78d0af4f380b93f6d66c0b0d00eb5d,11512,4.263978958129883,802,5693,0.08615779876708984,0.29526498913764954,330.0,390.0
18,135277,135278,46015e2c0d0d8042807c82aa6c3c4e79fe78d0af4f380b93f6d66c0b0d00eb5d,12024,7.936418056488037,2111,1107,0.15174600481987,0.2541370093822479,360.0,330.0
18,139422,139423,46015e2c0d0d8042807c82aa6c3c4e79fe78d0af4f380b93f6d66c0b0d00eb5d,12381,4.387478828430176,751,4594,0.08165609836578369,0.31434300541877747,330.0,390.0
18,141274,141275,46015e2c0d0d8042807c82aa6c3c4e79fe78d0af4f380b93f6d66c0b0d00eb5d,12543,7.565342903137207,8523,2049,0.1398639976978302,0.27025800943374634,390.0,360.0
18,142038,142039,46015e2c0d0d8042807c82aa6c3c4e79fe78d0af4f380b93f6d66c0b0d00eb5d,12599,3.0017142295837402,9480,2179,0.2071319967508316,0.19335199892520905,390.0,360.0
18,150151,150152,46015e2c0d0d8042807c82aa6c3c4e79fe78d0af4f380b93f6d66c0b0d00eb5d,13333,3.424281120300293,1539,4967,0.09783049672842026,0.3621619939804077,360.0,390.0
18,152040,152041,46015e2c0d0d8042807c82aa6c3c4e79fe78d0af4f380b93f6d66c0b0d00eb5d,13523,3.0363147258758545,2155,9135,0.24256600439548492,0.248308002948761,360.0,390.0
18,157799,157800,46015e2c0d0d8042807c82aa6c3c4e79fe78d0af4f380b93f6d66c0b0d00eb5d,14016,3.9914281368255615,4483,1557,0.20501400530338287,0.21970899403095245,390.0,360.0
18,160903,160904,46015e2c0d0d8042807c82aa6c3c4e79fe78d0af4f380b93f6d66c0b0d00eb5d,14305,4.233930587768555,7186,1776,0.13878799974918365,0.2548840045928955,390.0,360.0
18,168910,168911,46015e2c0d0d8042807c82aa6c3c4e79fe78d0af4f380b93f6d66c0b0d00eb5d,15019,3.091444253921509,746,43,0.11699900031089783,0.25336599349975586,330.0,300.0
18,176857,176858,46015e2c0d0d8042807c82aa6c3c4e79fe78d0af4f380b93f6d66c0b0d00eb5d,15682,6.040186405181885,10030,1571,0.10661900043487549,0.32921698689460754,390.0,360.0
18,178013,178014,46015e2c0d0d8042807c82aa6c3c4e79fe78d0af4f380b93f6d66c0b0d00eb5d,15782,3.080040216445923,1978,317,0.19075000286102295,0.17217999696731567,360.0,300.0
18,180599,180600,46015e2c0d0d8042807c82aa6c3c4e79fe78d0af4f380b93f6d66c0b0d00eb5d,16026,3.650251865386963,169,707,0.05569339916110039,0.35572201013565063,300.0,330.0
18,201079,201080,46015e2c0d0d8042807c82aa6c3c4e79fe78d0af4f380b93f6d66c0b0d00eb5d,17824,5.682384967803955,8204,1973,0.16847600042819977,0.20682400465011597,390.0,360.0
18,207954,207955,46015e2c0d0d8042807c82aa6c3c4e79fe78d0af4f380b93f6d66c0b0d00eb5d,18449,3.043248176574707,10310,1147,0.20862700045108795,0.2086070030927658,390.0,330.0
18,214593,214594,46015e2c0d0d8042807c82aa6c3c4e79fe78d0af4f380b93f6d66c0b0d00eb5d,19049,4.101831912994385,7701,1010,0.1988150030374527,0.27267199754714966,390.0,330.0
18,215490,215491,46015e2c0d0d8042807c82aa6c3c4e79fe78d0af4f380b93f6d66c0b0d00eb5d,19125,7.038516044616699,3867,832,0.1345909982919693,0.2969779968261719,390.0,330.0
18,221248,221249,46015e2c0d0d8042807c82aa6c3c4e79fe78d0af4f380b93f6d66c0b0d00eb5d,19677,4.547545909881592,7169,1876,0.20371699333190918,0.19859099388122559,390.0,360.0
18,222779,222780,46015e2c0d0d8042807c82aa6c3c4e79fe78d0af4f380b93f6d66c0b0d00eb5d,19803,3.4148542881011963,5181,1678,0.19983699917793274,0.1670590043067932,390.0,360.0
18,225910,225911,46015e2c0d0d8042807c82aa6c3c4e79fe78d0af4f380b93f6d66c0b0d00eb5d,20078,3.869450330734253,6520,170,0.17499199509620667,0.26765599846839905,390.0,300.0
18,226531,226532,46015e2c0d0d8042807c82aa6c3c4e79fe78d0af4f380b93f6d66c0b0d00eb5d,20138,3.081336498260498,9626,1254,0.1882620006799698,0.24388599395751953,390.0,330.0
18,234943,234944,46015e2c0d0d8042807c82aa6c3c4e79fe78d0af4f380b93f6d66c0b0d00eb5d,20874,3.2720460891723633,2189,10297,0.24619099497795105,0.19051800668239594,360.0,390.0
18,246711,246712,46015e2c0d0d8042807c82aa6c3c4e79fe78d0af4f380b93f6d66c0b0d00eb5d,21967,4.570461273193359,5805,1626,0.15008699893951416,0.2948409914970398,390.0,360.0
18,250112,250113,46015e2c0d0d8042807c82aa6c3c4e79fe78d0af4f380b93f6d66c0b0d00eb5d,22269,3.727114200592041,10172,994,0.16918699443340302,0.25679999589920044,390.0,330.0
18,252374,252375,46015e2c0d0d8042807c82aa6c3c4e79fe78d0af4f380b93f6d66c0b0d00eb5d,22459,4.463520050048828,1728,5594,0.1016250029206276,0.29962000250816345,360.0,390.0
18,253503,253504,46015e2c0d0d8042807c82aa6c3c4e79fe78d0af4f380b93f6d66c0b0d00eb5d,22564,4.287814617156982,3325,1435,0.18422499299049377,0.28217700123786926,390.0,360.0
18,253609,253610,46015e2c0d0d8042807c82aa6c3c4e79fe78d0af4f380b93f6d66c0b0d00eb5d,22574,3.432102680206299,1036,8298,0.2477709949016571,0.20576100051403046,330.0,390.0
18,262339,262340,46015e2c0d0d8042807c82aa6c3c4e79fe78d0af4f380b93f6d66c0b0d00eb5d,23311,5.628912448883057,7282,1055,0.1511089950799942,0.34130701422691345,390.0,330.0
18,262450,262451,46015e2c0d0d8042807c82aa6c3c4e79fe78d0af4f380b93f6d66c0b0d00eb5d,23316,4.914440631866455,6470,1811,0.1861809939146042,0.2339790016412735,390.0,360.0
18,263368,263369,46015e2c0d0d8042807c82aa6c3c4e79fe78d0af4f380b93f6d66c0b0d00eb5d,23390,4.011435508728027,109,1448,0.06310279667377472,0.3153359889984131,300.0,360.0
19,294,295,eff8d2c487aabfe78e09e3cef7f70293e153f15af8878b7d2e2e30bc84338331,27,3.098862886428833,6996,1924,0.17080000042915344,0.27849701046943665,390.0,360.0
19,3699,3700,eff8d2c487aabfe78e09e3cef7f70293e153f15af8878b7d2e2e30bc84338331,340,5.570003032684326,4703,1549,0.14305000007152557,0.25400200486183167,390.0,360.0
19,4925,4926,eff8d2c487aabfe78e09e3cef7f70293e153f15af8878b7d2e2e30bc84338331,452,3.0661332607269287,5752,1662,0.1910579949617386,0.21249400079250336,390.0,360.0
19,9607,9608,eff8d2c487aabfe78e09e3cef7f70293e153f15af8878b7d2e2e30bc84338331,883,3.189863920211792,331,1961,0.22508299350738525,0.1417659968137741,300.0,360.0
19,10925,10926,eff8d2c487aabfe78e09e3cef7f70293e153f15af8878b7d2e2e30bc84338331,1017,5.082306861877441,775,1658,0.06190529838204384,0.35349899530410767,330.0,360.0
19,24655,24656,eff8d2c487aabfe78e09e3cef7f70293e153f15af8878b7d2e2e30bc84338331,2224,3.3731536865234375,2174,9910,0.2713409960269928,0.15701599419116974,360.0,390.0
19,24770,24771,eff8d2c487aabfe78e09e3cef7f70293e153f15af8878b7d2e2e30bc84338331,2234,4.287391185760498,6621,1752,0.17430399358272552,0.27270200848579407,390.0,360.0
19,27875,27876,eff8d2c487aabfe78e09e3cef7f70293e153f15af8878b7d2e2e30bc84338331,2506,10.846478462219238,7393,1804,0.09486900269985199,0.29446500539779663,390.0,360.0
19,28317,28318,eff8d2c487aabfe78e09e3cef7f70293e153f15af8878b7d2e2e30bc84338331,2548,3.330742359161377,8578,1135,0.1927970051765442,0.18515299260616302,390.0,330.0
19,30190,30191,eff8d2c487aabfe78e09e3cef7f70293e153f15af8878b7d2e2e30bc84338331,2717,4.9976019859313965,5608,1750,0.15509499609470367,0.3129520118236542,390.0,360.0
19,34140,34141,eff8d2c487aabfe78e09e3cef7f70293e153f15af8878b7d2e2e30bc84338331,3084,4.032297611236572,2199,9861,0.18944400548934937,0.17620599269866943,360.0,390.0
19,34928,34929,eff8d2c487aabfe78e09e3cef7f70293e153f15af8878b7d2e2e30bc84338331,3149,5.118019104003906,1984,1033,0.17723600566387177,0.1856590062379837,360.0,330.0
19,41981,41982,eff8d2c487aabfe78e09e3cef7f70293e153f15af8878b7d2e2e30bc84338331,3774,3.2332003116607666,740,4391,0.20172299444675446,0.21092399954795837,330.0,390.0
19,44468,44469,eff8d2c487aabfe78e09e3cef7f70293e153f15af8878b7d2e2e30bc84338331,3971,3.22664737701416,4475,609,0.16598999500274658,0.303600013256073,390.0,330.0
19,50096,50097,eff8d2c487aabfe78e09e3cef7f70293e153f15af8878b7d2e2e30bc84338331,4455,3.639765501022339,752,4536,0.09198150038719177,0.311379998922348,330.0,390.0
19,72950,72951,eff8d2c487aabfe78e09e3cef7f70293e153f15af8878b7d2e2e30bc84338331,6530,5.74763298034668,6487,1865,0.15150700509548187,0.26104500889778137,390.0,360.0
19,73894,73895,eff8d2c487aabfe78e09e3cef7f70293e153f15af8878b7d2e2e30bc84338331,6623,3.1540639400482178,3376,1403,0.20083999633789062,0.24442799389362335,390.0,360.0
19,76521,76522,eff8d2c487aabfe78e09e3cef7f70293e153f15af8878b7d2e2e30bc84338331,6852,9.526944160461426,1480,708,0.13166099786758423,0.2576020061969757,360.0,330.0
19,84786,84787,eff8d2c487aabfe78e09e3cef7f70293e153f15af8878b7d2e2e30bc84338331,7600,3.4436559677124023,9342,364,0.2070470005273819,0.21580900251865387,390.0,300.0
19,85683,85684,eff8d2c487aabfe78e09e3cef7f70293e153f15af8878b7d2e2e30bc84338331,7686,3.888880729675293,8558,2045,0.21118700504302979,0.20378200709819794,390.0,360.0
19,92241,92242,eff8d2c487aabfe78e09e3cef7f70293e153f15af8878b7d2e2e30bc84338331,8270,3.152195453643799,10450,2297,0.18478399515151978,0.2350340038537979,390.0,360.0
19,93063,93064,eff8d2c487aabfe78e09e3cef7f70293e153f15af8878b7d2e2e30bc84338331,8360,3.2329447269439697,1214,10483,0.19288800656795502,0.2696770131587982,330.0,390.0
19,95259,95260,eff8d2c487aabfe78e09e3cef7f70293e153f15af8878b7d2e2e30bc84338331,8540,6.245126724243164,2197,1161,0.18196000158786774,0.27622199058532715,360.0,330.0
19,96408,96409,eff8d2c487aabfe78e09e3cef7f70293e153f15af8878b7d2e2e30bc84338331,8626,3.726839065551758,2053,8972,0.24641400575637817,0.11421199887990952,360.0,390.0
19,101285,101286,eff8d2c487aabfe78e09e3cef7f70293e153f15af8878b7d2e2e30bc84338331,9033,3.019897222518921,5211,851,0.20194299519062042,0.20508000254631042,390.0,330.0
19,102396,102397,eff8d2c487aabfe78e09e3cef7f70293e153f15af8878b7d2e2e30bc84338331,9150,3.551433563232422,4702,1586,0.19024500250816345,0.21761900186538696,390.0,360.0
19,103329,103330,eff8d2c487aabfe78e09e3cef7f70293e153f15af8878b7d2e2e30bc84338331,9238,3.4617364406585693,4895,1584,0.18945500254631042,0.2833220064640045,390.0,360.0
19,106327,106328,eff8d2c487aabfe78e09e3cef7f70293e153f15af8878b7d2e2e30bc84338331,9501,3.3797290325164795,8769,2034,0.20503099262714386,0.19099700450897217,390.0,360.0
19,112865,112866,eff8d2c487aabfe78e09e3cef7f70293e153f15af8878b7d2e2e30bc84338331,10049,4.945563793182373,9666,2243,0.16064000129699707,0.26699098944664,390.0,360.0
19,116538,116539,eff8d2c487aabfe78e09e3cef7f70293e153f15af8878b7d2e2e30bc84338331,10365,3.425037145614624,8115,2031,0.18303899466991425,0.20635800063610077,390.0,360.0
19,116739,116740,eff8d2c487aabfe78e09e3cef7f70293e153f15af8878b7d2e2e30bc84338331,10383,5.433143615722656,5335,1873,0.11552900075912476,0.353300005197525,390.0,360.0
19,119428,119429,eff8d2c487aabfe78e09e3cef7f70293e153f15af8878b7d2e2e30bc84338331,10617,4.892597198486328,8345,1990,0.1888439953327179,0.16599099338054657,390.0,360.0
19,131039,131040,eff8d2c487aabfe78e09e3cef7f70293e153f15af8878b7d2e2e30bc84338331,11636,3.856252431869507,2710,1333,0.1537570059299469,0.2940079867839813,390.0,360.0
19,132746,132747,eff8d2c487aabfe78e09e3cef7f70293e153f15af8878b7d2e2e30bc84338331,11793,3.0608372688293457,6887,1840,0.20063400268554688,0.21229200065135956,390.0,360.0
19,139423,139424,eff8d2c487aabfe78e09e3cef7f70293e153f15af8878b7d2e2e30bc84338331,12409,6.720366954803467,5482,885,0.16841599345207214,0.22364099323749542,390.0,330.0
19,142731,142732,eff8d2c487aabfe78e09e3cef7f70293e153f15af8878b7d2e2e30bc84338331,12709,6.121013641357422,5559,905,0.1676339954137802,0.25634700059890747,390.0,330.0
19,143903,143904,eff8d2c487aabfe78e09e3cef7f70293e153f15af8878b7d2e2e30bc84338331,12818,3.827871561050415,10172,2101,0.16930200159549713,0.2654170095920563,390.0,360.0
19,155574,155575,eff8d2c487aabfe78e09e3cef7f70293e153f15af8878b7d2e2e30bc84338331,13884,3.7474091053009033,2175,9848,0.2121420055627823,0.15454399585723877,360.0,390.0
19,157956,157957,eff8d2c487aabfe78e09e3cef7f70293e153f15af8878b7d2e2e30bc84338331,14090,5.369187831878662,1733,260,0.1784439980983734,0.18228699266910553,360.0,300.0
19,160410,160411,eff8d2c487aabfe78e09e3cef7f70293e153f15af8878b7d2e2e30bc84338331,14321,6.592676162719727,2217,1201,0.16137200593948364,0.18903900682926178,360.0,330.0
19,162239,162240,eff8d2c487aabfe78e09e3cef7f70293e153f15af8878b7d2e2e30bc84338331,14465,13.501228332519531,5555,1627,0.08631309866905212,0.3541629910469055,390.0,360.0
19,165644,165645,eff8d2c487aabfe78e09e3cef7f70293e153f15af8878b7d2e2e30bc84338331,14754,11.84677505493164,1711,827,0.1111529991030693,0.2667520046234131,360.0,330.0
19,167000,167001,eff8d2c487aabfe78e09e3cef7f70293e153f15af8878b7d2e2e30bc84338331,14890,3.1384999752044678,8286,996,0.20247000455856323,0.2614879906177521,390.0,330.0
19,168511,168512,eff8d2c487aabfe78e09e3cef7f70293e153f15af8878b7d2e2e30bc84338331,15047,6.5403852462768555,5422,861,0.16712500154972076,0.24706199765205383,390.0,330.0
19,168756,168757,eff8d2c487aabfe78e09e3cef7f70293e153f15af8878b7d2e2e30bc84338331,15063,3.8021116256713867,1382,2891,0.2664259970188141,0.10493499785661697,360.0,390.0
19,177341,177342,eff8d2c487aabfe78e09e3cef7f70293e153f15af8878b7d2e2e30bc84338331,15829,3.9906387329101562,5435,1683,0.16450899839401245,0.24698400497436523,390.0,360.0
19,180012,180013,eff8d2c487aabfe78e09e3cef7f70293e153f15af8878b7d2e2e30bc84338331,16064,3.0651540756225586,9118,1107,0.2095859944820404,0.2161879986524582,390.0,330.0
19,183142,183143,eff8d2c487aabfe78e09e3cef7f70293e153f15af8878b7d2e2e30bc84338331,16329,3.1033666133880615,1866,6869,0.19312900304794312,0.2056030035018921,360.0,390.0
19,184260,184261,eff8d2c487aabfe78e09e3cef7f70293e153f15af8878b7d2e2e30bc84338331,16431,3.000436782836914,9490,1206,0.2026820033788681,0.198171004652977,390.0,330.0
19,186836,186837,eff8d2c487aabfe78e09e3cef7f70293e153f15af8878b7d2e2e30bc84338331,16661,4.159794330596924,4263,673,0.18954899907112122,0.21422100067138672,390.0,330.0
19,188760,188761,eff8d2c487aabfe78e09e3cef7f70293e153f15af8878b7d2e2e30bc84338331,16844,4.3196916580200195,5801,1673,0.17349499464035034,0.2788650095462799,390.0,360.0
19,190754,190755,eff8d2c487aabfe78e09e3cef7f70293e153f15af8878b7d2e2e30bc84338331,16998,3.247978687286377,1063,345,0.19700999557971954,0.1932779997587204,330.0,300.0
19,193005,193006,eff8d2c487aabfe78e09e3cef7f70293e153f15af8878b7d2e2e30bc84338331,17192,4.020229816436768,1346,2961,0.083992600440979,0.3511410057544708,360.0,390.0
19,197066,197067,eff8d2c487aabfe78e09e3cef7f70293e153f15af8878b7d2e2e30bc84338331,17526,6.240654945373535,8340,1059,0.173007994890213,0.20210500061511993,390.0,330.0
19,204893,204894,eff8d2c487aabfe78e09e3cef7f70293e153f15af8878b7d2e2e30bc84338331,18198,4.016025066375732,8447,1078,0.20327800512313843,0.23960299789905548,390.0,330.0
19,207328,207329,eff8d2c487aabfe78e09e3cef7f70293e153f15af8878b7d2e2e30bc84338331,18414,7.960182189941406,6653,870,0.14550800621509552,0.2781209945678711,390.0,330.0
19,215119,215120,eff8d2c487aabfe78e09e3cef7f70293e153f15af8878b7d2e2e30bc84338331,19102,4.437169551849365,9281,469,0.18165700137615204,0.1802469938993454,390.0,300.0
19,221327,221328,eff8d2c487aabfe78e09e3cef7f70293e153f15af8878b7d2e2e30bc84338331,19659,7.881725311279297,1662,769,0.13367800414562225,0.29791098833084106,360.0,330.0
19,224476,224477,eff8d2c487aabfe78e09e3cef7f70293e153f15af8878b7d2e2e30bc84338331,19935,3.1993420124053955,3740,1532,0.18479099869728088,0.2245820015668869,390.0,360.0
19,225956,225957,eff8d2c487aabfe78e09e3cef7f70293e153f15af8878b7d2e2e30bc84338331,20082,6.300607204437256,5524,903,0.15240800380706787,0.27445900440216064,390.0,330.0
19,228120,228121,eff8d2c487aabfe78e09e3cef7f70293e153f15af8878b7d2e2e30bc84338331,20255,3.685943365097046,3404,625,0.20327100157737732,0.2215069979429245,390.0,330.0
19,229529,229530,eff8d2c487aabfe78e09e3cef7f70293e153f15af8878b7d2e2e30bc84338331,20359,9.532564163208008,9432,2166,0.14463500678539276,0.24056699872016907,390.0,360.0
19,235403,235404,eff8d2c487aabfe78e09e3cef7f70293e153f15af8878b7d2e2e30bc84338331,20891,4.749041557312012,1783,323,0.15711000561714172,0.23882800340652466,360.0,300.0
19,241489,241490,eff8d2c487aabfe78e09e3cef7f70293e153f15af8878b7d2e2e30bc84338331,21432,4.006988525390625,1919,5464,0.07108309864997864,0.2817949950695038,360.0,390.0
19,242375,242376,eff8d2c487aabfe78e09e3cef7f70293e153f15af8878b7d2e2e30bc84338331,21506,3.6809635162353516,1028,332,0.1989399939775467,0.2012699991464615,330.0,300.0
19,243461,243462,eff8d2c487aabfe78e09e3cef7f70293e153f15af8878b7d2e2e30bc84338331,21601,11.408679008483887,1984,297,0.12271100282669067,0.31423699855804443,360.0,300.0
19,251964,251965,eff8d2c487aabfe78e09e3cef7f70293e153f15af8878b7d2e2e30bc84338331,22336,3.097794532775879,9330,2135,0.1830569952726364,0.23508299887180328,390.0,360.0
19,252903,252904,eff8d2c487aabfe78e09e3cef7f70293e153f15af8878b7d2e2e30bc84338331,22416,6.933841705322266,5379,1511,0.10908199846744537,0.34163200855255127,390.0,360.0
19,258320,258321,eff8d2c487aabfe78e09e3cef7f70293e153f15af8878b7d2e2e30bc84338331,22870,3.112610340118408,3554,767,0.19517399370670319,0.19109299778938293,390.0,330.0
20,741,742,2c7400c11c41120de946f44c045b728e6b1a74f9d4d891418c656a193fc6763d,59,4.113669395446777,3923,1478,0.1874150037765503,0.24808700382709503,390.0,360.0
20,6179,6180,2c7400c11c41120de946f44c045b728e6b1a74f9d4d891418c656a193fc6763d,517,4.453617572784424,6786,1799,0.1732490062713623,0.21663199365139008,390.0,360.0
20,8092,8093,2c7400c11c41120de946f44c045b728e6b1a74f9d4d891418c656a193fc6763d,673,9.200904846191406,9848,142,0.11085999757051468,0.31116199493408203,390.0,300.0
20,8561,8562,2c7400c11c41120de946f44c045b728e6b1a74f9d4d891418c656a193fc6763d,717,11.826470375061035,2692,1379,0.1379760056734085,0.30306899547576904,390.0,360.0
20,9643,9644,2c7400c11c41120de946f44c045b728e6b1a74f9d4d891418c656a193fc6763d,810,5.238000392913818,644,4354,0.07046909630298615,0.33018800616264343,330.0,390.0
20,11090,11091,2c7400c11c41120de946f44c045b728e6b1a74f9d4d891418c656a193fc6763d,930,5.131923198699951,7586,964,0.19072900712490082,0.21248699724674225,390.0,330.0
20,18263,18264,2c7400c11c41120de946f44c045b728e6b1a74f9d4d891418c656a193fc6763d,1555,11.46938419342041,9534,2280,0.0816430002450943,0.3427160084247589,390.0,360.0
20,19534,19535,2c7400c11c41120de946f44c045b728e6b1a74f9d4d891418c656a193fc6763d,1669,6.678296089172363,2251,1149,0.13927899301052094,0.3078390061855316,360.0,330.0
20,25454,25455,2c7400c11c41120de946f44c045b728e6b1a74f9d4d891418c656a193fc6763d,2202,4.682684421539307,6599,1804,0.16724899411201477,0.27595600485801697,390.0,360.0
20,29919,29920,2c7400c11c41120de946f44c045b728e6b1a74f9d4d891418c656a193fc6763d,2581,3.0181095600128174,3147,1307,0.15557900071144104,0.20684300363063812,390.0,360.0
20,36101,36102,2c7400c11c41120de946f44c045b728e6b1a74f9d4d891418c656a193fc6763d,3122,3.3178842067718506,10410,2206,0.20027999579906464,0.22246399521827698,390.0,360.0
20,41332,41333,2c7400c11c41120de946f44c045b728e6b1a74f9d4d891418c656a193fc6763d,3623,4.283289909362793,2118,287,0.1535869985818863,0.2581680119037628,360.0,300.0
20,43322,43323,2c7400c11c41120de946f44c045b728e6b1a74f9d4d891418c656a193fc6763d,3805,6.447646141052246,1748,819,0.14072899520397186,0.28614500164985657,360.0,330.0
20,53943,53944,2c7400c11c41120de946f44c045b728e6b1a74f9d4d891418c656a193fc6763d,4761,4.963334083557129,7960,1956,0.17614300549030304,0.26722899079322815,390.0,360.0
20,55826,55827,2c7400c11c41120de946f44c045b728e6b1a74f9d4d891418c656a193fc6763d,4928,3.080406427383423,486,1267,0.20159900188446045,0.21910299360752106,300.0,330.0
20,57363,57364,2c7400c11c41120de946f44c045b728e6b1a74f9d4d891418c656a193fc6763d,5074,9.776273727416992,5122,1765,0.1039540022611618,0.3801499903202057,390.0,360.0
20,61744,61745,2c7400c11c41120de946f44c045b728e6b1a74f9d4d891418c656a193fc6763d,5466,5.670419692993164,9058,1164,0.17268100380897522,0.2129420042037964,390.0,330.0
20,63281,63282,2c7400c11c41120de946f44c045b728e6b1a74f9d4d891418c656a193fc6763d,5579,7.455056190490723,3592,1433,0.1366019994020462,0.2713319957256317,390.0,360.0
20,75515,75516,2c7400c11c41120de946f44c045b728e6b1a74f9d4d891418c656a193fc6763d,6599,3.0475351810455322,6811,863,0.19342799484729767,0.29186099767684937,390.0,330.0
20,78940,78941,2c7400c11c41120de946f44c045b728e6b1a74f9d4d891418c656a193fc6763d,6905,3.700392007827759,3509,1432,0.1797419935464859,0.20493200421333313,390.0,360.0
20,85705,85706,2c7400c11c41120de946f44c045b728e6b1a74f9d4d891418c656a193fc6763d,7497,3.5598256587982178,5775,777,0.18579000234603882,0.25763601064682007,390.0,330.0
20,90806,90807,2c7400c11c41120de946f44c045b728e6b1a74f9d4d891418c656a193fc6763d,7961,3.118887424468994,2232,412,0.20294000208377838,0.1633089929819107,360.0,300.0
20,94155,94156,2c7400c11c41120de946f44c045b728e6b1a74f9d4d891418c656a193fc6763d,8262,3.330049514770508,4058,1509,0.20924100279808044,0.1721860021352768,390.0,360.0
20,96157,96158,2c7400c11c41120de946f44c045b728e6b1a74f9d4d891418c656a193fc6763d,8423,3.874738931655884,10007,1231,0.1922760009765625,0.24318499863147736,390.0,330.0
20,96926,96927,2c7400c11c41120de946f44c045b728e6b1a74f9d4d891418c656a193fc6763d,8501,8.989184379577637,7988,1951,0.15176600217819214,0.2577430009841919,390.0,360.0
20,98148,98149,2c7400c11c41120de946f44c045b728e6b1a74f9d4d891418c656a193fc6763d,8604,3.5212996006011963,3190,1359,0.17985199391841888,0.18001499772071838,390.0,360.0
20,100084,100085,2c7400c11c41120de946f44c045b728e6b1a74f9d4d891418c656a193fc6763d,8777,4.083370208740234,7503,984,0.2091509997844696,0.26106199622154236,390.0,330.0
20,100580,100581,2c7400c11c41120de946f44c045b728e6b1a74f9d4d891418c656a193fc6763d,8812,4.197340488433838,2009,1072,0.1854739934206009,0.16728800535202026,360.0,330.0
20,102660,102661,2c7400c11c41120de946f44c045b728e6b1a74f9d4d891418c656a193fc6763d,8973,3.7228219509124756,1932,7861,0.2520020008087158,0.16534000635147095,360.0,390.0
20,103289,103290,2c7400c11c41120de946f44c045b728e6b1a74f9d4d891418c656a193fc6763d,9021,6.797554016113281,9225,1245,0.13920000195503235,0.3089570105075836,390.0,330.0
20,104160,104161,2c7400c11c41120de946f44c045b728e6b1a74f9d4d891418c656a193fc6763d,9081,5.567123889923096,707,101,0.12229699641466141,0.3418070077896118,330.0,300.0
20,111470,111471,2c7400c11c41120de946f44c045b728e6b1a74f9d4d891418c656a193fc6763d,9735,3.2651705741882324,4155,1502,0.1986059993505478,0.22368299961090088,390.0,360.0
20,115601,115602,2c7400c11c41120de946f44c045b728e6b1a74f9d4d891418c656a193fc6763d,10090,8.142951965332031,5099,810,0.16597799956798553,0.23775899410247803,390.0,330.0
20,118937,118938,2c7400c11c41120de946f44c045b728e6b1a74f9d4d891418c656a193fc6763d,10383,10.101490020751953,865,223,0.12789799273014069,0.2556770145893097,330.0,300.0
20,121641,121642,2c7400c11c41120de946f44c045b728e6b1a74f9d4d891418c656a193fc6763d,10634,5.243368148803711,4482,1746,0.13378499448299408,0.3044640123844147,390.0,360.0
20,132267,132268,2c7400c11c41120de946f44c045b728e6b1a74f9d4d891418c656a193fc6763d,11558,8.640068054199219,9193,2117,0.12404800206422806,0.29037100076675415,390.0,360.0
20,132575,132576,2c7400c11c41120de946f44c045b728e6b1a74f9d4d891418c656a193fc6763d,11585,5.306961536407471,1190,427,0.18018800020217896,0.1763879954814911,330.0,300.0
20,140422,140423,2c7400c11c41120de946f44c045b728e6b1a74f9d4d891418c656a193fc6763d,12243,5.3883867263793945,6394,1881,0.1450590044260025,0.27383899688720703,390.0,360.0
20,146386,146387,2c7400c11c41120de946f44c045b728e6b1a74f9d4d891418c656a193fc6763d,12746,10.193764686584473,3236,530,0.11476700007915497,0.33763501048088074,390.0,330.0
20,153499,153500,2c7400c11c41120de946f44c045b728e6b1a74f9d4d891418c656a193fc6763d,13392,9.09124755859375,9661,2102,0.13367000222206116,0.2583180069923401,390.0,360.0
20,166931,166932,2c7400c11c41120de946f44c045b728e6b1a74f9d4d891418c656a193fc6763d,14576,3.3379595279693604,9296,945,0.16657599806785583,0.25899800658226013,390.0,330.0
20,177076,177077,2c7400c11c41120de946f44c045b728e6b1a74f9d4d891418c656a193fc6763d,15466,3.461630344390869,880,6353,0.1937050074338913,0.18989400565624237,330.0,390.0
20,186258,186259,2c7400c11c41120de946f44c045b728e6b1a74f9d4d891418c656a193fc6763d,16240,3.92069149017334,2240,9687,0.11078699678182602,0.32392099499702454,360.0,390.0
20,189790,189791,2c7400c11c41120de946f44c045b728e6b1a74f9d4d891418c656a193fc6763d,16575,3.720890522003174,6062,1872,0.14884600043296814,0.2775540053844452,390.0,360.0
20,192827,192828,2c7400c11c41120de946f44c045b728e6b1a74f9d4d891418c656a193fc6763d,16877,4.280848979949951,1756,851,0.18368899822235107,0.21490299701690674,360.0,330.0
20,200240,200241,2c7400c11c41120de946f44c045b728e6b1a74f9d4d891418c656a193fc6763d,17526,7.341856956481934,4822,1606,0.16831199824810028,0.26877498626708984,390.0,360.0
20,209969,209970,2c7400c11c41120de946f44c045b728e6b1a74f9d4d891418c656a193fc6763d,18363,3.039865493774414,7168,1906,0.21117599308490753,0.23521099984645844,390.0,360.0
20,217417,217418,2c7400c11c41120de946f44c045b728e6b1a74f9d4d891418c656a193fc6763d,19035,5.382625102996826,7519,47,0.1267009973526001,0.32382500171661377,390.0,300.0
20,219558,219559,2c7400c11c41120de946f44c045b728e6b1a74f9d4d891418c656a193fc6763d,19205,7.614864349365234,5345,198,0.1727840006351471,0.2569180130958557,390.0,300.0
20,222574,222575,2c7400c11c41120de946f44c045b728e6b1a74f9d4d891418c656a193fc6763d,19454,4.9857869148254395,7956,2094,0.13697700202465057,0.2606549859046936,390.0,360.0
20,226013,226014,2c7400c11c41120de946f44c045b728e6b1a74f9d4d891418c656a193fc6763d,19783,3.0948545932769775,2259,1213,0.17637600004673004,0.22585900127887726,360.0,330.0
20,227018,227019,2c7400c11c41120de946f44c045b728e6b1a74f9d4d891418c656a193fc6763d,19874,7.803224563598633,5331,733,0.1480190008878708,0.22719000279903412,390.0,330.0
20,229743,229744,2c7400c11c41120de946f44c045b728e6b1a74f9d4d891418c656a193fc6763d,20110,3.343575954437256,4116,1526,0.21499399840831757,0.17182199656963348,390.0,360.0
20,232739,232740,2c7400c11c41120de946f44c045b728e6b1a74f9d4d891418c656a193fc6763d,20377,4.27130651473999,2015,446,0.14977599680423737,0.245728000998497,360.0,300.0
20,234097,234098,2c7400c11c41120de946f44c045b728e6b1a74f9d4d891418c656a193fc6763d,20516,9.728182792663574,9073,1228,0.11848100274801254,0.28662800788879395,390.0,330.0
20,237756,237757,2c7400c11c41120de946f44c045b728e6b1a74f9d4d891418c656a193fc6763d,20856,3.308642864227295,6730,1836,0.2104180008172989,0.23474599421024323,390.0,360.0
20,238755,238756,2c7400c11c41120de946f44c045b728e6b1a74f9d4d891418c656a193fc6763d,20954,5.540853500366211,9985,1174,0.18592800199985504,0.17250199615955353,390.0,330.0
20,238969,238970,2c7400c11c41120de946f44c045b728e6b1a74f9d4d891418c656a193fc6763d,20974,3.0384442806243896,2102,1124,0.19776999950408936,0.233474001288414,360.0,330.0
20,248278,248279,2c7400c11c41120de946f44c045b728e6b1a74f9d4d891418c656a193fc6763d,21785,3.154384136199951,1666,804,0.2111230045557022,0.18966299295425415,360.0,330.0
