variant,channel,iteration,peak_over_final_background,tiny_cells_integral_fraction,outside_source_z_integral_fraction,background_cv
baseline,440_SinglePhoton,50,0.6141131734909991,0.00030311561148192636,0.48726167215348465,0.20259933542854308
baseline,440_SinglePhoton,100,0.6838013909714497,0.00028472220994974883,0.473256910187309,0.23123970257828808
baseline,440_SinglePhoton,150,0.6935059840148301,0.00027051905410762874,0.4594744928259361,0.24152555102997517
baseline,440_SinglePhoton,200,0.6862952705680895,0.00025658287892910256,0.44588289131915454,0.2489000566342309
baseline,440_SinglePhoton,250,0.7350177103954303,0.00024323047786620452,0.432485249978708,0.25718459162092233
baseline,440_SinglePhoton,300,0.8404115638828614,0.00023062427522084426,0.41931134944182585,0.26709944034217187
baseline,440_SinglePhoton,350,0.9556232205558969,0.0002187860803366148,0.4063991320373441,0.27850406954960155
baseline,440_SinglePhoton,400,1.0808102679108758,0.0002076891913451608,0.3937863901654239,0.2910514255142276
baseline,440_SinglePhoton,450,1.2159956927787061,0.00019729418291683737,0.3815072940354974,0.3043832801738278
baseline,440_SinglePhoton,500,1.3610843552203509,0.00018756020322854944,0.3695909773256596,0.31818538187720535
baseline,440_SinglePhoton,550,1.5158789516038456,0.00017844805569515492,0.35806102279740887,0.3321983631332464
baseline,440_SinglePhoton,600,1.6800871660628047,0.0001699207060544001,0.3469354149706253,0.3462137688788571
baseline,440_SinglePhoton,650,1.8533309929334012,0.0001619431162989785,0.3362267200960755,0.3600671363577968
baseline,440_SinglePhoton,700,2.035161678194456,0.00015448201535451063,0.32594245852292153,0.373630439054121
baseline,440_SinglePhoton,750,2.2250685310859533,0.00014750568099615582,0.3160855489158312,0.3868056334433001
baseline,440_SinglePhoton,800,2.4224863309767786,0.0001409838350888522,0.30665483381462577,0.3995189477327795
baseline,440_SinglePhoton,850,2.626817803377161,0.00013488753549571167,0.29764561927759936,0.4117163088063479
baseline,440_SinglePhoton,900,2.8374331091202105,0.00012918918501554012,0.2890502352251421,0.42335985417407707
baseline,440_SinglePhoton,950,3.053697556263621,0.00012386247857008338,0.2808585531204974,0.4344248794147303
baseline,440_SinglePhoton,1000,3.274958574218826,0.00011888243602594418,0.27305849735573356,0.4448973591550365
baseline,440_SinglePhoton,1050,3.5005778953142688,0.00011422541801716457,0.26563648718074445,0.4547718621102544
baseline,440_SinglePhoton,1100,3.7299231262907346,0.0001098690598528719,0.2585778568551233,0.46405013787408467
baseline,440_SinglePhoton,1150,3.962389713495332,0.00010579234054109855,0.251867204416583,0.4727395241507056
baseline,440_SinglePhoton,1200,4.197390471102968,0.00010197548471782409,0.24548869992306033,0.48085209658459455
baseline,440_SinglePhoton,1250,4.434371161079516,9.83999919183736e-05,0.23942634880667701,0.4884031841806704
baseline,440_SinglePhoton,1300,4.672801298449455,9.504857279485915e-05,0.23366419885203346,0.4954110546586537
baseline,440_SinglePhoton,1350,4.912193306988296,9.19051069710972e-05,0.22818651511152868,0.5018961983588291
baseline,440_SinglePhoton,1400,5.152092047444053,8.895458567316788e-05,0.22297791590914465,0.5078804790144836
baseline,440_SinglePhoton,1450,5.392086310952695,8.618307219348117e-05,0.2180234777051667,0.5133866235306271
baseline,440_SinglePhoton,1500,5.631784810570315,8.357764143026397e-05,0.21330881151933237,0.5184385605161019
baseline,440_SinglePhoton,1550,5.870851938565651,8.11263024155554e-05,0.2088201173420593,0.523059787806899
baseline,440_SinglePhoton,1600,6.10897200912756,7.881797275459378e-05,0.20454422263113384,0.5272743771615312
baseline,440_SinglePhoton,1650,6.345874799288251,7.664240954534046e-05,0.2004685987617203,0.5311058921462916
baseline,440_SinglePhoton,1700,6.581315627003167,7.459012433846295e-05,0.19658136755718728,0.5345779111116936
baseline,440_SinglePhoton,1750,6.815077394424838,7.265237099147582e-05,0.19287130543152933,0.537712866794738
baseline,440_SinglePhoton,1800,7.04697978263525,7.082107136858532e-05,0.18932782136087364,0.5405330182714408
baseline,440_SinglePhoton,1850,7.276871078550407,6.908876637489989e-05,0.18594095158401325,0.5430597859943642
baseline,440_SinglePhoton,1900,7.504605188089425,6.744857822443633e-05,0.18270133117391119,0.5453136827698165
baseline,440_SinglePhoton,1950,7.730084034107094,6.589415128754644e-05,0.17960017387663393,0.5473143994112104
baseline,440_SinglePhoton,2000,7.953215158461315,6.44196233819557e-05,0.1766292450790863,0.5490808246107474
baseline,440_SinglePhoton,2050,8.173936241299405,6.301958567662382e-05,0.17378083294604363,0.5506308620289531
baseline,440_SinglePhoton,2100,8.392188027679465,6.16890442085302e-05,0.17104772079624309,0.5519816190978681
baseline,440_SinglePhoton,2150,8.607933738672042,6.0423381320401064e-05,0.1684231647137449,0.5531493244163875
baseline,440_SinglePhoton,2200,8.821154473993944,5.921833950125708e-05,0.16590085810966748,0.5541490972162395
baseline,440_SinglePhoton,2250,9.031836441546629,5.806997913192858e-05,0.16347490973932766,0.5549955450993908
baseline,440_SinglePhoton,2300,9.239983727877808,5.6974655794174024e-05,0.16113981804685054,0.5557019916289556
baseline,440_SinglePhoton,2350,9.44560859263064,5.592900452671922e-05,0.15889044168920144,0.5562815091196838
baseline,440_SinglePhoton,2400,9.648727381995986,5.492990372386575e-05,0.1567219783419103,0.5567457852685826
baseline,440_SinglePhoton,2450,9.849374831629445,5.3974465903900355e-05,0.15462994604891803,0.557106239392717
baseline,440_SinglePhoton,2500,10.047574439180389,5.306000921269949e-05,0.1526101552080662,0.5573732826739981
baseline,440_SinglePhoton,2550,10.243371156673707,5.218405923581599e-05,0.15065869369298981,0.5575568586343239
baseline,440_SinglePhoton,2600,10.436809936134283,5.1344315625004514e-05,0.14877190333508308,0.5576659860333066
baseline,440_SinglePhoton,2650,10.62791938339614,5.0538635713946704e-05,0.14694636844260922,0.5577094722160929
baseline,440_SinglePhoton,2700,10.816765904859677,4.976503784324694e-05,0.14517889109875476,0.5576949999122215
baseline,440_SinglePhoton,2750,11.003395474186714,4.902167733954856e-05,0.1434664835287132,0.557630120836048
baseline,440_SinglePhoton,2800,11.187866324682219,4.830683656543322e-05,0.1418063472561902,0.5575216881781245
baseline,440_SinglePhoton,2850,11.370233624740369,4.7618914904057113e-05,0.14019586288227975,0.557376114581643
baseline,440_SinglePhoton,2900,11.555717939069702,4.6956429208231973e-05,0.13863258017493627,0.5571993227551059
baseline,440_SinglePhoton,2950,11.759396585472285,4.6317993651640776e-05,0.13711419894697904,0.5569968261244853
baseline,440_SinglePhoton,3000,11.961933041787951,4.570230684599583e-05,0.13563856688840947,0.5567735695317093
baseline,440_SinglePhoton,3050,12.16335795712458,4.5108167422105404e-05,0.13420366303824002,0.5565343966768609
baseline,440_SinglePhoton,3100,12.363696872405402,4.453444512339609e-05,0.13280759097446543,0.5562835435444785
baseline,440_SinglePhoton,3150,12.562976350190576,4.398008617195337e-05,0.1314485726726518,0.5560252101330247
baseline,440_SinglePhoton,3200,12.761233169409559,4.3444103299600745e-05,0.1301249321703719,0.5557627323235219
baseline,440_SinglePhoton,3250,12.958499000807157,4.292557340250024e-05,0.12883509820342665,0.55549975267393
baseline,440_SinglePhoton,3300,13.15481266658668,4.242363470694509e-05,0.12757759417681108,0.5552393465508128
baseline,440_SinglePhoton,3350,13.350189491302071,4.193747397834483e-05,0.1263510274973418,0.5549842962061422
baseline,440_SinglePhoton,3400,13.544656037513487,4.146633406907761e-05,0.12515408816384105,0.5547371001938818
baseline,440_SinglePhoton,3450,13.738258278882746,4.100949920778047e-05,0.12398554002298125,0.5545003880869573
baseline,440_SinglePhoton,3500,13.93100643177914,4.0566304900166134e-05,0.12284422066856968,0.5542760861011535
baseline,440_SinglePhoton,3550,14.122936253495196,4.0136113035161096e-05,0.12172903139212499,0.5540664009728886
baseline,440_SinglePhoton,3600,14.314079414775717,3.971833664877103e-05,0.1206389356555259,0.5538728608137439
baseline,440_SinglePhoton,3650,14.50446043490701,3.9312416208999725e-05,0.11957295466059316,0.553697419610285
baseline,440_SinglePhoton,3700,14.694096681716868,3.8917833400862204e-05,0.11853016289359557,0.5535412730237853
baseline,440_SinglePhoton,3750,14.883010631217738,3.853408614262412e-05,0.11750968508065472,0.5534058318330267
baseline,440_SinglePhoton,3800,15.0712155646897,3.8160709508345875e-05,0.11651069279693636,0.5532923021531548
baseline,440_SinglePhoton,3850,15.258747239425276,3.779726696085047e-05,0.11553240224152013,0.5532018035429911
baseline,440_SinglePhoton,3900,15.445618936704548,3.744334072855606e-05,0.11457406884240669,0.5531350973462114
baseline,440_SinglePhoton,3950,15.631864370546182,3.709853741755751e-05,0.11363498915487673,0.553093191040664
baseline,440_SinglePhoton,4000,15.817496822230257,3.6762491272101794e-05,0.1127144941744427,0.5530766735976181
baseline,440_SinglePhoton,4050,16.00252344321528,3.6434847180964545e-05,0.11181194966732112,0.5530862940468018
baseline,440_SinglePhoton,4100,16.186967731150624,3.61152733847725e-05,0.1109267523538382,0.5531225423839873
baseline,440_SinglePhoton,4150,16.370845010590223,3.580345708682147e-05,0.11005832963778557,0.5531859217904054
baseline,440_SinglePhoton,4200,16.554165497903377,3.549909916576963e-05,0.10920613504395399,0.553276752160778
baseline,440_SinglePhoton,4250,16.736953712376383,3.52019156660186e-05,0.10836965109204938,0.553395567131092
baseline,440_SinglePhoton,4300,16.919207610735388,3.4911639608896146e-05,0.10754838358844251,0.5535424064112647
baseline,440_SinglePhoton,4350,17.100951712266685,3.462801798357973e-05,0.10674186058050983,0.5537176357063714
baseline,440_SinglePhoton,4400,17.28220236316115,3.435080840807099e-05,0.10594963346369807,0.5539213896179795
baseline,440_SinglePhoton,4450,17.462946282138702,3.407978183668356e-05,0.10517127426905826,0.554153641004818
baseline,440_SinglePhoton,4500,17.64322433467651,3.381471509568481e-05,0.1044063743412194,0.5544146308467722
baseline,440_SinglePhoton,4550,17.823028347679138,3.355540370914585e-05,0.10365454268915648,0.5547041904544998
baseline,440_SinglePhoton,4600,18.002358321146588,3.330165003801825e-05,0.10291540650590848,0.5550224989699759
baseline,440_SinglePhoton,4650,18.18123060126973,3.305326629987233e-05,0.10218860703256331,0.5553694105260947
baseline,440_SinglePhoton,4700,18.359647231322416,3.2810072324886104e-05,0.10147380362063478,0.5557448329532704
baseline,440_SinglePhoton,4750,18.53763886041253,3.257189310404869e-05,0.10077066853047645,0.5561485904071297
baseline,440_SinglePhoton,4800,18.715183012527632,3.233856838440163e-05,0.10007888777262249,0.5565806480900488
baseline,440_SinglePhoton,4850,18.89229603385858,3.2109942453699473e-05,0.09939816254820841,0.5570408491898008
baseline,440_SinglePhoton,4900,19.068996313870105,3.188586642774631e-05,0.09872820351239898,0.55752886209269
baseline,440_SinglePhoton,4950,19.24522868416803,3.166619565479573e-05,0.09806873344726055,0.5580446330069054
baseline,440_SinglePhoton,5000,19.42106874588512,3.145079413349212e-05,0.09741948699846753,0.5585878797281335
baseline,440_SinglePhoton,5050,19.59649810955664,3.12395341870405e-05,0.09678020809528368,0.5591582935993332
baseline,440_SinglePhoton,5100,19.771498385717873,3.103229197786264e-05,0.09615065268080775,0.559755729522802
baseline,440_SinglePhoton,5150,19.94607570419039,3.0828941437093407e-05,0.09553058314114943,0.5603798437865948
baseline,440_SinglePhoton,5200,20.120225978426475,3.0629374376060874e-05,0.09491977349717591,0.561030392256405
baseline,440_SinglePhoton,5250,20.29397372771243,3.0433477985086016e-05,0.09431800496439446,0.5617070500263074
baseline,440_SinglePhoton,5300,20.467296476035813,3.0241151095273812e-05,0.09372506751584812,0.56240957538088
baseline,440_SinglePhoton,5350,20.6402248725045,3.0052291335433567e-05,0.0931407557365806,0.5631376199246584
baseline,440_SinglePhoton,5400,20.812736441106047,2.986680023899983e-05,0.09256487536072644,0.5638909185175971
baseline,440_SinglePhoton,5450,20.98483526838817,2.9684586050833885e-05,0.09199723796405465,0.5646690190102561
baseline,440_SinglePhoton,5500,21.156509094707722,2.9505558058736144e-05,0.09143765951092274,0.5654717292478145
baseline,440_SinglePhoton,5550,21.32777017970785,2.9329630336422384e-05,0.09088596422561872,0.5662986579940253
baseline,440_SinglePhoton,5600,21.498626696483992,2.9156723873114363e-05,0.09034198392048325,0.567149513312752
baseline,440_SinglePhoton,5650,21.66906638539299,2.898675622797698e-05,0.08980555226889203,0.5680239294959394
baseline,440_SinglePhoton,5700,21.839085159887137,2.8819653009439744e-05,0.08927651049520205,0.5689215232646502
baseline,440_SinglePhoton,5750,22.008683019966426,2.8655340582935063e-05,0.08875470571451366,0.5698421528894033
baseline,440_SinglePhoton,5800,22.177882441643302,2.8493743281296466e-05,0.08823998768146506,0.5707852585783258
baseline,440_SinglePhoton,5850,22.346640516166733,2.833479891619713e-05,0.08773221313918397,0.5717505692056963
baseline,440_SinglePhoton,5900,22.514961330084443,2.8178440783317662e-05,0.08723124167087447,0.5727378061232966
baseline,440_SinglePhoton,5950,22.68285509976572,2.8024606764170647e-05,0.08673693957877894,0.5737464638896813
baseline,440_SinglePhoton,6000,22.850293219376546,2.787322728150476e-05,0.08624917314182279,0.5747764108865148
baseline,440_SinglePhoton,6050,23.017312467846374,2.772425284352212e-05,0.0857678167429666,0.5758272406494844
baseline,440_SinglePhoton,6100,23.183908758627485,2.7577622595586e-05,0.08529274625284072,0.5768986916175143
baseline,440_SinglePhoton,6150,23.35006778880287,2.7433283548993607e-05,0.08482384156503726,0.577990199826118
baseline,440_SinglePhoton,6200,23.515771168907808,2.729118160215283e-05,0.08436098665184842,0.5791017345745998
baseline,440_SinglePhoton,6250,23.68102298549001,2.7151265676027186e-05,0.0839040689039155,0.5802326024760224
baseline,440_SinglePhoton,6300,23.845837541466487,2.7013487577820024e-05,0.08345297792672217,0.5813829185627168
baseline,440_SinglePhoton,6350,24.010171928086212,2.6877794037380878e-05,0.08300760778629411,0.582552020542472
baseline,440_SinglePhoton,6400,24.174071097374068,2.674414478079344e-05,0.08256785408443407,0.5837397608125278
baseline,440_SinglePhoton,6450,24.337500313674465,2.6612489726113644e-05,0.08213361541199227,0.5849457559445174
baseline,440_SinglePhoton,6500,24.500480009725983,2.6482792479891596e-05,0.08170479553306047,0.5861697287760431
baseline,440_SinglePhoton,6550,24.662985666242324,2.6355002862175914e-05,0.0812812973423273,0.5874113804941982
baseline,440_SinglePhoton,6600,24.82503975923593,2.6229082539841213e-05,0.08086302792320745,0.5886703427060709
baseline,440_SinglePhoton,6650,24.986613682872786,2.6104995353525292e-05,0.08044989614956967,0.5899463688594058
baseline,440_SinglePhoton,6700,25.14770743715289,2.598270090332269e-05,0.0800418133927781,0.5912390964009306
baseline,440_SinglePhoton,6750,25.30829650278993,2.5862160050345987e-05,0.07963869437671967,0.5925484601409636
baseline,440_SinglePhoton,6800,25.468411528891796,2.574334151391262e-05,0.07924045534676712,0.5938737729688467
baseline,440_SinglePhoton,6850,25.62804229908919,2.5626205822794014e-05,0.07884701606096894,0.5952150524809239
baseline,440_SinglePhoton,6900,25.78715612100038,2.5510721321341614e-05,0.07845829483221181,0.5965719906395285
baseline,440_SinglePhoton,6950,25.94577955718552,2.5396853731141275e-05,0.07807421375294912,0.5979442144699334
baseline,440_SinglePhoton,7000,26.103939170204775,2.528457160273459e-05,0.07769469814161836,0.5993314829654863
baseline,440_SinglePhoton,7050,26.26158592148554,2.5173845027606104e-05,0.07731967295551942,0.6007337130008205
baseline,440_SinglePhoton,7100,26.418738200492545,2.5064640473024984e-05,0.07694906562955597,0.6021501270373012
baseline,440_SinglePhoton,7150,26.575377617761056,2.4956931808914655e-05,0.07658280688196761,0.6035811418939927
baseline,440_SinglePhoton,7200,26.73151438966037,2.485068956972372e-05,0.07622082617671395,0.6050259288958073
baseline,440_SinglePhoton,7250,26.887150559464345,2.4745883415542485e-05,0.07586305803420959,0.6064845904533874
baseline,440_SinglePhoton,7300,27.042251391517386,2.4642492847192872e-05,0.07550943603040365,0.6079567716999523
baseline,440_SinglePhoton,7350,27.196841405105797,2.4540483184392158e-05,0.07515989494119725,0.6094420648499765
baseline,440_SinglePhoton,7400,27.350943076242018,2.4439833219074846e-05,0.07481437171040382,0.6109405225758425
baseline,440_SinglePhoton,7450,27.504523712544316,2.4340520961112198e-05,0.07447280584268585,0.6124518030811461
baseline,440_SinglePhoton,7500,27.65755675145253,2.4242518107764698e-05,0.07413513624174702,0.613975539250591
baseline,440_SinglePhoton,7550,27.810128010468713,2.414579971784107e-05,0.07380130466113952,0.6155115897481466
baseline,440_SinglePhoton,7600,27.962096503696635,2.4050345276340713e-05,0.07347125430124563,0.6170598893345856
baseline,440_SinglePhoton,7650,28.11355622173378,2.3956132889814925e-05,0.07314492707484802,0.6186199111040773
baseline,440_SinglePhoton,7700,28.264496948210862,2.3863139984491963e-05,0.07282227077840304,0.6201916760690562
baseline,440_SinglePhoton,7750,28.414910510032442,2.3771345600124687e-05,0.07250322937550277,0.6217748685902589
baseline,440_SinglePhoton,7800,28.564756041721353,2.3680729152053762e-05,0.07218774933533192,0.62336925315267
baseline,440_SinglePhoton,7850,28.71408053857634,2.359126435923455e-05,0.07187578013484479,0.6249746670186174
baseline,440_SinglePhoton,7900,28.862841091846374,2.350293812498298e-05,0.07156727047722784,0.6265909240331725
baseline,440_SinglePhoton,7950,29.011094913199493,2.341573153244105e-05,0.0712621711804403,0.6282179274357972
baseline,440_SinglePhoton,8000,29.158797050610808,2.332962201168558e-05,0.07096043369407545,0.6298552552477785
baseline,440_SinglePhoton,8050,29.305914811698585,2.3244592190855604e-05,0.07066201010188511,0.6315028354824
baseline,440_SinglePhoton,8100,29.4525135812263,2.3160623746113572e-05,0.0703668551576982,0.6331604503296622
baseline,440_SinglePhoton,8150,29.59854432062134,2.3077698165681148e-05,0.07007492034947499,0.634828011856188
baseline,440_SinglePhoton,8200,29.744082631016475,2.299580289047304e-05,0.06978616382169434,0.6365053086852046
baseline,440_SinglePhoton,8250,29.889091733482253,2.2914918918696636e-05,0.06950053873036466,0.6381919701821623
baseline,440_SinglePhoton,8300,30.0335062432552,2.283502457920049e-05,0.06921800339834636,0.6398878905588831
baseline,440_SinglePhoton,8350,30.17739358837265,2.2756112141196892e-05,0.0689385137665563,0.6415932120146823
baseline,440_SinglePhoton,8400,30.320708816809706,2.2678158294737573e-05,0.06866203181631693,0.6433073581631233
baseline,440_SinglePhoton,8450,30.463470318031106,2.2601152123935623e-05,0.06838851504024276,0.6450303057381395
baseline,440_SinglePhoton,8500,30.60571282769244,2.2525077101531365e-05,0.06811792489273151,0.646762050321338
baseline,440_SinglePhoton,8550,30.74738935049496,2.2449920106156482e-05,0.06785021959352365,0.6485021437205586
baseline,440_SinglePhoton,8600,30.888516232629538,2.2375666522799106e-05,0.06758536216564355,0.6502506654416741
baseline,440_SinglePhoton,8650,31.029077127905303,2.230229847755739e-05,0.06732331550162861,0.6520073182655955
baseline,440_SinglePhoton,8700,31.169100642156277,2.222980377106486e-05,0.06706404266869583,0.6537719888334537
baseline,440_SinglePhoton,8750,31.308578602287024,2.2158168864603368e-05,0.06680750573241387,0.6555445276805352
baseline,440_SinglePhoton,8800,31.4474885322851,2.208738485569662e-05,0.0665536688001742,0.6573248668430762
baseline,440_SinglePhoton,8850,31.585834518698224,2.201743374701418e-05,0.06630249734706689,0.6591127899934767
baseline,440_SinglePhoton,8900,31.72367377319443,2.1948303648610464e-05,0.06605395886068917,0.660908146367219
baseline,440_SinglePhoton,8950,31.86088982916379,2.187998257345889e-05,0.06580801465905113,0.662710824904281
baseline,440_SinglePhoton,9000,31.99762775905025,2.181245746798104e-05,0.06556463561445107,0.6645207387243974
baseline,440_SinglePhoton,9050,32.133791528982464,2.1745716581841417e-05,0.06532378935183603,0.6663376066162916
baseline,440_SinglePhoton,9100,32.26938113896044,2.1679746181101324e-05,0.06508544265000507,0.6681614044471917
baseline,440_SinglePhoton,9150,32.40442519481818,2.1614537866727343e-05,0.06484956354410615,0.6699920442879741
baseline,440_SinglePhoton,9200,32.538954345663576,2.1550079397156522e-05,0.06461612222189943,0.6718293091268
baseline,440_SinglePhoton,9250,32.672897076911575,2.148636203982764e-05,0.0643850884833437,0.6736730670153528
baseline,440_SinglePhoton,9300,32.806269734753045,2.1423368430900678e-05,0.06415643019571171,0.6755232945945252
baseline,440_SinglePhoton,9350,32.93904575662782,2.1361093426436713e-05,0.06393012031753656,0.6773797318317454
baseline,440_SinglePhoton,9400,33.07139473426617,2.129952487810841e-05,0.06370612741288277,0.6792424617174092
baseline,440_SinglePhoton,9450,33.20314911921169,2.123865278333032e-05,0.06348442547039922,0.6811112005263081
baseline,440_SinglePhoton,9500,33.33436407985855,2.1178467199440718e-05,0.06326498518333631,0.6829857740920228
baseline,440_SinglePhoton,9550,33.46501509692046,2.1118954339214086e-05,0.06304777959557127,0.6848663761240704
baseline,440_SinglePhoton,9600,33.595120559862146,2.1060105173617294e-05,0.06283278227746428,0.6867524625928857
baseline,440_SinglePhoton,9650,33.72471724761306,2.100191169378173e-05,0.06261996651280853,0.6886443314375641
baseline,440_SinglePhoton,9700,33.85374794850516,2.0944364432411882e-05,0.06240930579377053,0.6905416568636144
baseline,440_SinglePhoton,9750,33.98227191748034,2.0887455669740562e-05,0.06220077537360691,0.6924443733913127
baseline,440_SinglePhoton,9800,34.1102503323353,2.083117746011286e-05,0.061994349155987526,0.6943523665447939
baseline,440_SinglePhoton,9850,34.237664803605306,2.0775518741857493e-05,0.061790000693715236,0.6962656986439378
baseline,440_SinglePhoton,9900,34.36454802367209,2.0720465979169857e-05,0.061587709736657795,0.698184043170543
baseline,440_SinglePhoton,9950,34.490916338726535,2.0666013925372464e-05,0.06138744925760321,0.7001074180539743
baseline,440_SinglePhoton,10000,34.61674931603004,2.061215137223381e-05,0.0611891952750776,0.7020358222941738
baseline,440_ComptonOnly,50,2299.6556557122567,0.007759086254407956,0.31868474679095465,0.401339365575284
baseline,440_ComptonOnly,100,2978.252339389332,0.013393297417169926,0.26266546549074254,0.43161891156004156
baseline,440_ComptonOnly,150,3104.8177394114264,0.018912694485899287,0.23422013663030855,0.458429478960834
baseline,440_ComptonOnly,200,3160.66413578589,0.024013718206480517,0.21777082859612257,0.48694983213418075
baseline,440_ComptonOnly,250,3193.015447587365,0.028580108826024624,0.20755485599909004,0.5154385813369756
baseline,440_ComptonOnly,300,3212.98498277755,0.03262229184818896,0.20085658691966066,0.5431592015661566
baseline,440_ComptonOnly,350,3225.914945861455,0.03618971424707588,0.19625971175354723,0.570334238905299
baseline,440_ComptonOnly,400,3234.73310830798,0.039343529612615294,0.19297466793519086,0.597431787533432
baseline,440_ComptonOnly,450,3241.060440092628,0.04214307370581873,0.19053761665896282,0.6248489449035047
baseline,440_ComptonOnly,500,3245.805670869269,0.044640019135028644,0.1886643369882928,0.6528348981504142
baseline,440_ComptonOnly,550,3275.062208672534,0.04687713512810118,0.18717467674140403,0.6815042720178585
baseline,440_ComptonOnly,600,3394.8400147224593,0.0488891436328292,0.1859512838622286,0.7108729946360098
baseline,440_ComptonOnly,650,3490.4332811345716,0.05070425665854538,0.1849160133984985,0.7408924272130896
baseline,440_ComptonOnly,700,3566.989331452712,0.052345706132391596,0.18401588643764352,0.771475842963229
baseline,440_ComptonOnly,750,3628.5223918027527,0.05383292986347368,0.18321444758531621,0.8025180089120616
baseline,440_ComptonOnly,800,3678.171466387296,0.05518253370050804,0.18248632000911466,0.8339076525875199
baseline,440_ComptonOnly,850,3718.3978990652913,0.0564088764289344,0.18181366401124252,0.8655356019047968
baseline,440_ComptonOnly,900,3751.129858686382,0.05752454988932224,0.1811838385497696,0.8972987817150037
baseline,440_ComptonOnly,950,3777.899854817286,0.05854069230121316,0.18058786041265554,0.9291029597487247
baseline,440_ComptonOnly,1000,3799.9203311820324,0.05946699987890328,0.18001920363048438,0.9608647130127684
baseline,440_ComptonOnly,1050,3818.1581868548124,0.06031238243940257,0.17947341067760667,0.9925095251688263
baseline,440_ComptonOnly,1100,3833.379542588064,0.06108483396965442,0.17894727410399258,1.0239726687818693
baseline,440_ComptonOnly,1150,3846.20120868667,0.06179150979693414,0.17843852112580522,1.0551980394288916
baseline,440_ComptonOnly,1200,3857.122316305647,0.0624388030731969,0.17794553640299768,1.08613836948687
baseline,440_ComptonOnly,1250,3866.5420095319023,0.06303247052667554,0.17746719925790214,1.11675299064242
baseline,440_ComptonOnly,1300,3874.785179321332,0.06357768239671634,0.17700271914958884,1.1470078987540346
baseline,440_ComptonOnly,1350,3882.1097011686343,0.06407907603880977,0.17655152674163135,1.1768743764627634
baseline,440_ComptonOnly,1400,3888.7136727771153,0.06454081436042958,0.1761131862883102,1.2063294018078305
baseline,440_ComptonOnly,1450,3894.7573951299655,0.0649666310411981,0.17568732404051476,1.2353538496847214
baseline,440_ComptonOnly,1500,3900.3596196244307,0.06535986286292039,0.17527361623531934,1.2639314742395282
baseline,440_ComptonOnly,1550,3905.6130956588117,0.06572350312320092,0.17487172988119068,1.2920505381866998
baseline,440_ComptonOnly,1600,3910.5885915601357,0.06606024976291289,0.17448134714045252,1.3197017646902953
baseline,440_ComptonOnly,1650,3915.331945903863,0.06637248637399862,0.17410210990452096,1.3468781101844092
baseline,440_ComptonOnly,1700,3919.8774706061286,0.0666623821275425,0.17373366618352953,1.3735744349521697
baseline,440_ComptonOnly,1750,3924.247682861895,0.06693188466155896,0.17337564676902092,1.3997881789774616
baseline,440_ComptonOnly,1800,3928.4549135160237,0.06718271840589712,0.1730276672548574,1.4255182235952866
baseline,440_ComptonOnly,1850,3932.510421165996,0.06741647173460781,0.17268936319075912,1.4507653759389505
baseline,440_ComptonOnly,1900,3936.418494801328,0.0676345864985918,0.17236036719506875,1.4755305703697044
baseline,440_ComptonOnly,1950,3940.181278916779,0.06783833479969414,0.17204029109350708,1.4998169104641395
baseline,440_ComptonOnly,2000,3943.796897079435,0.06802889873094847,0.17172879446975534,1.5236283909313582
baseline,440_ComptonOnly,2050,3947.262400609003,0.06820735293253569,0.17142553267348373,1.5469701140905667
baseline,440_ComptonOnly,2100,3950.581006247621,0.0683746588729833,0.17113017816747428,1.569847037855088
baseline,440_ComptonOnly,2150,3953.7519098097546,0.06853171254839714,0.1708424269955643,1.592266470270166
baseline,440_ComptonOnly,2200,3956.7756474190933,0.06867933737597505,0.17056199218310453,1.6142351718450554
baseline,440_ComptonOnly,2250,3959.6516829519474,0.06881825644174099,0.17028858908026612,1.6357605302194898
baseline,440_ComptonOnly,2300,3962.3794802846273,0.0689491755241491,0.17002197206212688,1.65685077120101
baseline,440_ComptonOnly,2350,3964.957967169754,0.06907268767899365,0.1697618849372063,1.6775149142998584
baseline,440_ComptonOnly,2400,3967.391164534999,0.06918937788845643,0.1695081159438763,1.6977611137961823
baseline,440_ComptonOnly,2450,3969.683093308035,0.06929977377019317,0.16926045727830083,1.717598840829016
baseline,440_ComptonOnly,2500,3971.834825736241,0.06940435218618482,0.16901871724746403,1.7370373176873293
baseline,440_ComptonOnly,2550,3973.844217324858,0.06950354767770757,0.1687827048176508,1.7560866072990835
baseline,440_ComptonOnly,2600,3975.717165434472,0.06959777360261699,0.1685522648877079,1.774755793833269
baseline,440_ComptonOnly,2650,3977.4563506835316,0.06968740590165215,0.16832724058196089,1.793055156592674
baseline,440_ComptonOnly,2700,3979.064453690484,0.06977277931838907,0.16810747332315343,1.8109951361679455
baseline,440_ComptonOnly,2750,3980.5441550737773,0.06985419602104143,0.1678928380428888,1.8285850044696135
baseline,440_ComptonOnly,2800,3981.898671575549,0.06993196289827981,0.16768320219831467,1.8458349688262832
baseline,440_ComptonOnly,2850,3983.1301476905583,0.0700063223090643,0.16747843731070802,1.8627559449232343
baseline,440_ComptonOnly,2900,3984.245553026769,0.07007754246639021,0.16727843574998716,1.8793572759420158
baseline,440_ComptonOnly,2950,3985.250784944767,0.07014584757987861,0.16708310045169691,1.89564834787886
baseline,440_ComptonOnly,3000,3986.141554455036,0.07021141666315893,0.1668922983951608,1.9116397306164146
baseline,440_ComptonOnly,3050,3986.926439536609,0.07027445005240744,0.16670595456730386,1.9273414425369353
baseline,440_ComptonOnly,3100,3987.6075846842446,0.07033511531503245,0.16652395885354998,1.9427629082149367
baseline,440_ComptonOnly,3150,3988.1922275677525,0.07039358243639665,0.16634623368152202,1.957913309059369
baseline,440_ComptonOnly,3200,3988.682512681891,0.07044999132915045,0.1661726604205009,1.97280254289786
baseline,440_ComptonOnly,3250,3989.0808525832626,0.07050446757759277,0.1660031665986546,1.9874393216116322
baseline,440_ComptonOnly,3300,3989.3872472718685,0.0705571319301052,0.16583765941075843,2.001832330134012
baseline,440_ComptonOnly,3350,3989.6145637162585,0.07060811158948231,0.16567606649750366,2.0159910161912844
baseline,440_ComptonOnly,3400,3989.763874163812,0.07065749789886598,0.16551828477142974,2.0299241512655337
baseline,440_ComptonOnly,3450,3989.8367869855974,0.07070539393399762,0.16536423906163591,2.043640089960591
baseline,440_ComptonOnly,3500,3989.841612098804,0.07075187033726901,0.1652138398670923,2.057147032030793
baseline,440_ComptonOnly,3550,3989.775936946828,0.07079702760896936,0.1650670310061576,2.070452252159408
baseline,440_ComptonOnly,3600,3989.647267261324,0.07084092461479077,0.164923700383843,2.0835639116148026
baseline,440_ComptonOnly,3650,3989.459087846275,0.07088363432027402,0.16478376291434507,2.0964901725871883
baseline,440_ComptonOnly,3700,3989.219976680714,0.07092520953285981,0.16464716539690719,2.1092365272415132
baseline,440_ComptonOnly,3750,3988.9272531461925,0.07096570920140623,0.16451381725514683,2.1218123008335414
baseline,440_ComptonOnly,3800,3988.5876187888316,0.07100519537567007,0.16438363928763955,2.1342222962790873
baseline,440_ComptonOnly,3850,3988.199733299407,0.07104369475364662,0.1642565475799484,2.1464745198444315
baseline,440_ComptonOnly,3900,3987.7737830280203,0.07108128454400305,0.1641324790927471,2.1585738611551317
baseline,440_ComptonOnly,3950,3987.305210923311,0.07111798045346712,0.16401135298808217,2.1705265550421484
baseline,440_ComptonOnly,4000,3986.808760386742,0.07115382252527211,0.1638930720750129,2.1823395076491026
baseline,440_ComptonOnly,4050,3986.277729872194,0.07118886836302467,0.16377758236878107,2.1940169546756256
baseline,440_ComptonOnly,4100,3985.7198931731664,0.07122311170553429,0.1636648123759369,2.205564815267434
baseline,440_ComptonOnly,4150,3985.1379309081067,0.07125660425288977,0.16355466812711728,2.2169881167718373
baseline,440_ComptonOnly,4200,3984.528894396722,0.07128938501775199,0.16344708432906702,2.228291896482142
baseline,440_ComptonOnly,4250,3983.902433865426,0.07132148363565793,0.16334200647509192,2.2394798974254697
baseline,440_ComptonOnly,4300,3983.2620341181996,0.07135289613465876,0.16323934208034568,2.250557400953507
baseline,440_ComptonOnly,4350,3982.603942289217,0.07138367023692582,0.16313904387087172,2.261528784705731
baseline,440_ComptonOnly,4400,3981.936468295666,0.07141382221268659,0.16304101717564673,2.272396446607788
baseline,440_ComptonOnly,4450,3981.2593440757023,0.07144337127081664,0.16294522326481758,2.2831661771715916
baseline,440_ComptonOnly,4500,3980.5714973819468,0.07147234683513119,0.16285157697156538,2.2938412518363602
baseline,440_ComptonOnly,4550,3979.877217203916,0.07150076815685737,0.16276000990133405,2.3044247518095267
baseline,440_ComptonOnly,4600,3979.177575788989,0.07152863039066949,0.1626704448908796,2.3149194154139954
baseline,440_ComptonOnly,4650,3978.480078868821,0.07155595911669978,0.16258283892424438,2.3253288331316067
baseline,440_ComptonOnly,4700,3977.776416526222,0.07158280128646606,0.1624971459570668,2.335656454226172
baseline,440_ComptonOnly,4750,3977.071681936244,0.07160915913775555,0.16241328855994822,2.345903868738093
baseline,440_ComptonOnly,4800,3976.3707002120937,0.07163503450943162,0.16233120516099034,2.3560739051416935
baseline,440_ComptonOnly,4850,3975.672399106391,0.07166045569877214,0.16225083559035078,2.3661707471697477
baseline,440_ComptonOnly,4900,3974.9791911757393,0.0716854238373041,0.1621721140756282,2.3761957496889337
baseline,440_ComptonOnly,4950,3974.291880605673,0.07170997887410566,0.16209499364611235,2.386150785553634
baseline,440_ComptonOnly,5000,3973.6056422829865,0.07173411948081075,0.1620194313668424,2.396037090983642
baseline,440_ComptonOnly,5050,3972.9301264340916,0.07175784740196602,0.16194536975130608,2.4058586279617002
baseline,440_ComptonOnly,5100,3972.2613121313166,0.0717811861071401,0.16187274991440295,2.4156159985059573
baseline,440_ComptonOnly,5150,3971.5997354983515,0.07180415734912717,0.16180151368108586,2.4253115318468437
baseline,440_ComptonOnly,5200,3970.945664597041,0.07182677346749225,0.16173162814311226,2.434946714512353
baseline,440_ComptonOnly,5250,3970.306337097194,0.07184903525430417,0.16166304525764133,2.444523393575133
baseline,440_ComptonOnly,5300,3969.671030525019,0.07187096483225322,0.16159569814665795,2.4540440534167622
baseline,440_ComptonOnly,5350,3969.0456422411016,0.07189255130896442,0.16152955539735833,2.463507853310477
baseline,440_ComptonOnly,5400,3969.2732267473366,0.0719138148837025,0.16146456852444394,2.472918323241541
baseline,440_ComptonOnly,5450,3970.1969678645155,0.07193478197653634,0.16140071353399754,2.482276085775316
baseline,440_ComptonOnly,5500,3971.114007435575,0.0719554581486579,0.16133792283576695,2.491582210888266
baseline,440_ComptonOnly,5550,3972.00960205905,0.07197584139513605,0.161276164145061,2.5008373485914235
baseline,440_ComptonOnly,5600,3972.8947422705783,0.07199595329307464,0.16121542736775726,2.5100431874787965
baseline,440_ComptonOnly,5650,3973.7621904003495,0.0720157816610487,0.16115562198951974,2.5192014201285797
baseline,440_ComptonOnly,5700,3974.6207924892424,0.07203536012289856,0.1610967429843933,2.528313176829664
baseline,440_ComptonOnly,5750,3975.4590218779304,0.07205468807699685,0.16103876932536215,2.5373779116771367
baseline,440_ComptonOnly,5800,3976.2959109573944,0.07207377481021286,0.16098164444594065,2.5463976708096308
baseline,440_ComptonOnly,5850,3977.1143037695674,0.07209261306404932,0.1609253322548701,2.5553729295703413
baseline,440_ComptonOnly,5900,3977.9209018605693,0.07211121329563572,0.16086980457430886,2.5643058516133603
baseline,440_ComptonOnly,5950,3978.7076633750557,0.07212959495935171,0.16081504756700876,2.5731970022249318
baseline,440_ComptonOnly,6000,3979.4904039618705,0.0721477696444067,0.1607610063734949,2.5820465150951306
baseline,440_ComptonOnly,6050,3980.267783311789,0.072165731977432,0.16070768387363038,2.590854860669969
baseline,440_ComptonOnly,6100,3981.0255941470373,0.07218349410096091,0.16065502815513313,2.5996226947496774
baseline,440_ComptonOnly,6150,3981.7734866940277,0.07220104646922287,0.16060302740330934,2.608352151196655
baseline,440_ComptonOnly,6200,3982.5079761487787,0.07221841721138053,0.1605516593732851,2.617043267402907
baseline,440_ComptonOnly,6250,3983.2258457691514,0.07223558802598043,0.16050089314393595,2.625695646538764
baseline,440_ComptonOnly,6300,3983.9386222144735,0.07225257545949497,0.16045069554879712,2.6343115983054757
baseline,440_ComptonOnly,6350,3984.629685650367,0.07226937742439961,0.16040106796809264,2.64289106509271
baseline,440_ComptonOnly,6400,3985.322089395484,0.07228600142060648,0.16035196215636602,2.651434865432457
baseline,440_ComptonOnly,6450,3986.0018942338957,0.07230246170757426,0.16030339501807708,2.6599436433195227
baseline,440_ComptonOnly,6500,3986.674193340653,0.07231875053470918,0.16025531261569334,2.6684168181384527
baseline,440_ComptonOnly,6550,3987.3389867157557,0.0723348841041329,0.1602077066637523,2.6768573894657277
baseline,440_ComptonOnly,6600,3987.9809948340503,0.07235082523169883,0.16016055902651288,2.685263550060532
baseline,440_ComptonOnly,6650,3988.6230029523454,0.07236661812052403,0.16011385974682368,2.6936374304430633
baseline,440_ComptonOnly,6700,3989.2521441020895,0.0723822521207478,0.1600675959891693,2.7019797447081877
baseline,440_ComptonOnly,6750,3989.8724392109557,0.07239774502117627,0.1600217337404663,2.7102883428112015
baseline,440_ComptonOnly,6800,3990.4852285881675,0.07241307245952346,0.15997627775682113,2.7185664785265535
baseline,440_ComptonOnly,6850,3991.088635800811,0.07242825555349082,0.15993119554551127,2.726813486749806
baseline,440_ComptonOnly,6900,3991.6770315501462,0.0724432935159861,0.15988649877230832,2.7350301680699887
baseline,440_ComptonOnly,6950,3992.2619424954987,0.07245817494689057,0.15984216715869567,2.7432175109820705
baseline,440_ComptonOnly,7000,3992.840419956576,0.07247293338607236,0.15979817952220074,2.751374574574627
baseline,440_ComptonOnly,7050,3993.402545645121,0.07248752869120913,0.15975453454380084,2.759502691086942
baseline,440_ComptonOnly,7100,3993.96493939551,0.07250199484890676,0.15971123289093778,2.7676032929747594
baseline,440_ComptonOnly,7150,3994.5206315997793,0.0725163011072513,0.15966822028780764,2.7756756792138884
baseline,440_ComptonOnly,7200,3995.057827536758,0.07253046348751839,0.15962552913710748,2.783719265834779
baseline,440_ComptonOnly,7250,3995.5958276592705,0.0725444922744111,0.15958314955169248,2.791736953597927
baseline,440_ComptonOnly,7300,3996.1279304211976,0.07255839078510631,0.1595410440376532,2.7997278989751964
baseline,440_ComptonOnly,7350,3996.646898152729,0.07257215426687316,0.15949924264162546,2.8076922019625834
baseline,440_ComptonOnly,7400,3997.161844956589,0.07258576937342424,0.1594576879063767,2.815631191827947
baseline,440_ComptonOnly,7450,3997.6631206063644,0.07259925897403252,0.1594164124894352,2.8235436566433245
baseline,440_ComptonOnly,7500,3998.161983699536,0.07261261970873262,0.15937542212438593,2.8314314032866608
baseline,440_ComptonOnly,7550,3998.6576300505703,0.0726258281119204,0.15933466380112032,2.8392939407851916
baseline,440_ComptonOnly,7600,3999.142285865968,0.07263890641497182,0.1592941626043663,2.8471324761295738
baseline,440_ComptonOnly,7650,3999.6229207536935,0.07265186763962907,0.15925391360497426,2.8549466197387825
baseline,440_ComptonOnly,7700,4000.1000708374368,0.07266467610332879,0.15921389369674827,2.862738219941202
baseline,440_ComptonOnly,7750,4000.56381782894,0.07267735783119667,0.15917410027617088,2.870505388115518
baseline,440_ComptonOnly,7800,4001.0294412533567,0.0726899153209173,0.1591345449290943,2.87824885082144
baseline,440_ComptonOnly,7850,4001.4856825132056,0.0727023373090462,0.15909521314559297,2.885969452479479
baseline,440_ComptonOnly,7900,4001.927448433435,0.07271460271882867,0.1590560905590467,2.893667764928476
baseline,440_ComptonOnly,7950,4002.3622447457,0.072726749498443,0.1590171978277544,2.901344064243059
baseline,440_ComptonOnly,8000,4002.7986494290335,0.07273878420528579,0.1589785203685894,2.908997555543427
baseline,440_ComptonOnly,8050,4003.231033184695,0.0727506727477549,0.15894005262485028,2.9166309692971213
baseline,440_ComptonOnly,8100,4003.656715394237,0.07276244468561825,0.15890178460143436,2.9242433215527495
baseline,440_ComptonOnly,8150,4004.072479315521,0.07277406998892086,0.1588637354543568,2.931834507293179
baseline,440_ComptonOnly,8200,4004.485026494667,0.07278556548836287,0.15882587856160651,2.939405186848578
baseline,440_ComptonOnly,8250,4004.8911401895384,0.07279694596105561,0.1587882295342774,2.9469550601979564
baseline,440_ComptonOnly,8300,4005.294305204117,0.07280818711769967,0.15875079378620321,2.954484787996766
baseline,440_ComptonOnly,8350,4005.695325723937,0.07281930808150391,0.15871353728155843,2.9619943853549913
baseline,440_ComptonOnly,8400,4006.08589183181,0.07283030405001531,0.1586764499842282,2.969485901839217
baseline,440_ComptonOnly,8450,4006.472437012011,0.07284116090305265,0.15863956803086987,2.976956529676887
baseline,440_ComptonOnly,8500,4006.857105759298,0.072851905591315,0.15860289466256716,2.984407725406984
baseline,440_ComptonOnly,8550,4007.240970321051,0.07286251415730306,0.15856639152383947,2.991840611730328
baseline,440_ComptonOnly,8600,4007.608483110271,0.07287296862233344,0.1585300612187674,2.999254877795574
baseline,440_ComptonOnly,8650,4007.973583342888,0.07288333321056482,0.15849394337194994,3.006651320586114
baseline,440_ComptonOnly,8700,4008.334126524144,0.0728935504768746,0.15845799894240764,3.0140301490175756
baseline,440_ComptonOnly,8750,4008.7002990041397,0.07290366019322084,0.15842225078821504,3.0213901314832903
baseline,440_ComptonOnly,8800,4009.050387773448,0.07291364472078432,0.1583866915472298,3.0287319301572064
baseline,440_ComptonOnly,8850,4009.406373903342,0.0729235049348153,0.1583513171236245,3.0360560866060116
baseline,440_ComptonOnly,8900,4009.758875229253,0.07293324072275541,0.15831610979646477,3.043363525597989
baseline,440_ComptonOnly,8950,4010.1019943905967,0.07294285013179377,0.15828108032985808,3.0506536596729426
baseline,440_ComptonOnly,9000,4010.440556500578,0.07295234449125856,0.15824625066292855,3.0579280198926844
baseline,440_ComptonOnly,9050,4010.776706053957,0.07296173126310197,0.15821160473062798,3.065185818127113
baseline,440_ComptonOnly,9100,4011.109370803353,0.07297097928764436,0.1581771133229936,3.072426740346806
baseline,440_ComptonOnly,9150,4011.440695243525,0.07298011338790619,0.15814281268495178,3.0796515213630804
baseline,440_ComptonOnly,9200,4011.7580804677677,0.07298911311903535,0.15810868085766627,3.086860553601269
baseline,440_ComptonOnly,9250,4012.0835075473547,0.07299800156209468,0.15807472770683187,3.094053440425941
baseline,440_ComptonOnly,9300,4012.397407967615,0.07300678732220192,0.15804097445701248,3.1012304167114917
baseline,440_ComptonOnly,9350,4012.707287460203,0.07301544123729353,0.158007406385826,3.1083929787061813
baseline,440_ComptonOnly,9400,4013.0179711383257,0.07302400021784015,0.15797401051261042,3.115540349353505
baseline,440_ComptonOnly,9450,4013.3240977650867,0.07303244733540913,0.15794080869311408,3.122671400266232
baseline,440_ComptonOnly,9500,4013.6224505983487,0.07304075575060197,0.1579077841309879,3.1297894582887116
baseline,440_ComptonOnly,9550,4013.9261646685063,0.07304895073568997,0.15787493082311582,3.136892667593776
baseline,440_ComptonOnly,9600,4014.2178159556483,0.07305705976236788,0.15784228473113968,3.1439797260429594
baseline,440_ComptonOnly,9650,4014.509735304635,0.0730650547732931,0.1578098041451924,3.1510523219402957
baseline,440_ComptonOnly,9700,4014.8043352720697,0.07307292980613639,0.15777750170667126,3.158112071114364
baseline,440_ComptonOnly,9750,4015.0852640854196,0.0730806887632355,0.15774538585012793,3.1651561149238288
baseline,440_ComptonOnly,9800,4015.373698630424,0.07308836409097129,0.1577134641713314,3.1721878496671794
baseline,440_ComptonOnly,9850,4015.6613289898937,0.07309590475966066,0.1576817240611524,3.179204935554347
baseline,440_ComptonOnly,9900,4015.936360442658,0.07310336128045135,0.15765017165300244,3.1862084708084955
baseline,440_ComptonOnly,9950,4016.2130002664912,0.07311069678509693,0.15761877115718984,3.1931997216266437
baseline,440_ComptonOnly,10000,4016.4856191626523,0.07311792833968951,0.1575875814782459,3.2001775386163507
baseline,440_SinglePlusCompton,50,37.47052780039685,0.0004559179163740954,0.4569374294960781,0.22739731851725747
baseline,440_SinglePlusCompton,100,183.55319901492402,0.0012196666618050928,0.4203054122465368,0.28633404538284035
baseline,440_SinglePlusCompton,150,441.927284776713,0.0024487291253533655,0.389674710266523,0.33097217144337293
baseline,440_SinglePlusCompton,200,763.8322568167175,0.003734072575381331,0.36412640176552674,0.3643860875309888
baseline,440_SinglePlusCompton,250,1104.060157401432,0.00490022617732245,0.3428572385188512,0.3887036787926128
baseline,440_SinglePlusCompton,300,1429.6148512031434,0.005910755536583018,0.3250901797160073,0.4063999338559634
baseline,440_SinglePlusCompton,350,1719.8433031945697,0.006773530092218963,0.31013103209521015,0.4195092610990876
baseline,440_SinglePlusCompton,400,1965.4114147799341,0.0075103989016513184,0.29740573233857226,0.4294866897332186
baseline,440_SinglePlusCompton,450,2165.426943006346,0.008147482827426864,0.2864606683080152,0.4373127965580327
baseline,440_SinglePlusCompton,500,2323.9521586263986,0.008710261536178921,0.2769447127607804,0.44363268110800264
baseline,440_SinglePlusCompton,550,2447.165075847507,0.009220821762785172,0.26858775759693804,0.44886822513216434
baseline,440_SinglePlusCompton,600,2541.6001457902953,0.009696779475306895,0.2611816663652936,0.45329804252629646
baseline,440_SinglePlusCompton,650,2613.230021933983,0.010151300514860857,0.25456503587078644,0.4571093082273514
baseline,440_SinglePlusCompton,700,2667.1341671944206,0.010593700668666477,0.248611549473965,0.4604321713006444
baseline,440_SinglePlusCompton,750,2707.450119670856,0.011030230442513868,0.24322125917924634,0.46336018979923244
baseline,440_SinglePlusCompton,800,2737.441179108758,0.011464827967376318,0.23831412593743945,0.46596361650337703
baseline,440_SinglePlusCompton,850,2759.6550639686648,0.011899782755628347,0.2338252751429911,0.46829683920795245
baseline,440_SinglePlusCompton,900,2776.050891230432,0.01233622638307198,0.22970142008611422,0.4704038190249895
baseline,440_SinglePlusCompton,950,2788.1155971092858,0.012774435676161456,0.2258980665636687,0.47232052350149833
baseline,440_SinglePlusCompton,1000,2796.974401363142,0.013214286987047422,0.22237826624039567,0.47407726974769454
baseline,440_SinglePlusCompton,1050,2803.485568340556,0.013655384453650462,0.2191107951892231,0.47569949929953054
baseline,440_SinglePlusCompton,1100,2808.2810188584135,0.01409718488689354,0.21606899780918576,0.47720928660035516
baseline,440_SinglePlusCompton,1150,2811.8383485983713,0.01453901565620027,0.21322969861537958,0.4786253111126925
baseline,440_SinglePlusCompton,1200,2814.5111516422,0.014980228045781169,0.21057303268446942,0.4799638399407582
baseline,440_SinglePlusCompton,1250,2816.557990277871,0.015420234047204507,0.20808180106217544,0.48123897902918494
baseline,440_SinglePlusCompton,1300,2818.1654083969156,0.01585849805010907,0.20574093592723275,0.48246263902913544
baseline,440_SinglePlusCompton,1350,2819.4801502507275,0.016294442439103825,0.2035369904259057,0.48364554938102783
baseline,440_SinglePlusCompton,1400,2820.607265229603,0.016727537355657168,0.20145812535329588,0.4847968064402418
baseline,440_SinglePlusCompton,1450,2821.6176887465767,0.017157415521136213,0.19949399345193713,0.48592437630074986
baseline,440_SinglePlusCompton,1500,2822.550137458383,0.01758376047371422,0.1976353330907707,0.48703532287786566
baseline,440_SinglePlusCompton,1550,2823.4343934086605,0.018006310317829344,0.19587383797145633,0.48813585814624877
baseline,440_SinglePlusCompton,1600,2824.291845519662,0.018424852531857664,0.19420204593101287,0.4892313271285966
baseline,440_SinglePlusCompton,1650,2825.1284502001145,0.018839197688352766,0.19261320058303855,0.49032674594479225
baseline,440_SinglePlusCompton,1700,2825.9493516211933,0.019249202599234436,0.19110121428825094,0.49142640166878654
baseline,440_SinglePlusCompton,1750,2826.754279037046,0.01965475014060931,0.18966055397671244,0.49253409539720877
baseline,440_SinglePlusCompton,1800,2827.5405249891614,0.0200557454333841,0.18828619650277204,0.4936533426875527
baseline,440_SinglePlusCompton,1850,2828.312962902861,0.020452120167824626,0.18697355676140281,0.49478728308878855
baseline,440_SinglePlusCompton,1900,2829.064282640161,0.0208438235623467,0.18571846112058196,0.4959385855488275
baseline,440_SinglePlusCompton,1950,2829.7934012176556,0.021230820427908838,0.18451708287740481,0.49710996393368045
baseline,440_SinglePlusCompton,2000,2830.4913840222534,0.021613087316613416,0.18336591118122017,0.4983036845626102
baseline,440_SinglePlusCompton,2050,2831.1671656670464,0.021990611739911722,0.18226172833450136,0.49952178785136214
baseline,440_SinglePlusCompton,2100,2831.8045014009576,0.022363384626268544,0.18120157783941565,0.5007662051039018
baseline,440_SinglePlusCompton,2150,2832.405827936649,0.022731421471933605,0.18018272328420673,0.5020386910802156
baseline,440_SinglePlusCompton,2200,2832.971416019971,0.0230947323839491,0.17920264615068607,0.5033406506133573
baseline,440_SinglePlusCompton,2250,2833.497745954858,0.0234533309996141,0.17825901728995625,0.5046736790561814
baseline,440_SinglePlusCompton,2300,2833.99131564174,0.02380724591144545,0.17734969520137617,0.5060390291431501
baseline,440_SinglePlusCompton,2350,2834.4521250806174,0.024156509310954703,0.17647269075428393,0.5074378308528059
baseline,440_SinglePlusCompton,2400,2834.872864133505,0.024501149773821822,0.17562614386410833,0.5088710553832313
baseline,440_SinglePlusCompton,2450,2835.259218463281,0.024841212513779954,0.17480834390807165,0.5103396965581419
baseline,440_SinglePlusCompton,2500,2835.607668373877,0.025176724485599235,0.17401769579701046,0.5118446321189984
baseline,440_SinglePlusCompton,2550,2835.9244410198735,0.02550772547574665,0.1732527166599253,0.5133863725363418
baseline,440_SinglePlusCompton,2600,2836.2111608763785,0.025834271758541676,0.1725120338230517,0.514965709032232
baseline,440_SinglePlusCompton,2650,2836.464849739027,0.02615640890371941,0.17179435856227393,0.5165831050699878
baseline,440_SinglePlusCompton,2700,2836.6863198453734,0.02647417695658668,0.17109848837316063,0.5182389145385937
baseline,440_SinglePlusCompton,2750,2836.8869425211715,0.026787641077985837,0.17042331841153988,0.5199334832722673
baseline,440_SinglePlusCompton,2800,2837.0607613576926,0.027096835653305295,0.16976779070018025,0.5216672256411256
baseline,440_SinglePlusCompton,2850,2837.2064226256807,0.02740182787553955,0.16913093886613484,0.5234402378597642
baseline,440_SinglePlusCompton,2900,2837.335568396741,0.027702669263650243,0.16851183781044898,0.525252612146433
baseline,440_SinglePlusCompton,2950,2837.441971516294,0.027999402809267444,0.16790962654077615,0.5271045428287586
baseline,440_SinglePlusCompton,3000,2837.5329421223237,0.02829209600901905,0.16732351962858263,0.5289958398273413
baseline,440_SinglePlusCompton,3050,2837.6027945519536,0.02858079653626736,0.16675276598332772,0.5309265236177111
baseline,440_SinglePlusCompton,3100,2837.657755959763,0.028865575455764937,0.16619665564535668,0.532896330846142
baseline,440_SinglePlusCompton,3150,2837.6986385833065,0.029146469338995215,0.16565451425875122,0.5349051373709292
baseline,440_SinglePlusCompton,3200,2837.723547201624,0.0294235477871524,0.165125742344827,0.5369526839945773
baseline,440_SinglePlusCompton,3250,2837.73112808546,0.029696865162833822,0.16460973267045687,0.5390389135367583
baseline,440_SinglePlusCompton,3300,2837.7384382234445,0.029966503732951393,0.16410596595795712,0.5411631482540551
baseline,440_SinglePlusCompton,3350,2837.732752560568,0.030232487660135157,0.1636139000592677,0.5433251632357616
baseline,440_SinglePlusCompton,3400,2837.7151540802347,0.03049487808243964,0.16313303886495567,0.5455245239976763
baseline,440_SinglePlusCompton,3450,2837.6905162077683,0.030753754236542415,0.1626629421777255,0.5477608624596467
baseline,440_SinglePlusCompton,3500,2837.6702102689223,0.03100918202148799,0.16220318689877658,0.550033463194203
baseline,440_SinglePlusCompton,3550,2837.636908529215,0.03126118903343235,0.16175332743225557,0.5523420424279963
baseline,440_SinglePlusCompton,3600,2842.894251469355,0.03150985008973382,0.16131299240108893,0.5546858921999794
baseline,440_SinglePlusCompton,3650,2850.2246953927397,0.031755225754770355,0.1608818422381312,0.5570645315354977
baseline,440_SinglePlusCompton,3700,2857.373739595768,0.031997353563140186,0.16045949793697795,0.5594774771770864
baseline,440_SinglePlusCompton,3750,2864.3530261500437,0.03223630895232892,0.16004564945044256,0.5619237714036089
baseline,440_SinglePlusCompton,3800,2871.174467873024,0.032472138711644026,0.15963998824731288,0.5644031055908706
baseline,440_SinglePlusCompton,3850,2877.845104156841,0.03270490102869055,0.1592422242512271,0.5669149203450039
baseline,440_SinglePlusCompton,3900,2884.3584371010656,0.03293464186788765,0.1588520704159825,0.5694580915478596
baseline,440_SinglePlusCompton,3950,2890.729357727517,0.03316143441572551,0.15846926798952693,0.5720322601485507
baseline,440_SinglePlusCompton,4000,2896.951368135765,0.03338531421920862,0.1580935502214606,0.5746366002661342
baseline,440_SinglePlusCompton,4050,2903.0352981598603,0.03360635168139841,0.15772470464702065,0.5772704316436292
baseline,440_SinglePlusCompton,4100,2908.9884579377876,0.03382458199950329,0.1573624920483357,0.5799332979976571
baseline,440_SinglePlusCompton,4150,2914.807327773481,0.03404008942220576,0.15700671970151017,0.5826241507385139
baseline,440_SinglePlusCompton,4200,2920.50679868876,0.03425289716911874,0.15665715353700935,0.5853422520980365
baseline,440_SinglePlusCompton,4250,2926.085246208517,0.034463064454575615,0.15631362639881718,0.5880871587848705
baseline,440_SinglePlusCompton,4300,2931.539692128388,0.03467062469910717,0.15597592029538224,0.5908581429925649
baseline,440_SinglePlusCompton,4350,2936.88204926583,0.0348756470458581,0.15564388491175654,0.593654259202427
baseline,440_SinglePlusCompton,4400,2942.123147454893,0.03507816783539715,0.15531734223147745,0.5964749534285856
baseline,440_SinglePlusCompton,4450,2947.2429515025833,0.03527821580984053,0.1549961201294167,0.599319453423416
baseline,440_SinglePlusCompton,4500,2952.2560816848695,0.03547585440055589,0.1546800829005636,0.6021868906106408
baseline,440_SinglePlusCompton,4550,2957.179324244531,0.035671151629050546,0.15436910717596664,0.605076790331811
baseline,440_SinglePlusCompton,4600,2961.995080701234,0.03586412362548596,0.15406303085595885,0.6079880661100051
baseline,440_SinglePlusCompton,4650,2966.7239277396775,0.03605482366497392,0.15376171496592633,0.6109204578084565
baseline,440_SinglePlusCompton,4700,2971.358555221875,0.036243293325388067,0.15346502829819583,0.6138732016247105
baseline,440_SinglePlusCompton,4750,2975.904107319002,0.03642956635059223,0.15317283808365753,0.6168452512869184
baseline,440_SinglePlusCompton,4800,2980.3649159646784,0.03661369781287303,0.15288505995998952,0.6198363841854434
baseline,440_SinglePlusCompton,4850,2984.743417871566,0.03679573822251566,0.152601573375571,0.6228456726900161
baseline,440_SinglePlusCompton,4900,2989.0404252772187,0.03697570290707935,0.15232226195626364,0.6258725862680933
baseline,440_SinglePlusCompton,4950,2993.2532307231236,0.037153617655837204,0.15204699657070994,0.6289159846640975
baseline,440_SinglePlusCompton,5000,2997.3896858389676,0.03732953894297004,0.1517757088991274,0.6319758511602099
baseline,440_SinglePlusCompton,5050,3001.447353912089,0.03750348763613305,0.15150828267695568,0.6350514576439267
baseline,440_SinglePlusCompton,5100,3005.4327328429194,0.03767552278429262,0.15124464553084785,0.6381418418236817
baseline,440_SinglePlusCompton,5150,3009.3520497860372,0.037845666829594844,0.15098471585640516,0.64124632922646
baseline,440_SinglePlusCompton,5200,3013.200972807823,0.03801394870305628,0.150728392734133,0.6443645589521324
baseline,440_SinglePlusCompton,5250,3016.993309946691,0.03818041669559677,0.15047559602164715,0.6474961616692305
baseline,440_SinglePlusCompton,5300,3020.719043606144,0.038345089383303964,0.15022623945252905,0.6506404042536046
baseline,440_SinglePlusCompton,5350,3024.374112598414,0.03850799375288557,0.14998025705583343,0.653796572594616
baseline,440_SinglePlusCompton,5400,3027.968805265848,0.038669161325916426,0.14973757505628357,0.6569641334536697
baseline,440_SinglePlusCompton,5450,3031.4998726582317,0.03882863230736937,0.14949813288245956,0.6601423682905385
baseline,440_SinglePlusCompton,5500,3034.977061626211,0.03898641790124469,0.14926182754597198,0.6633309255074143
baseline,440_SinglePlusCompton,5550,3038.393874269355,0.03914255727634566,0.1490286215195514,0.6665290202970846
baseline,440_SinglePlusCompton,5600,3041.7535595378786,0.03929708578450438,0.14879843803844703,0.6697365195802201
baseline,440_SinglePlusCompton,5650,3045.0658642824287,0.03945002814925587,0.14857122329803182,0.6729521231677199
baseline,440_SinglePlusCompton,5700,3048.326998061087,0.03960141570960435,0.14834692458282916,0.6761760538478353
baseline,440_SinglePlusCompton,5750,3051.529650735869,0.039751256102422645,0.1481254739270853,0.6794076398250102
baseline,440_SinglePlusCompton,5800,3054.6838399032717,0.039899597140240176,0.1479068266706849,0.6826464286659796
baseline,440_SinglePlusCompton,5850,3057.7876703423367,0.040046414711932585,0.14769089152208043,0.6858921487092856
baseline,440_SinglePlusCompton,5900,3060.849805920305,0.04019178292598812,0.14747764633476826,0.6891442847934652
baseline,440_SinglePlusCompton,5950,3063.870246637176,0.04033570328957343,0.14726704367984353,0.6924020394304568
baseline,440_SinglePlusCompton,6000,3066.8443898134783,0.04047820181005405,0.14705901507543537,0.695665350431837
baseline,440_SinglePlusCompton,6050,3069.768445007294,0.040619299291951474,0.1468535215868615,0.6989337115278437
baseline,440_SinglePlusCompton,6100,3072.658386223848,0.040759008560244725,0.14665052560495587,0.7022066533797501
baseline,440_SinglePlusCompton,6150,3075.5044666124954,0.04089735238596897,0.14644996824140646,0.7054838078351108
baseline,440_SinglePlusCompton,6200,3078.307227664938,0.04103436995284066,0.1462518193251786,0.7087643074815314
baseline,440_SinglePlusCompton,6250,3081.0707305689452,0.04117007431676629,0.14605604617304815,0.7120484095391799
baseline,440_SinglePlusCompton,6300,3083.7930801035577,0.041304474133715637,0.14586255531208722,0.7153350164633049
baseline,440_SinglePlusCompton,6350,3086.467778368345,0.04143758770411863,0.1456713483967258,0.718624300341242
baseline,440_SinglePlusCompton,6400,3089.113777572897,0.04156943464576608,0.14548238511306155,0.7219157822287567
baseline,440_SinglePlusCompton,6450,3091.7218723582696,0.04170001915794358,0.14529559413968263,0.7252091535391896
baseline,440_SinglePlusCompton,6500,3094.293687199571,0.04182938418010575,0.1451109698404147,0.7285039456700747
baseline,440_SinglePlusCompton,6550,3096.8305758260576,0.04195752632241526,0.1449284676394516,0.7318003841170175
baseline,440_SinglePlusCompton,6600,3099.314127519842,0.04208443319696715,0.14474802393762504,0.7350978535226866
baseline,440_SinglePlusCompton,6650,3101.7892860922366,0.04221015983158043,0.1445696353752656,0.7383956889437647
baseline,440_SinglePlusCompton,6700,3104.2354748585444,0.042334729287024274,0.14439326477721273,0.7416937073425011
baseline,440_SinglePlusCompton,6750,3106.640239509606,0.04245814148514116,0.1442188728244696,0.7449919115403333
baseline,440_SinglePlusCompton,6800,3109.0111609292585,0.042580432482380776,0.14404645039964564,0.7482898012651055
baseline,440_SinglePlusCompton,6850,3111.3539247803774,0.042701601169113014,0.14387593910924037,0.7515871937039285
baseline,440_SinglePlusCompton,6900,3113.658242720615,0.04282166735959464,0.14370732115803025,0.7548839376131781
baseline,440_SinglePlusCompton,6950,3115.9441499429654,0.04294063576131064,0.14354056154718306,0.7581795310275133
baseline,440_SinglePlusCompton,7000,3118.198650646568,0.04305850162511192,0.143375627604931,0.7614734405930417
baseline,440_SinglePlusCompton,7050,3120.4277012401494,0.04317529968249011,0.1432125002132099,0.7647656611776492
baseline,440_SinglePlusCompton,7100,3122.6291357569007,0.04329102792887838,0.14305112730305042,0.7680560740243307
baseline,440_SinglePlusCompton,7150,3124.805932401186,0.043405702818557705,0.14289149656020372,0.7713448281497486
baseline,440_SinglePlusCompton,7200,3126.955654460343,0.043519371885992655,0.14273360476716296,0.7746313481500767
baseline,440_SinglePlusCompton,7250,3129.064764641808,0.04363199855504707,0.1425773806400479,0.7779153667960464
baseline,440_SinglePlusCompton,7300,3131.147341729848,0.04374361564969188,0.14242281594219502,0.7811963292507234
baseline,440_SinglePlusCompton,7350,3133.20501019957,0.04385423303127812,0.14226989528705242,0.7844743087829952
baseline,440_SinglePlusCompton,7400,3135.2337088632053,0.043963861254634015,0.1421185831151595,0.7877495051143735
baseline,440_SinglePlusCompton,7450,3137.2402063670356,0.044072497847991166,0.14196884790496628,0.7910209372584417
baseline,440_SinglePlusCompton,7500,3139.226668677871,0.04418015419303813,0.1418206721506056,0.7942894571606713
baseline,440_SinglePlusCompton,7550,3141.1903883371992,0.04428686755706285,0.14167405428868646,0.7975544012991943
baseline,440_SinglePlusCompton,7600,3143.124055207036,0.04439264311695867,0.14152895337085092,0.800815623398559
baseline,440_SinglePlusCompton,7650,3145.0431018009026,0.04449745614942578,0.1413853407581615,0.8040731230394156
baseline,440_SinglePlusCompton,7700,3146.933990826237,0.04460135279512044,0.14124322670505432,0.8073263281473838
baseline,440_SinglePlusCompton,7750,3148.8108010673045,0.044704326155673005,0.14110254824974452,0.8105752245630259
baseline,440_SinglePlusCompton,7800,3150.67028357389,0.04480639419304171,0.1409633046872935,0.8138193430353431
baseline,440_SinglePlusCompton,7850,3152.501879257794,0.04490758343924129,0.14082548030507258,0.8170590580557978
baseline,440_SinglePlusCompton,7900,3154.3020684229496,0.04500786517764638,0.14068903616950967,0.820293966332252
baseline,440_SinglePlusCompton,7950,3156.0808686658543,0.045107254666725216,0.14055394985755637,0.8235233727899371
baseline,440_SinglePlusCompton,8000,3157.8409874450203,0.0452057560107216,0.14042019829374125,0.8267480444768095
baseline,440_SinglePlusCompton,8050,3159.5910886276893,0.04530342714084533,0.14028780864589444,0.8299674727827079
baseline,440_SinglePlusCompton,8100,3161.3268402802405,0.045400249579553346,0.1401567343127117,0.8331821129740689
baseline,440_SinglePlusCompton,8150,3163.039849281284,0.04549623474233624,0.14002694805542498,0.8363911250000499
baseline,440_SinglePlusCompton,8200,3164.72794966401,0.04559137245909628,0.13989843947393918,0.8395951626953803
baseline,440_SinglePlusCompton,8250,3166.4014297707668,0.04568568065093062,0.13977119976153188,0.8427934624257795
baseline,440_SinglePlusCompton,8300,3168.0629970600676,0.04577916330574964,0.1396452009538467,0.8459862665433908
baseline,440_SinglePlusCompton,8350,3169.6974897642403,0.045871845658801084,0.13952043532114447,0.8491731978496597
baseline,440_SinglePlusCompton,8400,3171.316279209039,0.04596372656389967,0.13939687148884236,0.8523541546862483
baseline,440_SinglePlusCompton,8450,3172.9166579359503,0.046054806369468834,0.13927449623997068,0.8555294608376668
baseline,440_SinglePlusCompton,8500,3174.5002504200825,0.046145104354345046,0.13915330167609255,0.8586991191566862
baseline,440_SinglePlusCompton,8550,3176.071930086758,0.04623463105716158,0.13903327304370883,0.8618624668471712
baseline,440_SinglePlusCompton,8600,3177.626823510655,0.04632335347987209,0.13891436472855664,0.8650194671307931
baseline,440_SinglePlusCompton,8650,3179.1711578463514,0.04641130586716084,0.13879659354742827,0.8681703389465095
baseline,440_SinglePlusCompton,8700,3180.7033086187407,0.046498506666823015,0.13867992415551603,0.8713145051145643
baseline,440_SinglePlusCompton,8750,3182.208114060151,0.046584940709441996,0.13856435386104532,0.8744520852047006
baseline,440_SinglePlusCompton,8800,3183.6923428168634,0.046670630839973214,0.13844987086205904,0.8775839098304626
baseline,440_SinglePlusCompton,8850,3185.1749470984682,0.04675558867399784,0.13833647514962868,0.8807089863240234
baseline,440_SinglePlusCompton,8900,3186.6361624578226,0.046839801931635686,0.13822413652226,0.8838273751415977
baseline,440_SinglePlusCompton,8950,3188.084652762166,0.0469233115789111,0.1381128676817178,0.8869394342020768
baseline,440_SinglePlusCompton,9000,3189.5190642822436,0.04700610387677703,0.13800261829913635,0.8900443275001142
baseline,440_SinglePlusCompton,9050,3190.9383140346495,0.047088173394406206,0.13789337019724404,0.893142550875105
baseline,440_SinglePlusCompton,9100,3192.336987102358,0.047169534497226266,0.13778512277690924,0.8962344450611558
baseline,440_SinglePlusCompton,9150,3193.729974507189,0.04725018478252023,0.13767784991306742,0.8993193644239404
baseline,440_SinglePlusCompton,9200,3195.110236857011,0.04733013631895361,0.13757157561792852,0.9023974584017478
baseline,440_SinglePlusCompton,9250,3197.0184536168267,0.04740942122243449,0.13746628909197428,0.9054688225862837
baseline,440_SinglePlusCompton,9300,3199.5702332651335,0.04748804650203332,0.137361952411687,0.9085337252489178
baseline,440_SinglePlusCompton,9350,3202.087086698625,0.047565975118974375,0.13725851998416647,0.9115917312387782
baseline,440_SinglePlusCompton,9400,3204.547895740902,0.04764321422523342,0.1371560253798386,0.9146423926558368
baseline,440_SinglePlusCompton,9450,3206.9770275185792,0.04771981342305605,0.13705449301967748,0.9176859182053618
baseline,440_SinglePlusCompton,9500,3209.363110705903,0.047795753177613795,0.13695386606038215,0.9207229909791907
baseline,440_SinglePlusCompton,9550,3211.7020841151043,0.04787102287110925,0.13685410413505064,0.9237527148411936
baseline,440_SinglePlusCompton,9600,3214.0001749007624,0.04794564829801598,0.13675521871586155,0.9267754858398933
baseline,440_SinglePlusCompton,9650,3216.263880963308,0.04801964945817804,0.13665722187443827,0.9297917161036305
baseline,440_SinglePlusCompton,9700,3218.482643214541,0.048093009353036925,0.13656009631672647,0.9328005123463593
baseline,440_SinglePlusCompton,9750,3220.673518643093,0.04816576936846989,0.13646387193975915,0.9358025275992159
baseline,440_SinglePlusCompton,9800,3222.828655619275,0.048237906549350645,0.1363684872030132,0.9387969420029664
baseline,440_SinglePlusCompton,9850,3224.945075938725,0.04830941010013176,0.13627390093991765,0.9417838185144651
baseline,440_SinglePlusCompton,9900,3227.033338689642,0.04838029638565133,0.13618013316561417,0.9447639062294629
baseline,440_SinglePlusCompton,9950,3229.083426275528,0.048450596492244036,0.1360871885232336,0.9477366232019961
baseline,440_SinglePlusCompton,10000,3231.1105004640553,0.048520301308878,0.13599508993348344,0.9507024420469364
baseline,218_SinglePhoton_CrossTalkCorrected,50,0.5183453878002389,0.00030846418055236705,0.4669593183151353,0.17780497610474522
baseline,218_SinglePhoton_CrossTalkCorrected,100,0.5909196616349267,0.0002754579782465799,0.4327665728438411,0.21957399993446602
baseline,218_SinglePhoton_CrossTalkCorrected,150,0.6592612132795144,0.00025301039587607033,0.4008922826084157,0.24175314698018946
baseline,218_SinglePhoton_CrossTalkCorrected,200,0.8126334538183366,0.00023227844332621421,0.3715075499133192,0.26059467666998254
baseline,218_SinglePhoton_CrossTalkCorrected,250,0.9782513489895749,0.000213183969211997,0.3446757522800451,0.2789778129269087
baseline,218_SinglePhoton_CrossTalkCorrected,300,1.1546229044955882,0.00019590862141080447,0.3203839498213268,0.2967829794875911
baseline,218_SinglePhoton_CrossTalkCorrected,350,1.3366818678575292,0.00018046117422862331,0.2985409415818829,0.31340784097524865
baseline,218_SinglePhoton_CrossTalkCorrected,400,1.521325550769116,0.00016674174788952443,0.2789939221463223,0.32839168237161326
baseline,218_SinglePhoton_CrossTalkCorrected,450,1.705838109458261,0.0001546001689440479,0.2615514754346841,0.34150176869185644
baseline,218_SinglePhoton_CrossTalkCorrected,500,1.8893380353674598,0.000143869128527656,0.2460047813504176,0.35268776133946206
baseline,218_SinglePhoton_CrossTalkCorrected,550,2.0760062818891405,0.00013438205730567326,0.23214380455127495,0.36202056002233163
baseline,218_SinglePhoton_CrossTalkCorrected,600,2.2613499491402274,0.00012598251926847939,0.21976809365376132,0.3696423273583198
baseline,218_SinglePhoton_CrossTalkCorrected,650,2.44278698498031,0.00011852870097317275,0.20869303673874637,0.3757312771272531
baseline,218_SinglePhoton_CrossTalkCorrected,700,2.6197106240031873,0.00011189486260959211,0.19875274509239185,0.3804785193848924
baseline,218_SinglePhoton_CrossTalkCorrected,750,2.791778735876858,0.00010597123599318577,0.18980069135201602,0.38407293122787456
baseline,218_SinglePhoton_CrossTalkCorrected,800,2.9588506498616143,0.0001006629006213509,0.18170898156122783,0.3866931402116295
baseline,218_SinglePhoton_CrossTalkCorrected,850,3.1209398433935958,9.58883004774789e-05,0.17436687545601082,0.38850245493225
baseline,218_SinglePhoton_CrossTalkCorrected,900,3.2781780022550837,9.157763566545819e-05,0.1676789864348041,0.38964689916252176
baseline,218_SinglePhoton_CrossTalkCorrected,950,3.4307754306058396,8.76712774035837e-05,0.1615633997411916,0.39025490414773034
baseline,218_SinglePhoton_CrossTalkCorrected,1000,3.5789980270297,8.411829071307377e-05,0.1559498746373153,0.39043802259232196
baseline,218_SinglePhoton_CrossTalkCorrected,1050,3.7231400488823803,8.08751643205886e-05,0.15077819373657747,0.39029176567035445
baseline,218_SinglePhoton_CrossTalkCorrected,1100,3.8635224276119535,7.790467299155665e-05,0.14599670002078396,0.38989720312727477
baseline,218_SinglePhoton_CrossTalkCorrected,1150,4.003373009173852,7.517488812889753e-05,0.14156101484393485,0.38932307075182143
baseline,218_SinglePhoton_CrossTalkCorrected,1200,4.143419013559775,7.265837653725712e-05,0.13743294195360126,0.38862612134402036
baseline,218_SinglePhoton_CrossTalkCorrected,1250,4.2817924119647905,7.033149418102184e-05,0.13357952813528268,0.38785376655788734
baseline,218_SinglePhoton_CrossTalkCorrected,1300,4.4187986929413965,6.817381119703958e-05,0.12997226815847207,0.3870446083641921
baseline,218_SinglePhoton_CrossTalkCorrected,1350,4.554721163428444,6.616760851775137e-05,0.1265864310391413,0.38623006072690536
baseline,218_SinglePhoton_CrossTalkCorrected,1400,4.689810840674032,6.429748192704228e-05,0.12340049972970099,0.3854352886716329
baseline,218_SinglePhoton_CrossTalkCorrected,1450,4.82430610682988,6.255000232621869e-05,0.12039569090544106,0.38468034273056817
baseline,218_SinglePhoton_CrossTalkCorrected,1500,4.958405473299128,6.091340097483678e-05,0.11755555319684662,0.38398058056077494
baseline,218_SinglePhoton_CrossTalkCorrected,1550,5.092306047585318,5.9377349389207356e-05,0.11486563341215177,0.38334790368597826
baseline,218_SinglePhoton_CrossTalkCorrected,1600,5.226160012404857,5.793275433882166e-05,0.11231318716260238,0.3827908400986369
baseline,218_SinglePhoton_CrossTalkCorrected,1650,5.360112250196248,5.657157687121426e-05,0.1098869417006164,0.3823155990941585
baseline,218_SinglePhoton_CrossTalkCorrected,1700,5.494283496324907,5.528669574930461e-05,0.10757689458338622,0.38192614753051723
baseline,218_SinglePhoton_CrossTalkCorrected,1750,5.628784378079146,5.4071769019137335e-05,0.10537413668129782,0.38162491244536995
baseline,218_SinglePhoton_CrossTalkCorrected,1800,5.76369912943484,5.2921156946449804e-05,0.10327071060395622,0.38141270458796467
baseline,218_SinglePhoton_CrossTalkCorrected,1850,5.899099068491559,5.1829806786118125e-05,0.10125948136876768,0.3812894574173987
baseline,218_SinglePhoton_CrossTalkCorrected,1900,6.035042035912735,5.079319296514244e-05,0.09933403972523547,0.3812541062486958
baseline,218_SinglePhoton_CrossTalkCorrected,1950,6.171576887404374,4.980723910075556e-05,0.0974886018811733,0.38130491056869287
baseline,218_SinglePhoton_CrossTalkCorrected,2000,6.308738439676505,4.886827667390074e-05,0.09571793597825878,0.38143967382076177
baseline,218_SinglePhoton_CrossTalkCorrected,2050,6.446555893840762,4.7972983632432694e-05,0.09401729615501972,0.38165591618795175
baseline,218_SinglePhoton_CrossTalkCorrected,2100,6.585037673294734,4.7118357549821366e-05,0.09238236665146762,0.3819506205151139
baseline,218_SinglePhoton_CrossTalkCorrected,2150,6.724191639876167,4.630166579120486e-05,0.09080920597348129,0.38232087584818714
baseline,218_SinglePhoton_CrossTalkCorrected,2200,6.864014424226029,4.552042044704091e-05,0.08929421370041482,0.38276357600750655
baseline,218_SinglePhoton_CrossTalkCorrected,2250,7.004498164506568,4.477234985077982e-05,0.08783408469908718,0.38327552242404694
baseline,218_SinglePhoton_CrossTalkCorrected,2300,7.145625452362774,4.4055382931346155e-05,0.08642578284537179,0.38385351402527373
baseline,218_SinglePhoton_CrossTalkCorrected,2350,7.287374948520757,4.336761876209907e-05,0.08506650900061984,0.38449447169208306
baseline,218_SinglePhoton_CrossTalkCorrected,2400,7.4297258752664685,4.270731152905189e-05,0.08375367781828479,0.38519543412200796
baseline,218_SinglePhoton_CrossTalkCorrected,2450,7.572650716167792,4.207285344178156e-05,0.08248489727115599,0.3859533346995642
baseline,218_SinglePhoton_CrossTalkCorrected,2500,7.716111285155664,4.1462762928295935e-05,0.08125794867144896,0.38676539127991527
baseline,218_SinglePhoton_CrossTalkCorrected,2550,7.860081750477484,4.087567200747496e-05,0.0800707701881807,0.38762880378583237
baseline,218_SinglePhoton_CrossTalkCorrected,2600,8.00451044862805,4.031032188803317e-05,0.07892144119235263,0.38854100275038556
baseline,218_SinglePhoton_CrossTalkCorrected,2650,8.14936593225637,3.976553303613574e-05,0.07780817163893021,0.3894995921229185
baseline,218_SinglePhoton_CrossTalkCorrected,2700,8.29460383813515,3.924022660231389e-05,0.07672928786401163,0.3905021268725017
baseline,218_SinglePhoton_CrossTalkCorrected,2750,8.440180364596937,3.87333899930768e-05,0.07568322563199709,0.39154639104267946
baseline,218_SinglePhoton_CrossTalkCorrected,2800,8.586055640893152,3.824408207287981e-05,0.07466851616112036,0.3926303175737195
baseline,218_SinglePhoton_CrossTalkCorrected,2850,8.732169018561168,3.777142801222047e-05,0.07368378193358194,0.393751945548562
baseline,218_SinglePhoton_CrossTalkCorrected,2900,8.878495788968058,3.731460769121031e-05,0.07272772889465752,0.3949094520609081
baseline,218_SinglePhoton_CrossTalkCorrected,2950,9.024979234570074,3.687285727664677e-05,0.07179913767858435,0.3961009461644687
baseline,218_SinglePhoton_CrossTalkCorrected,3000,9.171571061221043,3.64454620950099e-05,0.07089686029042486,0.3973249144155286
baseline,218_SinglePhoton_CrossTalkCorrected,3050,9.318235890651103,3.6031749758152516e-05,0.07001981298063434,0.39857991331750914
baseline,218_SinglePhoton_CrossTalkCorrected,3100,9.464932728991993,3.563109495688996e-05,0.06916697356574837,0.39986427620945925
baseline,218_SinglePhoton_CrossTalkCorrected,3150,9.611609912738516,3.524290458079425e-05,0.06833737446214254,0.4011768494559261
baseline,218_SinglePhoton_CrossTalkCorrected,3200,9.75821746306498,3.4866627225037636e-05,0.06753009816526769,0.40251630503937846
baseline,218_SinglePhoton_CrossTalkCorrected,3250,9.90473067133847,3.450173898505754e-05,0.06674427768306665,0.4038814785694051
baseline,218_SinglePhoton_CrossTalkCorrected,3300,10.051096750934102,3.414774870634096e-05,0.06597909086158886,0.4052712330911298
baseline,218_SinglePhoton_CrossTalkCorrected,3350,10.197275269543459,3.380419113152152e-05,0.06523375584767177,0.4066845476954012
baseline,218_SinglePhoton_CrossTalkCorrected,3400,10.343234779815546,3.347062968197887e-05,0.06450753277035609,0.40812056296578864
baseline,218_SinglePhoton_CrossTalkCorrected,3450,10.488921372005807,3.3146650267415615e-05,0.06379971454984788,0.4095782857699816
baseline,218_SinglePhoton_CrossTalkCorrected,3500,10.634314829960031,3.283186412393149e-05,0.0631096304032051,0.41105689723916666
baseline,218_SinglePhoton_CrossTalkCorrected,3550,10.77936910577141,3.252590233382984e-05,0.062436642518339004,0.41255561610460495
baseline,218_SinglePhoton_CrossTalkCorrected,3600,10.924062860166055,3.2228412216331446e-05,0.061780142033656234,0.41407361071449433
baseline,218_SinglePhoton_CrossTalkCorrected,3650,11.068359030194582,3.1939067856036674e-05,0.06113954863086564,0.41561029056435983
baseline,218_SinglePhoton_CrossTalkCorrected,3700,11.212210444830502,3.165754464738157e-05,0.06051430923293822,0.4171649041155486
baseline,218_SinglePhoton_CrossTalkCorrected,3750,11.35561373471478,3.138355419156504e-05,0.05990389528349958,0.4187369271599699
baseline,218_SinglePhoton_CrossTalkCorrected,3800,11.498541944975138,3.1116810582704445e-05,0.05930780232047205,0.4203256496047588
baseline,218_SinglePhoton_CrossTalkCorrected,3850,11.640954643303157,3.085704135250426e-05,0.05872554983966685,0.4219305998062822
baseline,218_SinglePhoton_CrossTalkCorrected,3900,11.782838352262697,3.06039927373756e-05,0.05815667553161337,0.42355126324819437
baseline,218_SinglePhoton_CrossTalkCorrected,3950,11.9241649938618,3.0357419151501933e-05,0.05760073899578025,0.4251871473078098
baseline,218_SinglePhoton_CrossTalkCorrected,4000,12.064906490108509,3.0117092568934082e-05,0.05705731741186693,0.42683774611339825
baseline,218_SinglePhoton_CrossTalkCorrected,4050,12.205051609806041,2.9882789134560414e-05,0.05652600790920519,0.4285026623933419
baseline,218_SinglePhoton_CrossTalkCorrected,4100,12.344576767441154,2.965430100240122e-05,0.056006423699562304,0.4301813494632794
baseline,218_SinglePhoton_CrossTalkCorrected,4150,12.483450515662852,2.9431424515155477e-05,0.055498192861990515,0.43187350048473405
baseline,218_SinglePhoton_CrossTalkCorrected,4200,12.6216694851121,2.9213970327545892e-05,0.05500096066379745,0.43357870657960645
baseline,218_SinglePhoton_CrossTalkCorrected,4250,12.759219075233084,2.900175467250023e-05,0.054514385967529146,0.4352966472493863
baseline,218_SinglePhoton_CrossTalkCorrected,4300,12.896100409145479,2.879460501720523e-05,0.05403814126118229,0.4370269827678155
baseline,218_SinglePhoton_CrossTalkCorrected,4350,13.03227754701958,2.8592352595058836e-05,0.053571911850226174,0.4387692194720113
baseline,218_SinglePhoton_CrossTalkCorrected,4400,13.167770705009598,2.8394840520624285e-05,0.05311539719093374,0.44052317284769066
baseline,218_SinglePhoton_CrossTalkCorrected,4450,13.3025349583284,2.8201907351305513e-05,0.05266830618592284,0.4422884547046966
baseline,218_SinglePhoton_CrossTalkCorrected,4500,13.43657367633502,2.8013416651858015e-05,0.05223036152760721,0.44406480345380694
baseline,218_SinglePhoton_CrossTalkCorrected,4550,13.5698587810375,2.782922778877952e-05,0.05180129514106869,0.44585192353558967
baseline,218_SinglePhoton_CrossTalkCorrected,4600,13.702419473547478,2.7649205513036323e-05,0.05138084914812197,0.4476495538182232
baseline,218_SinglePhoton_CrossTalkCorrected,4650,13.834219814035247,2.7473217491845296e-05,0.05096877528876929,0.44945732546934997
baseline,218_SinglePhoton_CrossTalkCorrected,4700,13.965271033697592,2.7301145444964708e-05,0.05056483523660466,0.4512750746797041
baseline,218_SinglePhoton_CrossTalkCorrected,4750,14.09557313253451,2.713287165499257e-05,0.05016879985207805,0.4531025303858129
baseline,218_SinglePhoton_CrossTalkCorrected,4800,14.225103648152437,2.6968283248879016e-05,0.04978044783080587,0.45493941957526535
baseline,218_SinglePhoton_CrossTalkCorrected,4850,14.353853595593945,2.6807269960669534e-05,0.04939956600547383,0.45678546720184815
baseline,218_SinglePhoton_CrossTalkCorrected,4900,14.481851052850994,2.6649730198199454e-05,0.04902594973805616,0.45864053213492895
baseline,218_SinglePhoton_CrossTalkCorrected,4950,14.60907131129066,2.6495561798909913e-05,0.04865940082590285,0.46050430544593185
baseline,218_SinglePhoton_CrossTalkCorrected,5000,14.735517740271977,2.6344667610643092e-05,0.04829972849323734,0.4623766396450298
baseline,218_SinglePhoton_CrossTalkCorrected,5050,14.861192586034301,2.619695439312134e-05,0.047946748277141155,0.4642572187439368
baseline,218_SinglePhoton_CrossTalkCorrected,5100,14.986084617380852,2.6052340793521896e-05,0.04760028305232862,0.4661458924727699
baseline,218_SinglePhoton_CrossTalkCorrected,5150,15.110230897261014,2.5910733539535467e-05,0.047260162295051554,0.46804241077591574
baseline,218_SinglePhoton_CrossTalkCorrected,5200,15.233577515930223,2.5772055001885547e-05,0.046926219690828504,0.46994658671829936
baseline,218_SinglePhoton_CrossTalkCorrected,5250,15.356177260013366,2.563622448398653e-05,0.04659829712113729,0.47185830439039644
baseline,218_SinglePhoton_CrossTalkCorrected,5300,15.478015528954622,2.550316089161122e-05,0.046276237631601214,0.47377723384677145
baseline,218_SinglePhoton_CrossTalkCorrected,5350,15.599079968437529,2.5372801294663543e-05,0.045959894144712604,0.4757033262835041
baseline,218_SinglePhoton_CrossTalkCorrected,5400,15.719390794616297,2.5245067926810372e-05,0.04564912163291913,0.47763617795642965
baseline,218_SinglePhoton_CrossTalkCorrected,5450,15.838932283815431,2.5119895576319502e-05,0.04534378158927259,0.4795758764745598
baseline,218_SinglePhoton_CrossTalkCorrected,5500,15.957726898428495,2.4997221866483652e-05,0.0450437404926898,0.48152205109717566
baseline,218_SinglePhoton_CrossTalkCorrected,5550,16.075779130934205,2.4876980586602552e-05,0.0447488671788156,0.48347464620698577
baseline,218_SinglePhoton_CrossTalkCorrected,5600,16.193082242614487,2.4759107599934914e-05,0.044459035684864645,0.4854333929900741
baseline,218_SinglePhoton_CrossTalkCorrected,5650,16.309648587785805,2.4643545601445162e-05,0.04417412481498215,0.4873981626878553
baseline,218_SinglePhoton_CrossTalkCorrected,5700,16.42547255084977,2.4530238817973007e-05,0.043894015412515794,0.4893688269927631
baseline,218_SinglePhoton_CrossTalkCorrected,5750,16.540582209798334,2.441913162296062e-05,0.043618593452779575,0.491345145793458
baseline,218_SinglePhoton_CrossTalkCorrected,5800,16.65497307215279,2.4310172219781614e-05,0.04334775016975544,0.493327021688552
baseline,218_SinglePhoton_CrossTalkCorrected,5850,16.76864626103281,2.4203311141435064e-05,0.043081378029060126,0.4953142871489365
baseline,218_SinglePhoton_CrossTalkCorrected,5900,16.88159728395968,2.409849945230725e-05,0.042819372313908415,0.49730673540208786
baseline,218_SinglePhoton_CrossTalkCorrected,5950,16.993841864608907,2.399568748219745e-05,0.04256163362962953,0.4993043376806674
baseline,218_SinglePhoton_CrossTalkCorrected,6000,17.105404711613403,2.3894827745647157e-05,0.042308064594684135,0.5013068498675314
baseline,218_SinglePhoton_CrossTalkCorrected,6050,17.216267855058316,2.3795877980198142e-05,0.04205856923559584,0.5033140976997578
baseline,218_SinglePhoton_CrossTalkCorrected,6100,17.326418940627192,2.369879501891326e-05,0.04181305767753159,0.5053260501909008
baseline,218_SinglePhoton_CrossTalkCorrected,6150,17.435909631825226,2.360353400384407e-05,0.04157144068870676,0.5073424947262338
baseline,218_SinglePhoton_CrossTalkCorrected,6200,17.544730943694994,2.3510059839964398e-05,0.041333632148358376,0.5093632906574973
baseline,218_SinglePhoton_CrossTalkCorrected,6250,17.6528929843136,2.341833135001842e-05,0.04109954853901805,0.5113883313001857
baseline,218_SinglePhoton_CrossTalkCorrected,6300,17.76038901496297,2.332831132737007e-05,0.040869108408656894,0.5134174738260157
baseline,218_SinglePhoton_CrossTalkCorrected,6350,17.867205558206976,2.323996484878177e-05,0.04064223369621904,0.5154506114678141
baseline,218_SinglePhoton_CrossTalkCorrected,6400,17.973380800114672,2.3153252596456213e-05,0.040418848224426894,0.5174875977711865
baseline,218_SinglePhoton_CrossTalkCorrected,6450,18.078931587481232,2.306814354105049e-05,0.040198876874584934,0.5195282885221941
baseline,218_SinglePhoton_CrossTalkCorrected,6500,18.1838815058199,2.2984601157759554e-05,0.03998224833439258,0.5215726447653914
baseline,218_SinglePhoton_CrossTalkCorrected,6550,18.288201354019044,2.290259443599269e-05,0.03976889166379562,0.52362048563561
baseline,218_SinglePhoton_CrossTalkCorrected,6600,18.391909101993516,2.2822093045911517e-05,0.03955873924307613,0.5256716565806199
baseline,218_SinglePhoton_CrossTalkCorrected,6650,18.495003626623635,2.2743064671048172e-05,0.03935172547645038,0.5277260493499178
baseline,218_SinglePhoton_CrossTalkCorrected,6700,18.59746246551584,2.2665484068639845e-05,0.039147786755912274,0.5297836570398282
baseline,218_SinglePhoton_CrossTalkCorrected,6750,18.69933391281629,2.2589318702138742e-05,0.03894685911553836,0.531844333807772
baseline,218_SinglePhoton_CrossTalkCorrected,6800,18.800620214764347,2.2514546035334866e-05,0.038748883309021535,0.5339079268808793
baseline,218_SinglePhoton_CrossTalkCorrected,6850,18.90133597191583,2.244113671007508e-05,0.03855379891667687,0.5359742794736425
baseline,218_SinglePhoton_CrossTalkCorrected,6900,19.001493538587198,2.2369063273780155e-05,0.03836154843113767,0.5380433502862282
baseline,218_SinglePhoton_CrossTalkCorrected,6950,19.101055851829067,2.229830082044191e-05,0.038172077375005296,0.5401151337182977
baseline,218_SinglePhoton_CrossTalkCorrected,7000,19.200049866513716,2.222882590588306e-05,0.03798533085357645,0.5421894435284396
baseline,218_SinglePhoton_CrossTalkCorrected,7050,19.298507029992138,2.2160616620826073e-05,0.03780125475086769,0.5442661130114009
baseline,218_SinglePhoton_CrossTalkCorrected,7100,19.3964498046579,2.2093645499778744e-05,0.03761979752371012,0.5463452182784309
baseline,218_SinglePhoton_CrossTalkCorrected,7150,19.493826527005798,2.2027892050892827e-05,0.03744091051352464,0.5484264482469833
baseline,218_SinglePhoton_CrossTalkCorrected,7200,19.59065292071133,2.1963331868440856e-05,0.03726454430513743,0.5505098724548448
baseline,218_SinglePhoton_CrossTalkCorrected,7250,19.68695818688613,2.1899948996641278e-05,0.03709065037867053,0.5525953617372998
baseline,218_SinglePhoton_CrossTalkCorrected,7300,19.782762541684413,2.1837725088002886e-05,0.036919183589376355,0.5546827293311362
baseline,218_SinglePhoton_CrossTalkCorrected,7350,19.878048015191318,2.1776634225184756e-05,0.03675009858675555,0.5567721079900426
baseline,218_SinglePhoton_CrossTalkCorrected,7400,19.972821346124917,2.1716658040935137e-05,0.03658335096803642,0.5588632674005352
baseline,218_SinglePhoton_CrossTalkCorrected,7450,20.06711173559685,2.1657779578584913e-05,0.0364188972455743,0.5609561536322432
baseline,218_SinglePhoton_CrossTalkCorrected,7500,20.16092816856454,2.159997953920821e-05,0.03625669679697905,0.5630507560531997
baseline,218_SinglePhoton_CrossTalkCorrected,7550,20.254250428873778,2.154323769926106e-05,0.03609670806146756,0.565146802209396
baseline,218_SinglePhoton_CrossTalkCorrected,7600,20.347076270285207,2.148753817257015e-05,0.03593889016565109,0.5672443111093037
baseline,218_SinglePhoton_CrossTalkCorrected,7650,20.4394124315169,2.1432862697349356e-05,0.035783206640539196,0.56934346739258
baseline,218_SinglePhoton_CrossTalkCorrected,7700,20.531306083595343,2.137919709243308e-05,0.03562961872309258,0.5714438307438169
baseline,218_SinglePhoton_CrossTalkCorrected,7750,20.62271454797276,2.1326523287130294e-05,0.035478088872935104,0.5735454333854448
baseline,218_SinglePhoton_CrossTalkCorrected,7800,20.713673764478855,2.1274827961298355e-05,0.03532858177141639,0.5756483334029268
baseline,218_SinglePhoton_CrossTalkCorrected,7850,20.804181486874274,2.1224094849023484e-05,0.035181062667261884,0.5777524064620628
baseline,218_SinglePhoton_CrossTalkCorrected,7900,20.894260177552585,2.1174309922661595e-05,0.03503549601872107,0.5798575164856915
baseline,218_SinglePhoton_CrossTalkCorrected,7950,20.983851434290514,2.1125457124588886e-05,0.03489184984074342,0.5819636550339956
baseline,218_SinglePhoton_CrossTalkCorrected,8000,21.073056337859107,2.1077525783040944e-05,0.03475009064469935,0.5840707257559151
baseline,218_SinglePhoton_CrossTalkCorrected,8050,21.16182547099252,2.103049774940261e-05,0.03461018592200119,0.5861786373120405
baseline,218_SinglePhoton_CrossTalkCorrected,8100,21.250183542323676,2.09843633202732e-05,0.034472105997109884,0.5882874454522814
baseline,218_SinglePhoton_CrossTalkCorrected,8150,21.338153014246142,2.0939109249105446e-05,0.03433581927686132,0.590397029254274
baseline,218_SinglePhoton_CrossTalkCorrected,8200,21.42570917812699,2.0894718115524887e-05,0.03420129531815038,0.592507437985938
baseline,218_SinglePhoton_CrossTalkCorrected,8250,21.5128430490088,2.085118026651077e-05,0.034068506160554554,0.5946183891185538
baseline,218_SinglePhoton_CrossTalkCorrected,8300,21.599590566721275,2.080848498879492e-05,0.033937423359821056,0.5967300074329567
baseline,218_SinglePhoton_CrossTalkCorrected,8350,21.685927022631493,2.0766616136950004e-05,0.03380801878891885,0.59884209994265
baseline,218_SinglePhoton_CrossTalkCorrected,8400,21.771883864090444,2.0725573349937547e-05,0.033680266360153636,0.6009547137358583
baseline,218_SinglePhoton_CrossTalkCorrected,8450,21.85749478468848,2.0685335536776728e-05,0.033554138009986585,0.6030678247100452
baseline,218_SinglePhoton_CrossTalkCorrected,8500,21.942705874681042,2.064589637193376e-05,0.03342960853327122,0.6051813524871349
baseline,218_SinglePhoton_CrossTalkCorrected,8550,22.02755082765848,2.06072477790496e-05,0.033306654479178265,0.607295300457397
baseline,218_SinglePhoton_CrossTalkCorrected,8600,22.112025151142078,2.0569370411309e-05,0.033185248332005375,0.6094094592609534
baseline,218_SinglePhoton_CrossTalkCorrected,8650,22.19614681504669,2.0532258832556258e-05,0.03306536614324846,0.6115239593875559
baseline,218_SinglePhoton_CrossTalkCorrected,8700,22.27989784945746,2.0495902712780336e-05,0.032946986330857804,0.6136386065957207
baseline,218_SinglePhoton_CrossTalkCorrected,8750,22.363282746853105,2.0460294729097797e-05,0.03283008302718086,0.6157535428796037
baseline,218_SinglePhoton_CrossTalkCorrected,8800,22.44632621586655,2.042542246061543e-05,0.03271463529088516,0.6178686001441173
baseline,218_SinglePhoton_CrossTalkCorrected,8850,22.52901028658294,2.0391279066212093e-05,0.03260061924362557,0.6199837845469607
baseline,218_SinglePhoton_CrossTalkCorrected,8900,22.61138886874683,2.035785169822001e-05,0.03248801494151841,0.6220990618452384
baseline,218_SinglePhoton_CrossTalkCorrected,8950,22.69341254509238,2.032513759821955e-05,0.032376799584914344,0.6242142969122053
baseline,218_SinglePhoton_CrossTalkCorrected,9000,22.775117255449288,2.029312600738499e-05,0.0322669533278625,0.6263296025831434
baseline,218_SinglePhoton_CrossTalkCorrected,9050,22.856502999817565,2.0261803171429834e-05,0.03215845581441739,0.6284448355671328
baseline,218_SinglePhoton_CrossTalkCorrected,9100,22.937554054521705,2.0231165457895337e-05,0.032051286688514646,0.6305600290231239
baseline,218_SinglePhoton_CrossTalkCorrected,9150,23.01825694212557,2.0201210007296945e-05,0.03194542663614118,0.6326750204974998
baseline,218_SinglePhoton_CrossTalkCorrected,9200,23.0986565874163,2.0171925076726786e-05,0.03184085588379633,0.634789887571744
baseline,218_SinglePhoton_CrossTalkCorrected,9250,23.178759729111956,2.014330199018921e-05,0.03173755523913166,0.6369046965760986
baseline,218_SinglePhoton_CrossTalkCorrected,9300,23.258550643537045,2.01153300589186e-05,0.03163550941068143,0.6390191355013867
baseline,218_SinglePhoton_CrossTalkCorrected,9350,23.33802708445221,2.0088001427642745e-05,0.03153469853483622,0.6411334293536884
baseline,218_SinglePhoton_CrossTalkCorrected,9400,23.417238469123298,2.0061314899976784e-05,0.03143510346766153,0.6432473358394274
baseline,218_SinglePhoton_CrossTalkCorrected,9450,23.49617581259288,2.0035264519868717e-05,0.031336708438976214,0.6453610998871621
baseline,218_SinglePhoton_CrossTalkCorrected,9500,23.574841361100315,2.0009840105172495e-05,0.031239495519903165,0.6474745289848985
baseline,218_SinglePhoton_CrossTalkCorrected,9550,23.653196928576538,1.9985039728161156e-05,0.03114344829173164,0.6495874499832612
baseline,218_SinglePhoton_CrossTalkCorrected,9600,23.731291932287395,1.996085298494016e-05,0.031048550872033516,0.6517001780155347
baseline,218_SinglePhoton_CrossTalkCorrected,9650,23.809050000094764,1.993726888224615e-05,0.030954786765712037,0.6538123779142484
baseline,218_SinglePhoton_CrossTalkCorrected,9700,23.886509318067702,1.9914291254490106e-05,0.030862142258967357,0.6559243406925418
baseline,218_SinglePhoton_CrossTalkCorrected,9750,23.963761982019836,1.9891906947060486e-05,0.03077059966128664,0.6580357304043081
baseline,218_SinglePhoton_CrossTalkCorrected,9800,24.040731619813037,1.987011118398609e-05,0.03068014640708216,0.6601466295473722
baseline,218_SinglePhoton_CrossTalkCorrected,9850,24.117422723926023,1.9848900343196844e-05,0.030590765069002906,0.6622569810464018
baseline,218_SinglePhoton_CrossTalkCorrected,9900,24.19387348042785,1.9828263938625422e-05,0.030502441226588812,0.6643669352647341
baseline,218_SinglePhoton_CrossTalkCorrected,9950,24.27009062803659,1.980820181856237e-05,0.030415162973436997,0.6664763419576893
baseline,218_SinglePhoton_CrossTalkCorrected,10000,24.346042719401254,1.9788701861066916e-05,0.030328913910265386,0.6685851422638148
baseline,440SinglePlus218Single,50,0.5839684236768,0.0003046894944151824,0.4812874524227137,0.19418113545047916
baseline,440SinglePlus218Single,100,0.6533253804397441,0.0002819911745159461,0.4613206205304593,0.22539686461744107
baseline,440SinglePlus218Single,150,0.6598975779664469,0.00026535207840086284,0.44218631183622453,0.2379635837023629
baseline,440SinglePlus218Single,200,0.6476572320419098,0.00024940446525599904,0.4239158315064227,0.24770935731688024
baseline,440SinglePlus218Single,250,0.7121119672614659,0.00023435006322114339,0.4065326599292858,0.25818727100051886
baseline,440SinglePlus218Single,300,0.8048484561203925,0.00022035808270455645,0.39005631242482075,0.26977117181254456
baseline,440SinglePlus218Single,350,0.9022345348698394,0.00020744740879830427,0.3744885879505041,0.28205257909897724
baseline,440SinglePlus218Single,400,1.00420309548388,0.00019557040782348833,0.35981247222612583,0.29454359252754037
baseline,440SinglePlus218Single,450,1.1107292961425832,0.00018465535004359232,0.3459964252774119,0.30685927384003725
baseline,440SinglePlus218Single,500,1.2218154191332926,0.0001746241919633068,0.33299969508260696,0.31874033168641264
baseline,440SinglePlus218Single,550,1.3374702424842522,0.00016540008309236137,0.32077684696543085,0.33003019446981113
baseline,440SinglePlus218Single,600,1.4576837592432637,0.00015691056684188096,0.30928104987257127,0.3406463500494233
baseline,440SinglePlus218Single,650,1.5824084802775262,0.0001490888474379916,0.29846616776438867,0.3505558110192561
baseline,440SinglePlus218Single,700,1.7115534652144297,0.00014187409676572968,0.28828796799192613,0.3597568710833256
baseline,440SinglePlus218Single,750,1.844977212238678,0.00013521130670129854,0.27870468793019887,0.36826663131551396
baseline,440SinglePlus218Single,800,1.9824866047288994,0.00012905089460611243,0.2696772330046015,0.3761126104285708
baseline,440SinglePlus218Single,850,2.1238476204521035,0.00012334820078889415,0.2611691424629386,0.38332772981626806
baseline,440SinglePlus218Single,900,2.2687830492763394,0.00011806301984400118,0.25314646173003436,0.3899467979259061
baseline,440SinglePlus218Single,950,2.4169939115596097,0.00011315909466493743,0.24557755275978616,0.3960049085501623
baseline,440SinglePlus218Single,1000,2.568149275637109,0.00010860369947004938,0.23843291811260003,0.4015361846615162
baseline,440SinglePlus218Single,1050,2.721910836300307,0.00010436726930250285,0.23168501738867983,0.40657343304337845
baseline,440SinglePlus218Single,1100,2.877929228025084,0.000100423015480652,0.2253081234884773,0.4111480377365062
baseline,440SinglePlus218Single,1150,3.035860352104269,9.674667493280496e-05,0.21927818052455608,0.41528940548064286
baseline,440SinglePlus218Single,1200,3.195360636512384,9.331620381718111e-05,0.21357268980656316,0.41902568529817885
baseline,440SinglePlus218Single,1250,3.3560993251451885,9.011158424103986e-05,0.20817061099176665,0.4223834465896351
baseline,440SinglePlus218Single,1300,3.5177519820787775,8.711460563396123e-05,0.20305226720177338,0.4253877856155881
baseline,440SinglePlus218Single,1350,3.6800176965049403,8.43086879958816e-05,0.19819926410600344,0.4280625024911221
baseline,440SinglePlus218Single,1400,3.8426113580663057,8.167871933781822e-05,0.19359441656472262,0.43043037851097454
baseline,440SinglePlus218Single,1450,4.005272083763456,7.921092873523783e-05,0.18922167772103918,0.4325127721979773
baseline,440SinglePlus218Single,1500,4.167748821988609,7.689274848859632e-05,0.1850660706731962,0.4343300763730778
baseline,440SinglePlus218Single,1550,4.329825633246958,7.471269530933603e-05,0.18111362738121983,0.43590164511900376
baseline,440SinglePlus218Single,1600,4.491296058314197,7.266028920686549e-05,0.17735132821622504,0.4372459968114187
baseline,440SinglePlus218Single,1650,4.651983483262056,7.072595267804212e-05,0.17376704282981953,0.43838024636164186
baseline,440SinglePlus218Single,1700,4.81172639237084,6.890091054741845e-05,0.1703494738987988,0.4393210655084672
baseline,440SinglePlus218Single,1750,4.970379772613956,6.717713876288252e-05,0.16708810788588885,0.44008396654147713
baseline,440SinglePlus218Single,1800,5.127823540565024,6.55472907083168e-05,0.16397315674472546,0.4406836984790654
baseline,440SinglePlus218Single,1850,5.283955519975281,6.400462874739096e-05,0.16099551620476849,0.4411341685288415
baseline,440SinglePlus218Single,1900,5.438676343565003,6.254297863745859e-05,0.15814671696870095,0.4414483402632679
baseline,440SinglePlus218Single,1950,5.591918947198405,6.115666614417798e-05,0.15541888025218828,0.44163857706009546
baseline,440SinglePlus218Single,2000,5.743619777950998,5.984048465282838e-05,0.15280467781093865,0.44171650132610135
baseline,440SinglePlus218Single,2050,5.89373599904495,5.8589647910624516e-05,0.15029729175365436,0.4416927791966171
baseline,440SinglePlus218Single,2100,6.042224422581302,5.739975607869267e-05,0.14789037870974703,0.4415776093758003
baseline,440SinglePlus218Single,2150,6.189059767838709,5.6266752875635444e-05,0.1455780374453263,0.4413806345203802
baseline,440SinglePlus218Single,2200,6.334227287729721,5.518690812192358e-05,0.14335477458693102,0.4411104330209065
baseline,440SinglePlus218Single,2250,6.477714341893667,5.415677879990216e-05,0.14121547519630373,0.44077557742178375
baseline,440SinglePlus218Single,2300,6.619523739299583,5.31731880482415e-05,0.1391553773535206,0.44038343720730283
baseline,440SinglePlus218Single,2350,6.759660395643289,5.223320685341643e-05,0.13717004210406422,0.43994148808849887
baseline,440SinglePlus218Single,2400,6.898134142316416,5.13341220862187e-05,0.13525533120758965,0.43945618117106955
baseline,440SinglePlus218Single,2450,7.034966748829011,5.047342654943521e-05,0.13340738878781835,0.4389336727550958
baseline,440SinglePlus218Single,2500,7.170172260026264,4.964879496036581e-05,0.13162261526679642,0.438379826221294
baseline,440SinglePlus218Single,2550,7.303780170083075,4.885808093309107e-05,0.12989765215534832,0.4377997814764379
baseline,440SinglePlus218Single,2600,7.435818568689827,4.809929367366682e-05,0.12822936093449885,0.4371985912474058
baseline,440SinglePlus218Single,2650,7.566305011903006,4.737057593845985e-05,0.1266148120911967,0.4365807355450068
baseline,440SinglePlus218Single,2700,7.695283038742706,4.6670213840155475e-05,0.12505126343163106,0.43595025708766977
baseline,440SinglePlus218Single,2750,7.822782845626084,4.599660916914676e-05,0.12353615235780652,0.4353111111624461
baseline,440SinglePlus218Single,2800,7.948842353635157,4.5348274756184276e-05,0.12206707782309462,0.43466684542861866
baseline,440SinglePlus218Single,2850,8.073497377125161,4.4723824967341874e-05,0.12064179134041847,0.43402060950004834
baseline,440SinglePlus218Single,2900,8.196781623724553,4.412197282183762e-05,0.1192581878378103,0.4333754123206558
baseline,440SinglePlus218Single,2950,8.318732312273088,4.3541516891608897e-05,0.11791428990709124,0.43273405660394215
baseline,440SinglePlus218Single,3000,8.443363459526267,4.2981329144808625e-05,0.11660824492392965,0.43209892186319526
baseline,440SinglePlus218Single,3050,8.580749432939376,4.244036539089306e-05,0.1153383118028077,0.43147236663493793
baseline,440SinglePlus218Single,3100,8.71741771476324,4.191764437759906e-05,0.11410285491458642,0.4308563784990219
baseline,440SinglePlus218Single,3150,8.853386563296606,4.1412248815564936e-05,0.11290033806001432,0.43025290272158423
baseline,440SinglePlus218Single,3200,8.988678450291781,4.092332027285967e-05,0.11172931171061701,0.4296636455735004
baseline,440SinglePlus218Single,3250,9.123314443016552,4.0450053858002904e-05,0.11058841446270076,0.4290900997636695
baseline,440SinglePlus218Single,3300,9.25732122667678,3.9991697268768566e-05,0.10947636521208938,0.42853372113927
baseline,440SinglePlus218Single,3350,9.390707228179577,3.954754025296694e-05,0.1083919533505414,0.42799569231907203
baseline,440SinglePlus218Single,3400,9.523490003581436,3.911692047805811e-05,0.10733403895422174,0.427477258965428
baseline,440SinglePlus218Single,3450,9.655700451541772,3.869921109975723e-05,0.10630154369368398,0.4269792930663894
baseline,440SinglePlus218Single,3500,9.787344189998667,3.829382969241272e-05,0.1052934518956222,0.4265026559001235
baseline,440SinglePlus218Single,3550,9.918444392946679,3.790021704691297e-05,0.1043088020739834,0.4260483693105397
baseline,440SinglePlus218Single,3600,10.049023532138117,3.7517855814968914e-05,0.10334668547727352,0.42561692124645534
baseline,440SinglePlus218Single,3650,10.179097056902691,3.714625543074942e-05,0.10240624201548978,0.42520900311650184
baseline,440SinglePlus218Single,3700,10.308675500874292,3.6784954750550137e-05,0.1014866572974455,0.42482507717564494
baseline,440SinglePlus218Single,3750,10.437774313382631,3.6433514978688655e-05,0.10058715946745288,0.42446568505355126
baseline,440SinglePlus218Single,3800,10.566401219092562,3.609152394308454e-05,0.09970701673377683,0.4241311073892187
baseline,440SinglePlus218Single,3850,10.69458149872543,3.575859355665781e-05,0.09884553568329339,0.4238216973621895
baseline,440SinglePlus218Single,3900,10.82232217470383,3.5434354566732074e-05,0.09800205609437436,0.42353772507341503
baseline,440SinglePlus218Single,3950,10.949646421022324,3.511845724333405e-05,0.0971759527980141,0.42327945871849354
baseline,440SinglePlus218Single,4000,11.07656266458803,3.4810576396063766e-05,0.09636663033914036,0.4230468792673271
baseline,440SinglePlus218Single,4050,11.203075118854503,3.4510395721303836e-05,0.09557352350385456,0.4228402988913734
baseline,440SinglePlus218Single,4100,11.329199935393712,3.421762004564881e-05,0.0947960935236412,0.4226596624378913
baseline,440SinglePlus218Single,4150,11.454946945597293,3.393196886741402e-05,0.09403382778253325,0.4225050555022568
baseline,440SinglePlus218Single,4200,11.580322469645578,3.3653175675053895e-05,0.093286236947624,0.4223763326776618
baseline,440SinglePlus218Single,4250,11.7053433613528,3.3380985578005813e-05,0.09255285620513885,0.42227369516713203
baseline,440SinglePlus218Single,4300,11.830008216234436,3.311515978532902e-05,0.09183324100740127,0.4221967945073876
baseline,440SinglePlus218Single,4350,11.95433178137794,3.2855470226927217e-05,0.09112696650784753,0.42214583427940744
baseline,440SinglePlus218Single,4400,12.07832669714398,3.260169950838496e-05,0.09043362807097886,0.42212045491825173
baseline,440SinglePlus218Single,4450,12.201981727656406,3.235363885159103e-05,0.0897528387405167,0.42212060933102835
baseline,440SinglePlus218Single,4500,12.325326367090119,3.211109053624915e-05,0.08908422904957743,0.4221461464307434
baseline,440SinglePlus218Single,4550,12.448352188538001,3.187386888905406e-05,0.08842744469352128,0.422196848025302
baseline,440SinglePlus218Single,4600,12.571062000969095,3.1641794745442556e-05,0.08778214711125043,0.4222725400246047
baseline,440SinglePlus218Single,4650,12.693465635775029,3.141469673573339e-05,0.08714801061424568,0.42237298417324504
baseline,440SinglePlus218Single,4700,12.815563092955808,3.119241278708388e-05,0.08652472500218553,0.422497928938116
baseline,440SinglePlus218Single,4750,12.937375439779215,3.097478484165853e-05,0.08591199213320438,0.42264731637250674
baseline,440SinglePlus218Single,4800,13.05888863140006,3.076166686202733e-05,0.085309525540134,0.4228207165432835
baseline,440SinglePlus218Single,4850,13.180111094725458,3.0552916364505315e-05,0.08471705207612103,0.42301782184764325
baseline,440SinglePlus218Single,4900,13.301056874600599,3.0348398436380617e-05,0.08413430770786656,0.42323858549748944
baseline,440SinglePlus218Single,4950,13.42168804994347,3.0147980981938335e-05,0.0835610387425966,0.42348258201211947
baseline,440SinglePlus218Single,5000,13.542055182196755,2.9951539433265558e-05,0.08299700212998613,0.423749553735189
baseline,440SinglePlus218Single,5050,13.662145630999783,2.9758956247318798e-05,0.08244196313321735,0.4240392784319991
baseline,440SinglePlus218Single,5100,13.781948160476402,2.95701202602197e-05,0.08189569788143096,0.42435134104585726
baseline,440SinglePlus218Single,5150,13.90146417511113,2.938491498502276e-05,0.08135798859942459,0.4246855718210637
baseline,440SinglePlus218Single,5200,14.020693674903969,2.9203241205700248e-05,0.08082862709291748,0.425041672297643
baseline,440SinglePlus218Single,5250,14.139650704700108,2.9024995701117926e-05,0.08030741290623924,0.42541926172141104
baseline,440SinglePlus218Single,5300,14.258319815169838,2.8850083261166164e-05,0.07979415166221178,0.4258181463201357
baseline,440SinglePlus218Single,5350,14.376723478065463,2.8678412975212277e-05,0.07928865546360618,0.4262378978406642
baseline,440SinglePlus218Single,5400,14.494846244057275,2.8509892546468362e-05,0.07879074470503407,0.4266783138851295
baseline,440SinglePlus218Single,5450,14.612688113145273,2.834443817294841e-05,0.07830024586184249,0.4271391025061692
baseline,440SinglePlus218Single,5500,14.73024346739138,2.8181967399251984e-05,0.07781698997334915,0.4276199482593661
baseline,440SinglePlus218Single,5550,14.847519329218194,2.8022400172426026e-05,0.07734081461865698,0.42812042622332214
baseline,440SinglePlus218Single,5600,14.964521316563788,2.786566172495716e-05,0.07687156420039576,0.42864043442114014
baseline,440SinglePlus218Single,5650,15.08124100252105,2.771167720985823e-05,0.07640908585552818,0.4291795130621784
baseline,440SinglePlus218Single,5700,15.197674173636422,2.7560377669474094e-05,0.07595323263842586,0.42973751163319507
baseline,440SinglePlus218Single,5750,15.313822234394422,2.7411694695732786e-05,0.07550386322317942,0.4303139744939083
baseline,440SinglePlus218Single,5800,15.42970063412476,2.7265559887462067e-05,0.07506083972684292,0.43090871546110715
baseline,440SinglePlus218Single,5850,15.545278474168018,2.712191445611587e-05,0.07462402959374784,0.4315215041572735
baseline,440SinglePlus218Single,5900,15.660559967977752,2.698069730407882e-05,0.07419330306282199,0.4321518839793118
baseline,440SinglePlus218Single,5950,15.77555073349204,2.6841849821501313e-05,0.073768536635181,0.43279962786573684
baseline,440SinglePlus218Single,6000,15.890232512412132,2.6705308981027964e-05,0.07334960739496543,0.4334645039607146
baseline,440SinglePlus218Single,6050,16.004627776490334,2.6571027320537106e-05,0.07293639858776822,0.43414623642158123
baseline,440SinglePlus218Single,6100,16.118736525726646,2.6438949345805974e-05,0.07252879635755248,0.43484447787223024
baseline,440SinglePlus218Single,6150,16.232547524244914,2.6309024253324363e-05,0.07212668970421812,0.43555899451808366
baseline,440SinglePlus218Single,6200,16.34604813168447,2.6181203840847436e-05,0.07172997144594488,0.43628955406640746
baseline,440SinglePlus218Single,6250,16.459241157014347,2.6055439786664877e-05,0.07133853780752988,0.4370358521946005
baseline,440SinglePlus218Single,6300,16.572136431626184,2.593168718226719e-05,0.07095228695038404,0.4377975797338723
baseline,440SinglePlus218Single,6350,16.684704461345074,2.580989804658127e-05,0.07057112120765534,0.4385745134252796
baseline,440SinglePlus218Single,6400,16.796976144830445,2.5690032511225106e-05,0.070194944502564,0.43936650495444113
baseline,440SinglePlus218Single,6450,16.908926201360945,2.557204609724507e-05,0.06982366348855491,0.44017304425037995
baseline,440SinglePlus218Single,6500,17.02057148475081,2.545590238805855e-05,0.06945718906266289,0.44099407541972363
baseline,440SinglePlus218Single,6550,17.13189233221677,2.5341556810712203e-05,0.06909543211822478,0.44182933399269586
baseline,440SinglePlus218Single,6600,17.24290419308853,2.522897343379527e-05,0.06873830710227517,0.44267851646417633
baseline,440SinglePlus218Single,6650,17.353588809067354,2.511811721305864e-05,0.0683857305880861,0.4435414849436449
baseline,440SinglePlus218Single,6700,17.46394618015323,2.5008952063209304e-05,0.06803762140675408,0.44441785745168405
baseline,440SinglePlus218Single,6750,17.573959452531934,2.490144112284443e-05,0.06769390045281556,0.44530745251342635
baseline,440SinglePlus218Single,6800,17.683646884502217,2.4795555481166827e-05,0.06735449134995025,0.446210134767058
baseline,440SinglePlus218Single,6850,17.793005667095034,2.4691258603020943e-05,0.06701931976015359,0.4471255688389674
baseline,440SinglePlus218Single,6900,17.902010519589048,2.4588520303177417e-05,0.066688311232388,0.4480535305933716
baseline,440SinglePlus218Single,6950,18.010679700283003,2.448730878105714e-05,0.06636139468168034,0.44899385110021955
baseline,440SinglePlus218Single,7000,18.11903146747565,2.4387594947995944e-05,0.06603850131106499,0.4499463572478037
baseline,440SinglePlus218Single,7050,18.22703351802305,2.4289351571122692e-05,0.06571956238996071,0.45091074638750844
baseline,440SinglePlus218Single,7100,18.33469708780135,2.4192546626449954e-05,0.06540451155720778,0.4518868465909346
baseline,440SinglePlus218Single,7150,18.442010940934402,2.4097155797079105e-05,0.06509328556260789,0.4528744459104061
baseline,440SinglePlus218Single,7200,18.548979290875767,2.4003151043002565e-05,0.06478582024212096,0.45387332853527357
baseline,440SinglePlus218Single,7250,18.655606351078994,2.3910506156130236e-05,0.06448205509546369,0.45488332805878606
baseline,440SinglePlus218Single,7300,18.761866840822748,2.3819201364822996e-05,0.06418193002165007,0.4559042742384688
baseline,440SinglePlus218Single,7350,18.867777613921252,2.372920471926863e-05,0.06388538569340006,0.45693586698549726
baseline,440SinglePlus218Single,7400,18.973355524188733,2.3640495662561113e-05,0.06359236449273525,0.45797797779722726
baseline,440SinglePlus218Single,7450,19.078575290903856,2.3553053718687447e-05,0.06330281110504735,0.45903052720061244
baseline,440SinglePlus218Single,7500,19.183421464736906,2.3466853275696717e-05,0.0630166703856434,0.4600931376239404
baseline,440SinglePlus218Single,7550,19.287950225068645,2.3381870698689474e-05,0.06273388907338295,0.46116571541195095
baseline,440SinglePlus218Single,7600,19.392067471436295,2.3298086886118566e-05,0.06245441508584594,0.4622481408617836
baseline,440SinglePlus218Single,7650,19.495836405643217,2.3215481098103393e-05,0.06217819675361808,0.463340204931534
baseline,440SinglePlus218Single,7700,19.599248600782296,2.313403327145225e-05,0.06190518579276153,0.4644417399570277
baseline,440SinglePlus218Single,7750,19.702301247884495,2.3053722959495036e-05,0.06163533170482609,0.4655524479636759
baseline,440SinglePlus218Single,7800,19.80496344829039,2.2974532030035987e-05,0.0613685862850063,0.4666723783947414
baseline,440SinglePlus218Single,7850,19.907270314112964,2.2896437156518764e-05,0.06110490371802481,0.4678012367222214
baseline,440SinglePlus218Single,7900,20.009189542208272,2.2819424705532058e-05,0.06084423739467903,0.46893889772246256
baseline,440SinglePlus218Single,7950,20.11076186262737,2.274347689057905e-05,0.06058654316784665,0.47008523669794294
baseline,440SinglePlus218Single,8000,20.211956376710837,2.266857453279396e-05,0.060331776847040795,0.47124000633385255
baseline,440SinglePlus218Single,8050,20.31275061270637,2.259469987316575e-05,0.06007989532009031,0.4724032102739003
baseline,440SinglePlus218Single,8100,20.41318951411858,2.252183740162717e-05,0.05983085771490413,0.47357450966039033
baseline,440SinglePlus218Single,8150,20.513239373319006,2.2449970063614896e-05,0.05958462061384664,0.4747539558430326
baseline,440SinglePlus218Single,8200,20.61295075175034,2.2379083790849984e-05,0.0593411455082836,0.475941167625364
baseline,440SinglePlus218Single,8250,20.71230117766027,2.2309162332964863e-05,0.05910039116226759,0.47713628116088913
baseline,440SinglePlus218Single,8300,20.811242898575152,2.2240187360832775e-05,0.05886231983941696,0.478338915181133
baseline,440SinglePlus218Single,8350,20.909822262484113,2.2172148620854712e-05,0.058626892063750144,0.47954907926613666
baseline,440SinglePlus218Single,8400,21.008011179696773,2.210502936591447e-05,0.05839407345843055,0.48076656163386045
baseline,440SinglePlus218Single,8450,21.105819481604765,2.20388160133796e-05,0.05816382572957804,0.4819913725364422
baseline,440SinglePlus218Single,8500,21.203272448929432,2.1973494836867965e-05,0.05793611427368213,0.48322317411415255
baseline,440SinglePlus218Single,8550,21.300336374042317,2.190905413244682e-05,0.05771090269022846,0.4844620162305391
baseline,440SinglePlus218Single,8600,21.39702530178861,2.184547813150921e-05,0.057488156889274944,0.48570764929413535
baseline,440SinglePlus218Single,8650,21.493323782838605,2.178275236092888e-05,0.057267843512499104,0.48695990866194255
baseline,440SinglePlus218Single,8700,21.58925569342912,2.1720865403919985e-05,0.0570499303598239,0.4882189304227231
baseline,440SinglePlus218Single,8750,21.684812606653043,2.165980539851056e-05,0.05683438280271923,0.48948433589050744
baseline,440SinglePlus218Single,8800,21.779979073180666,2.159956241675588e-05,0.0566211695745149,0.4907562631578017
baseline,440SinglePlus218Single,8850,21.874760710950063,2.154012176562169e-05,0.056410259133242144,0.4920343287757068
baseline,440SinglePlus218Single,8900,21.96919263207421,2.1481471355123352e-05,0.05620162275701129,0.49331850027676183
baseline,440SinglePlus218Single,8950,22.063198994389083,2.1423601748403427e-05,0.05599522645789237,0.4946087867266968
baseline,440SinglePlus218Single,9000,22.156876707326493,2.136650077807126e-05,0.0557910438109441,0.4959050224357424
baseline,440SinglePlus218Single,9050,22.250161164598563,2.1310155921499776e-05,0.0555890459810082,0.49720699869961427
baseline,440SinglePlus218Single,9100,22.343050961720774,2.1254556400157244e-05,0.055389203566439754,0.4985146820040731
baseline,440SinglePlus218Single,9150,22.43556716596091,2.1199695587542967e-05,0.05519148829009024,0.4998279944291536
baseline,440SinglePlus218Single,9200,22.527729440102245,2.1145561237971494e-05,0.05499587334712926,0.5011468144679261
baseline,440SinglePlus218Single,9250,22.619490031671127,2.1092144836054693e-05,0.05480233176495516,0.5024711087781405
baseline,440SinglePlus218Single,9300,22.710860176543704,2.1039430948348434e-05,0.0546108363673141,0.5038006232505825
baseline,440SinglePlus218Single,9350,22.801818807452197,2.0987413311053203e-05,0.05442136222321533,0.5051354569419106
baseline,440SinglePlus218Single,9400,22.89248671006524,2.0936083450452675e-05,0.05423388155348498,0.5064753554504456
baseline,440SinglePlus218Single,9450,22.98274590768323,2.0885432132437273e-05,0.054048371352590115,0.5078203740127588
baseline,440SinglePlus218Single,9500,23.072634321388193,2.0835449626388635e-05,0.05386480555666646,0.509170257138414
baseline,440SinglePlus218Single,9550,23.16213650185041,2.0786125569821692e-05,0.05368316054271539,0.5105250168817486
baseline,440SinglePlus218Single,9600,23.251263684946032,2.0737450584024266e-05,0.05350341275494726,0.5118845752481156
baseline,440SinglePlus218Single,9650,23.340042555880927,2.068941561464857e-05,0.05332553864145168,0.513248763688201
baseline,440SinglePlus218Single,9700,23.428430980119522,2.0642015268946172e-05,0.05314951531644042,0.5146176412669276
baseline,440SinglePlus218Single,9750,23.516473901166425,2.059524006329336e-05,0.05297532028155223,0.5159908580476708
baseline,440SinglePlus218Single,9800,23.604140420362217,2.054908298216968e-05,0.052802931384070044,0.5173686976035934
baseline,440SinglePlus218Single,9850,23.691423515284303,2.050353547256891e-05,0.05263232471939258,0.5187507648017524
baseline,440SinglePlus218Single,9900,23.778338635262394,2.0458584500377704e-05,0.05246348181269311,0.5201371640772426
baseline,440SinglePlus218Single,9950,23.864899825141677,2.0414226546137025e-05,0.05229638015534775,0.5215278129593944
baseline,440SinglePlus218Single,10000,23.967842922451386,2.037045012737739e-05,0.05213099797492952,0.5229225479455902
baseline,440SingleComptonPlus218Single,50,25.50680139977375,0.00041304105940360227,0.45985161198274666,0.20936614209376897
baseline,440SingleComptonPlus218Single,100,124.81642826878576,0.0009456041097731039,0.4239223430778895,0.2593420308845833
baseline,440SingleComptonPlus218Single,150,300.4779658951205,0.0018120463167324993,0.39292741995168223,0.2960156732400036
baseline,440SingleComptonPlus218Single,200,519.3349956560419,0.002718827828361541,0.3662663539581553,0.3246623652709728
baseline,440SingleComptonPlus218Single,250,750.6501282874272,0.003540713971926347,0.34338471228929207,0.34667497262790137
baseline,440SingleComptonPlus218Single,300,971.989409119238,0.004251691752156498,0.3237239251369148,0.36358468964624097
baseline,440SingleComptonPlus218Single,350,1169.3109625035436,0.004857457652007233,0.3067627291979578,0.3767181489349486
baseline,440SingleComptonPlus218Single,400,1336.2686987486202,0.005373717498395246,0.2920487049022202,0.3870570452350631
baseline,440SingleComptonPlus218Single,450,1472.2559011048018,0.005819195477755235,0.27920474310643467,0.3952848949140327
baseline,440SingleComptonPlus218Single,500,1580.0345481735333,0.006212108150020935,0.2679219303541515,0.40187286621410834
baseline,440SingleComptonPlus218Single,550,1663.8047176481184,0.006568207572282869,0.2579486347659421,0.4071521047995275
baseline,440SingleComptonPlus218Single,600,1728.009376406079,0.006900028351408822,0.24907990955297918,0.41136358297602976
baseline,440SingleComptonPlus218Single,650,1776.70907201443,0.007216917164140654,0.24114840131413953,0.4146902239211889
baseline,440SingleComptonPlus218Single,700,1813.3572671371528,0.007525471087727108,0.23401690210057757,0.41727659560279573
baseline,440SingleComptonPlus218Single,750,1840.7672057321192,0.007830103900544406,0.2275723648410694,0.4192407798026327
baseline,440SingleComptonPlus218Single,800,1861.157379991979,0.008133585620529203,0.22172113777547853,0.4206811791709087
baseline,440SingleComptonPlus218Single,850,1876.2599515108939,0.008437516923148562,0.21638520169399522,0.4216819593692255
baseline,440SingleComptonPlus218Single,900,1887.4068991725358,0.00874267911647153,0.21149913832050207,0.4223149874019234
baseline,440SingleComptonPlus218Single,950,1895.6093562007866,0.009049249952533447,0.20700762519220028,0.4226424538543971
baseline,440SingleComptonPlus218Single,1000,1901.631977139977,0.00935712571391581,0.2028640449347919,0.42271794840115684
baseline,440SingleComptonPlus218Single,1050,1906.0586532309862,0.009666011802488836,0.19902872783401265,0.42258792349726776
baseline,440SingleComptonPlus218Single,1100,1909.318835377022,0.00997551150758324,0.19546771709615388,0.4222923485878901
baseline,440SingleComptonPlus218Single,1150,1911.737234848233,0.010285138132719805,0.1921516317230911,0.42186578103315525
baseline,440SingleComptonPlus218Single,1200,1913.554255793607,0.010594423796568915,0.18905523115580833,0.4213379811484057
baseline,440SingleComptonPlus218Single,1250,1914.9456914461327,0.010902944319400636,0.18615668797229423,0.4207342632150002
baseline,440SingleComptonPlus218Single,1300,1916.0383706409193,0.011210314318860746,0.18343698053014973,0.4200764336775595
baseline,440SingleComptonPlus218Single,1350,1916.9320629405638,0.011516119232926884,0.18087933622469352,0.4193830264844886
baseline,440SingleComptonPlus218Single,1400,1917.6981900983642,0.011819979586353476,0.17846906032632406,0.4186698993478905
baseline,440SingleComptonPlus218Single,1450,1918.384980205465,0.012121631036046193,0.17619331252607348,0.4179502677433803
baseline,440SingleComptonPlus218Single,1500,1919.0187562276433,0.012420845819390507,0.17404070484405015,0.4172355371394498
baseline,440SingleComptonPlus218Single,1550,1919.6199506767964,0.012717435562621482,0.17200110961556583,0.41653521959875783
baseline,440SingleComptonPlus218Single,1600,1920.202737457574,0.013011246404158135,0.17006549859385964,0.41585721880413784
baseline,440SingleComptonPlus218Single,1650,1920.7715344103856,0.013302142025126187,0.16822577470011024,0.41520829187264946
baseline,440SingleComptonPlus218Single,1700,1921.3294708388557,0.013590018357433845,0.16647468662596315,0.4145938531343535
baseline,440SingleComptonPlus218Single,1750,1921.876730819668,0.01387479110536204,0.16480569756628888,0.41401853295458646
baseline,440SingleComptonPlus218Single,1800,1922.411105432617,0.014156390357403794,0.16321291033288166,0.4134859594099406
baseline,440SingleComptonPlus218Single,1850,1922.9362762113783,0.014434766378261936,0.1616909792852797,0.4129992343530283
baseline,440SingleComptonPlus218Single,1900,1923.4469049321226,0.01470988147263359,0.16023506454121927,0.41256069942981094
baseline,440SingleComptonPlus218Single,1950,1923.9426234414825,0.014981709288557488,0.1588407542108401,0.412172095921965
baseline,440SingleComptonPlus218Single,2000,1924.4169890555265,0.015250231725630815,0.1575040233762162,0.41183503152038486
baseline,440SingleComptonPlus218Single,2050,1924.8764444581864,0.015515438560507881,0.15622119664622433,0.4115504852372403
baseline,440SingleComptonPlus218Single,2100,1925.3097609717522,0.015777322286406138,0.15498891072880944,0.41131916078466324
baseline,440SingleComptonPlus218Single,2150,1925.7184112096948,0.016035892566518967,0.15380406765154161,0.41114149953307755
baseline,440SingleComptonPlus218Single,2200,1926.102947402065,0.01629115570999851,0.15266382500132253,0.4110178041641996
baseline,440SingleComptonPlus218Single,2250,1926.4607924752904,0.01654311990079463,0.15156555951385153,0.4109480917902596
baseline,440SingleComptonPlus218Single,2300,1926.7961801930971,0.016791804606586178,0.15050686162752813,0.4109322720086217
baseline,440SingleComptonPlus218Single,2350,1927.109478708853,0.01703723191445727,0.14948549927299726,0.4109700562377139
baseline,440SingleComptonPlus218Single,2400,1927.3955338754129,0.01727942041658202,0.14849939262201722,0.4110611184611605
baseline,440SingleComptonPlus218Single,2450,1927.6582113031352,0.017518401927484804,0.14754662751362774,0.41120500620624123
baseline,440SingleComptonPlus218Single,2500,1927.8949339184478,0.01775419433147262,0.14662541999070264,0.41140125012853934
baseline,440SingleComptonPlus218Single,2550,1928.1103036384445,0.017986825288366932,0.14573411357184746,0.41164915463565216
baseline,440SingleComptonPlus218Single,2600,1928.3052408465442,0.01821633326051959,0.14487116983448986,0.41194819783100317
baseline,440SingleComptonPlus218Single,2650,1928.4777206992253,0.01844275026939938,0.14403514944475215,0.4122975891162584
baseline,440SingleComptonPlus218Single,2700,1928.6281113498555,0.018666103814160548,0.1432247077026301,0.4126965326535433
baseline,440SingleComptonPlus218Single,2750,1928.7645121725202,0.018886439013559575,0.14243860131934033,0.41314441786384926
baseline,440SingleComptonPlus218Single,2800,1928.8826894034926,0.019103779940200655,0.14167564866907237,0.4136404103090926
baseline,440SingleComptonPlus218Single,2850,1928.9817226593543,0.019318173460452618,0.140934759547643,0.41418384124027613
baseline,440SingleComptonPlus218Single,2900,1929.069527237507,0.019529654884640587,0.1402148969211412,0.4147736664282522
baseline,440SingleComptonPlus218Single,2950,1929.1418693742237,0.01973825454303674,0.13951509243164573,0.4154093862709799
baseline,440SingleComptonPlus218Single,3000,1929.2035350632827,0.01994401893984164,0.138834450901745,0.41608990951767916
baseline,440SingleComptonPlus218Single,3050,1929.2510268476922,0.02014698221795986,0.13817212169601295,0.4168145210284631
baseline,440SingleComptonPlus218Single,3100,1929.288394414495,0.020347193283554246,0.13752730056615706,0.4175824285470068
baseline,440SingleComptonPlus218Single,3150,1929.3161899937425,0.020544677650540667,0.1368992241529163,0.41839267459882923
baseline,440SingleComptonPlus218Single,3200,1929.3331250486483,0.020739484284073937,0.13628719845251563,0.419244500931994
baseline,440SingleComptonPlus218Single,3250,1929.3382791957933,0.020931650771474044,0.1356905370567108,0.4201371327052763
baseline,440SingleComptonPlus218Single,3300,1929.3432492662548,0.02112123495256316,0.13510862993890116,0.42106975651113887
baseline,440SingleComptonPlus218Single,3350,1929.3391995792122,0.021308253504394616,0.1345408629230521,0.42204142183718535
baseline,440SingleComptonPlus218Single,3400,1929.327234594768,0.02149274905661282,0.13398666652006067,0.4230513829993731
baseline,440SingleComptonPlus218Single,3450,1929.310483616546,0.0216747771811346,0.13344551983297068,0.4240988525657679
baseline,440SingleComptonPlus218Single,3500,1929.2966778652642,0.021854384459259007,0.13291692655626774,0.4251829938385247
baseline,440SingleComptonPlus218Single,3550,1929.2740364331619,0.022031589404093773,0.13240038192584966,0.4263030219559763
baseline,440SingleComptonPlus218Single,3600,1932.8488056317399,0.022206444452210355,0.13189544358164018,0.42745809538426344
baseline,440SingleComptonPlus218Single,3650,1937.8326818444843,0.022378992621305462,0.13140170042754068,0.4286475782341541
baseline,440SingleComptonPlus218Single,3700,1942.693226679111,0.022549259751717787,0.13091872038777927,0.4298705422684184
baseline,440SingleComptonPlus218Single,3750,1947.4383554330216,0.022717298655500793,0.1304461279097876,0.43112623747876516
baseline,440SingleComptonPlus218Single,3800,1952.0761674803011,0.0228831424404788,0.12998355633401068,0.4324139363474801
baseline,440SingleComptonPlus218Single,3850,1956.6114488147277,0.023046831562658004,0.12953065791759832,0.43373303463569585
baseline,440SingleComptonPlus218Single,3900,1961.0397815958909,0.023208398096611477,0.12908709287085238,0.4350824628212873
baseline,440SingleComptonPlus218Single,3950,1965.3711059647137,0.02336789387315911,0.12865254833608217,0.43646161580702636
baseline,440SingleComptonPlus218Single,4000,1969.6013722341534,0.023525342945587422,0.1282267103159236,0.4378698553471236
baseline,440SingleComptonPlus218Single,4050,1973.7377593948768,0.023680795718962717,0.12780931017488517,0.4393062993482397
baseline,440SingleComptonPlus218Single,4100,1977.7852375173447,0.02383427632024529,0.12740006366373005,0.4407704706505678
baseline,440SingleComptonPlus218Single,4150,1981.741413604669,0.0239858439279336,0.1269987249162293,0.44226132664195833
baseline,440SingleComptonPlus218Single,4200,1985.6164118744562,0.024135514907616496,0.12660502350773917,0.4437784805426349
baseline,440SingleComptonPlus218Single,4250,1989.4091278666033,0.024283330196466883,0.12621873993836807,0.44532109279510773
baseline,440SingleComptonPlus218Single,4300,1993.1175367375895,0.024429314097545132,0.12583962385805258,0.44688853142489815
baseline,440SingleComptonPlus218Single,4350,1996.7497378614999,0.02457351470948646,0.12546747554105075,0.4484800881164869
baseline,440SingleComptonPlus218Single,4400,2000.313094305685,0.024715957098606526,0.12510207992054004,0.4500951681954462
baseline,440SingleComptonPlus218Single,4450,2003.7939843955462,0.024856662216317407,0.12474322988429727,0.4517331121149087
baseline,440SingleComptonPlus218Single,4500,2007.2021641953233,0.024995674193341984,0.1243907475220159,0.4533931823975158
baseline,440SingleComptonPlus218Single,4550,2010.5494146127764,0.025133040953760826,0.12404446589601781,0.4550748184853549
baseline,440SingleComptonPlus218Single,4600,2013.8235865867778,0.025268773119491855,0.12370419359838136,0.45677722895657685
baseline,440SingleComptonPlus218Single,4650,2017.038669945293,0.02540290928132158,0.12336975997692143,0.4585001322671402
baseline,440SingleComptonPlus218Single,4700,2020.1896946178601,0.02553547749742625,0.12304100135350733,0.4602427415784907
baseline,440SingleComptonPlus218Single,4750,2023.2801580614712,0.02566650206908994,0.12271775626156678,0.46200440518455765
baseline,440SingleComptonPlus218Single,4800,2026.3130055030658,0.025796021595668312,0.12239989966566146,0.46378464962144655
baseline,440SingleComptonPlus218Single,4850,2029.2898936327983,0.025924071149768108,0.12208728249804812,0.46558296261166543
baseline,440SingleComptonPlus218Single,4900,2032.2113746807195,0.026050662199956096,0.12177976331760569,0.46739860385316156
baseline,440SingleComptonPlus218Single,4950,2035.075607879992,0.026175812371046703,0.12147719125085471,0.4692310515778962
baseline,440SingleComptonPlus218Single,5000,2037.887931454445,0.026299561212434173,0.12117946153613536,0.47107988831100067
baseline,440SingleComptonPlus218Single,5050,2040.646688713924,0.026421923600953086,0.12088643822526338,0.4729445518230548
baseline,440SingleComptonPlus218Single,5100,2043.3562974988401,0.026542940918648485,0.12059801691031809,0.47482438314476
baseline,440SingleComptonPlus218Single,5150,2046.020991572919,0.026662629198448314,0.120314090134377,0.4767189591644687
baseline,440SingleComptonPlus218Single,5200,2048.637825709221,0.026781008182630673,0.12003453679013362,0.4786277222487075
baseline,440SingleComptonPlus218Single,5250,2051.2161878186175,0.026898112393246427,0.11975925397721988,0.48055028982102227
baseline,440SingleComptonPlus218Single,5300,2053.749082987126,0.027013954725909766,0.1194881344258389,0.4824863735467621
baseline,440SingleComptonPlus218Single,5350,2056.2341182178575,0.027128553552782656,0.11922108697319961,0.4844351365027986
baseline,440SingleComptonPlus218Single,5400,2058.6781043481105,0.027241931837761246,0.11895801787438709,0.4863963801064542
baseline,440SingleComptonPlus218Single,5450,2061.0788324576806,0.02735411736741827,0.11869884240075845,0.48836930934412454
baseline,440SingleComptonPlus218Single,5500,2063.442929307183,0.02746511811400569,0.11844344872665812,0.4903536844728471
baseline,440SingleComptonPlus218Single,5550,2065.7659770562077,0.027574961726212693,0.11819177176731611,0.4923489843754944
baseline,440SingleComptonPlus218Single,5600,2068.050184624959,0.027683672443205826,0.11794371941847914,0.4943549200376983
baseline,440SingleComptonPlus218Single,5650,2070.3021787740527,0.027791268670405888,0.11769921845562102,0.4963706506527532
baseline,440SingleComptonPlus218Single,5700,2072.5193824299163,0.027897771755059125,0.11745819587030587,0.4983962984554851
baseline,440SingleComptonPlus218Single,5750,2074.6968255220886,0.028003186838932118,0.11722057021898258,0.5004311144096878
baseline,440SingleComptonPlus218Single,5800,2076.8413188878676,0.02810754791199468,0.11698627718004788,0.5024748983747
baseline,440SingleComptonPlus218Single,5850,2078.9515739904678,0.028210837758086554,0.11675522111614495,0.5045274042049894
baseline,440SingleComptonPlus218Single,5900,2081.0334812837696,0.028313108743372235,0.11652735504871006,0.5065881110054149
baseline,440SingleComptonPlus218Single,5950,2083.087040767772,0.028414362208124315,0.11630261689249602,0.5086565888459064
baseline,440SingleComptonPlus218Single,6000,2085.1091231388527,0.028514615842784377,0.11608092859379382,0.5107325909763297
baseline,440SingleComptonPlus218Single,6050,2087.0971513234376,0.02861388400518128,0.1158622338938691,0.5128156854245871
baseline,440SingleComptonPlus218Single,6100,2089.061985845869,0.028712176674804486,0.11564648089383685,0.5149056739403121
baseline,440SingleComptonPlus218Single,6150,2090.996999945532,0.028809509124835587,0.11543360066252777,0.51700212272584
baseline,440SingleComptonPlus218Single,6200,2092.9025617757934,0.028905908770888594,0.11522354648235562,0.519104369277874
baseline,440SingleComptonPlus218Single,6250,2094.78143248691,0.029001385778723434,0.1150162710769537,0.5212126283270782
baseline,440SingleComptonPlus218Single,6300,2096.6323235420955,0.02909594525147034,0.11481168394370601,0.523326007307296
baseline,440SingleComptonPlus218Single,6350,2098.4508171009397,0.02918960003520104,0.1146097629090382,0.5254445763342306
baseline,440SingleComptonPlus218Single,6400,2100.2497985313053,0.029282364656417096,0.11441045792431424,0.5275680401733546
baseline,440SingleComptonPlus218Single,6450,2102.023009225945,0.029374241296782955,0.1142136948506142,0.5296961033310826
baseline,440SingleComptonPlus218Single,6500,2103.771553644961,0.029465261014983438,0.1140194504677793,0.5318283333794931
baseline,440SingleComptonPlus218Single,6550,2105.4961680950887,0.029555420109312353,0.11382767076054845,0.5339649353025648
baseline,440SingleComptonPlus218Single,6600,2107.1847035151995,0.029644711100176937,0.11363829170648439,0.5361052904348023
baseline,440SingleComptonPlus218Single,6650,2108.867532558114,0.029733172325231094,0.11345129137544845,0.5382490594217527
baseline,440SingleComptonPlus218Single,6700,2110.5306653958664,0.029820819971416737,0.11326662478216322,0.540396036216295
baseline,440SingleComptonPlus218Single,6750,2112.1656345010038,0.029907653229182662,0.11308424414097601,0.5425461507691711
baseline,440SingleComptonPlus218Single,6800,2113.7775940206716,0.029993698785734515,0.11290412722780405,0.544698968616864
baseline,440SingleComptonPlus218Single,6850,2115.3704095652283,0.03007895505269316,0.11272621394145121,0.5468543732945711
baseline,440SingleComptonPlus218Single,6900,2116.937086220692,0.030163435848769463,0.11255047448986728,0.5490121978400355
baseline,440SingleComptonPlus218Single,6950,2118.4912456616594,0.03024714477914785,0.1123768686312913,0.5511721515987339
baseline,440SingleComptonPlus218Single,7000,2120.0240522073113,0.03033007855076372,0.11220535688124464,0.5533335671221885
baseline,440SingleComptonPlus218Single,7050,2121.53955554469,0.03041226126143869,0.11203590937618291,0.5554967449342938
baseline,440SingleComptonPlus218Single,7100,2123.0362830603253,0.030493692080690037,0.11186847507361838,0.5576613696663791
baseline,440SingleComptonPlus218Single,7150,2124.5162595977386,0.03057438182521234,0.11170302981488056,0.5598275188721021
baseline,440SingleComptonPlus218Single,7200,2125.977828466776,0.03065436452355611,0.11153955737307576,0.5619947499510581
baseline,440SingleComptonPlus218Single,7250,2127.4117858332497,0.030733614344278456,0.11137799315526839,0.5641629030469667
baseline,440SingleComptonPlus218Single,7300,2128.8277036847153,0.030812154140903634,0.111218317172668,0.5663314435835063
baseline,440SingleComptonPlus218Single,7350,2130.2266864812755,0.03088999064817745,0.11106050549052676,0.5685005347760421
baseline,440SingleComptonPlus218Single,7400,2131.605973072673,0.030967131693106813,0.11090452043349565,0.5706701399133641
baseline,440SingleComptonPlus218Single,7450,2132.9701653760026,0.031043575836892517,0.11075032683190138,0.5728397353764562
baseline,440SingleComptonPlus218Single,7500,2134.320736004734,0.03111932991730741,0.11059789937685985,0.575009606914078
baseline,440SingleComptonPlus218Single,7550,2135.65584419203,0.03119442155944424,0.11044722578135029,0.5771794572546245
baseline,440SingleComptonPlus218Single,7600,2136.9705198674287,0.031268853216660404,0.11029826371183324,0.5793492086830033
baseline,440SingleComptonPlus218Single,7650,2138.275255401905,0.03134260844098467,0.11015098370281981,0.5815185489538247
baseline,440SingleComptonPlus218Single,7700,2139.56084696127,0.0314157192695417,0.11000538094800427,0.5836872853808222
baseline,440SingleComptonPlus218Single,7750,2140.836866533079,0.031488180631097276,0.10986139950014935,0.5858553847516015
baseline,440SingleComptonPlus218Single,7800,2142.101105197128,0.031560005193633466,0.10971902849608761,0.5880224430636874
baseline,440SingleComptonPlus218Single,7850,2143.34638396275,0.03163121170790989,0.10957824693548078,0.5901884704577947
baseline,440SingleComptonPlus218Single,7900,2144.5703098330564,0.031701780365634105,0.1094390167336259,0.5923535013333997
baseline,440SingleComptonPlus218Single,7950,2145.7796936453456,0.03177172141623842,0.10930131240433442,0.594516805194777
baseline,440SingleComptonPlus218Single,8000,2146.976376166456,0.0318410377829854,0.1091651082712807,0.5966790865649849
baseline,440SingleComptonPlus218Single,8050,2148.1662478502667,0.03190977050576584,0.10903041298246871,0.5988398657365289
baseline,440SingleComptonPlus218Single,8100,2149.3463634698383,0.03197790652757224,0.10889718593735206,0.6009992327294283
baseline,440SingleComptonPlus218Single,8150,2150.5110166479744,0.032045453144087716,0.10876539713451731,0.6031567974245883
baseline,440SingleComptonPlus218Single,8200,2151.6587347712048,0.03211240439443486,0.10863503179452283,0.6053128834278209
baseline,440SingleComptonPlus218Single,8250,2152.796512753512,0.03217877228204723,0.10850607482224928,0.6074670292406601
baseline,440SingleComptonPlus218Single,8300,2153.9261913617343,0.03224455915840341,0.1083784975559144,0.6096193129196417
baseline,440SingleComptonPlus218Single,8350,2155.0374623015805,0.03230978356784466,0.1082522870165817,0.6117694791045425
baseline,440SingleComptonPlus218Single,8400,2156.138056793769,0.03237444464595762,0.10812741303017592,0.6139175086431197
baseline,440SingleComptonPlus218Single,8450,2157.2261340714617,0.032438541857189016,0.10800385791027256,0.6160633968497864
baseline,440SingleComptonPlus218Single,8500,2158.3027985947615,0.03250208973497714,0.10788160875345616,0.618207294216332
baseline,440SingleComptonPlus218Single,8550,2159.371363743976,0.03256509502094077,0.10776064819890638,0.6203485387804203
baseline,440SingleComptonPlus218Single,8600,2160.4285161387975,0.032627534123012274,0.10764093492683856,0.6224873263098012
baseline,440SingleComptonPlus218Single,8650,2161.4784895429525,0.03268943255358431,0.10752247577242198,0.6246235592346355
baseline,440SingleComptonPlus218Single,8700,2162.520179496338,0.03275080213731304,0.10740523801459884,0.626756947251686
baseline,440SingleComptonPlus218Single,8750,2163.5432777046644,0.03281163237341289,0.10728921217082016,0.6288876287247314
baseline,440SingleComptonPlus218Single,8800,2164.5523860850253,0.03287193951076243,0.10717438405683237,0.6310158431237026
baseline,440SingleComptonPlus218Single,8850,2165.5603900052834,0.032931731475502594,0.10706074607210933,0.6331411985513473
baseline,440SingleComptonPlus218Single,8900,2166.5538518675244,0.0329910001869072,0.10694827195193948,0.6352635615975974
baseline,440SingleComptonPlus218Single,8950,2167.538662125629,0.033049773955837206,0.10683696337100904,0.6373831834671395
baseline,440SingleComptonPlus218Single,9000,2168.5139003961785,0.03310804320603758,0.10672677861471609,0.6394995121442993
baseline,440SingleComptonPlus218Single,9050,2169.478830372437,0.03316580430617684,0.1066176992157317,0.6416128309319581
baseline,440SingleComptonPlus218Single,9100,2170.4297705207305,0.033223067148735116,0.10650971890681205,0.6437233778772795
baseline,440SingleComptonPlus218Single,9150,2171.3768450586645,0.03327982992977458,0.10640281313985395,0.6458306251222354
baseline,440SingleComptonPlus218Single,9200,2172.3152679924624,0.033336101404112646,0.10629699305433146,0.6479346489485083
baseline,440SingleComptonPlus218Single,9250,2173.614481226425,0.033391904021638365,0.10619224542107897,0.650035636634929
baseline,440SingleComptonPlus218Single,9300,2175.3494039708435,0.03344724274133242,0.10608853913684303,0.6521335466242126
baseline,440SingleComptonPlus218Single,9350,2177.0605808230566,0.03350209186023477,0.10598583635616989,0.6542283414970215
baseline,440SingleComptonPlus218Single,9400,2178.7336538017316,0.03355645631789112,0.10588415540006399,0.6563193305860586
baseline,440SingleComptonPlus218Single,9450,2180.3851898084076,0.03361037004890121,0.10578350694603794,0.6584068856885689
baseline,440SingleComptonPlus218Single,9500,2182.0074576223656,0.03366382032707398,0.1056838474944041,0.6604914539144959
baseline,440SingleComptonPlus218Single,9550,2183.5975120166663,0.03371679939692001,0.10558514309293697,0.6625723408088277
baseline,440SingleComptonPlus218Single,9600,2185.159954908403,0.03376932525383376,0.10548739713147534,0.664649753277428
baseline,440SingleComptonPlus218Single,9650,2186.6990200613027,0.03382141236649137,0.10539061335276971,0.6667240015631556
baseline,440SingleComptonPlus218Single,9700,2188.2075284846983,0.03387304873242655,0.10529477543684795,0.6687945870928588
baseline,440SingleComptonPlus218Single,9750,2189.6970770096673,0.033924263068905745,0.10519989928423659,0.6708616403369337
baseline,440SingleComptonPlus218Single,9800,2191.16232741238,0.03397503934347629,0.10510593759291183,0.6729249018077871
baseline,440SingleComptonPlus218Single,9850,2192.601254849315,0.03402537026828751,0.10501285637551833,0.674984307680771
baseline,440SingleComptonPlus218Single,9900,2194.0210383111394,0.034075267007439354,0.10492066517652572,0.6770403474077163
baseline,440SingleComptonPlus218Single,9950,2195.4148669605543,0.0341247514952957,0.10482936430638876,0.6790923985221011
baseline,440SingleComptonPlus218Single,10000,2196.7928650151657,0.03417381705381587,0.1047389643104024,0.6811409392836361
bind_f010,440_SinglePhoton,50,0.6141128661247296,0.00030524965801952613,0.48726170827535925,0.20260041478914192
bind_f010,440_SinglePhoton,100,0.6838017864117544,0.0002831986915795421,0.4732569140232507,0.23124079233032313
bind_f010,440_SinglePhoton,150,0.6935061346087379,0.0002690805347815272,0.45947447739164865,0.2415263877467746
bind_f010,440_SinglePhoton,200,0.6862944391266406,0.0002562078091654374,0.4458828647750142,0.24890049950389118
bind_f010,440_SinglePhoton,250,0.7350163559981603,0.00024406960022344286,0.432485214160681,0.25718467495223557
bind_f010,440_SinglePhoton,300,0.8404100777033626,0.00023260009540499542,0.4193113074931645,0.26709931611233123
bind_f010,440_SinglePhoton,350,0.9556211017182753,0.00022176704289949067,0.40639908296359245,0.2785037119065205
bind_f010,440_SinglePhoton,400,1.0808082917130313,0.00021153996694800475,0.39378633600928964,0.29105086215954556
bind_f010,440_SinglePhoton,450,1.2159937404649073,0.00020188946918029796,0.38150723370599204,0.3043825027943096
bind_f010,440_SinglePhoton,500,1.361082117001433,0.00019278779952559456,0.3695909098453777,0.31818456392270883
bind_f010,440_SinglePhoton,550,1.51587714040541,0.00018420868555468664,0.35806094970337565,0.33219745263180156
bind_f010,440_SinglePhoton,600,1.6800839423373406,0.000176127025768637,0.3469353343815332,0.34621281030233564
bind_f010,440_SinglePhoton,650,1.8533265624717654,0.00016851854997410975,0.3362266342055305,0.3600661120417319
bind_f010,440_SinglePhoton,700,2.0351567600673945,0.00016135959380893388,0.32594236782564884,0.3736294185901588
bind_f010,440_SinglePhoton,750,2.225061165386339,0.00015462699803086134,0.3160854534497859,0.38680458014433583
bind_f010,440_SinglePhoton,800,2.4224773703873903,0.000148298061911151,0.30665473314606156,0.3995178191584808
bind_f010,440_SinglePhoton,850,2.6268066991175085,0.0001423505578430596,0.29764551442691206,0.41171510619747254
bind_f010,440_SinglePhoton,900,2.837420848315397,0.00013676280837286226,0.2890501271197755,0.4233586761876877
bind_f010,440_SinglePhoton,950,3.0536828308535466,0.0001315137454773565,0.28085844185270903,0.43442369946470477
bind_f010,440_SinglePhoton,1000,3.2749449324755973,0.00012658298112001949,0.273058382372402,0.4448961776852188
bind_f010,440_SinglePhoton,1050,3.500563780858294,0.00012195088898290337,0.26563637015722846,0.4547706795715257
bind_f010,440_SinglePhoton,1100,3.729909284885533,0.00011759863528000359,0.2585777359388718,0.4640489547144131
bind_f010,440_SinglePhoton,1150,3.9623756171850393,0.00011350825319942381,0.25186707949752263,0.47273834080852883
bind_f010,440_SinglePhoton,1200,4.197375339748284,0.00010966266748660156,0.24548857301563018,0.48085086811869643
bind_f010,440_SinglePhoton,1250,4.434352940545463,0.00010604569584891197,0.23942622017295187,0.488401956331014
bind_f010,440_SinglePhoton,1300,4.672782279447198,0.00010264206706916286,0.23366406907134413,0.49540987323842584
bind_f010,440_SinglePhoton,1350,4.912170419341984,9.943740806263292e-05,0.2281863852656255,0.5018950183359984
bind_f010,440_SinglePhoton,1400,5.15206937489636,9.641822991955038e-05,0.22297778577585337,0.5078792106888396
bind_f010,440_SinglePhoton,1450,5.392061298900782,9.357190675692083e-05,0.2180233461430022,0.513385403155411
bind_f010,440_SinglePhoton,1500,5.6317610363479185,9.088663247511655e-05,0.21330867841143683,0.51843725243219
bind_f010,440_SinglePhoton,1550,5.870828894824141,8.835141054383331e-05,0.20881998338543828,0.5230585301373656
bind_f010,440_SinglePhoton,1600,6.108949701067483,8.595598853897302e-05,0.20454408751082243,0.5272730353135423
bind_f010,440_SinglePhoton,1650,6.345851701147043,8.369082838891616e-05,0.20046846141970623,0.5311046844790392
bind_f010,440_SinglePhoton,1700,6.581293790071493,8.154707731842548e-05,0.1965812301075029,0.534576665110622
bind_f010,440_SinglePhoton,1750,6.815055295475891,7.951652178266263e-05,0.19287116707396873,0.5377116249836079
bind_f010,440_SinglePhoton,1800,7.0469599859576775,7.759152645717554e-05,0.18932768135007025,0.5405317841221836
bind_f010,440_SinglePhoton,1850,7.276848487031061,7.576503154515027e-05,0.18594080946171274,0.5430584708900495
bind_f010,440_SinglePhoton,1900,7.504585943361909,7.403048182874546e-05,0.1827011882189179,0.5453123727659741
bind_f010,440_SinglePhoton,1950,7.7300655944773675,7.238180643262445e-05,0.17960002897049115,0.5473130907252397
bind_f010,440_SinglePhoton,2000,7.953191917849093,7.081339035090579e-05,0.17662909871625485,0.5490794808153704
bind_f010,440_SinglePhoton,2050,8.173908212938871,6.932001807129592e-05,0.17378068390571194,0.55062956754099
bind_f010,440_SinglePhoton,2100,8.392157268392827,6.789686554917529e-05,0.17104757071344276,0.551980290139269
bind_f010,440_SinglePhoton,2150,8.607899751405174,6.65394607395822e-05,0.16842301368682136,0.5531480008902623
bind_f010,440_SinglePhoton,2200,8.821121359137441,6.524366697650794e-05,0.1659007058512792,0.5541477398710946
bind_f010,440_SinglePhoton,2250,9.03179910488495,6.400563804399201e-05,0.16347475594830266,0.5549941067122915
bind_f010,440_SinglePhoton,2300,9.239950356380122,6.282181359219711e-05,0.16113966206896715,0.5557006065897585
bind_f010,440_SinglePhoton,2350,9.445575113622962,6.168889343578682e-05,0.15889028346471373,0.5562800867732328
bind_f010,440_SinglePhoton,2400,9.648696874133808,6.060381107917847e-05,0.15672181895376402,0.5567444071526857
bind_f010,440_SinglePhoton,2450,9.849340157064322,5.9563721451681496e-05,0.15462978480436382,0.5571048668056634
bind_f010,440_SinglePhoton,2500,10.047536632985398,5.856598145808363e-05,0.1526099928960193,0.5573719199179036
bind_f010,440_SinglePhoton,2550,10.243332275306399,5.76081303330307e-05,0.15065852967294713,0.5575554589301718
bind_f010,440_SinglePhoton,2600,10.436762841123496,5.668788448841322e-05,0.1487717383235023,0.5576645961418077
bind_f010,440_SinglePhoton,2650,10.6278661307955,5.58031190689332e-05,0.14694620186705698,0.5577080456714504
bind_f010,440_SinglePhoton,2700,10.816710593620794,5.4951848793091906e-05,0.14517872239092103,0.5576935831039468
bind_f010,440_SinglePhoton,2750,11.003337094852146,5.4132237644323744e-05,0.14346631265308582,0.5576287050036026
bind_f010,440_SinglePhoton,2800,11.18780488910607,5.3342563043741796e-05,0.14180617415969893,0.5575202403004024
bind_f010,440_SinglePhoton,2850,11.3701691444738,5.258121929209004e-05,0.14019568880658348,0.5573746761800823
bind_f010,440_SinglePhoton,2900,11.555669807991418,5.184671437580234e-05,0.1386324038914732,0.5571978524355129
bind_f010,440_SinglePhoton,2950,11.759364703672324,5.113764741087181e-05,0.13711402038881057,0.5569952745220593
bind_f010,440_SinglePhoton,3000,11.961904134331236,5.045271358831102e-05,0.13563838660362398,0.5567720641358619
bind_f010,440_SinglePhoton,3050,12.16333509500884,4.9790689134382564e-05,0.13420348035235535,0.5565328596360193
bind_f010,440_SinglePhoton,3100,12.363674953437556,4.915043127324596e-05,0.13280740549456213,0.5562821293397561
bind_f010,440_SinglePhoton,3150,12.562956401819601,4.85308687082866e-05,0.13144838413296728,0.5560236464973839
bind_f010,440_SinglePhoton,3200,12.761208045831914,4.793100432430391e-05,0.13012474138018834,0.5557612906296794
bind_f010,440_SinglePhoton,3250,12.958473815621215,4.734989022246254e-05,0.12883490625945712,0.5554982750623296
bind_f010,440_SinglePhoton,3300,13.154790489914998,4.6786645988829705e-05,0.12757740007858467,0.5552377608623005
bind_f010,440_SinglePhoton,3350,13.350171349920412,4.62404453361914e-05,0.1263508312423531,0.5549826389777643
bind_f010,440_SinglePhoton,3400,13.544641936420435,4.571050506036835e-05,0.12515388986877857,0.5547356032214659
bind_f010,440_SinglePhoton,3450,13.738248222824431,4.519610017089838e-05,0.12398534032249559,0.5544988514541647
bind_f010,440_SinglePhoton,3500,13.930989187501082,4.46965362398109e-05,0.12284401909419357,0.5542744780510067
bind_f010,440_SinglePhoton,3550,14.12292204180426,4.421116765203272e-05,0.12172882795583474,0.5540648008910749
bind_f010,440_SinglePhoton,3600,14.314060066941115,4.373938090075453e-05,0.12063872999747136,0.5538713397773127
bind_f010,440_SinglePhoton,3650,14.504444128164415,4.328060080772523e-05,0.11957274626662319,0.5536958666714634
bind_f010,440_SinglePhoton,3700,14.694075247105479,4.283428488525894e-05,0.11852995169867382,0.5535396489420835
bind_f010,440_SinglePhoton,3750,14.882989180860477,4.239992161379403e-05,0.11750947208709767,0.5534042859726943
bind_f010,440_SinglePhoton,3800,15.071182864535455,4.19770281056673e-05,0.11651047776276469,0.5532906852322148
bind_f010,440_SinglePhoton,3850,15.258722704166155,4.156514568206549e-05,0.11553218527947987,0.5532000804957682
bind_f010,440_SinglePhoton,3900,15.445592353651474,4.1163840732110156e-05,0.11457385029185807,0.5531334481599879
bind_f010,440_SinglePhoton,3950,15.631822461930984,4.077270876208152e-05,0.11363476916946645,0.5530914711101571
bind_f010,440_SinglePhoton,4000,15.817449807732178,4.0391361081082155e-05,0.11271427184099356,0.553074960628751
bind_f010,440_SinglePhoton,4050,16.002472347792416,4.0019426764031514e-05,0.11181172541776732,0.5530845454803747
bind_f010,440_SinglePhoton,4100,16.186912558000724,3.965656325855423e-05,0.11092652705423692,0.553120800580026
bind_f010,440_SinglePhoton,4150,16.370781676301608,3.9302436176374794e-05,0.11005810200335849,0.553184179203083
bind_f010,440_SinglePhoton,4200,16.554102178584092,3.895673796519831e-05,0.10920590536812766,0.5532750508949746
bind_f010,440_SinglePhoton,4250,16.736889389317962,3.861916732625033e-05,0.10836941862010184,0.55339379528548
bind_f010,440_SinglePhoton,4300,16.919143308503223,3.8289442728002966e-05,0.10754814924815904,0.5535406024980816
bind_f010,440_SinglePhoton,4350,17.10089152018549,3.796729970792446e-05,0.10674162374930476,0.5537158306342722
bind_f010,440_SinglePhoton,4400,17.282148327203227,3.76524809714042e-05,0.10594939341736063,0.5539195907122353
bind_f010,440_SinglePhoton,4450,17.462895340192695,3.7344743261484715e-05,0.10517103189360771,0.5541518789580153
bind_f010,440_SinglePhoton,4500,17.643151970148953,3.704386004801398e-05,0.10440612914137935,0.5544127945108306
bind_f010,440_SinglePhoton,4550,17.82295703906214,3.674960763327076e-05,0.10365429558850156,0.5547023600150117
bind_f010,440_SinglePhoton,4600,18.002306460406967,3.646177546742075e-05,0.10291515651881696,0.5550207430939711
bind_f010,440_SinglePhoton,4650,18.181167541981225,3.6180166191725965e-05,0.10218835402331766,0.5553675840420995
bind_f010,440_SinglePhoton,4700,18.35958523556296,3.590459005035749e-05,0.10147354873919565,0.5557429701860948
bind_f010,440_SinglePhoton,4750,18.537577930515916,3.563485842695021e-05,0.10077041179902012,0.5561466989886488
bind_f010,440_SinglePhoton,4800,18.715123150951072,3.537080752910603e-05,0.1000786282468078,0.5565787545016226
bind_f010,440_SinglePhoton,4850,18.892239286232172,3.511226578016269e-05,0.099397900768258,0.5570389152424058
bind_f010,440_SinglePhoton,4900,19.068928379621852,3.485907498658258e-05,0.09872793847502424,0.5575269715372038
bind_f010,440_SinglePhoton,4950,19.245165911968456,3.461108455807607e-05,0.09806846585372835,0.5580426337584424
bind_f010,440_SinglePhoton,5000,19.421011137888495,3.4368150472663355e-05,0.09741921739752386,0.558585847799678
bind_f010,440_SinglePhoton,5050,19.59644566801822,3.4130131402971444e-05,0.09677993621294266,0.5591562289711417
bind_f010,440_SinglePhoton,5100,19.771449069731254,3.3896896229546186e-05,0.09615037855507218,0.559753666098231
bind_f010,440_SinglePhoton,5150,19.946033602603425,3.3668317598638676e-05,0.0955303072463178,0.5603777814643498
bind_f010,440_SinglePhoton,5200,20.120191093584175,3.3444275762595695e-05,0.09491949558126417,0.5610283309367049
bind_f010,440_SinglePhoton,5250,20.293946061825167,3.322464856450363e-05,0.09431772383482223,0.5617049516342585
bind_f010,440_SinglePhoton,5300,20.467288291013215,3.300932669802716e-05,0.09372478256611035,0.5624074777933197
bind_f010,440_SinglePhoton,5350,20.64021778114831,3.279820166958809e-05,0.09314046798910144,0.5631354850565135
bind_f010,440_SinglePhoton,5400,20.812738618755734,3.259117298518574e-05,0.092564584442682,0.5638887462555376
bind_f010,440_SinglePhoton,5450,20.984838544259656,3.238814200136379e-05,0.09199694394199269,0.5646668135896291
bind_f010,440_SinglePhoton,5500,21.156513471134797,3.218901140418563e-05,0.09143736428467704,0.5654696003127044
bind_f010,440_SinglePhoton,5550,21.327792005058097,3.199369054724095e-05,0.09088566704119203,0.5662964913956484
bind_f010,440_SinglePhoton,5600,21.498651670140532,3.180208986294018e-05,0.09034168381113054,0.5671472708686105
bind_f010,440_SinglePhoton,5650,21.669092466382104,3.161412467178234e-05,0.08980524858333455,0.5680217252713144
bind_f010,440_SinglePhoton,5700,21.839100090944342,3.142971785555622e-05,0.08927620410020157,0.5689193860837086
bind_f010,440_SinglePhoton,5750,22.008717452342655,3.124878857488282e-05,0.0887543951472132,0.5698399105982346
bind_f010,440_SinglePhoton,5800,22.17790368532427,3.1071262354701055e-05,0.08823967412467953,0.5707829780094801
bind_f010,440_SinglePhoton,5850,22.346644487050728,3.089706626532724e-05,0.08773189595249385,0.5717483169951652
bind_f010,440_SinglePhoton,5900,22.514950073835212,3.0726131413812405e-05,0.08723092178870023,0.5727354200613007
bind_f010,440_SinglePhoton,5950,22.68286131093049,3.055838886450931e-05,0.08673661667771362,0.5737442490023428
bind_f010,440_SinglePhoton,6000,22.850298511093673,3.039377566806357e-05,0.08624884741804813,0.5747740905734156
bind_f010,440_SinglePhoton,6050,23.017331145254456,3.023222604521121e-05,0.08576748801258056,0.5758249580414778
bind_f010,440_SinglePhoton,6100,23.183924477947993,3.0073687846534645e-05,0.08529241342003266,0.5768962651739772
bind_f010,440_SinglePhoton,6150,23.35006829286109,2.99180980692298e-05,0.0848235046439861,0.5779878006618232
bind_f010,440_SinglePhoton,6200,23.515766676519025,2.976539963829457e-05,0.08436064726166785,0.579099268113282
bind_f010,440_SinglePhoton,6250,23.681009412608603,2.9615536204460285e-05,0.0839037263063829,0.5802302676841106
bind_f010,440_SinglePhoton,6300,23.84581897701885,2.9468460950782237e-05,0.08345263255261674,0.581380516370971
bind_f010,440_SinglePhoton,6350,24.010148374709082,2.9324122444636833e-05,0.08300725934483033,0.582549550982188
bind_f010,440_SinglePhoton,6400,24.17404460071998,2.9182469651516393e-05,0.08256750373225491,0.5837372900652112
bind_f010,440_SinglePhoton,6450,24.337477006111975,2.9043456677134954e-05,0.08213326225528692,0.584943283935677
bind_f010,440_SinglePhoton,6500,24.500455807198247,2.8907041075302227e-05,0.08170443936121671,0.5861672440497617
bind_f010,440_SinglePhoton,6550,24.66295444156451,2.8773174499854325e-05,0.08128093745570035,0.5874088669755666
bind_f010,440_SinglePhoton,6600,24.825007644675605,2.86418151847429e-05,0.08086266409914707,0.5886677500112115
bind_f010,440_SinglePhoton,6650,24.986570464753495,2.851291955700794e-05,0.0804495286567882,0.5899437744524983
bind_f010,440_SinglePhoton,6700,25.1476653776872,2.838645633196453e-05,0.08004144299619445,0.5912365002108653
bind_f010,440_SinglePhoton,6750,25.308253561486595,2.8262382850204516e-05,0.07963832081268862,0.5925457183010873
bind_f010,440_SinglePhoton,6800,25.468365665091248,2.8140664021964297e-05,0.07924007903039527,0.593871133947739
bind_f010,440_SinglePhoton,6850,25.627997601975885,2.8021262094442895e-05,0.07884663617387098,0.5952123722933242
bind_f010,440_SinglePhoton,6900,25.787100333837188,2.7904140859394626e-05,0.07845791175570199,0.5965693082697909
bind_f010,440_SinglePhoton,6950,25.9457188124532,2.778927039759145e-05,0.07807382809117547,0.597941529850521
bind_f010,440_SinglePhoton,7000,26.103881643500856,2.7676613172416268e-05,0.07769430843732872,0.5993287960301745
bind_f010,440_SinglePhoton,7050,26.261531615626286,2.7566141224931936e-05,0.07731928030392399,0.6007309055672235
bind_f010,440_SinglePhoton,7100,26.418676901880037,2.7457821074359658e-05,0.07694866994295517,0.60214742189511
bind_f010,440_SinglePhoton,7150,26.5753113724742,2.735162667945573e-05,0.07658240743285712,0.6035783290998186
bind_f010,440_SinglePhoton,7200,26.73144933024724,2.72475313436416e-05,0.07622042342975888,0.6050231787390656
bind_f010,440_SinglePhoton,7250,26.88709077519916,2.7145501874914255e-05,0.07586265121992021,0.6064817977650907
bind_f010,440_SinglePhoton,7300,27.042196885339827,2.7045513325731554e-05,0.07550902555346445,0.6079538709381723
bind_f010,440_SinglePhoton,7350,27.19681261244729,2.6947538792005973e-05,0.0751594809669299,0.6094392660670269
bind_f010,440_SinglePhoton,7400,27.35091548063252,2.6851557303276238e-05,0.07481395428203426,0.6109376807849908
bind_f010,440_SinglePhoton,7450,27.504489143794416,2.6757540351412606e-05,0.07447238415662606,0.6124489180720813
bind_f010,440_SinglePhoton,7500,27.65753155867034,2.6665466671232602e-05,0.07413471215359434,0.6139726508319543
bind_f010,440_SinglePhoton,7550,27.810071330937223,2.6575312730238995e-05,0.07380087626198656,0.6155086828105458
bind_f010,440_SinglePhoton,7600,27.962065552079668,2.6487054780088844e-05,0.07347082069022697,0.617056898323259
bind_f010,440_SinglePhoton,7650,28.113520351885583,2.6400668534508444e-05,0.07314448941712681,0.6186169966663493
bind_f010,440_SinglePhoton,7700,28.264454119718717,2.631613866315103e-05,0.07282182942165497,0.6201886524200911
bind_f010,440_SinglePhoton,7750,28.414856639265878,2.623343984469215e-05,0.07250278395297753,0.6217718655875061
bind_f010,440_SinglePhoton,7800,28.564711564425956,2.61525574096497e-05,0.07218730057325397,0.6233662620671213
bind_f010,440_SinglePhoton,7850,28.71403319803742,2.607347278261743e-05,0.07187532677704868,0.6249716800863068
bind_f010,440_SinglePhoton,7900,28.862809280524445,2.5996158300629078e-05,0.07156681333005083,0.6265879085240078
bind_f010,440_SinglePhoton,7950,29.01103368209911,2.5920603644063086e-05,0.07126171019949262,0.6282148261438524
bind_f010,440_SinglePhoton,8000,29.158741138226272,2.584678907386672e-05,0.07095996881601244,0.6298521494526641
bind_f010,440_SinglePhoton,8050,29.305872394289413,2.5774700317047453e-05,0.07066154260723777,0.6314997660544335
bind_f010,440_SinglePhoton,8100,29.45246014249075,2.5704312696569162e-05,0.07036638316000396,0.6331573181172863
bind_f010,440_SinglePhoton,8150,29.598526858719307,2.563561888741724e-05,0.07007444476946452,0.6348248747736688
bind_f010,440_SinglePhoton,8200,29.744019418146483,2.556860127222549e-05,0.06978568379264215,0.6365021019687142
bind_f010,440_SinglePhoton,8250,29.888992988863517,2.5503243476378683e-05,0.06950005541339366,0.6381887172439202
bind_f010,440_SinglePhoton,8300,30.033412835405553,2.543953384772026e-05,0.06921751583935447,0.639884738558954
bind_f010,440_SinglePhoton,8350,30.17728508756051,2.537745166119134e-05,0.06893802355553459,0.6415899488576661
bind_f010,440_SinglePhoton,8400,30.320591355964638,2.5316989496127345e-05,0.06866153778627604,0.6433040713088655
bind_f010,440_SinglePhoton,8450,30.463339813668494,2.5258132659210065e-05,0.06838801636391068,0.6450271196484398
bind_f010,440_SinglePhoton,8500,30.605593801813868,2.5200859658483748e-05,0.06811742134124792,0.6467586690435252
bind_f010,440_SinglePhoton,8550,30.747271589895224,2.5145166542193187e-05,0.06784971227643108,0.6484988212198236
bind_f010,440_SinglePhoton,8600,30.88839769706422,2.5091040372822382e-05,0.06758485031018743,0.6502474016140509
bind_f010,440_SinglePhoton,8650,31.02896190700767,2.5038469403310146e-05,0.06732279949950494,0.6520039841004664
bind_f010,440_SinglePhoton,8700,31.168917224684886,2.4987439122859033e-05,0.06706352167168737,0.6537686289520394
bind_f010,440_SinglePhoton,8750,31.308343337338766,2.4937933936829174e-05,0.06680697981628947,0.6555412038499209
bind_f010,440_SinglePhoton,8800,31.44720346624182,2.488995317249148e-05,0.06655313808935756,0.6573214945803354
bind_f010,440_SinglePhoton,8850,31.585554822747923,2.4843476129409614e-05,0.0663019628492634,0.6591092842288806
bind_f010,440_SinglePhoton,8900,31.72338106075597,2.4798499900587832e-05,0.06605341876128631,0.6609046121908853
bind_f010,440_SinglePhoton,8950,31.86063314196263,2.4755014513826345e-05,0.0658074702235264,0.6627073485085619
bind_f010,440_SinglePhoton,9000,31.99733354225694,2.4713005874640586e-05,0.06556408582378084,0.6645171703137336
bind_f010,440_SinglePhoton,9050,32.13349043468944,2.467245927002297e-05,0.06532323621662206,0.6663340313727063
bind_f010,440_SinglePhoton,9100,32.26906499727001,2.4633368132901116e-05,0.06508488447052173,0.6681577580986651
bind_f010,440_SinglePhoton,9150,32.40414304702946,2.4595733624968053e-05,0.06484900150326954,0.669988261992934
bind_f010,440_SinglePhoton,9200,32.53868371871501,2.4559534790944842e-05,0.06461555608773487,0.6718255627056596
bind_f010,440_SinglePhoton,9250,32.67261141160906,2.4524767848043053e-05,0.06438451645092232,0.6736693134093861
bind_f010,440_SinglePhoton,9300,32.80599763990395,2.449142135700798e-05,0.06415585408027828,0.6755195545724952
bind_f010,440_SinglePhoton,9350,32.93882605749856,2.445949448323258e-05,0.06392953871296665,0.6773758975561698
bind_f010,440_SinglePhoton,9400,33.071153875746774,2.442897030580547e-05,0.06370554249042562,0.6792385762629
bind_f010,440_SinglePhoton,9450,33.20292796981999,2.4399849385137306e-05,0.06348383658620416,0.6811073072818584
bind_f010,440_SinglePhoton,9500,33.33414016666766,2.437211449344433e-05,0.06326439282936369,0.6829818730177396
bind_f010,440_SinglePhoton,9550,33.46480681239088,2.4345765959090833e-05,0.06304718317581862,0.6848622715966414
bind_f010,440_SinglePhoton,9600,33.59493812330285,2.432079797175351e-05,0.06283218336931543,0.6867484578227467
bind_f010,440_SinglePhoton,9650,33.72454022919149,2.4297198397558047e-05,0.06261936384439885,0.6886402744401152
bind_f010,440_SinglePhoton,9700,33.853586567642495,2.427496155587796e-05,0.062408700649421556,0.6905375473854418
bind_f010,440_SinglePhoton,9750,33.98214660958557,2.4254080523760327e-05,0.062200165960906016,0.6924402554574388
bind_f010,440_SinglePhoton,9800,34.11010388905033,2.4234553669569114e-05,0.06199373388079509,0.694348304044997
bind_f010,440_SinglePhoton,9850,34.23751153086537,2.4216360138494743e-05,0.06178938055490092,0.6962615191867363
bind_f010,440_SinglePhoton,9900,34.36442061659665,2.4199501924007304e-05,0.06158708473255003,0.698179810428678
bind_f010,440_SinglePhoton,9950,34.490780064678205,2.418397518020468e-05,0.06138681892453454,0.7001032403573991
bind_f010,440_SinglePhoton,10000,34.61666956235294,2.4169778742203164e-05,0.06118856039219853,0.7020314564114293
bind_f010,440_ComptonOnly,50,141.38228660527523,0.000158768675329227,0.3190328681610759,0.4020381514889942
bind_f010,440_ComptonOnly,100,236.01608643211983,0.00011341955069849758,0.2628713338616443,0.43237203693667453
bind_f010,440_ComptonOnly,150,273.9386328980492,8.559623173918897e-05,0.23452109213201316,0.4594643218200706
bind_f010,440_ComptonOnly,200,297.7198558587977,6.5016776536812e-05,0.2181331613898737,0.48836838208866523
bind_f010,440_ComptonOnly,250,336.3252847138988,5.011859848474105e-05,0.20791942186349965,0.5172484035406997
bind_f010,440_ComptonOnly,300,365.9199325346365,3.940115613245169e-05,0.20118832255499433,0.5453467696622132
bind_f010,440_ComptonOnly,350,385.29099353150957,3.164880536637887e-05,0.19653963711808256,0.5728680819355191
bind_f010,440_ComptonOnly,400,397.742868505754,2.5984876161971273e-05,0.19319390426021876,0.6002695611433215
bind_f010,440_ComptonOnly,450,405.4608810977001,2.1797604648508977e-05,0.19069339372696972,0.6279448352141892
bind_f010,440_ComptonOnly,500,418.4499957716966,1.8662135638405735e-05,0.18875728381825213,0.6561459482940404
bind_f010,440_ComptonOnly,550,434.52148905806877,1.628201853631312e-05,0.1872070627798549,0.6849931903972526
bind_f010,440_ComptonOnly,600,456.39472445751585,1.4448803382329383e-05,0.18592593597338425,0.7145085666218349
bind_f010,440_ComptonOnly,650,476.7096380774116,1.3014679191332842e-05,0.18483576720278794,0.7446490642575403
bind_f010,440_ComptonOnly,700,494.9571221392468,1.187395145126491e-05,0.18388330818109944,0.7753331996839585
bind_f010,440_ComptonOnly,750,511.4609270589347,1.0950451113053373e-05,0.18303174746450268,0.8064595868599272
bind_f010,440_ComptonOnly,800,526.4820064044962,1.0188899511127496e-05,0.1822553905089725,0.8379203228604195
bind_f010,440_ComptonOnly,850,540.2296496705796,9.548934675331275e-06,0.18153617008306333,0.8696081012510074
bind_f010,440_ComptonOnly,900,552.8737149977693,9.00094071036218e-06,0.18086131210953488,0.9014219472902005
bind_f010,440_ComptonOnly,950,564.5510621830115,8.523108317443e-06,0.18022180253693276,0.9332694446608075
bind_f010,440_ComptonOnly,1000,575.3751188661038,8.099339262771303e-06,0.17961126778595213,0.9650671253570526
bind_f010,440_ComptonOnly,1050,585.438813715796,7.717740292464617e-06,0.17902524056366834,0.9967414046264981
bind_f010,440_ComptonOnly,1100,594.8196761738067,7.369521185427234e-06,0.17846058129948159,1.0282285953182733
bind_f010,440_ComptonOnly,1150,603.5837029274117,7.048186250808081e-06,0.17791510037638092,1.0594730621843604
bind_f010,440_ComptonOnly,1200,611.7867578391736,6.748940151354483e-06,0.17738725540142888,1.0904273131844
bind_f010,440_ComptonOnly,1250,619.4769051631588,6.4682336663968156e-06,0.176875929028551,1.121051164625656
bind_f010,440_ComptonOnly,1300,626.6957428113471,6.203436783036879e-06,0.1763803070596825,1.151310602726559
bind_f010,440_ComptonOnly,1350,633.4810022231306,5.952579796525236e-06,0.17589972963614334,1.18117693334846
bind_f010,440_ComptonOnly,1400,639.8654817521855,5.714176381274311e-06,0.17543365152159934,1.2106263856990305
bind_f010,440_ComptonOnly,1450,645.8787799128052,5.487079595843066e-06,0.17498157791177293,1.2396403597466519
bind_f010,440_ComptonOnly,1500,651.5476286965023,5.270388862863943e-06,0.17454303739298846,1.2682027301843906
bind_f010,440_ComptonOnly,1550,656.8951602754836,5.063372562616244e-06,0.17411756917390203,1.2963013051856973
bind_f010,440_ComptonOnly,1600,661.9447734752376,4.865424524501184e-06,0.1737047180527618,1.32392672819565
bind_f010,440_ComptonOnly,1650,666.7156006687425,4.676021874566663e-06,0.17330401969572962,1.351072212969537
bind_f010,440_ComptonOnly,1700,671.2266409023349,4.494705743863015e-06,0.1729150231059691,1.377732839221438
bind_f010,440_ComptonOnly,1750,675.4954266293014,4.321066295114954e-06,0.17253727692994408,1.4039061171662803
bind_f010,440_ComptonOnly,1800,679.5366904434679,4.154727158910164e-06,0.17217034285350993,1.4295908927288083
bind_f010,440_ComptonOnly,1850,683.3654982552633,3.995341123182862e-06,0.17181377690048755,1.4547881854917164
bind_f010,440_ComptonOnly,1900,686.9951827287836,3.8425887770550306e-06,0.1714671659381116,1.479499827199529
bind_f010,440_ComptonOnly,1950,690.438143241638,3.6961692736536597e-06,0.17113011074178017,1.503729131690136
bind_f010,440_ComptonOnly,2000,693.7057792216289,3.5558038250722173e-06,0.17080222208427168,1.527479960937071
bind_f010,440_ComptonOnly,2050,696.8084234834306,3.421230652868398e-06,0.17048313949303842,1.5507581635259642
bind_f010,440_ComptonOnly,2100,699.7569421482815,3.29220548074732e-06,0.17017251936568253,1.5735695050664067
bind_f010,440_ComptonOnly,2150,702.5596014679211,3.1684986689957568e-06,0.16987003308710547,1.5959200252121695
bind_f010,440_ComptonOnly,2200,705.2259342971781,3.0498972151787553e-06,0.16957538773976832,1.6178178267672696
bind_f010,440_ComptonOnly,2250,707.7625403047803,2.936202033637321e-06,0.16928828453729688,1.6392706867186104
bind_f010,440_ComptonOnly,2300,710.1769524459417,2.8272265329652685e-06,0.16900846687686374,1.6602862668326759
bind_f010,440_ComptonOnly,2350,712.4764370225947,2.7227967262981647e-06,0.16873569107879136,1.6808739105238863
bind_f010,440_ComptonOnly,2400,714.6675270401466,2.6227487088837327e-06,0.1684697264993986,1.7010423012915359
bind_f010,440_ComptonOnly,2450,716.755888880838,2.526928079888743e-06,0.16821035756831165,1.7208000654909668
bind_f010,440_ComptonOnly,2500,718.7461223137823,2.4351893730552557e-06,0.16795738541782734,1.7401578554275694
bind_f010,440_ComptonOnly,2550,720.6454269775911,2.3473929059488185e-06,0.16771063334743602,1.759124929477871
bind_f010,440_ComptonOnly,2600,722.4574026915707,2.2634062400809543e-06,0.1674699336098633,1.777710772248095
bind_f010,440_ComptonOnly,2650,724.1863825715519,2.1831013353508827e-06,0.1672351143425839,1.7959259444557085
bind_f010,440_ComptonOnly,2700,725.837366366571,2.10635622592876e-06,0.16700602036674056,1.8137797285904167
bind_f010,440_ComptonOnly,2750,727.4143538758569,2.0330497575031116e-06,0.16678252024377524,1.831282475245818
bind_f010,440_ComptonOnly,2800,728.920744928754,1.9630663049972966e-06,0.16656445357628807,1.848444761175314
bind_f010,440_ComptonOnly,2850,730.360006017927,1.8962898111805156e-06,0.16635170191422988,1.8652761016802153
bind_f010,440_ComptonOnly,2900,731.7363369325667,1.8326087228382633e-06,0.1661441364671866,1.8817863443022813
bind_f010,440_ComptonOnly,2950,733.0512709290439,1.7719121005063296e-06,0.16594163515031732,1.897985431278325
bind_f010,440_ComptonOnly,3000,734.3095411031126,1.7140897070605492e-06,0.1657440717333038,1.9138833893767802
bind_f010,440_ComptonOnly,3050,735.5135473343103,1.6590336711943496e-06,0.16555133349440443,1.929490101695895
bind_f010,440_ComptonOnly,3100,736.6651561956103,1.6066371327157498e-06,0.1653633051008379,1.9448150091512006
bind_f010,440_ComptonOnly,3150,737.7668342298704,1.5567944780940342e-06,0.1651798757906633,1.9598674108714182
bind_f010,440_ComptonOnly,3200,738.8221145930761,1.5094014598932318e-06,0.16500093363597168,1.9746569410143013
bind_f010,440_ComptonOnly,3250,739.8327971948804,1.4643566232662123e-06,0.16482636430542602,1.9891921887920982
bind_f010,440_ComptonOnly,3300,740.8001486383724,1.4215612186523365e-06,0.16465608893046896,2.00348222649917
bind_f010,440_ComptonOnly,3350,741.72803539614,1.380916092993486e-06,0.1644899725540936,2.0175372873165234
bind_f010,440_ComptonOnly,3400,742.616857448106,1.3423266291630466e-06,0.16432791225106172,2.0313648297664133
bind_f010,440_ComptonOnly,3450,743.4685480305643,1.305697775935409e-06,0.16416981233135916,2.0449737258973197
bind_f010,440_ComptonOnly,3500,744.2857736763343,1.2709383306746868e-06,0.16401556858342448,2.0583714004551075
bind_f010,440_ComptonOnly,3550,745.0688677020183,1.2379638350215107e-06,0.16386509579739078,2.0715662839969213
bind_f010,440_ComptonOnly,3600,745.8206299670766,1.206688819100594e-06,0.16371828618207399,2.0845666981633393
bind_f010,440_ComptonOnly,3650,746.5420604213161,1.1770293862595317e-06,0.16357505570951802,2.0973790741852874
bind_f010,440_ComptonOnly,3700,747.2351589643515,1.1489076383749854e-06,0.16343528781167832,2.110010900496287
bind_f010,440_ComptonOnly,3750,747.8999255961826,1.1222475560093804e-06,0.16329889965850583,2.1224692219665244
bind_f010,440_ComptonOnly,3800,748.5384268797445,1.096975517530899e-06,0.16316581972019426,2.1347613900797184
bind_f010,440_ComptonOnly,3850,749.151196121601,1.0730233612151138e-06,0.16303593985577192,2.1468930985207724
bind_f010,440_ComptonOnly,3900,749.7403665480073,1.0503226865473606e-06,0.16290916624133578,2.1588718200367016
bind_f010,440_ComptonOnly,3950,750.307538078655,1.028810234018152e-06,0.16278542201952903,2.170702420942029
bind_f010,440_ComptonOnly,4000,750.851844090378,1.008424345213722e-06,0.16266462834080653,2.1823914052584836
bind_f010,440_ComptonOnly,4050,751.3755511360725,9.891090529408389e-07,0.16254668979015244,2.193943047901932
bind_f010,440_ComptonOnly,4100,751.8799258188277,9.70805821897753e-07,0.16243153102408187,2.2053651905794576
bind_f010,440_ComptonOnly,4150,752.3649681386436,9.534644007942351e-07,0.16231907923260236,2.2166611980078383
bind_f010,440_ComptonOnly,4200,752.832744658455,9.370324831728377e-07,0.16220924578115253,2.2278369210648488
bind_f010,440_ComptonOnly,4250,753.2815221319295,9.214632043910554e-07,0.16210196549569322,2.2388965962479848
bind_f010,440_ComptonOnly,4300,753.7151003683343,9.067117427709013e-07,0.1619971600440731,2.2498448668483495
bind_f010,440_ComptonOnly,4350,754.1328793977855,8.927359697932115e-07,0.1618947528156444,2.2606854219975605
bind_f010,440_ComptonOnly,4400,754.5359258334103,8.794940138534819e-07,0.16179467514027465,2.271422433979369
bind_f010,440_ComptonOnly,4450,754.9237730319657,8.669465104881485e-07,0.16169686055199872,2.2820610245694324
bind_f010,440_ComptonOnly,4500,755.2987542096682,8.550574963879298e-07,0.1616012244295155,2.292604091820685
bind_f010,440_ComptonOnly,4550,755.6601360699929,8.437918799727182e-07,0.16150770693002645,2.3030548660410446
bind_f010,440_ComptonOnly,4600,756.009251879349,8.331174266439207e-07,0.16141624751986877,2.3134160871040783
bind_f010,440_ComptonOnly,4650,756.3468349342621,8.230039056420072e-07,0.16132677609083493,2.3236913855422787
bind_f010,440_ComptonOnly,4700,756.6730185613729,8.134194219075049e-07,0.16123922314759448,2.3338843424395295
bind_f010,440_ComptonOnly,4750,756.9881360772841,8.043363515800389e-07,0.16115355939559683,2.3439982034409748
bind_f010,440_ComptonOnly,4800,757.2930541051618,7.95729217753543e-07,0.1610696773887969,2.354035535264312
bind_f010,440_ComptonOnly,4850,757.5865727052372,7.875719837096799e-07,0.160987538851642,2.3639979616430757
bind_f010,440_ComptonOnly,4900,757.8738916165081,7.798424214646235e-07,0.1609070960280761,2.373888347946399
bind_f010,440_ComptonOnly,4950,758.1496777733357,7.725160021282939e-07,0.16082828218439194,2.3837096153159307
bind_f010,440_ComptonOnly,5000,758.418330954872,7.655714874991473e-07,0.16075104859069156,2.3934632669484603
bind_f010,440_ComptonOnly,5050,758.6775846082205,7.589889837181279e-07,0.16067533655333707,2.4031511146880193
bind_f010,440_ComptonOnly,5100,758.9295052963162,7.527501496463383e-07,0.1606011104185109,2.412775331776782
bind_f010,440_ComptonOnly,5150,759.1745596624023,7.468369541426922e-07,0.1605282961360755,2.422338871029529
bind_f010,440_ComptonOnly,5200,759.4106144802237,7.412311287395925e-07,0.1604568360223122,2.431842956229824
bind_f010,440_ComptonOnly,5250,759.6418695389704,7.359174127970733e-07,0.16038671787894265,2.44128782094304
bind_f010,440_ComptonOnly,5300,759.8662582757077,7.30879721254467e-07,0.16031787420112573,2.4506768749262204
bind_f010,440_ComptonOnly,5350,760.0837806904354,7.261036283818561e-07,0.16025024700655005,2.4600113327519924
bind_f010,440_ComptonOnly,5400,760.2963700194476,7.215758341923722e-07,0.1601838283428864,2.4692922444218506
bind_f010,440_ComptonOnly,5450,760.5029596496165,7.172827825678599e-07,0.1601185527061861,2.4785202202986074
bind_f010,440_ComptonOnly,5500,760.7032829276603,7.132115856430036e-07,0.16005436568700232,2.4876989911293914
bind_f010,440_ComptonOnly,5550,760.8986731199885,7.093517554410101e-07,0.15999125176375642,2.4968263287122925
bind_f010,440_ComptonOnly,5600,761.0893302165626,7.056914649394234e-07,0.15992915832774124,2.505906108105273
bind_f010,440_ComptonOnly,5650,761.2761875038694,7.022217726927376e-07,0.15986805356396278,2.5149384854814882
bind_f010,440_ComptonOnly,5700,761.4564451224486,6.989297358236109e-07,0.15980791077318873,2.523924685546825
bind_f010,440_ComptonOnly,5750,761.6331695850423,6.958094969596716e-07,0.15974867556158076,2.5328659400210176
bind_f010,440_ComptonOnly,5800,761.8070941881758,6.928492496696754e-07,0.1596903180094037,2.541762614211053
bind_f010,440_ComptonOnly,5850,761.9766856754782,6.900422091485172e-07,0.15963281698194523,2.550616627690003
bind_f010,440_ComptonOnly,5900,762.1420773735902,6.873785255392952e-07,0.1595761122597577,2.5594279810557197
bind_f010,440_ComptonOnly,5950,762.3043358956396,6.848533952274334e-07,0.15952020118247365,2.5681978351632266
bind_f010,440_ComptonOnly,6000,762.461727995294,6.824576158001015e-07,0.15946502570398619,2.5769273723676354
bind_f010,440_ComptonOnly,6050,762.6179201551797,6.801850665120183e-07,0.15941059309348385,2.5856167290455025
bind_f010,440_ComptonOnly,6100,762.7694458826318,6.780299333909369e-07,0.15935685822948423,2.5942677726128767
bind_f010,440_ComptonOnly,6150,762.9183050772647,6.759842439217586e-07,0.15930379817604276,2.602880114143854
bind_f010,440_ComptonOnly,6200,763.0649643823217,6.740440797798111e-07,0.15925138668972724,2.611455448098312
bind_f010,440_ComptonOnly,6250,763.2067572649836,6.722027894185167e-07,0.15919958524078015,2.6199938926361943
bind_f010,440_ComptonOnly,6300,763.3486168109661,6.704571248368957e-07,0.15914839926907606,2.628496627811227
bind_f010,440_ComptonOnly,6350,763.4868765376425,6.688006708442219e-07,0.1590977759890842,2.6369631597062297
bind_f010,440_ComptonOnly,6400,763.6235363446275,6.672277939754785e-07,0.15904770532895382,2.645395527727223
bind_f010,440_ComptonOnly,6450,763.7570629755498,6.657362938687471e-07,0.15899817610783015,2.6537928111350104
bind_f010,440_ComptonOnly,6500,763.8882563902554,6.643197264467518e-07,0.15894915895266515,2.6621573883495175
bind_f010,440_ComptonOnly,6550,764.0160499756165,6.629766388908072e-07,0.15890062141889008,2.670488944019532
bind_f010,440_ComptonOnly,6600,764.1427102845294,6.617017336425611e-07,0.15885257889563828,2.678787944343008
bind_f010,440_ComptonOnly,6650,764.2661707540592,6.604922160291853e-07,0.15880499393669126,2.687054940438058
bind_f010,440_ComptonOnly,6700,764.3890312537046,6.593447973365273e-07,0.1587578632449579,2.6952906587479615
bind_f010,440_ComptonOnly,6750,764.6168864831069,6.582556337176479e-07,0.1587111269010218,2.7034948623744426
bind_f010,440_ComptonOnly,6800,765.027332547305,6.572215759240328e-07,0.15866480478847766,2.7116699314662465
bind_f010,440_ComptonOnly,6850,765.432045565942,6.562405582534907e-07,0.15861888842848346,2.7198147601506304
bind_f010,440_ComptonOnly,6900,765.8295589459669,6.553086095593618e-07,0.15857334950947255,2.727930856094974
bind_f010,440_ComptonOnly,6950,766.2212059537896,6.544240350149577e-07,0.15852818827920728,2.7360171917306877
bind_f010,440_ComptonOnly,7000,766.6053200063981,6.535842554199687e-07,0.15848337193692824,2.7440750933742457
bind_f010,440_ComptonOnly,7050,766.9824344103561,6.527879109290338e-07,0.15843891908501215,2.75210564316276
bind_f010,440_ComptonOnly,7100,767.3556823417262,6.520326733098677e-07,0.15839479469993328,2.760108068835291
bind_f010,440_ComptonOnly,7150,767.7222639410483,6.513162033803244e-07,0.15835097379460575,2.7680843171297993
bind_f010,440_ComptonOnly,7200,768.081445911797,6.506349469390647e-07,0.1583074789180428,2.7760338712733468
bind_f010,440_ComptonOnly,7250,768.4352948169073,6.499880338439277e-07,0.15826429536816064,2.7839575566852677
bind_f010,440_ComptonOnly,7300,768.7851439227887,6.493737108582116e-07,0.15822137491183033,2.791854853211727
bind_f010,440_ComptonOnly,7350,769.1267934402512,6.487900142037643e-07,0.15817875326111966,2.799727266397932
bind_f010,440_ComptonOnly,7400,769.4635765353185,6.482370829401492e-07,0.15813643131973623,2.8075745576558364
bind_f010,440_ComptonOnly,7450,769.7964264944774,6.477126267246275e-07,0.15809436498284857,2.815397790807252
bind_f010,440_ComptonOnly,7500,770.125209991087,6.472140830116797e-07,0.15805254710911346,2.8231968036027717
bind_f010,440_ComptonOnly,7550,770.4461938792005,6.467408268494087e-07,0.15801097607147158,2.8309721370019627
bind_f010,440_ComptonOnly,7600,770.7635112846875,6.462903695951939e-07,0.1579696595576035,2.8387248527738533
bind_f010,440_ComptonOnly,7650,771.0759622677793,6.45863228104437e-07,0.15792857853045436,2.846453147211989
bind_f010,440_ComptonOnly,7700,771.3834801651558,6.454576495420474e-07,0.1578877360865581,2.8541586028157275
bind_f010,440_ComptonOnly,7750,771.6860649768166,6.450746601743317e-07,0.15784712892611677,2.861842280908553
bind_f010,440_ComptonOnly,7800,771.9839833560438,6.44708575951972e-07,0.15780674882019574,2.869502190668407
bind_f010,440_ComptonOnly,7850,772.2778352727216,6.443626502010293e-07,0.15776657618544532,2.877141996323481
bind_f010,440_ComptonOnly,7900,772.5672207469273,6.44033496531174e-07,0.15772662196385492,2.884760413097616
bind_f010,440_ComptonOnly,7950,772.8518064620584,6.437196835160477e-07,0.15768689008024575,2.8923574584678455
bind_f010,440_ComptonOnly,8000,773.1315924181149,6.434231657436581e-07,0.15764734963445157,2.899933859531396
bind_f010,440_ComptonOnly,8050,773.4081785347884,6.431407517709667e-07,0.15760800107867096,2.9074890670969182
bind_f010,440_ComptonOnly,8100,773.679098269221,6.428738686547132e-07,0.15756884469985658,2.915025748313201
bind_f010,440_ComptonOnly,8150,773.9472848075139,6.426189445899962e-07,0.1575299165216684,2.9225420486170615
bind_f010,440_ComptonOnly,8200,774.2094716469636,6.423783526873895e-07,0.15749117778066896,2.9300388148046292
bind_f010,440_ComptonOnly,8250,774.4681919937482,6.421498425095004e-07,0.15745260491863444,2.9375149705920442
bind_f010,440_ComptonOnly,8300,774.7251124308799,6.419325393489577e-07,0.15741423992681167,2.9449727363444245
bind_f010,440_ComptonOnly,8350,774.9774330988985,6.417266531055144e-07,0.15737605486121062,2.9524129782040958
bind_f010,440_ComptonOnly,8400,775.2246873545605,6.41530430099758e-07,0.15733803789893153,2.959832914382293
bind_f010,440_ComptonOnly,8450,775.4686084441985,6.413430821168161e-07,0.15730020504470701,2.967235616334724
bind_f010,440_ComptonOnly,8500,775.7089297145307,6.411660994835009e-07,0.15726256016443046,2.974620644953546
bind_f010,440_ComptonOnly,8550,775.9445845524291,6.409984736525826e-07,0.15722508402415425,2.9819887286733944
bind_f010,440_ComptonOnly,8600,776.1793061038408,6.408401589999797e-07,0.15718780288491555,2.9893374098058643
bind_f010,440_ComptonOnly,8650,776.4091612328574,6.406882663162303e-07,0.15715068364611542,2.9966694341631723
bind_f010,440_ComptonOnly,8700,776.6378164221054,6.405439842759362e-07,0.15711375056753135,3.003982862863259
bind_f010,440_ComptonOnly,8750,776.8615385256378,6.404072633735633e-07,0.1570769866981216,3.0112812246613183
bind_f010,440_ComptonOnly,8800,777.0827940863124,6.402782633408165e-07,0.15704040336548858,3.0185623182420276
bind_f010,440_ComptonOnly,8850,777.2999831844378,6.401543137590373e-07,0.15700398451272998,3.0258287593054094
bind_f010,440_ComptonOnly,8900,777.5152390462692,6.400387400069562e-07,0.15696773362574964,3.033078215820107
bind_f010,440_ComptonOnly,8950,777.7279617019224,6.399292942649781e-07,0.15693166839085385,3.040310959751927
bind_f010,440_ComptonOnly,9000,777.9356846085395,6.39823893006808e-07,0.15689575845030584,3.0475289617943817
bind_f010,440_ComptonOnly,9050,778.1420075854265,6.397245133523952e-07,0.15686001990179807,3.0547303991566728
bind_f010,440_ComptonOnly,9100,778.3430641599956,6.396289562908824e-07,0.15682444256813588,3.0619171032184345
bind_f010,440_ComptonOnly,9150,778.5434541013599,6.39539157639163e-07,0.156789059854547,3.069088058922729
bind_f010,440_ComptonOnly,9200,778.7394442635724,6.394542825714182e-07,0.1567538268122417,3.0762453436950503
bind_f010,440_ComptonOnly,9250,778.9329012196067,6.393741037287769e-07,0.15671874224526808,3.083388705594967
bind_f010,440_ComptonOnly,9300,779.1244916026676,6.392972683575716e-07,0.15668385038405624,3.0905159514628844
bind_f010,440_ComptonOnly,9350,779.314348739396,6.392252928029908e-07,0.15664912522678645,3.0976300743190683
bind_f010,440_ComptonOnly,9400,779.5014726799847,6.39154668465212e-07,0.15661459478182435,3.104728999344387
bind_f010,440_ComptonOnly,9450,779.6840635147806,6.390888520621993e-07,0.15658020946910906,3.111814499812254
bind_f010,440_ComptonOnly,9500,779.865054429885,6.390271428145889e-07,0.15654601934368476,3.1188861219571753
bind_f010,440_ComptonOnly,9550,780.0438454554137,6.389682421175652e-07,0.1565119935657333,3.1259435567329263
bind_f010,440_ComptonOnly,9600,780.2187700083545,6.389118514672938e-07,0.15647813522681392,3.1329872998976116
bind_f010,440_ComptonOnly,9650,780.3922279682446,6.388592152966031e-07,0.15644445938013168,3.1400179687570695
bind_f010,440_ComptonOnly,9700,780.5624194254311,6.388105858287811e-07,0.15641095876882435,3.1470358874018762
bind_f010,440_ComptonOnly,9750,780.7315442694901,6.38763506907061e-07,0.1563776476547811,3.1540402263311327
bind_f010,440_ComptonOnly,9800,780.8994025104599,6.387161844033168e-07,0.15634450538996816,3.1610323502628868
bind_f010,440_ComptonOnly,9850,781.0635276054828,6.386742070698506e-07,0.15631153153240857,3.168013155444914
bind_f010,440_ComptonOnly,9900,781.2258527908527,6.386344697032745e-07,0.1562787354994033,3.174980769340939
bind_f010,440_ComptonOnly,9950,781.3861780766083,6.385961896809293e-07,0.1562461317916007,3.181934362795867
bind_f010,440_ComptonOnly,10000,781.5441034828265,6.385578720005393e-07,0.15621368629590177,3.1888763916863287
bind_f010,440_SinglePlusCompton,50,3.104161387239594,0.0002523415219002498,0.4569421977829159,0.22739812279262978
bind_f010,440_SinglePlusCompton,100,17.1509304901468,0.00022141941847366367,0.4203417422269818,0.28635026412692655
bind_f010,440_SinglePlusCompton,150,33.302072916887504,0.0002049867676504733,0.389783148006787,0.3310432708947703
bind_f010,440_SinglePlusCompton,200,42.7090703644682,0.0001913476683271332,0.36432434753255355,0.36454944444520676
bind_f010,440_SinglePlusCompton,250,54.73201499393613,0.00017902399975788458,0.3431433507727979,0.38898162926768576
bind_f010,440_SinglePlusCompton,300,78.02076661607002,0.00016812553265257516,0.32545201896890114,0.40680043594292653
bind_f010,440_SinglePlusCompton,350,101.86258385249214,0.0001587543441744774,0.3105476325461636,0.42002591570011955
bind_f010,440_SinglePlusCompton,400,124.7884609275505,0.00015085284287607215,0.2978517184158705,0.43010018062198324
bind_f010,440_SinglePlusCompton,450,145.82694231236496,0.00014425580995348165,0.286911620175789,0.43799549888684863
bind_f010,440_SinglePlusCompton,500,164.4919747755166,0.00013874883267581898,0.27738130514688464,0.44435385719740467
bind_f010,440_SinglePlusCompton,550,180.6673623787515,0.00013411130697998886,0.2689975454600152,0.4495996817061506
bind_f010,440_SinglePlusCompton,600,194.47035777129352,0.0001301423721816641,0.2615588793781451,0.4540170446659749
bind_f010,440_SinglePlusCompton,650,206.1395747438417,0.0001266727475296292,0.2549092538637628,0.4578003480653146
bind_f010,440_SinglePlusCompton,700,215.96025762877625,0.00012356719051667594,0.24892600910496065,0.4610864036807951
bind_f010,440_SinglePlusCompton,750,224.21749859209774,0.00012072184527144546,0.24351129886906592,0.46397499765124145
bind_f010,440_SinglePlusCompton,800,231.17427495262797,0.00011805945159181534,0.2385859559878,0.46654056591959386
bind_f010,440_SinglePlusCompton,850,237.0620317738459,0.000115524146531396,0.23408513167210812,0.46884109190110024
bind_f010,440_SinglePlusCompton,900,242.0775709067921,0.00011307670214180039,0.22995509734474368,0.47092203977004027
bind_f010,440_SinglePlusCompton,950,246.38538420789044,0.00011069037803931498,0.22615093005488127,0.47282074774688454
bind_f010,440_SinglePlusCompton,1000,250.12139006893784,0.00010834766704607785,0.22263450745604169,0.47456778214299206
bind_f010,440_SinglePlusCompton,1050,253.39645015121204,0.0001060379248564745,0.21937356419782042,0.4761883129052229
bind_f010,440_SinglePlusCompton,1100,256.2997170458245,0.00010375533487452366,0.21634068989515476,0.47770392874058326
bind_f010,440_SinglePlusCompton,1150,258.9032499872369,0.00010149726490421415,0.2135122958391856,0.47913245965766416
bind_f010,440_SinglePlusCompton,1200,261.26375631293996,9.926326142797152e-05,0.21086793272033272,0.4804895138383057
bind_f010,440_SinglePlusCompton,1250,263.4272240843451,9.705423471691708e-05,0.20838964160999712,0.4817881199519546
bind_f010,440_SinglePlusCompton,1300,265.42978436293635,9.487199604443338e-05,0.20606195667873212,0.483039802984208
bind_f010,440_SinglePlusCompton,1350,267.3000951502184,9.271872981011325e-05,0.2038713381019145,0.48425425411735923
bind_f010,440_SinglePlusCompton,1400,269.05976407210443,9.059672263930323e-05,0.2018058405144192,0.48543996191369904
bind_f010,440_SinglePlusCompton,1450,270.7262902622565,8.850818157235755e-05,0.19985486000370806,0.4866044902323795
bind_f010,440_SinglePlusCompton,1500,272.31336869484505,8.645518112180085e-05,0.19800897979716225,0.4877542497688967
bind_f010,440_SinglePlusCompton,1550,273.83144812794075,8.443951317060856e-05,0.19625977514949852,0.4888950366934831
bind_f010,440_SinglePlusCompton,1600,275.28889771242547,8.246273983780645e-05,0.19459971402215215,0.49003195987668624
bind_f010,440_SinglePlusCompton,1650,276.6922775100006,8.052613018270824e-05,0.19302201941616753,0.49116944820477665
bind_f010,440_SinglePlusCompton,1700,278.04649065956664,7.863070012596654e-05,0.19152056923863287,0.4923117144647705
bind_f010,440_SinglePlusCompton,1750,279.35603452301154,7.677719368567224e-05,0.19008984216749444,0.49346219736818725
bind_f010,440_SinglePlusCompton,1800,280.6231070591529,7.496611556008422e-05,0.18872480555961688,0.494624342155514
bind_f010,440_SinglePlusCompton,1850,281.8512419094741,7.319776441742176e-05,0.18742090902499822,0.4958010034964187
bind_f010,440_SinglePlusCompton,1900,283.0423834221598,7.147225902841202e-05,0.1861738653350155,0.49699485530606985
bind_f010,440_SinglePlusCompton,1950,284.19834068639057,6.978956067827889e-05,0.18497988945566915,0.4982083649911927
bind_f010,440_SinglePlusCompton,2000,285.3202464963262,6.814948690743078e-05,0.18383554546327624,0.49944365991753237
bind_f010,440_SinglePlusCompton,2050,288.42602993490465,6.65516931992128e-05,0.18273766954780782,0.5007027515411947
bind_f010,440_SinglePlusCompton,2100,294.0236561922173,6.499570938933496e-05,0.18168334723763757,0.5019875769736077
bind_f010,440_SinglePlusCompton,2150,299.4023657513106,6.348099259524993e-05,0.18066986881546984,0.5032996102309106
bind_f010,440_SinglePlusCompton,2200,304.57166055722615,6.200690563312733e-05,0.17969476220315805,0.5046406555199138
bind_f010,440_SinglePlusCompton,2250,309.54019718622965,6.057274714869427e-05,0.178755727239486,0.5060118479772022
bind_f010,440_SinglePlusCompton,2300,314.31531343929635,5.917775378823044e-05,0.17785063585517902,0.5074146608881522
bind_f010,440_SinglePlusCompton,2350,318.90549681893674,5.782114443428153e-05,0.17697753618332324,0.5088501542222754
bind_f010,440_SinglePlusCompton,2400,323.3177469786157,5.650209188953603e-05,0.17613458379163333,0.5103192709162913
bind_f010,440_SinglePlusCompton,2450,327.5603823470885,5.521973799263756e-05,0.17532009216900243,0.5118230783339918
bind_f010,440_SinglePlusCompton,2500,331.6400306155586,5.3973212047895044e-05,0.1745324959171263,0.5133623495056341
bind_f010,440_SinglePlusCompton,2550,335.5636576227398,5.276166258783446e-05,0.17377031207018295,0.5149376357058306
bind_f010,440_SinglePlusCompton,2600,339.3379248745866,5.158418900005613e-05,0.17303218735420056,0.5165497288802465
bind_f010,440_SinglePlusCompton,2650,342.9692571737961,5.0439920755100226e-05,0.17231686520824513,0.5181991678349159
bind_f010,440_SinglePlusCompton,2700,346.4637749903063,4.93279767669752e-05,0.171623149758293,0.5198862663725237
bind_f010,440_SinglePlusCompton,2750,349.827598794055,4.8247483056176975e-05,0.17094993175247858,0.5216113790335132
bind_f010,440_SinglePlusCompton,2800,353.0660713157062,4.719757001964034e-05,0.17029618547828684,0.5233748853954929
bind_f010,440_SinglePlusCompton,2850,356.184636730177,4.617739726932773e-05,0.16966093834629434,0.5251768829189688
bind_f010,440_SinglePlusCompton,2900,359.18863776813134,4.518613070804708e-05,0.1690432952035222,0.5270175343525253
bind_f010,440_SinglePlusCompton,2950,362.08358623398846,4.4222939988658374e-05,0.16844240666933918,0.5288968257192821
bind_f010,440_SinglePlusCompton,3000,364.8734384536197,4.3287014665849814e-05,0.1678574761796804,0.5308149912917041
bind_f010,440_SinglePlusCompton,3050,367.5622183823987,4.2377568375658236e-05,0.16728776946052915,0.5327716221529194
bind_f010,440_SinglePlusCompton,3100,370.1555730837488,4.1493832386428194e-05,0.16673259162764711,0.5347668202040272
bind_f010,440_SinglePlusCompton,3150,372.656309182006,4.063502448139285e-05,0.16619126310067525,0.5368003459995978
bind_f010,440_SinglePlusCompton,3200,375.0690254833115,3.980043538754913e-05,0.16566319587061876,0.5388719427809718
bind_f010,440_SinglePlusCompton,3250,377.39811790530035,3.898932704543619e-05,0.16514780070465165,0.5409813457401964
bind_f010,440_SinglePlusCompton,3300,379.64683266407206,3.820100813454579e-05,0.1646445482079994,0.5431282347963063
bind_f010,440_SinglePlusCompton,3350,381.81790875446075,3.74347887776582e-05,0.16415291738041649,0.5453121981376299
bind_f010,440_SinglePlusCompton,3400,383.91543776134193,3.669000862502023e-05,0.16367241451179415,0.5475328416413406
bind_f010,440_SinglePlusCompton,3450,385.94236156805607,3.596601975848093e-05,0.1632025917240223,0.5497897593074492
bind_f010,440_SinglePlusCompton,3500,387.9014191694371,3.52621959477487e-05,0.16274302370713525,0.5520825355130249
bind_f010,440_SinglePlusCompton,3550,389.79548481932324,3.457791814673917e-05,0.16229330089528715,0.5544104048305489
bind_f010,440_SinglePlusCompton,3600,391.62766947481003,3.391259477376833e-05,0.16185305001983147,0.556773196583132
bind_f010,440_SinglePlusCompton,3650,393.40000202095973,3.326565540165837e-05,0.16142189788632863,0.5591700861872967
bind_f010,440_SinglePlusCompton,3700,395.11491711984706,3.263654376695634e-05,0.16099950570839427,0.56160054507213
bind_f010,440_SinglePlusCompton,3750,396.77518758105714,3.202470776757907e-05,0.16058555180436546,0.5640639750419939
bind_f010,440_SinglePlusCompton,3800,398.38365384367717,3.142963112667935e-05,0.1601797283447901,0.5665596397132895
bind_f010,440_SinglePlusCompton,3850,399.9418037567528,3.0850794940127875e-05,0.1597817568323143,0.5690869974323223
bind_f010,440_SinglePlusCompton,3900,401.4514971315911,3.0287716497158448e-05,0.15939135933781107,0.5716454299229177
bind_f010,440_SinglePlusCompton,3950,402.91459377949917,2.9739908229071538e-05,0.15900826784864197,0.5742342309461715
bind_f010,440_SinglePlusCompton,4000,404.3326153642737,2.9206905840916397e-05,0.15863224297828785,0.5768527262392614
bind_f010,440_SinglePlusCompton,4050,405.70877428726334,2.868826248755004e-05,0.15826303983647852,0.5795003002283128
bind_f010,440_SinglePlusCompton,4100,407.04435550900746,2.8183541112106936e-05,0.1579004328749684,0.582176139408432
bind_f010,440_SinglePlusCompton,4150,408.34077924904966,2.769231789797625e-05,0.15754421881064867,0.5848797349249832
bind_f010,440_SinglePlusCompton,4200,409.59926283842736,2.721418837758417e-05,0.15719419557737013,0.5876099457754245
bind_f010,440_SinglePlusCompton,4250,410.8221394949622,2.6748754169523698e-05,0.1568501666736477,0.5903667738966395
bind_f010,440_SinglePlusCompton,4300,412.01049129068724,2.6295621484542267e-05,0.15651196233733022,0.5931489111978865
bind_f010,440_SinglePlusCompton,4350,413.1667867024284,2.5854420413436567e-05,0.15617941403840466,0.5959556967522028
bind_f010,440_SinglePlusCompton,4400,414.28950406638893,2.5424796117300893e-05,0.15585232484942632,0.5987867671073674
bind_f010,440_SinglePlusCompton,4450,415.38155145115803,2.5006402608955114e-05,0.1555305474993253,0.6016408352448808
bind_f010,440_SinglePlusCompton,4500,416.4431655599931,2.459889974156383e-05,0.1552139301788749,0.6045177397762389
bind_f010,440_SinglePlusCompton,4550,417.4769839434749,2.420195827323333e-05,0.15490233640668993,0.6074166129486164
bind_f010,440_SinglePlusCompton,4600,418.48364908187335,2.381525908232497e-05,0.15459562238500257,0.6103366951960499
bind_f010,440_SinglePlusCompton,4650,419.4636681964539,2.343850544101068e-05,0.15429365700431136,0.6132772783386065
bind_f010,440_SinglePlusCompton,4700,420.4185629510133,2.3071392672638525e-05,0.15399630925174912,0.6162378183161029
bind_f010,440_SinglePlusCompton,4750,421.34958449133995,2.271362892715561e-05,0.15370348908340822,0.6192177031883941
bind_f010,440_SinglePlusCompton,4800,422.25730766820146,2.2364933135922307e-05,0.1534150416150292,0.6222160426075706
bind_f010,440_SinglePlusCompton,4850,423.1416986668468,2.2025045526828008e-05,0.15313084998740575,0.6252322132247867
bind_f010,440_SinglePlusCompton,4900,424.0045834838321,2.169370675171861e-05,0.15285081885902546,0.6282655339805169
bind_f010,440_SinglePlusCompton,4950,424.8469089321863,2.1370654870925083e-05,0.15257486559172126,0.6313156260074436
bind_f010,440_SinglePlusCompton,5000,425.6689117151667,2.1055640170325537e-05,0.15230287757974217,0.6343814849830833
bind_f010,440_SinglePlusCompton,5050,426.47133575729623,2.0748436523113147e-05,0.15203475146060724,0.6374626545612344
bind_f010,440_SinglePlusCompton,5100,427.2541134290727,2.0448815117708724e-05,0.1517703989600331,0.6405586037983552
bind_f010,440_SinglePlusCompton,5150,428.01852969103555,2.01565463841919e-05,0.15150973767934894,0.6436682525803573
bind_f010,440_SinglePlusCompton,5200,428.76468598743793,1.987140980072647e-05,0.1512526671428164,0.6467916463233739
bind_f010,440_SinglePlusCompton,5250,429.49450975908906,1.9593199107822396e-05,0.15099913667578618,0.6499276939978432
bind_f010,440_SinglePlusCompton,5300,430.2083391534992,1.9321722838776506e-05,0.15074904904414993,0.6530760278915015
bind_f010,440_SinglePlusCompton,5350,430.90712098369755,1.9056771713468538e-05,0.15050233431878818,0.6562362430019958
bind_f010,440_SinglePlusCompton,5400,431.5899084366549,1.8798160730145887e-05,0.15025890976884013,0.6594072047435905
bind_f010,440_SinglePlusCompton,5450,432.2573778073921,1.8545714939947382e-05,0.15001872054398738,0.6625884244318873
bind_f010,440_SinglePlusCompton,5500,432.9103744646851,1.8299245193962233e-05,0.1497816894671381,0.6657796361555269
bind_f010,440_SinglePlusCompton,5550,433.54991285106496,1.8058583921677303e-05,0.14954775062130451,0.6689807757355721
bind_f010,440_SinglePlusCompton,5600,434.17670307630357,1.782356437814514e-05,0.14931683313961722,0.6721905217917016
bind_f010,440_SinglePlusCompton,5650,434.78929110610625,1.759402250478956e-05,0.14908888030895193,0.6754090551514053
bind_f010,440_SinglePlusCompton,5700,435.38902953051456,1.7369796957117435e-05,0.1488638330134209,0.6786353446438821
bind_f010,440_SinglePlusCompton,5750,435.97710186581475,1.7150742744313353e-05,0.148641652353621,0.6818692345958343
bind_f010,440_SinglePlusCompton,5800,436.5523922252226,1.6936709507526795e-05,0.14842223987380704,0.6851104529219872
bind_f010,440_SinglePlusCompton,5850,437.11648990203696,1.6727553526826833e-05,0.1482055820606305,0.6883580786155191
bind_f010,440_SinglePlusCompton,5900,437.66925963725356,1.6523135368512956e-05,0.14799160714189438,0.6916114381097445
bind_f010,440_SinglePlusCompton,5950,438.2114791701464,1.6323326566106096e-05,0.14778026416136184,0.6948703947502161
bind_f010,440_SinglePlusCompton,6000,438.7425398351967,1.6127984693744444e-05,0.14757151548424421,0.6981344494327373
bind_f010,440_SinglePlusCompton,6050,439.2641999994584,1.59369918694581e-05,0.14736530799272998,0.7014035104893014
bind_f010,440_SinglePlusCompton,6100,439.77520851714326,1.5750225433305358e-05,0.14716157894637727,0.7046772107588483
bind_f010,440_SinglePlusCompton,6150,440.27576827675733,1.5567570514100302e-05,0.1469602884590664,0.7079548264279066
bind_f010,440_SinglePlusCompton,6200,440.7673671273464,1.5388913760763383e-05,0.14676140119626646,0.7112360437954512
bind_f010,440_SinglePlusCompton,6250,441.250512290176,1.521413583605897e-05,0.14656488538610818,0.7145204452004339
bind_f010,440_SinglePlusCompton,6300,441.72462891447844,1.504313404699276e-05,0.1463706604257729,0.7178077164244994
bind_f010,440_SinglePlusCompton,6350,442.19059618378077,1.4875806964136164e-05,0.14617873700106673,0.7210972845908896
bind_f010,440_SinglePlusCompton,6400,442.64736584080083,1.4712053525729934e-05,0.14598904913243455,0.7243892255594877
bind_f010,440_SinglePlusCompton,6450,443.0947349970323,1.4551767399798257e-05,0.14580156257046392,0.7276825735913949
bind_f010,440_SinglePlusCompton,6500,443.53520594405205,1.4394856397908951e-05,0.14561622679359326,0.7309774340355374
bind_f010,440_SinglePlusCompton,6550,443.9671217590592,1.4241227664960536e-05,0.14543299957863767,0.7342736134139167
bind_f010,440_SinglePlusCompton,6600,444.3913278108297,1.4090790622805525e-05,0.1452518681066513,0.7375706669149473
bind_f010,440_SinglePlusCompton,6650,444.8089061713968,1.394346258812451e-05,0.14507280544899548,0.7408680956316043
bind_f010,440_SinglePlusCompton,6700,445.2187409539762,1.3799158458292865e-05,0.14489575275239025,0.7441657849189305
bind_f010,440_SinglePlusCompton,6750,445.62147463883764,1.3657794970243929e-05,0.14472069045106042,0.7474632379631156
bind_f010,440_SinglePlusCompton,6800,446.0170734112301,1.3519287287251287e-05,0.1445475758432662,0.7507606561129282
bind_f010,440_SinglePlusCompton,6850,446.4062135661743,1.338356198368842e-05,0.1443763759615176,0.7540575558873928
bind_f010,440_SinglePlusCompton,6900,446.7878468463881,1.325054910103085e-05,0.14420707660496912,0.7573530869180551
bind_f010,440_SinglePlusCompton,6950,447.163325841913,1.312017329969836e-05,0.14403963123716187,0.7606476487301419
bind_f010,440_SinglePlusCompton,7000,447.53214333148344,1.299236736558012e-05,0.1438740140539689,0.7639410068474742
bind_f010,440_SinglePlusCompton,7050,447.8958209788961,1.2867056849719048e-05,0.1437102030212356,0.7672326602364675
bind_f010,440_SinglePlusCompton,7100,448.2536486743792,1.2744177217555713e-05,0.14354818115476062,0.7705226416949893
bind_f010,440_SinglePlusCompton,7150,448.60481486390785,1.2623667136852735e-05,0.14338787504484526,0.7738102594386237
bind_f010,440_SinglePlusCompton,7200,448.9521261718182,1.2505455699677105e-05,0.14322932473606378,0.7770951655580105
bind_f010,440_SinglePlusCompton,7250,449.29270834427194,1.2389490419045022e-05,0.1430724712323304,0.7803776878653157
bind_f010,440_SinglePlusCompton,7300,449.6277448975555,1.2275706434136234e-05,0.1429172690080276,0.7836574193271184
bind_f010,440_SinglePlusCompton,7350,449.9573034611709,1.2164050362121944e-05,0.14276372067108897,0.7869343226943986
bind_f010,440_SinglePlusCompton,7400,450.28195888588584,1.2054466977075778e-05,0.14261178093130167,0.7902083993507317
bind_f010,440_SinglePlusCompton,7450,450.6018464307044,1.1946901119794262e-05,0.14246142554322722,0.793478777527422
bind_f010,440_SinglePlusCompton,7500,450.91615454160177,1.1841303033294357e-05,0.14231266191599698,0.7967455221360816
bind_f010,440_SinglePlusCompton,7550,451.2256947726027,1.173762238137826e-05,0.1421654485484949,0.800009129940008
bind_f010,440_SinglePlusCompton,7600,451.52972319918456,1.1635806884216727e-05,0.14201974248208882,0.8032685365022991
bind_f010,440_SinglePlusCompton,7650,451.8297952998949,1.1535807820984217e-05,0.14187555597408816,0.8065241819329436
bind_f010,440_SinglePlusCompton,7700,452.12550529772136,1.1437579293287658e-05,0.1417328153551989,0.8097752805028358
bind_f010,440_SinglePlusCompton,7750,452.76129024673605,1.1341082538820553e-05,0.14159152779384424,0.8130223236890023
bind_f010,440_SinglePlusCompton,7800,454.08878974298216,1.1246269896784567e-05,0.1414517038981174,0.8162645394203477
bind_f010,440_SinglePlusCompton,7850,455.4032029305765,1.115309667495334e-05,0.14131328216662964,0.8195024614914032
bind_f010,440_SinglePlusCompton,7900,456.70354918173916,1.1061516147435093e-05,0.14117625067189396,0.8227359099562027
bind_f010,440_SinglePlusCompton,7950,457.9903019029845,1.0971499012284674e-05,0.1410405918979549,0.8259647641503072
bind_f010,440_SinglePlusCompton,8000,459.2641035745824,1.0883005093700883e-05,0.14090629290733436,0.8291876648245926
bind_f010,440_SinglePlusCompton,8050,460.52563049155356,1.0795993142108709e-05,0.14077333132163466,0.8324059313961891
bind_f010,440_SinglePlusCompton,8100,461.77407109987297,1.0710426222942583e-05,0.14064172788660934,0.8356184041523335
bind_f010,440_SinglePlusCompton,8150,463.0100678798105,1.0626262244690213e-05,0.1405114172837561,0.8388259807633459
bind_f010,440_SinglePlusCompton,8200,464.23307979534945,1.05434748695769e-05,0.14038237452841126,0.8420284304906361
bind_f010,440_SinglePlusCompton,8250,465.4437155120085,1.0462029372526325e-05,0.1402546016319477,0.8452250880580244
bind_f010,440_SinglePlusCompton,8300,466.64150162327314,1.0381892747907637e-05,0.14012808091500648,0.8484158421886252
bind_f010,440_SinglePlusCompton,8350,467.82762164542976,1.0303031522993244e-05,0.1400027786573182,0.8516008838191327
bind_f010,440_SinglePlusCompton,8400,469.0020417637272,1.0225414087010237e-05,0.13987869799956354,0.8547803217144447
bind_f010,440_SinglePlusCompton,8450,470.16405186839376,1.0149014518719611e-05,0.13975578761881302,0.857953353077529
bind_f010,440_SinglePlusCompton,8500,471.3149707347199,1.0073801307682556e-05,0.13963408977639782,0.8611207472187496
bind_f010,440_SinglePlusCompton,8550,472.45412206768486,9.999742232726194e-06,0.1395135910360254,0.8642818240444342
bind_f010,440_SinglePlusCompton,8600,473.57974750023465,9.926812285048907e-06,0.13939421158956636,0.8674369444557515
bind_f010,440_SinglePlusCompton,8650,474.6947551009585,9.854983810374012e-06,0.13927596899018047,0.870585796797827
bind_f010,440_SinglePlusCompton,8700,475.79931394361165,9.78422829109889e-06,0.13915886863169946,0.873728127450497
bind_f010,440_SinglePlusCompton,8750,476.8936269167003,9.714524283701457e-06,0.13904287512390867,0.87686398140783
bind_f010,440_SinglePlusCompton,8800,477.97542843190496,9.64584938716305e-06,0.13892795370629846,0.8799936925927386
bind_f010,440_SinglePlusCompton,8850,479.0478632610721,9.578172999835195e-06,0.13881415062501049,0.8831168401010571
bind_f010,440_SinglePlusCompton,8900,480.11123573696113,9.511474209456497e-06,0.13870140288655783,0.8862337578727253
bind_f010,440_SinglePlusCompton,8950,481.1634493450076,9.44572771881255e-06,0.13858970279053986,0.8893436920552837
bind_f010,440_SinglePlusCompton,9000,482.2044364557095,9.38091957848666e-06,0.13847903578588827,0.8924470949412676
bind_f010,440_SinglePlusCompton,9050,483.23504243784276,9.317024412392962e-06,0.13836939824571792,0.895543815047271
bind_f010,440_SinglePlusCompton,9100,484.2560788454323,9.254016630694382e-06,0.13826078781442447,0.8986342003642794
bind_f010,440_SinglePlusCompton,9150,485.26710608671465,9.191878090799251e-06,0.1381531822529202,0.9017177446982682
bind_f010,440_SinglePlusCompton,9200,486.26886808621254,9.130587966082759e-06,0.13804654907724495,0.9047945778418734
bind_f010,440_SinglePlusCompton,9250,487.2593021441128,9.07012927341077e-06,0.13794088999690937,0.9078650069083809
bind_f010,440_SinglePlusCompton,9300,488.24067384873484,9.010489841027053e-06,0.137836212714255,0.9109279108151078
bind_f010,440_SinglePlusCompton,9350,489.2133551623402,8.951639899370262e-06,0.13773249845918478,0.9139840399490132
bind_f010,440_SinglePlusCompton,9400,490.176635975157,8.893564747937564e-06,0.13762971399289312,0.9170331567747354
bind_f010,440_SinglePlusCompton,9450,491.13220702473717,8.836249775570796e-06,0.1375278366171333,0.9200756624081542
bind_f010,440_SinglePlusCompton,9500,492.07739694574866,8.77967780699537e-06,0.13742685776993033,0.9231106571390729
bind_f010,440_SinglePlusCompton,9550,493.01436988225794,8.723832812656903e-06,0.1373268392703599,0.9261383445107089
bind_f010,440_SinglePlusCompton,9600,493.9418070589746,8.668700058712028e-06,0.1372277171376151,0.9291595478925035
bind_f010,440_SinglePlusCompton,9650,494.8587278481184,8.614259976425147e-06,0.13712947007468623,0.9321739416677033
bind_f010,440_SinglePlusCompton,9700,495.76837846578906,8.56050205798402e-06,0.13703214488051313,0.935181280866576
bind_f010,440_SinglePlusCompton,9750,496.6691358039368,8.507408242178034e-06,0.13693565837346267,0.9381815221264389
bind_f010,440_SinglePlusCompton,9800,497.56028975278974,8.454961634198134e-06,0.1368400565651412,0.9411745349571495
bind_f010,440_SinglePlusCompton,9850,498.44295619913214,8.403153747047563e-06,0.13674526484215876,0.9441600849367715
bind_f010,440_SinglePlusCompton,9900,499.31635740369023,8.351966637786569e-06,0.13665131902448782,0.947138643745984
bind_f010,440_SinglePlusCompton,9950,500.18329999080004,8.301392349549138e-06,0.13655824386950266,0.950110614230156
bind_f010,440_SinglePlusCompton,10000,501.0417550753993,8.251411808714033e-06,0.1364659646867983,0.9530747680469888
bind_f010,218_SinglePhoton_CrossTalkCorrected,50,0.5183473522961891,0.00031180530628084814,0.46695938189824304,0.17780589899292357
bind_f010,218_SinglePhoton_CrossTalkCorrected,100,0.5909225013145739,0.00027497469720849085,0.432766622722053,0.2195749732761172
bind_f010,218_SinglePhoton_CrossTalkCorrected,150,0.6592612512328847,0.0002523835921973955,0.4008923452265468,0.24175376733300694
bind_f010,218_SinglePhoton_CrossTalkCorrected,200,0.812633049935698,0.00023263423383788458,0.3715076408106488,0.2605949574686015
bind_f010,218_SinglePhoton_CrossTalkCorrected,250,0.9782485839419051,0.0002146983000816084,0.3446758715166889,0.2789777985792433
bind_f010,218_SinglePhoton_CrossTalkCorrected,300,1.154620284161355,0.00019846183687367548,0.3203840962796985,0.2967827089190736
bind_f010,218_SinglePhoton_CrossTalkCorrected,350,1.336677555992495,0.00018386226573099002,0.29854111237828057,0.31340742967211616
bind_f010,218_SinglePhoton_CrossTalkCorrected,400,1.5213204548260744,0.00017080259356911428,0.27899410916573464,0.3283911636967466
bind_f010,218_SinglePhoton_CrossTalkCorrected,450,1.705831387356828,0.00015915775346432833,0.2615516768192668,0.34150116210008485
bind_f010,218_SinglePhoton_CrossTalkCorrected,500,1.8893374105305318,0.00014878934911350587,0.2460049928515397,0.3526871455049054
bind_f010,218_SinglePhoton_CrossTalkCorrected,550,2.076003324708493,0.00013955740719210673,0.23214402125250716,0.36201990498917863
bind_f010,218_SinglePhoton_CrossTalkCorrected,600,2.2613460661161002,0.00013132803658942168,0.2197683148922852,0.3696416216292301
bind_f010,218_SinglePhoton_CrossTalkCorrected,650,2.442782183791014,0.00012397778690538452,0.20869326005469271,0.37573061432075616
bind_f010,218_SinglePhoton_CrossTalkCorrected,700,2.6197063174164423,0.00011739565133978542,0.19875296805092715,0.3804778063423909
bind_f010,218_SinglePhoton_CrossTalkCorrected,750,2.79177324875978,0.00011148348317544286,0.18980091368288768,0.3840721821310213
bind_f010,218_SinglePhoton_CrossTalkCorrected,800,2.958843711254641,0.0001061555423909269,0.18170920058815046,0.3866923804404448
bind_f010,218_SinglePhoton_CrossTalkCorrected,850,3.120932586207514,0.00010133747618066332,0.1743670923099424,0.3885016840800858
bind_f010,218_SinglePhoton_CrossTalkCorrected,900,3.2781709975831212,9.696514862409845e-05,0.16767919952090946,0.38964614071142867
bind_f010,218_SinglePhoton_CrossTalkCorrected,950,3.4307672836723078,9.298336995669119e-05,0.16156361010826148,0.3902541702000709
bind_f010,218_SinglePhoton_CrossTalkCorrected,1000,3.5789909926680785,8.934469734047463e-05,0.1559500814122921,0.39043727569610004
bind_f010,218_SinglePhoton_CrossTalkCorrected,1050,3.723136942906534,8.600837277370674e-05,0.15077839872501156,0.39029094701638745
bind_f010,218_SinglePhoton_CrossTalkCorrected,1100,3.8635187649414107,8.293932927542443e-05,0.14599690154216421,0.389896510016798
bind_f010,218_SinglePhoton_CrossTalkCorrected,1150,4.003390691644518,8.010734136910137e-05,0.14156121428042526,0.38932230591243466
bind_f010,218_SinglePhoton_CrossTalkCorrected,1200,4.143435859217506,7.748631891442503e-05,0.13743313809389146,0.38862539891747644
bind_f010,218_SinglePhoton_CrossTalkCorrected,1250,4.281807581758915,7.505366828392288e-05,0.13357972124475598,0.38785299753353686
bind_f010,218_SinglePhoton_CrossTalkCorrected,1300,4.418812470338292,7.278979230131708e-05,0.12997245728856388,0.38704377904159964
bind_f010,218_SinglePhoton_CrossTalkCorrected,1350,4.554733831337659,7.067762110106952e-05,0.12658661752350447,0.38622922874033416
bind_f010,218_SinglePhoton_CrossTalkCorrected,1400,4.689820996835547,6.870225634493575e-05,0.12340068302735191,0.3854344962807279
bind_f010,218_SinglePhoton_CrossTalkCorrected,1450,4.824315156308821,6.685064075618529e-05,0.12039587041287864,0.3846795562386054
bind_f010,218_SinglePhoton_CrossTalkCorrected,1500,4.958417067005399,6.511131936462831e-05,0.11755572952396713,0.38397976722329613
bind_f010,218_SinglePhoton_CrossTalkCorrected,1550,5.09231344720481,6.347418394573837e-05,0.11486580565192342,0.3833470539080866
bind_f010,218_SinglePhoton_CrossTalkCorrected,1600,5.226166587381592,6.193030292281839e-05,0.11231335562031938,0.3827900372596756
bind_f010,218_SinglePhoton_CrossTalkCorrected,1650,5.360119123454546,6.047175332897883e-05,0.10988710699592624,0.382314686662635
bind_f010,218_SinglePhoton_CrossTalkCorrected,1700,5.49428785964064,5.9091493609143245e-05,0.10757705632468226,0.3819253030782964
bind_f010,218_SinglePhoton_CrossTalkCorrected,1750,5.628790161715579,5.778323727216968e-05,0.10537429485575463,0.381624041206444
bind_f010,218_SinglePhoton_CrossTalkCorrected,1800,5.763706894137264,5.6541362659453174e-05,0.10327086479611124,0.38141182805708235
bind_f010,218_SinglePhoton_CrossTalkCorrected,1850,5.899106567071417,5.536083039406362e-05,0.10125963262797605,0.3812885541317579
bind_f010,218_SinglePhoton_CrossTalkCorrected,1900,6.035051513537672,5.423709726880812e-05,0.09933418721177902,0.38125316668254966
bind_f010,218_SinglePhoton_CrossTalkCorrected,1950,6.171591712263481,5.3166073833374357e-05,0.09748874536653324,0.3813039750166238
bind_f010,218_SinglePhoton_CrossTalkCorrected,2000,6.308758048979294,5.2144062348994424e-05,0.09571807528795574,0.38143877258709563
bind_f010,218_SinglePhoton_CrossTalkCorrected,2050,6.446574670710732,5.116770682779655e-05,0.09401743149629836,0.3816549785932307
bind_f010,218_SinglePhoton_CrossTalkCorrected,2100,6.585060670454801,5.0233953137334926e-05,0.09238249725023319,0.381949716712925
bind_f010,218_SinglePhoton_CrossTalkCorrected,2150,6.724210994182883,4.934003148603076e-05,0.0908093334027283,0.3823200055068868
bind_f010,218_SinglePhoton_CrossTalkCorrected,2200,6.86403518839348,4.84834050023231e-05,0.0892943365089012,0.3827626784760904
bind_f010,218_SinglePhoton_CrossTalkCorrected,2250,7.004519214118204,4.7661753388090096e-05,0.08783420398259391,0.38327456756766315
bind_f010,218_SinglePhoton_CrossTalkCorrected,2300,7.145647909271202,4.6872954092941494e-05,0.08642589879167727,0.3838525137847633
bind_f010,218_SinglePhoton_CrossTalkCorrected,2350,7.287394880591905,4.611505430330729e-05,0.08506662196524772,0.38449350442224767
bind_f010,218_SinglePhoton_CrossTalkCorrected,2400,7.429746650670666,4.538625004091443e-05,0.0837537873083636,0.3851944785645383
bind_f010,218_SinglePhoton_CrossTalkCorrected,2450,7.572670649100829,4.468489139565991e-05,0.08248500339502116,0.38595231291080107
bind_f010,218_SinglePhoton_CrossTalkCorrected,2500,7.716139359504357,4.400944414951934e-05,0.08125805092103902,0.38676436329751607
bind_f010,218_SinglePhoton_CrossTalkCorrected,2550,7.860107857182417,4.3358493290564626e-05,0.08007086908641223,0.38762780829096233
bind_f010,218_SinglePhoton_CrossTalkCorrected,2600,8.004532340553645,4.273072429740904e-05,0.07892153603418385,0.3885400096852151
bind_f010,218_SinglePhoton_CrossTalkCorrected,2650,8.149389224151154,4.212491881912935e-05,0.07780826356925702,0.38949860138871123
bind_f010,218_SinglePhoton_CrossTalkCorrected,2700,8.294626844571281,4.1539946870183135e-05,0.07672937628344734,0.3905011084304902
bind_f010,218_SinglePhoton_CrossTalkCorrected,2750,8.440203646467609,4.09747514834574e-05,0.07568331031337529,0.39154537473731793
bind_f010,218_SinglePhoton_CrossTalkCorrected,2800,8.58607751293498,4.042835120803746e-05,0.07466859766432261,0.39262933329098754
bind_f010,218_SinglePhoton_CrossTalkCorrected,2850,8.732195095893525,3.989982561249453e-05,0.0736838601608666,0.3937509251592188
bind_f010,218_SinglePhoton_CrossTalkCorrected,2900,8.878522140260385,3.9388318722103746e-05,0.07272780393141891,0.39490839564420477
bind_f010,218_SinglePhoton_CrossTalkCorrected,2950,9.025001928603283,3.889302397492368e-05,0.07179920942479676,0.39609989961900144
bind_f010,218_SinglePhoton_CrossTalkCorrected,3000,9.171604698309238,3.841319110471565e-05,0.07089692807156187,0.3973238997676068
bind_f010,218_SinglePhoton_CrossTalkCorrected,3050,9.318273170387238,3.794811518944219e-05,0.07001987836658354,0.3985788023839834
bind_f010,218_SinglePhoton_CrossTalkCorrected,3100,9.464965789490863,3.7497131226431485e-05,0.06916703552032992,0.39986319714070023
bind_f010,218_SinglePhoton_CrossTalkCorrected,3150,9.611643808067367,3.7059616387210375e-05,0.06833743254096332,0.4011757418330734
bind_f010,218_SinglePhoton_CrossTalkCorrected,3200,9.758253316478148,3.6634983318529326e-05,0.0675301526999076,0.40251516869818427
bind_f010,218_SinglePhoton_CrossTalkCorrected,3250,9.904763990551494,3.6222678249915656e-05,0.06674432875322463,0.4038803061219816
bind_f010,218_SinglePhoton_CrossTalkCorrected,3300,10.051127536236157,3.582218214719331e-05,0.06597913871143649,0.4052700620731366
bind_f010,218_SinglePhoton_CrossTalkCorrected,3350,10.197302398185716,3.543300165262101e-05,0.06523380069932297,0.406683438923402
bind_f010,218_SinglePhoton_CrossTalkCorrected,3400,10.343256005993517,3.50546745867639e-05,0.06450757375201208,0.40811945562323704
bind_f010,218_SinglePhoton_CrossTalkCorrected,3450,10.488942311843253,3.468675663982437e-05,0.06379975215775317,0.4095771798040926
bind_f010,218_SinglePhoton_CrossTalkCorrected,3500,10.634332114680683,3.432883187600699e-05,0.06310966522045718,0.411055768593568
bind_f010,218_SinglePhoton_CrossTalkCorrected,3550,10.779396213451564,3.398051157041434e-05,0.06243667392438119,0.4125544141211389
bind_f010,218_SinglePhoton_CrossTalkCorrected,3600,10.924093052809475,3.364142066390075e-05,0.061780170607232926,0.41407250858401573
bind_f010,218_SinglePhoton_CrossTalkCorrected,3650,11.06838781611282,3.331120610639075e-05,0.06113957451831481,0.4156090908024675
bind_f010,218_SinglePhoton_CrossTalkCorrected,3700,11.212256917894708,3.298952867569491e-05,0.060514332205428456,0.41716367446287755
bind_f010,218_SinglePhoton_CrossTalkCorrected,3750,11.35567340333584,3.267607095914075e-05,0.05990391556779706,0.4187356924016772
bind_f010,218_SinglePhoton_CrossTalkCorrected,3800,11.498608071381977,3.237053210690781e-05,0.0593078196018326,0.4203243906414887
bind_f010,218_SinglePhoton_CrossTalkCorrected,3850,11.641023859156578,3.207262053340822e-05,0.05872556352972627,0.4219293358132036
bind_f010,218_SinglePhoton_CrossTalkCorrected,3900,11.78290616613252,3.1782065852550065e-05,0.058156685317268086,0.42355006822552893
bind_f010,218_SinglePhoton_CrossTalkCorrected,3950,11.9242358993128,3.149860027045314e-05,0.05760074559829746,0.42518589042421706
bind_f010,218_SinglePhoton_CrossTalkCorrected,4000,12.064978242055822,3.122198208399475e-05,0.05705732095837271,0.4268364584076579
bind_f010,218_SinglePhoton_CrossTalkCorrected,4050,12.205128701891702,3.0951970934626416e-05,0.05652600888443246,0.4285013699059393
bind_f010,218_SinglePhoton_CrossTalkCorrected,4100,12.344653585296314,3.068834111208218e-05,0.05600642128759284,0.43018008915322076
bind_f010,218_SinglePhoton_CrossTalkCorrected,4150,12.48352593745036,3.0430874313433662e-05,0.0554981873325569,0.4318722090914136
bind_f010,218_SinglePhoton_CrossTalkCorrected,4200,12.621755866411073,3.0179367943805483e-05,0.05500095174103483,0.43357744747622207
bind_f010,218_SinglePhoton_CrossTalkCorrected,4250,12.759315294241686,2.9933619721833125e-05,0.05451437370335712,0.43529536154356124
bind_f010,218_SinglePhoton_CrossTalkCorrected,4300,12.896188497297604,2.9693448916124768e-05,0.05403812626636221,0.4370256607496253
bind_f010,218_SinglePhoton_CrossTalkCorrected,4350,13.03236424440412,2.9458672620493474e-05,0.05357189461140654,0.4387678977430226
bind_f010,218_SinglePhoton_CrossTalkCorrected,4400,13.16785039738353,2.9229116546602255e-05,0.053115377187497904,0.4405218513744521
bind_f010,218_SinglePhoton_CrossTalkCorrected,4450,13.302606524006881,2.9004618930078367e-05,0.05266828327184358,0.44228716574795274
bind_f010,218_SinglePhoton_CrossTalkCorrected,4500,13.436632624274177,2.878502050947532e-05,0.052230335420434065,0.4440635107115453
bind_f010,218_SinglePhoton_CrossTalkCorrected,4550,13.569920836363119,2.8570169980346238e-05,0.051801265713917403,0.44585057014131946
bind_f010,218_SinglePhoton_CrossTalkCorrected,4600,13.70247565274359,2.8359923150890092e-05,0.05138081617847655,0.44764816403432756
bind_f010,218_SinglePhoton_CrossTalkCorrected,4650,13.834266749243879,2.8154140415081375e-05,0.05096874016633552,0.4494560048127088
bind_f010,218_SinglePhoton_CrossTalkCorrected,4700,13.965316588213401,2.7952692736670103e-05,0.05056479790944998,0.45127375410078197
bind_f010,218_SinglePhoton_CrossTalkCorrected,4750,14.095618430947333,2.7755448299884534e-05,0.05016876018612884,0.4531011769315686
bind_f010,218_SinglePhoton_CrossTalkCorrected,4800,14.225150938213728,2.7562284860686646e-05,0.04978040505408531,0.45493806603723574
bind_f010,218_SinglePhoton_CrossTalkCorrected,4850,14.353904001955348,2.737308626547424e-05,0.049399520334856506,0.45678414670083706
bind_f010,218_SinglePhoton_CrossTalkCorrected,4900,14.481892222699313,2.7187735758039945e-05,0.049025901642550704,0.45863911183670725
bind_f010,218_SinglePhoton_CrossTalkCorrected,4950,14.609120092915509,2.7006129228370354e-05,0.04865934991849446,0.4605029515048834
bind_f010,218_SinglePhoton_CrossTalkCorrected,5000,14.735574135194282,2.682816030468882e-05,0.048299675242985965,0.46237518234558705
bind_f010,218_SinglePhoton_CrossTalkCorrected,5050,14.861254349535637,2.6653722951258697e-05,0.04794669280019451,0.4642557920456994
bind_f010,218_SinglePhoton_CrossTalkCorrected,5100,14.986158489704628,2.648272517158112e-05,0.047600225810983506,0.46614440061570295
bind_f010,218_SinglePhoton_CrossTalkCorrected,5150,15.110302279345849,2.631507768385657e-05,0.047260101874203604,0.4680409498639546
bind_f010,218_SinglePhoton_CrossTalkCorrected,5200,15.23364640934782,2.615068579095707e-05,0.04692615680250715,0.4699451254642463
bind_f010,218_SinglePhoton_CrossTalkCorrected,5250,15.35624591246661,2.59894653145478e-05,0.04659822987226044,0.47185673854996163
bind_f010,218_SinglePhoton_CrossTalkCorrected,5300,15.478080572587748,2.5831333339892653e-05,0.04627616785468425,0.4737757376612035
bind_f010,218_SinglePhoton_CrossTalkCorrected,5350,15.59914702035882,2.5676204883882178e-05,0.045959820603306785,0.4757018638735603
bind_f010,218_SinglePhoton_CrossTalkCorrected,5400,15.719462102541888,2.552400903615424e-05,0.04564904531105793,0.47763478557403094
bind_f010,218_SinglePhoton_CrossTalkCorrected,5450,15.839007849257419,2.537467364204329e-05,0.04534370260437655,0.47957438012213355
bind_f010,218_SinglePhoton_CrossTalkCorrected,5500,15.957799984150006,2.522811989337017e-05,0.04504365812448368,0.4815206233434162
bind_f010,218_SinglePhoton_CrossTalkCorrected,5550,16.075837384102172,2.5084278433549307e-05,0.044748782207582015,0.48347318316569965
bind_f010,218_SinglePhoton_CrossTalkCorrected,5600,16.19314138834587,2.494308506289309e-05,0.04445894828463556,0.4854318594909507
bind_f010,218_SinglePhoton_CrossTalkCorrected,5650,16.30970862752869,2.4804471344881953e-05,0.04417403514666782,0.48739673518560805
bind_f010,218_SinglePhoton_CrossTalkCorrected,5700,16.425537978533153,2.4668382592243333e-05,0.043893923173864605,0.48936729166090476
bind_f010,218_SinglePhoton_CrossTalkCorrected,5750,16.540629441359265,2.4534752968993155e-05,0.04361849929734717,0.4913436800765347
bind_f010,218_SinglePhoton_CrossTalkCorrected,5800,16.655017832648618,2.4403522753910915e-05,0.043347653280978844,0.4933255557395972
bind_f010,218_SinglePhoton_CrossTalkCorrected,5850,16.76868630563915,2.427463783934074e-05,0.043081278877653714,0.4953127844641218
bind_f010,218_SinglePhoton_CrossTalkCorrected,5900,16.88162812162604,2.414804800497863e-05,0.04281927081435597,0.49730530354778457
bind_f010,218_SinglePhoton_CrossTalkCorrected,5950,16.99387809725088,2.4023694474160067e-05,0.04256152943209995,0.4993028332932362
bind_f010,218_SinglePhoton_CrossTalkCorrected,6000,17.105448586805856,2.3901523791959652e-05,0.042307957338808565,0.5013053443437132
bind_f010,218_SinglePhoton_CrossTalkCorrected,6050,17.21631151235419,2.3781495174734768e-05,0.0420584592184685,0.5033125912118954
bind_f010,218_SinglePhoton_CrossTalkCorrected,6100,17.32646799701335,2.366355681115403e-05,0.04181294465370982,0.5053246142013855
bind_f010,218_SinglePhoton_CrossTalkCorrected,6150,17.435957349894824,2.354766341396132e-05,0.041571325208968044,0.5073409492590766
bind_f010,218_SinglePhoton_CrossTalkCorrected,6200,17.544785186585962,2.3433765006786808e-05,0.04133351445662038,0.5093617802410305
bind_f010,218_SinglePhoton_CrossTalkCorrected,6250,17.652950383969294,2.3321822656863186e-05,0.04109942806417414,0.5113868196255633
bind_f010,218_SinglePhoton_CrossTalkCorrected,6300,17.760445080222524,2.321179263798295e-05,0.04086898551263223,0.5134159975643587
bind_f010,218_SinglePhoton_CrossTalkCorrected,6350,17.86727376781554,2.3103635757335566e-05,0.04064210849047961,0.5154491329488439
bind_f010,218_SinglePhoton_CrossTalkCorrected,6400,17.973461155332693,2.2997316028440196e-05,0.040418720363510414,0.517486154887204
bind_f010,218_SinglePhoton_CrossTalkCorrected,6450,18.079009489008925,2.2892784825320926e-05,0.040198746256018936,0.5195268059756627
bind_f010,218_SinglePhoton_CrossTalkCorrected,6500,18.18395021613343,2.279001587423482e-05,0.0399821149099194,0.5215711250684869
bind_f010,218_SinglePhoton_CrossTalkCorrected,6550,18.28826536682666,2.2688962873245532e-05,0.039768755808330794,0.523618961091474
bind_f010,218_SinglePhoton_CrossTalkCorrected,6600,18.391950448618744,2.2589599811132068e-05,0.03955860065252903,0.5256700946117403
bind_f010,218_SinglePhoton_CrossTalkCorrected,6650,18.4950470168561,2.2491885890872645e-05,0.03935158553580737,0.5277246340529881
bind_f010,218_SinglePhoton_CrossTalkCorrected,6700,18.597519131779656,2.239579527173757e-05,0.03914764509702456,0.5297821669807381
bind_f010,218_SinglePhoton_CrossTalkCorrected,6750,18.699397117561126,2.2301290217165748e-05,0.038946715108900354,0.5318428422137678
bind_f010,218_SinglePhoton_CrossTalkCorrected,6800,18.800701190314992,2.2208338587709548e-05,0.038748737321250136,0.5339063933206121
bind_f010,218_SinglePhoton_CrossTalkCorrected,6850,18.90140439522195,2.211691249463661e-05,0.03855365032847019,0.5359727440783214
bind_f010,218_SinglePhoton_CrossTalkCorrected,6900,19.00154828762842,2.2026981600452917e-05,0.03836139709937324,0.5380418868921024
bind_f010,218_SinglePhoton_CrossTalkCorrected,6950,19.101105912715102,2.1938518171841124e-05,0.038171922888471356,0.5401136714451609
bind_f010,218_SinglePhoton_CrossTalkCorrected,7000,19.20009299412659,2.1851492531811568e-05,0.037985174230793436,0.5421879381154233
bind_f010,218_SinglePhoton_CrossTalkCorrected,7050,19.29852525550747,2.1765877897882227e-05,0.03780109552722577,0.5442646025677336
bind_f010,218_SinglePhoton_CrossTalkCorrected,7100,19.3964431290867,2.1681653260641546e-05,0.03761963608570974,0.5463436702695674
bind_f010,218_SinglePhoton_CrossTalkCorrected,7150,19.493815167575093,2.159878472705526e-05,0.03744074680805648,0.5484248982000968
bind_f010,218_SinglePhoton_CrossTalkCorrected,7200,19.59064361720759,2.1517254795491232e-05,0.0372643784659416,0.5505082776854504
bind_f010,218_SinglePhoton_CrossTalkCorrected,7250,19.686968910213146,2.1437036388890282e-05,0.03709048233323678,0.5525937328704938
bind_f010,218_SinglePhoton_CrossTalkCorrected,7300,19.782764091772457,2.1358102559202238e-05,0.03691901338129813,0.5546812834457604
bind_f010,218_SinglePhoton_CrossTalkCorrected,7350,19.87805836293976,2.1280431294491735e-05,0.036749925957344234,0.5567706601498909
bind_f010,218_SinglePhoton_CrossTalkCorrected,7400,19.972824768895766,2.1203999554063834e-05,0.036583176110583655,0.5588617383257323
bind_f010,218_SinglePhoton_CrossTalkCorrected,7450,20.06711946551401,2.1128788379164674e-05,0.036418720605080945,0.5609546577657223
bind_f010,218_SinglePhoton_CrossTalkCorrected,7500,20.16093571408967,2.1054781105634202e-05,0.03625651866650732,0.5630491471309209
bind_f010,218_SinglePhoton_CrossTalkCorrected,7550,20.25423982109862,2.0981947158993046e-05,0.0360965282366219,0.5651452617662601
bind_f010,218_SinglePhoton_CrossTalkCorrected,7600,20.347069972534864,2.0910276687527e-05,0.035938707789827294,0.5672428486282017
bind_f010,218_SinglePhoton_CrossTalkCorrected,7650,20.43940145981405,2.0839743216280326e-05,0.035783021942355046,0.5693419624438916
bind_f010,218_SinglePhoton_CrossTalkCorrected,7700,20.5312949312796,2.0770327048611415e-05,0.0356294318648976,0.571442247641005
bind_f010,218_SinglePhoton_CrossTalkCorrected,7750,20.622680753648325,2.07020111482052e-05,0.035477900568644166,0.5735438832559556
bind_f010,218_SinglePhoton_CrossTalkCorrected,7800,20.713630806438356,2.0634776114152772e-05,0.035328390717323514,0.5756467861897783
bind_f010,218_SinglePhoton_CrossTalkCorrected,7850,20.804142843414752,2.0568601184461984e-05,0.03518086897816273,0.5777508160740497
bind_f010,218_SinglePhoton_CrossTalkCorrected,7900,20.89419889469798,2.0503471424741736e-05,0.03503530007310811,0.5798560354131465
bind_f010,218_SinglePhoton_CrossTalkCorrected,7950,20.98378772911333,2.0439370774017946e-05,0.03489165164697809,0.5819620539629196
bind_f010,218_SinglePhoton_CrossTalkCorrected,8000,21.07296774876929,2.0376285214387467e-05,0.03474988964862603,0.5840691220855125
bind_f010,218_SinglePhoton_CrossTalkCorrected,8050,21.161720983786324,2.0314194770689478e-05,0.034609983408256634,0.5861771078162828
bind_f010,218_SinglePhoton_CrossTalkCorrected,8100,21.250076635218676,2.025308517238457e-05,0.034471899745896685,0.5882859072385501
bind_f010,218_SinglePhoton_CrossTalkCorrected,8150,21.338045934241052,2.019294380108789e-05,0.0343356112880285,0.590395482022308
bind_f010,218_SinglePhoton_CrossTalkCorrected,8200,21.425597433564267,2.0133747590678523e-05,0.03420108444799505,0.592505810796072
bind_f010,218_SinglePhoton_CrossTalkCorrected,8250,21.51271091707385,2.0075487768708745e-05,0.03406829277322795,0.5946168296322119
bind_f010,218_SinglePhoton_CrossTalkCorrected,8300,21.599435801938515,2.0018146949021772e-05,0.033937207254301334,0.5967283743978782
bind_f010,218_SinglePhoton_CrossTalkCorrected,8350,21.68580578168239,1.9961712934331112e-05,0.03380780103832048,0.5988405768454923
bind_f010,218_SinglePhoton_CrossTalkCorrected,8400,21.771760207962046,1.990616564992801e-05,0.033680045597373746,0.6009530605874129
bind_f010,218_SinglePhoton_CrossTalkCorrected,8450,21.857361975355854,1.985149744730176e-05,0.033553914908729277,0.6030662534372376
bind_f010,218_SinglePhoton_CrossTalkCorrected,8500,21.942563912930037,1.9797700055743714e-05,0.03342938359273049,0.6051797355626064
bind_f010,218_SinglePhoton_CrossTalkCorrected,8550,22.027408699148488,1.9744753339312745e-05,0.03330642588404595,0.6072936804316497
bind_f010,218_SinglePhoton_CrossTalkCorrected,8600,22.111867132956963,1.9692642874971225e-05,0.033185017412506734,0.6094078361305544
bind_f010,218_SinglePhoton_CrossTalkCorrected,8650,22.195981892819354,1.9641359405886322e-05,0.03306513380060113,0.6115223762651004
bind_f010,218_SinglePhoton_CrossTalkCorrected,8700,22.279723777681422,1.9590896931568504e-05,0.03294675099841214,0.61363700448081
bind_f010,218_SinglePhoton_CrossTalkCorrected,8750,22.363126481067294,1.9541232769587488e-05,0.03282984417862126,0.6157520242905706
bind_f010,218_SinglePhoton_CrossTalkCorrected,8800,22.446149570748013,1.9492361407710273e-05,0.032714393156350656,0.6178670785639592
bind_f010,218_SinglePhoton_CrossTalkCorrected,8850,22.52885818753689,1.9444275751144326e-05,0.032600374844837875,0.6199821993867363
bind_f010,218_SinglePhoton_CrossTalkCorrected,8900,22.61122537661463,1.939695670740586e-05,0.03248776837971091,0.6220973761929781
bind_f010,218_SinglePhoton_CrossTalkCorrected,8950,22.693244399276402,1.935039471147958e-05,0.03237655141272609,0.624212678418124
bind_f010,218_SinglePhoton_CrossTalkCorrected,9000,22.774919747992094,1.930458249898672e-05,0.0322667030992528,0.6263280512188878
bind_f010,218_SinglePhoton_CrossTalkCorrected,9050,22.856291854990655,1.92595063982556e-05,0.032158203526777555,0.6284432105013824
bind_f010,218_SinglePhoton_CrossTalkCorrected,9100,22.93734948909737,1.92151584845571e-05,0.032051033400819356,0.6305584006675194
bind_f010,218_SinglePhoton_CrossTalkCorrected,9150,23.018061203023066,1.9171524202429063e-05,0.03194517122200619,0.63267338884997
bind_f010,218_SinglePhoton_CrossTalkCorrected,9200,23.098489891346105,1.912860332284321e-05,0.03184059790800734,0.6347882079624597
bind_f010,218_SinglePhoton_CrossTalkCorrected,9250,23.178601860542365,1.908637941879404e-05,0.031737296733355486,0.6369030583371114
bind_f010,218_SinglePhoton_CrossTalkCorrected,9300,23.258394864376896,1.9044839399857655e-05,0.03163524876205528,0.6390175643057809
bind_f010,218_SinglePhoton_CrossTalkCorrected,9350,23.337931797428077,1.900397811256746e-05,0.03153443533557168,0.64113180975428
bind_f010,218_SinglePhoton_CrossTalkCorrected,9400,23.417145272647645,1.8963790213509002e-05,0.03143483884942029,0.6432457580171503
bind_f010,218_SinglePhoton_CrossTalkCorrected,9450,23.496116154493514,1.8924259762759473e-05,0.03133644222879596,0.64535954368265
bind_f010,218_SinglePhoton_CrossTalkCorrected,9500,23.574770317212597,1.8885379803970324e-05,0.03123922652397474,0.6474728534971428
bind_f010,218_SinglePhoton_CrossTalkCorrected,9550,23.653130223154317,1.8847144421362897e-05,0.031143176951736122,0.6495859114660447
bind_f010,218_SinglePhoton_CrossTalkCorrected,9600,23.731240797017506,1.880954137492693e-05,0.031048277578882854,0.6516985197984719
bind_f010,218_SinglePhoton_CrossTalkCorrected,9650,23.808987480820136,1.8772567032011262e-05,0.03095451219101772,0.6538108078197983
bind_f010,218_SinglePhoton_CrossTalkCorrected,9700,23.886475847604473,1.8736210909222143e-05,0.03086186453071709,0.6559226047039681
bind_f010,218_SinglePhoton_CrossTalkCorrected,9750,23.96367894255121,1.8700463261831515e-05,0.030770320120735568,0.6580340609099758
bind_f010,218_SinglePhoton_CrossTalkCorrected,9800,24.040585534485636,1.8665320542473625e-05,0.0306798637695119,0.660144980160957
bind_f010,218_SinglePhoton_CrossTalkCorrected,9850,24.117269749160837,1.8630772015066183e-05,0.030590481449347645,0.6622553505346409
bind_f010,218_SinglePhoton_CrossTalkCorrected,9900,24.1937203554021,1.8596808091481442e-05,0.03050215582888428,0.6643653246969816
bind_f010,218_SinglePhoton_CrossTalkCorrected,9950,24.269903659685298,1.856342611992665e-05,0.030414875617751445,0.6664746808258798
bind_f010,218_SinglePhoton_CrossTalkCorrected,10000,24.345810677070666,1.8530618754923885e-05,0.030328624468216613,0.6685834772152106
bind_f010,440SinglePlus218Single,50,0.5839701253382927,0.0003071787385994789,0.48128749736759935,0.19418222084287226
bind_f010,440SinglePlus218Single,100,0.6533277054710318,0.00028077431182463053,0.46132063919800453,0.22539793289686716
bind_f010,440SinglePlus218Single,150,0.6599005769685368,0.00026415310442281554,0.4421863213127691,0.23796435772653254
bind_f010,440SinglePlus218Single,200,0.6476594058933146,0.00024924525816806846,0.4239158422023098,0.2477097963566452
bind_f010,440SinglePlus218Single,250,0.7121113182619333,0.00023538874866683372,0.4065326733714123,0.2581873618079157
bind_f010,440SinglePlus218Single,300,0.8048476276910137,0.00022250465258658565,0.3900563300528859,0.2697709479312636
bind_f010,440SinglePlus218Single,350,0.9022331120021552,0.00021055267096385758,0.3744886081532897,0.28205222212860076
bind_f010,440SinglePlus218Single,400,1.004201760706888,0.00019948335656432725,0.35981249402115745,0.294543034609255
bind_f010,440SinglePlus218Single,450,1.1107276787332727,0.00018923947765559003,0.34599644749334346,0.3068586312734923
bind_f010,440SinglePlus218Single,500,1.2218136750382655,0.0001797607828765396,0.3329997154253112,0.31873962253036864
bind_f010,440SinglePlus218Single,550,1.337468703172164,0.00017098741253278988,0.3207768651526387,0.3300294010728188
bind_f010,440SinglePlus218Single,600,1.457681088407619,0.00016286200363553645,0.3092810639342124,0.34064550335469335
bind_f010,440SinglePlus218Single,650,1.5824050096342834,0.00015533079030240356,0.298466178904009,0.35055497197520114
bind_f010,440SinglePlus218Single,700,1.7115497902104164,0.0001483440787286839,0.2882879753305973,0.359756039250797
bind_f010,440SinglePlus218Single,750,1.844972436670968,0.00014185633404052467,0.27870469180116925,0.36826575275766843
bind_f010,440SinglePlus218Single,800,1.982480711024252,0.00013582602656535617,0.2696772321954438,0.37611179203698003
bind_f010,440SinglePlus218Single,850,2.123840416484048,0.0001302153554235298,0.26116913787561147,0.38332682984115934
bind_f010,440SinglePlus218Single,900,2.268775221909794,0.00012498995428065137,0.25314645368035604,0.389945965482255
bind_f010,440SinglePlus218Single,950,2.4169845689071816,0.0001201185632156742,0.24557754149370573,0.39600399603728526
bind_f010,440SinglePlus218Single,1000,2.568141038431008,0.00011557271610681154,0.2384329029826057,0.40153527240596515
bind_f010,440SinglePlus218Single,1050,2.7219024644120515,0.00011132648353382839,0.23168500006443105,0.40657256590934826
bind_f010,440SinglePlus218Single,1100,2.877921062867178,0.00010735619548437392,0.22530810229261658,0.4111471131020495
bind_f010,440SinglePlus218Single,1150,3.035852561009448,0.00010364023937283967,0.21927815570561343,0.41528851868316996
bind_f010,440SinglePlus218Single,1200,3.195352159372493,0.0001001588654327428,0.21357266255899596,0.4190248560965262
bind_f010,440SinglePlus218Single,1250,3.3560887521551064,9.689399395945058e-05,0.20817058148262102,0.4223825926537119
bind_f010,440SinglePlus218Single,1300,3.517741416025047,9.382907988041321e-05,0.20305223542291195,0.4253868775572468
bind_f010,440SinglePlus218Single,1350,3.680004676913332,9.094896191596372e-05,0.19819923142118714,0.42806168555250873
bind_f010,440SinglePlus218Single,1400,3.842598341363585,8.823974730858492e-05,0.1935943827050744,0.4304294871892661
bind_f010,440SinglePlus218Single,1450,4.005258016302308,8.568869567100477e-05,0.18922164154370116,0.43251180750511403
bind_f010,440SinglePlus218Single,1500,4.16773581127812,8.328411946946123e-05,0.18506603226900206,0.43432916796760046
bind_f010,440SinglePlus218Single,1550,4.32981297876806,8.101529940389189e-05,0.18111358713974873,0.43590079230858414
bind_f010,440SinglePlus218Single,1600,4.491284113794709,7.887238745863938e-05,0.17735128589506516,0.4372450223986973
bind_f010,440SinglePlus218Single,1650,4.65197154983059,7.684633687289646e-05,0.17376699794007533,0.43837932722996076
bind_f010,440SinglePlus218Single,1700,4.8117151763292005,7.492884352443368e-05,0.1703494277806172,0.4393201242903048
bind_f010,440SinglePlus218Single,1750,4.970368927528822,7.311227451644651e-05,0.16708805987707015,0.4400830797136137
bind_f010,440SinglePlus218Single,1800,5.127814476117678,7.13896010626533e-05,0.1639731063788261,0.4406828170331205
bind_f010,440SinglePlus218Single,1850,5.283944730611811,6.975437046865019e-05,0.16099546347523802,0.44113321704605996
bind_f010,440SinglePlus218Single,1900,5.438668048790529,6.820063113303653e-05,0.15814666240790773,0.4414474421262909
bind_f010,440SinglePlus218Single,1950,5.59191174889259,6.672290592424202e-05,0.15541882299000376,0.44163765718512543
bind_f010,440SinglePlus218Single,2000,5.743609820429526,6.531615388457892e-05,0.15280461822696126,0.44171553938493546
bind_f010,440SinglePlus218Single,2050,5.893722586884331,6.397571522436359e-05,0.1502972291043397,0.4416918429645838
bind_f010,440SinglePlus218Single,2100,6.042209669500758,6.269729501166274e-05,0.14789031384593138,0.4415767046657128
bind_f010,440SinglePlus218Single,2150,6.189042978709248,6.147692935174143e-05,0.1455779709939013,0.4413796354881191
bind_f010,440SinglePlus218Single,2200,6.334211278681974,6.0310958795698025e-05,0.1433547058221184,0.44110951159333694
bind_f010,440SinglePlus218Single,2250,6.477695608959484,5.919599213924287e-05,0.1412154041352277,0.4407745625502868
bind_f010,440SinglePlus218Single,2300,6.619507907608841,5.812889727260059e-05,0.1391553037258618,0.44038247310148665
bind_f010,440SinglePlus218Single,2350,6.75964466343385,5.710677526752733e-05,0.13716996592831898,0.4399404314593693
bind_f010,440SinglePlus218Single,2400,6.89812062345853,5.6126935933545554e-05,0.13525525315810652,0.4394551295285782
bind_f010,440SinglePlus218Single,2450,7.03495123694614,5.518688893825059e-05,0.13340730847117874,0.4389326259640071
bind_f010,440SinglePlus218Single,2500,7.170154762116897,5.4284321619322426e-05,0.13162253290017634,0.4383787393582662
bind_f010,440SinglePlus218Single,2550,7.303762097497316,5.34170837780894e-05,0.12989756753818305,0.43779878856288207
bind_f010,440SinglePlus218Single,2600,7.435794310264569,5.25831797761357e-05,0.12822927438763762,0.4371975582303114
bind_f010,440SinglePlus218Single,2650,7.566276681031263,5.178075405510555e-05,0.1266147236475693,0.43657966273381527
bind_f010,440SinglePlus218Single,2700,7.695253450869456,5.100807515913261e-05,0.1250511723693911,0.43594922617863696
bind_f010,440SinglePlus218Single,2750,7.822751304870231,5.026353845439993e-05,0.12353605862426137,0.4353100405909522
bind_f010,440SinglePlus218Single,2800,7.948808866191737,4.9545641583817304e-05,0.12206698147555088,0.4346657289352877
bind_f010,440SinglePlus218Single,2850,8.073462651274403,4.8852981522261585e-05,0.12064169333496574,0.434019497179884
bind_f010,440SinglePlus218Single,2900,8.196750581037135,4.818425525481034e-05,0.11925808727571734,0.4333743471908477
bind_f010,440SinglePlus218Single,2950,8.3187007450495,4.7538238320744905e-05,0.11791418661889033,0.43273294559277475
bind_f010,440SinglePlus218Single,3000,8.443352423414447,4.691378975033254e-05,0.11660813935150272,0.43209781462546987
bind_f010,440SinglePlus218Single,3050,8.580742721575572,4.630984005140979e-05,0.11533820377354313,0.4314712204588519
bind_f010,440SinglePlus218Single,3100,8.717411820038203,4.572538771855615e-05,0.1141027439061402,0.4308551868051463
bind_f010,440SinglePlus218Single,3150,8.853381488218751,4.5159494709452595e-05,0.11290022369847602,0.43025171475903
bind_f010,440SinglePlus218Single,3200,8.98867068657667,4.461128477440847e-05,0.11172919469510678,0.4296624191238208
bind_f010,440SinglePlus218Single,3250,9.123306802442283,4.407992702592535e-05,0.11058829565852071,0.4290888700439146
bind_f010,440SinglePlus218Single,3300,9.257315818667433,4.3564648125563525e-05,0.10947624381133075,0.4285324949306839
bind_f010,440SinglePlus218Single,3350,9.39070475764451,4.30647199990462e-05,0.10839182951537321,0.427994469513074
bind_f010,440SinglePlus218Single,3400,9.523490473115254,4.25794549375117e-05,0.10733391258687573,0.42747599089747934
bind_f010,440SinglePlus218Single,3450,9.65570316136694,4.210821069083224e-05,0.10630141528896839,0.4269779869139668
bind_f010,440SinglePlus218Single,3500,9.787342120160332,4.165037551630769e-05,0.1052933212995293,0.4265014839231743
bind_f010,440SinglePlus218Single,3550,9.918445270414336,4.1205379585259596e-05,0.10430866919787445,0.4260471179553051
bind_f010,440SinglePlus218Single,3600,10.049021038999822,4.077267991737253e-05,0.10334655013847593,0.42561562474261166
bind_f010,440SinglePlus218Single,3650,10.179096813247112,4.035176723509012e-05,0.10240610402230796,0.4252076615479493
bind_f010,440SinglePlus218Single,3700,10.308671890916965,3.9942159141712705e-05,0.10148651640747884,0.42482373860721445
bind_f010,440SinglePlus218Single,3750,10.437770850382751,3.954340148936167e-05,0.10058701645847591,0.4244643014867683
bind_f010,440SinglePlus218Single,3800,10.566390180448273,3.9155065284378225e-05,0.09970687142339171,0.42412972671094934
bind_f010,440SinglePlus218Single,3850,10.694575526664067,3.8776741121792695e-05,0.09884538793992591,0.42382031947561755
bind_f010,440SinglePlus218Single,3900,10.822314950963072,3.840804384157105e-05,0.09800190599353528,0.42353634988402
bind_f010,440SinglePlus218Single,3950,10.94962881828322,3.8048609234796535e-05,0.09717580077511528,0.4232779982865901
bind_f010,440SinglePlus218Single,4000,11.076542409237115,3.7698092051817324e-05,0.09636647574864285,0.42304550919739425
bind_f010,440SinglePlus218Single,4050,11.203052212628561,3.7356160289426656e-05,0.09557336678045811,0.4228388437210337
bind_f010,440SinglePlus218Single,4100,11.329174379960058,3.7022505533526904e-05,0.0947959350286379,0.4226581697338531
bind_f010,440SinglePlus218Single,4150,11.454915933623996,3.669682784792059e-05,0.09403366670916438,0.4225035579470936
bind_f010,440SinglePlus218Single,4200,11.580291620644394,3.637885076020983e-05,0.09328607341905135,0.4223748375064865
bind_f010,440SinglePlus218Single,4250,11.705311974609838,3.6068302348624904e-05,0.09255268967663062,0.4222721153381089
bind_f010,440SinglePlus218Single,4300,11.829976995520328,3.5764930577403e-05,0.0918330723983588,0.4221953038433978
bind_f010,440SinglePlus218Single,4350,11.95430423935684,3.5468495343641674e-05,0.09112679535984754,0.422144259042927
bind_f010,440SinglePlus218Single,4400,12.078302835229481,3.517876375023972e-05,0.09043345392866904,0.4221188818470419
bind_f010,440SinglePlus218Single,4450,12.20196014283195,3.489551679981077e-05,0.08975266206486826,0.42211903834043285
bind_f010,440SinglePlus218Single,4500,12.325290206949026,3.461854768349854e-05,0.08908404948795122,0.42214449108167207
bind_f010,440SinglePlus218Single,4550,12.448318308193315,3.4347654167872874e-05,0.08842726265383444,0.4221952414618021
bind_f010,440SinglePlus218Single,4600,12.571040233129382,3.408264521749386e-05,0.08778196204367136,0.42227092807996336
bind_f010,440SinglePlus218Single,4650,12.693436319058536,3.382334072804195e-05,0.08714782275378731,0.42237138128819024
bind_f010,440SinglePlus218Single,4700,12.815534655550337,3.356956879102803e-05,0.08652453523252213,0.42249632777314283
bind_f010,440SinglePlus218Single,4750,12.937347882911087,3.33211574262924e-05,0.08591180031069284,0.42264562377319154
bind_f010,440SinglePlus218Single,4800,13.058861956356006,3.307795534291201e-05,0.08530933080919753,0.4228190256180312
bind_f010,440SinglePlus218Single,4850,13.180086707234443,3.283980726196904e-05,0.08471685493963671,0.42301621823614566
bind_f010,440SinglePlus218Single,4900,13.30102494450335,3.260656707125776e-05,0.08413410753313359,0.42323689769390804
bind_f010,440SinglePlus218Single,4950,13.421659814420991,3.237809834940905e-05,0.0835608359409258,0.4234808564192293
bind_f010,440SinglePlus218Single,5000,13.542030642384756,3.2154267780773925e-05,0.08299679724544665,0.42374782248106646
bind_f010,440SinglePlus218Single,5050,13.662126192566815,3.193494465690105e-05,0.08244175601364355,0.4240375093274008
bind_f010,440SinglePlus218Single,5100,13.781929611225435,3.172000927178179e-05,0.08189548859098594,0.4243495732421606
bind_f010,440SinglePlus218Single,5150,13.90145072970996,3.15093457893332e-05,0.08135777711268921,0.4246838052478031
bind_f010,440SinglePlus218Single,5200,14.020685334584957,3.1302841648517407e-05,0.08082841353187302,0.4250398607932777
bind_f010,440SinglePlus218Single,5250,14.139647470635207,3.110038597823765e-05,0.08030719568574848,0.4254174513560141
bind_f010,440SinglePlus218Single,5300,14.25833011546832,3.0901877189171026e-05,0.07979393103762035,0.42581625184531596
bind_f010,440SinglePlus218Single,5350,14.376734673562773,3.070721384442961e-05,0.07928843177750565,0.42623604359422057
bind_f010,440SinglePlus218Single,5400,14.494863953875523,3.0516304051385835e-05,0.07879051795096331,0.42667646062407594
bind_f010,440SinglePlus218Single,5450,14.612708125057221,3.0329057522732448e-05,0.07830001609201394,0.42713721766137486
bind_f010,440SinglePlus218Single,5500,14.730264378150915,3.0145381632556486e-05,0.077816758413577,0.4276179725449347
bind_f010,440SinglePlus218Single,5550,14.847550971376817,2.996519241670161e-05,0.07734058088462738,0.4281185429153417
bind_f010,440SinglePlus218Single,5600,14.964555264428624,2.978840790835447e-05,0.07687132766805439,0.42863842104983807
bind_f010,440SinglePlus218Single,5650,15.08127585282786,2.9614947932759646e-05,0.07640884610644721,0.42917758532093986
bind_f010,440SinglePlus218Single,5700,15.1977015007467,2.9444742390068868e-05,0.07595299022104707,0.42973549954193596
bind_f010,440SinglePlus218Single,5750,15.31386310671166,2.9277714437640756e-05,0.07550361731921452,0.43031196294750246
bind_f010,440SinglePlus218Single,5800,15.42973258115318,2.911379437543036e-05,0.07506059089349879,0.4309067106996839
bind_f010,440SinglePlus218Single,5850,15.545298688243436,2.8952914461190355e-05,0.07462377755958823,0.4315194086213675
bind_f010,440SinglePlus218Single,5900,15.660569854853295,2.8795011657222467e-05,0.07419304842712038,0.43214978881570604
bind_f010,440SinglePlus218Single,5950,15.77557276607384,2.8640019878774577e-05,0.07376827906283483,0.4327975785114732
bind_f010,440SinglePlus218Single,6000,15.890254051722904,2.8487878734586994e-05,0.07334934695564314,0.43346240936119595
bind_f010,440SinglePlus218Single,6050,16.004660059590265,2.8338530174720178e-05,0.0729361351992951,0.4341441025701132
bind_f010,440SinglePlus218Single,6100,16.11876550906332,2.8191922203501418e-05,0.07252852915105029,0.434842344123426
bind_f010,440SinglePlus218Single,6150,16.232566186706627,2.8047996796117237e-05,0.07212641886818665,0.435556900330972
bind_f010,440SinglePlus218Single,6200,16.346063496998674,2.7906699067960813e-05,0.0717296982905398,0.4362874203505491
bind_f010,440SinglePlus218Single,6250,16.45925182202554,2.7767977874486996e-05,0.0713382615650889,0.43703367881632865
bind_f010,440SinglePlus218Single,6300,16.57214380209353,2.7631787373060184e-05,0.07095200801826393,0.4377954458291822
bind_f010,440SinglePlus218Single,6350,16.684707134197655,2.7498079508369625e-05,0.07057083942621785,0.43857233410798974
bind_f010,440SinglePlus218Single,6400,16.79697693029986,2.7366807764935074e-05,0.07019466063647224,0.43936424598876617
bind_f010,440SinglePlus218Single,6450,16.908929314266018,2.7237925767244792e-05,0.06982337675457133,0.440170824715189
bind_f010,440SinglePlus218Single,6500,17.020574117445474,2.711139535475712e-05,0.06945689943400246,0.44099185553702935
bind_f010,440SinglePlus218Single,6550,17.131890272661064,2.6987169182155255e-05,0.06909513915067744,0.441827073840166
bind_f010,440SinglePlus218Single,6600,17.242901656046907,2.686521001744558e-05,0.06873801055642648,0.44267625064132504
bind_f010,440SinglePlus218Single,6650,17.35357877355497,2.674547501312814e-05,0.06838543108153518,0.4435391837629362
bind_f010,440SinglePlus218Single,6700,17.463937074448506,2.6627934430111495e-05,0.06803731926167687,0.4444155506084745
bind_f010,440SinglePlus218Single,6750,17.573949873636437,2.6512547486931143e-05,0.06769359543904205,0.4453051900574925
bind_f010,440SinglePlus218Single,6800,17.683635429338977,2.6399279456681933e-05,0.0673541838689429,0.4462077864849276
bind_f010,440SinglePlus218Single,6850,17.7929951460346,2.6288095687683745e-05,0.06701900896415197,0.44712321977905484
bind_f010,440SinglePlus218Single,6900,17.90199250728288,2.6178961924817377e-05,0.06668799730157673,0.4480511853762025
bind_f010,440SinglePlus218Single,6950,18.010658411610333,2.6071848625763643e-05,0.06636107802108533,0.4489915452488649
bind_f010,440SinglePlus218Single,7000,18.11901252171565,2.59667207690392e-05,0.0660381812687641,0.44994400557107767
bind_f010,440SinglePlus218Single,7050,18.22701691667993,2.586355064884338e-05,0.06571923946201814,0.4509083488898028
bind_f010,440SinglePlus218Single,7100,18.3346758099386,2.576230834955209e-05,0.06540418578943295,0.4518844929422077
bind_f010,440SinglePlus218Single,7150,18.441986392534705,2.566296578551363e-05,0.06509295657831074,0.4528720100386954
bind_f010,440SinglePlus218Single,7200,18.548955686860637,2.5565498732695086e-05,0.06478548827375995,0.45387089143277976
bind_f010,440SinglePlus218Single,7250,18.655586501873355,2.546987584695753e-05,0.06448171963059908,0.4548808082345384
bind_f010,440SinglePlus218Single,7300,18.761850748003294,2.537607173840497e-05,0.06418159134223855,0.4559018345423102
bind_f010,440SinglePlus218Single,7350,18.86777932377697,2.528406078058386e-05,0.06388504376475064,0.45693338506253206
bind_f010,440SinglePlus218Single,7400,18.973358184409605,2.5193821679090813e-05,0.06359201953919756,0.4579754981549288
bind_f010,440SinglePlus218Single,7450,19.078573285116416,2.5105328463000625e-05,0.0633024626162766,0.4590279602572452
bind_f010,440SinglePlus218Single,7500,19.183426030375884,2.5018561237875804e-05,0.06301631980252816,0.4600906100590901
bind_f010,440SinglePlus218Single,7550,19.287934678408224,2.493349458458489e-05,0.06273353495617942,0.46116323080173593
bind_f010,440SinglePlus218Single,7600,19.392068330686914,2.485010866265369e-05,0.0624540565423203,0.46224565451304317
bind_f010,440SinglePlus218Single,7650,19.49583400960435,2.4768378566525093e-05,0.06217783465656121,0.46333767548411325
bind_f010,440SinglePlus218Single,7700,19.599242950988355,2.468828784456362e-05,0.06190482051747771,0.4644391226432519
bind_f010,440SinglePlus218Single,7750,19.702286727968055,2.4609813490659117e-05,0.06163496309908668,0.46554982865327765
bind_f010,440SinglePlus218Single,7800,19.80495691367259,2.4532939498364994e-05,0.061368214512172115,0.4666697154855299
bind_f010,440SinglePlus218Single,7850,19.907260530494344,2.4457646693115867e-05,0.061104527950819595,0.46779861329831357
bind_f010,440SinglePlus218Single,7900,20.00919055604093,2.4383910981221034e-05,0.06084385824492162,0.4689362721835942
bind_f010,440SinglePlus218Single,7950,20.11074418135539,2.4311720467861492e-05,0.060586160665790915,0.47008252538236767
bind_f010,440SinglePlus218Single,8000,20.211942473614897,2.424105721426188e-05,0.06033139086234556,0.47123737645177416
bind_f010,440SinglePlus218Single,8050,20.312746107422065,2.4171905229299854e-05,0.06007950698927973,0.4724005361816406
bind_f010,440SinglePlus218Single,8100,20.41317755443254,2.4104242696817113e-05,0.05983046516494078,0.4735718355663398
bind_f010,440SinglePlus218Single,8150,20.513250859431103,2.403806094112164e-05,0.05958422502557255,0.4747511505408026
bind_f010,440SinglePlus218Single,8200,20.612932314934284,2.3973340759382116e-05,0.05934074595485143,0.475938488512177
bind_f010,440SinglePlus218Single,8250,20.712257032904034,2.3910067807101364e-05,0.059099988577753004,0.47713351278237226
bind_f010,440SinglePlus218Single,8300,20.8112025416847,2.384822900464825e-05,0.05886191344612551,0.4783361460529223
bind_f010,440SinglePlus218Single,8350,20.90977305471172,2.3787805932177333e-05,0.058626483326441416,0.47954634802794593
bind_f010,440SinglePlus218Single,8400,21.007954527200315,2.372878753069706e-05,0.05839366114339988,0.48076378684127963
bind_f010,440SinglePlus218Single,8450,21.105753981542872,2.3671161322883767e-05,0.0581634094911319,0.4819885505600905
bind_f010,440SinglePlus218Single,8500,21.203214956572207,2.361490948130564e-05,0.05793569407697375,0.48322030643909664
bind_f010,440SinglePlus218Single,8550,21.300281273149206,2.356002352459565e-05,0.05771047880781366,0.4844591469004658
bind_f010,440SinglePlus218Single,8600,21.396968380537125,2.3506489871781294e-05,0.0574877291267059,0.4857047767891398
bind_f010,440SinglePlus218Single,8650,21.493270660822045,2.3454297530558614e-05,0.05726741243027307,0.48695707603098687
bind_f010,440SinglePlus218Single,8700,21.589154406520503,2.340343462209568e-05,0.05704949482591442,0.4882160514676274
bind_f010,440SinglePlus218Single,8750,21.684675796771614,2.3353883384341285e-05,0.05683394279929696,0.4894814969370064
bind_f010,440SinglePlus218Single,8800,21.779809550962774,2.3305641716348603e-05,0.05662072520868117,0.4907532908749918
bind_f010,440SinglePlus218Single,8850,21.874593590012893,2.3258693035294002e-05,0.056409811464671694,0.4920313971337539
bind_f010,440SinglePlus218Single,8900,21.969018082572624,2.3213029525777988e-05,0.05620117057438415,0.4933155208920223
bind_f010,440SinglePlus218Single,8950,22.063047916680016,2.3168641447130416e-05,0.05599477071871074,0.49460571544817883
bind_f010,440SinglePlus218Single,9000,22.156699946076806,2.312551662608392e-05,0.05579058366154164,0.4959018600113017
bind_f010,440SinglePlus218Single,9050,22.249979788676903,2.3083640658192386e-05,0.05558858288688499,0.4972038326865107
bind_f010,440SinglePlus218Single,9100,22.342859354910747,2.304300671749549e-05,0.05538873668414991,0.49851159995815225
bind_f010,440SinglePlus218Single,9150,22.435399037352894,2.3003611318524796e-05,0.055191018086363265,0.49982482041998655
bind_f010,440SinglePlus218Single,9200,22.52756934195531,2.2965439368304903e-05,0.05499539950409295,0.5011436805938922
bind_f010,440SinglePlus218Single,9250,22.619319707492778,2.292848348807225e-05,0.054801853655543145,0.5024678825819505
bind_f010,440SinglePlus218Single,9300,22.710699290712036,2.289273194231547e-05,0.05461035476991716,0.5037974370152597
bind_f010,440SinglePlus218Single,9350,22.801695451306774,2.2858182608245992e-05,0.05442087601956998,0.5051322670232191
bind_f010,440SinglePlus218Single,9400,22.892347514674388,2.282482174625484e-05,0.054233392591341,0.5064722055135925
bind_f010,440SinglePlus218Single,9450,22.982620368852917,2.2792645136536086e-05,0.05404787910232748,0.5078170865654372
bind_f010,440SinglePlus218Single,9500,23.072506991449973,2.276163860346925e-05,0.05386431016249539,0.5091669205662921
bind_f010,440SinglePlus218Single,9550,23.162020022771863,2.2731800605798928e-05,0.053682661494967567,0.5105216758593931
bind_f010,440SinglePlus218Single,9600,23.251165080732495,2.2703123504584126e-05,0.05350291145163269,0.5118811396978593
bind_f010,440SinglePlus218Single,9650,23.339947783245783,2.267559764426945e-05,0.05332503429932972,0.5132454136810373
bind_f010,440SinglePlus218Single,9700,23.428347063134556,2.2649216033776378e-05,0.05314900837577475,0.5146141070462792
bind_f010,440SinglePlus218Single,9750,23.516414886102503,2.262397085094527e-05,0.052974809772279176,0.5159874989464244
bind_f010,440SinglePlus218Single,9800,23.604066983440937,2.2599859764562958e-05,0.05280241582325631,0.5173651975364204
bind_f010,440SinglePlus218Single,9850,23.691344085025722,2.2576864978690387e-05,0.05263180552739072,0.5187473053614479
bind_f010,440SinglePlus218Single,9900,23.77827849386186,2.255498525458023e-05,0.052462958737195836,0.5201336980089767
bind_f010,440SinglePlus218Single,9950,23.86483650246587,2.253421682394792e-05,0.05229585268327895,0.5215242540823845
bind_f010,440SinglePlus218Single,10000,23.96773421368385,2.2514556885479708e-05,0.052130466690536954,0.5229189820445327
bind_f010,440SingleComptonPlus218Single,50,2.129580236604236,0.000269632470572746,0.45985500621277015,0.20936654802035462
bind_f010,440SingleComptonPlus218Single,100,11.674705825707392,0.00023696416533480055,0.4239481396943904,0.25935154732575866
bind_f010,440SingleComptonPlus218Single,150,22.65620665717107,0.00021873031579363773,0.3930044564074028,0.2960638253287789
bind_f010,440SingleComptonPlus218Single,200,29.05241886222424,0.00020331772487172195,0.3664069724562865,0.3247788398297344
bind_f010,440SingleComptonPlus218Single,250,37.2386121096181,0.00018937186145484404,0.3435878812656697,0.34687789271295943
bind_f010,440SingleComptonPlus218Single,300,53.0752255444039,0.0001769326749901327,0.3239807153526656,0.36388133641922504
bind_f010,440SingleComptonPlus218Single,350,69.2881204896509,0.00016605145593797958,0.30705817908353056,0.37710525291753366
bind_f010,440SingleComptonPlus218Single,400,84.87823836058647,0.00015665757087886516,0.2923647679875801,0.3875216505229397
bind_f010,440SingleComptonPlus218Single,450,99.18489826247806,0.00014859684327481735,0.27952410307011066,0.39580692684967095
bind_f010,440SingleComptonPlus218Single,500,111.87753265848474,0.0001416769844889875,0.26823091924286385,0.40242950458687043
bind_f010,440SingleComptonPlus218Single,550,122.87712590961551,0.00013570124885483806,0.25823847896415253,0.4077215107369308
bind_f010,440SingleComptonPlus218Single,600,132.26339504513763,0.00013048885458327004,0.24934656740106076,0.41192769668399504
bind_f010,440SingleComptonPlus218Single,650,140.19861417929434,0.00012588450308596478,0.2413916120673266,0.41523606301219773
bind_f010,440SingleComptonPlus218Single,700,146.8767579671755,0.00012176061176140301,0.2342389834246746,0.41779610680151674
bind_f010,440SingleComptonPlus218Single,750,152.49170907826107,0.0001180155134288321,0.2277771112759666,0.4197304317243437
bind_f010,440SingleComptonPlus218Single,800,157.22229903659445,0.00011456990781483141,0.22191295163034352,0.4211413361457286
bind_f010,440SingleComptonPlus218Single,850,161.22591522088763,0.0001113628793467728,0.21656849826852786,0.4221153156616572
bind_f010,440SingleComptonPlus218Single,900,164.63640819189348,0.00010834819267310486,0.21167801557689792,0.4227259936028828
bind_f010,440SingleComptonPlus218Single,950,167.56562095317213,0.00010549099263741425,0.20718587629374152,0.4230365229719745
bind_f010,440SingleComptonPlus218Single,1000,170.10599904277476,0.00010276516666882658,0.20304463092088124,0.4231009531911364
bind_f010,440SingleComptonPlus218Single,1050,172.33293616629848,0.00010015136510667356,0.19921387508681784,0.42296571068735345
bind_f010,440SingleComptonPlus218Single,1100,174.3070508407341,9.763528157697183e-05,0.19565911757926063,0.4226705649409722
bind_f010,440SingleComptonPlus218Single,1150,176.07733690160845,9.520625114317915e-05,0.1923506859087467,0.42224948605979173
bind_f010,440SingleComptonPlus218Single,1200,177.682382312317,9.28563397414819e-05,0.1892629266657806,0.42173160533894866
bind_f010,440SingleComptonPlus218Single,1250,179.15343918385767,9.057958362327902e-05,0.18637347620071587,0.4211418406177162
bind_f010,440SingleComptonPlus218Single,1300,180.515079172302,8.837152464053993e-05,0.1836630320423225,0.4205013712945018
bind_f010,440SingleComptonPlus218Single,1350,181.7868032269702,8.622869832377197e-05,0.1811147567922335,0.4198282194722269
bind_f010,440SingleComptonPlus218Single,1400,182.9832945508587,8.414834383776953e-05,0.17871387962361318,0.4191376015572423
bind_f010,440SingleComptonPlus218Single,1450,184.11646528046268,8.212817993319136e-05,0.17644737953163453,0.41844262150867795
bind_f010,440SingleComptonPlus218Single,1500,185.19560596239225,8.016629961951426e-05,0.17430375911669463,0.41775408792130364
bind_f010,440SingleComptonPlus218Single,1550,186.22783398322125,7.826098829187309e-05,0.17227280694659583,0.41708115341538926
bind_f010,440SingleComptonPlus218Single,1600,187.21884095256848,7.641071316878476e-05,0.17034544598614443,0.41643159105986244
bind_f010,440SingleComptonPlus218Single,1650,188.17309967072026,7.461403157674209e-05,0.16851356425423025,0.4158118267017706
bind_f010,440SingleComptonPlus218Single,1700,189.09391012143539,7.286957967216911e-05,0.16676988651381175,0.41522705843519925
bind_f010,440SingleComptonPlus218Single,1750,189.98436532085012,7.117602305356256e-05,0.16510788346187333,0.4146817536487138
bind_f010,440SingleComptonPlus218Single,1800,190.84593703872451,6.953205514583261e-05,0.16352165131006635,0.4141794713821339
bind_f010,440SingleComptonPlus218Single,1850,191.68103989732106,6.793639421459139e-05,0.16200586993731667,0.4137229781318702
bind_f010,440SingleComptonPlus218Single,1900,192.4909846915823,6.63877786834374e-05,0.16055561776880975,0.4133147319814056
bind_f010,440SingleComptonPlus218Single,1950,193.27701322724326,6.488496941719245e-05,0.15916651310800645,0.4129563067193097
bind_f010,440SingleComptonPlus218Single,2000,194.0398958837877,6.342674087108354e-05,0.15783458335535458,0.4126492171910579
bind_f010,440SingleComptonPlus218Single,2050,196.17044358623147,6.201185536577203e-05,0.15655619187243613,0.4123942050170544
bind_f010,440SingleComptonPlus218Single,2100,199.97680812807846,6.06390750342116e-05,0.15532800385598394,0.4121921842267573
bind_f010,440SingleComptonPlus218Single,2150,203.6343169565411,5.930719514589628e-05,0.1541469412960988,0.4120434961602812
bind_f010,440SingleComptonPlus218Single,2200,207.149432060722,5.8015013263573426e-05,0.15301019312963116,0.41194835127599255
bind_f010,440SingleComptonPlus218Single,2250,210.5280405196612,5.6761345800816754e-05,0.15191515791174678,0.41190673207491774
bind_f010,440SingleComptonPlus218Single,2300,213.7751095562988,5.554502431588378e-05,0.15085943482283198,0.41191861671458485
bind_f010,440SingleComptonPlus218Single,2350,216.89643426406482,5.436491841120392e-05,0.1498408173583514,0.411983793953081
bind_f010,440SingleComptonPlus218Single,2400,219.89675190187435,5.321990912551849e-05,0.14885723799264108,0.41210159507799615
bind_f010,440SingleComptonPlus218Single,2450,222.78174258114495,5.210890091308231e-05,0.14790679843516208,0.41227190082003157
bind_f010,440SingleComptonPlus218Single,2500,225.5558906003642,5.103082420187219e-05,0.14698773624678702,0.4124940363790801
bind_f010,440SingleComptonPlus218Single,2550,228.22395621484964,4.998465841436405e-05,0.14609839469385755,0.4127673407548464
bind_f010,440SingleComptonPlus218Single,2600,230.7904467194913,4.896937881635242e-05,0.14523724934462579,0.41309129501558944
bind_f010,440SingleComptonPlus218Single,2650,233.2597544271668,4.798400858783361e-05,0.14440288288752867,0.4134651109264237
bind_f010,440SingleComptonPlus218Single,2700,235.63601869032613,4.7027591834380164e-05,0.1435939555739253,0.4138881787917975
bind_f010,440SingleComptonPlus218Single,2750,237.92340185782186,4.609919810277206e-05,0.1428092211760969,0.41435956152316644
bind_f010,440SingleComptonPlus218Single,2800,240.12556035765155,4.519792305381902e-05,0.14204752038674692,0.41487865833084253
bind_f010,440SingleComptonPlus218Single,2850,242.24617361421522,4.432290119206693e-05,0.14130775868720405,0.4154445707787972
bind_f010,440SingleComptonPlus218Single,2900,244.28887505910794,4.3473289890603806e-05,0.14058892058272043,0.4160565185355604
bind_f010,440SingleComptonPlus218Single,2950,246.25743610233974,4.264826446802921e-05,0.13989004552331966,0.4167138366954998
bind_f010,440SingleComptonPlus218Single,3000,248.15452432660067,4.184703072468694e-05,0.1392102305302438,0.4174154664624009
bind_f010,440SingleComptonPlus218Single,3050,249.98287630378823,4.106882567386822e-05,0.13854863718623342,0.418160701974589
bind_f010,440SingleComptonPlus218Single,3100,251.74635542952248,4.031290955105357e-05,0.13790447104915265,0.41894875183486624
bind_f010,440SingleComptonPlus218Single,3150,253.44684740880848,3.9578546353283415e-05,0.1372769657463035,0.4197787385836813
bind_f010,440SingleComptonPlus218Single,3200,255.08747975238623,3.886506204389593e-05,0.13666543496393838,0.4206498252912192
bind_f010,440SingleComptonPlus218Single,3250,256.6712419925808,3.817177200853541e-05,0.13606920516381393,0.42156122253547423
bind_f010,440SingleComptonPlus218Single,3300,258.20034178403216,3.749803460543422e-05,0.13548765906074547,0.42251210039202397
bind_f010,440SingleComptonPlus218Single,3350,259.67666483174537,3.684321776001179e-05,0.1349201973942192,0.42350161334199826
bind_f010,440SingleComptonPlus218Single,3400,261.1029707040205,3.620671875111608e-05,0.13436625224964385,0.42452901667180587
bind_f010,440SingleComptonPlus218Single,3450,262.481260087875,3.5587949332295124e-05,0.13382529803125084,0.4255934104951639
bind_f010,440SingleComptonPlus218Single,3500,263.81339569191147,3.49863444558222e-05,0.13329683591727687,0.426694031601811
bind_f010,440SingleComptonPlus218Single,3550,265.1013322103423,3.440135287406445e-05,0.13278038669015618,0.42783014275642706
bind_f010,440SingleComptonPlus218Single,3600,266.3472083086002,3.383244656149778e-05,0.1322755079430738,0.42900087610545706
bind_f010,440SingleComptonPlus218Single,3650,267.5523577780301,3.327911866325185e-05,0.13178176265701652,0.43020551536565454
bind_f010,440SingleComptonPlus218Single,3700,268.71848235241697,3.2740876687721335e-05,0.13129874873506572,0.4314432063811716
bind_f010,440SingleComptonPlus218Single,3750,269.8474447403634,3.221723779403988e-05,0.1308260821486657,0.43271328030284784
bind_f010,440SingleComptonPlus218Single,3800,270.94117663967944,3.170774838875498e-05,0.130363396026311,0.4340148285555355
bind_f010,440SingleComptonPlus218Single,3850,272.0007128884775,3.121195677520624e-05,0.12991035131190073,0.43534714778508443
bind_f010,440SingleComptonPlus218Single,3900,273.0272722960902,3.072944290087873e-05,0.129466614543725,0.4367096310150906
bind_f010,440SingleComptonPlus218Single,3950,274.02214266105744,3.0259783249695438e-05,0.1290318661519012,0.4381014106690521
bind_f010,440SingleComptonPlus218Single,4000,274.98638181789437,2.980257994194443e-05,0.12860581248564246,0.4395218367042977
bind_f010,440SingleComptonPlus218Single,4050,275.92215142843594,2.9357446118242073e-05,0.1281881607615399,0.44097016199548283
bind_f010,440SingleComptonPlus218Single,4100,276.83032535597715,2.8924007359850417e-05,0.12777863650536045,0.44244569357767527
bind_f010,440SingleComptonPlus218Single,4150,277.71186944942303,2.8501900107383424e-05,0.12737698688006616,0.44394769834837133
bind_f010,440SingleComptonPlus218Single,4200,278.56761157926354,2.8090779956640333e-05,0.1269829639173129,0.44547547495670964
bind_f010,440SingleComptonPlus218Single,4250,279.39913849727134,2.769030560057129e-05,0.12659632728784215,0.4470284682189219
bind_f010,440SingleComptonPlus218Single,4300,280.2071860883263,2.730014650003252e-05,0.12621686033719387,0.448605839991846
bind_f010,440SingleComptonPlus218Single,4350,280.993433089811,2.6919987725094753e-05,0.125844351065949,0.45020707417065875
bind_f010,440SingleComptonPlus218Single,4400,281.7568676600154,2.6549527727268354e-05,0.12547857130633744,0.4518314043013345
bind_f010,440SingleComptonPlus218Single,4450,282.4994214967496,2.618847475784224e-05,0.12511933093561328,0.45347811584968983
bind_f010,440SingleComptonPlus218Single,4500,283.22130156763603,2.5836542113492654e-05,0.12476643994048256,0.4551467457206019
bind_f010,440SingleComptonPlus218Single,4550,283.9242785956672,2.549345314549467e-05,0.12441972363221705,0.45683664948047353
bind_f010,440SingleComptonPlus218Single,4600,284.60876651608817,2.5158940162501797e-05,0.1240790021806131,0.4585471244409561
bind_f010,440SingleComptonPlus218Single,4650,285.27515626774135,2.4832752977627846e-05,0.12374411216153383,0.4602775229088354
bind_f010,440SingleComptonPlus218Single,4700,285.9244596923369,2.451463833753743e-05,0.12341488854793634,0.46202747085425827
bind_f010,440SingleComptonPlus218Single,4750,286.5575276567672,2.420435225848703e-05,0.12309120032033848,0.4637962672087222
bind_f010,440SingleComptonPlus218Single,4800,287.1747510998748,2.3901660034460904e-05,0.12277287264451847,0.46558344273061525
bind_f010,440SingleComptonPlus218Single,4850,287.77610702525726,2.3606344401857104e-05,0.1224597595858407,0.4673882145073516
bind_f010,440SingleComptonPlus218Single,4900,288.3628372386495,2.3318188250187827e-05,0.12215173391157969,0.46921006387934416
bind_f010,440SingleComptonPlus218Single,4950,288.93560863572407,2.303697623467767e-05,0.12184867796083776,0.47104870620694844
bind_f010,440SingleComptonPlus218Single,5000,289.49453619849345,2.2762500838708915e-05,0.12155045535234459,0.4729033471455046
bind_f010,440SingleComptonPlus218Single,5050,290.0401488442152,2.249457145466958e-05,0.12125693986681477,0.4747734792035958
bind_f010,440SingleComptonPlus218Single,5100,290.57242357648676,2.223299966062183e-05,0.12096801550428758,0.4766586740034571
bind_f010,440SingleComptonPlus218Single,5150,291.09218826579814,2.197759731636722e-05,0.12068357362107977,0.47855827809627705
bind_f010,440SingleComptonPlus218Single,5200,291.59955789416193,2.1728181049313182e-05,0.1204034945874307,0.48047205007330773
bind_f010,440SingleComptonPlus218Single,5250,292.09579726371555,2.1484580770869157e-05,0.12012769454351954,0.48239920164928257
bind_f010,440SingleComptonPlus218Single,5300,292.581182331289,2.1246636950423645e-05,0.11985606023903037,0.4843394858400707
bind_f010,440SingleComptonPlus218Single,5350,293.0563110033474,2.101417712977849e-05,0.11958849672111665,0.48629238827258175
bind_f010,440SingleComptonPlus218Single,5400,293.52058537342566,2.0787049907887223e-05,0.11932490496043108,0.4882571637667408
bind_f010,440SingleComptonPlus218Single,5450,293.97444237317126,2.0565110633607107e-05,0.11906520364127597,0.4902334754923637
bind_f010,440SingleComptonPlus218Single,5500,294.4184569126467,2.0348203113594156e-05,0.1188092986740682,0.492221035037422
bind_f010,440SingleComptonPlus218Single,5550,294.8533188839271,2.0136188364839614e-05,0.11855710563977702,0.49421955407648055
bind_f010,440SingleComptonPlus218Single,5600,295.27951121146486,1.9928930142465867e-05,0.11830853638802284,0.4962282390121205
bind_f010,440SingleComptonPlus218Single,5650,295.69602205355,1.9726292731034356e-05,0.11806351559596212,0.4982472112350705
bind_f010,440SingleComptonPlus218Single,5700,296.1038172590875,1.9528146162712603e-05,0.1178219658740929,0.5002754482902609
bind_f010,440SingleComptonPlus218Single,5750,296.50367870576247,1.9334368949036532e-05,0.11758382595095393,0.5023129338753368
bind_f010,440SingleComptonPlus218Single,5800,296.8948705086948,1.9144837375626757e-05,0.11734899424352302,0.5043593309308861
bind_f010,440SingleComptonPlus218Single,5850,297.27842750599706,1.8959434289046117e-05,0.11711742928378673,0.5064141660084142
bind_f010,440SingleComptonPlus218Single,5900,297.65428070846167,1.8778046660246093e-05,0.11688904912629883,0.5084766885122812
bind_f010,440SingleComptonPlus218Single,5950,298.02295903334624,1.8600566476351394e-05,0.11666378939653746,0.5105468348344835
bind_f010,440SingleComptonPlus218Single,6000,298.3840485454057,1.842687776479319e-05,0.11644159313918946,0.5126243605521796
bind_f010,440SingleComptonPlus218Single,6050,298.73874505757004,1.8256885422210498e-05,0.11622239561591714,0.5147088332368392
bind_f010,440SingleComptonPlus218Single,6100,299.0862206993493,1.809048772865454e-05,0.11600612568035727,0.5168001439648436
bind_f010,440SingleComptonPlus218Single,6150,299.42656745635355,1.792759011953513e-05,0.11579272873014157,0.5188976787592668
bind_f010,440SingleComptonPlus218Single,6200,299.76082016669517,1.7768098403242426e-05,0.11558215444207016,0.5210011881258942
bind_f010,440SingleComptonPlus218Single,6250,300.0893467728142,1.7611916623142868e-05,0.11537435518699704,0.5231103801772988
bind_f010,440SingleComptonPlus218Single,6300,300.4117103430632,1.7458959867940425e-05,0.11516925037330779,0.5252248655165299
bind_f010,440SingleComptonPlus218Single,6350,300.72855477671214,1.730914476467597e-05,0.1149668243654533,0.5273443567211163
bind_f010,440SingleComptonPlus218Single,6400,301.03912119247843,1.716238977722448e-05,0.1147670083110204,0.5294687318867025
bind_f010,440SingleComptonPlus218Single,6450,301.3432946083497,1.701860553470386e-05,0.1145697548913879,0.5315974302188137
bind_f010,440SingleComptonPlus218Single,6500,301.6427997545134,1.6877719265078295e-05,0.11437500806469532,0.5337303332723194
bind_f010,440SingleComptonPlus218Single,6550,301.93648681084454,1.673965190075058e-05,0.11418271750835403,0.5358671417271015
bind_f010,440SingleComptonPlus218Single,6600,302.22490769100307,1.6604332096592385e-05,0.11399285298496863,0.5380079365166042
bind_f010,440SingleComptonPlus218Single,6650,302.5088442726741,1.647168928845596e-05,0.11380537720995522,0.5401518090582474
bind_f010,440SingleComptonPlus218Single,6700,302.78749168177,1.6341656090593903e-05,0.11362022933494874,0.5422990789316542
bind_f010,440SingleComptonPlus218Single,6750,303.0613328427434,1.621416267286115e-05,0.11343737614839232,0.5444490627892212
bind_f010,440SingleComptonPlus218Single,6800,303.33032176278925,1.6089139835612746e-05,0.11325677031884314,0.5466020156203212
bind_f010,440SingleComptonPlus218Single,6850,303.594895373555,1.5966527421008457e-05,0.11307837083332241,0.5487574160564797
bind_f010,440SingleComptonPlus218Single,6900,303.8543867793682,1.5846267384339842e-05,0.11290215087624557,0.5509149250825277
bind_f010,440SingleComptonPlus218Single,6950,304.10969283992637,1.5728298438644558e-05,0.112728060781459,0.553074507557684
bind_f010,440SingleComptonPlus218Single,7000,304.36046860919197,1.561256435462064e-05,0.11255606705895504,0.555235959504784
bind_f010,440SingleComptonPlus218Single,7050,304.607725928875,1.549900479452301e-05,0.11238613667921053,0.5573990213917691
bind_f010,440SingleComptonPlus218Single,7100,304.851027867328,1.5387568221142732e-05,0.11221824384118359,0.5595635901906496
bind_f010,440SingleComptonPlus218Single,7150,305.08979951448845,1.527820128243629e-05,0.11205232197425359,0.5617291624208463
bind_f010,440SingleComptonPlus218Single,7200,305.3259495717639,1.517084898810085e-05,0.11188838449373432,0.5638956462387062
bind_f010,440SingleComptonPlus218Single,7250,305.5575233449417,1.506546623510493e-05,0.11172637520814023,0.5660629504710506
bind_f010,440SingleComptonPlus218Single,7300,305.78532570810955,1.4961999580898479e-05,0.11156624916639692,0.5682309726916889
bind_f010,440SingleComptonPlus218Single,7350,306.0094026540723,1.4860404621870224e-05,0.11140799456702691,0.5703995738710275
bind_f010,440SingleComptonPlus218Single,7400,306.23014512167254,1.4760635885030069e-05,0.11125156568015421,0.5725685542352226
bind_f010,440SingleComptonPlus218Single,7450,306.4476450965202,1.4662648788562509e-05,0.11109693316895848,0.5747376108417791
bind_f010,440SingleComptonPlus218Single,7500,306.66135066495536,1.4566403396782196e-05,0.11094409112093728,0.5769064994741869
bind_f010,440SingleComptonPlus218Single,7550,306.87181374063795,1.447185536013221e-05,0.11079299612832966,0.5790754916774652
bind_f010,440SingleComptonPlus218Single,7600,307.078528402713,1.4378964690737663e-05,0.11064360757616373,0.5812441614483963
bind_f010,440SingleComptonPlus218Single,7650,307.28255248569553,1.4287689447172859e-05,0.1104959210756152,0.5834123781353658
bind_f010,440SingleComptonPlus218Single,7700,307.4836100327555,1.4197991374342495e-05,0.11034987565951629,0.585579708341347
bind_f010,440SingleComptonPlus218Single,7750,307.9112971264558,1.4109838244075495e-05,0.11020546353404069,0.587746669152059
bind_f010,440SingleComptonPlus218Single,7800,308.8140439030069,1.4023190640391636e-05,0.11006268243922042,0.589912465408244
bind_f010,440SingleComptonPlus218Single,7850,309.70791406819296,1.3938010956119314e-05,0.10992147807769742,0.59207735468861
bind_f010,440SingleComptonPlus218Single,7900,310.59221772993885,1.3854261946301623e-05,0.10978183235998938,0.5942414247877945
bind_f010,440SingleComptonPlus218Single,7950,311.4672768378797,1.3771918193704887e-05,0.10964372327564575,0.5964044144531534
bind_f010,440SingleComptonPlus218Single,8000,312.33352832366285,1.3690947159001127e-05,0.10950713197448213,0.5985655646754641
bind_f010,440SingleComptonPlus218Single,8050,313.19143211533844,1.3611314103222999e-05,0.10937203243276551,0.600725336332394
bind_f010,440SingleComptonPlus218Single,8100,314.04043629924644,1.353298859190636e-05,0.10923843026976493,0.6028834396739265
bind_f010,440SingleComptonPlus218Single,8150,314.8809778070343,1.345593735442947e-05,0.10910627077231373,0.6050399545111576
bind_f010,440SingleComptonPlus218Single,8200,315.7126886962621,1.3380135103301416e-05,0.10897552695595887,0.6071949614820157
bind_f010,440SingleComptonPlus218Single,8250,316.53598290217474,1.3305554465078023e-05,0.10884619251403413,0.6093479613519764
bind_f010,440SingleComptonPlus218Single,8300,317.3505384751373,1.3232167422556848e-05,0.10871824570038964,0.6114988349774391
bind_f010,440SingleComptonPlus218Single,8350,318.15716028923725,1.3159946549404755e-05,0.10859165561914498,0.6136477340966447
bind_f010,440SingleComptonPlus218Single,8400,318.9558253480721,1.3088863819541493e-05,0.1084664152815002,0.6157945395342759
bind_f010,440SingleComptonPlus218Single,8450,319.74605072718936,1.3018898594387811e-05,0.10834248151722119,0.6179389755231415
bind_f010,440SingleComptonPlus218Single,8500,320.5287332862865,1.2950026313714972e-05,0.10821987595045793,0.6200811474874396
bind_f010,440SingleComptonPlus218Single,8550,321.3034130973136,1.2882218355489634e-05,0.10809858187540453,0.6222208109314732
bind_f010,440SingleComptonPlus218Single,8600,322.0688943473405,1.2815452689675449e-05,0.10797853550431663,0.624358229788889
bind_f010,440SingleComptonPlus218Single,8650,322.82715472698237,1.2749707228588956e-05,0.10785974236525683,0.6264930127077422
bind_f010,440SingleComptonPlus218Single,8700,323.57830921825166,1.2684960141848845e-05,0.10774219867123207,0.6286249939815232
bind_f010,440SingleComptonPlus218Single,8750,324.32249579956334,1.2621189551301154e-05,0.10762587231704183,0.6307544823031479
bind_f010,440SingleComptonPlus218Single,8800,325.05817371194996,1.255837794295555e-05,0.1075107334301843,0.6328811510359239
bind_f010,440SingleComptonPlus218Single,8850,325.78750461724644,1.2496502026687659e-05,0.10739680692289276,0.6350051512740662
bind_f010,440SingleComptonPlus218Single,8900,326.51064949027034,1.2435541033517892e-05,0.10728404249994965,0.6371263376444195
bind_f010,440SingleComptonPlus218Single,8950,327.2262055504692,1.2375474533280877e-05,0.10717242824655708,0.6392444658021827
bind_f010,440SingleComptonPlus218Single,9000,327.9341268050379,1.2316290542085616e-05,0.10706194785782573,0.6413596721676806
bind_f010,440SingleComptonPlus218Single,9050,328.6349881640391,1.2257967050952e-05,0.10695259193727477,0.6434718091670024
bind_f010,440SingleComptonPlus218Single,9100,329.3293645375352,1.2200483753420995e-05,0.10684435421591662,0.6455810953771498
bind_f010,440SingleComptonPlus218Single,9150,330.01691097948867,1.2143823567436252e-05,0.10673721240337347,0.6476872790782916
bind_f010,440SingleComptonPlus218Single,9200,330.69815640715706,1.2087971817405111e-05,0.1066311379543818,0.6497904393306626
bind_f010,440SingleComptonPlus218Single,9250,331.37169803998785,1.2032911614456023e-05,0.1065261264791199,0.651890494838418
bind_f010,440SingleComptonPlus218Single,9300,332.0390996333511,1.1978630467481696e-05,0.10642217884549507,0.6539869264928638
bind_f010,440SingleComptonPlus218Single,9350,332.70056815486925,1.1925106022098212e-05,0.10631927550717113,0.6560801971084675
bind_f010,440SingleComptonPlus218Single,9400,333.3556436764924,1.1872326265218807e-05,0.10621738811600492,0.6581700517209641
bind_f010,440SingleComptonPlus218Single,9450,334.0054760183454,1.182027614436906e-05,0.10611649578380271,0.6602567856614991
bind_f010,440SingleComptonPlus218Single,9500,334.6482714610333,1.1768941621502079e-05,0.10601658682748746,0.662339780750286
bind_f010,440SingleComptonPlus218Single,9550,335.2854557815112,1.1718309613622231e-05,0.10591769947629721,0.664419138587817
bind_f010,440SingleComptonPlus218Single,9600,335.916155116484,1.1668366092079271e-05,0.10581978500408175,0.6664954552542031
bind_f010,440SingleComptonPlus218Single,9650,336.5397255666817,1.1619096208020449e-05,0.10572282365754007,0.6685682470437609
bind_f010,440SingleComptonPlus218Single,9700,337.1583287939393,1.1570489485212922e-05,0.10562684300636532,0.6706376750124756
bind_f010,440SingleComptonPlus218Single,9750,337.7708839673394,1.1522530317748383e-05,0.10553178004293266,0.6727034798067587
bind_f010,440SingleComptonPlus218Single,9800,338.37693115883184,1.1475205819287775e-05,0.10543766385846869,0.6747655818811742
bind_f010,440SingleComptonPlus218Single,9850,338.97718325689425,1.1428506717170247e-05,0.10534443633513706,0.6768238858096229
bind_f010,440SingleComptonPlus218Single,9900,339.57115733707406,1.1382417536203592e-05,0.10525211840812156,0.6788785682914539
bind_f010,440SingleComptonPlus218Single,9950,340.1607161079739,1.1336932054642477e-05,0.1051607238291292,0.680930011884137
bind_f010,440SingleComptonPlus218Single,10000,340.74450278184605,1.129203455041741e-05,0.1050701950836281,0.6829773442317117
huber_weak,440_SinglePhoton,50,0.6126976565008199,0.000297009724397141,0.4881707746553552,0.19706803843799078
huber_weak,440_SinglePhoton,100,0.6766579124433548,0.000276832307150816,0.4752213845975598,0.22477232076496223
huber_weak,440_SinglePhoton,150,0.6863876146650405,0.0002631568826696167,0.4625182326123338,0.23355044147416437
huber_weak,440_SinglePhoton,200,0.6803659586707026,0.0002503973378879932,0.45004886828707236,0.23852766223458816
huber_weak,440_SinglePhoton,250,0.6970227270987813,0.0002384149376223631,0.43782251816676065,0.24365000330646305
huber_weak,440_SinglePhoton,300,0.7709172518443553,0.00022722742059496422,0.4258642727141682,0.24978963173779317
huber_weak,440_SinglePhoton,350,0.8457878149751331,0.00021679629666912726,0.41420166204725484,0.2569221080314305
huber_weak,440_SinglePhoton,400,0.9210928890722775,0.00020706236242268986,0.40285926467809174,0.26479381541604635
huber_weak,440_SinglePhoton,450,0.9963259922553388,0.0001979660355336901,0.3918568801080788,0.2731294219557978
huber_weak,440_SinglePhoton,500,1.0710477796905868,0.00018945351287832154,0.38120917220372597,0.2816925236906771
huber_weak,440_SinglePhoton,550,1.1448910117324675,0.00018147753812640147,0.3709259017131815,0.29029724106630034
huber_weak,440_SinglePhoton,600,1.2175573313453607,0.0001739965833391982,0.36101241205315515,0.29880440035775624
huber_weak,440_SinglePhoton,650,1.2888131016066835,0.0001669738068573865,0.35147020089408415,0.30711348960198
huber_weak,440_SinglePhoton,700,1.35847570974936,0.00016037613827933394,0.342297510090268,0.3151546012327786
huber_weak,440_SinglePhoton,750,1.4264124929690727,0.0001541736187080635,0.333489876124131,0.3228813457232479
huber_weak,440_SinglePhoton,800,1.4932560165200102,0.00014833886171472098,0.3250406439433831,0.3302651707392445
huber_weak,440_SinglePhoton,850,1.559351364822309,0.0001428467052387438,0.31694142985754203,0.3372906882037062
huber_weak,440_SinglePhoton,900,1.6235393496273156,0.00013767392621277645,0.3091825216923397,0.34395217865989514
huber_weak,440_SinglePhoton,950,1.6857901620862865,0.00013279901206944336,0.30175322002948585,0.35025099177712155
huber_weak,440_SinglePhoton,1000,1.7460902405157843,0.00012820202989842825,0.29464213211043594,0.3561932155956015
huber_weak,440_SinglePhoton,1050,1.804442807494052,0.00012386446637008841,0.287837427543727,0.36178878084111676
huber_weak,440_SinglePhoton,1100,1.8608654529273296,0.00011976911204280906,0.2813270219294491,0.3670496704157639
huber_weak,440_SinglePhoton,1150,1.9153836888933706,0.00011589999003027542,0.27509876479345885,0.3719893445567536
huber_weak,440_SinglePhoton,1200,1.968032158108282,0.00011224224076931285,0.26914055389527103,0.3766221889850666
huber_weak,440_SinglePhoton,1250,2.0188508742519087,0.00010878205162434929,0.26344045290486645,0.3809628416257006
huber_weak,440_SinglePhoton,1300,2.0678858933382998,0.00010550658375681123,0.2579867695536159,0.3850260899746533
huber_weak,440_SinglePhoton,1350,2.1151840770260653,0.0001024038969750071,0.2527681160705139,0.38882665800838334
huber_weak,440_SinglePhoton,1400,2.160796852292992,9.946289712074643e-05,0.2477734565650393,0.3923785899236377
huber_weak,440_SinglePhoton,1450,2.2047756461168673,9.667328447997114e-05,0.24299214556736,0.3956957725558664
huber_weak,440_SinglePhoton,1500,2.2471734967645984,9.402546836773424e-05,0.23841393845637368,0.39879136805986815
huber_weak,440_SinglePhoton,1550,2.2880434425030947,9.151053305403285e-05,0.23402900897831017,0.40167807715753784
huber_weak,440_SinglePhoton,1600,2.327440267162478,8.912019991546211e-05,0.229827953325109,0.4043680705674878
huber_weak,440_SinglePhoton,1650,2.3654127122386672,8.684675945798595e-05,0.22580179286099072,0.4068728906214561
huber_weak,440_SinglePhoton,1700,2.402015830109972,8.468304209607888e-05,0.2219419607740876,0.4092034523571651
huber_weak,440_SinglePhoton,1750,2.4372976909018425,8.2622378378718e-05,0.21824030179826176,0.4113702305998074
huber_weak,440_SinglePhoton,1800,2.471307976028852,8.065855429463363e-05,0.2146890649877708,0.4133829313516836
huber_weak,440_SinglePhoton,1850,2.5040969040019454,7.87858012913001e-05,0.2112808907996014,0.41525083078210817
huber_weak,440_SinglePhoton,1900,2.5357101280128926,7.69987277489993e-05,0.20800879555685547,0.41698252228974325
huber_weak,440_SinglePhoton,1950,2.5661943754462095,7.529231727297507e-05,0.20486614751464255,0.4185860069504526
huber_weak,440_SinglePhoton,2000,2.5955936882045445,7.366189558354448e-05,0.20184666409865806,0.42006916173516845
huber_weak,440_SinglePhoton,2050,2.623953988027853,7.210309830229757e-05,0.19894438810075807,0.42143891829994895
huber_weak,440_SinglePhoton,2100,2.6513168998851016,7.061185879312385e-05,0.1961536832021446,0.42270212292025794
huber_weak,440_SinglePhoton,2150,2.6777219003597605,6.918437649532657e-05,0.19346921420656207,0.4238653163493996
huber_weak,440_SinglePhoton,2200,2.703210614420796,6.781709733797426e-05,0.19088592150462028,0.42493435181223144
huber_weak,440_SinglePhoton,2250,2.7278203702661834,6.650670686463536e-05,0.18839902432769928,0.42591511356245754
huber_weak,440_SinglePhoton,2300,2.7515844678710963,6.525010451089618e-05,0.18600399742270726,0.4268127486192788
huber_weak,440_SinglePhoton,2350,2.7745410410780704,6.404438662438444e-05,0.18369655413889305,0.4276323514849268
huber_weak,440_SinglePhoton,2400,2.796721510024971,6.288683558383954e-05,0.18147262862753263,0.4283785776810715
huber_weak,440_SinglePhoton,2450,2.818157294849662,6.177490939651158e-05,0.17932838741724857,0.42905596181186273
huber_weak,440_SinglePhoton,2500,2.838880352786382,6.070622503392416e-05,0.17726019445201935,0.42966862901102426
huber_weak,440_SinglePhoton,2550,2.858919955587501,5.967854746715072e-05,0.17526460500724356,0.4302204752136008
huber_weak,440_SinglePhoton,2600,2.878300541138024,5.868977960316747e-05,0.17333836554211643,0.4307152923015381
huber_weak,440_SinglePhoton,2650,2.8970508440939473,5.773795530557157e-05,0.17147838602488633,0.43115627942831247
huber_weak,440_SinglePhoton,2700,2.9151955708884634,5.682121965244507e-05,0.16968174149702261,0.43154700648743777
huber_weak,440_SinglePhoton,2750,2.9327605021475125,5.5937843702495864e-05,0.1679456552547287,0.43189035950648863
huber_weak,440_SinglePhoton,2800,2.9497687330151665,5.50861871485095e-05,0.16626749615459974,0.43218919635018344
huber_weak,440_SinglePhoton,2850,2.9662422844427483,5.426471689876498e-05,0.16464476855495327,0.43244622926405013
huber_weak,440_SinglePhoton,2900,2.9822031773815825,5.3471983891617434e-05,0.1630751026463072,0.4326640475774707
huber_weak,440_SinglePhoton,2950,2.997671821493872,5.270662718494541e-05,0.16155625096541829,0.4328451233660217
huber_weak,440_SinglePhoton,3000,3.0126662095081365,5.196736017201628e-05,0.16008607365220043,0.43299157627421647
huber_weak,440_SinglePhoton,3050,3.027206482538393,5.125297290021106e-05,0.15866253952031217,0.43310565008746105
huber_weak,440_SinglePhoton,3100,3.041310096216787,5.05623250480554e-05,0.15728372376228758,0.4331893858942643
huber_weak,440_SinglePhoton,3150,3.054994506175467,4.989433487954776e-05,0.15594779133692246,0.4332445301634002
huber_weak,440_SinglePhoton,3200,3.0682744825647106,4.9247985896916024e-05,0.1546529996527848,0.43327297711342844
huber_weak,440_SinglePhoton,3250,3.0811658697275432,4.86223143694155e-05,0.15339768471047502,0.4332763479434664
huber_weak,440_SinglePhoton,3300,3.0936845120069907,4.8016410660698e-05,0.1521802659101549,0.43325631220969374
huber_weak,440_SinglePhoton,3350,3.10584276261965,4.742941170307829e-05,0.15099923879860946,0.4332143398273459
huber_weak,440_SinglePhoton,3400,3.1176537804266773,4.6860507626415385e-05,0.14985317285766936,0.4331518002092845
huber_weak,440_SinglePhoton,3450,3.1291326041265384,4.630892431687332e-05,0.14874070475009646,0.4330700942165827
huber_weak,440_SinglePhoton,3500,3.140288632905773,4.5773930809895764e-05,0.14766053908643673,0.4329704523389191
huber_weak,440_SinglePhoton,3550,3.1511352941737263,4.5254836589881765e-05,0.14661144015945018,0.43285397025521666
huber_weak,440_SinglePhoton,3600,3.1616819871169377,4.475098172007515e-05,0.14559222833235855,0.4327218923278899
huber_weak,440_SinglePhoton,3650,3.171941602048378,4.426174547283766e-05,0.14460177711104238,0.43257512946185106
huber_weak,440_SinglePhoton,3700,3.1819219268654666,4.378653663951384e-05,0.1436390130439075,0.4324148397152534
huber_weak,440_SinglePhoton,3750,3.1916339720438653,4.332479498817908e-05,0.14270291034548063,0.4322417516113967
huber_weak,440_SinglePhoton,3800,3.201086868221928,4.2875984102500165e-05,0.14179249404697802,0.43205697936145937
huber_weak,440_SinglePhoton,3850,3.210289477489821,4.243960122032703e-05,0.140906827436552,0.4318611947015732
huber_weak,440_SinglePhoton,3900,3.2192490506485907,4.20151592961666e-05,0.14004501817585432,0.43165519470947195
huber_weak,440_SinglePhoton,3950,3.227974986884778,4.16022016938675e-05,0.13920621174514006,0.4314397832349417
huber_weak,440_SinglePhoton,4000,3.236474268451241,4.1200289043165974e-05,0.1383895914682894,0.4312156789244204
huber_weak,440_SinglePhoton,4050,3.2447541461490257,4.080901027231139e-05,0.1375943781196879,0.43098337631608913
huber_weak,440_SinglePhoton,4100,3.252822139327365,4.0427967353681083e-05,0.13681982276315455,0.4307437339510168
huber_weak,440_SinglePhoton,4150,3.2606857673354903,4.00567824337161e-05,0.136065211193865,0.43049716355540785
huber_weak,440_SinglePhoton,4200,3.26834959549258,3.9695095574021033e-05,0.13532985757068483,0.430244270300867
huber_weak,440_SinglePhoton,4250,3.2758208745996784,3.934256523090883e-05,0.13461310572567226,0.4299856399430153
huber_weak,440_SinglePhoton,4300,3.2831065869096454,3.8998860643859614e-05,0.13391432502114065,0.4297216585197486
huber_weak,440_SinglePhoton,4350,3.2902107606452837,3.866367066055859e-05,0.1332329147445552,0.42945280244011047
huber_weak,440_SinglePhoton,4400,3.2971395724148915,3.8336698498351404e-05,0.1325682960571571,0.42917960185415777
huber_weak,440_SinglePhoton,4450,3.3038989302785797,3.801765839095266e-05,0.1319199148765709,0.4289024250978738
huber_weak,440_SinglePhoton,4500,3.31049474229646,3.7706276294824044e-05,0.13128724015761503,0.42862161337526966
huber_weak,440_SinglePhoton,4550,3.3169307681431492,3.7402291103495284e-05,0.13066975973160103,0.4283375624101073
huber_weak,440_SinglePhoton,4600,3.3232102303968887,3.710545574276953e-05,0.13006698624135055,0.42805060509001586
huber_weak,440_SinglePhoton,4650,3.329340111310538,3.681553144177287e-05,0.1294784489330886,0.4277611188065046
huber_weak,440_SinglePhoton,4700,3.3353233649141525,3.653228825024786e-05,0.12890369606307495,0.4274693625493387
huber_weak,440_SinglePhoton,4750,3.3411661678160307,3.6255511306155114e-05,0.12834229278827414,0.42717567077041063
huber_weak,440_SinglePhoton,4800,3.3468698627571065,3.598498882491869e-05,0.1277938226251525,0.42688029559517204
huber_weak,440_SinglePhoton,4850,3.3524403577974913,3.5720517969218423e-05,0.12725788239823096,0.4265834384490632
huber_weak,440_SinglePhoton,4900,3.3578822182563623,3.546190863048107e-05,0.1267340866817908,0.426285370460082
huber_weak,440_SinglePhoton,4950,3.3631973239710273,3.520897647791051e-05,0.1262220655471285,0.42598630692009803
huber_weak,440_SinglePhoton,5000,3.368389166067916,3.496154671368756e-05,0.12572146145104396,0.4256864681379165
huber_weak,440_SinglePhoton,5050,3.373460430028897,3.471944701592688e-05,0.1252319326667987,0.42538608326966737
huber_weak,440_SinglePhoton,5100,3.3784178295586424,3.448251691754144e-05,0.1247531482094418,0.42508532631301305
huber_weak,440_SinglePhoton,5150,3.383261633205339,3.425059590674987e-05,0.12428478944777935,0.4247843466839393
huber_weak,440_SinglePhoton,5200,3.3879953320954157,3.4023538866316534e-05,0.12382655093554326,0.4244833326123571
huber_weak,440_SinglePhoton,5250,3.39262349154805,3.3801197115307635e-05,0.12337813761596957,0.42418242308445525
huber_weak,440_SinglePhoton,5300,3.3971466486596156,3.35834329949483e-05,0.12293926687485711,0.42388175203120937
huber_weak,440_SinglePhoton,5350,3.401569368749289,3.3370115612860615e-05,0.12250966401801285,0.4235814726217852
huber_weak,440_SinglePhoton,5400,3.4058940687507526,3.316111481065482e-05,0.12208906534208366,0.42328172444492645
huber_weak,440_SinglePhoton,5450,3.4101228970495012,3.295630547579869e-05,0.1216772152911784,0.42298261510801816
huber_weak,440_SinglePhoton,5500,3.4142588076755906,3.275557394464626e-05,0.12127386914491871,0.42268426051029
huber_weak,440_SinglePhoton,5550,3.418303143369955,3.255880046998618e-05,0.12087878836307318,0.4223867284017253
huber_weak,440_SinglePhoton,5600,3.4222607379999577,3.236587879471554e-05,0.12049174572583433,0.42209021853466366
huber_weak,440_SinglePhoton,5650,3.426131054469226,3.217669871326319e-05,0.12011251789289266,0.42179471602074575
huber_weak,440_SinglePhoton,5700,3.429918389548749,3.199116629261825e-05,0.11974089602771809,0.421500311239553
huber_weak,440_SinglePhoton,5750,3.433624891624022,3.1809177167691406e-05,0.11937667043671996,0.42120708946026036
huber_weak,440_SinglePhoton,5800,3.4372510977914192,3.163063367690873e-05,0.11901964463584921,0.42091519484439294
huber_weak,440_SinglePhoton,5850,3.440799962080996,3.1455449929436234e-05,0.11866962400353029,0.4206246435262419
huber_weak,440_SinglePhoton,5900,3.4442725586854994,3.1283534125686814e-05,0.11832642443903062,0.42033546879957184
huber_weak,440_SinglePhoton,5950,3.4476723787313595,3.111480131271718e-05,0.11798986585422402,0.4200477352647531
huber_weak,440_SinglePhoton,6000,3.450999690766763,3.0949171432092356e-05,0.11765977460485245,0.4197615589871303
huber_weak,440_SinglePhoton,6050,3.4542582544663256,3.0786565045426165e-05,0.11733598375704843,0.41947692316862845
huber_weak,440_SinglePhoton,6100,3.4574469956373006,3.062690321067014e-05,0.11701832906507133,0.41919391555553187
huber_weak,440_SinglePhoton,6150,3.460570748147051,3.0470115581841998e-05,0.11670665525690439,0.4189125381902325
huber_weak,440_SinglePhoton,6200,3.4636295119955776,3.0316127789229806e-05,0.11640081047726179,0.41863287952025724
huber_weak,440_SinglePhoton,6250,3.4666257041165616,3.0164867891081465e-05,0.11610064491454677,0.41835500576897144
huber_weak,440_SinglePhoton,6300,3.46955878741363,3.0016273908327472e-05,0.11580602027672836,0.4180787811222594
huber_weak,440_SinglePhoton,6350,3.4724322530132112,2.9870278938832e-05,0.11551679644155011,0.4178043938491358
huber_weak,440_SinglePhoton,6400,3.475248786397175,2.9726823701287408e-05,0.11523284215547863,0.41753189914208316
huber_weak,440_SinglePhoton,6450,3.4780062391800257,2.9585847179844484e-05,0.11495402573469665,0.41726114011226323
huber_weak,440_SinglePhoton,6500,3.4807075653918194,2.94472866000813e-05,0.11468022245531809,0.4169922938049225
huber_weak,440_SinglePhoton,6550,3.483353570677116,2.9311088141827995e-05,0.11441131177865763,0.4167253363416274
huber_weak,440_SinglePhoton,6600,3.485946940517785,2.9177198892059447e-05,0.11414717346360627,0.416460272976414
huber_weak,440_SinglePhoton,6650,3.488487943462013,2.904556427974251e-05,0.11388769729556437,0.4161971379119892
huber_weak,440_SinglePhoton,6700,3.490977116606174,2.8916129738700176e-05,0.11363276956620083,0.4159358913248258
huber_weak,440_SinglePhoton,6750,3.49341768252851,2.8788847513578942e-05,0.11338228502363355,0.41567660252522
huber_weak,440_SinglePhoton,6800,3.4958112525181426,2.8663668326560207e-05,0.11313613649318217,0.4154192036100827
huber_weak,440_SinglePhoton,6850,3.498155946737764,2.854054857168287e-05,0.11289422609798355,0.41516380444554724
huber_weak,440_SinglePhoton,6900,3.5004536450246815,2.8419440583223073e-05,0.1126564543462002,0.41491032090553986
huber_weak,440_SinglePhoton,6950,3.502706227216204,2.830030227524452e-05,0.11242272571014249,0.4146588801571157
huber_weak,440_SinglePhoton,7000,3.5049144989568917,2.8183088860784082e-05,0.11219294753746818,0.41440933609708347
huber_weak,440_SinglePhoton,7050,3.507080340084053,2.8067756291105545e-05,0.11196702954869274,0.4141617820680898
huber_weak,440_SinglePhoton,7100,3.509202944953127,2.7954267912939663e-05,0.11174488696814663,0.4139162664488644
huber_weak,440_SinglePhoton,7150,3.5112855361423563,2.7842587802909037e-05,0.11152643316307487,0.41367259847092636
huber_weak,440_SinglePhoton,7200,3.5133251596216852,2.7732673894079064e-05,0.11131158813738362,0.41343103119616526
huber_weak,440_SinglePhoton,7250,3.515325037969357,2.7624486759074672e-05,0.11110026984049451,0.41319130746174
huber_weak,440_SinglePhoton,7300,3.5172889308599866,2.751799816500254e-05,0.11089240393333129,0.41295360040438056
huber_weak,440_SinglePhoton,7350,3.5192138842635194,2.7413169497053322e-05,0.11068791214562364,0.41271785723527343
huber_weak,440_SinglePhoton,7400,3.5211033893063846,2.7309964343084416e-05,0.11048672146054672,0.4124840537602143
huber_weak,440_SinglePhoton,7450,3.5229555661512735,2.7208355226625632e-05,0.1102887620283243,0.412252188241573
huber_weak,440_SinglePhoton,7500,3.5247722946354947,2.7108306269284617e-05,0.11009396415569203,0.4120222489943026
huber_weak,440_SinglePhoton,7550,3.526552500566301,2.700978711533548e-05,0.10990225991487636,0.4117943189751975
huber_weak,440_SinglePhoton,7600,3.528300480714682,2.69127678363034e-05,0.10971358431698562,0.41156822258651077
huber_weak,440_SinglePhoton,7650,3.530014623791516,2.6817219943602804e-05,0.10952787501353498,0.41134413922106605
huber_weak,440_SinglePhoton,7700,3.531696003989552,2.6723115456262797e-05,0.10934506768160429,0.41112190600217574
huber_weak,440_SinglePhoton,7750,3.53334703824247,2.6630421648703204e-05,0.10916510349746987,0.4109015444610471
huber_weak,440_SinglePhoton,7800,3.5349666523575243,2.653911735348888e-05,0.10898792372837425,0.4106831222597013
huber_weak,440_SinglePhoton,7850,3.536555651979274,2.6449178978226808e-05,0.10881347093330228,0.41046661727680284
huber_weak,440_SinglePhoton,7900,3.538113768559533,2.6360574839547495e-05,0.10864168795435847,0.4102519553946234
huber_weak,440_SinglePhoton,7950,3.5396431504837964,2.6273277914804092e-05,0.10847252139068986,0.41003915505727406
huber_weak,440_SinglePhoton,8000,3.541143797752064,2.6187269027218087e-05,0.10830591966435406,0.4098281887753803
huber_weak,440_SinglePhoton,8050,3.54261705310527,2.610252450299831e-05,0.10814183093479901,0.4096190787547058
huber_weak,440_SinglePhoton,8100,3.5441053471569406,2.6019018593731314e-05,0.10798020440934294,0.4094118039039175
huber_weak,440_SinglePhoton,8150,3.545628552472906,2.5936733493629072e-05,0.10782099035223233,0.4092063310743156
huber_weak,440_SinglePhoton,8200,3.5471238287774356,2.5855643143382276e-05,0.10766414010273417,0.4090026118860003
huber_weak,440_SinglePhoton,8250,3.5485917131669042,2.5775723830644104e-05,0.10750960998522077,0.4088007922797463
huber_weak,440_SinglePhoton,8300,3.550034622574993,2.5696963056775914e-05,0.10735735498639588,0.40860066705246023
huber_weak,440_SinglePhoton,8350,3.551450945712581,2.5619335506382736e-05,0.10720733185990507,0.40840232072102245
huber_weak,440_SinglePhoton,8400,3.5528404140314818,2.5542820468301962e-05,0.10705949691570422,0.40820570563656566
huber_weak,440_SinglePhoton,8450,3.5542027589835077,2.5467401529922913e-05,0.10691380601200107,0.4080108725032935
huber_weak,440_SinglePhoton,8500,3.5555401289541537,2.5393056620987398e-05,0.1067702200072339,0.4078177463908232
huber_weak,440_SinglePhoton,8550,3.5568546723289156,2.5319767874319887e-05,0.10662869956253807,0.4076264057343238
huber_weak,440_SinglePhoton,8600,3.5581450463668585,2.5247517264668545e-05,0.10648920572417432,0.40743662566204614
huber_weak,440_SinglePhoton,8650,3.5594117881643563,2.5176288887762156e-05,0.10635169774000705,0.4072486351135344
huber_weak,440_SinglePhoton,8700,3.5606559719141564,2.5106064411595195e-05,0.1062161399828102,0.4070622922623631
huber_weak,440_SinglePhoton,8750,3.5618775976162587,2.5036829686671877e-05,0.10608249921417486,0.40687756571823086
huber_weak,440_SinglePhoton,8800,3.5630772023670376,2.496856700934213e-05,0.10595073748889564,0.40669451923717315
huber_weak,440_SinglePhoton,8850,3.5642534434255575,2.4901260723576007e-05,0.1058208211389783,0.40651309411321496
huber_weak,440_SinglePhoton,8900,3.5654082006291277,2.4834893417152355e-05,0.10569271726333235,0.4063333478923348
huber_weak,440_SinglePhoton,8950,3.566543085266869,2.4769447853586247e-05,0.10556639063231742,0.4061551335060206
huber_weak,440_SinglePhoton,9000,3.5676583658869685,2.470491433820134e-05,0.10544181053891538,0.40597851504993615
huber_weak,440_SinglePhoton,9050,3.5687537739412387,2.464127898031279e-05,0.1053189451994523,0.4058034617625503
huber_weak,440_SinglePhoton,9100,3.569827698140559,2.45785227624323e-05,0.1051977630724996,0.40562997671534273
huber_weak,440_SinglePhoton,9150,3.570883092514985,2.4516633436300693e-05,0.10507823438944351,0.40545805668492724
huber_weak,440_SinglePhoton,9200,3.5719194199681423,2.44556006159455e-05,0.10496033060481695,0.4052876374745239
huber_weak,440_SinglePhoton,9250,3.572937754692779,2.439541090733105e-05,0.10484402487692417,0.40511876249381057
huber_weak,440_SinglePhoton,9300,3.573937828140708,2.4336044272409695e-05,0.10472928468335413,0.404951395065849
huber_weak,440_SinglePhoton,9350,3.5749209830528637,2.427749416467373e-05,0.10461608540638752,0.40478548414859133
huber_weak,440_SinglePhoton,9400,3.575882385561883,2.4219745899322244e-05,0.1045044006841788,0.4046210814594846
huber_weak,440_SinglePhoton,9450,3.5768287493724364,2.4162784570380333e-05,0.1043942042237641,0.4044581024884136
huber_weak,440_SinglePhoton,9500,3.5777600744845253,2.410660269467702e-05,0.10428547085088041,0.4042965846733734
huber_weak,440_SinglePhoton,9550,3.57867367541628,2.4051190462605405e-05,0.10417817232091849,0.4041365733271942
huber_weak,440_SinglePhoton,9600,3.5795703578122615,2.3996530849544453e-05,0.1040722867660881,0.4039779234205704
huber_weak,440_SinglePhoton,9650,3.580449316027909,2.3942616483783797e-05,0.10396778970625163,0.40382067258840837
huber_weak,440_SinglePhoton,9700,3.581314578286026,2.388943347532523e-05,0.10386465844126434,0.4036647576565058
huber_weak,440_SinglePhoton,9750,3.582165607490239,2.3836978434573817e-05,0.10376287052550831,0.4035103313615855
huber_weak,440_SinglePhoton,9800,3.5830002552550515,2.3785232419982108e-05,0.10366240156866217,0.403357215626106
huber_weak,440_SinglePhoton,9850,3.583819327225026,2.3734186922702855e-05,0.10356323094658573,0.40320546893495857
huber_weak,440_SinglePhoton,9900,3.584623091948348,2.3683836029427057e-05,0.10346533703436547,0.4030550890478254
huber_weak,440_SinglePhoton,9950,3.5854147720032605,2.3634164917386497e-05,0.10336869753152642,0.4029060466942803
huber_weak,440_SinglePhoton,10000,3.5861935617452034,2.3585163703770353e-05,0.10327329278713854,0.402758265141116
huber_weak,440_ComptonOnly,50,122.53076169617071,0.003805206335923931,0.31898482000554773,0.39929844981519214
huber_weak,440_ComptonOnly,100,171.15763188538614,0.0052917506234277,0.2628437852020958,0.4234415586366631
huber_weak,440_ComptonOnly,150,201.97650046032194,0.006254600286084468,0.23449852076863356,0.4393976312987436
huber_weak,440_ComptonOnly,200,221.49428486150404,0.006868279300102883,0.2182739843732663,0.4528331833519822
huber_weak,440_ComptonOnly,250,234.98352509910583,0.007289841128470202,0.20827200025883627,0.46307224174078554
huber_weak,440_ComptonOnly,300,244.59116265969388,0.007590814728251715,0.2016917425340197,0.4700291852557509
huber_weak,440_ComptonOnly,350,251.868873409367,0.007819226234604846,0.1971828349514663,0.4744575229354471
huber_weak,440_ComptonOnly,400,257.4084758089265,0.007993986115971836,0.19392788842309489,0.4770744065954604
huber_weak,440_ComptonOnly,450,261.872211268849,0.008135213100759485,0.19153267274380065,0.47861168277867466
huber_weak,440_ComptonOnly,500,265.1844440614267,0.008241648390577411,0.1896640609396926,0.47931843963815185
huber_weak,440_ComptonOnly,550,268.14750480290235,0.008335688321864623,0.18823549346549434,0.47981250413678195
huber_weak,440_ComptonOnly,600,270.3727052216061,0.008406862239854963,0.18705071120144165,0.47998054877866847
huber_weak,440_ComptonOnly,650,272.09191304749936,0.008462717001887003,0.18607822280886988,0.4799848587340825
huber_weak,440_ComptonOnly,700,273.64945749273784,0.008513537206202902,0.18530570498979038,0.4800283182612685
huber_weak,440_ComptonOnly,750,275.1963745969556,0.008562902212662331,0.18467619663358845,0.48019135776247107
huber_weak,440_ComptonOnly,800,276.731470465829,0.0086105470175732,0.18414021243137046,0.4804604270768975
huber_weak,440_ComptonOnly,850,278.2550645922052,0.00865659298999693,0.18367061822703404,0.48082395152823965
huber_weak,440_ComptonOnly,900,279.76769506930054,0.008701214958280318,0.18325064033531208,0.48127305560514355
huber_weak,440_ComptonOnly,950,281.2700513290482,0.008744589547823523,0.1828691445726145,0.48180010033182896
huber_weak,440_ComptonOnly,1000,282.7626378338385,0.008786867810372119,0.18251852544874803,0.48239804356657934
huber_weak,440_ComptonOnly,1050,284.24605993853964,0.008828154684894972,0.18219323606950932,0.48306026167443383
huber_weak,440_ComptonOnly,1100,285.72067076682487,0.008868543319365641,0.18188923337701346,0.4837801402103579
huber_weak,440_ComptonOnly,1150,287.18700841191037,0.00890810692698552,0.18160346870500388,0.4845515507220717
huber_weak,440_ComptonOnly,1200,288.64540918205626,0.008946910167000768,0.18133359387155285,0.48536848754460354
huber_weak,440_ComptonOnly,1250,290.09631027800083,0.008984996940619626,0.18107765845782126,0.4862253736955385
huber_weak,440_ComptonOnly,1300,291.5399807463521,0.009022407747476147,0.1808341317563429,0.48711686512275093
huber_weak,440_ComptonOnly,1350,292.9767568953703,0.00905916108173236,0.18060187012629603,0.4880379506290068
huber_weak,440_ComptonOnly,1400,294.4069077716635,0.009095265578092466,0.18037989748546127,0.48898428842856867
huber_weak,440_ComptonOnly,1450,295.8306015293618,0.009130731873252335,0.180167355343436,0.4899517415574193
huber_weak,440_ComptonOnly,1500,297.24814084589934,0.00916557467722643,0.17996348478906127,0.49093643823664396
huber_weak,440_ComptonOnly,1550,298.65962661375414,0.009199832483816178,0.17976765005440432,0.49193494350644973
huber_weak,440_ComptonOnly,1600,300.0651597254043,0.009233531016645542,0.17957939774459758,0.49294409139662754
huber_weak,440_ComptonOnly,1650,301.46487470415383,0.009266674117615047,0.1793983637409656,0.49396094994627837
huber_weak,440_ComptonOnly,1700,302.85877155000276,0.009299264548767155,0.17922407857808295,0.49498298818377656
huber_weak,440_ComptonOnly,1750,304.2469175246031,0.009331306710542712,0.17905619395199698,0.49600774449992435
huber_weak,440_ComptonOnly,1800,305.6293798896068,0.009362806855487276,0.17889434790138733,0.4970328578705892
huber_weak,440_ComptonOnly,1850,307.00599049088396,0.009393771997763848,0.1787382276621624,0.49805643385422366
huber_weak,440_ComptonOnly,1900,308.37695111339053,0.009424208101747015,0.17858754768708715,0.49907661154343685
huber_weak,440_ComptonOnly,1950,309.74195907969244,0.009454119463778604,0.1784420446330099,0.5000918971773657
huber_weak,440_ComptonOnly,2000,311.1011825439198,0.009483505498901134,0.17830149440551216,0.5011010300065688
huber_weak,440_ComptonOnly,2050,312.45435245946436,0.00951236568406295,0.17816575998922776,0.5021027489732915
huber_weak,440_ComptonOnly,2100,313.8014688263262,0.009540692504913495,0.17803465683514272,0.5030960592053848
huber_weak,440_ComptonOnly,2150,315.14232985954925,0.009568480047822151,0.17790795472618717,0.5040800314658774
huber_weak,440_ComptonOnly,2200,316.47666651252536,0.009595725730198595,0.1777854132075864,0.5050538352952709
huber_weak,440_ComptonOnly,2250,317.8043442619505,0.009622418509530035,0.1776667927018145,0.5060166052592842
huber_weak,440_ComptonOnly,2300,319.12516132286856,0.009648561747337461,0.1775519222516386,0.5069678769895598
huber_weak,440_ComptonOnly,2350,320.4387477561933,0.009674152885979895,0.17744068589757653,0.5079071177400262
huber_weak,440_ComptonOnly,2400,321.7449354077948,0.00969916774825113,0.1773329157353047,0.5088338918233719
huber_weak,440_ComptonOnly,2450,323.04315255363065,0.009723592353407659,0.1772284390765729,0.5097478973379436
huber_weak,440_ComptonOnly,2500,324.33319740874487,0.009747422751249334,0.1771271001969418,0.5106486956230384
huber_weak,440_ComptonOnly,2550,325.6147000340512,0.009770679517168373,0.17702876949076052,0.511536352390378
huber_weak,440_ComptonOnly,2600,326.8873913829416,0.00979337984147016,0.17693330214822978,0.5124104592333035
huber_weak,440_ComptonOnly,2650,328.151170562938,0.009815528279242897,0.17684059202640537,0.5132710751575331
huber_weak,440_ComptonOnly,2700,329.40603757404034,0.009837135205105256,0.17675052316419604,0.5141180614638339
huber_weak,440_ComptonOnly,2750,330.6518242621187,0.009858209689325933,0.17666300508187735,0.5149513072895254
huber_weak,440_ComptonOnly,2800,331.8886315196509,0.009878773318504857,0.17657791259792088,0.5157708371971564
huber_weak,440_ComptonOnly,2850,333.1165266082892,0.00989883025261965,0.1764951679512909,0.5165765721523171
huber_weak,440_ComptonOnly,2900,334.3357113129895,0.00991838639400352,0.17641473375513922,0.5173686366518925
huber_weak,440_ComptonOnly,2950,335.546421049534,0.009937456163721832,0.17633656492512906,0.518147013706354
huber_weak,440_ComptonOnly,3000,336.74879034122677,0.009956067611031775,0.17626057124500524,0.5189118235456213
huber_weak,440_ComptonOnly,3050,337.9430882346759,0.009974236149399745,0.17618665594702246,0.5196631537935065
huber_weak,440_ComptonOnly,3100,339.12958377648954,0.009991979695782182,0.17611476483398678,0.5204010171472226
huber_weak,440_ComptonOnly,3150,340.30854601327576,0.01000931708935546,0.17604485266850795,0.5211256305374387
huber_weak,440_ComptonOnly,3200,341.4802103608167,0.010026273928197839,0.1759768511224174,0.5218371092790162
huber_weak,440_ComptonOnly,3250,342.6447449732425,0.010042867113706624,0.17591067051965795,0.5225354669546537
huber_weak,440_ComptonOnly,3300,343.80238526633514,0.010059111370198513,0.17584625195963963,0.5232210851545667
huber_weak,440_ComptonOnly,3350,344.95333302505077,0.010075023043026276,0.1757835430586631,0.5238939379468996
huber_weak,440_ComptonOnly,3400,346.09772277269343,0.010090619519670743,0.17572250116539198,0.5245541733128566
huber_weak,440_ComptonOnly,3450,347.23585718669733,0.010105914770671482,0.17566310695499385,0.525202102654152
huber_weak,440_ComptonOnly,3500,348.3679380520185,0.010120922181947255,0.17560530962300608,0.5258378660484063
huber_weak,440_ComptonOnly,3550,349.4939653686569,0.010135652860387938,0.17554903148579357,0.5264616391050377
huber_weak,440_ComptonOnly,3600,350.61427544487276,0.010150116524679722,0.1754942075478483,0.5270736995548901
huber_weak,440_ComptonOnly,3650,351.72880101901404,0.010164324861686986,0.1754407668957612,0.5276740490332197
huber_weak,440_ComptonOnly,3700,352.8378447685148,0.010178286649482766,0.175388677261745,0.5282629987566126
huber_weak,440_ComptonOnly,3750,353.9415075858532,0.010192007113982687,0.1753379139031263,0.5288407916151422
huber_weak,440_ComptonOnly,3800,355.0398903635072,0.01020549363060161,0.17528840235892476,0.5294074600417265
huber_weak,440_ComptonOnly,3850,356.13306036312883,0.0102187567327463,0.17524011257742317,0.5299633857804311
huber_weak,440_ComptonOnly,3900,357.22115210802224,0.01023180773393014,0.1751930209233586,0.5305085979578487
huber_weak,440_ComptonOnly,3950,358.3042328598393,0.010244666717178856,0.17514713356626999,0.5310434424876456
huber_weak,440_ComptonOnly,4000,359.3824371418842,0.010257336161588809,0.17510240315577552,0.531568085473587
huber_weak,440_ComptonOnly,4050,360.45586584663505,0.010269820576758302,0.17505879619768305,0.5320827646481849
huber_weak,440_ComptonOnly,4100,361.5245862357437,0.010282124601621454,0.17501624880171127,0.5325876138849992
huber_weak,440_ComptonOnly,4150,362.58869920168826,0.010294254133480955,0.17497472897510064,0.5330829425478623
huber_weak,440_ComptonOnly,4200,363.6481711136428,0.010306223715597135,0.1749341723064256,0.5335688859176697
huber_weak,440_ComptonOnly,4250,364.7030692332592,0.010318048608751731,0.17489452575816905,0.5340454752187109
huber_weak,440_ComptonOnly,4300,365.7534608221896,0.010329726673528083,0.17485572540462158,0.5345130849522883
huber_weak,440_ComptonOnly,4350,366.79927861878195,0.010341264370376885,0.1748177254828007,0.534971578070109
huber_weak,440_ComptonOnly,4400,367.8405226230363,0.01035266828057855,0.17478052900704366,0.5354213308393031
huber_weak,440_ComptonOnly,4450,368.8773946199086,0.010363938362674581,0.17474410373722826,0.5358625474198341
huber_weak,440_ComptonOnly,4500,369.90982734774695,0.010375096544278874,0.17470844199250662,0.5362950848829634
huber_weak,440_ComptonOnly,4550,370.93782080655126,0.010386147760439028,0.17467350162865694,0.5367194959588832
huber_weak,440_ComptonOnly,4600,371.9616104121037,0.010397078551194382,0.17463928785330418,0.5371357006453323
huber_weak,440_ComptonOnly,4650,372.98092711779617,0.010407880859608266,0.17460579360056305,0.5375440132101176
huber_weak,440_ComptonOnly,4700,373.99614086271475,0.01041855131936404,0.17457300065029258,0.5379445277139691
huber_weak,440_ComptonOnly,4750,375.0070498619034,0.010429089227109667,0.1745408613936078,0.538337484816315
huber_weak,440_ComptonOnly,4800,376.0139904236223,0.010439495970450996,0.1745093382304912,0.5387229093699966
huber_weak,440_ComptonOnly,4850,377.0168616553933,0.010449778037891209,0.17447844530840656,0.5391009070798197
huber_weak,440_ComptonOnly,4900,378.0158317113466,0.01045994248462415,0.1744481452029326,0.5394717459491492
huber_weak,440_ComptonOnly,4950,379.01103511478624,0.01046999011227365,0.17441838649757233,0.5398355618791684
huber_weak,440_ComptonOnly,5000,380.0025391273641,0.010479920553081144,0.17438915105880853,0.5401924193874128
huber_weak,440_ComptonOnly,5050,380.9902764874284,0.01048973486901118,0.1743604264095821,0.5405424566814722
huber_weak,440_ComptonOnly,5100,381.974516241587,0.010499434911892752,0.1743322041686558,0.5408858038543924
huber_weak,440_ComptonOnly,5150,382.95525838984014,0.01050902137482311,0.17430447504732402,0.5412226015803624
huber_weak,440_ComptonOnly,5200,383.9326038246657,0.010518497333668116,0.17427723435195203,0.541552976898837
huber_weak,440_ComptonOnly,5250,384.90661980771574,0.010527865973823868,0.17425045759880375,0.5418771389786436
huber_weak,440_ComptonOnly,5300,385.8773399698163,0.010537128270551584,0.1742241365339344,0.5421950441292418
huber_weak,440_ComptonOnly,5350,386.8448988342715,0.010546289080704858,0.17419826135917973,0.5425069672476409
huber_weak,440_ComptonOnly,5400,387.8092627702552,0.010555351558048999,0.1741728294950222,0.542813078822447
huber_weak,440_ComptonOnly,5450,388.7704990394195,0.01056432095700203,0.17414783977263842,0.543113400447439
huber_weak,440_ComptonOnly,5500,389.7287085342425,0.01057319805758009,0.1741232869109359,0.5434081079574204
huber_weak,440_ComptonOnly,5550,390.6840257780281,0.010581984691446387,0.17409916342821155,0.5436972640729031
huber_weak,440_ComptonOnly,5600,391.6364844016025,0.010590681377932478,0.1740754632594365,0.5439811764160124
huber_weak,440_ComptonOnly,5650,392.5858826200095,0.010599292435350202,0.17405215926205964,0.5442596293633382
huber_weak,440_ComptonOnly,5700,393.53255674150927,0.010607835664238804,0.1740292405843049,0.5445329332089511
huber_weak,440_ComptonOnly,5750,394.4765740277538,0.01061632082531185,0.17400671455729344,0.5448012219018152
huber_weak,440_ComptonOnly,5800,395.4175981704831,0.010624744578224385,0.17398460308531444,0.5450645275298905
huber_weak,440_ComptonOnly,5850,396.35606637043514,0.010633102717531658,0.17396289462079745,0.5453230467435131
huber_weak,440_ComptonOnly,5900,397.291844104306,0.010641389939393077,0.17394157072713246,0.545576811367388
huber_weak,440_ComptonOnly,5950,398.2249650029217,0.010649605862505525,0.1739206125310545,0.5458258890670288
huber_weak,440_ComptonOnly,6000,399.1555635895862,0.01065775352165699,0.1739000085792134,0.5460703383551494
huber_weak,440_ComptonOnly,6050,400.08347171016953,0.010665832021999043,0.17387974058228145,0.5463103705681821
huber_weak,440_ComptonOnly,6100,401.0089920421058,0.010673840259327843,0.17385978964180254,0.5465461160358979
huber_weak,440_ComptonOnly,6150,401.9318891696129,0.01068177575418074,0.17384014867226644,0.5467774323301451
huber_weak,440_ComptonOnly,6200,402.85243213929886,0.010689637905076979,0.17382081665850244,0.5470045935178216
huber_weak,440_ComptonOnly,6250,403.7705200586858,0.010697427884173782,0.1738017835407288,0.5472275948452315
huber_weak,440_ComptonOnly,6300,404.6861865585996,0.010705149367465184,0.17378305848658088,0.5474465035014298
huber_weak,440_ComptonOnly,6350,405.5996670548225,0.010712800424931236,0.1737646641033945,0.5476615606343911
huber_weak,440_ComptonOnly,6400,406.51055797744215,0.010720378756520755,0.1737465948258375,0.5478726860353427
huber_weak,440_ComptonOnly,6450,407.41933015802283,0.010727895726348314,0.17372884246249481,0.5480800188476038
huber_weak,440_ComptonOnly,6500,408.3257481807825,0.0107353491648797,0.17371140027769177,0.5482836590050899
huber_weak,440_ComptonOnly,6550,409.22977841489507,0.010742736208117682,0.17369425923610093,0.5484837032082948
huber_weak,440_ComptonOnly,6600,410.13168990696875,0.010750052940203116,0.17367742273997142,0.548680116430794
huber_weak,440_ComptonOnly,6650,411.0312136103953,0.010757298387035326,0.17366087573770925,0.5488730971482727
huber_weak,440_ComptonOnly,6700,411.9284840484788,0.010764476209714961,0.17364461971024187,0.5490626102129692
huber_weak,440_ComptonOnly,6750,412.82370300617544,0.010771587336932125,0.17362864726438937,0.5492488275639865
huber_weak,440_ComptonOnly,6800,413.7167023293551,0.010778630714348699,0.1736129462966126,0.5494317075096733
huber_weak,440_ComptonOnly,6850,414.6074483871917,0.01078560519062312,0.17359751381870572,0.5496114186702757
huber_weak,440_ComptonOnly,6900,415.49617659546743,0.010792509683436584,0.17358236425937568,0.5497879618943343
huber_weak,440_ComptonOnly,6950,416.3828869541822,0.010799341559931553,0.17356752193205435,0.5499615025063178
huber_weak,440_ComptonOnly,7000,417.26754583251005,0.010806100251775353,0.1735529590154524,0.5501320051084829
huber_weak,440_ComptonOnly,7050,418.15001870714696,0.0108127931065876,0.1735386484546826,0.5502995329370439
huber_weak,440_ComptonOnly,7100,419.030540993875,0.010819418559974387,0.17352457223658596,0.5504642182695917
huber_weak,440_ComptonOnly,7150,419.9091126926941,0.010825973321431887,0.17351070679581543,0.5506259235474115
huber_weak,440_ComptonOnly,7200,420.7857674344304,0.010832454201273966,0.17349705088038014,0.5507848534167777
huber_weak,440_ComptonOnly,7250,421.6605052190838,0.01083885877106408,0.1734836162193044,0.5509409722804653
huber_weak,440_ComptonOnly,7300,422.5332924158283,0.010845185285652705,0.17347038286411076,0.5510944848006384
huber_weak,440_ComptonOnly,7350,423.40406176301195,0.01085143295529653,0.1734573377766157,0.551245312352211
huber_weak,440_ComptonOnly,7400,424.2729814147648,0.01085760089498623,0.1734444957331453,0.5513934655895689
huber_weak,440_ComptonOnly,7450,425.1400513710867,0.010863689025683621,0.17343186037673633,0.5515390335902571
huber_weak,440_ComptonOnly,7500,426.00530526280386,0.010869696228678434,0.173419417098908,0.5516821585738518
huber_weak,440_ComptonOnly,7550,426.8687094590902,0.010875622128725792,0.17340716463060313,0.5518227685052003
huber_weak,440_ComptonOnly,7600,427.73033122159774,0.01088147643361917,0.17339510600606062,0.5519609954016842
huber_weak,440_ComptonOnly,7650,428.5901369195004,0.010887265904425968,0.1733832382234012,0.5520968726126616
huber_weak,440_ComptonOnly,7700,429.4481601836243,0.010892989852955105,0.17337156220342226,0.5522304300408133
huber_weak,440_ComptonOnly,7750,430.3044010139694,0.01089864447480335,0.17336011989884131,0.5523617770722219
huber_weak,440_ComptonOnly,7800,431.1588594105357,0.010904224956688118,0.17334890632542455,0.552490805200981
huber_weak,440_ComptonOnly,7850,432.0115690041492,0.010909728575982346,0.17333788822355403,0.5526176757559186
huber_weak,440_ComptonOnly,7900,432.8625297948099,0.010915154391464347,0.17332703740010302,0.5527423596904919
huber_weak,440_ComptonOnly,7950,433.7117081516918,0.010920498448590749,0.17331633725701157,0.5528650909821791
huber_weak,440_ComptonOnly,8000,434.55913770562097,0.010925760297102101,0.17330581865889869,0.5529856000572255
huber_weak,440_ComptonOnly,8050,435.4048520874233,0.010930936381943063,0.17329546469682927,0.5531041138795276
huber_weak,440_ComptonOnly,8100,436.24888492792496,0.010936022693474169,0.17328524900297865,0.5532206761181654
huber_weak,440_ComptonOnly,8150,437.09120259629975,0.010941019784083076,0.17327518587455923,0.5533352437455202
huber_weak,440_ComptonOnly,8200,437.93187235419987,0.010945924922169337,0.17326524589466402,0.5534478534366714
huber_weak,440_ComptonOnly,8250,438.7708942016252,0.010950742309286809,0.17325540715548862,0.5535586005824771
huber_weak,440_ComptonOnly,8300,439.6082681385758,0.01095547349606537,0.17324564873005655,0.5536674267766887
huber_weak,440_ComptonOnly,8350,440.44399416505166,0.010960124241346342,0.17323596946810907,0.5537743839291612
huber_weak,440_ComptonOnly,8400,441.2780722810528,0.010964696540610459,0.1732263683290035,0.5538794571058
huber_weak,440_ComptonOnly,8450,442.1105361174052,0.01096919264401613,0.17321687325040672,0.5539828003087158
huber_weak,440_ComptonOnly,8500,442.9414193049349,0.01097361731396602,0.17320748874490197,0.5540844573117797
huber_weak,440_ComptonOnly,8550,443.77072184364187,0.010977977470411397,0.17319820597464128,0.5541843191410057
huber_weak,440_ComptonOnly,8600,444.5985109951782,0.010982275684344771,0.1731890395199907,0.5542825903458899
huber_weak,440_ComptonOnly,8650,445.4247531287178,0.010986514305408264,0.17317999840125123,0.5543792711881361
huber_weak,440_ComptonOnly,8700,446.2495155059127,0.01099069622496773,0.17317107699488093,0.5544743619250313
huber_weak,440_ComptonOnly,8750,447.072798126763,0.010994823897885874,0.17316228142481996,0.5545678920826393
huber_weak,440_ComptonOnly,8800,447.8946009912686,0.010998901077099721,0.1731535929457311,0.5546599276061396
huber_weak,440_ComptonOnly,8850,448.71495773025555,0.011002937163586574,0.17314502014966307,0.5547504687151914
huber_weak,440_ComptonOnly,8900,449.53386834372384,0.011006932812113374,0.1731365455956965,0.5548394791652634
huber_weak,440_ComptonOnly,8950,450.3511310467174,0.011010882938269363,0.17312817401655692,0.5549270685508046
huber_weak,440_ComptonOnly,9000,451.16694762419235,0.01101478667610503,0.17311991421176007,0.5550133905420114
huber_weak,440_ComptonOnly,9050,451.98138533780065,0.01101864239455732,0.1731117446501289,0.5550982189499
huber_weak,440_ComptonOnly,9100,452.7944105567163,0.011022451388370599,0.17310367973230162,0.555181787579895
huber_weak,440_ComptonOnly,9150,453.60609054259135,0.011026212926336765,0.17309571245065114,0.5552638849875733
huber_weak,440_ComptonOnly,9200,454.41639166459976,0.011029929585246014,0.17308785649074487,0.5553447959572003
huber_weak,440_ComptonOnly,9250,455.22521303026355,0.011033598844290008,0.1730800866816204,0.5554243674521395
huber_weak,440_ComptonOnly,9300,456.03252100875665,0.011037225533248853,0.17307241929038572,0.5555025411960884
huber_weak,440_ComptonOnly,9350,456.8384837542091,0.011040811415526422,0.1730648684390329,0.5555796896634054
huber_weak,440_ComptonOnly,9400,457.643134897447,0.0110443537372966,0.17305741087688273,0.5556554699147805
huber_weak,440_ComptonOnly,9450,458.4464744384703,0.01104785337344732,0.173050062040655,0.5557301522083075
huber_weak,440_ComptonOnly,9500,459.248502377279,0.011051310935994372,0.17304281519684733,0.5558035030920263
huber_weak,440_ComptonOnly,9550,460.048916036439,0.011054728284895616,0.1730356782034693,0.5558757124613455
huber_weak,440_ComptonOnly,9600,460.8479844625584,0.01105810397437731,0.17302864610660926,0.5559467877756595
huber_weak,440_ComptonOnly,9650,461.6457749172892,0.011061441176847089,0.17302171898294497,0.5560167000026869
huber_weak,440_ComptonOnly,9700,462.4423210314574,0.01106473893857499,0.17301488579491053,0.5560856098354087
huber_weak,440_ComptonOnly,9750,463.2375891742371,0.011067998142349102,0.17300815353841548,0.5561533860147613
huber_weak,440_ComptonOnly,9800,464.03127666819404,0.011071221021313802,0.17300153071016444,0.5562200869718246
huber_weak,440_ComptonOnly,9850,464.8236189291104,0.011074407086682765,0.17299499103539653,0.5562856105729104
huber_weak,440_ComptonOnly,9900,465.61471684946423,0.01107755476410519,0.17298854423173476,0.5563502710065373
huber_weak,440_ComptonOnly,9950,466.40457042925544,0.011080666526663329,0.17298218607627294,0.5564137908384035
huber_weak,440_ComptonOnly,10000,467.1931796684841,0.011083742820480302,0.17297592450256147,0.5564763380864901
huber_weak,440_SinglePlusCompton,50,6.228870669460295,0.0003865510864930274,0.4600666411291708,0.21515156810087008
huber_weak,440_SinglePlusCompton,100,10.156853670595753,0.000578301351496672,0.42704576271699357,0.2618675063049783
huber_weak,440_SinglePlusCompton,150,13.00394751745326,0.0007544069376013172,0.3996510576654095,0.29477805274906194
huber_weak,440_SinglePlusCompton,200,15.200517161077661,0.0008890190988082673,0.37667685266251305,0.3191502756567646
huber_weak,440_SinglePlusCompton,250,16.989299559709213,0.0009885735954651782,0.35722968659253523,0.33701217229046665
huber_weak,440_SinglePlusCompton,300,18.503047541649735,0.0010619757446710893,0.34060893402324904,0.35013597780330175
huber_weak,440_SinglePlusCompton,350,19.81945875495652,0.0011163232359567331,0.3262685034304606,0.3599082462434632
huber_weak,440_SinglePlusCompton,400,20.98756773143737,0.0011567817636300157,0.31378448421546185,0.36732571505145806
huber_weak,440_SinglePlusCompton,450,22.04022734396583,0.001187073845302753,0.3028268487146881,0.3730787680312188
huber_weak,440_SinglePlusCompton,500,23.000538880964797,0.0012099055905822563,0.2931377552219267,0.37763925725739605
huber_weak,440_SinglePlusCompton,550,23.88536235337104,0.0012272681176761155,0.2845139371325591,0.3813292571091439
huber_weak,440_SinglePlusCompton,600,24.707327402189673,0.001240641936030931,0.2767933947701074,0.3843700201575302
huber_weak,440_SinglePlusCompton,650,25.476108775884036,0.001251144171583771,0.26984570994331625,0.38691519970691746
huber_weak,440_SinglePlusCompton,700,26.199256159038967,0.001259524925889239,0.2635647731545795,0.38907275697881977
huber_weak,440_SinglePlusCompton,750,26.88277373523677,0.0012663430921931046,0.2578633361648254,0.3909204486690753
huber_weak,440_SinglePlusCompton,800,27.531506562307847,0.0012719828228086884,0.25266883106688953,0.39251503244601865
huber_weak,440_SinglePlusCompton,850,28.149393033431956,0.001276765900329142,0.24792033771112992,0.39389894501736133
huber_weak,440_SinglePlusCompton,900,28.739712947611647,0.0012809018493529951,0.24356638360342434,0.3951049503469752
huber_weak,440_SinglePlusCompton,950,29.30520386131022,0.0012845463524995332,0.2395630796414664,0.3961584787321413
huber_weak,440_SinglePlusCompton,1000,29.848208174484647,0.001287835097972879,0.23587271447397246,0.39708010558653034
huber_weak,440_SinglePlusCompton,1050,30.370684107155192,0.0012908643961520247,0.23246269601110883,0.3978864881911899
huber_weak,440_SinglePlusCompton,1100,30.874333027613,0.0012936964856205993,0.22930473014629527,0.3985916667026662
huber_weak,440_SinglePlusCompton,1150,31.360625796187193,0.0012963931823996935,0.22637411207442631,0.39920755006290265
huber_weak,440_SinglePlusCompton,1200,31.830870819976507,0.0012989717028386036,0.2236491785927062,0.39974449806080437
huber_weak,440_SinglePlusCompton,1250,32.28620088096576,0.0013014492053838942,0.22111082858666775,0.4002113524437935
huber_weak,440_SinglePlusCompton,1300,32.727612651676466,0.0013039215011277333,0.21874216715764153,0.4006160343860144
huber_weak,440_SinglePlusCompton,1350,33.15601938270105,0.001306490649993077,0.2165282020365504,0.40096520261835783
huber_weak,440_SinglePlusCompton,1400,33.57222675424963,0.0013090992543616999,0.21445559479937018,0.40126496661327377
huber_weak,440_SinglePlusCompton,1450,33.97695921991715,0.001311719454737668,0.21251241251640404,0.4015206288712351
huber_weak,440_SinglePlusCompton,1500,34.37086878793905,0.0013143305665972143,0.21068797274933898,0.4017368936791939
huber_weak,440_SinglePlusCompton,1550,34.75455916964446,0.0013169174873521637,0.20897270080507369,0.40191794208035747
huber_weak,440_SinglePlusCompton,1600,35.128568216944764,0.0013194827864604376,0.20735799144731062,0.4020675750979895
huber_weak,440_SinglePlusCompton,1650,35.49338987547288,0.0013220585967792103,0.20583608533740558,0.4021891364136663
huber_weak,440_SinglePlusCompton,1700,35.84947418458323,0.0013246614133040492,0.20439994690319246,0.40228568638555157
huber_weak,440_SinglePlusCompton,1750,36.19724264454924,0.001327266247103819,0.20304320688149105,0.4023598867906761
huber_weak,440_SinglePlusCompton,1800,36.53708163062156,0.001329855607751788,0.20176007813107152,0.40241407680249763
huber_weak,440_SinglePlusCompton,1850,36.86934458834194,0.0013324263823246178,0.2005453063843585,0.40245064350810145
huber_weak,440_SinglePlusCompton,1900,37.19437398668254,0.0013350091668140507,0.19939412675872267,0.4024715486719737
huber_weak,440_SinglePlusCompton,1950,37.51247058365096,0.001337589721916554,0.1983021776256587,0.4024785477115147
huber_weak,440_SinglePlusCompton,2000,37.823928551313024,0.0013401531200436557,0.19726546802816525,0.4024732568175928
huber_weak,440_SinglePlusCompton,2050,38.12901571796747,0.0013426884746626131,0.19628033019122076,0.4024571407688988
huber_weak,440_SinglePlusCompton,2100,38.42798234940164,0.0013451876133508652,0.19534341613956327,0.4024314303312486
huber_weak,440_SinglePlusCompton,2150,38.72105236763578,0.0013476462445939901,0.19445164337653895,0.402397413906557
huber_weak,440_SinglePlusCompton,2200,39.0084453040623,0.0013500642841515562,0.19360217335806756,0.402356019291719
huber_weak,440_SinglePlusCompton,2250,39.290358736934365,0.0013524449121561427,0.19279239053489128,0.4023080974892639
huber_weak,440_SinglePlusCompton,2300,39.56699902576084,0.0013547851909738084,0.19201988397646555,0.4022546810353263
huber_weak,440_SinglePlusCompton,2350,39.8385461862835,0.0013570831062611807,0.19128241769819473,0.40219631846486553
huber_weak,440_SinglePlusCompton,2400,40.105167062360565,0.0013593382341515847,0.19057793097373954,0.4021338231051254
huber_weak,440_SinglePlusCompton,2450,40.36701971659458,0.0013615504326606892,0.18990451466856256,0.4020677186818543
huber_weak,440_SinglePlusCompton,2500,40.624249039704516,0.0013637200615108011,0.18926040176698497,0.40199856082104246
huber_weak,440_SinglePlusCompton,2550,40.87700431303722,0.0013658490795729903,0.18864394436969692,0.40192681521296525
huber_weak,440_SinglePlusCompton,2600,41.12541286480029,0.0013679400167985742,0.18805359496215066,0.40185285725878933
huber_weak,440_SinglePlusCompton,2650,41.369597632573466,0.0013699940432179733,0.18748792019771512,0.40177709753003155
huber_weak,440_SinglePlusCompton,2700,41.60968594456435,0.0013720175793909023,0.18694558224091934,0.4016999153331451
huber_weak,440_SinglePlusCompton,2750,41.84579195709698,0.0013740179325374413,0.18642532862058767,0.40162160909837685
huber_weak,440_SinglePlusCompton,2800,42.078029826495424,0.0013759941241628891,0.18592600024070297,0.4015423976855053
huber_weak,440_SinglePlusCompton,2850,42.30652688096727,0.0013779467174809567,0.1854465228560062,0.40146250628265656
huber_weak,440_SinglePlusCompton,2900,42.53136215181378,0.0013798928634711344,0.18498588809574107,0.40138220991896556
huber_weak,440_SinglePlusCompton,2950,42.75263662347547,0.0013818455135949687,0.18454314387994883,0.4013015680508678
huber_weak,440_SinglePlusCompton,3000,42.97045567102068,0.0013838114836373836,0.18411738957792276,0.4012209485154804
huber_weak,440_SinglePlusCompton,3050,43.184889544495,0.0013857825655276207,0.1837077770894786,0.40114027448065814
huber_weak,440_SinglePlusCompton,3100,43.39604361896677,0.0013877541140526295,0.1833135301002575,0.4010597919727063
huber_weak,440_SinglePlusCompton,3150,43.60399692573726,0.0013897402314816502,0.1829339131699519,0.4009795753427391
huber_weak,440_SinglePlusCompton,3200,43.8088153242242,0.0013917548935888997,0.18256823001911054,0.40089967769891205
huber_weak,440_SinglePlusCompton,3250,44.01058223635669,0.0013937859568206026,0.18221582234670147,0.40082029509284645
huber_weak,440_SinglePlusCompton,3300,44.209367912180305,0.0013958289279001452,0.18187607358192412,0.40074143862130807
huber_weak,440_SinglePlusCompton,3350,44.40525138299632,0.001397881434940411,0.18154839927318261,0.4006631125537714
huber_weak,440_SinglePlusCompton,3400,44.59828972696675,0.0013999403162448102,0.18123225594082787,0.40058551358400313
huber_weak,440_SinglePlusCompton,3450,44.78857075664856,0.0014020188131765852,0.18092714625785078,0.4005085119711765
huber_weak,440_SinglePlusCompton,3500,44.976125206436684,0.001404116965295294,0.1806325734247673,0.40043225512683334
huber_weak,440_SinglePlusCompton,3550,45.161014545121006,0.0014062272831093805,0.18034806644436402,0.4003567420114965
huber_weak,440_SinglePlusCompton,3600,45.343313413374936,0.0014083441448921859,0.18007317922317362,0.40028201424077525
huber_weak,440_SinglePlusCompton,3650,45.523070108104804,0.0014104650407465616,0.179807496001183,0.40020796542331094
huber_weak,440_SinglePlusCompton,3700,45.70033731684479,0.0014126064257697218,0.1795506300270437,0.4001348147613692
huber_weak,440_SinglePlusCompton,3750,45.87516772712907,0.0014147662149595309,0.17930219761886237,0.40006232951537124
huber_weak,440_SinglePlusCompton,3800,46.04762719837536,0.0014169367456845028,0.17906184656790178,0.39999072926165796
huber_weak,440_SinglePlusCompton,3850,46.2177464649786,0.0014191318841599374,0.1788292557878332,0.3999199021325097
huber_weak,440_SinglePlusCompton,3900,46.385569433217285,0.0014213639519615152,0.1786040989636898,0.3998498636141469
huber_weak,440_SinglePlusCompton,3950,46.551144399997725,0.0014236157838725067,0.1783860651415369,0.3997806505560854
huber_weak,440_SinglePlusCompton,4000,46.71451966222626,0.001425876125023547,0.17817486193280316,0.39971227886307253
huber_weak,440_SinglePlusCompton,4050,46.875739126181365,0.001428137333071281,0.1779702288556259,0.3996446803855828
huber_weak,440_SinglePlusCompton,4100,47.03483791688583,0.0014304247286675423,0.17777190707693552,0.39957781549227783
huber_weak,440_SinglePlusCompton,4150,47.19188189375737,0.001432743777114991,0.177579640406448,0.3995117570848293
huber_weak,440_SinglePlusCompton,4200,47.346888619307386,0.0014350769559784442,0.17739318858655984,0.3994464589319001
huber_weak,440_SinglePlusCompton,4250,47.49991078107006,0.0014374121582644741,0.17721233262930938,0.3993818680837069
huber_weak,440_SinglePlusCompton,4300,47.65097911344031,0.001439741103620321,0.1770368609223141,0.3993180859589038
huber_weak,440_SinglePlusCompton,4350,47.80013313206878,0.0014420588374065022,0.17686656517559146,0.39925500402970315
huber_weak,440_SinglePlusCompton,4400,47.94740796197826,0.001444360595964017,0.1767012470104091,0.39919252805759325
huber_weak,440_SinglePlusCompton,4450,48.092843118819374,0.0014466427106902707,0.17654071851028194,0.3991308229185278
huber_weak,440_SinglePlusCompton,4500,48.236456165103526,0.0014489035564030249,0.17638480727398284,0.3990697946740623
huber_weak,440_SinglePlusCompton,4550,48.37828661648133,0.0014511421058769534,0.17623335090973555,0.3990093426708768
huber_weak,440_SinglePlusCompton,4600,48.51837837923129,0.0014533575608953533,0.1760861928734722,0.3989495762493906
huber_weak,440_SinglePlusCompton,4650,48.656753406492626,0.0014555494492340705,0.1759431744451741,0.3988904437945386
huber_weak,440_SinglePlusCompton,4700,48.79343804203244,0.0014577193280099394,0.17580415476979389,0.3988319362604908
huber_weak,440_SinglePlusCompton,4750,48.92847180150136,0.0014598711384663766,0.17566899086366855,0.39877403024478003
huber_weak,440_SinglePlusCompton,4800,49.06186785678293,0.0014620067183839028,0.17553754882769268,0.39871666801446015
huber_weak,440_SinglePlusCompton,4850,49.19366133289994,0.0014641296926160416,0.1754096923605328,0.3986599032949816
huber_weak,440_SinglePlusCompton,4900,49.323861011108086,0.0014662382476216772,0.17528530135664136,0.39860367157766513
huber_weak,440_SinglePlusCompton,4950,49.452497625802295,0.0014683305890487931,0.1751642493475581,0.39854802675376433
huber_weak,440_SinglePlusCompton,5000,49.57959752074966,0.001470405164396412,0.17504642305094462,0.3984929252805343
huber_weak,440_SinglePlusCompton,5050,49.70518703971727,0.001472460699282624,0.17493172216185565,0.3984382960197853
huber_weak,440_SinglePlusCompton,5100,49.82928813584438,0.001474496172619426,0.17482004289630979,0.3983842279381715
huber_weak,440_SinglePlusCompton,5150,49.95193593415375,0.001476510789165638,0.17471127800880643,0.3983306778323679
huber_weak,440_SinglePlusCompton,5200,50.0731304346454,0.0014785040284135333,0.17460533157768302,0.3982775955648474
huber_weak,440_SinglePlusCompton,5250,50.192906762342105,0.001480475547625452,0.1745021227613878,0.39822497298572557
huber_weak,440_SinglePlusCompton,5300,50.31128687038311,0.001482424874578634,0.1744015508805633,0.39817282972032897
huber_weak,440_SinglePlusCompton,5350,50.428297102535495,0.001484351890951517,0.17430352842809776,0.39812115776035617
huber_weak,440_SinglePlusCompton,5400,50.54394624005497,0.0014862564862905584,0.17420797577644578,0.3980699974247361
huber_weak,440_SinglePlusCompton,5450,50.65826940796431,0.001488138598803554,0.1741148129693872,0.39801918130078473
huber_weak,440_SinglePlusCompton,5500,50.77127977814706,0.0014899999245190452,0.17402396595757771,0.3979688470006694
huber_weak,440_SinglePlusCompton,5550,50.88300808499817,0.0014918425516761123,0.17393536071930898,0.3979189449700304
huber_weak,440_SinglePlusCompton,5600,50.99347189102901,0.0014936655913755253,0.17384893035349266,0.3978694052409209
huber_weak,440_SinglePlusCompton,5650,51.10267558686744,0.001495468405773021,0.17376459934006758,0.3978202889419122
huber_weak,440_SinglePlusCompton,5700,51.21064551628055,0.0014972505568620921,0.17368230444564656,0.3977716232230365
huber_weak,440_SinglePlusCompton,5750,51.31740363240758,0.0014990127030213264,0.1736019762650842,0.39772328946917607
huber_weak,440_SinglePlusCompton,5800,51.42297188838777,0.0015007549974823868,0.17352355773039757,0.39767537016077414
huber_weak,440_SinglePlusCompton,5850,51.527363456104666,0.0015024768515834186,0.17344699014684187,0.39762778152655565
huber_weak,440_SinglePlusCompton,5900,51.630609069953195,0.0015041781278623367,0.17337222584864387,0.3975805643423179
huber_weak,440_SinglePlusCompton,5950,51.73271312056122,0.0015058586533869662,0.17329921306266166,0.3975337176244184
huber_weak,440_SinglePlusCompton,6000,51.83369756106797,0.0015075181884905177,0.17322789542161762,0.39748717199857464
huber_weak,440_SinglePlusCompton,6050,51.9335843446127,0.0015091568283137381,0.17315821345940532,0.3974409479084986
huber_weak,440_SinglePlusCompton,6100,52.03236908056754,0.0015107745656516506,0.17309011795550835,0.3973950924411829
huber_weak,440_SinglePlusCompton,6150,52.130086893955294,0.0015123715677385972,0.17302356209848524,0.39734957100888596
huber_weak,440_SinglePlusCompton,6200,52.22674656603165,0.0015139481215235145,0.17295849659747378,0.3973043970151921
huber_weak,440_SinglePlusCompton,6250,52.32237004993585,0.001515504276593629,0.17289488602762032,0.397259472979299
huber_weak,440_SinglePlusCompton,6300,52.41697490817928,0.0015170402098797539,0.17283268796001988,0.39721487448127457
huber_weak,440_SinglePlusCompton,6350,52.5105655313898,0.0015185561719877764,0.17277186451011114,0.39717054583143574
huber_weak,440_SinglePlusCompton,6400,52.60317704459019,0.001520052299422668,0.1727123852349476,0.3971265280367892
huber_weak,440_SinglePlusCompton,6450,52.6948050571526,0.0015215288122434033,0.17265421680659596,0.39708273803642496
huber_weak,440_SinglePlusCompton,6500,52.78547152221627,0.0015229860712425373,0.17259731863935715,0.39703924434832233
huber_weak,440_SinglePlusCompton,6550,52.87519839292044,0.0015244242047975812,0.17254165512246192,0.39699604632713176
huber_weak,440_SinglePlusCompton,6600,52.963994450520815,0.0015258435778805837,0.17248718966404597,0.39695316469770925
huber_weak,440_SinglePlusCompton,6650,53.05187725752878,0.001527244532191,0.17243389263405687,0.3969104546024248
huber_weak,440_SinglePlusCompton,6700,53.13886437645572,0.0015286273378734415,0.172381734197724,0.3968681491193742
huber_weak,440_SinglePlusCompton,6750,53.224955807301654,0.0015299921454141156,0.17233068930007672,0.39682602118776267
huber_weak,440_SinglePlusCompton,6800,53.310164721950116,0.0015313390159268593,0.1722807319653747,0.3967842013107796
huber_weak,440_SinglePlusCompton,6850,53.394504292284644,0.0015326679788418348,0.17223182939522755,0.3967426067541968
huber_weak,440_SinglePlusCompton,6900,53.47798769018879,0.0015339790882416722,0.1721839483334329,0.3967012644223378
huber_weak,440_SinglePlusCompton,6950,53.56061052503471,0.0015352724152563454,0.17213706009984034,0.39666018808188885
huber_weak,440_SinglePlusCompton,7000,53.64239035933379,0.0015365481004215632,0.17209113949962468,0.39661941889002855
huber_weak,440_SinglePlusCompton,7050,53.72333158371387,0.001537806379319314,0.17204615789439504,0.3965788326244356
huber_weak,440_SinglePlusCompton,7100,53.80346054194206,0.0015390474811669745,0.1720020810725566,0.3965385180855032
huber_weak,440_SinglePlusCompton,7150,53.882786015274036,0.0015402717366804616,0.17195889347943508,0.39649847601618177
huber_weak,440_SinglePlusCompton,7200,53.96129922245411,0.001541479327613855,0.17191657467619714,0.39645865008691844
huber_weak,440_SinglePlusCompton,7250,54.03903967913292,0.0015426707841317416,0.17187509528571362,0.39641903397375194
huber_weak,440_SinglePlusCompton,7300,54.11599860405476,0.0015438462786131308,0.17183443925527278,0.39637968910745264
huber_weak,440_SinglePlusCompton,7350,54.192202340986725,0.0015450061097519341,0.1717945773264833,0.3963405259596814
huber_weak,440_SinglePlusCompton,7400,54.267646499300966,0.0015461503627770302,0.17175549480042018,0.3963016131133619
huber_weak,440_SinglePlusCompton,7450,54.34235742276457,0.0015472793899112768,0.17171717292497635,0.39626295019307084
huber_weak,440_SinglePlusCompton,7500,54.41633072074969,0.0015483932260614416,0.171679594418719,0.3962244204516612
huber_weak,440_SinglePlusCompton,7550,54.48958395576772,0.0015494921880103507,0.17164273846019357,0.39618618870240824
huber_weak,440_SinglePlusCompton,7600,54.5621215184465,0.0015505765184629157,0.17160658166671847,0.396148123936995
huber_weak,440_SinglePlusCompton,7650,54.633965361925284,0.0015516462978885702,0.1715711056867673,0.3961103090508745
huber_weak,440_SinglePlusCompton,7700,54.705111095576214,0.0015527024972263619,0.17153629838800383,0.3960726676847223
huber_weak,440_SinglePlusCompton,7750,54.77557189128284,0.0015537715383046073,0.17150214344101103,0.3960352067016621
huber_weak,440_SinglePlusCompton,7800,54.845356530300855,0.0015548572649482873,0.1714686205608066,0.3959980291081852
huber_weak,440_SinglePlusCompton,7850,54.91448257514165,0.00155594918425521,0.17143571329139684,0.39596104562398465
huber_weak,440_SinglePlusCompton,7900,54.982954416433074,0.0015570406871874827,0.17140340342781246,0.3959242287161514
huber_weak,440_SinglePlusCompton,7950,55.05078083543083,0.0015581272288088407,0.17137167912530735,0.39588760538260326
huber_weak,440_SinglePlusCompton,8000,55.11796622276276,0.0015592060314969971,0.17134052968605482,0.3958511481059537
huber_weak,440_SinglePlusCompton,8050,55.1845237503124,0.001560275367882398,0.17130993829720756,0.3958148781467305
huber_weak,440_SinglePlusCompton,8100,55.250457808707615,0.0015613339088354828,0.17127989290840254,0.39577883539974723
huber_weak,440_SinglePlusCompton,8150,55.31578156983194,0.001562380956754429,0.1712503897415702,0.39574290349161456
huber_weak,440_SinglePlusCompton,8200,55.38050820556892,0.0015634162520271905,0.17122141363581792,0.39570717253935667
huber_weak,440_SinglePlusCompton,8250,55.444624544035015,0.0015644394112856621,0.17119295293773684,0.39567167523419766
huber_weak,440_SinglePlusCompton,8300,55.50815253836946,0.0015654505642573931,0.17116499863963255,0.395636425671718
huber_weak,440_SinglePlusCompton,8350,55.57111414171149,0.0015664495030865123,0.17113753414784316,0.3956012187678361
huber_weak,440_SinglePlusCompton,8400,55.63348740092188,0.0015674374135218082,0.17111055107964693,0.39556629356149947
huber_weak,440_SinglePlusCompton,8450,55.69530305039556,0.0015684166968178278,0.17108404244986106,0.3955315066111674
huber_weak,440_SinglePlusCompton,8500,55.75655669950468,0.0015693870633792894,0.17105799182327527,0.39549688492842255
huber_weak,440_SinglePlusCompton,8550,55.81725712950493,0.0015703482902266579,0.17103239386381475,0.39546252426223216
huber_weak,440_SinglePlusCompton,8600,55.877404340396325,0.0015713000609721747,0.171007236735964,0.39542830845185234
huber_weak,440_SinglePlusCompton,8650,55.93701589469024,0.0015722419119839773,0.17098250602241816,0.39539429168434226
huber_weak,440_SinglePlusCompton,8700,55.996096183014544,0.0015731739823415254,0.17095819351417169,0.39536049533581186
huber_weak,440_SinglePlusCompton,8750,56.05466715850846,0.0015740980515311712,0.17093428805594896,0.3953268432961178
huber_weak,440_SinglePlusCompton,8800,56.1127024774049,0.0015750160924654878,0.1709107814857317,0.39529337695353317
huber_weak,440_SinglePlusCompton,8850,56.170228483470964,0.0015759275991701974,0.17088766851726805,0.39526015045902274
huber_weak,440_SinglePlusCompton,8900,56.22725395796235,0.0015768323928402274,0.17086494022641213,0.3952270549843997
huber_weak,440_SinglePlusCompton,8950,56.28377451025119,0.001577729932931625,0.17084258399224767,0.3951941989983546
huber_weak,440_SinglePlusCompton,9000,56.3397989215932,0.0015786201954968299,0.17082059809073646,0.3951613922672248
huber_weak,440_SinglePlusCompton,9050,56.39534036387191,0.0015795026102414199,0.1707989659255239,0.39512885904601797
huber_weak,440_SinglePlusCompton,9100,56.450394446459484,0.0015803770660163376,0.17077768499246956,0.3950964905761106
huber_weak,440_SinglePlusCompton,9150,56.50497434123946,0.0015812430238247403,0.17075675096977852,0.3950643210538636
huber_weak,440_SinglePlusCompton,9200,56.559066876328295,0.0015821008193609343,0.17073615206780263,0.39503229606447343
huber_weak,440_SinglePlusCompton,9250,56.61269839549308,0.0015829503179928075,0.17071588612279637,0.3950005167770555
huber_weak,440_SinglePlusCompton,9300,56.665868898733805,0.0015837916337626578,0.17069593884379158,0.39496873169743874
huber_weak,440_SinglePlusCompton,9350,56.718587167306175,0.0015846247777296161,0.17067630359442248,0.39493729502833025
huber_weak,440_SinglePlusCompton,9400,56.770853201210194,0.001585449680845866,0.1706569844310617,0.3949060095551757
huber_weak,440_SinglePlusCompton,9450,56.82267578170155,0.0015862665591638446,0.1706379647547536,0.39487489505332757
huber_weak,440_SinglePlusCompton,9500,56.874063690035946,0.0015870752650399128,0.1706192392493178,0.394843897177804
huber_weak,440_SinglePlusCompton,9550,56.92501253558552,0.001587876014166812,0.1706008030876427,0.3948131115667428
huber_weak,440_SinglePlusCompton,9600,56.97553549023384,0.0015886689866814073,0.17058265036183498,0.394782408028978
huber_weak,440_SinglePlusCompton,9650,57.025632553980884,0.00158945409004204,0.1705647858778435,0.39475197069890516
huber_weak,440_SinglePlusCompton,9700,57.075316898710206,0.0015902313407323775,0.17054719881527908,0.3947216639718978
huber_weak,440_SinglePlusCompton,9750,57.124592915049654,0.0015910008162038482,0.17052988226836563,0.3946915690105842
huber_weak,440_SinglePlusCompton,9800,57.17344743111568,0.0015917627336952435,0.17051282702849974,0.3946616856855923
huber_weak,440_SinglePlusCompton,9850,57.221902400047526,0.0015925166994070847,0.17049603465274074,0.39463186401713
huber_weak,440_SinglePlusCompton,9900,57.26995343121735,0.0015932630281043163,0.17047949690109038,0.3946022411500508
huber_weak,440_SinglePlusCompton,9950,57.31762247776439,0.0015940019290895972,0.17046321379709334,0.3945729180288189
huber_weak,440_SinglePlusCompton,10000,57.36490075843294,0.0015947333805640422,0.17044717688359098,0.3945436021245974
huber_weak,218_SinglePhoton_CrossTalkCorrected,50,0.5325750197696106,0.00030592925500651024,0.4673146283529684,0.17489563316164541
huber_weak,218_SinglePhoton_CrossTalkCorrected,100,0.6036596743469784,0.0002717529966117354,0.4338190650931741,0.21490312595800967
huber_weak,218_SinglePhoton_CrossTalkCorrected,150,0.6628725863099335,0.00024956432609647255,0.4026742785036535,0.23468165505784172
huber_weak,218_SinglePhoton_CrossTalkCorrected,200,0.7936814543575651,0.00022960270586541072,0.37402850966818246,0.2503288397930531
huber_weak,218_SinglePhoton_CrossTalkCorrected,250,0.9233205142160515,0.00021143237659754097,0.3479212902876131,0.2649032892990113
huber_weak,218_SinglePhoton_CrossTalkCorrected,300,1.0508361098727008,0.00019507823724353705,0.3243057366696447,0.27858720476545007
huber_weak,218_SinglePhoton_CrossTalkCorrected,350,1.173176246494178,0.00018047241376016913,0.3030592716123045,0.2910751572616124
huber_weak,218_SinglePhoton_CrossTalkCorrected,400,1.2885384735724958,0.0001674787994727369,0.2840088203270976,0.3021438046860858
huber_weak,218_SinglePhoton_CrossTalkCorrected,450,1.396279507450895,0.00015593520314549584,0.2669558418789015,0.311722783982916
huber_weak,218_SinglePhoton_CrossTalkCorrected,500,1.4962315253626313,0.00014567716328410735,0.251695496736574,0.31985363869392053
huber_weak,218_SinglePhoton_CrossTalkCorrected,550,1.5894749186990698,0.0001365494424929087,0.23802927602630838,0.32664144359057057
huber_weak,218_SinglePhoton_CrossTalkCorrected,600,1.6768256711635927,0.00012841099640169585,0.22577229721990053,0.3322205833327391
huber_weak,218_SinglePhoton_CrossTalkCorrected,650,1.7572231960770708,0.00012113643232035456,0.21475678976572268,0.33673298573085847
huber_weak,218_SinglePhoton_CrossTalkCorrected,700,1.831150491943879,0.00011461580686168527,0.20483312531030715,0.34031669340142306
huber_weak,218_SinglePhoton_CrossTalkCorrected,750,1.8991115443515076,0.00010875347326114176,0.19586939160781008,0.3430998137150646
huber_weak,218_SinglePhoton_CrossTalkCorrected,800,1.9616128514255662,0.00010346667325185015,0.18775015264021516,0.34519792970152
huber_weak,218_SinglePhoton_CrossTalkCorrected,850,2.0191403675976285,9.86839733044687e-05,0.18037486383595078,0.346713521574144
huber_weak,218_SinglePhoton_CrossTalkCorrected,900,2.072207980811303,9.43437834484539e-05,0.1736561809272097,0.34773635314780643
huber_weak,218_SinglePhoton_CrossTalkCorrected,950,2.1220410706870823,9.039301210655145e-05,0.16751831045271767,0.3483445433421669
huber_weak,218_SinglePhoton_CrossTalkCorrected,1000,2.168233936216855,8.678585062917927e-05,0.1618954867633569,0.3486055815553681
huber_weak,218_SinglePhoton_CrossTalkCorrected,1050,2.211127543603067,8.348271858755004e-05,0.15673060379748613,0.3485774829970945
huber_weak,218_SinglePhoton_CrossTalkCorrected,1100,2.2510299004598906,8.044935521665953e-05,0.15197401011949077,0.3483100313613377
huber_weak,218_SinglePhoton_CrossTalkCorrected,1150,2.288220194111305,7.765604475582061e-05,0.14758245490645294,0.34784582984501594
huber_weak,218_SinglePhoton_CrossTalkCorrected,1200,2.322947461423857,7.507695151658088e-05,0.14351819106422709,0.34722127274164233
huber_weak,218_SinglePhoton_CrossTalkCorrected,1250,2.3554393087918957,7.268955721417918e-05,0.13974819502508015,0.3464672008207152
huber_weak,218_SinglePhoton_CrossTalkCorrected,1300,2.3858979216358573,7.047418805172011e-05,0.13624350570508054,0.3456099062206001
huber_weak,218_SinglePhoton_CrossTalkCorrected,1350,2.4145043504967028,6.841360237941964e-05,0.13297866322983845,0.34467159435959094
huber_weak,218_SinglePhoton_CrossTalkCorrected,1400,2.4414216147594767,6.649266535773657e-05,0.12993121951018877,0.34367107668999536
huber_weak,218_SinglePhoton_CrossTalkCorrected,1450,2.466794702653307,6.4698048548176e-05,0.12708133694821683,0.3426242413815194
huber_weak,218_SinglePhoton_CrossTalkCorrected,1500,2.490755005142205,6.301797566629421e-05,0.12441143227578318,0.3415444048139112
huber_weak,218_SinglePhoton_CrossTalkCorrected,1550,2.5134195769432655,6.144203330471612e-05,0.12190588571121327,0.3404426856367658
huber_weak,218_SinglePhoton_CrossTalkCorrected,1600,2.534894092453865,5.996097193039445e-05,0.11955077794607127,0.3393284292417473
huber_weak,218_SinglePhoton_CrossTalkCorrected,1650,2.5552746193079834,5.856656757956566e-05,0.11733367657684024,0.33820933268304854
huber_weak,218_SinglePhoton_CrossTalkCorrected,1700,2.574643332281762,5.725148692791154e-05,0.11524345005656059,0.33709188192615985
huber_weak,218_SinglePhoton_CrossTalkCorrected,1750,2.5930779722605446,5.60091737544376e-05,0.11327010362015427,0.3359812101834961
huber_weak,218_SinglePhoton_CrossTalkCorrected,1800,2.6106468211626357,5.483375041369652e-05,0.11140464309867551,0.334881611628832
huber_weak,218_SinglePhoton_CrossTalkCorrected,1850,2.6274134314228217,5.37199427657586e-05,0.10963895862103035,0.33379656562052606
huber_weak,218_SinglePhoton_CrossTalkCorrected,1900,2.6434318965088504,5.266300744660463e-05,0.10796571481742781,0.33272887725480993
huber_weak,218_SinglePhoton_CrossTalkCorrected,1950,2.658753945146711,5.16586648807688e-05,0.10637826509632993,0.3316804889864663
huber_weak,218_SinglePhoton_CrossTalkCorrected,2000,2.6734259853934335,5.0703042241839264e-05,0.10487057564787922,0.3306532863742351
huber_weak,218_SinglePhoton_CrossTalkCorrected,2050,2.6874914693788483,4.97926363596507e-05,0.10343715322260555,0.32964836012941756
huber_weak,218_SinglePhoton_CrossTalkCorrected,2100,2.700985572636627,4.8924269643018594e-05,0.1020729908873756,0.3286667120813908
huber_weak,218_SinglePhoton_CrossTalkCorrected,2150,2.713944061885883,4.809504588181764e-05,0.10077351371949994,0.32770874212116474
huber_weak,218_SinglePhoton_CrossTalkCorrected,2200,2.7263982699549287,4.7302335554917086e-05,0.09953453515527168,0.32677491583459245
huber_weak,218_SinglePhoton_CrossTalkCorrected,2250,2.7383765737448784,4.6543737995973324e-05,0.09835221239671389,0.3258654249151358
huber_weak,218_SinglePhoton_CrossTalkCorrected,2300,2.7499052810078055,4.581705450731629e-05,0.09722301652976749,0.32498011046250125
huber_weak,218_SinglePhoton_CrossTalkCorrected,2350,2.7610092215321855,4.512027367557689e-05,0.09614370122935413,0.32411885049539463
huber_weak,218_SinglePhoton_CrossTalkCorrected,2400,2.771709382401134,4.445154759799959e-05,0.0951112741556641,0.32328128378984633
huber_weak,218_SinglePhoton_CrossTalkCorrected,2450,2.7820285242540845,4.380918556701142e-05,0.09412297281645773,0.32246722376147213
huber_weak,218_SinglePhoton_CrossTalkCorrected,2500,2.791982609097915,4.3191626155317375e-05,0.09317624371966361,0.32167598200908165
huber_weak,218_SinglePhoton_CrossTalkCorrected,2550,2.8015899636812613,4.259742916255765e-05,0.09226872306789996,0.32090726716113926
huber_weak,218_SinglePhoton_CrossTalkCorrected,2600,2.8108686191600394,4.2025272866423045e-05,0.09139821641502548,0.3201603949674932
huber_weak,218_SinglePhoton_CrossTalkCorrected,2650,2.8198318772066457,4.14739260985181e-05,0.0905626904133368,0.31943482854578514
huber_weak,218_SinglePhoton_CrossTalkCorrected,2700,2.828493630678918,4.094225498756012e-05,0.08976025068411234,0.31872997070017656
huber_weak,218_SinglePhoton_CrossTalkCorrected,2750,2.836868068027413,4.042920455902041e-05,0.08898913598271237,0.31804522897746307
huber_weak,218_SinglePhoton_CrossTalkCorrected,2800,2.844965830590048,3.993379980059003e-05,0.08824770411656238,0.31737990934912785
huber_weak,218_SinglePhoton_CrossTalkCorrected,2850,2.852799037668341,3.945512888491102e-05,0.08753442280515931,0.3167333996138671
huber_weak,218_SinglePhoton_CrossTalkCorrected,2900,2.860378921785649,3.8992348284607096e-05,0.08684786047334224,0.31610511283060566
huber_weak,218_SinglePhoton_CrossTalkCorrected,2950,2.8677164198726097,3.854466932344136e-05,0.08618667965505088,0.3154944219524225
huber_weak,218_SinglePhoton_CrossTalkCorrected,3000,2.8748159658200225,3.81113577035991e-05,0.0855496268688577,0.3149006498342141
huber_weak,218_SinglePhoton_CrossTalkCorrected,3050,2.8816911568930044,3.769172305964495e-05,0.08493552729971127,0.3143233083852849
huber_weak,218_SinglePhoton_CrossTalkCorrected,3100,2.8883505652804327,3.7285125643154416e-05,0.08434327924757255,0.3137616692859671
huber_weak,218_SinglePhoton_CrossTalkCorrected,3150,2.894800989614867,3.689096265333277e-05,0.08377184781372042,0.31321521946094494
huber_weak,218_SinglePhoton_CrossTalkCorrected,3200,2.9010498197143053,3.650867105612777e-05,0.08322026160203999,0.3126833901917516
huber_weak,218_SinglePhoton_CrossTalkCorrected,3250,2.907103854211306,3.6137721865635196e-05,0.08268760463484476,0.3121656003081708
huber_weak,218_SinglePhoton_CrossTalkCorrected,3300,2.912970187331147,3.577761452482459e-05,0.08217301615568888,0.31166143004365354
huber_weak,218_SinglePhoton_CrossTalkCorrected,3350,2.918655913299108,3.542788600608965e-05,0.08167568676934328,0.3111702463751251
huber_weak,218_SinglePhoton_CrossTalkCorrected,3400,2.924168126340467,3.508809402087607e-05,0.08119484867050124,0.310691658001864
huber_weak,218_SinglePhoton_CrossTalkCorrected,3450,2.929511851531462,3.4757824707910774e-05,0.08072977952398595,0.31022512736309094
huber_weak,218_SinglePhoton_CrossTalkCorrected,3500,2.9346912271701733,3.443668486555831e-05,0.08027979839353992,0.30977020191953814
huber_weak,218_SinglePhoton_CrossTalkCorrected,3550,2.9397148254454786,3.412430792074477e-05,0.0798442589805355,0.30932643640570284
huber_weak,218_SinglePhoton_CrossTalkCorrected,3600,2.9445853066918573,3.382034258539131e-05,0.07942255208529168,0.3088933924669813
huber_weak,218_SinglePhoton_CrossTalkCorrected,3650,2.9493082871709877,3.352446412091676e-05,0.07901409940913263,0.3084706948283143
huber_weak,218_SinglePhoton_CrossTalkCorrected,3700,2.953891747886309,3.323635487855292e-05,0.07861835242539102,0.30805797371920834
huber_weak,218_SinglePhoton_CrossTalkCorrected,3750,2.9583350976523803,3.295572148800429e-05,0.07823479158617128,0.30765483653973036
huber_weak,218_SinglePhoton_CrossTalkCorrected,3800,2.9626442483236013,3.268228701559685e-05,0.07786292394023608,0.3072608664406611
huber_weak,218_SinglePhoton_CrossTalkCorrected,3850,2.96682452056893,3.241577993203141e-05,0.07750228163553156,0.3068758224021068
huber_weak,218_SinglePhoton_CrossTalkCorrected,3900,2.9708809394646063,3.2155951772366526e-05,0.07715242006429522,0.3064992921257235
huber_weak,218_SinglePhoton_CrossTalkCorrected,3950,2.9748158697523888,3.1902561225013146e-05,0.0768129178805732,0.30613096174734095
huber_weak,218_SinglePhoton_CrossTalkCorrected,4000,2.9787020272413818,3.165537969686666e-05,0.0764833739868767,0.30577062952342937
huber_weak,218_SinglePhoton_CrossTalkCorrected,4050,2.9827223838252257,3.141419521794523e-05,0.07616340616286396,0.30541783756474705
huber_weak,218_SinglePhoton_CrossTalkCorrected,4100,2.9866242077283753,3.117879118692372e-05,0.07585265057263957,0.3050724840814734
huber_weak,218_SinglePhoton_CrossTalkCorrected,4150,2.9904077945435503,3.094898108016714e-05,0.07555076037738206,0.30473419421687875
huber_weak,218_SinglePhoton_CrossTalkCorrected,4200,2.99407964731059,3.072457237974487e-05,0.07525740753342879,0.3044027527448018
huber_weak,218_SinglePhoton_CrossTalkCorrected,4250,2.9976421307712537,3.0505385633620045e-05,0.07497227569290602,0.3040779491231451
huber_weak,218_SinglePhoton_CrossTalkCorrected,4300,3.0010990876309003,3.0291251393097367e-05,0.07469506542945849,0.30375948003256953
huber_weak,218_SinglePhoton_CrossTalkCorrected,4350,3.0044528826312895,3.0082008462240976e-05,0.07442549023267589,0.30344725125802063
huber_weak,218_SinglePhoton_CrossTalkCorrected,4400,3.0077064716996205,2.9877496351143904e-05,0.07416327617770581,0.3031408946713681
huber_weak,218_SinglePhoton_CrossTalkCorrected,4450,3.0108625151703725,2.967756531977988e-05,0.07390816141901696,0.302840309136555
huber_weak,218_SinglePhoton_CrossTalkCorrected,4500,3.013926333712505,2.9482076596121925e-05,0.0736598971466651,0.302545306831472
huber_weak,218_SinglePhoton_CrossTalkCorrected,4550,3.0168976317332974,2.9290892606795385e-05,0.07341824433722945,0.30225562882541535
huber_weak,218_SinglePhoton_CrossTalkCorrected,4600,3.0197796607526692,2.910387935542879e-05,0.07318297299591164,0.3019711636488755
huber_weak,218_SinglePhoton_CrossTalkCorrected,4650,3.02257567229054,2.8920917998100138e-05,0.07295386521692829,0.30169175839287615
huber_weak,218_SinglePhoton_CrossTalkCorrected,4700,3.0252880310886687,2.8741881870535433e-05,0.0727307105382306,0.30141726227672955
huber_weak,218_SinglePhoton_CrossTalkCorrected,4750,3.027921171037855,2.856665581018086e-05,0.07251330976888004,0.3011474305547195
huber_weak,218_SinglePhoton_CrossTalkCorrected,4800,3.0304747965453784,2.8395133166458233e-05,0.07230147113060854,0.3008822135581466
huber_weak,218_SinglePhoton_CrossTalkCorrected,4850,3.0329524547238784,2.8227202991429468e-05,0.07209500781663487,0.30062138810082595
huber_weak,218_SinglePhoton_CrossTalkCorrected,4900,3.0353565103151143,2.8062767109233004e-05,0.07189374510510652,0.30036491419955874
huber_weak,218_SinglePhoton_CrossTalkCorrected,4950,3.037688145689966,2.7901727831726013e-05,0.07169751414535648,0.3001126314171724
huber_weak,218_SinglePhoton_CrossTalkCorrected,5000,3.0399503167756334,2.774398833616972e-05,0.07150615013620536,0.2998644145185781
huber_weak,218_SinglePhoton_CrossTalkCorrected,5050,3.042145388313875,2.7589456680427533e-05,0.07131949828178247,0.2996201165020344
huber_weak,218_SinglePhoton_CrossTalkCorrected,5100,3.0442763162318904,2.7438048565011557e-05,0.07113740875016142,0.2993796441621803
huber_weak,218_SinglePhoton_CrossTalkCorrected,5150,3.0463416225660804,2.7289675963716827e-05,0.07095973667640483,0.29914291628662665
huber_weak,218_SinglePhoton_CrossTalkCorrected,5200,3.0483463323926836,2.7144262652291036e-05,0.07078634427463334,0.29890979205882723
huber_weak,218_SinglePhoton_CrossTalkCorrected,5250,3.0502916280825794,2.7001727570122535e-05,0.07061709874838479,0.29868020677837864
huber_weak,218_SinglePhoton_CrossTalkCorrected,5300,3.0521778052284882,2.6861992035229333e-05,0.07045187016356914,0.29845411518631204
huber_weak,218_SinglePhoton_CrossTalkCorrected,5350,3.0540095933139293,2.6724985266081788e-05,0.07029053597821863,0.2982313220336533
huber_weak,218_SinglePhoton_CrossTalkCorrected,5400,3.055785514375302,2.659063834175462e-05,0.07013297975183681,0.29801180217345097
huber_weak,218_SinglePhoton_CrossTalkCorrected,5450,3.057507933154367,2.645888579675842e-05,0.06997908809626821,0.29779543333853314
huber_weak,218_SinglePhoton_CrossTalkCorrected,5500,3.0591789188001624,2.6329660947062602e-05,0.0698287497376802,0.29758214586368403
huber_weak,218_SinglePhoton_CrossTalkCorrected,5550,3.0608026096107688,2.6202896696447388e-05,0.06968185986997441,0.29737193845936477
huber_weak,218_SinglePhoton_CrossTalkCorrected,5600,3.0623766408444255,2.607854223457739e-05,0.06953831544824793,0.29716464930877445
huber_weak,218_SinglePhoton_CrossTalkCorrected,5650,3.0639033772428927,2.5956528874068763e-05,0.06939801958305901,0.29696025117139574
huber_weak,218_SinglePhoton_CrossTalkCorrected,5700,3.06538488795521,2.5836803691230284e-05,0.06926087810303684,0.2967586654152172
huber_weak,218_SinglePhoton_CrossTalkCorrected,5750,3.066821764166817,2.571930793727992e-05,0.06912679897563904,0.2965598361567311
huber_weak,218_SinglePhoton_CrossTalkCorrected,5800,3.0682145970631534,2.56039900320072e-05,0.06899569538399666,0.2963636703932734
huber_weak,218_SinglePhoton_CrossTalkCorrected,5850,3.0695672293495786,2.549080206344851e-05,0.06886748171960193,0.2961701692881648
huber_weak,218_SinglePhoton_CrossTalkCorrected,5900,3.070878774247933,2.5379696638237374e-05,0.06874207623426704,0.2959792065536313
huber_weak,218_SinglePhoton_CrossTalkCorrected,5950,3.0721515964999755,2.5270616637451614e-05,0.06861940254461231,0.2957907908721808
huber_weak,218_SinglePhoton_CrossTalkCorrected,6000,3.0733851049202663,2.5163518171515362e-05,0.06849938171305513,0.29560484249768854
huber_weak,218_SinglePhoton_CrossTalkCorrected,6050,3.0745825510287257,2.505836099650242e-05,0.06838194099069304,0.29542127024758047
huber_weak,218_SinglePhoton_CrossTalkCorrected,6100,3.075744526010792,2.495509920679913e-05,0.06826700779679948,0.29524007511563033
huber_weak,218_SinglePhoton_CrossTalkCorrected,6150,3.0768730990155064,2.4853687162441336e-05,0.06815451631702639,0.29506121238643246
huber_weak,218_SinglePhoton_CrossTalkCorrected,6200,3.0779682700428674,2.4754084471791297e-05,0.06804439957792502,0.2948846205473083
huber_weak,218_SinglePhoton_CrossTalkCorrected,6250,3.0790282655365564,2.4656252747600632e-05,0.0679365944608081,0.29471022820984727
huber_weak,218_SinglePhoton_CrossTalkCorrected,6300,3.080057223794652,2.4560156671101713e-05,0.06783103648280853,0.29453806443845637
huber_weak,218_SinglePhoton_CrossTalkCorrected,6350,3.0810548492244347,2.4465753659451145e-05,0.06772766754566133,0.2943679989282859
huber_weak,218_SinglePhoton_CrossTalkCorrected,6400,3.082023802160384,2.437300487848482e-05,0.0676264292898258,0.29420006117896025
huber_weak,218_SinglePhoton_CrossTalkCorrected,6450,3.0829658561588182,2.4281882010350075e-05,0.06752726500937363,0.2940342126405749
huber_weak,218_SinglePhoton_CrossTalkCorrected,6500,3.08387716851438,2.419235038487802e-05,0.0674301222795583,0.29387037648850994
huber_weak,218_SinglePhoton_CrossTalkCorrected,6550,3.084762764303307,2.41043717757533e-05,0.06733494929198405,0.293708545351628
huber_weak,218_SinglePhoton_CrossTalkCorrected,6600,3.0856214611547195,2.401791787068709e-05,0.06724169236452927,0.29354861540285465
huber_weak,218_SinglePhoton_CrossTalkCorrected,6650,3.086455328217658,2.393295280079554e-05,0.06715030284895064,0.29339065748745763
huber_weak,218_SinglePhoton_CrossTalkCorrected,6700,3.087262296343082,2.384944860924181e-05,0.06706073495579654,0.29323454298191776
huber_weak,218_SinglePhoton_CrossTalkCorrected,6750,3.0880467994217913,2.3767374450928416e-05,0.06697294338743762,0.29308034941625694
huber_weak,218_SinglePhoton_CrossTalkCorrected,6800,3.088807063897465,2.3686701000266806e-05,0.06688688058370582,0.2929279048405233
huber_weak,218_SinglePhoton_CrossTalkCorrected,6850,3.0895457501045844,2.3607400408673665e-05,0.06680250430916698,0.29277734931073396
huber_weak,218_SinglePhoton_CrossTalkCorrected,6900,3.0902607888941085,2.35294489806379e-05,0.06671977143910249,0.29262849264485247
huber_weak,218_SinglePhoton_CrossTalkCorrected,6950,3.0909545450077975,2.345281419707112e-05,0.0666386441728152,0.29248140954104146
huber_weak,218_SinglePhoton_CrossTalkCorrected,7000,3.0916287920019703,2.337747447058666e-05,0.06655908269785782,0.2923360129789014
huber_weak,218_SinglePhoton_CrossTalkCorrected,7050,3.0922802783567085,2.330340545270746e-05,0.06648104813270425,0.2921923654210816
huber_weak,218_SinglePhoton_CrossTalkCorrected,7100,3.0929163938900097,2.3230582009581215e-05,0.06640450212806287,0.29205033028036126
huber_weak,218_SinglePhoton_CrossTalkCorrected,7150,3.0935315223401956,2.3158975550484976e-05,0.06632941095650133,0.29190992982850694
huber_weak,218_SinglePhoton_CrossTalkCorrected,7200,3.0941286196344655,2.3088565777282964e-05,0.066255738577899,0.29177113660513476
huber_weak,218_SinglePhoton_CrossTalkCorrected,7250,3.094707981365539,2.301933407022825e-05,0.0661834507667609,0.29163392948927475
huber_weak,218_SinglePhoton_CrossTalkCorrected,7300,3.0952713810897365,2.2951253704899568e-05,0.0661125173415706,0.29149831844659874
huber_weak,218_SinglePhoton_CrossTalkCorrected,7350,3.0958170452507376,2.2884305535878695e-05,0.06604290333016687,0.29136418333443953
huber_weak,218_SinglePhoton_CrossTalkCorrected,7400,3.0963464518121424,2.28184670977992e-05,0.06597457754243206,0.29123162413604936
huber_weak,218_SinglePhoton_CrossTalkCorrected,7450,3.09686019195939,2.2753715762514275e-05,0.06590751187282161,0.29110054580264527
huber_weak,218_SinglePhoton_CrossTalkCorrected,7500,3.0973559009507223,2.26900375020692e-05,0.06584167811681216,0.2909709523622191
huber_weak,218_SinglePhoton_CrossTalkCorrected,7550,3.097840377418697,2.2627408846981927e-05,0.06577704534222455,0.29084277380592477
huber_weak,218_SinglePhoton_CrossTalkCorrected,7600,3.098307709508915,2.2565813439889755e-05,0.06571358562342094,0.2907161132487482
huber_weak,218_SinglePhoton_CrossTalkCorrected,7650,3.0987626267048958,2.2505233390993698e-05,0.0656512750943716,0.29059076471491524
huber_weak,218_SinglePhoton_CrossTalkCorrected,7700,3.0992057201920793,2.244564835715941e-05,0.0655900855624972,0.2904668901131828
huber_weak,218_SinglePhoton_CrossTalkCorrected,7750,3.099633442857826,2.2387042539560193e-05,0.06552999160634206,0.2903443149087713
huber_weak,218_SinglePhoton_CrossTalkCorrected,7800,3.100047568258456,2.23293958576429e-05,0.06547096968958194,0.2902231207350891
huber_weak,218_SinglePhoton_CrossTalkCorrected,7850,3.1004516435066076,2.2272694285942627e-05,0.06541299597633701,0.29010330885132846
huber_weak,218_SinglePhoton_CrossTalkCorrected,7900,3.100840643526043,2.2216921367868874e-05,0.06535604581549535,0.28998479436184593
huber_weak,218_SinglePhoton_CrossTalkCorrected,7950,3.1012225493201995,2.2162061322208584e-05,0.0653000979062525,0.2898676128130879
huber_weak,218_SinglePhoton_CrossTalkCorrected,8000,3.101591153441959,2.21080955319198e-05,0.06524512753549405,0.289751660974735
huber_weak,218_SinglePhoton_CrossTalkCorrected,8050,3.101946455891322,2.205501310742166e-05,0.06519111697573164,0.2896370175311625
huber_weak,218_SinglePhoton_CrossTalkCorrected,8100,3.1022931861518064,2.2002799479765725e-05,0.06513804486864715,0.2895235979663297
huber_weak,218_SinglePhoton_CrossTalkCorrected,8150,3.102628092703493,2.1951434005167844e-05,0.06508588966587961,0.2894114253169113
huber_weak,218_SinglePhoton_CrossTalkCorrected,8200,3.102953835880862,2.1900906711535552e-05,0.06503463217923734,0.28930049234475397
huber_weak,218_SinglePhoton_CrossTalkCorrected,8250,3.103271302462073,2.185120785679209e-05,0.06498425449081821,0.28919079771463674
huber_weak,218_SinglePhoton_CrossTalkCorrected,8300,3.103579014483526,2.1802316484394002e-05,0.06493473545158257,0.2890822386940432
huber_weak,218_SinglePhoton_CrossTalkCorrected,8350,3.103877858723381,2.1754225016554772e-05,0.06488605732805103,0.288974854071589
huber_weak,218_SinglePhoton_CrossTalkCorrected,8400,3.104166061625318,2.1706919140350607e-05,0.06483820464330874,0.2888686240994857
huber_weak,218_SinglePhoton_CrossTalkCorrected,8450,3.1044474658946966,2.166038557679631e-05,0.06479115760798893,0.28876354471833093
huber_weak,218_SinglePhoton_CrossTalkCorrected,8500,3.104721775938797,2.1614611833157495e-05,0.06474490035313651,0.2886596518504411
huber_weak,218_SinglePhoton_CrossTalkCorrected,8550,3.1049848534595395,2.156958534918494e-05,0.0646994148389651,0.2885568245902524
huber_weak,218_SinglePhoton_CrossTalkCorrected,8600,3.105241132347724,2.152528990571261e-05,0.0646546868798934,0.28845516596831494
huber_weak,218_SinglePhoton_CrossTalkCorrected,8650,3.1054894302324696,2.148172213910561e-05,0.06461070024529722,0.2883545067463414
huber_weak,218_SinglePhoton_CrossTalkCorrected,8700,3.1057297471137773,2.1438867258334477e-05,0.06456744070466003,0.28825499270444666
huber_weak,218_SinglePhoton_CrossTalkCorrected,8750,3.1059665168824457,2.1396717561123177e-05,0.06452489379296292,0.28815647615664997
huber_weak,218_SinglePhoton_CrossTalkCorrected,8800,3.1061941232767962,2.1355256931105855e-05,0.0644830439558112,0.28805903876659933
huber_weak,218_SinglePhoton_CrossTalkCorrected,8850,3.106415817816748,2.1314479532762985e-05,0.06444187724882565,0.2879627166128971
huber_weak,218_SinglePhoton_CrossTalkCorrected,8900,3.106630122538701,2.1274373473683196e-05,0.0644013794069235,0.2878673123689678
huber_weak,218_SinglePhoton_CrossTalkCorrected,8950,3.106837333035376,2.1234930227502124e-05,0.06436153586384298,0.28777298173996374
huber_weak,218_SinglePhoton_CrossTalkCorrected,9000,3.1070374493067723,2.119613840792943e-05,0.06432233453343608,0.28767966550551133
huber_weak,218_SinglePhoton_CrossTalkCorrected,9050,3.10723165372377,2.115798916254713e-05,0.06428376467754111,0.28758729894552737
huber_weak,218_SinglePhoton_CrossTalkCorrected,9100,3.1074249713626076,2.1120468305378455e-05,0.06424581196264498,0.2874959664383986
huber_weak,218_SinglePhoton_CrossTalkCorrected,9150,3.1076106035907274,2.1083565142835762e-05,0.06420846679862495,0.2874055367234315
huber_weak,218_SinglePhoton_CrossTalkCorrected,9200,3.107790028371728,2.1047275511576335e-05,0.06417171505797734,0.28731610248658435
huber_weak,218_SinglePhoton_CrossTalkCorrected,9250,3.10796413248377,2.1011591503071705e-05,0.06413554458703595,0.2872275723769456
huber_weak,218_SinglePhoton_CrossTalkCorrected,9300,3.1081296644069343,2.0976499645331176e-05,0.06409994643047855,0.28714003072150246
huber_weak,218_SinglePhoton_CrossTalkCorrected,9350,3.1082925359956186,2.0941996534952954e-05,0.06406490787387041,0.28705333357700047
huber_weak,218_SinglePhoton_CrossTalkCorrected,9400,3.108453634027984,2.0908071530001273e-05,0.0640304185410015,0.28696759677625666
huber_weak,218_SinglePhoton_CrossTalkCorrected,9450,3.108602612758831,2.0874711719826578e-05,0.06399646739403915,0.28688276416611835
huber_weak,218_SinglePhoton_CrossTalkCorrected,9500,3.108750409118799,2.084191348051941e-05,0.06396304486150058,0.28679881388514744
huber_weak,218_SinglePhoton_CrossTalkCorrected,9550,3.1088979098860468,2.0809672005082833e-05,0.063930140519198,0.2867157665231747
huber_weak,218_SinglePhoton_CrossTalkCorrected,9600,3.1090397943916157,2.0777973371285013e-05,0.06389774487057412,0.2866335763452344
huber_weak,218_SinglePhoton_CrossTalkCorrected,9650,3.1091728111155867,2.0746816166770514e-05,0.06386584841179767,0.2865522297141115
huber_weak,218_SinglePhoton_CrossTalkCorrected,9700,3.1093070102104376,2.071619017910703e-05,0.06383444085577138,0.2864717391387929
huber_weak,218_SinglePhoton_CrossTalkCorrected,9750,3.1094364798217695,2.068608286008412e-05,0.06380351228118744,0.2863921094571729
huber_weak,218_SinglePhoton_CrossTalkCorrected,9800,3.109560628764142,2.0656494558338194e-05,0.06377305534328305,0.28631327660006056
huber_weak,218_SinglePhoton_CrossTalkCorrected,9850,3.109681821779316,2.0627417349417257e-05,0.06374306074842356,0.28623532202366514
huber_weak,218_SinglePhoton_CrossTalkCorrected,9900,3.1097994676818503,2.0598837418216295e-05,0.06371352219903735,0.2861581209354524
huber_weak,218_SinglePhoton_CrossTalkCorrected,9950,3.109915931213505,2.0570750070638407e-05,0.0636844296210936,0.28608176013384407
huber_weak,218_SinglePhoton_CrossTalkCorrected,10000,3.1100276652616405,2.0543152178880072e-05,0.06365577446348694,0.28600614921535283
huber_weak,440SinglePlus218Single,50,0.5875361456540362,0.00029963466992051534,0.4820329809716083,0.18946986296425378
huber_weak,440SinglePlus218Single,100,0.65283607771618,0.00027533500421716495,0.46301661160139235,0.21959505408480673
huber_weak,440SinglePlus218Single,150,0.6603916481679585,0.0002591459340383586,0.4448592262851677,0.23051776385630462
huber_weak,440SinglePlus218Single,200,0.6503828637052852,0.0002442562568919413,0.42759849844170794,0.2378266228152243
huber_weak,440SinglePlus218Single,250,0.702490082162518,0.00023044109925670194,0.41125506634766135,0.24522593066270612
huber_weak,440SinglePlus218Single,300,0.775460399468685,0.00021772140052037876,0.3958349718177679,0.2532941056827126
huber_weak,440SinglePlus218Single,350,0.8471374230113035,0.0002060508634778222,0.3813232092947622,0.2618024839160717
huber_weak,440SinglePlus218Single,400,0.9170923631681902,0.00019534821309029023,0.3676872976386068,0.2704069264824399
huber_weak,440SinglePlus218Single,450,0.985010644951667,0.00018552397315628512,0.35488339234581145,0.27883096276678254
huber_weak,440SinglePlus218Single,500,1.0506861834270411,0.00017649187310832427,0.34286176310420335,0.28689183407631347
huber_weak,440SinglePlus218Single,550,1.1139999626978883,0.000168172830711948,0.33157077899901166,0.29448439330899495
huber_weak,440SinglePlus218Single,600,1.1748988918872154,0.00016049588884226235,0.32095950058419886,0.30155812256027686
huber_weak,440SinglePlus218Single,650,1.2340630882122925,0.00015339795167337768,0.31097919317382244,0.3080988168292112
huber_weak,440SinglePlus218Single,700,1.2914194247608095,0.0001468231106863829,0.3015841103067578,0.31411471647344336
huber_weak,440SinglePlus218Single,750,1.346424712612158,0.00014072185843569206,0.2927318009254861,0.31962719849338805
huber_weak,440SinglePlus218Single,800,1.39913979852797,0.00013505031330222656,0.2843831371471877,0.32466508893513313
huber_weak,440SinglePlus218Single,850,1.4496404870473956,0.0001297695123518216,0.2765021903134904,0.32926009255364147
huber_weak,440SinglePlus218Single,900,1.4980064606519043,0.00012484478297282716,0.269056024904182,0.333445096003898
huber_weak,440SinglePlus218Single,950,1.5443250653756442,0.00012024518411789237,0.26201445638422466,0.3372523107747536
huber_weak,440SinglePlus218Single,1000,1.5886827239331642,0.00011594305416148603,0.25534980910546556,0.34071266383464116
huber_weak,440SinglePlus218Single,1050,1.6311659513709726,0.00011191358934467253,0.24903669159350814,0.34385486679287924
huber_weak,440SinglePlus218Single,1100,1.6718614473994982,0.0001081344875891397,0.24305176706781878,0.34670598338642805
huber_weak,440SinglePlus218Single,1150,1.7108515721270494,0.00010458567086090727,0.2373735710408021,0.34929073681857975
huber_weak,440SinglePlus218Single,1200,1.7482173930144964,0.00010124900428899267,0.23198232339446542,0.3516317759080368
huber_weak,440SinglePlus218Single,1250,1.7840366535721481,9.810807877209791e-05,0.22685977793129528,0.35374973735070864
huber_weak,440SinglePlus218Single,1300,1.818384327351515,9.51480199427238e-05,0.22198907805971813,0.35566368674316123
huber_weak,440SinglePlus218Single,1350,1.8513300326504276,9.235530962756639e-05,0.21735463134461355,0.3573907638636954
huber_weak,440SinglePlus218Single,1400,1.8829420951192772,8.971765330264842e-05,0.2129419955458727,0.35894647595675644
huber_weak,440SinglePlus218Single,1450,1.913284223810455,8.722385290279898e-05,0.2087377847893011,0.36034519889202843
huber_weak,440SinglePlus218Single,1500,1.9424171731536333,8.486367125715079e-05,0.20472957001410202,0.36159984539492906
huber_weak,440SinglePlus218Single,1550,1.9703989276196838,8.262775275815719e-05,0.20090580397335844,0.3627220932500407
huber_weak,440SinglePlus218Single,1600,1.9972854403763598,8.050753424640675e-05,0.197255744382294,0.363722782240943
huber_weak,440SinglePlus218Single,1650,2.0231260166902945,7.849515859491781e-05,0.19376939240241076,0.3646116913648113
huber_weak,440SinglePlus218Single,1700,2.047971623803401,7.658341286274595e-05,0.19043742662023108,0.36539776001106444
huber_weak,440SinglePlus218Single,1750,2.071867689039993,7.476566723351843e-05,0.18725115422334473,0.36608919301921417
huber_weak,440SinglePlus218Single,1800,2.0948577930851857,7.303581248755955e-05,0.1842024646084816,0.3666935987307636
huber_weak,440SinglePlus218Single,1850,2.1169855166240925,7.138823240260061e-05,0.18128378549270016,0.36721761276230397
huber_weak,440SinglePlus218Single,1900,2.1382887157603085,6.981773260302254e-05,0.17848803944288133,0.3676676864011433
huber_weak,440SinglePlus218Single,1950,2.158805431261349,6.831952083679707e-05,0.17580860063314913,0.3680494209361283
huber_weak,440SinglePlus218Single,2000,2.1785722265833685,6.688916476395918e-05,0.17323927124526936,0.3683681164117875
huber_weak,440SinglePlus218Single,2050,2.197624372535083,6.552256053781504e-05,0.17077424198957278,0.3686285267073883
huber_weak,440SinglePlus218Single,2100,2.2159940006385677,6.421590904566443e-05,0.16840807377796718,0.3688351860988621
huber_weak,440SinglePlus218Single,2150,2.2337113957766994,6.296568233741121e-05,0.16613566680892622,0.3689920642945399
huber_weak,440SinglePlus218Single,2200,2.250807766151953,6.17686039352662e-05,0.16395223017945834,0.3691031873749674
huber_weak,440SinglePlus218Single,2250,2.267310996016245,6.06216339627434e-05,0.1618532705825385,0.36917188879804824
huber_weak,440SinglePlus218Single,2300,2.2832447223513332,5.952194232891757e-05,0.15983456712441765,0.36920148860916474
huber_weak,440SinglePlus218Single,2350,2.2986370140730528,5.8466893220830016e-05,0.15789215013407407,0.3691949577716926
huber_weak,440SinglePlus218Single,2400,2.313510584843561,5.745402953461421e-05,0.15602228020532963,0.36915506919215063
huber_weak,440SinglePlus218Single,2450,2.3278874096693354,5.648106372032758e-05,0.15422144907720942,0.369084393904214
huber_weak,440SinglePlus218Single,2500,2.341790202212532,5.554585889376297e-05,0.1524863488834476,0.36898532528578387
huber_weak,440SinglePlus218Single,2550,2.3552390908404295,5.464641771034515e-05,0.15081386212635656,0.3688600237874983
huber_weak,440SinglePlus218Single,2600,2.3682514339615044,5.378087501567547e-05,0.1492010557123257,0.3687105413641366
huber_weak,440SinglePlus218Single,2650,2.380846805951275,5.2947484266381444e-05,0.1476451589734901,0.36853885620457144
huber_weak,440SinglePlus218Single,2700,2.393042380554298,5.2144605288629e-05,0.14614355803047602,0.3683466037887606
huber_weak,440SinglePlus218Single,2750,2.404855331515132,5.13707110544084e-05,0.14469378268485217,0.36813540957371177
huber_weak,440SinglePlus218Single,2800,2.416301539930895,5.0624359225270104e-05,0.14329349973456829,0.36790694351719316
huber_weak,440SinglePlus218Single,2850,2.4273954095873447,4.990420191450705e-05,0.1419405037903601,0.36766245840293155
huber_weak,440SinglePlus218Single,2900,2.4381522675898384,4.920897122855438e-05,0.140632707710447,0.36740330122279213
huber_weak,440SinglePlus218Single,2950,2.4485854097406157,4.8537476136154565e-05,0.13936813760736985,0.3671306408311682
huber_weak,440SinglePlus218Single,3000,2.458707023858394,4.7888594662075264e-05,0.13814492024971223,0.36684585513178686
huber_weak,440SinglePlus218Single,3050,2.4685307750732517,4.72612718758887e-05,0.13696128179163922,0.36654974729829004
huber_weak,440SinglePlus218Single,3100,2.4780673738925474,4.665451641603081e-05,0.1358155447585116,0.36624343378193935
huber_weak,440SinglePlus218Single,3150,2.4873288234710795,4.606738887790176e-05,0.13470611431714088,0.36592781601850116
huber_weak,440SinglePlus218Single,3200,2.496324910996607,4.549900775978583e-05,0.13363147934340558,0.3656037077944445
huber_weak,440SinglePlus218Single,3250,2.5050659776486484,4.494853885258265e-05,0.13259020013766556,0.36527206308741017
huber_weak,440SinglePlus218Single,3300,2.513562364606722,4.441519384068851e-05,0.13158091204597056,0.3649334653044266
huber_weak,440SinglePlus218Single,3350,2.521822012419387,4.389822854217622e-05,0.13060231878413325,0.3645886988127585
huber_weak,440SinglePlus218Single,3400,2.5298534156269628,4.33969426277517e-05,0.1296531886671278,0.36423840842821964
huber_weak,440SinglePlus218Single,3450,2.537666361417207,4.2910668931954385e-05,0.12873235008068915,0.3638832168641858
huber_weak,440SinglePlus218Single,3500,2.5452671283633994,4.243877671001217e-05,0.12783869184087504,0.36352368134500285
huber_weak,440SinglePlus218Single,3550,2.552664580333699,4.19806714989159e-05,0.12697115444997598,0.36316030386102915
huber_weak,440SinglePlus218Single,3600,2.5598642572457044,4.1535785526732976e-05,0.12612872915073503,0.3627937065899542
huber_weak,440SinglePlus218Single,3650,2.566875207631495,4.110358549645363e-05,0.12531045325022477,0.36242421193174157
huber_weak,440SinglePlus218Single,3700,2.5737018634251503,4.068356168952309e-05,0.12451541047696091,0.3620522638933602
huber_weak,440SinglePlus218Single,3750,2.5803514265195484,4.027523271439097e-05,0.12374272627393723,0.36167836343548726
huber_weak,440SinglePlus218Single,3800,2.58683017548797,3.987813933063509e-05,0.12299156975211262,0.3613028140720467
huber_weak,440SinglePlus218Single,3850,2.593143465584093,3.9491847345299665e-05,0.12226114427606395,0.36092596616446115
huber_weak,440SinglePlus218Single,3900,2.5992959134059173,3.911594039681324e-05,0.12155069130674065,0.36054820540176563
huber_weak,440SinglePlus218Single,3950,2.605293797526722,3.875002590676659e-05,0.12085948558119558,0.3601697579905146
huber_weak,440SinglePlus218Single,4000,2.611141549880587,3.8393726616331736e-05,0.12018683464947874,0.3597909819498435
huber_weak,440SinglePlus218Single,4050,2.6168437870655112,3.804669075274793e-05,0.11953207762382066,0.35941218572800315
huber_weak,440SinglePlus218Single,4100,2.6224053103434137,3.770857398837012e-05,0.11889458058497046,0.3590335089908894
huber_weak,440SinglePlus218Single,4150,2.6278309209762147,3.7379055159753524e-05,0.11827373891569584,0.35865517390284524
huber_weak,440SinglePlus218Single,4200,2.633123573586633,3.7057823816825305e-05,0.11766897348267033,0.35827747671673155
huber_weak,440SinglePlus218Single,4250,2.6382880694365887,3.6744586734720446e-05,0.11707972940555444,0.35790061272017337
huber_weak,440SinglePlus218Single,4300,2.6434027060281506,3.6439060540956926e-05,0.11650547485727314,0.3575247218154296
huber_weak,440SinglePlus218Single,4350,2.6485278684631512,3.614097870481867e-05,0.11594570286109103,0.3571500010494465
huber_weak,440SinglePlus218Single,4400,2.6535339226697676,3.585008477758927e-05,0.11539992518020366,0.3567766097952837
huber_weak,440SinglePlus218Single,4450,2.6584236386067994,3.556613328793568e-05,0.11486767512557441,0.35640470143662906
huber_weak,440SinglePlus218Single,4500,2.663200894216566,3.528889029846974e-05,0.11434850544667942,0.3560343745896497
huber_weak,440SinglePlus218Single,4550,2.667868459457867,3.501813085934813e-05,0.11384198556519762,0.3556658745539447
huber_weak,440SinglePlus218Single,4600,2.6724296582812626,3.4753641824888495e-05,0.11334770449509564,0.3552991698345094
huber_weak,440SinglePlus218Single,4650,2.676887075981632,3.449521984411284e-05,0.11286526710689007,0.3549344182454777
huber_weak,440SinglePlus218Single,4700,2.6812440365095345,3.424266532830933e-05,0.11239429320545173,0.3545717731962177
huber_weak,440SinglePlus218Single,4750,2.6855038638155295,3.399579302784488e-05,0.11193441822852315,0.35421123497075774
huber_weak,440SinglePlus218Single,4800,2.689667481219218,3.375442199996213e-05,0.11148529243748685,0.3538529183108745
huber_weak,440SinglePlus218Single,4850,2.693738397335078,3.3518377165281374e-05,0.11104657703948786,0.3534969487551309
huber_weak,440SinglePlus218Single,4900,2.69771975144975,3.3287495078228496e-05,0.11061794940805969,0.35314340425675556
huber_weak,440SinglePlus218Single,4950,2.7016128362106744,3.306161723301807e-05,0.11019909929103959,0.35279223753619465
huber_weak,440SinglePlus218Single,5000,2.7054200522488094,3.2840591877686515e-05,0.10978972656775861,0.35244357699553996
huber_weak,440SinglePlus218Single,5050,2.7091445388507958,3.2624270346797654e-05,0.10938954503352702,0.35209746531289465
huber_weak,440SinglePlus218Single,5100,2.712787404000153,3.241251498718881e-05,0.10899827752529241,0.3517539602267912
huber_weak,440SinglePlus218Single,5150,2.7163506790000005,3.220518641259497e-05,0.10861565714357105,0.35141312036515415
huber_weak,440SinglePlus218Single,5200,2.719837318473058,3.20021596975655e-05,0.10824142816778753,0.3510748996197931
huber_weak,440SinglePlus218Single,5250,2.723250277042046,3.180330676707284e-05,0.10787534391061848,0.35073941166029443
huber_weak,440SinglePlus218Single,5300,2.7265882620595234,3.160850682635231e-05,0.10751716695829146,0.35040663622660734
huber_weak,440SinglePlus218Single,5350,2.7298557054595705,3.1417647073203675e-05,0.1071666678454293,0.3500766404471718
huber_weak,440SinglePlus218Single,5400,2.733054638545306,3.123061510521397e-05,0.10682362672110973,0.34974944891669285
huber_weak,440SinglePlus218Single,5450,2.7361837686692914,3.1047303921771446e-05,0.10648783020500857,0.3494250202876131
huber_weak,440SinglePlus218Single,5500,2.7392480817573652,3.086761325932481e-05,0.1061590731054616,0.34910340004868806
huber_weak,440SinglePlus218Single,5550,2.7422485011291275,3.069143918160063e-05,0.10583715666702319,0.34878460090636215
huber_weak,440SinglePlus218Single,5600,2.745185211448498,3.051869168685979e-05,0.1055218905522956,0.34846863627103847
huber_weak,440SinglePlus218Single,5650,2.748061905993877,3.0349272929556038e-05,0.10521308898314603,0.3481555347104622
huber_weak,440SinglePlus218Single,5700,2.750877476781744,3.0183101137558623e-05,0.10491057705507384,0.347845225187319
huber_weak,440SinglePlus218Single,5750,2.753635432426578,3.0020085413793995e-05,0.10461418007723035,0.3475378184308165
huber_weak,440SinglePlus218Single,5800,2.7563359575923,2.986014135520286e-05,0.10432373400404296,0.34723317865980663
huber_weak,440SinglePlus218Single,5850,2.7589810835820296,2.9703194689875522e-05,0.10403907663039577,0.3469314456011698
huber_weak,440SinglePlus218Single,5900,2.761572287707126,2.95491665983358e-05,0.10376005427211234,0.34663250862994344
huber_weak,440SinglePlus218Single,5950,2.7641110472789494,2.939798036108947e-05,0.10348651749984648,0.34633638592993815
huber_weak,440SinglePlus218Single,6000,2.7665975469614197,2.9249566573780944e-05,0.10321832083804164,0.3460431236144091
huber_weak,440SinglePlus218Single,6050,2.769033633393737,2.9103857315378867e-05,0.10295532510217138,0.34575269338944686
huber_weak,440SinglePlus218Single,6100,2.7714202298955004,2.8960783444532305e-05,0.10269739351215829,0.3454649875901966
huber_weak,440SinglePlus218Single,6150,2.7737577057945506,2.882028192966381e-05,0.10244439713232277,0.34518007756115426
huber_weak,440SinglePlus218Single,6200,2.776049015713607,2.868228849267031e-05,0.1021962093772549,0.344897969512941
huber_weak,440SinglePlus218Single,6250,2.7782936056609095,2.8546740856889943e-05,0.10195270594456336,0.34461865545006
huber_weak,440SinglePlus218Single,6300,2.7804947995870175,2.8413585200800908e-05,0.10171377063132162,0.3443420716162078
huber_weak,440SinglePlus218Single,6350,2.7826511201805717,2.828276159376442e-05,0.10147928749693386,0.3440681932164746
huber_weak,440SinglePlus218Single,6400,2.7847651527364516,2.8154216795785004e-05,0.10124914685860033,0.3437970609916588
huber_weak,440SinglePlus218Single,6450,2.786836527926817,2.8027899648815752e-05,0.10102323942470044,0.34352863043260023
huber_weak,440SinglePlus218Single,6500,2.7888667230630277,2.790375531452291e-05,0.10080146175903089,0.34326288693917667
huber_weak,440SinglePlus218Single,6550,2.790856661464684,2.778173491782493e-05,0.10058371364810251,0.34299978406118975
huber_weak,440SinglePlus218Single,6600,2.7928080051070654,2.7661792688288295e-05,0.10036989466146205,0.34273936676836847
huber_weak,440SinglePlus218Single,6650,2.7947200153344918,2.7543879632590143e-05,0.10015991281393986,0.3424815335714041
huber_weak,440SinglePlus218Single,6700,2.7965963854253633,2.7427948838950017e-05,0.09995367438055158,0.3422262891062286
huber_weak,440SinglePlus218Single,6750,2.7984350840765595,2.7313957700851905e-05,0.09975109207066143,0.3419736530914169
huber_weak,440SinglePlus218Single,6800,2.8002381425912004,2.7201862654671867e-05,0.09955207621148192,0.34172358362690997
huber_weak,440SinglePlus218Single,6850,2.802006484288886,2.7091624970009567e-05,0.09935654540869944,0.34147606890675075
huber_weak,440SinglePlus218Single,6900,2.8037404784974562,2.6983203871832796e-05,0.09916441695203033,0.34123103565452434
huber_weak,440SinglePlus218Single,6950,2.8054408638725907,2.6876560272893236e-05,0.09897561227119143,0.34098853695043835
huber_weak,440SinglePlus218Single,7000,2.80710764041429,2.677165599476872e-05,0.09879005440124088,0.3407484916146475
huber_weak,440SinglePlus218Single,7050,2.808742654761753,2.666845298727768e-05,0.09860766839509638,0.340510914832359
huber_weak,440SinglePlus218Single,7100,2.8103466455706605,2.656691804395566e-05,0.09842838298945042,0.3402757176585299
huber_weak,440SinglePlus218Single,7150,2.811918689521412,2.6467017107347717e-05,0.0982521274188498,0.34004301802097414
huber_weak,440SinglePlus218Single,7200,2.8134619259006475,2.6368714701770587e-05,0.09807883455536331,0.3398126422878475
huber_weak,440SinglePlus218Single,7250,2.814975985380527,2.6271977753735394e-05,0.09790843661412751,0.33958464501705077
huber_weak,440SinglePlus218Single,7300,2.81646105262497,2.617677807730894e-05,0.09774087220211843,0.33935900225938587
huber_weak,440SinglePlus218Single,7350,2.8179176816257367,2.608308307762753e-05,0.0975760758777212,0.3391356753034267
huber_weak,440SinglePlus218Single,7400,2.8193466110385073,2.5990860325219485e-05,0.09741398709394569,0.3389146173468767
huber_weak,440SinglePlus218Single,7450,2.820747656199362,2.5900083747996225e-05,0.09725454825447702,0.33869583697036115
huber_weak,440SinglePlus218Single,7500,2.8221232177392594,2.5810724027485608e-05,0.09709770198293724,0.33847930442607604
huber_weak,440SinglePlus218Single,7550,2.8234718183468406,2.5722752801725906e-05,0.09694339123190857,0.3382650120735175
huber_weak,440SinglePlus218Single,7600,2.824795489325225,2.5636144121158756e-05,0.09679156194762922,0.3380528907494541
huber_weak,440SinglePlus218Single,7650,2.826095338657933,2.5550872661256612e-05,0.09664216336469011,0.33784302939937755
huber_weak,440SinglePlus218Single,7700,2.827370258361444,2.5466912539240196e-05,0.09649514155592118,0.33763524811084267
huber_weak,440SinglePlus218Single,7750,2.8286198791079182,2.538423619472784e-05,0.09635044778632448,0.33742960462284094
huber_weak,440SinglePlus218Single,7800,2.8298467861922356,2.5302822721044245e-05,0.09620803364125947,0.3372261087639037
huber_weak,440SinglePlus218Single,7850,2.8310520875979157,2.522265124252256e-05,0.09606785165487917,0.33702469241291405
huber_weak,440SinglePlus218Single,7900,2.832234675341439,2.514369478198441e-05,0.09592985425357752,0.3368253272564082
huber_weak,440SinglePlus218Single,7950,2.8333951034145652,2.506592943226858e-05,0.09579399749928742,0.3366280469194411
huber_weak,440SinglePlus218Single,8000,2.8345335564812144,2.498933637566495e-05,0.09566023778550854,0.33643275251647436
huber_weak,440SinglePlus218Single,8050,2.835650773197066,2.491389545892961e-05,0.09552853329836769,0.3362394941542163
huber_weak,440SinglePlus218Single,8100,2.836747307553881,2.4839584446255634e-05,0.09539884202001392,0.3360481813970288
huber_weak,440SinglePlus218Single,8150,2.837823344215578,2.476638449734086e-05,0.09527112238150445,0.3358588484961854
huber_weak,440SinglePlus218Single,8200,2.838879252509998,2.4694274426738405e-05,0.09514533468331329,0.33567147592170404
huber_weak,440SinglePlus218Single,8250,2.8399161404206605,2.4623234671828334e-05,0.09502144269990663,0.33548598110925193
huber_weak,440SinglePlus218Single,8300,2.8409354852589255,2.4553250180156794e-05,0.09489940846668944,0.3353024146226491
huber_weak,440SinglePlus218Single,8350,2.841935440385593,2.4484300730995883e-05,0.09477919636185647,0.33512070277528677
huber_weak,440SinglePlus218Single,8400,2.8429169291202627,2.4416367663237526e-05,0.09466077085046977,0.33494084129571466
huber_weak,440SinglePlus218Single,8450,2.8438790281433355,2.434943557437411e-05,0.09454409526080611,0.33476280332219427
huber_weak,440SinglePlus218Single,8500,2.84482339943009,2.4283485072263618e-05,0.09442913708356347,0.3345866085297522
huber_weak,440SinglePlus218Single,8550,2.845751889619727,2.4218499791560047e-05,0.09431586338716917,0.3344121990940036
huber_weak,440SinglePlus218Single,8600,2.8466626520730465,2.415446237838534e-05,0.09420424242586156,0.334239532753492
huber_weak,440SinglePlus218Single,8650,2.847557348765328,2.409136054895128e-05,0.0940942408084872,0.33406862949931887
huber_weak,440SinglePlus218Single,8700,2.8484359796965713,2.402917694962393e-05,0.0939858291415344,0.3338994629230492
huber_weak,440SinglePlus218Single,8750,2.849298729530697,2.3967899499833826e-05,0.09387897979399822,0.3337320762894932
huber_weak,440SinglePlus218Single,8800,2.850145413603785,2.3907510889319544e-05,0.093773661371544,0.33356627306694897
huber_weak,440SinglePlus218Single,8850,2.8509758472519144,2.3847998285875714e-05,0.09366984599521291,0.33340220510897617
huber_weak,440SinglePlus218Single,8900,2.8517915077864466,2.3789345872300458e-05,0.09356750640858051,0.33323979219910066
huber_weak,440SinglePlus218Single,8950,2.8525925798713003,2.373153910986546e-05,0.09346661335556568,0.3330790006526803
huber_weak,440SinglePlus218Single,9000,2.8533803561539157,2.3674567777377442e-05,0.09336714168993647,0.33291984325925816
huber_weak,440SinglePlus218Single,9050,2.854153728650773,2.36184194844191e-05,0.09326906577288695,0.3327622710464168
huber_weak,440SinglePlus218Single,9100,2.854911958706193,2.3563076590444898e-05,0.09317235924752999,0.332606266137959
huber_weak,440SinglePlus218Single,9150,2.855656892959374,2.3508527287008153e-05,0.09307699817311806,0.3324518413711893
huber_weak,440SinglePlus218Single,9200,2.856388531410317,2.3454763118454878e-05,0.09298295832743751,0.3322989634643721
huber_weak,440SinglePlus218Single,9250,2.857107797378622,2.3401772057163747e-05,0.09289021713185215,0.3321475532796563
huber_weak,440SinglePlus218Single,9300,2.8578137675446884,2.3349536320996697e-05,0.09279874917478637,0.3319977547429805
huber_weak,440SinglePlus218Single,9350,2.8585081038837963,2.329805007340509e-05,0.09270853318698825,0.331849350032438
huber_weak,440SinglePlus218Single,9400,2.8591860051340263,2.3247299961221128e-05,0.09261954760523189,0.3317024603180479
huber_weak,440SinglePlus218Single,9450,2.8598543038604176,2.3197271424864824e-05,0.09253177061738416,0.33155706030939525
huber_weak,440SinglePlus218Single,9500,2.8605117074155304,2.3147958348932005e-05,0.09244518162291167,0.3314130403210424
huber_weak,440SinglePlus218Single,9550,2.861156184496245,2.3099352429055625e-05,0.09235975763464911,0.33127050592258445
huber_weak,440SinglePlus218Single,9600,2.861789212413921,2.3051437345207284e-05,0.09227548063531808,0.33112936318956604
huber_weak,440SinglePlus218Single,9650,2.862409867848959,2.30042075962234e-05,0.09219233019833425,0.33098961024985435
huber_weak,440SinglePlus218Single,9700,2.863020182104478,2.2957650432391267e-05,0.09211028750552468,0.3308512296186993
huber_weak,440SinglePlus218Single,9750,2.863621078500078,2.2911759685222157e-05,0.09202933379931341,0.3307141970615424
huber_weak,440SinglePlus218Single,9800,2.8642099717408804,2.2866522059977006e-05,0.09194944974517433,0.33057852576007724
huber_weak,440SinglePlus218Single,9850,2.864788154474324,2.2821929344210942e-05,0.09187061791005974,0.33044415288891255
huber_weak,440SinglePlus218Single,9900,2.8653556267004086,2.2777973112645784e-05,0.09179282131600357,0.33031109989598817
huber_weak,440SinglePlus218Single,9950,2.8659146043861745,2.2734641737287374e-05,0.09171604127537751,0.3301793420578375
huber_weak,440SinglePlus218Single,10000,2.8664645335398613,2.269192715324866e-05,0.09164026137677235,0.3300489008526487
huber_weak,440SingleComptonPlus218Single,50,4.286691246649302,0.00036309553475588174,0.46217531994386324,0.19994792570019
huber_weak,440SingleComptonPlus218Single,100,6.958731586683328,0.0004892582314396167,0.4290132042658178,0.2408672162825948
huber_weak,440SingleComptonPlus218Single,150,8.899306878225069,0.0006079074638894446,0.40052836134622816,0.26836316673967875
huber_weak,440SingleComptonPlus218Single,200,10.397334529065619,0.0006977147841649558,0.3759085377550837,0.28967098177024364
huber_weak,440SingleComptonPlus218Single,250,11.617479244533344,0.0007630543754779423,0.3545284757990871,0.30630735205569126
huber_weak,440SingleComptonPlus218Single,300,12.650076912012002,0.0008102520551649405,0.33587492454957735,0.3193300829952156
huber_weak,440SingleComptonPlus218Single,350,13.548078605341344,0.0008443497729334765,0.31952352327506267,0.3295989428218511
huber_weak,440SingleComptonPlus218Single,400,14.34492209701081,0.0008690030203371403,0.3051230292874322,0.33776990162185977
huber_weak,440SingleComptonPlus218Single,450,15.063024181249025,0.0008868314892686401,0.2923820888415094,0.3443249599522108
huber_weak,440SingleComptonPlus218Single,500,15.71814453460853,0.0008997266569279516,0.28105903663441395,0.3496156683257024
huber_weak,440SingleComptonPlus218Single,550,16.321786176641332,0.0009090694054793897,0.27095282402589216,0.3539001902656028
huber_weak,440SingleComptonPlus218Single,600,16.882564377204808,0.0009158777423882407,0.26189556638077105,0.3573712731938035
huber_weak,440SingleComptonPlus218Single,650,17.407079278643575,0.0009209128598334512,0.25374662879805115,0.36017554638099425
huber_weak,440SingleComptonPlus218Single,700,17.900479651700802,0.0009246777976734704,0.24638775611616898,0.36242703397854453
huber_weak,440SingleComptonPlus218Single,750,18.366860223487613,0.000927542475656822,0.2397190938660511,0.3642159514561856
huber_weak,440SingleComptonPlus218Single,800,18.80952256452714,0.0009297556490802351,0.23365588393113523,0.3656151943221614
huber_weak,440SingleComptonPlus218Single,850,19.231155010853893,0.0009315243922678874,0.22812587262548148,0.366684408930389
huber_weak,440SingleComptonPlus218Single,900,19.633991595201515,0.0009329786977668229,0.22306727887989947,0.36747316293447235
huber_weak,440SingleComptonPlus218Single,950,20.019897509999968,0.00093421265563261,0.21842700797725495,0.36802312818281896
huber_weak,440SingleComptonPlus218Single,1000,20.390471063231843,0.0009353081236781849,0.21415922648070945,0.3683695120007222
huber_weak,440SingleComptonPlus218Single,1050,20.74704817648484,0.0009363208427613684,0.21022422310691946,0.3685422885101458
huber_weak,440SingleComptonPlus218Single,1100,21.090784849247303,0.000937284007758109,0.20658748409282457,0.3685671690514285
huber_weak,440SingleComptonPlus218Single,1150,21.422687145924787,0.0009382317995744112,0.20321889025085105,0.3684663782515497
huber_weak,440SingleComptonPlus218Single,1200,21.743644181558267,0.000939168090209591,0.20009207209700214,0.36825921642120757
huber_weak,440SingleComptonPlus218Single,1250,22.054431120525784,0.0009400976902335366,0.1971838456512101,0.36796221260386713
huber_weak,440SingleComptonPlus218Single,1300,22.35572417005075,0.0009410818040377478,0.19447377078460637,0.36758974559680946
huber_weak,440SingleComptonPlus218Single,1350,22.648147060077584,0.0009421868239859219,0.19194377376860652,0.36715435547390596
huber_weak,440SingleComptonPlus218Single,1400,22.932250052360143,0.0009433671873063624,0.18957783021613694,0.3666667452271557
huber_weak,440SingleComptonPlus218Single,1450,23.208524933969993,0.000944598813921052,0.18736167232841966,0.36613640109774487
huber_weak,440SingleComptonPlus218Single,1500,23.47741851145387,0.0009458631679251042,0.18528257639328508,0.36557143627956223
huber_weak,440SingleComptonPlus218Single,1550,23.739340107587793,0.0009471461163419046,0.1833291763980374,0.3649787855488961
huber_weak,440SingleComptonPlus218Single,1600,23.994658562675443,0.0009484463695259265,0.18149129051162513,0.3643645376628385
huber_weak,440SingleComptonPlus218Single,1650,24.243708231951448,0.0009497838022299043,0.17975977075254748,0.36373399231028564
huber_weak,440SingleComptonPlus218Single,1700,24.486797981686365,0.0009511675944240845,0.1781263633085732,0.3630916970725949
huber_weak,440SingleComptonPlus218Single,1750,24.72421418788834,0.0009525778677496769,0.176583618836115,0.3624415726349166
huber_weak,440SingleComptonPlus218Single,1800,24.956220736303077,0.0009540003069191435,0.17512479412446405,0.3617868979657066
huber_weak,440SingleComptonPlus218Single,1850,25.183057523063063,0.0009554309075755848,0.17374378205279958,0.3611305666688884
huber_weak,440SingleComptonPlus218Single,1900,25.404958446897446,0.0009568896255702559,0.17243504982938512,0.3604750013733111
huber_weak,440SingleComptonPlus218Single,1950,25.622130418220486,0.0009583649625107604,0.1711935518914552,0.359822483765619
huber_weak,440SingleComptonPlus218Single,2000,25.834771351341473,0.0009598450531779326,0.17001468579148304,0.35917455437364115
huber_weak,440SingleComptonPlus218Single,2050,26.043067165763073,0.0009613210143692953,0.1688942365233996,0.3585327945100843
huber_weak,440SingleComptonPlus218Single,2100,26.24718279007636,0.0009627859995941092,0.16782835817232777,0.35789851493840474
huber_weak,440SingleComptonPlus218Single,2150,26.44727715546909,0.0009642359854696048,0.16681352038805516,0.3572726030378645
huber_weak,440SingleComptonPlus218Single,2200,26.643497198322414,0.0009656700092079766,0.16584647968303862,0.35665583463167294
huber_weak,440SingleComptonPlus218Single,2250,26.835977860210836,0.0009670894825426809,0.16492425111737768,0.3560490246113345
huber_weak,440SingleComptonPlus218Single,2300,27.024860080112187,0.0009684915613798093,0.16404408729330552,0.3554525589228466
huber_weak,440SingleComptonPlus218Single,2350,27.21026680479436,0.000969874143832787,0.16320344851893562,0.3548668423546875
huber_weak,440SingleComptonPlus218Single,2400,27.39231198492028,0.0009712362810206524,0.16239999276418465,0.35429228206765323
huber_weak,440SingleComptonPlus218Single,2450,27.571100575047897,0.0009725772975616823,0.16163155378553767,0.35372897375880347
huber_weak,440SingleComptonPlus218Single,2500,27.746734531033518,0.0009738968961767499,0.16089612729578034,0.3531770798956959
huber_weak,440SingleComptonPlus218Single,2550,27.919315808733437,0.0009751959604591342,0.16019184952152124,0.3526366575997497
huber_weak,440SingleComptonPlus218Single,2600,28.08893137049568,0.0009764758060676341,0.15951697741341597,0.3521077126444181
huber_weak,440SingleComptonPlus218Single,2650,28.255662181264956,0.0009777368341806016,0.15886989639169188,0.3515901798646344
huber_weak,440SingleComptonPlus218Single,2700,28.41959820209094,0.000978983173628819,0.15824910034164857,0.35108396653747287
huber_weak,440SingleComptonPlus218Single,2750,28.580814400515028,0.0009802196177314318,0.15765318299543168,0.35058893715782546
huber_weak,440SingleComptonPlus218Single,2800,28.73939174148193,0.0009814451187006741,0.15708083920285737,0.35010497209809255
huber_weak,440SingleComptonPlus218Single,2850,28.895417187339667,0.000982659760105904,0.1565308562849943,0.3496319072709526
huber_weak,440SingleComptonPlus218Single,2900,29.048938717314737,0.000983875332708042,0.15600209785695832,0.34916951409332236
huber_weak,440SingleComptonPlus218Single,2950,29.200034297650188,0.0009851006882765111,0.1554934950040834,0.3487176955303707
huber_weak,440SingleComptonPlus218Single,3000,29.348766901080797,0.0009863403726250168,0.15500404034344506,0.3482760831279795
huber_weak,440SingleComptonPlus218Single,3050,29.495193502938026,0.0009875883700595114,0.15453278695357672,0.3478445172064464
huber_weak,440SingleComptonPlus218Single,3100,29.639377075956645,0.000988841158265751,0.154078859845596,0.3474227373036005
huber_weak,440SingleComptonPlus218Single,3150,29.781377594169776,0.0009901084788154237,0.1536414330485218,0.3470105918492393
huber_weak,440SingleComptonPlus218Single,3200,29.921237039400598,0.0009913999703657366,0.1532197267770775,0.3466077357631852
huber_weak,440SingleComptonPlus218Single,3250,30.05901538568223,0.0009927069078407456,0.15281300475175047,0.34621399040394774
huber_weak,440SingleComptonPlus218Single,3300,30.19475761353951,0.0009940259224369152,0.15242057643076187,0.34582906051903994
huber_weak,440SingleComptonPlus218Single,3350,30.32851769960225,0.0009953552087658957,0.15204178920579875,0.3454527630780415
huber_weak,440SingleComptonPlus218Single,3400,30.460337625693626,0.0009966923854231615,0.15167603169999527,0.34508486527847454
huber_weak,440SingleComptonPlus218Single,3450,30.5902743671451,0.0009980466034104347,0.15132273832435425,0.34472507172025174
huber_weak,440SingleComptonPlus218Single,3500,30.718348914868265,0.0009994177703110528,0.15098135636766877,0.3443732163642164
huber_weak,440SingleComptonPlus218Single,3550,30.844603250686305,0.001000800488506108,0.15065136196868614,0.34402900643218165
huber_weak,440SingleComptonPlus218Single,3600,30.96908835252737,0.0010021906663208152,0.150332259490185,0.34369229259848405
huber_weak,440SingleComptonPlus218Single,3650,31.091840204811323,0.0010035864247511437,0.15002358385763157,0.34336272595017225
huber_weak,440SingleComptonPlus218Single,3700,31.21289179325639,0.0010049992579531052,0.1497248994136048,0.3430402726019092
huber_weak,440SingleComptonPlus218Single,3750,31.332279102282435,0.0010064275614856035,0.14943578127969875,0.34272457200904377
huber_weak,440SingleComptonPlus218Single,3800,31.450050111115953,0.0010078658914277098,0.1491558347827345,0.34241546600501993
huber_weak,440SingleComptonPlus218Single,3850,31.56622281196688,0.0010093238789858155,0.14888469420321976,0.34211278989037347
huber_weak,440SingleComptonPlus218Single,3900,31.680824193150123,0.001010810116925599,0.14862199716990918,0.34181637496938805
huber_weak,440SingleComptonPlus218Single,3950,31.793893237787202,0.001012312456445654,0.14836739973074553,0.3415259558557798
huber_weak,440SingleComptonPlus218Single,4000,31.90545993289468,0.0010138228753248228,0.148120576356457,0.3412414319015397
huber_weak,440SingleComptonPlus218Single,4050,32.01555726419077,0.0010153359114775614,0.147881229847665,0.34096260146411844
huber_weak,440SingleComptonPlus218Single,4100,32.12420322388541,0.0010168693316703619,0.14764906948088602,0.34068927134427873
huber_weak,440SingleComptonPlus218Single,4150,32.23144878990674,0.0010184269271839238,0.14742381133252322,0.3404213398159726
huber_weak,440SingleComptonPlus218Single,4200,32.33730295835975,0.0010199962800112562,0.14720518914210315,0.3401586104925817
huber_weak,440SingleComptonPlus218Single,4250,32.44180171366429,0.0010215688069472133,0.14699295411640867,0.33990091937095407
huber_weak,440SingleComptonPlus218Single,4300,32.54496604673196,0.0010231386045548587,0.14678686826216109,0.33964807334418884
huber_weak,440SingleComptonPlus218Single,4350,32.64682294587765,0.0010247021344136872,0.14658669938821625,0.33940001788396607
huber_weak,440SingleComptonPlus218Single,4400,32.74739640071463,0.0010262560047016882,0.14639222649345476,0.33915656244372383
huber_weak,440SingleComptonPlus218Single,4450,32.84671639825944,0.0010277975398098461,0.14620323909562968,0.3389176222306455
huber_weak,440SingleComptonPlus218Single,4500,32.944788935915405,0.0010293255784757246,0.1460195420135109,0.3386830006996496
huber_weak,440SingleComptonPlus218Single,4550,33.041646999400726,0.001030839343809793,0.14584094931864075,0.3384525689813162
huber_weak,440SingleComptonPlus218Single,4600,33.13731457832866,0.0010323382217279898,0.145667282359789,0.3382263734837793
huber_weak,440SingleComptonPlus218Single,4650,33.2318126636108,0.0010338218521513108,0.14549836478853484,0.3380041095957233
huber_weak,440SingleComptonPlus218Single,4700,33.32515624875542,0.0010352912747916096,0.14533403444927687,0.3377857215037103
huber_weak,440SingleComptonPlus218Single,4750,33.417372322077426,0.0010367492327551762,0.14517413142624558,0.33757113152032964
huber_weak,440SingleComptonPlus218Single,4800,33.50846987968178,0.0010381969675984735,0.14501850454220586,0.33736022915417396
huber_weak,440SingleComptonPlus218Single,4850,33.59847590988339,0.0010396370323473634,0.14486700189163962,0.3371528987117855
huber_weak,440SingleComptonPlus218Single,4900,33.68739041268226,0.0010410680891176467,0.14471948697271605,0.33694907896150766
huber_weak,440SingleComptonPlus218Single,4950,33.775237377691624,0.0010424888398716076,0.1445758207501853,0.33674864717236463
huber_weak,440SingleComptonPlus218Single,5000,33.86203779582309,0.0010438981760691906,0.14443587432572164,0.3365515361897399
huber_weak,440SingleComptonPlus218Single,5050,33.94780366188327,0.001045295148652243,0.14429953076552388,0.33635760797828596
huber_weak,440SingleComptonPlus218Single,5100,34.032555966783754,0.0010466790316585896,0.14416667265390865,0.3361668212908606
huber_weak,440SingleComptonPlus218Single,5150,34.11631570143614,0.0010480492169814548,0.14403718104706761,0.3359791262473439
huber_weak,440SingleComptonPlus218Single,5200,34.19907986713878,0.001049405310413709,0.1439109475848868,0.3357944191997307
huber_weak,440SingleComptonPlus218Single,5250,34.28087845090821,0.001050747064748186,0.14378787589003325,0.3356126193040019
huber_weak,440SingleComptonPlus218Single,5300,34.36172344755107,0.001052074109937231,0.143667856284686,0.3354336156807974
huber_weak,440SingleComptonPlus218Single,5350,34.44163284927729,0.001053386331790592,0.14355079075241153,0.33525743236720607
huber_weak,440SingleComptonPlus218Single,5400,34.52061265349018,0.001054683632362539,0.14343658848192087,0.3350839348418847
huber_weak,440SingleComptonPlus218Single,5450,34.598686849803,0.0010559659493128218,0.14332515965841502,0.3349130608880304
huber_weak,440SingleComptonPlus218Single,5500,34.6758644343207,0.0010572344533954065,0.14321641867146773,0.3347447799571333
huber_weak,440SingleComptonPlus218Single,5550,34.75216939665654,0.0010584906217731215,0.14311028255744476,0.33457903041980935
huber_weak,440SingleComptonPlus218Single,5600,34.82760773421383,0.0010597337568899103,0.14300667324173386,0.33441573486398485
huber_weak,440SingleComptonPlus218Single,5650,34.90218544439587,0.0010609634049177801,0.14290550888277792,0.33425479252917256
huber_weak,440SingleComptonPlus218Single,5700,34.97592051941261,0.0010621792727785462,0.14280671701246125,0.3340962456184204
huber_weak,440SingleComptonPlus218Single,5750,35.04883095147398,0.0010633817741305797,0.14271022133124628,0.3339399701801449
huber_weak,440SingleComptonPlus218Single,5800,35.120925736684946,0.0010645709979308887,0.14261595581123715,0.3337859691726137
huber_weak,440SingleComptonPlus218Single,5850,35.192219868553785,0.0010657465399544503,0.14252385358120598,0.3336341351575788
huber_weak,440SingleComptonPlus218Single,5900,35.26272834058879,0.0010669082641087994,0.142433856961178,0.333484447829999
huber_weak,440SingleComptonPlus218Single,5950,35.33246014889491,0.0010680560405030171,0.14234590646703332,0.33333689499221913
huber_weak,440SingleComptonPlus218Single,6000,35.40142428957712,0.0010691896638911707,0.14225993923719085,0.3331913540817736
huber_weak,440SingleComptonPlus218Single,6050,35.469641753547016,0.0010703092213331061,0.14217589141021958,0.33304781334612915
huber_weak,440SingleComptonPlus218Single,6100,35.537106543401286,0.001071414667218206,0.14209370723006534,0.33290626901288084
huber_weak,440SingleComptonPlus218Single,6150,35.60383965005152,0.0010725061350382139,0.1420133338534802,0.3327666071941487
huber_weak,440SingleComptonPlus218Single,6200,35.669853068304334,0.0010735837761076512,0.14193471675022468,0.33262886382783347
huber_weak,440SingleComptonPlus218Single,6250,35.73515879296636,0.0010746476290947862,0.14185781205095827,0.3324930276940098
huber_weak,440SingleComptonPlus218Single,6300,35.799768818844214,0.0010756978131310202,0.14178257105044892,0.33235892240895687
huber_weak,440SingleComptonPlus218Single,6350,35.863686144639566,0.0010767344861390058,0.14170894918626453,0.3322265922789128
huber_weak,440SingleComptonPlus218Single,6400,35.92693176126399,0.0010777577256142687,0.14163690810335083,0.33209600293218416
huber_weak,440SingleComptonPlus218Single,6450,35.98950866741915,0.001078767682913976,0.14156640740674337,0.3319671201229873
huber_weak,440SingleComptonPlus218Single,6500,36.051428857911674,0.0010797646009708414,0.1414974027498649,0.3318399410942091
huber_weak,440SingleComptonPlus218Single,6550,36.11270732624984,0.0010807485613485504,0.14142985352416315,0.3317143377442326
huber_weak,440SingleComptonPlus218Single,6600,36.17335006983695,0.0010817198030322554,0.14136371840149675,0.3315903625750178
huber_weak,440SingleComptonPlus218Single,6650,36.23336908347964,0.0010826785478101136,0.14129896174237525,0.3314679977177663
huber_weak,440SingleComptonPlus218Single,6700,36.29277636198452,0.0010836250036012035,0.14123554908018057,0.3313471463687303
huber_weak,440SingleComptonPlus218Single,6750,36.351571905351605,0.0010845592333639503,0.1411734492846893,0.3312278458051514
huber_weak,440SingleComptonPlus218Single,6800,36.40976770838751,0.0010854812951795825,0.14111262953318723,0.3311100312888314
huber_weak,440SingleComptonPlus218Single,6850,36.46736676979389,0.001086391194371158,0.14105305462373252,0.3309936694947083
huber_weak,440SingleComptonPlus218Single,6900,36.524381084377374,0.0010872889679752666,0.14099468806019633,0.3308787660556394
huber_weak,440SingleComptonPlus218Single,6950,36.5808076534363,0.0010881746259456826,0.14093749847413617,0.3307652725151765
huber_weak,440SingleComptonPlus218Single,7000,36.636658471777295,0.0010890482856404829,0.14088145645660555,0.33065321821361926
huber_weak,440SingleComptonPlus218Single,7050,36.69193653810202,0.0010899101021761882,0.14082653016581315,0.3305425077446601
huber_weak,440SingleComptonPlus218Single,7100,36.746662843322056,0.0010907602313593883,0.1407726841530694,0.3304331469914687
huber_weak,440SingleComptonPlus218Single,7150,36.80083738743741,0.0010915989012239761,0.14071989730275433,0.33032510309601565
huber_weak,440SingleComptonPlus218Single,7200,36.85445717174642,0.001092426210452076,0.14066814455986662,0.3302183904253263
huber_weak,440SingleComptonPlus218Single,7250,36.907549184564,0.0010932425450908452,0.1406173952817287,0.33011292913992213
huber_weak,440SingleComptonPlus218Single,7300,36.960110427188475,0.0010940480217616988,0.1405676289143948,0.33000874129993263
huber_weak,440SingleComptonPlus218Single,7350,37.01215289442649,0.0010948428327360812,0.1405188146377812,0.3299057632403891
huber_weak,440SingleComptonPlus218Single,7400,37.063676586278035,0.0010956270375567666,0.14047093245601572,0.32980396250667876
huber_weak,440SingleComptonPlus218Single,7450,37.1147024936547,0.0010964008524002487,0.14042396118314385,0.32970337634678853
huber_weak,440SingleComptonPlus218Single,7500,37.16522162045152,0.0010971643287094144,0.14037788014094796,0.3296039883914608
huber_weak,440SingleComptonPlus218Single,7550,37.215251958878426,0.0010979176813420482,0.14033266536758804,0.32950574277491484
huber_weak,440SingleComptonPlus218Single,7600,37.26479051023377,0.0010986610621830672,0.14028829217347397,0.329408638276051
huber_weak,440SingleComptonPlus218Single,7650,37.31385526672749,0.001099394522984889,0.14024474077557308,0.3293126972282273
huber_weak,440SingleComptonPlus218Single,7700,37.362446228359566,0.0011001187432284937,0.1402019938155255,0.3292177783953028
huber_weak,440SingleComptonPlus218Single,7750,37.41056639383167,0.001100852335261559,0.14016003242657307,0.3291239117134924
huber_weak,440SingleComptonPlus218Single,7800,37.458227757950425,0.0011015979835568377,0.14011883555501475,0.32903116669842863
huber_weak,440SingleComptonPlus218Single,7850,37.50543631811914,0.0011023482912859068,0.1400783841532578,0.3289394952220342
huber_weak,440SingleComptonPlus218Single,7900,37.552201070442784,0.0011030986263296913,0.14003865830859882,0.3288488108381971
huber_weak,440SingleComptonPlus218Single,7950,37.59852201492135,0.0011038457457599959,0.1399996432899445,0.32875917574524255
huber_weak,440SingleComptonPlus218Single,8000,37.64440814765982,0.0011045877173829829,0.13996132398392455,0.3286705097485768
huber_weak,440SingleComptonPlus218Single,8050,37.68986246735984,0.0011053233167218942,0.1399236838824898,0.3285827897357899
huber_weak,440SingleComptonPlus218Single,8100,37.73489397012637,0.001106051586336502,0.13988670740293518,0.32849606187996094
huber_weak,440SingleComptonPlus218Single,8150,37.77950865336274,0.0011067720468566,0.13985038593188456,0.3284102621820465
huber_weak,440SingleComptonPlus218Single,8200,37.82371251447225,0.0011074844897927085,0.13981470288912679,0.32832542944432286
huber_weak,440SingleComptonPlus218Single,8250,37.867502554753244,0.0011081886635335382,0.1397796447158527,0.3282415084889494
huber_weak,440SingleComptonPlus218Single,8300,37.9108877703107,0.0011088846339937623,0.13974519895031495,0.3281585602385942
huber_weak,440SingleComptonPlus218Single,8350,37.9538891520562,0.0011095722707310147,0.13971134856597092,0.3280764062046677
huber_weak,440SingleComptonPlus218Single,8400,37.996488707779804,0.0011102523989361696,0.13967808302531182,0.3279951925322334
huber_weak,440SingleComptonPlus218Single,8450,38.03870442969146,0.0011109267035038723,0.13964539161797085,0.3279148260158635
huber_weak,440SingleComptonPlus218Single,8500,38.08053931649281,0.0011115949699895204,0.13961325780712794,0.32783538377053395
huber_weak,440SingleComptonPlus218Single,8550,38.12199336818387,0.0011122570458824198,0.1395816726164234,0.3277567638481582
huber_weak,440SingleComptonPlus218Single,8600,38.16307258216794,0.0011129126860321473,0.1395506234070512,0.32767896561117427
huber_weak,440SingleComptonPlus218Single,8650,38.20378595454999,0.0011135615891554524,0.13952009538856305,0.3276020588725905
huber_weak,440SingleComptonPlus218Single,8700,38.244133485330025,0.001114203836766317,0.139490078394345,0.3275259417952628
huber_weak,440SingleComptonPlus218Single,8750,38.28413616541963,0.0011148406822573127,0.1394605604472609,0.32745055229863845
huber_weak,440SingleComptonPlus218Single,8800,38.32377300390721,0.0011154734952903533,0.13943153094484004,0.3273760832452127
huber_weak,440SingleComptonPlus218Single,8850,38.36305899430106,0.001116101931200688,0.1394029822047544,0.32730234065557284
huber_weak,440SingleComptonPlus218Single,8900,38.402006131407795,0.001116725860359452,0.13937490344449546,0.3272293782168767
huber_weak,440SingleComptonPlus218Single,8950,38.440608417824095,0.0011173448999333409,0.13934728159450974,0.3271571953979356
huber_weak,440SingleComptonPlus218Single,9000,38.47887185095328,0.0011179590236714291,0.13932011196974012,0.3270857682094317
huber_weak,440SingleComptonPlus218Single,9050,38.516802428198666,0.0011185678277815707,0.13929337950204104,0.3270150582214691
huber_weak,440SingleComptonPlus218Single,9100,38.5544031482619,0.0011191712343769766,0.139267078235607,0.32694504151833664
huber_weak,440SingleComptonPlus218Single,9150,38.5916800085463,0.0011197688428693374,0.13924120219323774,0.3268758259181526
huber_weak,440SingleComptonPlus218Single,9200,38.62862101424524,0.0011203609167595252,0.1392157391466668,0.3268073261331149
huber_weak,440SingleComptonPlus218Single,9250,38.665250154971964,0.0011209473427472032,0.1391906836173557,0.326739494815989
huber_weak,440SingleComptonPlus218Single,9300,38.701564432024824,0.0011215281968954744,0.13916602301873243,0.32667232435326854
huber_weak,440SingleComptonPlus218Single,9350,38.73756984280712,0.0011221034927724693,0.13914174888756833,0.3266059225234754
huber_weak,440SingleComptonPlus218Single,9400,38.77326638731886,0.0011226731687043721,0.13911786100565185,0.3265401266431974
huber_weak,440SingleComptonPlus218Single,9450,38.80865706426171,0.0011232373753684347,0.1390943444289593,0.3264750679368533
huber_weak,440SingleComptonPlus218Single,9500,38.84375386844227,0.0011237960049695118,0.13907119234719342,0.32641064504140405
huber_weak,440SingleComptonPlus218Single,9550,38.87855080245725,0.0011243492249794294,0.13904839854744702,0.32634685042707473
huber_weak,440SingleComptonPlus218Single,9600,38.9130568624116,0.0011248971114192054,0.13902595614077812,0.3262837143409818
huber_weak,440SingleComptonPlus218Single,9650,38.947269049603676,0.0011254396594771914,0.13900386513379656,0.32622120583009423
huber_weak,440SingleComptonPlus218Single,9700,38.98120235754176,0.0011259768490075232,0.1389821152702999,0.3261593479934922
huber_weak,440SingleComptonPlus218Single,9750,39.01485678622584,0.0011265087255466016,0.13896069854342258,0.32609809361982
huber_weak,440SingleComptonPlus218Single,9800,39.04822333955095,0.001127035455284135,0.13893960651798265,0.3260374892519669
huber_weak,440SingleComptonPlus218Single,9850,39.081317011025384,0.001127556743048468,0.13891883737085595,0.3259774805722368
huber_weak,440SingleComptonPlus218Single,9900,39.11413180324581,0.0011280728089106088,0.13889838340453298,0.32591805096600884
huber_weak,440SingleComptonPlus218Single,9950,39.146688707123836,0.0011285838137994342,0.13887824156251663,0.32585920933501283
huber_weak,440SingleComptonPlus218Single,10000,39.17897872655449,0.0011290897254883857,0.13885840359224902,0.32580096961143856
