system,channel,iteration,energy_keV,background_mean,background_std,background_cv,background_voxels,emitted_background_density,background_mean_over_emitted
EHE,440_SinglePhoton,0,440,1.0,0.0,0.0,97604,1036.9058469627134,0.0009644077164085655
EHE,440_SinglePhoton,10,440,827.5025178497284,396.2100382648598,0.4788022147587111,97604,1036.9058469627134,0.7980498135617948
EHE,440_SinglePhoton,20,440,873.1929440656835,567.5987822455031,0.650026762244207,97604,1036.9058469627134,0.8421140131704581
EHE,440_SinglePhoton,30,440,888.2154641718871,733.7124456341262,0.8260523208951228,97604,1036.9058469627134,0.8566018474807837
EHE,440_SinglePhoton,40,440,894.353434381595,890.4192485972688,0.9956010838298548,97604,1036.9058469627134,0.8625213533141118
EHE,440_SinglePhoton,50,440,897.2418260346329,1036.4252117953474,1.1551236040520274,97604,1036.9058469627134,0.8653069405123118
EHE,440_SinglePhoton,60,440,898.8196037805184,1172.6915436735444,1.3047017874789282,97604,1036.9058469627134,0.8668285615452214
EHE,440_SinglePhoton,70,440,899.8012526090579,1300.4355337545132,1.445247525477186,97604,1036.9058469627134,0.8677752712502683
EHE,440_SinglePhoton,80,440,900.4953051805576,1420.7406263356472,1.577732408111529,97604,1036.9058469627134,0.8684446209058159
EHE,440_SinglePhoton,90,440,901.0501005157854,1534.4876705985134,1.7029992779759209,97604,1036.9058469627134,0.868979669808137
EHE,440_SinglePhoton,100,440,901.5401421279696,1642.3796343853767,1.821748758195892,97604,1036.9058469627134,0.8694522697202888
EHE,440_SinglePhoton,110,440,902.0026451088786,1744.980963989869,1.9345630231264306,97604,1036.9058469627134,0.8698983111639393
EHE,440_SinglePhoton,120,440,902.4544709137508,1842.750677487969,2.04193201638433,97604,1036.9058469627134,0.8703340554566307
EHE,440_SinglePhoton,130,440,902.9020753294226,1936.0705995056383,2.144275279021001,97604,1036.9058469627134,0.870765728609003
EHE,440_SinglePhoton,140,440,903.3476145942521,2025.2665609585285,2.2419570586547657,97604,1036.9058469627134,0.8711954101139677
EHE,440_SinglePhoton,150,440,903.791811291717,2110.6224627832544,2.3352971739882347,97604,1036.9058469627134,0.871623796836606
EHE,440_SinglePhoton,160,440,904.2347087320815,2192.388468561672,2.4245789808664178,97604,1036.9058469627134,0.8720509305456711
EHE,440_SinglePhoton,170,440,904.6757023394543,2270.7860238130556,2.5100552805175336,97604,1036.9058469627134,0.8724762281835083
EHE,440_SinglePhoton,180,440,905.113684992243,2346.012474361506,2.5919533791841984,97604,1036.9058469627134,0.8728986220335108
EHE,440_SinglePhoton,190,440,905.5473453330534,2418.244694940238,2.670478476253305,97604,1036.9058469627134,0.8733168474124887
EHE,440_SinglePhoton,200,440,905.9754340134981,2487.642480381908,2.745816704280356,97604,1036.9058469627134,0.8737296994392167
EHE,218_SinglePhoton_CrossTalkCorrected,0,218,1.0,0.0,0.0,97604,456.39950822493626,0.002191062834158775
EHE,218_SinglePhoton_CrossTalkCorrected,10,218,389.25540976545653,183.65050080834018,0.47179948229620666,97604,456.39950822493626,0.8528830613323365
EHE,218_SinglePhoton_CrossTalkCorrected,20,218,425.8862699852396,286.9736358897015,0.6738269254363317,97604,456.39950822493626,0.9331435777431684
EHE,218_SinglePhoton_CrossTalkCorrected,30,218,432.8135634509792,367.5549806368598,0.84922241739887,97604,456.39950822493626,0.9483217129972613
EHE,218_SinglePhoton_CrossTalkCorrected,40,218,433.36828132137254,438.72478060350545,1.0123601553528572,97604,456.39950822493626,0.9495371347065239
EHE,218_SinglePhoton_CrossTalkCorrected,50,218,432.402879311594,504.25716166925673,1.1661743845740764,97604,456.39950822493626,0.9474218782428759
EHE,218_SinglePhoton_CrossTalkCorrected,60,218,431.14629636355164,565.5615495406167,1.31176251381671,97604,456.39950822493626,0.9446686260473827
EHE,218_SinglePhoton_CrossTalkCorrected,70,218,429.95473950445233,623.3680525951792,1.4498457519357661,97604,456.39950822493626,0.9420578500986232
EHE,218_SinglePhoton_CrossTalkCorrected,80,218,428.9373153958364,678.1564466395321,1.5810152726248792,97604,456.39950822493626,0.9398286099476576
EHE,218_SinglePhoton_CrossTalkCorrected,90,218,428.1104318295947,730.2585724425048,1.7057714976054994,97604,456.39950822493626,0.9380168560974887
EHE,218_SinglePhoton_CrossTalkCorrected,100,218,427.4536900245865,779.909712609932,1.824547853511506,97604,456.39950822493626,0.9365778935368969
EHE,218_SinglePhoton_CrossTalkCorrected,110,218,426.93552938513363,827.2851766918307,1.937728579027552,97604,456.39950822493626,0.9354425710176679
EHE,218_SinglePhoton_CrossTalkCorrected,120,218,426.52505238512373,872.526826635381,2.045663723047966,97604,456.39950822493626,0.9345431901186692
EHE,218_SinglePhoton_CrossTalkCorrected,130,218,426.1967546974227,915.7591616394061,2.1486769937737957,97604,456.39950822493626,0.9338238692566072
EHE,218_SinglePhoton_CrossTalkCorrected,140,218,425.93140398855047,957.0965307208664,2.2470673018197886,97604,456.39950822493626,0.9332424691803796
EHE,218_SinglePhoton_CrossTalkCorrected,150,218,425.71510877671415,996.644293056723,2.341106229282219,97604,456.39950822493626,0.9327685527805185
EHE,218_SinglePhoton_CrossTalkCorrected,160,218,425.5378770984233,1034.4983028001132,2.431036949880827,97604,456.39950822493626,0.9323802270371798
EHE,218_SinglePhoton_CrossTalkCorrected,170,218,425.3923380342753,1070.7445744615945,2.5170753648490045,97604,456.39950822493626,0.932061341802807
EHE,218_SinglePhoton_CrossTalkCorrected,180,218,425.27284626279,1105.4595675973278,2.599412535533078,97604,456.39950822493626,0.9317995278233177
EHE,218_SinglePhoton_CrossTalkCorrected,190,218,425.17496496339055,1138.7120224804016,2.6782198302255398,97604,456.39950822493626,0.9315850637460444
EHE,218_SinglePhoton_CrossTalkCorrected,200,218,425.0951330401985,1170.5644941261362,2.753653013513668,97604,456.39950822493626,0.9314101469861589
EHE matrix+Poisson,440_SinglePhoton,0,440,1.0,0.0,0.0,97604,1036.9063780757442,0.0009644072224300193
EHE matrix+Poisson,440_SinglePhoton,10,440,844.0155526231114,416.687831048488,0.49369686346829295,97604,1036.9063780757442,0.8139746947929927
EHE matrix+Poisson,440_SinglePhoton,20,440,889.6905370918308,599.3802892931446,0.673695250544492,97604,1036.9063780757442,0.8580239796990047
EHE matrix+Poisson,440_SinglePhoton,30,440,898.3129045801677,766.7377943233878,0.8535308692706888,97604,1036.9063780757442,0.8663394531792026
EHE matrix+Poisson,440_SinglePhoton,40,440,898.3402549997666,925.0809284148381,1.0297667540402924,97604,1036.9063780757442,0.8663658301214002
EHE matrix+Poisson,440_SinglePhoton,50,440,896.3690852458501,1074.1007268666879,1.1982795307717364,97604,1036.9063780757442,0.8644648197740875
EHE matrix+Poisson,440_SinglePhoton,60,440,894.4477815603151,1214.1001571972085,1.3573739934591569,97604,1036.9063780757442,0.8626119006232762
EHE matrix+Poisson,440_SinglePhoton,70,440,893.0154034286288,1345.5725299870414,1.5067741550939346,97604,1036.9063780757442,0.8612305048078271
EHE matrix+Poisson,440_SinglePhoton,80,440,892.0335228927773,1469.1380451581763,1.646953850337267,97604,1036.9063780757442,0.8602835721274885
EHE matrix+Poisson,440_SinglePhoton,90,440,891.3917332373679,1585.5043358558066,1.7786841371049646,97604,1036.9063780757442,0.8596646255485307
EHE matrix+Poisson,440_SinglePhoton,100,440,890.9988086298541,1695.391689732095,1.9027990535017745,97604,1036.9063780757442,0.859285686219174
EHE matrix+Poisson,440_SinglePhoton,110,440,890.7882419864161,1799.4677694332988,2.0200847795437555,97604,1036.9063780757442,0.8590826142274395
EHE matrix+Poisson,440_SinglePhoton,120,440,890.7125358250759,1898.3129838250254,2.131229670037819,97604,1036.9063780757442,0.8590096026586606
EHE matrix+Poisson,440_SinglePhoton,130,440,890.7387210496855,1992.4127389345808,2.236809394102273,97604,1036.9063780757442,0.859034855878395
EHE matrix+Poisson,440_SinglePhoton,140,440,890.8444065175019,2082.1651536719564,2.3372938511356636,97604,1036.9063780757442,0.859136779706863
EHE matrix+Poisson,440_SinglePhoton,150,440,891.0140967949942,2167.896104932402,2.4330660005609257,97604,1036.9063780757442,0.8593004302360527
EHE matrix+Poisson,440_SinglePhoton,160,440,891.2361470665927,2249.8762712555294,2.524444591549337,97604,1036.9063780757442,0.859514577121725
EHE matrix+Poisson,440_SinglePhoton,170,440,891.5008155917516,2328.336743760794,2.6117045582457643,97604,1036.9063780757442,0.859769825358938
EHE matrix+Poisson,440_SinglePhoton,180,440,891.7992165285166,2403.4801438828154,2.6950911139379325,97604,1036.9063780757442,0.8600576053775341
EHE matrix+Poisson,440_SinglePhoton,190,440,892.1230762565996,2475.488903842557,2.7748289106362463,97604,1036.9063780757442,0.8603699380383516
EHE matrix+Poisson,440_SinglePhoton,200,440,892.4647918575968,2544.5300531054136,2.8511265389071205,97604,1036.9063780757442,0.8606994910319703
EHE matrix+Poisson,218_SinglePhoton_CrossTalkCorrected,0,218,1.0,0.0,0.0,97604,456.3989463344975,0.002191065531661184
EHE matrix+Poisson,218_SinglePhoton_CrossTalkCorrected,10,218,349.24440658049997,152.16413091343045,0.43569525537514087,97604,456.3989463344975,0.7652173813839979
EHE matrix+Poisson,218_SinglePhoton_CrossTalkCorrected,20,218,383.8148423113455,239.37312792281557,0.6236682419087881,97604,456.3989463344975,0.8409634715283617
EHE matrix+Poisson,218_SinglePhoton_CrossTalkCorrected,30,218,391.35438182117235,316.5041996585106,0.8087406564496722,97604,456.3989463344975,0.857483096672941
EHE matrix+Poisson,218_SinglePhoton_CrossTalkCorrected,40,218,393.23572223264875,390.219809354933,0.9923305216001422,97604,456.3989463344975,0.8616052368018482
EHE matrix+Poisson,218_SinglePhoton_CrossTalkCorrected,50,218,393.78416177515044,460.441490142882,1.1692737667945943,97604,456.3989463344975,0.8628069037796237
EHE matrix+Poisson,218_SinglePhoton_CrossTalkCorrected,60,218,394.027770521066,526.5003843828649,1.3362012116217492,97604,456.3989463344975,0.8633406665060105
EHE matrix+Poisson,218_SinglePhoton_CrossTalkCorrected,70,218,394.2435512151593,588.2041973585573,1.4919817852329145,97604,456.3989463344975,0.8638134561472363
EHE matrix+Poisson,218_SinglePhoton_CrossTalkCorrected,80,218,394.5091714723666,645.7057888063414,1.6367320090340913,97604,456.3989463344975,0.8643954475373141
EHE matrix+Poisson,218_SinglePhoton_CrossTalkCorrected,90,218,394.8363277895686,699.2945869811834,1.7710999159983032,97604,456.3989463344975,0.8651122684674006
EHE matrix+Poisson,218_SinglePhoton_CrossTalkCorrected,100,218,395.21755346545876,749.3083223068777,1.895938871481238,97604,456.3989463344975,0.8659475589056278
EHE matrix+Poisson,218_SinglePhoton_CrossTalkCorrected,110,218,395.641369647059,796.0920769937928,2.0121558008556213,97604,456.3989463344975,0.8668761679328923
EHE matrix+Poisson,218_SinglePhoton_CrossTalkCorrected,120,218,396.095784393003,839.9721538963774,2.1206288655245165,97604,456.3989463344975,0.8678718204198088
EHE matrix+Poisson,218_SinglePhoton_CrossTalkCorrected,130,218,396.5690809567561,881.2408715759329,2.2221623265481654,97604,456.3989463344975,0.868908844206902
EHE matrix+Poisson,218_SinglePhoton_CrossTalkCorrected,140,218,397.05053042036144,920.1514865141221,2.3174669620512742,97604,456.3989463344975,0.8699637315318444
EHE matrix+Poisson,218_SinglePhoton_CrossTalkCorrected,150,218,397.5310398562692,956.919949632071,2.4071578158476723,97604,456.3989463344975,0.8710165591944998
EHE matrix+Poisson,218_SinglePhoton_CrossTalkCorrected,160,218,398.00348625384424,991.7301890558939,2.491762568188597,97604,456.3989463344975,0.872051720211784
EHE matrix+Poisson,218_SinglePhoton_CrossTalkCorrected,170,218,398.46264913635406,1024.7398546152726,2.571733779405272,97604,456.3989463344975,0.8730577761770695
EHE matrix+Poisson,218_SinglePhoton_CrossTalkCorrected,180,218,398.9049755209682,1056.0857568811052,2.647461981395097,97604,456.3989463344975,0.8740269422721418
EHE matrix+Poisson,218_SinglePhoton_CrossTalkCorrected,190,218,399.32822423632086,1085.887765767145,2.7192862909798254,97604,456.3989463344975,0.8749543079436709
EHE matrix+Poisson,218_SinglePhoton_CrossTalkCorrected,200,218,399.7311722209137,1114.2521020310955,2.7875036511170506,97604,456.3989463344975,0.8758371933837646
EHE Geant4 5e10,440_SinglePhoton,0,440,1.0,0.0,0.0,97604,10369.068524294238,9.644067812427386e-05
EHE Geant4 5e10,440_SinglePhoton,10,440,8358.546849969107,3127.609987769996,0.37418106806227397,97604,10369.068524294238,0.8061039263445339
EHE Geant4 5e10,440_SinglePhoton,20,440,9027.327638339617,3385.1432391151507,0.3749884101622986,97604,10369.068524294238,0.8706015990914723
EHE Geant4 5e10,440_SinglePhoton,30,440,9310.660159921339,3568.2851472913017,0.3832472763479586,97604,10369.068524294238,0.8979263796074741
EHE Geant4 5e10,440_SinglePhoton,40,440,9467.418782293404,3801.860261137391,0.40157305265167764,97604,10369.068524294238,0.913044287450863
EHE Geant4 5e10,440_SinglePhoton,50,440,9566.172309973666,4066.4794835238176,0.42508950829624054,97604,10369.068524294238,0.9225681446275117
EHE Geant4 5e10,440_SinglePhoton,60,440,9632.630703482842,4346.681385785619,0.45124551325465034,97604,10369.068524294238,0.9289774371645865
EHE Geant4 5e10,440_SinglePhoton,70,440,9679.390816352381,4633.298805413331,0.47867669498227383,97604,10369.068524294238,0.9334870141588925
EHE Geant4 5e10,440_SinglePhoton,80,440,9713.516503029781,4920.9556561077625,0.5066090796852868,97604,10369.068524294238,0.9367781185235173
EHE Geant4 5e10,440_SinglePhoton,90,440,9739.253252175044,5206.523863525789,0.5345916908324597,97604,10369.068524294238,0.9392601880638008
EHE Geant4 5e10,440_SinglePhoton,100,440,9759.217094378473,5488.207121373631,0.562361413656323,97604,10369.068524294238,0.9411855145438656
EHE Geant4 5e10,440_SinglePhoton,110,440,9775.05336052955,5765.003405863147,0.5897669499321113,97604,10369.068524294238,0.9427127747904318
EHE Geant4 5e10,440_SinglePhoton,120,440,9787.835400578819,6036.394978207878,0.6167242021510605,97604,10369.068524294238,0.943945483400595
EHE Geant4 5e10,440_SinglePhoton,130,440,9798.295580594042,6302.168403503591,0.6431902723964885,97604,10369.068524294238,0.9449542702545651
EHE Geant4 5e10,440_SinglePhoton,140,440,9806.956220687958,6562.3064656956,0.6691481350607329,97604,10369.068524294238,0.9457895082582126
EHE Geant4 5e10,440_SinglePhoton,150,440,9814.203870304373,6816.917675634489,0.6945971130945207,97604,10369.068524294238,0.9464884765020268
EHE Geant4 5e10,440_SinglePhoton,160,440,9820.331782831032,7066.186664505366,0.7195466325139075,97604,10369.068524294238,0.947079456541584
EHE Geant4 5e10,440_SinglePhoton,170,440,9825.56574746129,7310.339335469815,0.7440120521669344,97604,10369.068524294238,0.9475842236398047
EHE Geant4 5e10,440_SinglePhoton,180,440,9830.080953607276,7549.617944656309,0.7680117773481692,97604,10369.068524294238,0.9480196731823943
EHE Geant4 5e10,440_SinglePhoton,190,440,9834.013913234248,7784.265069739475,0.7915653911434579,97604,10369.068524294238,0.948398970475855
EHE Geant4 5e10,440_SinglePhoton,200,440,9837.471757813866,8014.515343137791,0.8146925897674768,97604,10369.068524294238,0.9487324473519617
EHE Geant4 5e10,218_SinglePhoton_CrossTalkCorrected,0,218,1.0,0.0,0.0,97604,4563.984444925511,0.00021910679408906731
EHE Geant4 5e10,218_SinglePhoton_CrossTalkCorrected,10,218,3796.98561234703,1048.5004470796284,0.276140221250804,97604,4563.984444925511,0.8319453447236719
EHE Geant4 5e10,218_SinglePhoton_CrossTalkCorrected,20,218,4438.963222843375,1416.3523291176411,0.3190727784877654,97604,4563.984444925511,0.9726070008364859
EHE Geant4 5e10,218_SinglePhoton_CrossTalkCorrected,30,218,4621.902029818284,1575.1280317322762,0.34079649927028083,97604,4563.984444925511,1.012690136347237
EHE Geant4 5e10,218_SinglePhoton_CrossTalkCorrected,40,218,4703.855988187294,1733.308659815421,0.3684867615352695,97604,4563.984444925511,1.0306468054283797
EHE Geant4 5e10,218_SinglePhoton_CrossTalkCorrected,50,218,4748.48328210088,1895.8069260591376,0.3992447300394353,97604,4563.984444925511,1.0404249487266561
EHE Geant4 5e10,218_SinglePhoton_CrossTalkCorrected,60,218,4775.85914044419,2058.5958031884084,0.4310419848347838,97604,4563.984444925511,1.0464231852836952
EHE Geant4 5e10,218_SinglePhoton_CrossTalkCorrected,70,218,4794.007555774047,2219.3249828654475,0.46293731435454777,97604,4563.984444925511,1.050399626384417
EHE Geant4 5e10,218_SinglePhoton_CrossTalkCorrected,80,218,4806.7226154699,2376.8899142297337,0.494492839378744,97604,4563.984444925511,1.0531855823510266
EHE Geant4 5e10,218_SinglePhoton_CrossTalkCorrected,90,218,4816.010129726527,2530.828529656627,0.5255031574861612,97604,4563.984444925511,1.0552205398248526
EHE Geant4 5e10,218_SinglePhoton_CrossTalkCorrected,100,218,4823.017175869152,2681.003450157833,0.5558768199233484,97604,4563.984444925511,1.0567558312411973
EHE Geant4 5e10,218_SinglePhoton_CrossTalkCorrected,110,218,4828.442371068404,2827.4423968111273,0.5855806447546956,97604,4563.984444925511,1.0579445283686126
EHE Geant4 5e10,218_SinglePhoton_CrossTalkCorrected,120,218,4832.731658603494,2970.2527681290967,0.6146115650434035,97604,4563.984444925511,1.0588843404093524
EHE Geant4 5e10,218_SinglePhoton_CrossTalkCorrected,130,218,4836.181187466409,3109.575336113271,0.6429815624303198,97604,4563.984444925511,1.0596401556196235
EHE Geant4 5e10,218_SinglePhoton_CrossTalkCorrected,140,218,4838.99659287205,3245.5621561580588,0.6707097419615554,97604,4563.984444925511,1.0602570300721146
EHE Geant4 5e10,218_SinglePhoton_CrossTalkCorrected,150,218,4841.32718042436,3378.366699288107,0.697818299277179,97604,4563.984444925511,1.0607676776390451
EHE Geant4 5e10,218_SinglePhoton_CrossTalkCorrected,160,218,4843.285031954962,3508.1392567670987,0.7243305388018967,97604,4563.984444925511,1.0611966562112176
EHE Geant4 5e10,218_SinglePhoton_CrossTalkCorrected,170,218,4844.95565233707,3635.0241223740577,0.7502698441874539,97604,4563.984444925511,1.0615627004872812
EHE Geant4 5e10,218_SinglePhoton_CrossTalkCorrected,180,218,4846.404474644821,3759.158011183596,0.7756591573919538,97604,4563.984444925511,1.0618801472983372
EHE Geant4 5e10,218_SinglePhoton_CrossTalkCorrected,190,218,4847.68149294839,3880.6694977312095,0.8005207238503952,97604,4563.984444925511,1.0621599506848252
EHE Geant4 5e10,218_SinglePhoton_CrossTalkCorrected,200,218,4848.82485048097,3999.6789316902646,0.824875934896581,97604,4563.984444925511,1.0624104680882864
EHE matrix+Poisson 5e10,440_SinglePhoton,0,440,1.0,0.0,0.0,97604,10369.063780757446,9.64407222430019e-05
EHE matrix+Poisson 5e10,440_SinglePhoton,10,440,8502.384397120335,3253.567085600398,0.38266525407888474,97604,10369.063780757446,0.8199760920459154
EHE matrix+Poisson 5e10,440_SinglePhoton,20,440,9187.095884597094,3462.940100677503,0.37693523004188956,97604,10369.063780757446,0.8860101624262543
EHE matrix+Poisson 5e10,440_SinglePhoton,30,440,9484.068782597065,3624.869022857082,0.38220610857531845,97604,10369.063780757446,0.9146504431959688
EHE matrix+Poisson 5e10,440_SinglePhoton,40,440,9648.369379800468,3856.2748334601174,0.39968150903649036,97604,10369.063780757446,0.9304957114552215
EHE matrix+Poisson 5e10,440_SinglePhoton,50,440,9751.639748567635,4125.718722040606,0.42307948492935354,97604,10369.063780757446,0.9404551804054282
EHE matrix+Poisson 5e10,440_SinglePhoton,60,440,9821.810479575242,4413.5512873670295,0.4493622939014294,97604,10369.063780757446,0.9472224963841213
EHE matrix+Poisson 5e10,440_SinglePhoton,70,440,9871.994887083447,4709.596265009956,0.4770663193081683,97604,10369.063780757446,0.9520623168895497
EHE matrix+Poisson 5e10,440_SinglePhoton,80,440,9909.21455890197,5008.175379920095,0.5054058876362696,97604,10369.063780757446,0.9556518089213755
EHE matrix+Poisson 5e10,440_SinglePhoton,90,440,9937.633176246494,5305.8622745575485,0.5339160925400153,97604,10369.063780757446,0.9583925209032289
EHE matrix+Poisson 5e10,440_SinglePhoton,100,440,9959.837748465501,5600.479314151983,0.562306280041042,97604,10369.063780757446,0.9605339458851269
EHE matrix+Poisson 5e10,440_SinglePhoton,110,440,9977.493139505612,5890.624405214042,0.5903912258170617,97604,10369.063780757446,0.9622366445485178
EHE matrix+Poisson 5e10,440_SinglePhoton,120,440,9991.714389695813,6175.4194778322835,0.6180540432781814,97604,10369.063780757446,0.9636081521880592
EHE matrix+Poisson 5e10,440_SinglePhoton,130,440,10003.286884198818,6454.360163636261,0.6452239387267361,97604,10369.063780757446,0.9647242119160822
EHE matrix+Poisson 5e10,440_SinglePhoton,140,440,10012.795004241218,6727.21672888886,0.6718620251427646,97604,10369.063780757446,0.9656411818801444
EHE matrix+Poisson 5e10,440_SinglePhoton,150,440,10020.691133066257,6993.9569044966065,0.6979515496109805,97604,10369.063780757446,0.9664026902469549
EHE matrix+Poisson 5e10,440_SinglePhoton,160,440,10027.331223625544,7254.682800681461,0.7234908909350272,97604,10369.063780757446,0.9670430653762515
EHE matrix+Poisson 5e10,440_SinglePhoton,170,440,10032.995074044202,7509.579660203785,0.7484883232556744,97604,10369.063780757446,0.9675892912013032
EHE matrix+Poisson 5e10,440_SinglePhoton,180,440,10037.90117735173,7758.877923960345,0.7729581898521286,97604,10369.063780757446,0.96806243934768
EHE matrix+Poisson 5e10,440_SinglePhoton,190,440,10042.218281639583,8002.8269961711685,0.7969182477145432,97604,10369.063780757446,0.9684787840031989
EHE matrix+Poisson 5e10,440_SinglePhoton,200,440,10046.07544802488,8241.678849529864,0.8203879108981039,97604,10369.063780757446,0.9688507719152083
EHE matrix+Poisson 5e10,218_SinglePhoton_CrossTalkCorrected,0,218,1.0,0.0,0.0,97604,4563.989463344975,0.0002191065531661184
EHE matrix+Poisson 5e10,218_SinglePhoton_CrossTalkCorrected,10,218,3369.2833840636845,998.7359220426027,0.2964238409765431,97604,4563.989463344975,0.738232068922069
EHE matrix+Poisson 5e10,218_SinglePhoton_CrossTalkCorrected,20,218,4040.912588949717,1377.540456464904,0.3408983555427374,97604,4563.989463344975,0.8853904290103484
EHE matrix+Poisson 5e10,218_SinglePhoton_CrossTalkCorrected,30,218,4227.98078138102,1541.4853548190135,0.3645913816844516,97604,4563.989463344975,0.9263782958609874
EHE matrix+Poisson 5e10,218_SinglePhoton_CrossTalkCorrected,40,218,4318.123401343092,1700.5885031435078,0.3938258231838774,97604,4563.989463344975,0.9461291346142403
EHE matrix+Poisson 5e10,218_SinglePhoton_CrossTalkCorrected,50,218,4370.057379253946,1861.220147349619,0.4259029083200197,97604,4563.989463344975,0.9575082095064928
EHE matrix+Poisson 5e10,218_SinglePhoton_CrossTalkCorrected,60,218,4403.125925030709,2020.3889927371458,0.45885332991539524,97604,4563.989463344975,0.9647537445898554
EHE matrix+Poisson 5e10,218_SinglePhoton_CrossTalkCorrected,70,218,4425.5928975822035,2176.4196761224425,0.49178036174801965,97604,4563.989463344975,0.9696764055056911
EHE matrix+Poisson 5e10,218_SinglePhoton_CrossTalkCorrected,80,218,4441.589922386136,2328.688739352591,0.5242917018556182,97604,4563.989463344975,0.9731814584713937
EHE matrix+Poisson 5e10,218_SinglePhoton_CrossTalkCorrected,90,218,4453.386318933661,2477.053327994409,0.5562179318383332,97604,4563.989463344975,0.9757661262587025
EHE matrix+Poisson 5e10,218_SinglePhoton_CrossTalkCorrected,100,218,4462.328118482216,2621.5772996317237,0.5874909307483663,97604,4563.989463344975,0.9777253331368889
EHE matrix+Poisson 5e10,218_SinglePhoton_CrossTalkCorrected,110,218,4469.26624518147,2762.415982858481,0.6180916131001982,97604,4563.989463344975,0.9792455221633922
EHE matrix+Poisson 5e10,218_SinglePhoton_CrossTalkCorrected,120,218,4474.7608871884795,2899.758674081958,0.6480253911184726,97604,4563.989463344975,0.9804494342344298
EHE matrix+Poisson 5e10,218_SinglePhoton_CrossTalkCorrected,130,218,4479.192665122531,3033.7994504057942,0.6773094343604893,97604,4563.989463344975,0.9814204658219575
EHE matrix+Poisson 5e10,218_SinglePhoton_CrossTalkCorrected,140,218,4482.828364955065,3164.723488030336,0.7059657944459488,97604,4563.989463344975,0.9822170714806107
EHE matrix+Poisson 5e10,218_SinglePhoton_CrossTalkCorrected,150,218,4485.860177199638,3292.701415023273,0.7340178438372077,97604,4563.989463344975,0.982881361411366
EHE matrix+Poisson 5e10,218_SinglePhoton_CrossTalkCorrected,160,218,4488.42908477831,3417.8872857258693,0.7614885344444923,97604,4563.989463344975,0.9834442258963311
EHE matrix+Poisson 5e10,218_SinglePhoton_CrossTalkCorrected,170,218,4490.639864340693,3540.4191376059393,0.7883997035076731,97604,4563.989463344975,0.9839286221860548
EHE matrix+Poisson 5e10,218_SinglePhoton_CrossTalkCorrected,180,218,4492.571109911647,3660.4211233584156,0.8147719944338072,97604,4563.989463344975,0.9843517707464239
EHE matrix+Poisson 5e10,218_SinglePhoton_CrossTalkCorrected,190,218,4494.282101735053,3778.004909027258,0.8406247813346494,97604,4563.989463344975,0.9847266602673459
EHE matrix+Poisson 5e10,218_SinglePhoton_CrossTalkCorrected,200,218,4495.817945116822,3893.271424493645,0.8659762187929254,97604,4563.989463344975,0.9850631736169282
JSCC,440_SinglePhoton,0,440,1.0,0.0,0.0,97604,1036.9020496292537,0.0009644112482539231
JSCC,440_SinglePhoton,50,440,285.6564411555571,56.90303152654129,0.1992009397595,97604,1036.9020496292537,0.27549028498660416
JSCC,440_SinglePhoton,100,440,307.5692062704667,69.58518719947807,0.22624237336128847,97604,1036.9020496292537,0.29662320214376914
JSCC,440_SinglePhoton,150,440,326.8785643156452,77.1243606042963,0.23594193386698298,97604,1036.9020496292537,0.31524536423910166
JSCC,440_SinglePhoton,200,440,345.7486822121183,84.07645324005165,0.2431721581760661,97604,1036.9020496292537,0.333443918194338
JSCC,440_SinglePhoton,250,440,364.4801740035489,91.66637896174194,0.25149894424943237,97604,1036.9020496292537,0.3515087795745697
JSCC,440_SinglePhoton,300,440,383.08629342324565,100.18797428663184,0.2615284754548528,97604,1036.9020496292537,0.369452730429281
JSCC,440_SinglePhoton,350,440,401.5150703071234,109.64125189542492,0.2730688335348387,97604,1036.9020496292537,0.3872256501476546
JSCC,440_SinglePhoton,400,440,419.699815127367,119.92882903205032,0.28574906328146776,97604,1036.9020496292537,0.40476322259892483
JSCC,440_SinglePhoton,450,440,437.5741787868994,130.92216008823527,0.2991999218308422,97604,1036.9020496292537,0.422001459967559
JSCC,440_SinglePhoton,500,440,455.07746821984637,142.4858987730387,0.3131025127005503,97604,1036.9020496292537,0.4388818291781371
JSCC,440_SinglePhoton,550,440,472.1567315021542,154.48770629144192,0.3271958144066767,97604,1036.9020496292537,0.45535326279948496
JSCC,440_SinglePhoton,600,440,488.76755874853905,166.80250365921174,0.34127163448879433,97604,1036.9020496292537,0.4713729314387013
JSCC,440_SinglePhoton,650,440,504.87424822573945,179.31447987008625,0.35516661921308995,97604,1036.9020496292537,0.48690640394264645
JSCC,440_SinglePhoton,700,440,520.4495797884825,191.91802282420693,0.36875430450381935,97604,1036.9020496292537,0.5019274288970402
JSCC,440_SinglePhoton,750,440,535.4743332461662,204.51810333753437,0.38193820065604167,97604,1036.9020496292537,0.5164174701338724
JSCC,440_SinglePhoton,800,440,549.9366546025223,217.03040037200094,0.39464618071123847,97604,1036.9020496292537,0.5303650955258051
JSCC,440_SinglePhoton,850,440,563.8312711873986,229.3811040947964,0.40682579313441064,97604,1036.9020496292537,0.5437652200504354
JSCC,440_SinglePhoton,900,440,577.1587045753272,241.50664242310117,0.41844061348914685,97604,1036.9020496292537,0.5566183467201086
JSCC,440_SinglePhoton,950,440,589.9244227018725,253.35318539295235,0.429467192140625,97604,1036.9020496292537,0.5689297488733879
JSCC,440_SinglePhoton,1000,440,602.1380370172006,264.8761033377814,0.4398926609086065,97604,1036.9020496292537,0.5807086959009254
JSCC,440_SinglePhoton,1050,440,613.8125356603297,276.03931167229354,0.449712730899728,97604,1036.9020496292537,0.5919677137100843
JSCC,440_SinglePhoton,1100,440,624.9635744094458,286.81456120996387,0.4589300448125908,97604,1036.9020496292537,0.6027219009094472
JSCC,440_SinglePhoton,1150,440,635.608845878774,297.1807360222022,0.4675528636032888,97604,1036.9020496292537,0.6129883204551839
JSCC,440_SinglePhoton,1200,440,645.7675119295828,307.1230619264611,0.4755938573137,97604,1036.9020496292537,0.6227854522618392
JSCC,440_SinglePhoton,1250,440,655.4597155885723,316.6324264980811,0.4830692397529876,97604,1036.9020496292537,0.6321327224909364
JSCC,440_SinglePhoton,1300,440,664.706177940242,325.70464573014164,0.48999792169740136,97604,1036.9020496292537,0.6410501147894432
JSCC,440_SinglePhoton,1350,440,673.5278360044696,334.33978522886986,0.49640084248374133,97604,1036.9020496292537,0.6495578210548342
JSCC,440_SinglePhoton,1400,440,681.9455711629263,342.54152617981504,0.5023003897447075,97604,1036.9020496292537,0.6576759795264724
JSCC,440_SinglePhoton,1450,440,689.97997797601,350.3166261854328,0.5077199880684263,97604,1036.9020496292537,0.6654244518300583
JSCC,440_SinglePhoton,1500,440,697.6511934774488,357.6743490463535,0.5126836338708494,97604,1036.9020496292537,0.6728226583474257
JSCC,440_SinglePhoton,1550,440,704.9787485181228,364.625996090936,0.5172155853738655,97604,1036.9020496292537,0.6798894348508514
JSCC,440_SinglePhoton,1600,440,711.9814644440643,371.18445922339737,0.5213400597629728,97604,1036.9020496292537,0.6866429328581563
JSCC,440_SinglePhoton,1650,440,718.6774007930046,377.36390339008295,0.5250810766745848,97604,1036.9020496292537,0.6931005691906666
JSCC,440_SinglePhoton,1700,440,725.0838012712509,383.1793987944482,0.5284622248113117,97604,1036.9020496292537,0.6992789738727067
JSCC,440_SinglePhoton,1750,440,731.2170568648862,388.6466528080991,0.531506546735155,97604,1036.9020496292537,0.7051939545556248
JSCC,440_SinglePhoton,1800,440,737.0927258542285,393.78175152128716,0.534236382627338,97604,1036.9020496292537,0.7108605158199633
JSCC,440_SinglePhoton,1850,440,742.7255018156945,398.60098158937365,0.5366733478451174,97604,1036.9020496292537,0.7162928283160954
JSCC,440_SinglePhoton,1900,440,748.1292617684978,403.12062109812246,0.5388381950803371,97604,1036.9020496292537,0.7215042751974431
JSCC,440_SinglePhoton,1950,440,753.3170653142664,407.35682904507905,0.5407508309600543,97604,1036.9020496292537,0.7265074512907138
JSCC,440_SinglePhoton,2000,440,758.3011943918286,411.3255069595609,0.5424302506729551,97604,1036.9020496292537,0.7313142014358643
JSCC,440_SinglePhoton,2050,440,763.0931782868449,415.0422342491338,0.5438945676082566,97604,1036.9020496292537,0.7359356446056696
JSCC,440_SinglePhoton,2100,440,767.7038339299309,418.52216288205733,0.545160964925253,97604,1036.9020496292537,0.7403822127696872
JSCC,440_SinglePhoton,2150,440,772.1432900458279,421.77993995562144,0.5462456844384261,97604,1036.9020496292537,0.7446636741839879
JSCC,440_SinglePhoton,2200,440,776.4210393464075,424.82971139589995,0.5471640899292506,97604,1036.9020496292537,0.7487891837266772
JSCC,440_SinglePhoton,2250,440,780.5459685412583,427.68512578005306,0.547930734405486,97604,1036.9020496292537,0.7527673118404423
JSCC,440_SinglePhoton,2300,440,784.526389281196,430.35921827725366,0.5485592634704873,97604,1036.9020496292537,0.7566060743748215
JSCC,440_SinglePhoton,2350,440,788.3700769799717,432.86443914711106,0.549062492078968,97604,1036.9020496292537,0.760312970026296
JSCC,440_SinglePhoton,2400,440,792.084305836995,435.2126564203518,0.5494524423892768,97604,1036.9020496292537,0.7638950141145986
JSCC,440_SinglePhoton,2450,440,795.6758792793246,437.4151784660745,0.5497404029166485,97604,1036.9020496292537,0.7673587679413113
JSCC,440_SinglePhoton,2500,440,799.1511526140227,439.48273388257036,0.5499369330132637,97604,1036.9020496292537,0.7707103606360511
JSCC,440_SinglePhoton,2550,440,802.5160838182986,441.4254767566493,0.5500518751678932,97604,1036.9020496292537,0.7739555381390554
JSCC,440_SinglePhoton,2600,440,805.7762382635987,443.2530268356775,0.5500944378688334,97604,1036.9020496292537,0.7770996677571478
JSCC,440_SinglePhoton,2650,440,808.9368430068417,444.97447384347043,0.5500731950710607,97604,1036.9020496292537,0.7801477905228161
JSCC,440_SinglePhoton,2700,440,812.0027606030487,446.5983630262564,0.5499961141690971,97604,1036.9020496292537,0.7831045959388178
JSCC,440_SinglePhoton,2750,440,814.9785692418903,448.13276486427964,0.5498706122802001,97604,1036.9020496292537,0.7859744992627679
JSCC,440_SinglePhoton,2800,440,817.8685605368171,449.58528039491966,0.5497035857446695,97604,1036.9020496292537,0.7887616393749511
JSCC,440_SinglePhoton,2850,440,820.6767392593703,450.9630234000382,0.5495014075907833,97604,1036.9020496292537,0.7914698785220887
JSCC,440_SinglePhoton,2900,440,823.4068759893825,452.27269906031376,0.5492700052047484,97604,1036.9020496292537,0.7941028530937837
JSCC,440_SinglePhoton,2950,440,826.0625076200145,453.5205819007376,0.549014847807807,97604,1036.9020496292537,0.7966639741095841
JSCC,440_SinglePhoton,3000,440,828.6469635798312,454.7125809501484,0.5487410211288872,97604,1036.9020496292537,0.7991564525078483
JSCC,440_SinglePhoton,3050,440,831.1633537526668,455.85420692319013,0.5484532070200496,97604,1036.9020496292537,0.8015832874955265
JSCC,440_SinglePhoton,3100,440,833.6146149225525,456.9506138831646,0.5481557133275763,97604,1036.9020496292537,0.8039473113401724
JSCC,440_SinglePhoton,3150,440,836.0035019548578,458.00661727703056,0.5478525104333376,97604,1036.9020496292537,0.8062511808649355
JSCC,440_SinglePhoton,3200,440,838.3326144249907,459.0267218248851,0.5475472550232701,97604,1036.9020496292537,0.8084974031295802
JSCC,440_SinglePhoton,3250,440,840.6044015962957,460.0151292537452,0.5472433030093384,97604,1036.9020496292537,0.8106883402312257
JSCC,440_SinglePhoton,3300,440,842.821167828807,460.9757530823164,0.5469437297948232,97604,1036.9020496292537,0.8128262145206091
JSCC,440_SinglePhoton,3350,440,844.9850901889047,461.9122615674916,0.5466513751908055,97604,1036.9020496292537,0.8149131255850355
JSCC,440_SinglePhoton,3400,440,847.0982279456457,462.8280356150731,0.5463687921263962,97604,1036.9020496292537,0.8169510594067465
JSCC,440_SinglePhoton,3450,440,849.1625106160863,463.7262554170448,0.5460983611730588,97604,1036.9020496292537,0.818941876833695
JSCC,440_SinglePhoton,3500,440,851.179778318826,464.60985270448805,0.5458422116443412,97604,1036.9020496292537,0.8208873524969567
JSCC,440_SinglePhoton,3550,440,853.1517692454296,465.4815520364012,0.5456022818168642,97604,1036.9020496292537,0.8227891627280278
JSCC,440_SinglePhoton,3600,440,855.080116370072,466.34388055866344,0.545380335281745,97604,1036.9020496292537,0.824648882385571
JSCC,440_SinglePhoton,3650,440,856.9663804964396,467.1991845952637,0.5451779617359269,97604,1036.9020496292537,0.8264680167262178
JSCC,440_SinglePhoton,3700,440,858.8120338767773,468.0496543220351,0.5449966184209187,97604,1036.9020496292537,0.8282479856065933
JSCC,440_SinglePhoton,3750,440,860.6184854426543,468.89728458463844,0.5448375703241649,97604,1036.9020496292537,0.8299901478161511
JSCC,440_SinglePhoton,3800,440,862.3870594769901,469.7439482777181,0.5447019909628545,97604,1036.9020496292537,0.8316957805082343
JSCC,440_SinglePhoton,3850,440,864.1190160023062,470.59135601347555,0.5445909039134252,97604,1036.9020496292537,0.8333660988627359
JSCC,440_SinglePhoton,3900,440,865.8155504174078,471.4410755512872,0.5445052070547896,97604,1036.9020496292537,0.8350022557357099
JSCC,440_SinglePhoton,3950,440,867.4778120819357,472.29458923221915,0.5444457283566921,97604,1036.9020496292537,0.8366053595825218
JSCC,440_SinglePhoton,4000,440,869.1068793035307,473.15320702969404,0.5444131421544621,97604,1036.9020496292537,0.8381764503351898
JSCC,440_SinglePhoton,4050,440,870.7037901195374,474.01814707586914,0.5444080437628416,97604,1036.9020496292537,0.8397165290886051
JSCC,440_SinglePhoton,4100,440,872.2695311443966,474.89055570365883,0.5444309800442231,97604,1036.9020496292537,0.8412265473448319
JSCC,440_SinglePhoton,4150,440,873.8050467510418,475.77144673646325,0.5444823745359033,97604,1036.9020496292537,0.8427074158677499
JSCC,440_SinglePhoton,4200,440,875.3112361346408,476.6617684880066,0.5445626067739479,97604,1036.9020496292537,0.8441600018512935
JSCC,440_SinglePhoton,4250,440,876.7889565982603,477.56236229775044,0.5446719631946355,97604,1036.9020496292537,0.8455851320881831
JSCC,440_SinglePhoton,4300,440,878.2390315032123,478.4740084779646,0.5448106851491199,97604,1036.9020496292537,0.8469836006373296
JSCC,440_SinglePhoton,4350,440,879.6622388065948,479.39739773656606,0.5449789437215661,97604,1036.9020496292537,0.8483561577693087
JSCC,440_SinglePhoton,4400,440,881.0593326375218,480.33316808534136,0.5451768686762848,97604,1036.9020496292537,0.8497035307747209
JSCC,440_SinglePhoton,4450,440,882.431039724588,481.28189362283945,0.5454045380963145,97604,1036.9020496292537,0.8510264205187972
JSCC,440_SinglePhoton,4500,440,883.7780437847028,482.24407278405073,0.5456619749443902,97604,1036.9020496292537,0.8523254863858156
JSCC,440_SinglePhoton,4550,440,885.101011808483,483.22017097630464,0.5459491792795094,97604,1036.9020496292537,0.8536013716290295
JSCC,440_SinglePhoton,4600,440,886.4005689277428,484.21057516578,0.5462660924862873,97604,1036.9020496292537,0.8548546791325922
JSCC,440_SinglePhoton,4650,440,887.6773325372664,485.2156354161974,0.546612623338365,97604,1036.9020496292537,0.8560860043189779
JSCC,440_SinglePhoton,4700,440,888.9318844635493,486.235676194485,0.5469886778646909,97604,1036.9020496292537,0.8572959083082038
JSCC,440_SinglePhoton,4750,440,890.1647885270863,487.2709511078453,0.5473940975738992,97604,1036.9020496292537,0.8584849348550969
JSCC,440_SinglePhoton,4800,440,891.3765891659314,488.3216837890252,0.5478287064347875,97604,1036.9020496292537,0.8596536090218403
JSCC,440_SinglePhoton,4850,440,892.5678016961898,489.38807471981744,0.5482923244484168,97604,1036.9020496292537,0.8608024277850825
JSCC,440_SinglePhoton,4900,440,893.7389334658366,490.47027594408917,0.5487847262534384,97604,1036.9020496292537,0.8619318804369175
JSCC,440_SinglePhoton,4950,440,894.8904667819095,491.5684242107092,0.549305688749177,97604,1036.9020496292537,0.8630424321196773
JSCC,440_SinglePhoton,5000,440,896.0228597825387,492.6826049490849,0.54985495020591,97604,1036.9020496292537,0.8641345246669282
JSCC,440_SinglePhoton,5050,440,897.1365672308452,493.812889756511,0.5504322394089264,97604,1036.9020496292537,0.8652085966573392
JSCC,440_SinglePhoton,5100,440,898.2320189108824,494.95932336102067,0.5510372742681396,97604,1036.9020496292537,0.8662650625794857
JSCC,440_SinglePhoton,5150,440,899.3096360219931,496.12193322751665,0.5516697623991473,97604,1036.9020496292537,0.8673043286427518
JSCC,440_SinglePhoton,5200,440,900.36982225978,497.30072719250836,0.5523294038713619,97604,1036.9020496292537,0.8683267841757174
JSCC,440_SinglePhoton,5250,440,901.4129695044614,498.49567893469424,0.5530158715252732,97604,1036.9020496292537,0.8693328071120733
JSCC,440_SinglePhoton,5300,440,902.439459767812,499.7067745946151,0.5537288614608944,97604,1036.9020496292537,0.8703227658682716
JSCC,440_SinglePhoton,5350,440,903.4496491844793,500.93395113733004,0.5544680343719323,97604,1036.9020496292537,0.8712970039045727
JSCC,440_SinglePhoton,5400,440,904.4438956367262,502.17714494564706,0.5552330524516567,97604,1036.9020496292537,0.8722558663666562
JSCC,440_SinglePhoton,5450,440,905.4225342784043,503.4362786367761,0.5560235796848156,97604,1036.9020496292537,0.8731996764806664
JSCC,440_SinglePhoton,5500,440,906.3859016341776,504.71122548709184,0.5568392277253184,97604,1036.9020496292537,0.8741287587947748
JSCC,440_SinglePhoton,5550,440,907.3343182315954,506.0019244247017,0.5576796934242552,97604,1036.9020496292537,0.8750434224293553
JSCC,440_SinglePhoton,5600,440,908.2680923969139,507.3082365359587,0.5585445979910793,97604,1036.9020496292537,0.8759439647377173
JSCC,440_SinglePhoton,5650,440,909.1875346751542,508.6300809121407,0.5594336278421045,97604,1036.9020496292537,0.8768306852129726
JSCC,440_SinglePhoton,5700,440,910.0929245243532,509.9672771736652,0.5603463815963542,97604,1036.9020496292537,0.8777038533675949
JSCC,440_SinglePhoton,5750,440,910.9845527379875,511.3196883531159,0.5612825012414661,97604,1036.9020496292537,0.8785637496460845
JSCC,440_SinglePhoton,5800,440,911.862690347789,512.6871818712743,0.562241648110126,97604,1036.9020496292537,0.8794106354344918
JSCC,440_SinglePhoton,5850,440,912.7276156238931,514.0696140349397,0.56322346912178,97604,1036.9020496292537,0.8802447790996658
JSCC,440_SinglePhoton,5900,440,913.5795703605132,515.4667967456173,0.5642275872502335,97604,1036.9020496292537,0.8810664138306654
JSCC,440_SinglePhoton,5950,440,914.4188217496311,516.8786001291887,0.5652536757065032,97604,1036.9020496292537,0.8818757973104434
JSCC,440_SinglePhoton,6000,440,915.2456025302247,518.3048282022336,0.5663013586400895,97604,1036.9020496292537,0.8826731539950881
JSCC,440_SinglePhoton,6050,440,916.0601574748584,519.7453069697342,0.5673702788280024,97604,1036.9020496292537,0.8834587199460137
JSCC,440_SinglePhoton,6100,440,916.8627251790032,521.1998959333193,0.5684601212592246,97604,1036.9020496292537,0.8842327252673762
JSCC,440_SinglePhoton,6150,440,917.6535123511077,522.6683557377163,0.5695704846141707,97604,1036.9020496292537,0.8849953693111287
JSCC,440_SinglePhoton,6200,440,918.432765884598,524.1505619238741,0.5707010696847614,97604,1036.9020496292537,0.8857468901840684
JSCC,440_SinglePhoton,6250,440,919.2006807629776,525.6462965476223,0.5718515091952635,97604,1036.9020496292537,0.8864874759304793
JSCC,440_SinglePhoton,6300,440,919.957463458749,527.155378460688,0.5730214704479385,97604,1036.9020496292537,0.8872173256747651
JSCC,440_SinglePhoton,6350,440,920.7033133846605,528.6776235650568,0.5742106234217284,97604,1036.9020496292537,0.8879366317328234
JSCC,440_SinglePhoton,6400,440,921.4384487062676,530.2128709282841,0.5754186529471631,97604,1036.9020496292537,0.8886456045059702
JSCC,440_SinglePhoton,6450,440,922.1630376589346,531.7609029541899,0.5766452148246518,97604,1036.9020496292537,0.8893444062422827
JSCC,440_SinglePhoton,6500,440,922.8772783946963,533.3215219261028,0.577889969134132,97604,1036.9020496292537,0.8900332280418124
JSCC,440_SinglePhoton,6550,440,923.5813547964688,534.8945435373395,0.57915260064471,97604,1036.9020496292537,0.890712247243312
JSCC,440_SinglePhoton,6600,440,924.2754445775387,536.4797943324924,0.5804328108897264,97604,1036.9020496292537,0.8913816352354739
JSCC,440_SinglePhoton,6650,440,924.9597195947782,538.0770719345016,0.5817302748818418,97604,1036.9020496292537,0.8920415577589988
JSCC,440_SinglePhoton,6700,440,925.6343510603789,539.686202020253,0.5830446994561131,97604,1036.9020496292537,0.8926921799328501
JSCC,440_SinglePhoton,6750,440,926.2995057898435,541.3069704014963,0.5843757521385385,97604,1036.9020496292537,0.8933336626357751
JSCC,440_SinglePhoton,6800,440,926.9553438633135,542.9392238497877,0.5857231715035542,97604,1036.9020496292537,0.8939661602508627
JSCC,440_SinglePhoton,6850,440,927.6020289763804,544.5827504288932,0.5870866313540156,97604,1036.9020496292537,0.8945898306479829
JSCC,440_SinglePhoton,6900,440,928.2397056748196,546.2373830842022,0.5884658668927483,97604,1036.9020496292537,0.895204813228707
JSCC,440_SinglePhoton,6950,440,928.8685231027259,547.9029106470256,0.5898605637069603,97604,1036.9020496292537,0.895811251829278
JSCC,440_SinglePhoton,7000,440,929.4886320507002,549.5791580576929,0.5912704460356599,97604,1036.9020496292537,0.8964092918738473
JSCC,440_SinglePhoton,7050,440,930.1001778056175,551.2659748407444,0.5926952687412065,97604,1036.9020496292537,0.8969990734787114
JSCC,440_SinglePhoton,7100,440,930.7032950632172,552.9631442772052,0.5941347228599267,97604,1036.9020496292537,0.8975807265459567
JSCC,440_SinglePhoton,7150,440,931.2981323219362,554.6705221822104,0.5955885692579366,97604,1036.9020496292537,0.8981543942891459
JSCC,440_SinglePhoton,7200,440,931.8848052903242,556.3878706248163,0.5970564896714636,97604,1036.9020496292537,0.8987201882989057
JSCC,440_SinglePhoton,7250,440,932.4634606402935,558.1150743522663,0.5985382783460771,97604,1036.9020496292537,0.8992782500272785
JSCC,440_SinglePhoton,7300,440,933.0342291430231,559.8519129550177,0.6000336273506629,97604,1036.9020496292537,0.89982870559146
JSCC,440_SinglePhoton,7350,440,933.5972214187151,561.5982633271047,0.6015423465739193,97604,1036.9020496292537,0.9003716616748173
JSCC,440_SinglePhoton,7400,440,934.1525667679954,563.353924772119,0.6030641512030792,97604,1036.9020496292537,0.9009072429763287
JSCC,440_SinglePhoton,7450,440,934.7003937249867,565.1187322285311,0.6045987955310563,97604,1036.9020496292537,0.9014355734557479
JSCC,440_SinglePhoton,7500,440,935.2408025385605,566.8925307818163,0.6061460633914579,97604,1036.9020496292537,0.901956749794214
JSCC,440_SinglePhoton,7550,440,935.7739173987964,568.6751488036375,0.6077057056520702,97604,1036.9020496292537,0.9024708917620368
JSCC,440_SinglePhoton,7600,440,936.2998612698441,570.4664269548094,0.609277487429211,97604,1036.9020496292537,0.9029781179472255
JSCC,440_SinglePhoton,7650,440,936.818727019986,572.2661587574133,0.6108611434122245,97604,1036.9020496292537,0.903478517912996
JSCC,440_SinglePhoton,7700,440,937.3306302359483,574.0742503374266,0.6124565140828894,97604,1036.9020496292537,0.9039722031324874
JSCC,440_SinglePhoton,7750,440,937.8356779908006,575.8905066917142,0.6140633377538909,97604,1036.9020496292537,0.9044592768681724
JSCC,440_SinglePhoton,7800,440,938.3339611349485,577.7147869764552,0.6156814214394293,97604,1036.9020496292537,0.904939826737204
JSCC,440_SinglePhoton,7850,440,938.8256004882305,579.5469550415322,0.6173105577224804,97604,1036.9020496292537,0.9054139692595934
JSCC,440_SinglePhoton,7900,440,939.3106833423905,581.3868190939337,0.618950502111995,97604,1036.9020496292537,0.9058817886204804
JSCC,440_SinglePhoton,7950,440,939.7893092892687,583.2342896216311,0.6206011111817304,97604,1036.9020496292537,0.9063433808673559
JSCC,440_SinglePhoton,8000,440,940.2615817245766,585.0891920651153,0.6222621485735668,97604,1036.9020496292537,0.9067988457162071
JSCC,440_SinglePhoton,8050,440,940.7275890192288,586.9513742529055,0.6239334118656404,97604,1036.9020496292537,0.9072482683929382
JSCC,440_SinglePhoton,8100,440,941.1874175633931,588.8206966787749,0.6256147135956748,97604,1036.9020496292537,0.9076917322131983
JSCC,440_SinglePhoton,8150,440,941.6411529820227,590.6970095619449,0.6273058560485644,97604,1036.9020496292537,0.9081293197546559
JSCC,440_SinglePhoton,8200,440,942.0888980054341,592.5802252728247,0.6290066962124488,97604,1036.9020496292537,0.9085611300915836
JSCC,440_SinglePhoton,8250,440,942.5307291113819,594.4701424568526,0.6307169878878317,97604,1036.9020496292537,0.9089872369799882
JSCC,440_SinglePhoton,8300,440,942.9667331688835,596.366661720618,0.6324365863008764,97604,1036.9020496292537,0.9094077241973271
JSCC,440_SinglePhoton,8350,440,943.3969932899852,598.2696532470616,0.6341653169368996,97604,1036.9020496292537,0.9098226718977926
JSCC,440_SinglePhoton,8400,440,943.821598034492,600.1790003909447,0.6359030156131382,97604,1036.9020496292537,0.910232165489457
JSCC,440_SinglePhoton,8450,440,944.2406180109637,602.0945318743746,0.6376494723799138,97604,1036.9020496292537,0.9106362730680093
JSCC,440_SinglePhoton,8500,440,944.6541444072909,604.0161945836701,0.6394045886102061,97604,1036.9020496292537,0.9110350825760772
JSCC,440_SinglePhoton,8550,440,945.0622424211499,605.9438140665715,0.6411681547177329,97604,1036.9020496292537,0.9114286568910329
JSCC,440_SinglePhoton,8600,440,945.4649881425097,607.8772542219491,0.642939994442527,97604,1036.9020496292537,0.9118170693948985
JSCC,440_SinglePhoton,8650,440,945.8624593080407,609.8164131127185,0.6447199665359786,97604,1036.9020496292537,0.9122003950577932
JSCC,440_SinglePhoton,8700,440,946.2547310603886,611.761191360129,0.6465079341527618,97604,1036.9020496292537,0.9125787063481298
JSCC,440_SinglePhoton,8750,440,946.6418665569779,613.7114689061884,0.648303746736147,97604,1036.9020496292537,0.9129520641756389
JSCC,440_SinglePhoton,8800,440,947.0239384055631,615.6670974327451,0.6501072174260981,97604,1036.9020496292537,0.9133205385640556
JSCC,440_SinglePhoton,8850,440,947.4010282536373,617.6280088157074,0.6519182377859492,97604,1036.9020496292537,0.9136842082551406
JSCC,440_SinglePhoton,8900,440,947.7731829963108,619.5940536330231,0.6537366373610878,97604,1036.9020496292537,0.914043118475066
JSCC,440_SinglePhoton,8950,440,948.1404740459914,621.5651335926378,0.6555622828126285,97604,1036.9020496292537,0.914397338094761
JSCC,440_SinglePhoton,9000,440,948.5029726144716,623.541156158387,0.6573950468912568,97604,1036.9020496292537,0.9147469357916792
JSCC,440_SinglePhoton,9050,440,948.8607485362054,625.5220238829206,0.6592347979910698,97604,1036.9020496292537,0.9150919789149538
JSCC,440_SinglePhoton,9100,440,949.213860637941,627.5076232639814,0.6610813951265423,97604,1036.9020496292537,0.9154325241977622
JSCC,440_SinglePhoton,9150,440,949.5623596680223,629.497809086876,0.6629346695112848,97604,1036.9020496292537,0.9157686205823782
JSCC,440_SinglePhoton,9200,440,949.906314231554,631.4925181822633,0.6647945262824387,97604,1036.9020496292537,0.9161003342323364
JSCC,440_SinglePhoton,9250,440,950.245800744324,633.4916868510621,0.6666608643309452,97604,1036.9020496292537,0.9164277388438823
JSCC,440_SinglePhoton,9300,440,950.5808620760467,635.4951976378862,0.6685335493184444,97604,1036.9020496292537,0.9167508757610506
JSCC,440_SinglePhoton,9350,440,950.9115524626546,637.5029408184804,0.6704124470540778,97604,1036.9020496292537,0.9170697972895847
JSCC,440_SinglePhoton,9400,440,951.2379313380761,639.5148262490401,0.67229744018876,97604,1036.9020496292537,0.9173845607482337
JSCC,440_SinglePhoton,9450,440,951.5600607553362,641.5307888500324,0.6741884357155485,97604,1036.9020496292537,0.9176952259816328
JSCC,440_SinglePhoton,9500,440,951.8779945881229,643.5506780882894,0.6760852564584744,97604,1036.9020496292537,0.9180018449461728
JSCC,440_SinglePhoton,9550,440,952.1917785194915,645.5744655492263,0.6779878592871207,97604,1036.9020496292537,0.9183044616991061
JSCC,440_SinglePhoton,9600,440,952.5014732555553,647.6020493422114,0.6798961130514287,97604,1036.9020496292537,0.9186031347860909
JSCC,440_SinglePhoton,9650,440,952.8071247457623,649.6332882359118,0.6818098557032238,97604,1036.9020496292537,0.9188979085212922
JSCC,440_SinglePhoton,9700,440,953.1087938865029,651.6682435315889,0.6837291269491635,97604,1036.9020496292537,0.9191888416338735
JSCC,440_SinglePhoton,9750,440,953.4065266785419,653.7067034960356,0.6856536904287887,97604,1036.9020496292537,0.91947597848749
JSCC,440_SinglePhoton,9800,440,953.7003672006193,655.7485932563733,0.687583454729268,97604,1036.9020496292537,0.9197593615921742
JSCC,440_SinglePhoton,9850,440,953.9903699418696,657.7938451769992,0.6895183283842594,97604,1036.9020496292537,0.9200390434978605
JSCC,440_SinglePhoton,9900,440,954.2766041597779,659.8424339134056,0.6914582533377563,97604,1036.9020496292537,0.9203150909972464
JSCC,440_SinglePhoton,9950,440,954.5590833922125,661.89422234163,0.6934030945360232,97604,1036.9020496292537,0.9205875171464044
JSCC,440_SinglePhoton,10000,440,954.8378686324128,663.9491668502613,0.6953527804686014,97604,1036.9020496292537,0.9208563807679008
JSCC,218_SinglePhoton_CrossTalkCorrected,0,218,1.0,0.0,0.0,97604,456.4035256096357,0.002191043547843461
JSCC,218_SinglePhoton_CrossTalkCorrected,50,218,125.60998542535198,21.978394189571542,0.17497330419350263,97604,456.4035256096357,0.27521694811092856
JSCC,218_SinglePhoton_CrossTalkCorrected,100,218,145.2751953689677,31.266118035028448,0.2152199345223336,97604,456.4035256096357,0.3183042794748749
JSCC,218_SinglePhoton_CrossTalkCorrected,150,218,163.0357959445278,38.641594920831345,0.23701294980630497,97604,456.4035256096357,0.3572185287717807
JSCC,218_SinglePhoton_CrossTalkCorrected,200,218,179.93257731757424,46.05559410685409,0.2559602868666061,97604,456.4035256096357,0.39424011257851566
JSCC,218_SinglePhoton_CrossTalkCorrected,250,218,195.9605091837243,53.81372669484419,0.27461516056988156,97604,456.4035256096357,0.4293580092791183
JSCC,218_SinglePhoton_CrossTalkCorrected,300,218,211.011279503423,61.765495392140025,0.2927118187117484,97604,456.4035256096357,0.46233490247816805
JSCC,218_SinglePhoton_CrossTalkCorrected,350,218,225.00822610762475,69.6610739849596,0.3095934543817064,97604,456.4035256096357,0.4930028220248137
JSCC,218_SinglePhoton_CrossTalkCorrected,400,218,237.92549975829692,77.27465402297197,0.3247850865143649,97604,456.4035256096357,0.5213051311128474
JSCC,218_SinglePhoton_CrossTalkCorrected,450,218,249.78132743385208,84.43980090077314,0.338054896930335,97604,456.4035256096357,0.5472817658457164
JSCC,218_SinglePhoton_CrossTalkCorrected,500,218,260.625364128417,91.05167231677943,0.3493584464477366,97604,456.4035256096357,0.5710415224779206
JSCC,218_SinglePhoton_CrossTalkCorrected,550,218,270.5264736749438,97.05768550994658,0.35877333627084523,97604,456.4035256096357,0.5927352846663294
JSCC,218_SinglePhoton_CrossTalkCorrected,600,218,279.56294261650504,102.44528720316728,0.36644802148794897,97604,456.4035256096357,0.612534581636025
JSCC,218_SinglePhoton_CrossTalkCorrected,650,218,287.81549691948743,107.23031674023999,0.3725661678677304,97604,456.4035256096357,0.6306162874948024
JSCC,218_SinglePhoton_CrossTalkCorrected,700,218,295.3627328363424,111.44724078979469,0.37732329911623114,97604,456.4035256096357,0.6471526100544799
JSCC,218_SinglePhoton_CrossTalkCorrected,750,218,302.27842106726723,115.14156519291105,0.3809122886985311,97604,456.4035256096357,0.6623051841317447
JSCC,218_SinglePhoton_CrossTalkCorrected,800,218,308.630138403392,118.36420921430822,0.38351474624814974,97604,456.4035256096357,0.6762220734187863
JSCC,218_SinglePhoton_CrossTalkCorrected,850,218,314.4787749111503,121.1675924063126,0.38529656712299926,97604,456.4035256096357,0.6890366907027918
JSCC,218_SinglePhoton_CrossTalkCorrected,900,218,319.878585208308,123.60298087962163,0.38640592585818206,97604,456.4035256096357,0.7008679102139579
JSCC,218_SinglePhoton_CrossTalkCorrected,950,218,324.87755783448125,125.71884748879185,0.38697301323855415,97604,456.4035256096357,0.7118208769323808
JSCC,218_SinglePhoton_CrossTalkCorrected,1000,218,329.51793679213563,127.55991335090125,0.387110682327948,97604,456.4035256096357,0.7219881493070981
JSCC,218_SinglePhoton_CrossTalkCorrected,1050,218,333.8368093055133,129.16670998199058,0.3869157216386605,97604,456.4035256096357,0.7314509870614927
JSCC,218_SinglePhoton_CrossTalkCorrected,1100,218,337.8666988212717,130.57544206566942,0.38647029293272434,97604,456.4035256096357,0.7402806504835171
JSCC,218_SinglePhoton_CrossTalkCorrected,1150,218,341.63612163301855,131.81809460118427,0.38584355182085134,97604,456.4035256096357,0.748539620014289
JSCC,218_SinglePhoton_CrossTalkCorrected,1200,218,345.17010074320166,132.92266689709686,0.38509322392320466,97604,456.4035256096357,0.7562827221418693
JSCC,218_SinglePhoton_CrossTalkCorrected,1250,218,348.49062149923634,133.91345188514575,0.38426701788713474,97604,456.4035256096357,0.7635581277198594
JSCC,218_SinglePhoton_CrossTalkCorrected,1300,218,351.6170397242935,134.8114021820247,0.3834040645121513,97604,456.4035256096357,0.770408246199731
JSCC,218_SinglePhoton_CrossTalkCorrected,1350,218,354.5664281532816,135.6344661510899,0.38253612124962416,97604,456.4035256096357,0.7768704846871496
JSCC,218_SinglePhoton_CrossTalkCorrected,1400,218,357.35388808787627,136.39791721792167,0.3816886334936988,97604,456.4035256096357,0.7829779307917154
JSCC,218_SinglePhoton_CrossTalkCorrected,1450,218,359.99280958205753,137.11468240480198,0.3808817252877596,97604,456.4035256096357,0.7887599227048067
JSCC,218_SinglePhoton_CrossTalkCorrected,1500,218,362.4950997773255,137.795640540534,0.38013104349597965,97604,456.4035256096357,0.7942425494919805
JSCC,218_SinglePhoton_CrossTalkCorrected,1550,218,364.871378701523,138.44989641544805,0.3794484974627311,97604,456.4035256096357,0.7994490800967198
JSCC,218_SinglePhoton_CrossTalkCorrected,1600,218,367.13114271691177,139.08500919501648,0.3788428520820486,97604,456.4035256096357,0.8044003214622862
JSCC,218_SinglePhoton_CrossTalkCorrected,1650,218,369.2829103952529,139.70721566662777,0.3783202843508127,97604,456.4035256096357,0.8091149381503736
JSCC,218_SinglePhoton_CrossTalkCorrected,1700,218,371.3343462848081,140.32163134208596,0.3778848704570444,97604,456.4035256096357,0.813609723519998
JSCC,218_SinglePhoton_CrossTalkCorrected,1750,218,373.29236650668196,140.93241240498415,0.3775389615486859,97604,456.4035256096357,0.8178998310936818
JSCC,218_SinglePhoton_CrossTalkCorrected,1800,218,375.16322674127315,141.5428952822903,0.37728350006943423,97604,456.4035256096357,0.8219989673395998
JSCC,218_SinglePhoton_CrossTalkCorrected,1850,218,376.952607108376,142.15573764250493,0.377118329895605,97604,456.4035256096357,0.8259195776475783
JSCC,218_SinglePhoton_CrossTalkCorrected,1900,218,378.665677104034,142.77301772806067,0.37704240537447875,97604,456.4035256096357,0.8296729886085689
JSCC,218_SinglePhoton_CrossTalkCorrected,1950,218,380.3071473116445,143.3963424700859,0.3770540298380958,97604,456.4035256096357,0.8332695213159311
JSCC,218_SinglePhoton_CrossTalkCorrected,2000,218,381.88132972642245,144.0269104554085,0.37715096089821554,97604,456.4035256096357,0.8367186235389591
JSCC,218_SinglePhoton_CrossTalkCorrected,2050,218,383.3921801151738,144.66560304108614,0.377330604389551,97604,456.4035256096357,0.8400289625349895
JSCC,218_SinglePhoton_CrossTalkCorrected,2100,218,384.84333503063107,145.31302680263477,0.377590082964718,97604,456.4035256096357,0.8432085061494234
JSCC,218_SinglePhoton_CrossTalkCorrected,2150,218,386.2381443712175,145.9695723097706,0.3779263504577055,97604,456.4035256096357,0.8462645941555872
JSCC,218_SinglePhoton_CrossTalkCorrected,2200,218,387.5796992391559,146.63545789852952,0.3783362704145352,97604,456.4035256096357,0.8492039992930616
JSCC,218_SinglePhoton_CrossTalkCorrected,2250,218,388.87086418920705,147.31075578309543,0.37881664415830507,97604,456.4035256096357,0.8520329979260728
JSCC,218_SinglePhoton_CrossTalkCorrected,2300,218,390.1142949934871,147.99543513943638,0.37936429666569166,97604,456.4035256096357,0.8547574089669803
JSCC,218_SinglePhoton_CrossTalkCorrected,2350,218,391.31245663789326,148.6893821653072,0.37997610258264564,97604,456.4035256096357,0.85738263330723
JSCC,218_SinglePhoton_CrossTalkCorrected,2400,218,392.4676451350249,149.39240391453708,0.38064896754263655,97604,456.4035256096357,0.8599137016104133
JSCC,218_SinglePhoton_CrossTalkCorrected,2450,218,393.58200033212955,150.1042722548502,0.381379921155395,97604,456.4035256096357,0.8623553023750352
JSCC,218_SinglePhoton_CrossTalkCorrected,2500,218,394.6575223730361,150.82472774640183,0.3821661040172448,97604,456.4035256096357,0.864711818003327
JSCC,218_SinglePhoton_CrossTalkCorrected,2550,218,395.6960812836738,151.55348357448457,0.38300476234900127,97604,456.4035256096357,0.866987345803535
JSCC,218_SinglePhoton_CrossTalkCorrected,2600,218,396.69943255283056,152.29024309429596,0.38389327182618205,97604,456.4035256096357,0.8691857321280415
JSCC,218_SinglePhoton_CrossTalkCorrected,2650,218,397.66921701623176,153.0346954110181,0.38482912144736525,97604,456.4035256096357,0.8713105721193756
JSCC,218_SinglePhoton_CrossTalkCorrected,2700,218,398.60697974453626,153.78654269402566,0.38580995945576796,97604,456.4035256096357,0.8733652510946351
JSCC,218_SinglePhoton_CrossTalkCorrected,2750,218,399.5141727892592,154.54547696905118,0.38683352805752097,97604,456.4035256096357,0.8753529505619239
JSCC,218_SinglePhoton_CrossTalkCorrected,2800,218,400.39216515341866,155.31121039699076,0.38789772606434497,97604,456.4035256096357,0.8772766700664713
JSCC,218_SinglePhoton_CrossTalkCorrected,2850,218,401.2422448104681,156.08345192819678,0.38900054504959913,97604,456.4035256096357,0.8791392316142024
JSCC,218_SinglePhoton_CrossTalkCorrected,2900,218,402.06562817963874,156.8619378300108,0.390140133440918,97604,456.4035256096357,0.8809433004326254
JSCC,218_SinglePhoton_CrossTalkCorrected,2950,218,402.86346524090345,157.64639817013412,0.39131470528325285,97604,456.4035256096357,0.8826913961779398
JSCC,218_SinglePhoton_CrossTalkCorrected,3000,218,403.6368436449879,158.43659728637613,0.3925226345931057,97604,456.4035256096357,0.8843859019402505
JSCC,218_SinglePhoton_CrossTalkCorrected,3050,218,404.3867895690629,159.2322971898523,0.3937623614251571,97604,456.4035256096357,0.8860290661184265
JSCC,218_SinglePhoton_CrossTalkCorrected,3100,218,405.1142769661855,160.03328229721018,0.39503244243985997,97604,456.4035256096357,0.8876230226860294
JSCC,218_SinglePhoton_CrossTalkCorrected,3150,218,405.82023161008004,160.839354000208,0.3963315317279341,97604,456.4035256096357,0.8891698000536047
JSCC,218_SinglePhoton_CrossTalkCorrected,3200,218,406.50552646230807,161.65031194752746,0.3976583377705099,97604,456.4035256096357,0.8906713109179493
JSCC,218_SinglePhoton_CrossTalkCorrected,3250,218,407.17099216745396,162.4659782729481,0.39901167175026064,97604,456.4035256096357,0.8921293752575202
JSCC,218_SinglePhoton_CrossTalkCorrected,3300,218,407.8174207025383,163.28619106857545,0.400390426645546,97604,456.4035256096357,0.8935457283284587
JSCC,218_SinglePhoton_CrossTalkCorrected,3350,218,408.4455575067134,164.11079455836983,0.40179355985692766,97604,456.4035256096357,0.8949220034204095
JSCC,218_SinglePhoton_CrossTalkCorrected,3400,218,409.05611775270336,164.9396427875462,0.403220085531788,97604,456.4035256096357,0.8962597675079556
JSCC,218_SinglePhoton_CrossTalkCorrected,3450,218,409.6497830509392,165.77260220380825,0.40466908335502455,97604,456.4035256096357,0.8975605140292339
JSCC,218_SinglePhoton_CrossTalkCorrected,3500,218,410.2271954360289,166.609551587876,0.40613970366052243,97604,456.4035256096357,0.8988256497100295
JSCC,218_SinglePhoton_CrossTalkCorrected,3550,218,410.7889702131619,167.45036659663285,0.40763111655539686,97604,456.4035256096357,0.9000565227108079
JSCC,218_SinglePhoton_CrossTalkCorrected,3600,218,411.33569544830516,168.2949452667268,0.40914257412867144,97604,456.4035256096357,0.9012544215097118
JSCC,218_SinglePhoton_CrossTalkCorrected,3650,218,411.8679280593148,169.14318406553255,0.410673355564538,97604,456.4035256096357,0.9024205663380164
JSCC,218_SinglePhoton_CrossTalkCorrected,3700,218,412.386202108967,169.99499378010563,0.4122227972486503,97604,456.4035256096357,0.9035561273505215
JSCC,218_SinglePhoton_CrossTalkCorrected,3750,218,412.89102706813037,170.85028704810347,0.41379026388943974,97604,456.4035256096357,0.9046622208200867
JSCC,218_SinglePhoton_CrossTalkCorrected,3800,218,413.3828863126177,171.70897266486085,0.41537513610325716,97604,456.4035256096357,0.9057399058441679
JSCC,218_SinglePhoton_CrossTalkCorrected,3850,218,413.86224508947987,172.57098172295437,0.4169768655404731,97604,456.4035256096357,0.9067902017993138
JSCC,218_SinglePhoton_CrossTalkCorrected,3900,218,414.3295456576868,173.43622711914728,0.418594881626998,97604,456.4035256096357,0.9078140776941872
JSCC,218_SinglePhoton_CrossTalkCorrected,3950,218,414.7852108836452,174.30464858201412,0.42022869670468976,97604,456.4035256096357,0.9088124600475
JSCC,218_SinglePhoton_CrossTalkCorrected,4000,218,415.22964702409377,175.17618404533653,0.4218778338704989,97604,456.4035256096357,0.9097862389854583
JSCC,218_SinglePhoton_CrossTalkCorrected,4050,218,415.66324179264655,176.05076436820033,0.4235418162282995,97604,456.4035256096357,0.9107362640054745
JSCC,218_SinglePhoton_CrossTalkCorrected,4100,218,416.0863626115142,176.92832396068152,0.4252201943130579,97604,456.4035256096357,0.9116633401456127
JSCC,218_SinglePhoton_CrossTalkCorrected,4150,218,416.4993646415422,177.808808873038,0.426912557300221,97604,456.4035256096357,0.9125682455787517
JSCC,218_SinglePhoton_CrossTalkCorrected,4200,218,416.90258905382547,178.69216968767938,0.4286185175612061,97604,456.4035256096357,0.913451727825618
JSCC,218_SinglePhoton_CrossTalkCorrected,4250,218,417.29635892434766,179.5783455379463,0.43033767656358185,97604,456.4035256096357,0.9143144947597609
JSCC,218_SinglePhoton_CrossTalkCorrected,4300,218,417.6809859215434,180.46728375888102,0.43206966522718304,97604,456.4035256096357,0.9151572292602931
JSCC,218_SinglePhoton_CrossTalkCorrected,4350,218,418.05676912996626,181.35893370747897,0.4338141302792726,97604,456.4035256096357,0.9159805866344958
JSCC,218_SinglePhoton_CrossTalkCorrected,4400,218,418.4239929753109,182.2532444375061,0.4355707308788575,97604,456.4035256096357,0.9167851900714524
JSCC,218_SinglePhoton_CrossTalkCorrected,4450,218,418.78293409351835,183.15017104466108,0.43733914668968304,97604,456.4035256096357,0.9175716456925566
JSCC,218_SinglePhoton_CrossTalkCorrected,4500,218,419.133855467756,184.04966056866868,0.43911905031691634,97604,456.4035256096357,0.9183405297053804
JSCC,218_SinglePhoton_CrossTalkCorrected,4550,218,419.4770087977324,184.9516704645726,0.4409101490321593,97604,456.4035256096357,0.9190923935949462
JSCC,218_SinglePhoton_CrossTalkCorrected,4600,218,419.8126367595781,185.85614446017377,0.4427121248534771,97604,456.4035256096357,0.919827769075224
JSCC,218_SinglePhoton_CrossTalkCorrected,4650,218,420.14097099344065,186.76304707252396,0.4445247190030409,97604,456.4035256096357,0.9205471636798647
JSCC,218_SinglePhoton_CrossTalkCorrected,4700,218,420.4622376482094,187.67232377078244,0.44634763117015835,97604,456.4035256096357,0.921251072910933
JSCC,218_SinglePhoton_CrossTalkCorrected,4750,218,420.7766496805982,188.58393430769937,0.44818060710081953,97604,456.4035256096357,0.9219399633658628
JSCC,218_SinglePhoton_CrossTalkCorrected,4800,218,421.084411795054,189.49783043242638,0.4500233804063421,97604,456.4035256096357,0.9226142835610118
JSCC,218_SinglePhoton_CrossTalkCorrected,4850,218,421.38572588741164,190.41396736768286,0.4518756940963843,97604,456.4035256096357,0.9232744758589464
JSCC,218_SinglePhoton_CrossTalkCorrected,4900,218,421.68078185063854,191.33230212025146,0.45373730640639515,97604,456.4035256096357,0.9239209563234274
JSCC,218_SinglePhoton_CrossTalkCorrected,4950,218,421.96976007883103,192.25278644372798,0.45560797154708893,97604,456.4035256096357,0.9245541202057759
JSCC,218_SinglePhoton_CrossTalkCorrected,5000,218,422.2528397722042,193.17538037560246,0.45748746291396447,97604,456.4035256096357,0.9251743601414666
JSCC,218_SinglePhoton_CrossTalkCorrected,5050,218,422.5301888673297,194.1000297848578,0.4593755307879393,97604,456.4035256096357,0.9257820440868415
JSCC,218_SinglePhoton_CrossTalkCorrected,5100,218,422.80197522116606,195.02670634157846,0.46127198492760296,97604,456.4035256096357,0.9263775398238067
JSCC,218_SinglePhoton_CrossTalkCorrected,5150,218,423.06835106258376,195.9553497494202,0.4631765747951987,97604,456.4035256096357,0.9269611808924463
JSCC,218_SinglePhoton_CrossTalkCorrected,5200,218,423.32946631840116,196.8859141539249,0.46508908502447593,97604,456.4035256096357,0.9275332957889485
JSCC,218_SinglePhoton_CrossTalkCorrected,5250,218,423.5854751317551,197.81836595018328,0.46700932294397585,97604,456.4035256096357,0.9280942222476387
JSCC,218_SinglePhoton_CrossTalkCorrected,5300,218,423.83651172633563,198.75265140724167,0.468937068677021,97604,456.4035256096357,0.928644254358467
JSCC,218_SinglePhoton_CrossTalkCorrected,5350,218,424.0827141592119,199.68873608859244,0.47087214220578677,97604,456.4035256096357,0.9291836946104838
JSCC,218_SinglePhoton_CrossTalkCorrected,5400,218,424.3242147024438,200.62657642943134,0.4728143468553172,97604,456.4035256096357,0.9297128328175327
JSCC,218_SinglePhoton_CrossTalkCorrected,5450,218,424.5611374462136,201.5661226494892,0.47476347897015186,97604,456.4035256096357,0.930231940866607
JSCC,218_SinglePhoton_CrossTalkCorrected,5500,218,424.7936026411298,202.50732443016562,0.4767193365697788,97604,456.4035256096357,0.9307412822320262
JSCC,218_SinglePhoton_CrossTalkCorrected,5550,218,425.02172779924564,203.45015944294107,0.47868178527343086,97604,456.4035256096357,0.9312411143878168
JSCC,218_SinglePhoton_CrossTalkCorrected,5600,218,425.2456313313766,204.3945721028093,0.4806506100083434,97604,456.4035256096357,0.9317316967772317
JSCC,218_SinglePhoton_CrossTalkCorrected,5650,218,425.46541869588077,205.3405153385958,0.4826256290534661,97604,456.4035256096357,0.932213260464126
JSCC,218_SinglePhoton_CrossTalkCorrected,5700,218,425.68119420098907,206.28794403937187,0.48460666538623554,97604,456.4035256096357,0.9326860339923763
JSCC,218_SinglePhoton_CrossTalkCorrected,5750,218,425.89306336286387,207.23681938577764,0.48659355414110234,97604,456.4035256096357,0.9331502485524891
JSCC,218_SinglePhoton_CrossTalkCorrected,5800,218,426.10112481230396,208.18710623370896,0.48858614566064484,97604,456.4035256096357,0.9336061202488397
JSCC,218_SinglePhoton_CrossTalkCorrected,5850,218,426.305472607603,209.13875436570657,0.49058425895041313,97604,456.4035256096357,0.9340538551672457
JSCC,218_SinglePhoton_CrossTalkCorrected,5900,218,426.5061972541382,210.09171979687426,0.4925877306108377,97604,456.4035256096357,0.9344936516089298
JSCC,218_SinglePhoton_CrossTalkCorrected,5950,218,426.7033886025223,211.04596648179745,0.4945964154936405,97604,456.4035256096357,0.9349257064404973
JSCC,218_SinglePhoton_CrossTalkCorrected,6000,218,426.89713693607985,212.0014558631651,0.49661016090372256,97604,456.4035256096357,0.935350217476644
JSCC,218_SinglePhoton_CrossTalkCorrected,6050,218,427.08752054861543,212.958137583101,0.4986287993373011,97604,456.4035256096357,0.9357673562625053
JSCC,218_SinglePhoton_CrossTalkCorrected,6100,218,427.27462394030084,213.91598317620318,0.5006522063105056,97604,456.4035256096357,0.9361773079416372
JSCC,218_SinglePhoton_CrossTalkCorrected,6150,218,427.45852386368614,214.8749419935456,0.5026802133955525,97604,456.4035256096357,0.9365802406822195
JSCC,218_SinglePhoton_CrossTalkCorrected,6200,218,427.63929263984886,215.83498132339048,0.504712698384251,97604,456.4035256096357,0.9369763129428823
JSCC,218_SinglePhoton_CrossTalkCorrected,6250,218,427.8170071220961,216.79605540428457,0.5067495022291445,97604,456.4035256096357,0.9373656931125685
JSCC,218_SinglePhoton_CrossTalkCorrected,6300,218,427.99173768579624,217.75812965234746,0.5087904986899802,97604,456.4035256096357,0.9377485353867747
JSCC,218_SinglePhoton_CrossTalkCorrected,6350,218,428.1635532792457,218.72116038600151,0.5108355410236258,97604,456.4035256096357,0.9381249908342211
JSCC,218_SinglePhoton_CrossTalkCorrected,6400,218,428.3325226044177,219.68512281909494,0.5128845259830597,97604,456.4035256096357,0.9384952099839227
JSCC,218_SinglePhoton_CrossTalkCorrected,6450,218,428.4987086768444,220.64997492073104,0.5149373159188116,97604,456.4035256096357,0.9388593309056547
JSCC,218_SinglePhoton_CrossTalkCorrected,6500,218,428.6621680614582,221.61566799975353,0.5169937645814828,97604,456.4035256096357,0.9392174775356472
JSCC,218_SinglePhoton_CrossTalkCorrected,6550,218,428.8229704795082,222.5821796825395,0.5190537704490247,97604,456.4035256096357,0.9395698026361932
JSCC,218_SinglePhoton_CrossTalkCorrected,6600,218,428.98116786118135,223.54947773224617,0.521117229567026,97604,456.4035256096357,0.9399164199885939
JSCC,218_SinglePhoton_CrossTalkCorrected,6650,218,429.13681914435955,224.5175175582973,0.5231839999325966,97604,456.4035256096357,0.9402574587283151
JSCC,218_SinglePhoton_CrossTalkCorrected,6700,218,429.28998355942474,225.4862631563377,0.5252539583773556,97604,456.4035256096357,0.9405930486317029
JSCC,218_SinglePhoton_CrossTalkCorrected,6750,218,429.4407088063515,226.4556651123758,0.5273269638125805,97604,456.4035256096357,0.9409232942114788
JSCC,218_SinglePhoton_CrossTalkCorrected,6800,218,429.5890511017804,227.4257107301915,0.5294029495093175,97604,456.4035256096357,0.9412483186407506
JSCC,218_SinglePhoton_CrossTalkCorrected,6850,218,429.7350601909405,228.3963592303641,0.5314817904987382,97604,456.4035256096357,0.9415682309134814
JSCC,218_SinglePhoton_CrossTalkCorrected,6900,218,429.87878610151654,229.36758545281714,0.5335633970982965,97604,456.4035256096357,0.9418831406425069
JSCC,218_SinglePhoton_CrossTalkCorrected,6950,218,430.02027574806283,230.33935408082192,0.5356476591251979,97604,456.4035256096357,0.9421931506196588
JSCC,218_SinglePhoton_CrossTalkCorrected,7000,218,430.1595763035336,231.31162691055155,0.5377344586822149,97604,456.4035256096357,0.9424983642029341
JSCC,218_SinglePhoton_CrossTalkCorrected,7050,218,430.29672988165277,232.2843702500177,0.5398236940213428,97604,456.4035256096357,0.9427988736653358
JSCC,218_SinglePhoton_CrossTalkCorrected,7100,218,430.4317851268846,233.25756968696467,0.5419152993504045,97604,456.4035256096357,0.9430947855890034
JSCC,218_SinglePhoton_CrossTalkCorrected,7150,218,430.56478286351313,234.231183049211,0.5440091534923819,97604,456.4035256096357,0.943386189421721
JSCC,218_SinglePhoton_CrossTalkCorrected,7200,218,430.6957682387017,235.20518582976896,0.5461051702263597,97604,456.4035256096357,0.9436731840828898
JSCC,218_SinglePhoton_CrossTalkCorrected,7250,218,430.82477513628265,236.17953144695522,0.5482032257133881,97604,456.4035256096357,0.9439558438134619
JSCC,218_SinglePhoton_CrossTalkCorrected,7300,218,430.9518408534185,237.15420656879317,0.5503032684560627,97604,456.4035256096357,0.9442342503331445
JSCC,218_SinglePhoton_CrossTalkCorrected,7350,218,431.0770035732145,238.12917359930915,0.5524051889232015,97604,456.4035256096357,0.944508487302784
JSCC,218_SinglePhoton_CrossTalkCorrected,7400,218,431.20030691346096,239.10441331460362,0.5545089126353295,97604,456.4035256096357,0.9447786502908586
JSCC,218_SinglePhoton_CrossTalkCorrected,7450,218,431.32178552850024,240.07991153086553,0.556614387647252,97604,456.4035256096357,0.9450448152265414
JSCC,218_SinglePhoton_CrossTalkCorrected,7500,218,431.4414743179816,241.05561965012478,0.5587214813577742,97604,456.4035256096357,0.9453070585764837
JSCC,218_SinglePhoton_CrossTalkCorrected,7550,218,431.55940392048535,242.03151764515536,0.5608301324138207,97604,456.4035256096357,0.9455654474711493
JSCC,218_SinglePhoton_CrossTalkCorrected,7600,218,431.675610011232,243.00759192357472,0.5629402873079898,97604,456.4035256096357,0.9458200600764998
JSCC,218_SinglePhoton_CrossTalkCorrected,7650,218,431.7901296720344,243.9838250452606,0.5650518811779652,97604,456.4035256096357,0.9460709776404023
JSCC,218_SinglePhoton_CrossTalkCorrected,7700,218,431.9029883793361,244.96016916430466,0.5671647933798472,97604,456.4035256096357,0.9463182559828535
JSCC,218_SinglePhoton_CrossTalkCorrected,7750,218,432.0142150178297,245.93660701905907,0.5692789692323179,97604,456.4035256096357,0.9465619583914733
JSCC,218_SinglePhoton_CrossTalkCorrected,7800,218,432.1238427716764,246.91311493547866,0.5713943330498925,97604,456.4035256096357,0.9468021575742036
JSCC,218_SinglePhoton_CrossTalkCorrected,7850,218,432.2319025653517,247.88967549910927,0.5735108260816759,97604,456.4035256096357,0.9470389212879171
JSCC,218_SinglePhoton_CrossTalkCorrected,7900,218,432.3384262184194,248.86625493895286,0.5756283500306412,97604,456.4035256096357,0.9472723192506639
JSCC,218_SinglePhoton_CrossTalkCorrected,7950,218,432.4434346002876,249.84284824344311,0.5777468872301778,97604,456.4035256096357,0.9475023971882257
JSCC,218_SinglePhoton_CrossTalkCorrected,8000,218,432.5469557544178,250.81943152270296,0.5798663663815213,97604,456.4035256096357,0.9477292165450479
JSCC,218_SinglePhoton_CrossTalkCorrected,8050,218,432.6490176886761,251.79597915583219,0.5819867117715695,97604,456.4035256096357,0.9479528386875851
JSCC,218_SinglePhoton_CrossTalkCorrected,8100,218,432.7496462807363,252.77246795759726,0.5841078557314799,97604,456.4035256096357,0.948173320314947
JSCC,218_SinglePhoton_CrossTalkCorrected,8150,218,432.8488662608515,253.7488845091351,0.5862297542815238,97604,456.4035256096357,0.9483907156121957
JSCC,218_SinglePhoton_CrossTalkCorrected,8200,218,432.94670532791395,254.72521466068594,0.5883523572901588,97604,456.4035256096357,0.9486050852688098
JSCC,218_SinglePhoton_CrossTalkCorrected,8250,218,433.0431811470296,255.7014102505608,0.5904755492818704,97604,456.4035256096357,0.9488164679898061
JSCC,218_SinglePhoton_CrossTalkCorrected,8300,218,433.13832116920406,256.67747466778354,0.5925993201777068,97604,456.4035256096357,0.9490249239215331
JSCC,218_SinglePhoton_CrossTalkCorrected,8350,218,433.23214479271667,257.6533892543715,0.5947236195450082,97604,456.4035256096357,0.9492304955664658
JSCC,218_SinglePhoton_CrossTalkCorrected,8400,218,433.3246846177931,258.62914741832384,0.5968484062855626,97604,456.4035256096357,0.949433254353118
JSCC,218_SinglePhoton_CrossTalkCorrected,8450,218,433.4159533958651,259.6047186353101,0.5989736109187411,97604,456.4035256096357,0.9496332282204322
JSCC,218_SinglePhoton_CrossTalkCorrected,8500,218,433.50597387291134,260.58009782306544,0.6010992086108099,97604,456.4035256096357,0.9498304670058382
JSCC,218_SinglePhoton_CrossTalkCorrected,8550,218,433.594767728588,261.5552529931179,0.6032251135392861,97604,456.4035256096357,0.9500250182104067
JSCC,218_SinglePhoton_CrossTalkCorrected,8600,218,433.6823535277694,262.53016515424514,0.6053512738498706,97604,456.4035256096357,0.9502169225105859
JSCC,218_SinglePhoton_CrossTalkCorrected,8650,218,433.76875105380407,263.50484547163285,0.6074777051861628,97604,456.4035256096357,0.9504062232525538
JSCC,218_SinglePhoton_CrossTalkCorrected,8700,218,433.85398626725186,264.47925929951174,0.6096043085255736,97604,456.4035256096357,0.9505929773170275
JSCC,218_SinglePhoton_CrossTalkCorrected,8750,218,433.93806903148584,265.4533850155588,0.6117310371224838,97604,456.4035256096357,0.9507772063150872
JSCC,218_SinglePhoton_CrossTalkCorrected,8800,218,434.0210243995197,266.4272373706474,0.6138579063980989,97604,456.4035256096357,0.9509589651389769
JSCC,218_SinglePhoton_CrossTalkCorrected,8850,218,434.10286523202353,267.4007675699584,0.6159848021897655,97604,456.4035256096357,0.9511382819669845
JSCC,218_SinglePhoton_CrossTalkCorrected,8900,218,434.18361374239595,268.37398448478035,0.618111729670223,97604,456.4035256096357,0.951315205469634
JSCC,218_SinglePhoton_CrossTalkCorrected,8950,218,434.2632843690946,269.346867635785,0.6202386370910837,97604,456.4035256096357,0.9514897672822147
JSCC,218_SinglePhoton_CrossTalkCorrected,9000,218,434.3418919962648,270.3194124555861,0.6223655084550553,97604,456.4035256096357,0.9516620000165372
JSCC,218_SinglePhoton_CrossTalkCorrected,9050,218,434.4194584124587,271.29160611707874,0.62449229854594,97604,456.4035256096357,0.9518319514122683
JSCC,218_SinglePhoton_CrossTalkCorrected,9100,218,434.4959972605325,272.26342802147906,0.6266189556131272,97604,456.4035256096357,0.9519996513614997
JSCC,218_SinglePhoton_CrossTalkCorrected,9150,218,434.5715291160848,273.2348876919538,0.6287454869574901,97604,456.4035256096357,0.9521651449462641
JSCC,218_SinglePhoton_CrossTalkCorrected,9200,218,434.64605930434755,274.2059367730696,0.6308717884430773,97604,456.4035256096357,0.9523284438343769
JSCC,218_SinglePhoton_CrossTalkCorrected,9250,218,434.719610423955,275.17659070167946,0.6329978774900834,97604,456.4035256096357,0.9524895975404294
JSCC,218_SinglePhoton_CrossTalkCorrected,9300,218,434.79219093477525,276.1468117205221,0.6351236693713939,97604,456.4035256096357,0.9526486246003613
JSCC,218_SinglePhoton_CrossTalkCorrected,9350,218,434.86382082938013,277.1166169047239,0.6372491884383532,97604,456.4035256096357,0.952805568818768
JSCC,218_SinglePhoton_CrossTalkCorrected,9400,218,434.93451400430644,278.0859989823824,0.6393744116145931,97604,456.4035256096357,0.9529604606435669
JSCC,218_SinglePhoton_CrossTalkCorrected,9450,218,435.00428584648796,279.05494309199247,0.6414992959183633,97604,456.4035256096357,0.9531133337881998
JSCC,218_SinglePhoton_CrossTalkCorrected,9500,218,435.07314997252655,280.02344790637505,0.6436238318178394,97604,456.4035256096357,0.9532642180872346
JSCC,218_SinglePhoton_CrossTalkCorrected,9550,218,435.1411202830822,280.99148115128503,0.6457479379758118,97604,456.4035256096357,0.9534131439976226
JSCC,218_SinglePhoton_CrossTalkCorrected,9600,218,435.2082062553741,281.95903323728123,0.6478715915384914,97604,456.4035256096357,0.9535601322843634
JSCC,218_SinglePhoton_CrossTalkCorrected,9650,218,435.2744226949996,282.9261136752419,0.649994805400019,97604,456.4035256096357,0.953705215387166
JSCC,218_SinglePhoton_CrossTalkCorrected,9700,218,435.3397903014908,283.8927251036063,0.6521175675372998,97604,456.4035256096357,0.9538484386596066
JSCC,218_SinglePhoton_CrossTalkCorrected,9750,218,435.4043096831517,284.85884383336884,0.6542398352479873,97604,456.4035256096357,0.9539898034345056
JSCC,218_SinglePhoton_CrossTalkCorrected,9800,218,435.4679971000297,285.8244717371367,0.6563616009455708,97604,456.4035256096357,0.9541293453383349
JSCC,218_SinglePhoton_CrossTalkCorrected,9850,218,435.53086791640004,286.7895914141745,0.6584828138271559,97604,456.4035256096357,0.9542670980348907
JSCC,218_SinglePhoton_CrossTalkCorrected,9900,218,435.5929263410576,287.7541870299777,0.6606034433274379,97604,456.4035256096357,0.9544030707458261
JSCC,218_SinglePhoton_CrossTalkCorrected,9950,218,435.6541836028519,288.7182480430363,0.6627234602806791,97604,456.4035256096357,0.954537288074039
JSCC,218_SinglePhoton_CrossTalkCorrected,10000,218,435.7146539098733,289.68177472751216,0.6648428555892276,97604,456.4035256096357,0.9546697811500743
JSCC,440_ComptonOnly,0,440,1.0,0.0,0.0,97604,1036.9020496292537,0.0009644112482539231
JSCC,440_ComptonOnly,50,440,719.5614098712688,297.23292542760254,0.4130751334771805,97604,1036.9020496292537,0.6939531174893032
JSCC,440_ComptonOnly,100,440,832.3340383283985,347.7773402434601,0.4178338554337052,97604,1036.9020496292537,0.8027123088685195
JSCC,440_ComptonOnly,150,440,889.4348619454103,381.5712072668026,0.4290041054071274,97604,1036.9020496292537,0.8577809854493289
JSCC,440_ComptonOnly,200,440,923.1406316832633,408.8252321411446,0.44286343608956835,97604,1036.9020496292537,0.8902872089155711
JSCC,440_ComptonOnly,250,440,945.1245928695126,431.0705206766452,0.4560991470636299,97604,1036.9020496292537,0.9114887883647677
JSCC,440_ComptonOnly,300,440,960.6138606539887,449.2707222633577,0.46769127603207067,97604,1036.9020496292537,0.9264268124433335
JSCC,440_ComptonOnly,350,440,972.2004858821069,464.27135879406933,0.47754693145706656,97604,1036.9020496292537,0.9376010841426333
JSCC,440_ComptonOnly,400,440,981.253563494659,476.7711078517197,0.4858796192838639,97604,1036.9020496292537,0.9463319740234944
JSCC,440_ComptonOnly,450,440,988.5401049180479,487.335463836466,0.4929850204477715,97604,1036.9020496292537,0.9533591965330788
JSCC,440_ComptonOnly,500,440,994.5226794012227,496.4268388599517,0.49916090315691736,97604,1036.9020496292537,0.9591288586581694
JSCC,440_ComptonOnly,550,440,999.505956118793,504.4253285190422,0.5046746599467891,97604,1036.9020496292537,0.9639347867777562
JSCC,440_ComptonOnly,600,440,1003.706796839542,511.6408862503403,0.5097513415883882,97604,1036.9020496292537,0.9679861248209696
JSCC,440_ComptonOnly,650,440,1007.2874125251662,518.3228657664016,0.5145729603301796,97604,1036.9020496292537,0.97143931086386
JSCC,440_ComptonOnly,700,440,1010.3722507869908,524.6689849936006,0.5192828530127681,97604,1036.9020496292537,0.9744143635826077
JSCC,440_ComptonOnly,750,440,1013.0579354752185,530.8339484445636,0.5239916986539896,97604,1036.9020496292537,0.9770044681051979
JSCC,440_ComptonOnly,800,440,1015.4199496700668,536.9372998117582,0.5287834850853791,97604,1036.9020496292537,0.9792824211632449
JSCC,440_ComptonOnly,850,440,1017.5175506852796,543.0702074340492,0.5337207275376246,97604,1036.9020496292537,0.981305371176665
JSCC,440_ComptonOnly,900,440,1019.3974683243429,549.3011250516029,0.538848822093436,97604,1036.9020496292537,0.9831183848935686
JSCC,440_ComptonOnly,950,440,1021.0967598912325,555.680490478045,0.5441996413123829,97604,1036.9020496292537,0.98475720079474
JSCC,440_ComptonOnly,1000,440,1022.6449666322047,562.2444401248575,0.5497943650732007,97604,1036.9020496292537,0.9862503087903562
JSCC,440_ComptonOnly,1050,440,1024.0657818185018,569.0178965168434,0.5556458448464126,97604,1036.9020496292537,0.9876205589377111
JSCC,440_ComptonOnly,1100,440,1025.378322291387,576.0169295882049,0.5617603932770828,97604,1036.9020496292537,0.98888638773355
JSCC,440_ComptonOnly,1150,440,1026.5981043326133,583.2507121675598,0.5681392842106682,97604,1036.9020496292537,0.9900627592545268
JSCC,440_ComptonOnly,1200,440,1027.7377927701673,590.7230963172042,0.574779968658122,97604,1036.9020496292537,0.9911618876032089
JSCC,440_ComptonOnly,1250,440,1028.807783526322,598.4338223626036,0.581676997340964,97604,1036.9020496292537,0.9921937987239723
JSCC,440_ComptonOnly,1300,440,1029.8166571525437,606.3795110622636,0.588822783988473,97604,1036.9020496292537,0.9931667677971672
JSCC,440_ComptonOnly,1350,440,1030.7715381966677,614.5544685315998,0.5962082243818658,97604,1036.9020496292537,0.9940876658168648
JSCC,440_ComptonOnly,1400,440,1031.6783495792956,622.951353771439,0.6038232303948902,97604,1036.9020496292537,0.9949622049143159
JSCC,440_ComptonOnly,1450,440,1032.5420824707076,631.5616030237858,0.6116570101555184,97604,1036.9020496292537,0.9957951986302804
JSCC,440_ComptonOnly,1500,440,1033.3669281669397,640.3759277975288,0.6196984927062389,97604,1036.9020496292537,0.9965906890978005
JSCC,440_ComptonOnly,1550,440,1034.156421537336,649.384555500098,0.6279364919813085,97604,1036.9020496292537,0.9973520853846326
JSCC,440_ComptonOnly,1600,440,1034.913590753974,658.5775004521342,0.6363598916237397,97604,1036.9020496292537,0.9980823078939899
JSCC,440_ComptonOnly,1650,440,1035.6410140844257,667.9447760887792,0.6449578251584465,97604,1036.9020496292537,0.9987838431361199
JSCC,440_ComptonOnly,1700,440,1036.3409118241968,677.4764934202492,0.65371972262268,97604,1036.9020496292537,0.9994588323889826
JSCC,440_ComptonOnly,1750,440,1037.0151992853994,687.1629934073649,0.6626354115936628,97604,1036.9020496292537,1.000109122801123
JSCC,440_ComptonOnly,1800,440,1037.6655448344266,696.9949727420433,0.671695206814695,97604,1036.9020496292537,1.0007363233638567
JSCC,440_ComptonOnly,1850,440,1038.2934026101793,706.9634472334525,0.6808898577764319,97604,1036.9020496292537,1.0013418364650963
JSCC,440_ComptonOnly,1900,440,1038.9000412074568,717.05982198783,0.6902106011608494,97604,1036.9020496292537,1.0019268855519357
JSCC,440_ComptonOnly,1950,440,1039.4865972701753,727.2759646374383,0.699649198505645,97604,1036.9020496292537,1.002492566816553
JSCC,440_ComptonOnly,2000,440,1040.0540896553587,737.604191966141,0.709197915091666,97604,1036.9020496292537,1.0030398628561221
JSCC,440_ComptonOnly,2050,440,1040.6034040769384,748.0371864762791,0.7188494517176997,97604,1036.9020496292537,1.0035696278631219
JSCC,440_ComptonOnly,2100,440,1041.1353588106201,758.5681251995783,0.7285970251420112,97604,1036.9020496292537,1.0040826509918463
JSCC,440_ComptonOnly,2150,440,1041.6506913814098,769.1905907533549,0.7384342919537398,97604,1036.9020496292537,1.0045796435197076
JSCC,440_ComptonOnly,2200,440,1042.1500678313062,779.8985393186396,0.748355312149615,97604,1036.9020496292537,1.0050612477851006
JSCC,440_ComptonOnly,2250,440,1042.63410115178,790.6863679020746,0.7583546011286385,97604,1036.9020496292537,1.0055280549638954
JSCC,440_ComptonOnly,2300,440,1043.1033501893514,801.5487662863558,0.7684269886975754,97604,1036.9020496292537,1.0059806040139616
JSCC,440_ComptonOnly,2350,440,1043.5583477199973,812.4808610828118,0.778567736876379,97604,1036.9020496292537,1.0064194087504441
JSCC,440_ComptonOnly,2400,440,1043.9995852293678,823.4780897096227,0.7887724299514006,97604,1036.9020496292537,1.0068449431676327
JSCC,440_ComptonOnly,2450,440,1044.4275173579838,834.5362025444588,0.7990369735331442,97604,1036.9020496292537,1.0072576457259592
JSCC,440_ComptonOnly,2500,440,1044.8425754912564,845.6512056228316,0.8093575295065187,97604,1036.9020496292537,1.0076579324583665
JSCC,440_ComptonOnly,2550,440,1045.2451708803417,856.8194404485456,0.819730589835591,97604,1036.9020496292537,1.0080461999800956
JSCC,440_ComptonOnly,2600,440,1045.6356827371346,868.0374556773779,0.8301528629982651,97604,1036.9020496292537,1.0084228140073632
JSCC,440_ComptonOnly,2650,440,1046.0144852043923,879.302062298637,0.8406213056665468,97604,1036.9020496292537,1.0087881353676529
JSCC,440_ComptonOnly,2700,440,1046.3819241045924,890.6102981446356,0.851133106974059,97604,1036.9020496292537,1.009142497576052
JSCC,440_ComptonOnly,2750,440,1046.7383401004204,901.9594543288594,0.8616856952448388,97604,1036.9020496292537,1.009486229171486
JSCC,440_ComptonOnly,2800,440,1047.0840541654961,913.3469879498848,0.8722766661534188,97604,1036.9020496292537,1.0098196397045247
JSCC,440_ComptonOnly,2850,440,1047.4193903252456,924.7705226739496,0.8829037644479629,97604,1036.9020496292537,1.0101430416689332
JSCC,440_ComptonOnly,2900,440,1047.7446351714832,936.2278280164179,0.8935648979612161,97604,1036.9020496292537,1.0104567114570815
JSCC,440_ComptonOnly,2950,440,1048.0600872734271,947.716884313874,0.9042581583078884,97604,1036.9020496292537,1.0107609370124815
JSCC,440_ComptonOnly,3000,440,1048.3660256096434,959.2358250483928,0.9149817922519763,97604,1036.9020496292537,1.0110559873852005
JSCC,440_ComptonOnly,3050,440,1048.6627320234043,970.7828848968097,0.925734132864315,97604,1036.9020496292537,1.0113421343880606
JSCC,440_ComptonOnly,3100,440,1048.9504635768378,982.3564288302184,0.9365136514459043,97604,1036.9020496292537,1.0116196259346695
JSCC,440_ComptonOnly,3150,440,1049.2294862993972,993.954958522063,0.9473189340376947,97604,1036.9020496292537,1.0118887185868242
JSCC,440_ComptonOnly,3200,440,1049.500051229402,1005.577061362876,0.958148653908998,97604,1036.9020496292537,1.012149654448704
JSCC,440_ComptonOnly,3250,440,1049.7624039974514,1017.221420954787,0.9690015731952777,97604,1036.9020496292537,1.0124026704092213
JSCC,440_ComptonOnly,3300,440,1050.0167739642732,1028.8868469971615,0.9798765815070392,97604,1036.9020496292537,1.0126479876664423
JSCC,440_ComptonOnly,3350,440,1050.2634127925744,1040.5722433007993,0.9907726296339249,97604,1036.9020496292537,1.012885848926712
JSCC,440_ComptonOnly,3400,440,1050.502534163107,1052.276550535115,1.0016887311684795,97604,1036.9020496292537,1.0131164602661515
JSCC,440_ComptonOnly,3450,440,1050.7343621677674,1063.9988219292406,1.012623989696223,97604,1036.9020496292537,1.0133400378015063
JSCC,440_ComptonOnly,3500,440,1050.9591152841554,1075.738132247391,1.0235775270444616,97604,1036.9020496292537,1.013556792235031
JSCC,440_ComptonOnly,3550,440,1051.1770031853418,1087.493646256278,1.0345485517290496,97604,1036.9020496292537,1.0137669257777937
JSCC,440_ComptonOnly,3600,440,1051.3882272960288,1099.2646503266114,1.0455363887359779,97604,1036.9020496292537,1.0139706326860427
JSCC,440_ComptonOnly,3650,440,1051.592990753481,1111.0503760622355,1.0565403020289745,97604,1036.9020496292537,1.0141681088676409
JSCC,440_ComptonOnly,3700,440,1051.79148815136,1122.8501521286307,1.0675596492059127,97604,1036.9020496292537,1.0143595419909046
JSCC,440_ComptonOnly,3750,440,1051.9839087737287,1134.6633389773017,1.0785938164205862,97604,1036.9020496292537,1.014545114603513
JSCC,440_ComptonOnly,3800,440,1052.1704462295106,1146.4894118893942,1.0896422875189842,97604,1036.9020496292537,1.0147250134240897
JSCC,440_ComptonOnly,3850,440,1052.3512689051015,1158.3277566220618,1.1007044803844077,97604,1036.9020496292537,1.014899400846369
JSCC,440_ComptonOnly,3900,440,1052.526574331896,1170.1779267611046,1.1117799353464204,97604,1036.9020496292537,1.0150684673718495
JSCC,440_ComptonOnly,3950,440,1052.6965209954192,1182.0394392977837,1.1228681920408163,97604,1036.9020496292537,1.0152323658457545
JSCC,440_ComptonOnly,4000,440,1052.861267095108,1193.911782002542,1.1339687566782648,97604,1036.9020496292537,1.0153912488374002
JSCC,440_ComptonOnly,4050,440,1053.0209999332592,1205.7945687037854,1.145081217544768,97604,1036.9020496292537,1.0155452969832288
JSCC,440_ComptonOnly,4100,440,1053.1758588126092,1217.6874025517789,1.156205198175209,97604,1036.9020496292537,1.0156946446283661
JSCC,440_ComptonOnly,4150,440,1053.3260135734056,1229.589924760713,1.167340319061648,97604,1036.9020496292537,1.015839455568657
JSCC,440_ComptonOnly,4200,440,1053.4716141870945,1241.5017634029514,1.1784862037891257,97604,1036.9020496292537,1.015979874438251
JSCC,440_ComptonOnly,4250,440,1053.612806309713,1253.422645293933,1.1896425686814263,97604,1036.9020496292537,1.0161160417094695
JSCC,440_ComptonOnly,4300,440,1053.7497224690035,1265.3521184098781,1.2008089695578534,97604,1036.9020496292537,1.0162480851935567
JSCC,440_ComptonOnly,4350,440,1053.882516724271,1277.2899082247432,1.2119851007632976,97604,1036.9020496292537,1.0163761534670404
JSCC,440_ComptonOnly,4400,440,1054.0113182002567,1289.2357919908025,1.2231707285574465,97604,1036.9020496292537,1.0165003710592726
JSCC,440_ComptonOnly,4450,440,1054.1362604812616,1301.189516002566,1.2343655794636201,97604,1036.9020496292537,1.0166208668004562
JSCC,440_ComptonOnly,4500,440,1054.25747538244,1313.150692371372,1.2455692494805566,97604,1036.9020496292537,1.0167377678146086
JSCC,440_ComptonOnly,4550,440,1054.3750870441772,1325.1190945738501,1.2567814915740028,97604,1036.9020496292537,1.0168511938241138
JSCC,440_ComptonOnly,4600,440,1054.4892198190041,1337.0945259914913,1.268002081824027,97604,1036.9020496292537,1.0169612647559514
JSCC,440_ComptonOnly,4650,440,1054.5999902567596,1349.0766172590127,1.2792306369456328,97604,1036.9020496292537,1.0170680930120968
JSCC,440_ComptonOnly,4700,440,1054.707510330206,1361.0651950493354,1.2904669604781855,97604,1036.9020496292537,1.0171717865803416
JSCC,440_ComptonOnly,4750,440,1054.8118876531776,1373.0599621445397,1.30171073934275,97604,1036.9020496292537,1.0172724492446779
JSCC,440_ComptonOnly,4800,440,1054.9132378533359,1385.0607148213435,1.3129617347866742,97604,1036.9020496292537,1.0173701925177234
JSCC,440_ComptonOnly,4850,440,1055.0116719430762,1397.0672142347594,1.3242196758465237,97604,1036.9020496292537,1.0174651234610805
JSCC,440_ComptonOnly,4900,440,1055.1072994889005,1409.0792735556804,1.335484338169441,97604,1036.9020496292537,1.0175573477419164
JSCC,440_ComptonOnly,4950,440,1055.20020365717,1421.0966482128235,1.3467554718881873,97604,1036.9020496292537,1.0176469455668053
JSCC,440_ComptonOnly,5000,440,1055.2904909255005,1433.1190467899742,1.3580327493836453,97604,1036.9020496292537,1.0177340196239575
JSCC,440_ComptonOnly,5050,440,1055.378259151104,1445.146294780694,1.3693159606519665,97604,1036.9020496292537,1.0178186642879685
JSCC,440_ComptonOnly,5100,440,1055.4636038139806,1457.1782193928327,1.3806048963955104,97604,1036.9020496292537,1.0179009716408254
JSCC,440_ComptonOnly,5150,440,1055.5466057552944,1469.2145765262446,1.3918992951286606,97604,1036.9020496292537,1.0179810196466552
JSCC,440_ComptonOnly,5200,440,1055.6273500904224,1481.2549566301884,1.4031987296495376,97604,1036.9020496292537,1.0180588903916854
JSCC,440_ComptonOnly,5250,440,1055.705934043335,1493.2993947047364,1.414503174179789,97604,1036.9020496292537,1.0181346776398066
JSCC,440_ComptonOnly,5300,440,1055.7824218300511,1505.3474472697967,1.425812190224277,97604,1036.9020496292537,1.0182084433216696
JSCC,440_ComptonOnly,5350,440,1055.856910962065,1517.399067378,1.4371256669574588,97604,1036.9020496292537,1.0182802814784566
JSCC,440_ComptonOnly,5400,440,1055.9294745672541,1529.4539063556592,1.448443237160765,97604,1036.9020496292537,1.0183502626355148
JSCC,440_ComptonOnly,5450,440,1056.0001787206857,1541.5117201638693,1.4597646394637613,97604,1036.9020496292537,1.0184184505163825
JSCC,440_ComptonOnly,5500,440,1056.0691013893656,1553.5722635361244,1.4710895920468112,97604,1036.9020496292537,1.018484920313317
JSCC,440_ComptonOnly,5550,440,1056.1363189774295,1565.6353985518815,1.4824179136910645,97604,1036.9020496292537,1.0185497457113264
JSCC,440_ComptonOnly,5600,440,1056.2018996991624,1577.7009067524605,1.4937493553096586,97604,1036.9020496292537,1.0186129924970342
JSCC,440_ComptonOnly,5650,440,1056.265900146166,1589.7683920974252,1.5050835134197111,97604,1036.9020496292537,1.0186747152480176
JSCC,440_ComptonOnly,5700,440,1056.3283921990223,1601.8376849117935,1.5164201745795658,97604,1036.9020496292537,1.018734983286719
JSCC,440_ComptonOnly,5750,440,1056.3894381997493,1613.9085515114116,1.5277590755372952,97604,1036.9020496292537,1.018793856736481
JSCC,440_ComptonOnly,5800,440,1056.449103320424,1625.980758582422,1.5390999466722604,97604,1036.9020496292537,1.018851398449988
JSCC,440_ComptonOnly,5850,440,1056.507439236144,1638.0539781415366,1.5504424458438755,97604,1036.9020496292537,1.0189076582632854
JSCC,440_ComptonOnly,5900,440,1056.5645023462826,1650.1281207785166,1.5617864475989154,97604,1036.9020496292537,1.0189626905685636
JSCC,440_ComptonOnly,5950,440,1056.6203648477037,1662.2028497685328,1.5731315665187986,97604,1036.9020496292537,1.0190165649932896
JSCC,440_ComptonOnly,6000,440,1056.6750566540145,1674.2779480235836,1.5844775907980857,97604,1036.9020496292537,1.0190693103864832
JSCC,440_ComptonOnly,6050,440,1056.7286451813359,1686.3532073703802,1.595824259198538,97604,1036.9020496292537,1.0191209917650093
JSCC,440_ComptonOnly,6100,440,1056.7811722138442,1698.4280989906185,1.6071710432090611,97604,1036.9020496292537,1.0191716494259977
JSCC,440_ComptonOnly,6150,440,1056.8326848812694,1710.5025903216688,1.6185178740131758,97604,1036.9020496292537,1.01922132882189
JSCC,440_ComptonOnly,6200,440,1056.8832392389297,1722.5764271684477,1.629864457315918,97604,1036.9020496292537,1.019270084013066
JSCC,440_ComptonOnly,6250,440,1056.9328917503233,1734.6493509088348,1.6412104916483259,97604,1036.9020496292537,1.019317969453558
JSCC,440_ComptonOnly,6300,440,1056.9816656011076,1746.721138929667,1.6525557592678801,97604,1036.9020496292537,1.019365007503875
JSCC,440_ComptonOnly,6350,440,1057.0296089381807,1758.7915352653959,1.6638999706282183,97604,1036.9020496292537,1.019411244597427
JSCC,440_ComptonOnly,6400,440,1057.0767612042266,1770.8600857178146,1.675242660429355,97604,1036.9020496292537,1.0194567187731824
JSCC,440_ComptonOnly,6450,440,1057.1231713540128,1782.9266261767473,1.6865836209919525,97604,1036.9020496292537,1.0195014772436695
JSCC,440_ComptonOnly,6500,440,1057.1688801855141,1794.9909487681987,1.6979226142687913,97604,1036.9020496292537,1.0195455593549139
JSCC,440_ComptonOnly,6550,440,1057.2138826693479,1807.052805896243,1.70925943701537,97604,1036.9020496292537,1.0195889602565225
JSCC,440_ComptonOnly,6600,440,1057.2582617059807,1819.1118124784844,1.720593613090509,97604,1036.9020496292537,1.0196317598986377
JSCC,440_ComptonOnly,6650,440,1057.3020370248864,1831.1677855992996,1.7319249575570412,97604,1036.9020496292537,1.0196739773085863
JSCC,440_ComptonOnly,6700,440,1057.3452317983795,1843.2204505234572,1.7432531921370908,97604,1036.9020496292537,1.0197156348340088
JSCC,440_ComptonOnly,6750,440,1057.3879009422085,1855.2695890167086,1.7545780383561513,97604,1036.9020496292537,1.019756785436271
JSCC,440_ComptonOnly,6800,440,1057.4300468802946,1867.314986841295,1.7658993068623126,97604,1036.9020496292537,1.0197974314530294
JSCC,440_ComptonOnly,6850,440,1057.471727662581,1879.3563233214886,1.7772166140796863,97604,1036.9020496292537,1.0198376288683026
JSCC,440_ComptonOnly,6900,440,1057.5129471391417,1891.393155693623,1.7885295502152976,97604,1036.9020496292537,1.0198773813951447
JSCC,440_ComptonOnly,6950,440,1057.553742292573,1903.425458777536,1.7998380438343267,97604,1036.9020496292537,1.019916724699988
JSCC,440_ComptonOnly,7000,440,1057.5941531716144,1915.4529442507662,1.8111417678572852,97604,1036.9020496292537,1.0199556974062876
JSCC,440_ComptonOnly,7050,440,1057.6341933656518,1927.475290984627,1.822440408106443,97604,1036.9020496292537,1.0199943126197994
JSCC,440_ComptonOnly,7100,440,1057.6738805337552,1939.492287150688,1.8337337461448164,97604,1036.9020496292537,1.0200325873711298
JSCC,440_ComptonOnly,7150,440,1057.7132559415402,1951.5037219435424,1.8450215225925106,97604,1036.9020496292537,1.020070561457302
JSCC,440_ComptonOnly,7200,440,1057.752326350899,1963.5092868970944,1.8563034445605364,97604,1036.9020496292537,1.0201082413995617
JSCC,440_ComptonOnly,7250,440,1057.791099368573,1975.5086143443725,1.8675791614465393,97604,1036.9020496292537,1.0201456345339353
JSCC,440_ComptonOnly,7300,440,1057.8296359897736,1987.5016896585446,1.8788485612798227,97604,1036.9020496292537,1.0201827996848907
JSCC,440_ComptonOnly,7350,440,1057.8679267124592,1999.4881274535792,1.8901113049786822,97604,1036.9020496292537,1.0202197276885525
JSCC,440_ComptonOnly,7400,440,1057.9060093949424,2011.4677117429524,1.901367128912888,97604,1036.9020496292537,1.020256455055903
JSCC,440_ComptonOnly,7450,440,1057.943886701526,2023.440216688575,1.9126158221843774,97604,1036.9020496292537,1.020292984356426
JSCC,440_ComptonOnly,7500,440,1057.9815761405007,2035.4054827773252,1.9238572095011812,97604,1036.9020496292537,1.0203293324753133
JSCC,440_ComptonOnly,7550,440,1058.019100712952,2047.3631046425942,1.9350908724265634,97604,1036.9020496292537,1.0203655215950713
JSCC,440_ComptonOnly,7600,440,1058.0564698167898,2059.313049230033,1.946316768505388,97604,1036.9020496292537,1.0204015607791497
JSCC,440_ComptonOnly,7650,440,1058.0937083254466,2071.254925086803,1.9575344875311647,97604,1036.9020496292537,1.0204374740157665
JSCC,440_ComptonOnly,7700,440,1058.1308218458091,2083.1882460913844,1.9687435646732787,97604,1036.9020496292537,1.0204732667122665
JSCC,440_ComptonOnly,7750,440,1058.1678160530118,2095.113151704036,1.979944125988307,97604,1036.9020496292537,1.020508944341813
JSCC,440_ComptonOnly,7800,440,1058.2047160123923,2107.029333114642,1.9911358371700618,97604,1036.9020496292537,1.0205445310776995
JSCC,440_ComptonOnly,7850,440,1058.2415377744674,2118.93666292299,2.00231855137648,97604,1036.9020496292537,1.0205800423992253
JSCC,440_ComptonOnly,7900,440,1058.2782685180148,2130.83481301272,2.0134919863720584,97604,1036.9020496292537,1.0206154659414592
JSCC,440_ComptonOnly,7950,440,1058.3149454586462,2142.7235278276407,2.0246558333342253,97604,1036.9020496292537,1.0206508375955556
JSCC,440_ComptonOnly,8000,440,1058.3515773961035,2154.60276974419,2.0358100424862866,97604,1036.9020496292537,1.0206861658480848
JSCC,440_ComptonOnly,8050,440,1058.3881458205412,2166.471810650591,2.046953964106411,97604,1036.9020496292537,1.0207214328479435
JSCC,440_ComptonOnly,8100,440,1058.4247094351708,2178.3311999266175,2.0580880061738975,97604,1036.9020496292537,1.0207566952091691
JSCC,440_ComptonOnly,8150,440,1058.4612419766904,2190.180063217115,2.069211395144639,97604,1036.9020496292537,1.0207919276031379
JSCC,440_ComptonOnly,8200,440,1058.4977746847553,2202.0188484027494,2.0803244948328405,97604,1036.9020496292537,1.0208271601577248
JSCC,440_ComptonOnly,8250,440,1058.5342757858398,2213.8467544876125,2.0914266123731196,97604,1036.9020496292537,1.0208623622301842
JSCC,440_ComptonOnly,8300,440,1058.570803764812,2225.6638067552635,2.1025176576188196,97604,1036.9020496292537,1.020897590223981
JSCC,440_ComptonOnly,8350,440,1058.6073358107603,2237.4699937915784,2.113597665632987,97604,1036.9020496292537,1.0209328221400154
JSCC,440_ComptonOnly,8400,440,1058.6438891781684,2249.2646903144473,2.124666012156897,97604,1036.9020496292537,1.0209680746187053
JSCC,440_ComptonOnly,8450,440,1058.6804460351607,2261.0480674194578,2.135722895314876,97604,1036.9020496292537,1.0210033304627895
JSCC,440_ComptonOnly,8500,440,1058.7170508375973,2272.81979719741,2.1467679163184186,97604,1036.9020496292537,1.0210386325459995
JSCC,440_ComptonOnly,8550,440,1058.7536639552402,2284.5799093142364,2.1578011836857445,97604,1036.9020496292537,1.0210739426484878
JSCC,440_ComptonOnly,8600,440,1058.7903077803917,2296.3279820518055,2.168822254206068,97604,1036.9020496292537,1.0211092823656431
JSCC,440_ComptonOnly,8650,440,1058.826976614944,2308.06378602991,2.1798309232814974,97604,1036.9020496292537,1.0211446462021456
JSCC,440_ComptonOnly,8700,440,1058.8637053358932,2319.7874958615744,2.19082728416467,97604,1036.9020496292537,1.021180067793763
JSCC,440_ComptonOnly,8750,440,1058.9004771617615,2331.4985075702907,2.201810800784182,97604,1036.9020496292537,1.0212155309562494
JSCC,440_ComptonOnly,8800,440,1058.9373152558242,2343.1972460949382,2.2127818260223036,97604,1036.9020496292537,1.0212510580285277
JSCC,440_ComptonOnly,8850,440,1058.974194074675,2354.8829066269764,2.2237396527728026,97604,1036.9020496292537,1.0212866243762497
JSCC,440_ComptonOnly,8900,440,1059.0111370383963,2366.5555808493114,2.234684318304301,97604,1036.9020496292537,1.0213222525860064
JSCC,440_ComptonOnly,8950,440,1059.0481391245844,2378.2150383771327,2.2456156151154563,97604,1036.9020496292537,1.0213579378141349
JSCC,440_ComptonOnly,9000,440,1059.0852245384099,2389.861564241452,2.2565337603336366,97604,1036.9020496292537,1.0213937034043743
JSCC,440_ComptonOnly,9050,440,1059.1223553387474,2401.4945895708697,2.2674382968743783,97604,1036.9020496292537,1.0214295127658766
JSCC,440_ComptonOnly,9100,440,1059.1595455192482,2413.1139350732624,2.278329025387997,97604,1036.9020496292537,1.0214653793942763
JSCC,440_ComptonOnly,9150,440,1059.1967964725884,2424.719229487298,2.289205591975229,97604,1036.9020496292537,1.0215013046326855
JSCC,440_ComptonOnly,9200,440,1059.2341126546908,2436.311035005434,2.3000685173360433,97604,1036.9020496292537,1.021537292778447
JSCC,440_ComptonOnly,9250,440,1059.2715027680279,2447.8888807479125,2.310917337388223,97604,1036.9020496292537,1.0215733522243229
JSCC,440_ComptonOnly,9300,440,1059.3089575861275,2459.4522237142974,2.3217515589773825,97604,1036.9020496292537,1.0216094740721993
JSCC,440_ComptonOnly,9350,440,1059.3464631550269,2471.001379149975,2.332571509976679,97604,1036.9020496292537,1.0216456448647182
JSCC,440_ComptonOnly,9400,440,1059.3840431709757,2482.535869421035,2.3433766870702,97604,1036.9020496292537,1.0216818874548088
JSCC,440_ComptonOnly,9450,440,1059.4216960663657,2494.0558316771194,2.354167222492755,97604,1036.9020496292537,1.0217182003306522
JSCC,440_ComptonOnly,9500,440,1059.4593933304475,2505.561051854226,2.3649429771705623,97604,1036.9020496292537,1.021754555996161
JSCC,440_ComptonOnly,9550,440,1059.4971788030566,2517.051381043674,2.375703712479213,97604,1036.9020496292537,1.021790996730966
JSCC,440_ComptonOnly,9600,440,1059.5349953770844,2528.526734824605,2.386449476286257,97604,1036.9020496292537,1.0218274674603287
JSCC,440_ComptonOnly,9650,440,1059.5729028371309,2539.987138980712,2.3971801583256784,97604,1036.9020496292537,1.0218640258411902
JSCC,440_ComptonOnly,9700,440,1059.61086926684,2551.4323740414347,2.4078956228589914,97604,1036.9020496292537,1.0219006410930578
JSCC,440_ComptonOnly,9750,440,1059.6489010852788,2562.862332188989,2.418595753333145,97604,1036.9020496292537,1.0219373194065517
JSCC,440_ComptonOnly,9800,440,1059.6870021871134,2574.2771346894597,2.4292806549257917,97604,1036.9020496292537,1.021974064537732
JSCC,440_ComptonOnly,9850,440,1059.72515565623,2585.676270593934,2.4399498839798377,97604,1036.9020496292537,1.022010860172508
JSCC,440_ComptonOnly,9900,440,1059.763333392152,2597.0595337503983,2.45060331105963,97604,1036.9020496292537,1.0220476792104638
JSCC,440_ComptonOnly,9950,440,1059.8015928034124,2608.4271746800264,2.461241040202773,97604,1036.9020496292537,1.022084577017035
JSCC,440_ComptonOnly,10000,440,1059.8398945959132,2619.7788041624294,2.4718627950510172,97604,1036.9020496292537,1.022121515696551
JSCC,440_SinglePlusCompton,0,440,1.0,0.0,0.0,97604,1036.9020496292537,0.0009644112482539231
JSCC,440_SinglePlusCompton,50,440,369.9343971481314,83.97110266018893,0.22698917242498193,97604,1036.9020496292537,0.3567688937256919
JSCC,440_SinglePlusCompton,100,440,457.5500038143533,133.87885970138328,0.29259940680866736,97604,1036.9020496292537,0.4412663703171878
JSCC,440_SinglePlusCompton,150,440,527.3863063271498,181.1771612372273,0.3435378565268226,97604,1036.9020496292537,0.5086172859969924
JSCC,440_SinglePlusCompton,200,440,583.2667282815497,222.4671704606999,0.381415842313077,97604,1036.9020496292537,0.5625089934869912
JSCC,440_SinglePlusCompton,250,440,628.3305678517108,256.53822439171347,0.4082854432322601,97604,1036.9020496292537,0.6059690672579648
JSCC,440_SinglePlusCompton,300,440,665.1819890650231,283.9393477733487,0.4268596450911916,97604,1036.9020496292537,0.6415089923902264
JSCC,440_SinglePlusCompton,350,440,695.7959258645183,305.7962586808882,0.43949130386318364,97604,1036.9020496292537,0.6710334173929943
JSCC,440_SinglePlusCompton,400,440,721.6189764562256,323.25513413168835,0.44795819494541445,97604,1036.9020496292537,0.695937457847867
JSCC,440_SinglePlusCompton,450,440,743.7062182301581,337.29572580303113,0.4535335560400635,97604,1036.9020496292537,0.7172386422575514
JSCC,440_SinglePlusCompton,500,440,762.834104526317,348.6986115928566,0.45710936299758326,97604,1036.9020496292537,0.7356857909568891
JSCC,440_SinglePlusCompton,550,440,779.5815304479884,358.0656550003525,0.459304948893016,97604,1036.9020496292537,0.7518371968950482
JSCC,440_SinglePlusCompton,600,440,794.3857322090362,365.85376699012056,0.46054926738519153,97604,1036.9020496292537,0.7661145355948233
JSCC,440_SinglePlusCompton,650,440,807.5809827916892,372.40772007495053,0.4611397841335882,97604,1036.9020496292537,0.778840183680263
JSCC,440_SinglePlusCompton,700,440,819.4259264261125,377.9876422938574,0.4612834792065131,97604,1036.9020496292537,0.7902635805562346
JSCC,440_SinglePlusCompton,750,440,830.1233093369901,382.79050559772526,0.46112487300646404,97604,1036.9020496292537,0.8005802569623642
JSCC,440_SinglePlusCompton,800,440,839.8343288203858,386.9664131558886,0.46076517698367214,97604,1036.9020496292537,0.8099456733841641
JSCC,440_SinglePlusCompton,850,440,848.6890936032665,390.63060670120325,0.46027527588779155,97604,1036.9020496292537,0.818485308141417
JSCC,440_SinglePlusCompton,900,440,856.7941827989398,393.8723031902452,0.4597046888245196,97604,1036.9020496292537,0.8263019473298255
JSCC,440_SinglePlusCompton,950,440,864.2381424529256,396.76119947378146,0.4590878138607412,97604,1036.9020496292537,0.8334809857516778
JSCC,440_SinglePlusCompton,1000,440,871.0954610928469,399.3523001369171,0.45844837675529065,97604,1036.9020496292537,0.8400942609808792
JSCC,440_SinglePlusCompton,1050,440,877.4294994446954,401.68941022253335,0.45780249065794254,97604,1036.9020496292537,0.8462028788142737
JSCC,440_SinglePlusCompton,1100,440,883.2946850440673,403.8078864848116,0.45716100563275297,97604,1036.9020496292537,0.8518593297794048
JSCC,440_SinglePlusCompton,1150,440,888.73813551562,405.7365348117129,0.4565310282047437,97604,1036.9020496292537,0.8571090546434834
JSCC,440_SinglePlusCompton,1200,440,893.8009429243148,407.49915612326294,0.4559171248913855,97604,1036.9020496292537,0.8619916830561719
JSCC,440_SinglePlusCompton,1250,440,898.5191492471757,409.1156354968038,0.4553221106523788,97604,1036.9020496292537,0.8665419743055218
JSCC,440_SinglePlusCompton,1300,440,902.924560446118,410.6028259128168,0.45474765434439585,97604,1036.9020496292537,0.8707906024189656
JSCC,440_SinglePlusCompton,1350,440,907.0453548493148,411.975185679758,0.4541946921145949,97604,1036.9020496292537,0.8747647428931503
JSCC,440_SinglePlusCompton,1400,440,910.9065799121412,413.2452105020708,0.4536636573005424,97604,1036.9020496292537,0.8784885517757801
JSCC,440_SinglePlusCompton,1450,440,914.530637296476,414.4238701816421,0.4531547148674611,97604,1036.9020496292537,0.8819836334815503
JSCC,440_SinglePlusCompton,1500,440,917.9375634695056,415.5208528581828,0.4526678822115625,97604,1036.9020496292537,0.8852693114047907
JSCC,440_SinglePlusCompton,1550,440,921.1453881083754,416.5448421180575,0.45220314566569786,97604,1036.9020496292537,0.8883629735689429
JSCC,440_SinglePlusCompton,1600,440,924.1703348457996,417.5035946940923,0.4517604373913971,97604,1036.9020496292537,0.8912802662278838
JSCC,440_SinglePlusCompton,1650,440,927.0270663250041,418.4041715846318,0.45133975779510255,97604,1036.9020496292537,0.8940353301996696
JSCC,440_SinglePlusCompton,1700,440,929.7288496521554,419.25298234430153,0.4509411346126981,97604,1036.9020496292537,0.8966409604307193
JSCC,440_SinglePlusCompton,1750,440,932.2877112141955,420.0558940638884,0.4505646583250731,97604,1036.9020496292537,0.8991087553038754
JSCC,440_SinglePlusCompton,1800,440,934.7145833843658,420.8183002577242,0.45021047894004956,97604,1036.9020496292537,0.901449258122862
JSCC,440_SinglePlusCompton,1850,440,937.0194109856537,421.545127144032,0.4498787561941831,97604,1036.9020496292537,0.9036720597868302
JSCC,440_SinglePlusCompton,1900,440,939.2112651425675,422.24098823015964,0.4495697655053846,97604,1036.9020496292537,0.90578590859029
JSCC,440_SinglePlusCompton,1950,440,941.2984186136295,422.91006917733785,0.44928373490758816,97604,1036.9020496292537,0.9077987828746144
JSCC,440_SinglePlusCompton,2000,440,943.2884284653755,423.55627240276624,0.44902095649773294,97604,1036.9020496292537,0.9097179707597743
JSCC,440_SinglePlusCompton,2050,440,945.1882161590331,424.18323387720136,0.4487817628545532,97604,1036.9020496292537,0.9115501473808321
JSCC,440_SinglePlusCompton,2100,440,947.0041182922793,424.7943060004793,0.44856648223083295,97604,1036.9020496292537,0.9133014238238629
JSCC,440_SinglePlusCompton,2150,440,948.7419584019547,425.3926058057913,0.4483754534502886,97604,1036.9020496292537,0.9149774163733008
JSCC,440_SinglePlusCompton,2200,440,950.4070523116126,425.9810004727213,0.4482090062743492,97604,1036.9020496292537,0.916583251669174
JSCC,440_SinglePlusCompton,2250,440,952.0042993565777,426.56215002193824,0.448067461785871,97604,1036.9020496292537,0.9181236546855787
JSCC,440_SinglePlusCompton,2300,440,953.5382174995316,427.13856786784294,0.4479511780743626,97604,1036.9020496292537,0.9196029825965442
JSCC,440_SinglePlusCompton,2350,440,955.012938490266,427.7125143033538,0.44786043944022785,97604,1036.9020496292537,0.9210252201080447
JSCC,440_SinglePlusCompton,2400,440,956.432280031014,428.2861183427324,0.44779554944427896,97604,1036.9020496292537,0.9223940490550561
JSCC,440_SinglePlusCompton,2450,440,957.7997484883687,428.8613221341676,0.44775677046377466,97604,1036.9020496292537,0.9237128510169613
JSCC,440_SinglePlusCompton,2500,440,959.118597176499,429.43996117270245,0.4477443795135546,97604,1036.9020496292537,0.9249847635265391
JSCC,440_SinglePlusCompton,2550,440,960.39180576324,430.02367978289413,0.44775858894500553,97604,1036.9020496292537,0.9262126602089656
JSCC,440_SinglePlusCompton,2600,440,961.6221351079494,430.61399820262466,0.4477995903809816,97604,1036.9020496292537,0.9273992036680602
JSCC,440_SinglePlusCompton,2650,440,962.8121507616592,431.21235299294267,0.44786758523126263,97604,1036.9020496292537,0.9285468681500962
JSCC,440_SinglePlusCompton,2700,440,963.9641957612689,431.82002711183674,0.4479627241453887,97604,1036.9020496292537,0.9296579133062145
JSCC,440_SinglePlusCompton,2750,440,965.0804586133421,432.438176441473,0.4480851027310342,97604,1036.9020496292537,0.9307344497567619
JSCC,440_SinglePlusCompton,2800,440,966.1629584158333,433.0678936545838,0.4482348343851461,97604,1036.9020496292537,0.931778424742517
JSCC,440_SinglePlusCompton,2850,440,967.2135696007792,433.7101688116862,0.448411997559858,97604,1036.9020496292537,0.9327916459868203
JSCC,440_SinglePlusCompton,2900,440,968.2340276902692,434.36585945091997,0.44861660200799136,97604,1036.9020496292537,0.9337757872466961
JSCC,440_SinglePlusCompton,2950,440,969.2259368631499,435.03578438279095,0.44884868206350526,97604,1036.9020496292537,0.9347323956102686
JSCC,440_SinglePlusCompton,3000,440,970.1907997762154,435.72068991466807,0.4491082475892078,97604,1036.9020496292537,0.935662920256652
JSCC,440_SinglePlusCompton,3050,440,971.1299901153801,436.42117619421424,0.4493952206566733,97604,1036.9020496292537,0.9365686859839938
JSCC,440_SinglePlusCompton,3100,440,972.0448169461245,437.13786106967876,0.449709574547227,97604,1036.9020496292537,0.9374509552697682
JSCC,440_SinglePlusCompton,3150,440,972.9364758626706,437.87126684531864,0.45005123942657477,97604,1036.9020496292537,0.9383108811584912
JSCC,440_SinglePlusCompton,3200,440,973.8060801027544,438.6218324757951,0.45042010050862735,97604,1036.9020496292537,0.9391495372691573
JSCC,440_SinglePlusCompton,3250,440,974.6546758565985,439.38995428312336,0.45081603276253207,97604,1036.9020496292537,0.939967932559385
JSCC,440_SinglePlusCompton,3300,440,975.4832422776201,440.17598742211896,0.45123890226383406,97604,1036.9020496292537,0.9407670113357438
JSCC,440_SinglePlusCompton,3350,440,976.2926729122619,440.980227326189,0.45168855565693594,97604,1036.9020496292537,0.9415476353444736
JSCC,440_SinglePlusCompton,3400,440,977.0838245171259,441.802930334335,0.45216481866606856,97604,1036.9020496292537,0.9423106308512786
JSCC,440_SinglePlusCompton,3450,440,977.857493161266,442.6443088720082,0.45266750213367574,97604,1036.9020496292537,0.9430567655941087
JSCC,440_SinglePlusCompton,3500,440,978.6144108571194,443.50455743746085,0.45319643009243793,97604,1036.9020496292537,0.9437867455339922
JSCC,440_SinglePlusCompton,3550,440,979.3552548162401,444.3837937533443,0.4537513752726284,97604,1036.9020496292537,0.9445012237813691
JSCC,440_SinglePlusCompton,3600,440,980.0806845264021,445.28208747082437,0.454332071329408,97604,1036.9020496292537,0.945200836353667
JSCC,440_SinglePlusCompton,3650,440,980.7913086307542,446.1995271515736,0.4549382964807222,97604,1036.9020496292537,0.9458861702331844
JSCC,440_SinglePlusCompton,3700,440,981.4876896852861,447.13618738236596,0.4555698375857777,97604,1036.9020496292537,0.946557767955246
JSCC,440_SinglePlusCompton,3750,440,982.1703551141441,448.0920510252191,0.45622640582869517,97604,1036.9020496292537,0.9472161381736307
JSCC,440_SinglePlusCompton,3800,440,982.8398154361009,449.06712870056884,0.4569077500195807,97604,1036.9020496292537,0.9478617732383856
JSCC,440_SinglePlusCompton,3850,440,983.4965392007167,450.0613917866827,0.45761359989374806,97604,1036.9020496292537,0.9484951250239767
JSCC,440_SinglePlusCompton,3900,440,984.1409784466863,451.07479455055125,0.4583436767997434,97604,1036.9020496292537,0.949116629481606
JSCC,440_SinglePlusCompton,3950,440,984.7735364326986,452.1072899691892,0.4590977247489094,97604,1036.9020496292537,0.9497266755184892
JSCC,440_SinglePlusCompton,4000,440,985.3946121396073,453.15876041794695,0.45987541928405123,97604,1036.9020496292537,0.9503256479162492
JSCC,440_SinglePlusCompton,4050,440,986.0045793450156,454.2291393778777,0.46067650079233263,97604,1036.9020496292537,0.950913907150211
JSCC,440_SinglePlusCompton,4100,440,986.6037844083802,455.3183036285183,0.4615006660465541,97604,1036.9020496292537,0.9514917872533305
JSCC,440_SinglePlusCompton,4150,440,987.1925612047438,456.4261096442456,0.4623475982104598,97604,1036.9020496292537,0.9520596102184544
JSCC,440_SinglePlusCompton,4200,440,987.7712165229384,457.55241321562437,0.46321699353242785,97604,1036.9020496292537,0.9526176719161833
JSCC,440_SinglePlusCompton,4250,440,988.3400538972419,458.6970918594175,0.4641085728041418,97604,1036.9020496292537,0.9531662650783888
JSCC,440_SinglePlusCompton,4300,440,988.8993520831667,459.8600107529289,0.46502205687991444,97604,1036.9020496292537,0.9537056585400226
JSCC,440_SinglePlusCompton,4350,440,989.4493776860137,461.0409565852324,0.4659570938974672,97604,1036.9020496292537,0.954236109418236
JSCC,440_SinglePlusCompton,4400,440,989.9903826922072,462.23976618448336,0.46691339053966946,97604,1036.9020496292537,0.9547578607315707
JSCC,440_SinglePlusCompton,4450,440,990.522599604075,463.456261959359,0.4678906489812636,97604,1036.9020496292537,0.955271136707887
JSCC,440_SinglePlusCompton,4500,440,991.0462690441096,464.69026264968727,0.46888856470636164,97604,1036.9020496292537,0.9557761694062231
JSCC,440_SinglePlusCompton,4550,440,991.5616028981005,465.94155601649965,0.469906816333612,97604,1036.9020496292537,0.956273163171618
JSCC,440_SinglePlusCompton,4600,440,992.0688096368847,467.2100027955177,0.4709451584981541,97604,1036.9020496292537,0.9567623190556916
JSCC,440_SinglePlusCompton,4650,440,992.5681021036777,468.49536984888283,0.4720032498081896,97604,1036.9020496292537,0.9572438423268352
JSCC,440_SinglePlusCompton,4700,440,993.0596672358813,469.797430600828,0.47308076855893205,97604,1036.9020496292537,0.9577179132695819
JSCC,440_SinglePlusCompton,4750,440,993.5436908930551,471.11595136154006,0.4741773871444682,97604,1036.9020496292537,0.9581847111289813
JSCC,440_SinglePlusCompton,4800,440,994.0203348055984,472.4507621183121,0.47529285425605483,97604,1036.9020496292537,0.9586443918796498
JSCC,440_SinglePlusCompton,4850,440,994.4897676043606,473.8016416105471,0.476426864352656,97604,1036.9020496292537,0.9590971181510755
JSCC,440_SinglePlusCompton,4900,440,994.9521731355973,475.16840711903114,0.4775791439517492,97604,1036.9020496292537,0.9595430672466548
JSCC,440_SinglePlusCompton,4950,440,995.4076844791443,476.5507858265188,0.47874935391510276,97604,1036.9020496292537,0.9599823675100789
JSCC,440_SinglePlusCompton,5000,440,995.8564574257389,477.9486143438472,0.4799372547920521,97604,1036.9020496292537,0.9604151691876868
JSCC,440_SinglePlusCompton,5050,440,996.2986509473903,479.3616533492807,0.4811425297961117,97604,1036.9020496292537,0.9608416255938724
JSCC,440_SinglePlusCompton,5100,440,996.7343859473026,480.78968491195167,0.4823649025161364,97604,1036.9020496292537,0.9612618533290458
JSCC,440_SinglePlusCompton,5150,440,997.1637828816821,482.2324314032948,0.4836040374528061,97604,1036.9020496292537,0.9616759685625271
JSCC,440_SinglePlusCompton,5200,440,997.5870087125165,483.6897859811343,0.48485974832950485,97604,1036.9020496292537,0.9620841323143354
JSCC,440_SinglePlusCompton,5250,440,998.0041690767556,485.1614379187289,0.4861316745475595,97604,1036.9020496292537,0.9624864464619333
JSCC,440_SinglePlusCompton,5300,440,998.4153614750036,486.6471812728469,0.4874195650935311,97604,1036.9020496292537,0.9628830050360001
JSCC,440_SinglePlusCompton,5350,440,998.8207483711773,488.1468269039088,0.4887231544798726,97604,1036.9020496292537,0.9632739647185647
JSCC,440_SinglePlusCompton,5400,440,999.2204219388901,489.6601691257028,0.4900421952701535,97604,1036.9020496292537,0.9636594144028968
JSCC,440_SinglePlusCompton,5450,440,999.6145021694517,491.1869605450631,0.4913763850754923,97604,1036.9020496292537,0.9640394698099649
JSCC,440_SinglePlusCompton,5500,440,1000.0030926079502,492.72698856645326,0.4927254647597637,97604,1036.9020496292537,0.9644142307998168
JSCC,440_SinglePlusCompton,5550,440,1000.3862933772914,494.2800405814796,0.49408917720453416,97604,1036.9020496292537,0.964783793932109
JSCC,440_SinglePlusCompton,5600,440,1000.764193395636,495.8459337321479,0.49546730089305185,97604,1036.9020496292537,0.9651482449605159
JSCC,440_SinglePlusCompton,5650,440,1001.1368993025403,497.42438945743584,0.4968595102267985,97604,1036.9020496292537,0.9655076867294251
JSCC,440_SinglePlusCompton,5700,440,1001.5045144778871,499.0152723687871,0.498265624522859,97604,1036.9020496292537,0.9658622189395585
JSCC,440_SinglePlusCompton,5750,440,1001.8671363112057,500.6183244392113,0.4996853437896443,97604,1036.9020496292537,0.9662119355144734
JSCC,440_SinglePlusCompton,5800,440,1002.2248475624398,502.233331104756,0.5011184190117242,97604,1036.9020496292537,0.9665569162687905
JSCC,440_SinglePlusCompton,5850,440,1002.5777403618595,503.8601449250751,0.5025646637069933,97604,1036.9020496292537,0.9668972500539786
JSCC,440_SinglePlusCompton,5900,440,1002.9258906644395,505.49852696105876,0.5040238084053902,97604,1036.9020496292537,0.9672330101218698
JSCC,440_SinglePlusCompton,5950,440,1003.2693868454721,507.14826066283496,0.5054955999977583,97604,1036.9020496292537,0.9675642817025899
JSCC,440_SinglePlusCompton,6000,440,1003.6083127511856,508.8091767639011,0.506979834960818,97604,1036.9020496292537,0.9678911456583846
JSCC,440_SinglePlusCompton,6050,440,1003.9427617967951,510.4810612326898,0.5084762604583772,97604,1036.9020496292537,0.9682136920799382
JSCC,440_SinglePlusCompton,6100,440,1004.2727987247531,512.1637074073034,0.509984645663668,97604,1036.9020496292537,0.9685319834056001
JSCC,440_SinglePlusCompton,6150,440,1004.5985082832156,513.8569859322886,0.5115048267495759,97604,1036.9020496292537,0.9688461013674451
JSCC,440_SinglePlusCompton,6200,440,1004.9199627634003,515.5606558170841,0.5130365351677947,97604,1036.9020496292537,0.9691561156839369
JSCC,440_SinglePlusCompton,6250,440,1005.2372306060666,517.2745668669297,0.5145795948634535,97604,1036.9020496292537,0.9694620923601136
JSCC,440_SinglePlusCompton,6300,440,1005.5503734240234,518.9984743528922,0.5161337393626917,97604,1036.9020496292537,0.969764090816061
JSCC,440_SinglePlusCompton,6350,440,1005.8594689245111,520.7321731860325,0.5176987335445693,97604,1036.9020496292537,0.970062185993516
JSCC,440_SinglePlusCompton,6400,440,1006.1646012162817,522.4756283494218,0.5192745080852951,97604,1036.9020496292537,0.970356459007905
JSCC,440_SinglePlusCompton,6450,440,1006.4658271898124,524.2285234267371,0.5208607279697249,97604,1036.9020496292537,0.9706469647250444
JSCC,440_SinglePlusCompton,6500,440,1006.7632069974438,525.9907128467769,0.5224572264768038,97604,1036.9020496292537,0.9709337611565276
JSCC,440_SinglePlusCompton,6550,440,1007.0568091881959,527.7620308250158,0.5240638124977806,97604,1036.9020496292537,0.9712169144118009
JSCC,440_SinglePlusCompton,6600,440,1007.3466962433503,529.542370316067,0.5256803564163798,97604,1036.9020496292537,0.971496484748515
JSCC,440_SinglePlusCompton,6650,440,1007.6329240727819,531.3315138699622,0.5273066224576678,97604,1036.9020496292537,0.9717725260867822
JSCC,440_SinglePlusCompton,6700,440,1007.9155335622333,533.1293196344569,0.5289424578568012,97604,1036.9020496292537,0.9720450778572725
JSCC,440_SinglePlusCompton,6750,440,1008.1946228694185,534.9355753718867,0.5305876100086795,97604,1036.9020496292537,0.9723142347243893
JSCC,440_SinglePlusCompton,6800,440,1008.4702247967315,536.7501158618752,0.5322419072611323,97604,1036.9020496292537,0.9725800283231303
JSCC,440_SinglePlusCompton,6850,440,1008.7424076756544,538.5728441007963,0.5339052269466658,97604,1036.9020496292537,0.9728425245531457
JSCC,440_SinglePlusCompton,6900,440,1009.0112241468129,540.4036041724639,0.5355773962072737,97604,1036.9020496292537,0.9731017741816469
JSCC,440_SinglePlusCompton,6950,440,1009.2767207714472,542.2422022452641,0.537258207868698,97604,1036.9020496292537,0.9733578221128177
JSCC,440_SinglePlusCompton,7000,440,1009.5389493261857,544.0885029460051,0.5389475099590318,97604,1036.9020496292537,0.9736107182806208
JSCC,440_SinglePlusCompton,7050,440,1009.7979833380442,545.9423419537363,0.5406451101724714,97604,1036.9020496292537,0.9738605335953375
JSCC,440_SinglePlusCompton,7100,440,1010.0538632194066,547.8035944326748,0.5423508729392181,97604,1036.9020496292537,0.9741073070311254
JSCC,440_SinglePlusCompton,7150,440,1010.30663082077,549.6721194510027,0.5440646460020269,97604,1036.9020496292537,0.9743510789490744
JSCC,440_SinglePlusCompton,7200,440,1010.5563328778234,551.5477721065469,0.5457862705544285,97604,1036.9020496292537,0.9745918944216088
JSCC,440_SinglePlusCompton,7250,440,1010.803023723524,553.4303924266355,0.5475155687484473,97604,1036.9020496292537,0.9748298058480437
JSCC,440_SinglePlusCompton,7300,440,1011.0467413224029,555.31986881749,0.5492524194194593,97604,1036.9020496292537,0.9750648498418
JSCC,440_SinglePlusCompton,7350,440,1011.2875566193718,557.2160911482091,0.5509966848706456,97604,1036.9020496292537,0.9752970948229484
JSCC,440_SinglePlusCompton,7400,440,1011.5255018255515,559.1188983883925,0.552748198023008,97604,1036.9020496292537,0.9755265718562561
JSCC,440_SinglePlusCompton,7450,440,1011.7605949920649,561.0281299460062,0.5545068000502691,97604,1036.9020496292537,0.9757532983504293
JSCC,440_SinglePlusCompton,7500,440,1011.992903285728,562.9436797189924,0.5562723591155954,97604,1036.9020496292537,0.9759773390819007
JSCC,440_SinglePlusCompton,7550,440,1012.2224680976317,564.8654782594278,0.5580447935729332,97604,1036.9020496292537,0.9761987339687039
JSCC,440_SinglePlusCompton,7600,440,1012.449338117206,566.7933250658862,0.5598238881956495,97604,1036.9020496292537,0.976417529967473
JSCC,440_SinglePlusCompton,7650,440,1012.6735574922515,568.7271530350981,0.5616095619633573,97604,1036.9020496292537,0.9766337696548433
JSCC,440_SinglePlusCompton,7700,440,1012.8951611984929,570.6668873220211,0.5634017311789585,97604,1036.9020496292537,0.9768474867617973
JSCC,440_SinglePlusCompton,7750,440,1013.1141989807102,572.6123757695449,0.5652002275218803,97604,1036.9020496292537,0.9770587292627602
JSCC,440_SinglePlusCompton,7800,440,1013.3306958988345,574.5635076541844,0.5670049372624015,97604,1036.9020496292537,0.9772675213258116
JSCC,440_SinglePlusCompton,7850,440,1013.5446824352691,576.5201124421015,0.5688156846295935,97604,1036.9020496292537,0.9774738923485241
JSCC,440_SinglePlusCompton,7900,440,1013.7561857645534,578.4820677755288,0.5706323432584037,97604,1036.9020496292537,0.9776778685383289
JSCC,440_SinglePlusCompton,7950,440,1013.9652680220415,580.4493140026485,0.5724548288867334,97604,1036.9020496292537,0.9778795098192609
JSCC,440_SinglePlusCompton,8000,440,1014.1719524181406,582.4217654552359,0.5742830533486346,97604,1036.9020496292537,0.9780788385756973
JSCC,440_SinglePlusCompton,8050,440,1014.3762736020335,584.3992464328198,0.5761168332118295,97604,1036.9020496292537,0.9782758882237003
JSCC,440_SinglePlusCompton,8100,440,1014.5782723671676,586.3817570455018,0.5779561548044811,97604,1036.9020496292537,0.978470698104929
JSCC,440_SinglePlusCompton,8150,440,1014.7779668738649,588.3691181823438,0.5798008405670055,97604,1036.9020496292537,0.9786632857334023
JSCC,440_SinglePlusCompton,8200,440,1014.9754105803371,590.3612461315888,0.5816507867851057,97604,1036.9020496292537,0.9788537026648211
JSCC,440_SinglePlusCompton,8250,440,1015.1706288341107,592.3580349249744,0.5835058837402316,97604,1036.9020496292537,0.9790419733446248
JSCC,440_SinglePlusCompton,8300,440,1015.3636667042217,594.3594031954651,0.5853660345408082,97604,1036.9020496292537,0.9792281412378989
JSCC,440_SinglePlusCompton,8350,440,1015.5545254251975,596.3653036545659,0.5872312010080174,97604,1036.9020496292537,0.9794122075352354
JSCC,440_SinglePlusCompton,8400,440,1015.7432697698193,598.3756439024129,0.5891012637849056,97604,1036.9020496292537,0.9795942347042329
JSCC,440_SinglePlusCompton,8450,440,1015.9298922663551,600.3902999835908,0.5909761141531421,97604,1036.9020496292537,0.9797742155390692
JSCC,440_SinglePlusCompton,8500,440,1016.114443840509,602.409207562139,0.592855668191539,97604,1036.9020496292537,0.9799521991530662
JSCC,440_SinglePlusCompton,8550,440,1016.2969637224505,604.4322733732189,0.5947398201007403,97604,1036.9020496292537,0.9801282233802406
JSCC,440_SinglePlusCompton,8600,440,1016.4774596120611,606.459353229847,0.5966284323326779,97604,1036.9020496292537,0.9803022956464447
JSCC,440_SinglePlusCompton,8650,440,1016.655986266177,608.490428884958,0.5985214636071058,97604,1036.9020496292537,0.9804744687597872
JSCC,440_SinglePlusCompton,8700,440,1016.832531180901,610.5253967296823,0.6004188280843523,97604,1036.9020496292537,0.980644730661369
JSCC,440_SinglePlusCompton,8750,440,1017.007146905306,612.5641601537274,0.6023204084825999,97604,1036.9020496292537,0.9808131320301071
JSCC,440_SinglePlusCompton,8800,440,1017.1798580980151,614.6066673352022,0.6042261478559271,97604,1036.9020496292537,0.9809796966470552
JSCC,440_SinglePlusCompton,8850,440,1017.3506940757098,616.6528095175171,0.6061359304204953,97604,1036.9020496292537,0.9811444527855505
JSCC,440_SinglePlusCompton,8900,440,1017.5196966809731,618.7025677373246,0.6080497210574478,97604,1036.9020496292537,0.9813074407990505
JSCC,440_SinglePlusCompton,8950,440,1017.6868659697919,620.7557968793477,0.609967385486307,97604,1036.9020496292537,0.98146866074155
JSCC,440_SinglePlusCompton,9000,440,1017.85223812125,622.8124653468086,0.6118888793685759,97604,1036.9020496292537,0.9816281475045642
JSCC,440_SinglePlusCompton,9050,440,1018.0158295844999,624.8724679296786,0.6138140977480855,97604,1036.9020496292537,0.9817859169518407
JSCC,440_SinglePlusCompton,9100,440,1018.1776673010073,626.935804211326,0.6157430322285617,97604,1036.9020496292537,0.9819419950660322
JSCC,440_SinglePlusCompton,9150,440,1018.3377615450581,629.0023785872356,0.6176755908893047,97604,1036.9020496292537,0.9820963917557755
JSCC,440_SinglePlusCompton,9200,440,1018.4961439083406,631.0720595269685,0.6196116335849001,97604,1036.9020496292537,0.9822491374884502
JSCC,440_SinglePlusCompton,9250,440,1018.6528406468753,633.1448107268825,0.6215511167914836,97604,1036.9020496292537,0.9824002575856577
JSCC,440_SinglePlusCompton,9300,440,1018.8078705616005,635.2205606614332,0.6234939668372199,97604,1036.9020496292537,0.9825497701792345
JSCC,440_SinglePlusCompton,9350,440,1018.9612584722017,637.299295582799,0.6254401629933855,97604,1036.9020496292537,0.9826976992055645
JSCC,440_SinglePlusCompton,9400,440,1019.1130231618343,639.3809360332,0.6273896236253541,97604,1036.9020496292537,0.982844062779334
JSCC,440_SinglePlusCompton,9450,440,1019.2631978635138,641.465463590347,0.6293423179949282,97604,1036.9020496292537,0.9829888929508369
JSCC,440_SinglePlusCompton,9500,440,1019.4117796881161,643.5527186838539,0.6312980990672342,97604,1036.9020496292537,0.9831321869337694
JSCC,440_SinglePlusCompton,9550,440,1019.558793265831,645.642651966677,0.6332569109610314,97604,1036.9020496292537,0.9832739684817637
JSCC,440_SinglePlusCompton,9600,440,1019.7042761309011,647.7352436232344,0.6352187185886465,97604,1036.9020496292537,0.9834142737932655
JSCC,440_SinglePlusCompton,9650,440,1019.8482421319859,649.8304426866719,0.6371834708742603,97604,1036.9020496292537,0.9835531162240778
JSCC,440_SinglePlusCompton,9700,440,1019.9907140425593,651.9282503673575,0.6391511622527924,97604,1036.9020496292537,0.983690517737195
JSCC,440_SinglePlusCompton,9750,440,1020.1316929537128,654.0285512221564,0.6411216862878429,97604,1036.9020496292537,0.9838264793848781
JSCC,440_SinglePlusCompton,9800,440,1020.271212684244,656.1313306475607,0.6430950148258489,97604,1036.9020496292537,0.9839610337823557
JSCC,440_SinglePlusCompton,9850,440,1020.409269682565,658.2364117447104,0.6450709840664997,97604,1036.9020496292537,0.9840941775044366
JSCC,440_SinglePlusCompton,9900,440,1020.5459130066232,660.3437647782789,0.6470495411939329,97604,1036.9020496292537,0.9842259578631573
JSCC,440_SinglePlusCompton,9950,440,1020.6811511999545,662.4534141004141,0.6490307118159346,97604,1036.9020496292537,0.9843563830979994
JSCC,440_SinglePlusCompton,10000,440,1020.814971850322,664.5652425755488,0.6510143962435843,97604,1036.9020496292537,0.9844854412384625
