count_level,channel,iteration,background_cv,background_bias,integral_recovery,mass_fraction_outside_source_z
1e9,440_SinglePhoton,50,0.20627992672915546,-0.7231273474492287,0.9458581308958125,0.48709047682012213
1e9,440_SinglePhoton,100,0.23500923243106173,-0.7017135770274303,0.9518112962666236,0.4730052013585145
1e9,440_SinglePhoton,150,0.24550804916649008,-0.6829661002677727,0.9544261840940592,0.4591393996780541
1e9,440_SinglePhoton,200,0.2532506143279816,-0.6646808887480277,0.9562553642423423,0.44545818608702914
1e9,440_SinglePhoton,250,0.2620912193750538,-0.6465474356138488,0.9578502444834073,0.43196837060684956
1e9,440_SinglePhoton,300,0.27275367014089075,-0.6285489278756109,0.9593580309805974,0.4187028149056741
1e9,440_SinglePhoton,350,0.28508441928262607,-0.6107348479644866,0.9608197959946225,0.40570155856262063
1e9,440_SinglePhoton,400,0.2987182312558034,-0.5931699461249841,0.9622457219890386,0.3930038514789383
1e9,440_SinglePhoton,450,0.31327891901467436,-0.5759185311226717,0.9636366890680541,0.3806449229011209
1e9,440_SinglePhoton,500,0.32843669006496373,-0.5590392460767234,0.9649908682701654,0.36865469031660925
1e9,440_SinglePhoton,550,0.3439193573151663,-0.5425830450147778,0.9663058326397151,0.35705729890380444
1e9,440_SinglePhoton,600,0.35950866752176835,-0.5265923834948818,0.9675792831249826,0.34587110685615746
1e9,440_SinglePhoton,650,0.37503279042078747,-0.5111009978660206,0.9688092792527893,0.33510889532769883
1e9,440_SinglePhoton,700,0.39035853739779497,-0.49613442032688104,0.9699943242736386,0.32477824353831336
1e9,440_SinglePhoton,750,0.4053840442424419,-0.48170997892585143,0.9711333658028081,0.31488201573094743
1e9,440_SinglePhoton,800,0.42003378804854075,-0.4678384163171341,0.9722257920036628,0.3054188967280623
1e9,440_SinglePhoton,850,0.4342525652367716,-0.4545233747019828,0.9732713956788476,0.2963839566137808
1e9,440_SinglePhoton,900,0.44800276585029003,-0.44176334569401976,0.9742703411353197,0.28776921839719527
1e9,440_SinglePhoton,950,0.4612604396436426,-0.4295518910587057,0.9752231052841362,0.2795642099116748
1e9,440_SinglePhoton,1000,0.47401306527804243,-0.41787856246113153,0.9761304598011601,0.27175647045540063
1e9,440_SinglePhoton,1050,0.4862574113729647,-0.40672985800372063,0.9769934027959432,0.26433202489171803
1e9,440_SinglePhoton,1100,0.4979975158255098,-0.3960895165455227,0.9778131267407323,0.25727580474048684
1e9,440_SinglePhoton,1150,0.5092435738275973,-0.3859395478197397,0.9785909857459653,0.2505720072947109
1e9,440_SinglePhoton,1200,0.5200103951330204,-0.3762606003328426,0.9793284333889628,0.24420441268007095
1e9,440_SinglePhoton,1250,0.5303164954404913,-0.3670323660535991,0.9800270229190893,0.23815665123676316
1e9,440_SinglePhoton,1300,0.5401834548932675,-0.3582342058415722,0.9806883591749329,0.23241241303042445
1e9,440_SinglePhoton,1350,0.5496346442741471,-0.3498452966067668,0.981314073108384,0.22695563286142037
1e9,440_SinglePhoton,1400,0.5586947983846219,-0.3418447416793641,0.9819058115216851,0.2217706183348892
1e9,440_SinglePhoton,1450,0.5673898244020287,-0.3342122330281322,0.9824652056135225,0.21684215864367215
1e9,440_SinglePhoton,1500,0.5757460392491595,-0.3269279776806019,0.9829938760230105,0.21215560607313072
1e9,440_SinglePhoton,1550,0.583789780474731,-0.3199727713028908,0.9834933858883086,0.20769692908372256
1e9,440_SinglePhoton,1600,0.5915473066291312,-0.3133281453593493,0.9839652867209845,0.203452741287473
1e9,440_SinglePhoton,1650,0.5990441425662918,-0.30697636711256104,0.9844110575744599,0.19941032920919158
1e9,440_SinglePhoton,1700,0.6063054736977932,-0.3009006603628124,0.9848321218382708,0.1955576470882972
1e9,440_SinglePhoton,1750,0.6133554621344377,-0.2950850582884462,0.985229855013319,0.19188332556678567
1e9,440_SinglePhoton,1800,0.6202174858841404,-0.2895144770256852,0.9856055621341275,0.188376645484497
1e9,440_SinglePhoton,1850,0.6269139278046871,-0.2841747156686313,0.9859604955645521,0.1850275338225152
1e9,440_SinglePhoton,1900,0.6334657117674602,-0.27905223552979663,0.9862958356003798,0.18182653176238
1e9,440_SinglePhoton,1950,0.6398931739119064,-0.27413460161904246,0.9866127020334481,0.17876477108392613
1e9,440_SinglePhoton,2000,0.6462150392911103,-0.2694098940049936,0.9869121707885711,0.17583395041754743
1e9,440_SinglePhoton,2050,0.6524491750339007,-0.2648672228738008,0.987195232061967,0.17302630123839186
1e9,440_SinglePhoton,2100,0.6586119824726728,-0.2604960663107315,0.9874628350518442,0.170334567107651
1e9,440_SinglePhoton,2150,0.6647191164641947,-0.2562867853589329,0.9877158683543024,0.16775196296145348
1e9,440_SinglePhoton,2200,0.6707846508097898,-0.2522304032799616,0.9879551783587512,0.1652721549969408
1e9,440_SinglePhoton,2250,0.6768219333360416,-0.2483184583941378,0.9881815508154113,0.1628892325811815
1e9,440_SinglePhoton,2300,0.6828430719411063,-0.2445430040805443,0.988395726354314,0.16059768170744074
1e9,440_SinglePhoton,2350,0.6888590786307137,-0.2408966823568508,0.9885984037425126,0.15839234975856956
1e9,440_SinglePhoton,2400,0.6948804413937254,-0.23737279745913653,0.9887902247268444,0.15626843513810618
1e9,440_SinglePhoton,2450,0.7009161323649803,-0.2339648007831273,0.9889718113383018,0.15422145418674776
1e9,440_SinglePhoton,2500,0.7069747564094557,-0.23066680594295885,0.9891437355500451,0.15224722028028465
1e9,440_SinglePhoton,2550,0.713063780494565,-0.2274732208720599,0.9893065397167846,0.15034183226248063
1e9,440_SinglePhoton,2600,0.7191898832213081,-0.22437882140297583,0.9894607289421025,0.14850163986331777
1e9,440_SinglePhoton,2650,0.7253591336377624,-0.2213787512673685,0.9896067716079822,0.14672324019266567
1e9,440_SinglePhoton,2700,0.7315768597549868,-0.21846844851619307,0.9897451223205648,0.14500344919154126
1e9,440_SinglePhoton,2750,0.7378477694425182,-0.21564379267934441,0.9898761911677088,0.14333929860313102
1e9,440_SinglePhoton,2800,0.7441759384707256,-0.21290066328671753,0.9900003713713492,0.1417280037956823
1e9,440_SinglePhoton,2850,0.7505649168514319,-0.21023552850679383,0.9901180211396726,0.14016696606181742
1e9,440_SinglePhoton,2900,0.7570176643361046,-0.20764485650805453,0.990229494597818,0.13865375111441222
1e9,440_SinglePhoton,2950,0.7635365629012236,-0.20512526261862762,0.9903351130006102,0.13718608079632388
1e9,440_SinglePhoton,3000,0.7701237619399481,-0.20267380364558107,0.9904351751340559,0.13576182150169497
1e9,440_SinglePhoton,3050,0.7767811689324372,-0.20028775713545244,0.9905299642313634,0.1343789702301681
1e9,440_SinglePhoton,3100,0.7835098268263199,-0.19796425347513302,0.990619753412711,0.13303565208558582
1e9,440_SinglePhoton,3150,0.7903106347156256,-0.19570086453045354,0.9907047885058154,0.1317301064484581
1e9,440_SinglePhoton,3200,0.7971842769103044,-0.19349523574706828,0.9907853073900506,0.13046068130256885
1e9,440_SinglePhoton,3250,0.8041309999515931,-0.19134508615045498,0.9908615335889283,0.12922582541116853
1e9,440_SinglePhoton,3300,0.8111510393089255,-0.18924835550556096,0.9909336668414448,0.12802407199702232
1e9,440_SinglePhoton,3350,0.8182443392282525,-0.18720327789662683,0.9910019128589581,0.12685405099380723
1e9,440_SinglePhoton,3400,0.82541027367472,-0.18520764592895356,0.9910664583992806,0.12571447000002228
1e9,440_SinglePhoton,3450,0.8326484718002273,-0.18325998800607513,0.9911274800288967,0.12460411135311462
1e9,440_SinglePhoton,3500,0.8399579072179163,-0.18135839105258544,0.9911851330735724,0.12352182572006105
1e9,440_SinglePhoton,3550,0.8473380238582034,-0.1795016042114883,0.9912395786912458,0.12246653082265721
1e9,440_SinglePhoton,3600,0.8547874453181491,-0.17768786156702465,0.9912909556782392,0.12143720558823018
1e9,440_SinglePhoton,3650,0.8623052152860771,-0.17591591226219805,0.9913394151514396,0.12043287877549483
1e9,440_SinglePhoton,3700,0.8698902604782243,-0.17418457901983564,0.9913850799650522,0.119452643883301
1e9,440_SinglePhoton,3750,0.877541003591107,-0.17249239024347152,0.9914280723151202,0.11849563123347906
1e9,440_SinglePhoton,3800,0.885255991813203,-0.17083809507610936,0.9914685016343973,0.11756102693139438
1e9,440_SinglePhoton,3850,0.8930338060255302,-0.16922073698004614,0.991506496110852,0.11664805537248892
1e9,440_SinglePhoton,3900,0.9008730281506495,-0.16763928583775567,0.9915421505634774,0.1157559846522887
1e9,440_SinglePhoton,3950,0.9087717230141215,-0.16609249079224186,0.9915755709346258,0.11488411571195707
1e9,440_SinglePhoton,4000,0.9167285982109813,-0.16457954246544826,0.9916068392333177,0.11403178623282939
1e9,440_SinglePhoton,4050,0.9247416641162703,-0.1630994843196718,0.9916360618012877,0.11319836842502065
1e9,440_SinglePhoton,4100,0.932809442808408,-0.16165143339703303,0.9916633083128709,0.1123832637576427
1e9,440_SinglePhoton,4150,0.9409301876888145,-0.16023443315982888,0.9916886705179979,0.11158590374893652
1e9,440_SinglePhoton,4200,0.9491022916626392,-0.15884789496947294,0.9917122108436666,0.11080574760368167
1e9,440_SinglePhoton,4250,0.9573239070677342,-0.1574907887084388,0.9917340206946094,0.11004227504827795
1e9,440_SinglePhoton,4300,0.9655931505964209,-0.15616252573814027,0.9917541562065114,0.10929499671268313
1e9,440_SinglePhoton,4350,0.9739087471307448,-0.1548625174199908,0.9917726859945946,0.10856344027387227
1e9,440_SinglePhoton,4400,0.9822684686897917,-0.1535897336364641,0.9917896751384897,0.10784715738224591
1e9,440_SinglePhoton,4450,0.9906709303557995,-0.15234373290862036,0.991805173312906,0.10714571523214923
1e9,440_SinglePhoton,4500,0.9991144862030692,-0.1511239265978731,0.9918192578503362,0.1064587034300422
1e9,440_SinglePhoton,4550,1.0075974841243016,-0.14992972606563593,0.9918319682307742,0.10578573328514898
1e9,440_SinglePhoton,4600,1.0161179137671257,-0.14876024835402912,0.9918433621855599,0.10512642298697844
1e9,440_SinglePhoton,4650,1.024674629612525,-0.14761527272358288,0.9918534912655849,0.10448040891330837
1e9,440_SinglePhoton,4700,1.0332657800251868,-0.14649406337606408,0.9918623990344159,0.10384734808192368
1e9,440_SinglePhoton,4750,1.0418900376395426,-0.14539632599217955,0.9918701430967478,0.10322690221242603
1e9,440_SinglePhoton,4800,1.050545352889638,-0.1443211776140495,0.9918767549106401,0.10261875443064152
1e9,440_SinglePhoton,4850,1.059230560531837,-0.14326839750220421,0.9918822828520024,0.1020225940956939
1e9,440_SinglePhoton,4900,1.0679442220282997,-0.14223754417770373,0.9918867634539689,0.10143812266699684
1e9,440_SinglePhoton,4950,1.0766848791526769,-0.14122802900196163,0.9918902450201507,0.10086505515253735
1e9,440_SinglePhoton,5000,1.0854507257075772,-0.14023933691621482,0.9918927513765554,0.10030311957353942
1e9,440_SinglePhoton,5050,1.0942409272099498,-0.1392713207608166,0.9918943327884092,0.09975204358256241
1e9,440_SinglePhoton,5100,1.1030540087365717,-0.13832346547700403,0.991895015936764,0.09921157786948534
1e9,440_SinglePhoton,5150,1.111888284873232,-0.13739503526654384,0.9918948331949684,0.09868146716460519
1e9,440_SinglePhoton,5200,1.1207425689634531,-0.13648595654961282,0.9918938242214199,0.0981614779807133
1e9,440_SinglePhoton,5250,1.1296158903056408,-0.13559586142709446,0.9918920160705977,0.09765137729498266
1e9,440_SinglePhoton,5300,1.1385067476710902,-0.1347243084200489,0.9918894412564851,0.09715093910319501
1e9,440_SinglePhoton,5350,1.1474141523206685,-0.13387092962935965,0.9918861180682627,0.09665994803376189
1e9,440_SinglePhoton,5400,1.1563368518144617,-0.13303535715591008,0.9918820923970887,0.0961781918454373
1e9,440_SinglePhoton,5450,1.1652735145766502,-0.13221729668040716,0.9918773779011522,0.09570546848803586
1e9,440_SinglePhoton,5500,1.1742231977327569,-0.13141630672391091,0.9918720055009616,0.09524157869530597
1e9,440_SinglePhoton,5550,1.1831849918013098,-0.13063216654695153,0.9918660014325815,0.09478632969318097
1e9,440_SinglePhoton,5600,1.1921575276293608,-0.1298645082504123,0.9918593895800794,0.09433953546131507
1e9,440_SinglePhoton,5650,1.2011402213950435,-0.1291131110948236,0.9918521904934963,0.09390101511730033
1e9,440_SinglePhoton,5700,1.2101319236356343,-0.12837753360124526,0.9918444292766422,0.09347059465455383
1e9,440_SinglePhoton,5750,1.2191317142228635,-0.12765762861003094,0.99183613391665,0.09304810018662227
1e9,440_SinglePhoton,5800,1.22813821842115,-0.12695280748259408,0.9918273182467594,0.09263336719132792
1e9,440_SinglePhoton,5850,1.2371512526780724,-0.12626321737858137,0.9918180089920996,0.09222623632135271
1e9,440_SinglePhoton,5900,1.2461695921490776,-0.12558826965940628,0.9918082265841609,0.09182654229508234
1e9,440_SinglePhoton,5950,1.2551925197949116,-0.124927743585599,0.9917979852754673,0.0914341395889117
1e9,440_SinglePhoton,6000,1.2642194405446456,-0.12428156557733605,0.9917873116440076,0.09104887821993297
1e9,440_SinglePhoton,6050,1.273248888096291,-0.12364929415567771,0.9917762230712228,0.09067061249740102
1e9,440_SinglePhoton,6100,1.2822804129977206,-0.12303056142150759,0.9917647330645956,0.09029919744194749
1e9,440_SinglePhoton,6150,1.2913136742529747,-0.12242536737482546,0.9917528615164686,0.08993449753583532
1e9,440_SinglePhoton,6200,1.300347812374868,-0.12183341769633815,0.9917406219639322,0.08957637498092914
1e9,440_SinglePhoton,6250,1.3093822093936138,-0.12125441806675263,0.991728037958386,0.0892247014611596
1e9,440_SinglePhoton,6300,1.3184159858763467,-0.1206880741667754,0.9917151142398194,0.08887934424173002
1e9,440_SinglePhoton,6350,1.327448558184094,-0.12013423883676011,0.9917018786084567,0.08854018322739114
1e9,440_SinglePhoton,6400,1.3364796441988758,-0.1195926913372366,0.991688337130407,0.08820708957440881
1e9,440_SinglePhoton,6450,1.3455085357048953,-0.11906321092873517,0.991674507897556,0.08787994760740309
1e9,440_SinglePhoton,6500,1.3545345708626555,-0.11854550329196245,0.9916603989110464,0.0875586433003144
1e9,440_SinglePhoton,6550,1.36355730464226,-0.11803942126727196,0.9916460298910211,0.08724305947522634
1e9,440_SinglePhoton,6600,1.3725765369083465,-0.1175448176950169,0.9916314222262981,0.0869330805823247
1e9,440_SinglePhoton,6650,1.3815913314107358,-0.11706139825590434,0.9916165767660537,0.08662860567193918
1e9,440_SinglePhoton,6700,1.3906013571867573,-0.11658894221046412,0.9916015025424836,0.08632952235423359
1e9,440_SinglePhoton,6750,1.399606108137618,-0.11612722881922632,0.9915862194697527,0.08603572996968045
1e9,440_SinglePhoton,6800,1.408605338258825,-0.11567625808219117,0.9915707407264857,0.08574712530921719
1e9,440_SinglePhoton,6850,1.4175987111701718,-0.11523566210024183,0.9915550723705121,0.085463606821062
1e9,440_SinglePhoton,6900,1.4265853171964358,-0.11480529371373205,0.9915392330347195,0.08518508186916712
1e9,440_SinglePhoton,6950,1.4355653327976123,-0.11438485860336833,0.9915232276011793,0.08491145099050983
1e9,440_SinglePhoton,7000,1.4445384050232803,-0.11397435676915069,0.9915070717720292,0.08464261833705869
1e9,440_SinglePhoton,7050,1.453503698512369,-0.11357349389178606,0.991490764885724,0.08437849773637716
1e9,440_SinglePhoton,7100,1.4624616374901815,-0.11318234355109769,0.9914743222530196,0.08411900367837938
1e9,440_SinglePhoton,7150,1.4714113837614613,-0.11280031710849903,0.9914577581985075,0.08386404525376244
1e9,440_SinglePhoton,7200,1.480352806146875,-0.11242756172363688,0.9914410823936485,0.08361353624832982
1e9,440_SinglePhoton,7250,1.4892858249711751,-0.1120638566570411,0.9914242998252122,0.0833673985010356
1e9,440_SinglePhoton,7300,1.4982103512939884,-0.111708981169242,0.9914074287371226,0.08312553530343073
1e9,440_SinglePhoton,7350,1.5071254997438146,-0.11136264094094628,0.9913904673803515,0.08288788266762176
1e9,440_SinglePhoton,7400,1.516031332474409,-0.11102490955197708,0.9913734284791987,0.08265435892464901
1e9,440_SinglePhoton,7450,1.5249278663949861,-0.11069563984268804,0.9913563152316467,0.08242488360667631
1e9,440_SinglePhoton,7500,1.5338146045293464,-0.1103743903341392,0.9913391437072758,0.08219938067072396
1e9,440_SinglePhoton,7550,1.542692142587371,-0.11006145534562384,0.991321910284238,0.0819777801904595
1e9,440_SinglePhoton,7600,1.5515593824954417,-0.10975624623855551,0.9913046318599431,0.08176001008695287
1e9,440_SinglePhoton,7650,1.5604161624898032,-0.10945891017258069,0.99128731230721,0.0815460003790089
1e9,440_SinglePhoton,7700,1.569262905757,-0.10916907924858299,0.9912699592753169,0.08133567546869411
1e9,440_SinglePhoton,7750,1.5780988547694927,-0.1088867534665624,0.9912525645181604,0.0811289790970798
1e9,440_SinglePhoton,7800,1.5869249374286654,-0.1086118592466957,0.9912351588480676,0.080925838821512
1e9,440_SinglePhoton,7850,1.595740163296381,-0.10834417584951272,0.9912177314686339,0.08072619389853967
1e9,440_SinglePhoton,7900,1.604544788575117,-0.10808362969519036,0.9912002976175042,0.08052997925990507
1e9,440_SinglePhoton,7950,1.6133382036306037,-0.10782985288461211,0.9911828568995456,0.08033712624323142
1e9,440_SinglePhoton,8000,1.62212088561903,-0.10758299257742443,0.9911654153419038,0.08014758402366116
1e9,440_SinglePhoton,8050,1.6308925834528676,-0.10734297519380409,0.9911479826046952,0.07996129029260635
1e9,440_SinglePhoton,8100,1.6396528617692652,-0.10710935925481135,0.991130556286641,0.07977819018058945
1e9,440_SinglePhoton,8150,1.6484022184727734,-0.10688221834026934,0.9911131525709208,0.07959821899909542
1e9,440_SinglePhoton,8200,1.6571404144326194,-0.10666140529053159,0.9910957654961703,0.07942132881675243
1e9,440_SinglePhoton,8250,1.6658676435664175,-0.10644692010559809,0.9910784017496483,0.07924746060207813
1e9,440_SinglePhoton,8300,1.6745832719661613,-0.10623832130652888,0.9910610699129117,0.07907656372048624
1e9,440_SinglePhoton,8350,1.683287757012915,-0.10603575605297066,0.9910437707189466,0.07890858044876699
1e9,440_SinglePhoton,8400,1.6919805102871015,-0.10583907718527696,0.9910265159380958,0.07874345956073901
1e9,440_SinglePhoton,8450,1.7006621141366334,-0.10564806396397763,0.991009308188012,0.07858115609137696
1e9,440_SinglePhoton,8500,1.7093322232249062,-0.10546278996889613,0.9909921475736424,0.07842161739652051
1e9,440_SinglePhoton,8550,1.7179912223979101,-0.10528310804038576,0.9909750407769711,0.07826480056393335
1e9,440_SinglePhoton,8600,1.7266385258829378,-0.10510879743897661,0.9909579885945994,0.0781106495634773
1e9,440_SinglePhoton,8650,1.7352743397169463,-0.1049397110050222,0.9909409951903346,0.07795912405925659
1e9,440_SinglePhoton,8700,1.7438986361633133,-0.10477592231834565,0.9909240689162515,0.0778101823893213
1e9,440_SinglePhoton,8750,1.752511635639254,-0.10461721063947715,0.9909072069257803,0.0776637720899886
1e9,440_SinglePhoton,8800,1.7611133263127918,-0.10446357596841671,0.990890411573503,0.07751985051014136
1e9,440_SinglePhoton,8850,1.7697030955379593,-0.1043147975656944,0.9908736892228229,0.07737838381894963
1e9,440_SinglePhoton,8900,1.7782815817652817,-0.1041708754313101,0.990857035242886,0.07723932293458358
1e9,440_SinglePhoton,8950,1.7868483254497767,-0.10403158882579411,0.9908404647690097,0.07710262359906425
1e9,440_SinglePhoton,9000,1.795404252523884,-0.1038970849087929,0.9908239756423475,0.07696825032376037
1e9,440_SinglePhoton,9050,1.8039482556303286,-0.10376706936101332,0.9908075710760307,0.07683616731281584
1e9,440_SinglePhoton,9100,1.8124808120488676,-0.10364146860263201,0.9907912529532819,0.07670633133416438
1e9,440_SinglePhoton,9150,1.821002067340065,-0.10352020905382564,0.9907750254748945,0.07657870736334635
1e9,440_SinglePhoton,9200,1.8295121358745248,-0.10340336429441754,0.9907588782543092,0.076453257452976
1e9,440_SinglePhoton,9250,1.8380103936253482,-0.10329056642529133,0.9907428302692037,0.07632994728957686
1e9,440_SinglePhoton,9300,1.8464975912691846,-0.10318196260609336,0.9907268809207853,0.07620874221881728
1e9,440_SinglePhoton,9350,1.8549732431857737,-0.10307725851753069,0.9907110262010522,0.07608960098121392
1e9,440_SinglePhoton,9400,1.8634379337159057,-0.10297660131924968,0.9906952679017561,0.07597249077004455
1e9,440_SinglePhoton,9450,1.8718914740444415,-0.10287984385160387,0.9906796086167092,0.07585738474068235
1e9,440_SinglePhoton,9500,1.8803335055801997,-0.10278683895494656,0.9906640520305965,0.07574424844240493
1e9,440_SinglePhoton,9550,1.888764456700154,-0.1026976602091011,0.9906485928369843,0.07563304990956485
1e9,440_SinglePhoton,9600,1.897183824752077,-0.10261193971495097,0.9906332375349095,0.07552375105185721
1e9,440_SinglePhoton,9650,1.9055918588742102,-0.10252982463214277,0.9906179817831147,0.07541633193339964
1e9,440_SinglePhoton,9700,1.913988670552454,-0.10245124138085326,0.9906028342927575,0.0753107540337521
1e9,440_SinglePhoton,9750,1.922374525793241,-0.10237618996108233,0.9905877938896838,0.07520698634649152
1e9,440_SinglePhoton,9800,1.930749390773028,-0.10230430247371358,0.9905728671728558,0.07510500307151396
1e9,440_SinglePhoton,9850,1.9391131777883341,-0.10223579965821672,0.9905580532128951,0.07500477094318717
1e9,440_SinglePhoton,9900,1.9474655094685618,-0.1021703871952988,0.9905433545738723,0.07490626540860167
1e9,440_SinglePhoton,9950,1.955806634831229,-0.10210813866478285,0.9905287719701388,0.07480946336792886
1e9,440_SinglePhoton,10000,1.9641369750831854,-0.10204898048684585,0.9905143006279528,0.07471433626142267
5e9,440_SinglePhoton,50,0.20259933542854308,-0.723572977134614,0.9452699718075325,0.48726167215348465
5e9,440_SinglePhoton,100,0.23123970257828808,-0.7022351722465268,0.9511595335056758,0.473256910187309
5e9,440_SinglePhoton,150,0.24152555102997517,-0.6835752214183036,0.9537326196797092,0.4594744928259361
5e9,440_SinglePhoton,200,0.2489000566342309,-0.6653801116317957,0.9555308337348041,0.44588289131915454
5e9,440_SinglePhoton,250,0.25718459162092233,-0.6473304228651127,0.9571015823537973,0.432485249978708
5e9,440_SinglePhoton,300,0.26709944034217187,-0.6294044641059876,0.9585902604069699,0.41931134944182585
5e9,440_SinglePhoton,350,0.27850406954960155,-0.611649296315906,0.9600370823389871,0.4063991320373441
5e9,440_SinglePhoton,400,0.2910514255142276,-0.5941281383474452,0.961451778593064,0.3937863901654239
5e9,440_SinglePhoton,450,0.3043832801738278,-0.5769044739366427,0.9628349257716814,0.3815072940354974
5e9,440_SinglePhoton,500,0.31818538187720535,-0.5600364597188303,0.9641844492337603,0.3695909773256596
5e9,440_SinglePhoton,550,0.3321983631332464,-0.543575100475906,0.9654977090965583,0.35806102279740887
5e9,440_SinglePhoton,600,0.3462137688788571,-0.5275631601709952,0.9667721983248109,0.3469354149706253
5e9,440_SinglePhoton,650,0.3600671363577968,-0.5120349264964879,0.9680057806735878,0.3362267200960755
5e9,440_SinglePhoton,700,0.373630439054121,-0.49701674064095747,0.969196766883431,0.32594245852292153
5e9,440_SinglePhoton,750,0.3868056334433001,-0.4825270855836492,0.9703439300074976,0.3160855489158312
5e9,440_SinglePhoton,800,0.3995189477327795,-0.46857755733383477,0.9714464891082206,0.30665483381462577
5e9,440_SinglePhoton,850,0.4117163088063479,-0.45517321810875966,0.9725040788630446,0.29764561927759936
5e9,440_SinglePhoton,900,0.42335985417407707,-0.4423137735934676,0.9735167081843163,0.2890502352251421
5e9,440_SinglePhoton,950,0.4344248794147303,-0.429994102707722,0.9744847226780284,0.2808585531204974
5e9,440_SinglePhoton,1000,0.4448973591550365,-0.4182051405508739,0.9754087528784119,0.27305849735573356
5e9,440_SinglePhoton,1050,0.4547718621102544,-0.40693452589476575,0.9762896763365507,0.26563648718074445
5e9,440_SinglePhoton,1100,0.46405013787408467,-0.3961673664026173,0.977128570274904,0.2585778568551233
5e9,440_SinglePhoton,1150,0.4727395241507056,-0.38588682725893786,0.9779266721901579,0.251867204416583
5e9,440_SinglePhoton,1200,0.48085209658459455,-0.37607466093644715,0.9786853469473604,0.24548869992306033
5e9,440_SinglePhoton,1250,0.4884031841806704,-0.36671156037402297,0.9794060475323285,0.23942634880667701
5e9,440_SinglePhoton,1300,0.4954110546586537,-0.3577777476066131,0.9800902905400332,0.23366419885203346
5e9,440_SinglePhoton,1350,0.5018961983588291,-0.34925326808019197,0.9807396306066236,0.22818651511152868
5e9,440_SinglePhoton,1400,0.5078804790144836,-0.3411181672407336,0.9813556348546655,0.22297791590914465
5e9,440_SinglePhoton,1450,0.5133866235306271,-0.33335249053421234,0.981939873626542,0.2180234777051667
5e9,440_SinglePhoton,1500,0.5184385605161019,-0.3259374018034358,0.9824938953286048,0.21330881151933237
5e9,440_SinglePhoton,1550,0.523059787806899,-0.31885371171326404,0.983019220740747,0.2088201173420593
5e9,440_SinglePhoton,1600,0.5272743771615312,-0.3120836436403468,0.9835173348309757,0.20454422263113384
5e9,440_SinglePhoton,1650,0.5311058921462916,-0.3056097741392809,0.983989671851945,0.2004685987617203
5e9,440_SinglePhoton,1700,0.5345779111116936,-0.2994157392985056,0.984437619133706,0.19658136755718728
5e9,440_SinglePhoton,1750,0.537712866794738,-0.2934855283844071,0.9848625080199784,0.19287130543152933
5e9,440_SinglePhoton,1800,0.5405330182714408,-0.28780430792319645,0.985265612750386,0.18932782136087364
5e9,440_SinglePhoton,1850,0.5430597859943642,-0.2823580096599705,0.9856481466660694,0.18594095158401325
5e9,440_SinglePhoton,1900,0.5453136827698165,-0.2771332716957208,0.9860112691368487,0.18270133117391119
5e9,440_SinglePhoton,1950,0.5473143994112104,-0.272117497350325,0.9863560752778132,0.17960017387663393
5e9,440_SinglePhoton,2000,0.5490808246107474,-0.2672987962995552,0.9866836049104698,0.1766292450790863
5e9,440_SinglePhoton,2050,0.5506308620289531,-0.26266610230106113,0.9869948437795164,0.17378083294604363
5e9,440_SinglePhoton,2100,0.5519816190978681,-0.2582089966053953,0.9872907206877228,0.17104772079624309
5e9,440_SinglePhoton,2150,0.5531493244163875,-0.2539178845449882,0.9875721105627564,0.1684231647137449
5e9,440_SinglePhoton,2200,0.5541490972162395,-0.2497832891782521,0.9878398413001024,0.16590085810966748
5e9,440_SinglePhoton,2250,0.5549955450993908,-0.2457969696864154,0.9880946872464355,0.16347490973932766
5e9,440_SinglePhoton,2300,0.5557019916289556,-0.24195050866173273,0.9883373817042528,0.16113981804685054
5e9,440_SinglePhoton,2350,0.5562815091196838,-0.23823678368226575,0.9885686133350007,0.15889044168920144
5e9,440_SinglePhoton,2400,0.5567457852685826,-0.23464855460009337,0.9887890237964106,0.1567219783419103
5e9,440_SinglePhoton,2450,0.557106239392717,-0.23117922876019847,0.988999224458839,0.15462994604891803
5e9,440_SinglePhoton,2500,0.5573732826739981,-0.22782268441149345,0.9891997821680153,0.1526101552080662
5e9,440_SinglePhoton,2550,0.5575568586343239,-0.22457327070682054,0.989391231598655,0.15065869369298981
5e9,440_SinglePhoton,2600,0.5576659860333066,-0.221425336799022,0.9895740769644551,0.14877190333508308
5e9,440_SinglePhoton,2650,0.5577094722160929,-0.2183742325117909,0.9897487887314738,0.14694636844260922
5e9,440_SinglePhoton,2700,0.5576949999122215,-0.2154148367648906,0.9899158069570522,0.14517889109875476
5e9,440_SinglePhoton,2750,0.557630120836048,-0.2125429114229529,0.990075550604887,0.1434664835287132
5e9,440_SinglePhoton,2800,0.5575216881781245,-0.2097542772136004,0.990228405310603,0.1418063472561902
5e9,440_SinglePhoton,2850,0.557376114581643,-0.20704499031642132,0.9903747412709306,0.14019586288227975
5e9,440_SinglePhoton,2900,0.5571993227551059,-0.2044114600889505,0.990514898033744,0.13863258017493627
5e9,440_SinglePhoton,2950,0.5569968261244853,-0.2018503313406883,0.9906492000954704,0.13711419894697904
5e9,440_SinglePhoton,3000,0.5567735695317093,-0.19935813115515222,0.9907779513039464,0.13563856688840947
5e9,440_SinglePhoton,3050,0.5565343966768609,-0.19693197524577222,0.9909014361002336,0.13420366303824002
5e9,440_SinglePhoton,3100,0.5562835435444785,-0.19456903818896942,0.9910199205526141,0.13280759097446543
5e9,440_SinglePhoton,3150,0.5560252101330247,-0.19226673001312988,0.9911336568335405,0.1314485726726518
5e9,440_SinglePhoton,3200,0.5557627323235219,-0.1900222252946746,0.9912428836113834,0.1301249321703719
5e9,440_SinglePhoton,3250,0.55549975267393,-0.18783346382891086,0.9913478219678863,0.12883509820342665
5e9,440_SinglePhoton,3300,0.5552393465508128,-0.18569803223319825,0.9914486824939936,0.12757759417681108
5e9,440_SinglePhoton,3350,0.5549842962061422,-0.18361387030284382,0.9915456612487279,0.1263510274973418
5e9,440_SinglePhoton,3400,0.5547371001938818,-0.1815788001071723,0.9916389441052743,0.12515408816384105
5e9,440_SinglePhoton,3450,0.5545003880869573,-0.17959129120841166,0.9917287080158048,0.12398554002298125
5e9,440_SinglePhoton,3500,0.5542760861011535,-0.17764922453887788,0.9918151167852743,0.12284422066856968
5e9,440_SinglePhoton,3550,0.5540664009728886,-0.17575112852379027,0.9918983272565943,0.12172903139212499
5e9,440_SinglePhoton,3600,0.5538728608137439,-0.17389517841042068,0.9919784863343385,0.1206389356555259
5e9,440_SinglePhoton,3650,0.553697419610285,-0.17208019693894483,0.9920557310009938,0.11957295466059316
5e9,440_SinglePhoton,3700,0.5535412730237853,-0.17030441821962572,0.9921301932901203,0.11853016289359557
5e9,440_SinglePhoton,3750,0.5534058318330267,-0.1685667238556301,0.9922019981668304,0.11750968508065472
5e9,440_SinglePhoton,3800,0.5532923021531548,-0.16686564227217726,0.9922712598648569,0.11651069279693636
5e9,440_SinglePhoton,3850,0.5532018035429911,-0.16520005507243407,0.9923380937524957,0.11553240224152013
5e9,440_SinglePhoton,3900,0.5531350973462114,-0.1635687849965759,0.9924026010581286,0.11457406884240669
5e9,440_SinglePhoton,3950,0.553093191040664,-0.16197065478477812,0.9924648810665158,0.11363498915487673
5e9,440_SinglePhoton,4000,0.5530766735976181,-0.1604045460402076,0.9925250288320899,0.1127144941744427
5e9,440_SinglePhoton,4050,0.5530862940468018,-0.15886963468098703,0.9925831331716269,0.11181194966732112
5e9,440_SinglePhoton,4100,0.5531225423839873,-0.15736486117327442,0.9926392776717688,0.1109267523538382
5e9,440_SinglePhoton,4150,0.5531859217904054,-0.15588934257220133,0.9926935423805953,0.11005832963778557
5e9,440_SinglePhoton,4200,0.553276752160778,-0.15444201934392576,0.9927460058531136,0.10920613504395399
5e9,440_SinglePhoton,4250,0.553395567131092,-0.15302242058451776,0.99279673492025,0.10836965109204938
5e9,440_SinglePhoton,4300,0.5535424064112647,-0.15162936903415303,0.9928458015756491,0.10754838358844251
5e9,440_SinglePhoton,4350,0.5537176357063714,-0.1502623937889015,0.9928932724278863,0.10674186058050983
5e9,440_SinglePhoton,4400,0.5539213896179795,-0.14892061190389483,0.9929392066700518,0.10594963346369807
5e9,440_SinglePhoton,4450,0.554153641004818,-0.14760325816024722,0.9929836638459801,0.10517127426905826
5e9,440_SinglePhoton,4500,0.5544146308467722,-0.14630992051701996,0.9930267000255147,0.1044063743412194
5e9,440_SinglePhoton,4550,0.5547041904544998,-0.14503965716635348,0.9930683685454804,0.10365454268915648
5e9,440_SinglePhoton,4600,0.5550224989699759,-0.14379205606730916,0.9931087191851841,0.10291540650590848
5e9,440_SinglePhoton,4650,0.5553694105260947,-0.14256641086399235,0.9931478018432014,0.10218860703256331
5e9,440_SinglePhoton,4700,0.5557448329532704,-0.1413622506524732,0.993185663984381,0.10147380362063478
5e9,440_SinglePhoton,4750,0.5561485904071297,-0.1401788102138657,0.9932223458960404,0.10077066853047645
5e9,440_SinglePhoton,4800,0.5565806480900488,-0.13901585409620498,0.9932578916445721,0.10007888777262249
5e9,440_SinglePhoton,4850,0.5570408491898008,-0.13787279366957883,0.9932923413204401,0.09939816254820841
5e9,440_SinglePhoton,4900,0.55752886209269,-0.13674892257809246,0.9933257328489127,0.09872820351239898
5e9,440_SinglePhoton,4950,0.5580446330069054,-0.1356440642327723,0.9933581025647391,0.09806873344726055
5e9,440_SinglePhoton,5000,0.5585878797281335,-0.1345576300037059,0.9933894878481644,0.09741948699846753
5e9,440_SinglePhoton,5050,0.5591582935993332,-0.13348909012397248,0.9934199190614045,0.09678020809528368
5e9,440_SinglePhoton,5100,0.559755729522802,-0.13243826800459813,0.9934494291543935,0.09615065268080775
5e9,440_SinglePhoton,5150,0.5603798437865948,-0.13140451615267945,0.9934780504605504,0.09553058314114943
5e9,440_SinglePhoton,5200,0.561030392256405,-0.13038759911625153,0.9935058097331907,0.09491977349717591
5e9,440_SinglePhoton,5250,0.5617070500263074,-0.12938704599138462,0.9935327375777888,0.09431800496439446
5e9,440_SinglePhoton,5300,0.56240957538088,-0.12840256246312243,0.9935588602594024,0.09372506751584812
5e9,440_SinglePhoton,5350,0.5631376199246584,-0.12743373649052658,0.9935842024636178,0.0931407557365806
5e9,440_SinglePhoton,5400,0.5638909185175971,-0.12648033262163194,0.9936087903375929,0.09256487536072644
5e9,440_SinglePhoton,5450,0.5646690190102561,-0.12554182108951772,0.9936326465692917,0.09199723796405465
5e9,440_SinglePhoton,5500,0.5654717292478145,-0.12461796644221879,0.9936557951423431,0.09143765951092274
5e9,440_SinglePhoton,5550,0.5662986579940253,-0.12370853322777031,0.9936782567900403,0.09088596422561872
5e9,440_SinglePhoton,5600,0.567149513312752,-0.12281322713121623,0.9937000537496586,0.09034198392048325
5e9,440_SinglePhoton,5650,0.5680239294959394,-0.12193163611161795,0.9937212067679142,0.08980555226889203
5e9,440_SinglePhoton,5700,0.5689215232646502,-0.12106352471701043,0.9937417340726097,0.08927651049520205
5e9,440_SinglePhoton,5750,0.5698421528894033,-0.12020871635842012,0.9937616534197988,0.08875470571451366
5e9,440_SinglePhoton,5800,0.5707852585783258,-0.11936679899490843,0.9937809860270305,0.08823998768146506
5e9,440_SinglePhoton,5850,0.5717505692056963,-0.11853759603750169,0.9937997471225027,0.08773221313918397
5e9,440_SinglePhoton,5900,0.5727378061232966,-0.11772081317124361,0.9938179536443503,0.08723124167087447
5e9,440_SinglePhoton,5950,0.5737464638896813,-0.11691621494416948,0.9938356214641845,0.08673693957877894
5e9,440_SinglePhoton,6000,0.5747764108865148,-0.11612362476730553,0.993852765557569,0.08624917314182279
5e9,440_SinglePhoton,6050,0.5758272406494844,-0.11534274832569569,0.993869404112957,0.0857678167429666
5e9,440_SinglePhoton,6100,0.5768986916175143,-0.11457340903036617,0.9938855489228285,0.08529274625284072
5e9,440_SinglePhoton,6150,0.577990199826118,-0.11381537142935205,0.9939012130691207,0.08482384156503726
5e9,440_SinglePhoton,6200,0.5791017345745998,-0.11306840007068863,0.9939164120542343,0.08436098665184842
5e9,440_SinglePhoton,6250,0.5802326024760224,-0.11233225950241077,0.9939311563631549,0.0839040689039155
5e9,440_SinglePhoton,6300,0.5813829185627168,-0.11160683199853616,0.9939454633328975,0.08345297792672217
5e9,440_SinglePhoton,6350,0.582552020542472,-0.11089182324410873,0.9939593397138364,0.08300760778629411
5e9,440_SinglePhoton,6400,0.5837397608125278,-0.11018711551314575,0.9939727968038806,0.08256785408443407
5e9,440_SinglePhoton,6450,0.5849457559445174,-0.10949253221667388,0.9939858537352372,0.08213361541199227
5e9,440_SinglePhoton,6500,0.5861697287760431,-0.10880795562871037,0.9939985121878596,0.08170479553306047
5e9,440_SinglePhoton,6550,0.5874113804941982,-0.10813303257130813,0.9940107872575552,0.0812812973423273
5e9,440_SinglePhoton,6600,0.5886703427060709,-0.10746770418147567,0.9940226894511089,0.08086302792320745
5e9,440_SinglePhoton,6650,0.5899463688594058,-0.10681179387023954,0.9940342251098241,0.08044989614956967
5e9,440_SinglePhoton,6700,0.5912390964009306,-0.10616494845965219,0.9940454085084115,0.0800418133927781
5e9,440_SinglePhoton,6750,0.5925484601409636,-0.10552746226466991,0.994056243858855,0.07963869437671967
5e9,440_SinglePhoton,6800,0.5938737729688467,-0.10489868779238909,0.9940667450758718,0.07924045534676712
5e9,440_SinglePhoton,6850,0.5952150524809239,-0.10427874276879234,0.9940769175934354,0.07884701606096894
5e9,440_SinglePhoton,6900,0.5965719906395285,-0.10366745060490579,0.9940867700773349,0.07845829483221181
5e9,440_SinglePhoton,6950,0.5979442144699334,-0.10306463471175586,0.9940963113051534,0.07807421375294912
5e9,440_SinglePhoton,7000,0.5993314829654863,-0.1024701185003688,0.9941055488107675,0.07769469814161836
5e9,440_SinglePhoton,7050,0.6007337130008205,-0.10188396083373596,0.9941144918309045,0.07731967295551942
5e9,440_SinglePhoton,7100,0.6021501270373012,-0.1013055730819451,0.9941231463896028,0.07694906562955597
5e9,440_SinglePhoton,7150,0.6035811418939927,-0.10073536728593457,0.9941315189216018,0.07658280688196761
5e9,440_SinglePhoton,7200,0.6050259288958073,-0.10017287254177476,0.9941396156260013,0.07622082617671395
5e9,440_SinglePhoton,7250,0.6064845904533874,-0.0996180299864744,0.9941474452438308,0.07586305803420959
5e9,440_SinglePhoton,7300,0.6079567716999523,-0.09907078075704223,0.9941550153457281,0.07550943603040365
5e9,440_SinglePhoton,7350,0.6094420648499765,-0.09853088940151333,0.9941623297892195,0.07515989494119725
5e9,440_SinglePhoton,7400,0.6109405225758425,-0.09799841478287896,0.9941693945887047,0.07481437171040382
5e9,440_SinglePhoton,7450,0.6124518030811461,-0.0974731214491743,0.994176218133801,0.07447280584268585
5e9,440_SinglePhoton,7500,0.613975539250591,-0.09695483281142547,0.9941828043773846,0.07413513624174702
5e9,440_SinglePhoton,7550,0.6155115897481466,-0.09644360773262395,0.9941891576999284,0.07380130466113952
5e9,440_SinglePhoton,7600,0.6170598893345856,-0.09593932848678699,0.9941952866114329,0.07347125430124563
5e9,440_SinglePhoton,7650,0.6186199111040773,-0.09544158303297634,0.9942011942297656,0.07314492707484802
5e9,440_SinglePhoton,7700,0.6201916760690562,-0.09495066568614785,0.9942068867310747,0.07282227077840304
5e9,440_SinglePhoton,7750,0.6217748685902589,-0.09446628213134545,0.9942123698195561,0.07250322937550277
5e9,440_SinglePhoton,7800,0.62336925315267,-0.09398825577959558,0.9942176459006018,0.07218774933533192
5e9,440_SinglePhoton,7850,0.6249746670186174,-0.09351670435688064,0.9942227214351098,0.07187578013484479
5e9,440_SinglePhoton,7900,0.6265909240331725,-0.09305133354824446,0.9942276019907584,0.07156727047722784
5e9,440_SinglePhoton,7950,0.6282179274357972,-0.09259226107966945,0.9942322894430848,0.0712621711804403
5e9,440_SinglePhoton,8000,0.6298552552477785,-0.09213913377320837,0.9942367895613993,0.07096043369407545
5e9,440_SinglePhoton,8050,0.6315028354824,-0.09169201049185238,0.9942411068549518,0.07066201010188511
5e9,440_SinglePhoton,8100,0.6331604503296622,-0.09125083237261022,0.9942452452784738,0.0703668551576982
5e9,440_SinglePhoton,8150,0.634828011856188,-0.09081554055249075,0.9942492084345101,0.07007492034947499
5e9,440_SinglePhoton,8200,0.6365053086852046,-0.09038589957952892,0.9942530000661013,0.06978616382169434
5e9,440_SinglePhoton,8250,0.6381919701821623,-0.08996190945372495,0.9942566249952612,0.06950053873036466
5e9,440_SinglePhoton,8300,0.6398878905588831,-0.08954339358610497,0.994260086898268,0.06921800339834636
5e9,440_SinglePhoton,8350,0.6415932120146823,-0.08913052856564274,0.9942633877312503,0.0689385137665563
5e9,440_SinglePhoton,8400,0.6433073581631233,-0.0887230200773822,0.9942665323809923,0.06866203181631693
5e9,440_SinglePhoton,8450,0.6450303057381395,-0.08832080925833186,0.9942695219537283,0.06838851504024276
5e9,440_SinglePhoton,8500,0.646762050321338,-0.08792395497148331,0.9942723632472585,0.06811792489273151
5e9,440_SinglePhoton,8550,0.6485021437205586,-0.08753216290188015,0.9942750578758052,0.06785021959352365
5e9,440_SinglePhoton,8600,0.6502506654416741,-0.08714560963849616,0.9942776105553867,0.06758536216564355
5e9,440_SinglePhoton,8650,0.6520073182655955,-0.08676394200338389,0.9942800190506961,0.06732331550162861
5e9,440_SinglePhoton,8700,0.6537719888334537,-0.08638733658551723,0.9942822930836591,0.06706404266869583
5e9,440_SinglePhoton,8750,0.6555445276805352,-0.08601555793293103,0.9942844298169742,0.06680750573241387
5e9,440_SinglePhoton,8800,0.6573248668430762,-0.08564866490861667,0.9942864382021118,0.0665536688001742
5e9,440_SinglePhoton,8850,0.6591127899934767,-0.08528659864958288,0.9942883156711653,0.06630249734706689
5e9,440_SinglePhoton,8900,0.660908146367219,-0.08492912370386463,0.9942900685602425,0.06605395886068917
5e9,440_SinglePhoton,8950,0.662710824904281,-0.08457641666043592,0.9942916969639768,0.06580801465905113
5e9,440_SinglePhoton,9000,0.6645207387243974,-0.08422824206733148,0.9942932043632365,0.06556463561445107
5e9,440_SinglePhoton,9050,0.6663376066162916,-0.0838845410615604,0.9942945910502966,0.06532378935183603
5e9,440_SinglePhoton,9100,0.6681614044471917,-0.0835452547801312,0.9942958646884593,0.06508544265000507
5e9,440_SinglePhoton,9150,0.6699920442879741,-0.08321050094902649,0.9942970226938461,0.06484956354410615
5e9,440_SinglePhoton,9200,0.6718293091268,-0.08288004411628125,0.9942980691041592,0.06461612222189943
5e9,440_SinglePhoton,9250,0.6736730670153528,-0.08255376655591307,0.9942990076663779,0.0643850884833437
5e9,440_SinglePhoton,9300,0.6755232945945252,-0.08223178599390446,0.9942998379167478,0.06415643019571171
5e9,440_SinglePhoton,9350,0.6773797318317454,-0.08191398470427291,0.9943005635692772,0.06393012031753656
5e9,440_SinglePhoton,9400,0.6792424617174092,-0.08160036268701854,0.9943011875266691,0.06370612741288277
5e9,440_SinglePhoton,9450,0.6811112005263081,-0.08129068449017629,0.9943017097817549,0.06348442547039922
5e9,440_SinglePhoton,9500,0.6829857740920228,-0.08098495011374618,0.9943021323208661,0.06326498518333631
5e9,440_SinglePhoton,9550,0.6848663761240704,-0.08068339500969313,0.9943024598847973,0.06304777959557127
5e9,440_SinglePhoton,9600,0.6867524625928857,-0.08038560713707854,0.9943026915107563,0.06283278227746428
5e9,440_SinglePhoton,9650,0.6886443314375641,-0.08009170422188494,0.9943028310310731,0.06261996651280853
5e9,440_SinglePhoton,9700,0.6905416568636144,-0.07980156853812992,0.9943028782908008,0.06240930579377053
5e9,440_SinglePhoton,9750,0.6924443733913127,-0.07951525894880451,0.9943028363221622,0.06220077537360691
5e9,440_SinglePhoton,9800,0.6943523665447939,-0.07923259886493517,0.9943027082636492,0.061994349155987526
5e9,440_SinglePhoton,9850,0.6962656986439378,-0.07895364714951303,0.994302491198182,0.061790000693715236
5e9,440_SinglePhoton,9900,0.698184043170543,-0.0786782860765558,0.9943021908364248,0.061587709736657795
5e9,440_SinglePhoton,9950,0.7001074180539743,-0.07840651564606338,0.9943018078477427,0.06138744925760321
5e9,440_SinglePhoton,10000,0.7020358222941738,-0.0781383947210269,0.9943013444370742,0.0611891952750776
1e9,440_ComptonOnly,50,0.4127886701553018,-0.359640242685104,1.0116435855243058,0.31399094780262515
1e9,440_ComptonOnly,100,0.46772421014765825,-0.26036590360330536,1.0108538492747647,0.2572185368140817
1e9,440_ComptonOnly,150,0.5166691730548526,-0.2098097220693288,1.010240696329194,0.22921481022711648
1e9,440_ComptonOnly,200,0.5651666747020814,-0.1804537271250527,1.0098487892632078,0.2134140860895103
1e9,440_ComptonOnly,250,0.6105455349643719,-0.16223241968184787,1.009593506149337,0.2038063854373746
1e9,440_ComptonOnly,300,0.651445953397101,-0.15048694606752322,1.0094229354391058,0.19767551282116727
1e9,440_ComptonOnly,350,0.6878992214366547,-0.14278210844998263,1.009307240522761,0.19365352398722682
1e9,440_ComptonOnly,400,0.7205081754866808,-0.13770480632265714,1.0092274698253183,0.19096056921632645
1e9,440_ComptonOnly,450,0.750016023186273,-0.1343920955178276,1.0091711374674368,0.18912874306121102
1e9,440_ComptonOnly,500,0.7771279050825944,-0.13229249525982467,1.0091299001211052,0.18786514638005328
1e9,440_ComptonOnly,550,0.8024519686063478,-0.13103876865053388,1.0090982065913026,0.18698077165575053
1e9,440_ComptonOnly,600,0.8264932640873731,-0.13037919911442952,1.009072475663565,0.18635166384062918
1e9,440_ComptonOnly,650,0.8496608704831792,-0.13013697433611005,1.0090505272295416,0.18589622538921724
1e9,440_ComptonOnly,700,0.8722810018950445,-0.13018656713701748,1.0090311487794608,0.18556102435136382
1e9,440_ComptonOnly,750,0.8946110030079713,-0.1304386516116598,1.0090137153925196,0.18531118699497687
1e9,440_ComptonOnly,800,0.9168485342460744,-0.13082921331376174,1.0089979080143237,0.18512371908468436
1e9,440_ComptonOnly,850,0.93914216052695,-0.13131255917305118,1.0089835126855553,0.18498296648670562
1e9,440_ComptonOnly,900,0.96160175748697,-0.13185631406727372,1.0089703360531017,0.18487771006537498
1e9,440_ComptonOnly,950,0.9843064519371043,-0.13243730035208856,1.0089581615839727,0.1847994626238776
1e9,440_ComptonOnly,1000,1.0073124808244702,-0.13303874182778208,1.0089467983803766,0.1847415760939942
1e9,440_ComptonOnly,1050,1.030659572118937,-0.1336490864620956,1.0089360977852608,0.18469869102760006
1e9,440_ComptonOnly,1100,1.054376173242918,-0.13425987257534888,1.0089259409961133,0.184666493740198
1e9,440_ComptonOnly,1150,1.0784808350219324,-0.13486499304220767,1.0089162630288093,0.18464149112756081
1e9,440_ComptonOnly,1200,1.1029864054986362,-0.13546084245133005,1.0089070504042328,0.18462090103786005
1e9,440_ComptonOnly,1250,1.127900401116087,-0.13604499266854708,1.0088982895527898,0.1846024639750018
1e9,440_ComptonOnly,1300,1.1532263823913766,-0.1366159720973924,1.0088899763959087,0.1845843668096876
1e9,440_ComptonOnly,1350,1.178964512817784,-0.13717333925892639,1.0088821099008138,0.18456512981602358
1e9,440_ComptonOnly,1400,1.2051124275664193,-0.13771716773297227,1.0088746840117582,0.18454353006952134
1e9,440_ComptonOnly,1450,1.2316655851363583,-0.13824782541864666,1.0088676727216108,0.1845186242056642
1e9,440_ComptonOnly,1500,1.2586174784647406,-0.13876597453435913,1.0088610535846203,0.18448960471796996
1e9,440_ComptonOnly,1550,1.285959849135057,-0.13927205655904973,1.0088547914554244,0.1844559023257652
1e9,440_ComptonOnly,1600,1.3136838280508052,-0.13976717519006776,1.0088488510310554,0.18441707792780554
1e9,440_ComptonOnly,1650,1.3417784893716225,-0.14025155116688337,1.0088431998449898,0.18437284102681595
1e9,440_ComptonOnly,1700,1.3702329972832097,-0.14072606744737615,1.0088378063191576,0.18432303192498065
1e9,440_ComptonOnly,1750,1.3990356412127456,-0.14119123909030917,1.0088326393805098,0.1842675999290194
1e9,440_ComptonOnly,1800,1.4281742165744653,-0.14164758115444565,1.008827690777671,0.1842065888641325
1e9,440_ComptonOnly,1850,1.457636119808829,-0.14209546153890207,1.0088229287714554,0.18414013998016132
1e9,440_ComptonOnly,1900,1.487408237039915,-0.14253524814279506,1.008818345039253,0.18406844732019279
1e9,440_ComptonOnly,1950,1.5174783190338934,-0.1429673088652409,1.0088139381436125,0.18399175565765194
1e9,440_ComptonOnly,2000,1.5478330020153945,-0.14339186444570973,1.008809692333028,0.1839103472472868
1e9,440_ComptonOnly,2050,1.5784592191775042,-0.1438092092034946,1.0088056115666866,0.1838245607893087
1e9,440_ComptonOnly,2100,1.6093443508965368,-0.14421941671841898,1.0088016923819223,0.1837347063731621
1e9,440_ComptonOnly,2150,1.6404756579694386,-0.14462278130977602,1.0087979189042153,0.1836411215280001
1e9,440_ComptonOnly,2200,1.6718400326615703,-0.14501922939774237,1.0087943288615346,0.18354415720765715
1e9,440_ComptonOnly,2250,1.7034256916715629,-0.14540920246125788,1.0087908909244192,0.1834441226117332
1e9,440_ComptonOnly,2300,1.7352203327343863,-0.14579270050032256,1.0087876097256754,0.1833413525829217
1e9,440_ComptonOnly,2350,1.767211926370378,-0.1461698706745831,1.0087845027829294,0.18323615579981475
1e9,440_ComptonOnly,2400,1.799388452183287,-0.1465407865638626,1.0087815528027326,0.18312881300466236
1e9,440_ComptonOnly,2450,1.8317392080977508,-0.14690574248745447,1.0087787574279894,0.18301959654597683
1e9,440_ComptonOnly,2500,1.8642526713544585,-0.14726488560500528,1.0087761200661374,0.1829087685283531
1e9,440_ComptonOnly,2550,1.896918187477022,-0.14761828949633837,1.0087736344774845,0.18279654243652482
1e9,440_ComptonOnly,2600,1.9297245650629609,-0.14796610132110022,1.0087712914277773,0.18268310497688814
1e9,440_ComptonOnly,2650,1.9626616480644739,-0.1483084682389375,1.0087690861707523,0.18256867007907762
1e9,440_ComptonOnly,2700,1.9957199719804313,-0.14864575814896686,1.0087670191908817,0.1824534066881813
1e9,440_ComptonOnly,2750,2.028888711548732,-0.1489778974713648,1.008765075416171,0.1823374976733715
1e9,440_ComptonOnly,2800,2.0621591278655402,-0.14930540126489455,1.0087632503484942,0.18222105153393417
1e9,440_ComptonOnly,2850,2.0955207159004865,-0.14962790163043949,1.0087615337651799,0.18210418775511725
1e9,440_ComptonOnly,2900,2.1289649542496707,-0.1499460607864096,1.008759923649153,0.18198708382076512
1e9,440_ComptonOnly,2950,2.1624829372489076,-0.15025987873280455,1.0087584020941607,0.18186982280204195
1e9,440_ComptonOnly,3000,2.1960654311983188,-0.15056950262927127,1.0087569714014168,0.18175249186775566
1e9,440_ComptonOnly,3050,2.229703190277316,-0.15087500605563287,1.00875563000584,0.18163522334986792
1e9,440_ComptonOnly,3100,2.2633889408610615,-0.15117668333118262,1.0087543632149634,0.18151807948183699
1e9,440_ComptonOnly,3150,2.2971136584877714,-0.1514746816155671,1.0087531709105,0.18140117140800166
1e9,440_ComptonOnly,3200,2.330868791376295,-0.15176900090878642,1.0087520385815238,0.18128457104019036
1e9,440_ComptonOnly,3250,2.3646473216133552,-0.15206000910995698,1.0087509716447505,0.18116833234366636
1e9,440_ComptonOnly,3300,2.3984408568828908,-0.15234763263925544,1.008749961863935,0.18105252634204222
1e9,440_ComptonOnly,3350,2.4322418636460457,-0.15263216581597516,1.0087490088267237,0.1809372375029697
1e9,440_ComptonOnly,3400,2.466043244718493,-0.1529136822199394,1.0087481061204175,0.1808225273061057
1e9,440_ComptonOnly,3450,2.4998366452637204,-0.15319218185114813,1.0087472502510597,0.1807084420109211
1e9,440_ComptonOnly,3500,2.5336160986024363,-0.1534678854490713,1.008746435784696,0.1805950443064868
1e9,440_ComptonOnly,3550,2.5673743991733757,-0.1537409401733555,1.0087456691896004,0.1804823877828137
1e9,440_ComptonOnly,3600,2.6011048255273597,-0.15401141960382403,1.0087449408567994,0.18037052034052567
1e9,440_ComptonOnly,3650,2.634801063066479,-0.1542794709001234,1.008744254935883,0.18025947310792095
1e9,440_ComptonOnly,3700,2.668456232385703,-0.15454494690260723,1.0087436054751597,0.18014928711505673
1e9,440_ComptonOnly,3750,2.702065365681498,-0.1548083626700385,1.0087429873921436,0.18003999331664192
1e9,440_ComptonOnly,3800,2.7356212353646865,-0.1550693503033006,1.0087424093521002,0.17993164368543252
1e9,440_ComptonOnly,3850,2.7691187182623604,-0.15532820412168702,1.008741858072715,0.17982426121525105
1e9,440_ComptonOnly,3900,2.802552766928005,-0.1555850712848441,1.0087413454406398,0.17971787389995103
1e9,440_ComptonOnly,3950,2.8359175375519285,-0.1558398046331254,1.0087408539278286,0.17961248710135888
1e9,440_ComptonOnly,4000,2.869208059060741,-0.15609262490600073,1.008740400906664,0.1795081515953036
1e9,440_ComptonOnly,4050,2.9024196774652977,-0.15634353210347018,1.0087399716848906,0.1794048805694354
1e9,440_ComptonOnly,4100,2.935547210844282,-0.15659252622553366,1.0087395658462455,0.17930270530938908
1e9,440_ComptonOnly,4150,2.968587645720152,-0.1568398280116612,1.0087391932513528,0.17920161754911243
1e9,440_ComptonOnly,4200,3.0015354686269453,-0.15708529030220597,1.0087388369262102,0.17910165780819723
1e9,440_ComptonOnly,4250,3.0343873357647153,-0.15732913383663816,1.008738508577209,0.1790028349930604
1e9,440_ComptonOnly,4300,3.067138059795353,-0.15757106429566436,1.0087382043004747,0.17890513046938952
1e9,440_ComptonOnly,4350,3.0997852684249527,-0.15781137599857797,1.0087379240895222,0.17880857068199552
1e9,440_ComptonOnly,4400,3.1323257365062984,-0.15805021610502534,1.0087376592511372,0.17871318015873489
1e9,440_ComptonOnly,4450,3.1647559248701578,-0.15828736387553677,1.0087374227566277,0.17861893812939791
1e9,440_ComptonOnly,4500,3.1970720469622513,-0.15852281931011225,1.0087372054496744,0.17852585892292308
1e9,440_ComptonOnly,4550,3.2292718604252277,-0.1587568031482215,1.0087370078524633,0.1784339534324686
1e9,440_ComptonOnly,4600,3.2613527140633654,-0.15898924181004148,1.008736821689778,0.1783432349565892
1e9,440_ComptonOnly,4650,3.293311181845582,-0.159220135295572,1.008736659316198,0.1782536839837186
1e9,440_ComptonOnly,4700,3.3251459952925755,-0.1594494100249898,1.008736521890384,0.1781653011774209
1e9,440_ComptonOnly,4750,3.356854598798535,-0.15967728673776482,1.0087363957855662,0.1780780924252064
1e9,440_ComptonOnly,4800,3.3884343325437256,-0.15990369185407372,1.008736288192653,0.17799207171061324
1e9,440_ComptonOnly,4850,3.4198836262214476,-0.1601284782142699,1.0087361985277665,0.1779071921316808
1e9,440_ComptonOnly,4900,3.451201698373143,-0.1603518665578233,1.0087361183916383,0.17782347280014538
1e9,440_ComptonOnly,4950,3.4823854828041227,-0.16057385688473402,1.0087360622170014,0.17774092995614912
1e9,440_ComptonOnly,5000,3.5134333569157774,-0.1607943756151785,1.008736024626071,0.1776595119339191
1e9,440_ComptonOnly,5050,3.544344388519576,-0.16101334916933363,1.008735996106484,0.17757924442332598
1e9,440_ComptonOnly,5100,3.5751175605479038,-0.16123085112702273,1.0087359802668947,0.1775000918801636
1e9,440_ComptonOnly,5150,3.60575148157238,-0.1614470286478923,1.008735976124987,0.1774220314894074
1e9,440_ComptonOnly,5200,3.6362442390853102,-0.16166166099247237,1.008735996741149,0.1773451038611643
1e9,440_ComptonOnly,5250,3.6665965216684397,-0.161874968900233,1.0087360216658103,0.17726928302544614
1e9,440_ComptonOnly,5300,3.696806375096463,-0.16208680521152763,1.0087360565464378,0.1771945190025995
1e9,440_ComptonOnly,5350,3.7268731327873086,-0.1622973170860027,1.0087361074883818,0.17712084993859747
1e9,440_ComptonOnly,5400,3.7567955326385003,-0.16250635736401164,1.0087361696754833,0.17704822351858507
1e9,440_ComptonOnly,5450,3.786573660269987,-0.16271392604555457,1.0087362426732287,0.17697663736735966
1e9,440_ComptonOnly,5500,3.816207218995391,-0.16292017029027794,1.0087363267656821,0.17690610376528507
1e9,440_ComptonOnly,5550,3.8456945951820094,-0.16312486935871195,1.008736417736001,0.17683658201304053
1e9,440_ComptonOnly,5600,3.875036881298897,-0.16332831757014976,1.0087365219703643,0.17676804883532932
1e9,440_ComptonOnly,5650,3.9042328095386125,-0.16353029418512155,1.0087366270114044,0.1767004887615125
1e9,440_ComptonOnly,5700,3.9332814099692155,-0.16373087278345044,1.0087367479945684,0.1766339195556512
1e9,440_ComptonOnly,5750,3.9621848950268337,-0.16393005336513655,1.0087368759275774,0.1765682957331932
1e9,440_ComptonOnly,5800,3.990940550376793,-0.16412790951000322,1.0087370076493871,0.17650362504482264
1e9,440_ComptonOnly,5850,4.019549895262129,-0.16432444121805045,1.008737148473556,0.17643988717857378
1e9,440_ComptonOnly,5900,4.048011625090821,-0.16451950132963145,1.0087372968984207,0.17637704734408546
1e9,440_ComptonOnly,5950,4.076326549812114,-0.16471316342456976,1.0087374492005265,0.17631510916981896
1e9,440_ComptonOnly,6000,4.104494072648984,-0.1649054275028652,1.0087376063528568,0.17625405406458092
1e9,440_ComptonOnly,6050,4.132515007829003,-0.16509629356451794,1.0087377688332406,0.17619385795099185
1e9,440_ComptonOnly,6100,4.160389466602541,-0.1652857616095278,1.008737935662157,0.17613451137572605
1e9,440_ComptonOnly,6150,4.188117611552405,-0.1654740523773649,1.0087381091576448,0.17607601481576468
1e9,440_ComptonOnly,6200,4.215698053837824,-0.1656607243890892,1.008738286927569,0.17601832655765273
1e9,440_ComptonOnly,6250,4.243132715082896,-0.1658459983841707,1.0087384635511016,0.17596145793308746
1e9,440_ComptonOnly,6300,4.270422466616806,-0.1660300215222561,1.0087386505582643,0.17590538481892268
1e9,440_ComptonOnly,6350,4.29756559892832,-0.16621257306387527,1.008738834558158,0.17585010514947422
1e9,440_ComptonOnly,6400,4.324563312860714,-0.16639372658885176,1.0087390225394905,0.17579557055794306
1e9,440_ComptonOnly,6450,4.351416821328891,-0.1665735556770087,1.0087392196712657,0.17574179861540243
1e9,440_ComptonOnly,6500,4.378124809868665,-0.16675198674852287,1.008739405688259,0.17568876604277553
1e9,440_ComptonOnly,6550,4.404688781244027,-0.16692894622357102,1.0087396075944437,0.17563647572399943
1e9,440_ComptonOnly,6600,4.431108263743222,-0.16710465484162296,1.008739800631654,0.17558491319067923
1e9,440_ComptonOnly,6650,4.457385440116311,-0.167278965443032,1.008740000777519,0.17553401592138512
1e9,440_ComptonOnly,6700,4.483518235558267,-0.16745173086815168,1.0087402038030462,0.1754838141306051
1e9,440_ComptonOnly,6750,4.509508716323296,-0.16762324543627527,1.0087403978450313,0.17543430768144505
1e9,440_ComptonOnly,6800,4.535357643540517,-0.16779336198775596,1.0087405996394785,0.17538546358816884
1e9,440_ComptonOnly,6850,4.561064092622163,-0.16796208052259398,1.0087408039541388,0.1753372650955211
1e9,440_ComptonOnly,6900,4.5866300219853935,-0.16812947462061234,1.0087410045729852,0.17528970374358746
1e9,440_ComptonOnly,6950,4.612055170500429,-0.16829547070198803,1.0087412160428397,0.1752427666943586
1e9,440_ComptonOnly,7000,4.637339566773325,-0.16845992160707435,1.0087414178641199,0.1751964684182187
1e9,440_ComptonOnly,7050,4.662483574843355,-0.16862312165516447,1.0087416205425563,0.17515077644045568
1e9,440_ComptonOnly,7100,4.687490002683065,-0.16878485010678845,1.0087418318202233,0.17510566578465558
1e9,440_ComptonOnly,7150,4.712356992513502,-0.1689452541215929,1.0087420381512162,0.17506118059568415
1e9,440_ComptonOnly,7200,4.737087952132215,-0.16910440727940124,1.0087422420699006,0.17501725713101252
1e9,440_ComptonOnly,7250,4.761680650356731,-0.1692620152609201,1.0087424486105132,0.1749738704809437
1e9,440_ComptonOnly,7300,4.786135434506136,-0.16941829880561954,1.0087426527054788,0.17493104898688577
1e9,440_ComptonOnly,7350,4.810454662453211,-0.16957333149332277,1.0087428609975138,0.1748888089962237
1e9,440_ComptonOnly,7400,4.834637497996052,-0.16972681900473663,1.0087430643494484,0.17484707140644554
1e9,440_ComptonOnly,7450,4.858686440621629,-0.16987898207933105,1.0087432746558729,0.1748058709944634
1e9,440_ComptonOnly,7500,4.8826003942070555,-0.1700299678767525,1.0087434772961639,0.17476517438817943
1e9,440_ComptonOnly,7550,4.906380909515556,-0.1701794084978846,1.0087436837910142,0.1747250015425532
1e9,440_ComptonOnly,7600,4.9300261728286445,-0.1703274511023739,1.008743886497918,0.1746853333444106
1e9,440_ComptonOnly,7650,4.953540858378083,-0.17047431642969024,1.0087440919638717,0.174646141526537
1e9,440_ComptonOnly,7700,4.97692196591791,-0.17061971016054056,1.0087442936663524,0.17460745686211024
1e9,440_ComptonOnly,7750,5.000172495120625,-0.17076392661421802,1.0087444971438175,0.17456923768531452
1e9,440_ComptonOnly,7800,5.0232922705331156,-0.17090667147142935,1.0087447034562897,0.17453147909681377
1e9,440_ComptonOnly,7850,5.046281472960282,-0.17104823905146782,1.0087449067195136,0.17449418527212956
1e9,440_ComptonOnly,7900,5.069141593610933,-0.17118826145521693,1.0087451032490136,0.17445729485178865
1e9,440_ComptonOnly,7950,5.09187247180421,-0.17132703300196983,1.0087453061687401,0.17442086583413483
1e9,440_ComptonOnly,8000,5.114476525219751,-0.17146462727154987,1.008745496053272,0.17438488079076725
1e9,440_ComptonOnly,8050,5.136952124486089,-0.1716007499446638,1.0087457008034708,0.17434931193937434
1e9,440_ComptonOnly,8100,5.1593005644561005,-0.17173569534060473,1.0087459052618617,0.17431415887532317
1e9,440_ComptonOnly,8150,5.181523610109445,-0.17186931629972635,1.008746100269087,0.17427941649953546
1e9,440_ComptonOnly,8200,5.203619920761136,-0.17200153924220507,1.0087462977568193,0.17424510288881584
1e9,440_ComptonOnly,8250,5.225591892550556,-0.17213265848733428,1.008746490846602,0.17421116908217593
1e9,440_ComptonOnly,8300,5.24744000165696,-0.1722623797158207,1.008746693143904,0.1741776013349103
1e9,440_ComptonOnly,8350,5.269164886091653,-0.1723909972469575,1.008746892565166,0.17414444867760492
1e9,440_ComptonOnly,8400,5.290766653725817,-0.17251821676145151,1.0087470811619115,0.1741116242623123
1e9,440_ComptonOnly,8450,5.312245132635304,-0.17264425899877267,1.008747267394971,0.17407917713766888
1e9,440_ComptonOnly,8500,5.333601953634535,-0.17276890321945104,1.0087474646607695,0.17404711633447648
1e9,440_ComptonOnly,8550,5.354837435534843,-0.1728924437427798,1.0087476540030487,0.17401540296629536
1e9,440_ComptonOnly,8600,5.37595368534714,-0.17301473340911244,1.0087478490819157,0.17398402744815897
1e9,440_ComptonOnly,8650,5.396951158903639,-0.17313591937809547,1.0087480349742999,0.17395298435991566
1e9,440_ComptonOnly,8700,5.4178288591359625,-0.17325570733043572,1.0087482252664963,0.17392228035218285
1e9,440_ComptonOnly,8750,5.438589048552193,-0.17337446516524968,1.0087484121201256,0.17389189837817
1e9,440_ComptonOnly,8800,5.459230593235352,-0.17349182498342086,1.0087486051159018,0.17386183352811618
1e9,440_ComptonOnly,8850,5.479754933342118,-0.17360808110424242,1.0087487862227233,0.1738320944432699
1e9,440_ComptonOnly,8900,5.500164074351283,-0.17372323352771446,1.0087489744268652,0.17380266063020677
1e9,440_ComptonOnly,8950,5.520458598794187,-0.173837282253837,1.0087491615699518,0.17377354449535107
1e9,440_ComptonOnly,9000,5.54063725356148,-0.17395000654313997,1.0087493496701136,0.1737447275260508
1e9,440_ComptonOnly,9050,5.5607024493219015,-0.17406162713509332,1.0087495270117526,0.1737161757656759
1e9,440_ComptonOnly,9100,5.580654275179054,-0.17417207044987382,1.0087497087877821,0.17368793191300091
1e9,440_ComptonOnly,9150,5.600493455802619,-0.1742814100673048,1.0087498936485255,0.1736599765440488
1e9,440_ComptonOnly,9200,5.620219866873524,-0.17438964598738615,1.008750074412908,0.1736323018304997
1e9,440_ComptonOnly,9250,5.639833741444987,-0.174496778210118,1.0087502593656261,0.17360487258329363
1e9,440_ComptonOnly,9300,5.659338879384573,-0.17460280673550022,1.0087504352311043,0.17357773636433166
1e9,440_ComptonOnly,9350,5.678732871112595,-0.17470765798370957,1.008750608868865,0.17355084327818
1e9,440_ComptonOnly,9400,5.69801798023036,-0.17481162627403934,1.0087507872115102,0.1735242015750302
1e9,440_ComptonOnly,9450,5.717193898271348,-0.17491427012754956,1.008750972401248,0.17349779436764126
1e9,440_ComptonOnly,9500,5.73626233667639,-0.17501595744335685,1.0087511432784646,0.17347164467822668
1e9,440_ComptonOnly,9550,5.7552219623917376,-0.17511661464163775,1.008751315373291,0.1734457512632423
1e9,440_ComptonOnly,9600,5.774075559602961,-0.1752160945627459,1.0087514924929764,0.17342008813940246
1e9,440_ComptonOnly,9650,5.792824005918611,-0.17531469152597434,1.008751664588553,0.17339467281845689
1e9,440_ComptonOnly,9700,5.811464576895041,-0.17541218479185328,1.0087518313049346,0.17336944488677747
1e9,440_ComptonOnly,9750,5.8300005354561195,-0.17550864794020582,1.0087520080459718,0.1733444696688987
1e9,440_ComptonOnly,9800,5.848433203443417,-0.1756040809710322,1.0087521773201429,0.17331969985619494
1e9,440_ComptonOnly,9850,5.8667614047177405,-0.1756984838843323,1.0087523403604397,0.17329514227959447
1e9,440_ComptonOnly,9900,5.884989656341279,-0.1757920038397527,1.0087525162177255,0.1732707868659973
1e9,440_ComptonOnly,9950,5.903113053044782,-0.17588456725747015,1.0087526796268662,0.17324664674387658
1e9,440_ComptonOnly,10000,5.921135796542706,-0.1759760269778381,1.0087528432230906,0.17322269409797783
5e9,440_ComptonOnly,50,0.401339365575284,-0.37020166484982076,1.0082862736358835,0.31868474679095465
5e9,440_ComptonOnly,100,0.43161891156004156,-0.2732666795280386,1.0075437120481352,0.26266546549074254
5e9,440_ComptonOnly,150,0.458429478960834,-0.22226707757356,1.0069933751163522,0.23422013663030855
5e9,440_ComptonOnly,200,0.48694983213418075,-0.19196811805863812,1.0066486220524515,0.21777082859612257
5e9,440_ComptonOnly,250,0.5154385813369756,-0.1727216858173305,1.0064317315833302,0.20755485599909004
5e9,440_ComptonOnly,300,0.5431592015661566,-0.1598843737867396,1.0062953812884474,0.20085658691966066
5e9,440_ComptonOnly,350,0.570334238905299,-0.15097993365195173,1.0062095131530626,0.19625971175354723
5e9,440_ComptonOnly,400,0.597431787533432,-0.1445953004455851,1.0061553478480314,0.19297466793519086
5e9,440_ComptonOnly,450,0.6248489449035047,-0.13988114006723362,1.006121210085814,0.19053761665896282
5e9,440_ComptonOnly,500,0.6528348981504142,-0.1363056253911662,1.0060998077100753,0.1886643369882928
5e9,440_ComptonOnly,550,0.6815042720178585,-0.13352440791870834,1.0060865035804643,0.18717467674140403
5e9,440_ComptonOnly,600,0.7108729946360098,-0.13130839288800666,1.006078294719567,0.1859512838622286
5e9,440_ComptonOnly,650,0.7408924272130896,-0.12950200541324985,1.0060732153812546,0.1849160133984985
5e9,440_ComptonOnly,700,0.771475842963229,-0.127997173042546,1.006069942804146,0.18401588643764352
5e9,440_ComptonOnly,750,0.8025180089120616,-0.12671755047627453,1.0060676094711927,0.18321444758531621
5e9,440_ComptonOnly,800,0.8339076525875199,-0.12560863058455973,1.0060656418396836,0.18248632000911466
5e9,440_ComptonOnly,850,0.8655356019047968,-0.12463097516327981,1.0060636690358076,0.18181366401124252
5e9,440_ComptonOnly,900,0.8972987817150037,-0.12375538816878662,1.0060614703070538,0.1811838385497696
5e9,440_ComptonOnly,950,0.9291029597487247,-0.12296044347227364,1.0060589165275187,0.18058786041265554
5e9,440_ComptonOnly,1000,0.9608647130127684,-0.12222965943619735,1.0060559496705102,0.18001920363048438
5e9,440_ComptonOnly,1050,0.9925095251688263,-0.12155108687333904,1.0060525769165487,0.17947341067760667
5e9,440_ComptonOnly,1100,1.0239726687818693,-0.12091513111612862,1.006048829644719,0.17894727410399258
5e9,440_ComptonOnly,1150,1.0551980394288916,-0.12031466974262772,1.0060447654177715,0.17843852112580522
5e9,440_ComptonOnly,1200,1.08613836948687,-0.11974381645371379,1.0060404598504902,0.17794553640299768
5e9,440_ComptonOnly,1250,1.11675299064242,-0.11919827425102714,1.0060359840664315,0.17746719925790214
5e9,440_ComptonOnly,1300,1.1470078987540346,-0.11867457021808558,1.0060314139667041,0.17700271914958884
5e9,440_ComptonOnly,1350,1.1768743764627634,-0.11816987893131015,1.0060268187197312,0.17655152674163135
5e9,440_ComptonOnly,1400,1.2063294018078305,-0.11768219904899913,1.0060222598470572,0.1761131862883102
5e9,440_ComptonOnly,1450,1.2353538496847214,-0.11720988240739816,1.0060177867953912,0.17568732404051476
5e9,440_ComptonOnly,1500,1.2639314742395282,-0.11675139856873551,1.0060134338939,0.17527361623531934
5e9,440_ComptonOnly,1550,1.2920505381866998,-0.11630598231412503,1.0060092360603219,0.17487172988119068
5e9,440_ComptonOnly,1600,1.3197017646902953,-0.11587280956168966,1.0060052067350402,0.17448134714045252
5e9,440_ComptonOnly,1650,1.3468781101844092,-0.11545146827049091,1.0060013592702843,0.17410210990452096
5e9,440_ComptonOnly,1700,1.3735744349521697,-0.11504119322164263,1.0059976866100215,0.17373366618352953
5e9,440_ComptonOnly,1750,1.3997881789774616,-0.11464174896318002,1.0059941989433483,0.17337564676902092
5e9,440_ComptonOnly,1800,1.4255182235952866,-0.114252841180147,1.0059908848578094,0.1730276672548574
5e9,440_ComptonOnly,1850,1.4507653759389505,-0.11387417555758728,1.0059877298945523,0.17268936319075912
5e9,440_ComptonOnly,1900,1.4755305703697044,-0.1135055755065274,1.0059847325171898,0.17236036719506875
5e9,440_ComptonOnly,1950,1.4998169104641395,-0.11314668784901982,1.0059818656928783,0.17204029109350708
5e9,440_ComptonOnly,2000,1.5236283909313582,-0.11279733599609088,1.0059791318977744,0.17172879446975534
5e9,440_ComptonOnly,2050,1.5469701140905667,-0.11245740222175815,1.0059765116033916,0.17142553267348373
5e9,440_ComptonOnly,2100,1.569847037855088,-0.11212641562209191,1.0059739957057843,0.17113017816747428
5e9,440_ComptonOnly,2150,1.592266470270166,-0.11180437619709216,1.005971573100477,0.1708424269955643
5e9,440_ComptonOnly,2200,1.6142351718450554,-0.11149093076881134,1.0059692340440238,0.17056199218310453
5e9,440_ComptonOnly,2250,1.6357605302194898,-0.11118596161126715,1.0059669628365366,0.17028858908026612
5e9,440_ComptonOnly,2300,1.65685077120101,-0.11088911554651226,1.005964762472391,0.17002197206212688
5e9,440_ComptonOnly,2350,1.6775149142998584,-0.1106002159855729,1.0059626238534067,0.1697618849372063
5e9,440_ComptonOnly,2400,1.6977611137961823,-0.11031914520246666,1.0059605348740779,0.1695081159438763
5e9,440_ComptonOnly,2450,1.717598840829016,-0.11004566774522873,1.0059584942106392,0.16926045727830083
5e9,440_ComptonOnly,2500,1.7370373176873293,-0.10977931270992902,1.0059565006231257,0.16901871724746403
5e9,440_ComptonOnly,2550,1.7560866072990835,-0.10952013895955903,1.005954547451988,0.1687827048176508
5e9,440_ComptonOnly,2600,1.774755793833269,-0.10926779331617131,1.0059526345373306,0.1685522648877079
5e9,440_ComptonOnly,2650,1.793055156592674,-0.1090222169167746,1.005950758533222,0.16832724058196089
5e9,440_ComptonOnly,2700,1.8109951361679455,-0.10878305658342158,1.005948915751946,0.16810747332315343
5e9,440_ComptonOnly,2750,1.8285850044696135,-0.10855025345312108,1.005947107758718,0.1678928380428888
5e9,440_ComptonOnly,2800,1.8458349688262832,-0.10832351321091682,1.0059453382261772,0.16768320219831467
5e9,440_ComptonOnly,2850,1.8627559449232343,-0.10810277699381776,1.005943600984578,0.16747843731070802
5e9,440_ComptonOnly,2900,1.8793572759420158,-0.10788769162387635,1.0059418948400052,0.16727843574998716
5e9,440_ComptonOnly,2950,1.89564834787886,-0.10767825710109269,1.0059402200188892,0.16708310045169691
5e9,440_ComptonOnly,3000,1.9116397306164146,-0.10747429683649301,1.0059385838571118,0.1668922983951608
5e9,440_ComptonOnly,3050,1.9273414425369353,-0.10727551651512135,1.0059369830165084,0.16670595456730386
5e9,440_ComptonOnly,3100,1.9427629082149367,-0.10708203386296011,1.0059354105138456,0.16652395885354998
5e9,440_ComptonOnly,3150,1.957913309059369,-0.10689331911308819,1.005933881324737,0.16634623368152202
5e9,440_ComptonOnly,3200,1.97280254289786,-0.10670954885447925,1.0059323830235263,0.1661726604205009
5e9,440_ComptonOnly,3250,1.9874393216116322,-0.10653054649815963,1.0059309204952616,0.1660031665986546
5e9,440_ComptonOnly,3300,2.001832330134012,-0.1063560765921645,1.005929490466901,0.16583765941075843
5e9,440_ComptonOnly,3350,2.0159910161912844,-0.10618602141051126,1.0059281018893202,0.16567606649750366
5e9,440_ComptonOnly,3400,2.0299241512655337,-0.1060203809532001,1.005926743729445,0.16551828477142974
5e9,440_ComptonOnly,3450,2.043640089960591,-0.10585897863125726,1.0059254281250112,0.16536423906163591
5e9,440_ComptonOnly,3500,2.057147032030793,-0.10570163785570896,1.0059241434032167,0.1652138398670923
5e9,440_ComptonOnly,3550,2.070452252159408,-0.10554841748954658,1.005922898050406,0.1650670310061576
5e9,440_ComptonOnly,3600,2.0835639116148026,-0.10539908208080506,1.0059216820947066,0.164923700383843
5e9,440_ComptonOnly,3650,2.0964901725871883,-0.10525363162948453,1.005920502644145,0.16478376291434507
5e9,440_ComptonOnly,3700,2.1092365272415132,-0.10511183068362007,1.0059193643320576,0.16464716539690719
5e9,440_ComptonOnly,3750,2.1218123008335414,-0.10497373810620281,1.0059182511540794,0.16451381725514683
5e9,440_ComptonOnly,3800,2.1342222962790873,-0.10483911844526794,1.0059171723425744,0.16438363928763955
5e9,440_ComptonOnly,3850,2.1464745198444315,-0.10470814828978914,1.0059161245878157,0.1642565475799484
5e9,440_ComptonOnly,3900,2.1585738611551317,-0.10458047446181906,1.0059151121941297,0.1641324790927471
5e9,440_ComptonOnly,3950,2.1705265550421484,-0.10445603809836634,1.0059141282265365,0.16401135298808217
5e9,440_ComptonOnly,4000,2.1823395076491026,-0.10433489806242235,1.005913178955894,0.1638930720750129
5e9,440_ComptonOnly,4050,2.1940169546756256,-0.10421693662800458,1.0059122551909074,0.16377758236878107
5e9,440_ComptonOnly,4100,2.205564815267434,-0.10410197720613934,1.005911358977394,0.1636648123759369
5e9,440_ComptonOnly,4150,2.2169881167718373,-0.10399001979682665,1.0059104937352399,0.16355466812711728
5e9,440_ComptonOnly,4200,2.228291896482142,-0.10388112326305776,1.0059096546308912,0.16344708432906702
5e9,440_ComptonOnly,4250,2.2394798974254697,-0.10377493442688523,1.0059088444791688,0.16334200647509192
5e9,440_ComptonOnly,4300,2.250557400953507,-0.10367151215130044,1.0059080563006502,0.16323934208034568
5e9,440_ComptonOnly,4350,2.261528784705731,-0.10357097416228567,1.0059072961095603,0.16313904387087172
5e9,440_ComptonOnly,4400,2.272396446607788,-0.10347296728189359,1.005906559989564,0.16304101717564673
5e9,440_ComptonOnly,4450,2.2831661771715916,-0.10337755037311558,1.0059058444009708,0.16294522326481758
5e9,440_ComptonOnly,4500,2.2938412518363602,-0.10328472343595152,1.0059051579875276,0.16285157697156538
5e9,440_ComptonOnly,4550,2.3044247518095267,-0.10319430988142764,1.0059044885719777,0.16276000990133405
5e9,440_ComptonOnly,4600,2.3149194154139954,-0.10310630970954415,1.0059038343163538,0.1626704448908796
5e9,440_ComptonOnly,4650,2.3253288331316067,-0.10302054633132729,1.0059032080861976,0.16258283892424438
5e9,440_ComptonOnly,4700,2.335656454226172,-0.1029371963357506,1.0059026041715615,0.1624971459570668
5e9,440_ComptonOnly,4750,2.345903868738093,-0.10285602427084939,1.005902015438533,0.16241328855994822
5e9,440_ComptonOnly,4800,2.3560739051416935,-0.10277697127363228,1.0059014461881792,0.16233120516099034
5e9,440_ComptonOnly,4850,2.3661707471697477,-0.10270009620709053,1.005900894584114,0.16225083559035078
5e9,440_ComptonOnly,4900,2.3761957496889337,-0.10262528134524174,1.0059003580567396,0.1621721140756282
5e9,440_ComptonOnly,4950,2.386150785553634,-0.10255240896210338,1.005899838174528,0.16209499364611235
5e9,440_ComptonOnly,5000,2.396037090983642,-0.10248142019468431,1.0058993370554123,0.1620194313668424
5e9,440_ComptonOnly,5050,2.4058586279617002,-0.1024124916319582,1.005898853382508,0.16194536975130608
5e9,440_ComptonOnly,5100,2.4156159985059573,-0.10234532895896886,1.0058983781246824,0.16187274991440295
5e9,440_ComptonOnly,5150,2.4253115318468437,-0.10227999103870744,1.0058979156878296,0.16180151368108586
5e9,440_ComptonOnly,5200,2.434946714512353,-0.1022164190081829,1.005897475305134,0.16173162814311226
5e9,440_ComptonOnly,5250,2.444523393575133,-0.10215449514141273,1.0058970416490625,0.16166304525764133
5e9,440_ComptonOnly,5300,2.4540440534167622,-0.10209433716437932,1.00589661909273,0.16159569814665795
5e9,440_ComptonOnly,5350,2.463507853310477,-0.10203570962511777,1.0058962145601869,0.16152955539735833
5e9,440_ComptonOnly,5400,2.472918323241541,-0.10197873024961057,1.0058958205102413,0.16146456852444394
5e9,440_ComptonOnly,5450,2.482276085775316,-0.10192322244888408,1.005895438335933,0.16140071353399754
5e9,440_ComptonOnly,5500,2.491582210888266,-0.10186936281191183,1.0058950629983914,0.16133792283576695
5e9,440_ComptonOnly,5550,2.5008373485914235,-0.10181679816074662,1.0058946980389025,0.161276164145061
5e9,440_ComptonOnly,5600,2.5100431874787965,-0.10176564622137085,1.005894343894944,0.16121542736775726
5e9,440_ComptonOnly,5650,2.5192014201285797,-0.10171602471976704,1.0058939972871674,0.16115562198951974
5e9,440_ComptonOnly,5700,2.528313176829664,-0.1016677570669613,1.0058936642185776,0.1610967429843933
5e9,440_ComptonOnly,5750,2.5373779116771367,-0.10162072553697143,1.005893337048002,0.16103876932536215
5e9,440_ComptonOnly,5800,2.5463976708096308,-0.1015749889927885,1.0058930175195,0.16098164444594065
5e9,440_ComptonOnly,5850,2.5553729295703413,-0.10153060629740374,1.0058927082205498,0.1609253322548701
5e9,440_ComptonOnly,5900,2.5643058516133603,-0.10148740086184349,1.005892402847434,0.16086980457430886
5e9,440_ComptonOnly,5950,2.5731970022249318,-0.10144537268610787,1.005892112930857,0.16081504756700876
5e9,440_ComptonOnly,6000,2.5820465150951306,-0.1014044629072055,1.0058918227715001,0.1607610063734949
5e9,440_ComptonOnly,6050,2.590854860669969,-0.10136473038812766,1.0058915425491974,0.16070768387363038
5e9,440_ComptonOnly,6100,2.5996226947496774,-0.10132611626588306,1.005891274728768,0.16065502815513313
5e9,440_ComptonOnly,6150,2.608352151196655,-0.10128862054047183,1.0058910054446504,0.16060302740330934
5e9,440_ComptonOnly,6200,2.617043267402907,-0.10125224321189386,1.0058907485445123,0.1605516593732851
5e9,440_ComptonOnly,6250,2.625695646538764,-0.10121692541715799,1.0058904957273094,0.16050089314393595
5e9,440_ComptonOnly,6300,2.6343115983054757,-0.10118254943028182,1.0058902489129005,0.16045069554879712
5e9,440_ComptonOnly,6350,2.64289106509271,-0.10114917411425639,1.0058900126937598,0.16040106796809264
5e9,440_ComptonOnly,6400,2.651434865432457,-0.10111679946908192,1.0058897788436179,0.16035196215636602
5e9,440_ComptonOnly,6450,2.6599436433195227,-0.10108536663176693,1.0058895514039126,0.16030339501807708
5e9,440_ComptonOnly,6500,2.6684168181384527,-0.10105493446530289,1.0058893315720125,0.16025531261569334
5e9,440_ComptonOnly,6550,2.6768573894657277,-0.10102544410669845,1.0058891153905238,0.1602077066637523
5e9,440_ComptonOnly,6600,2.685263550060532,-0.10099671896697993,1.0058889036084113,0.16016055902651288
5e9,440_ComptonOnly,6650,2.6936374304430633,-0.10096911222409477,1.0058886980832036,0.16011385974682368
5e9,440_ComptonOnly,6700,2.7019797447081877,-0.10094215297411302,1.0058885009726053,0.1600675959891693
5e9,440_ComptonOnly,6750,2.7102883428112015,-0.10091607666899971,1.0058883000851422,0.1600217337404663
5e9,440_ComptonOnly,6800,2.7185664785265535,-0.10089082444576358,1.0058881102485164,0.15997627775682113
5e9,440_ComptonOnly,6850,2.726813486749806,-0.10086651403038704,1.0058879263002145,0.15993119554551127
5e9,440_ComptonOnly,6900,2.7350301680699887,-0.10084296883389654,1.0058877449259693,0.15988649877230832
5e9,440_ComptonOnly,6950,2.7432175109820705,-0.10082024771928311,1.0058875660905324,0.15984216715869567
5e9,440_ComptonOnly,7000,2.751374574574627,-0.1007982918235556,1.0058873950589298,0.15979817952220074
5e9,440_ComptonOnly,7050,2.759502691086942,-0.10077710114671412,1.0058872302017392,0.15975453454380084
5e9,440_ComptonOnly,7100,2.7676032929747594,-0.10075679341474097,1.0058870707602048,0.15971123289093778
5e9,440_ComptonOnly,7150,2.7756756792138884,-0.10073713317567135,1.0058869092667568,0.15966822028780764
5e9,440_ComptonOnly,7200,2.783719265834779,-0.10071817929249649,1.0058867553291155,0.15962552913710748
5e9,440_ComptonOnly,7250,2.791736953597927,-0.1006999317652163,1.0058866072520665,0.15958314955169248
5e9,440_ComptonOnly,7300,2.7997278989751964,-0.10068244945682203,1.0058864633320486,0.1595410440376532
5e9,440_ComptonOnly,7350,2.8076922019625834,-0.10066567350432243,1.0058863193556522,0.15949924264162546
5e9,440_ComptonOnly,7400,2.815631191827947,-0.1006496039077176,1.0058861796695284,0.1594576879063767
5e9,440_ComptonOnly,7450,2.8235436566433245,-0.10063418180401629,1.005886043848949,0.1594164124894352
5e9,440_ComptonOnly,7500,2.8314314032866608,-0.10061964264518342,1.0058859174306969,0.15937542212438593
5e9,440_ComptonOnly,7550,2.8392939407851916,-0.10060557439028028,1.0058857872056612,0.15933466380112032
5e9,440_ComptonOnly,7600,2.8471324761295738,-0.10059227135426307,1.0058856624691204,0.1592941626043663
5e9,440_ComptonOnly,7650,2.8549466197387825,-0.10057943922217571,1.0058855448531052,0.15925391360497426
5e9,440_ComptonOnly,7700,2.862738219941202,-0.1005674900349568,1.0058854295988777,0.15921389369674827
5e9,440_ComptonOnly,7750,2.870505388115518,-0.10055607061465888,1.0058853118985231,0.15917410027617088
5e9,440_ComptonOnly,7800,2.87824885082144,-0.10054523982427321,1.0058852075032703,0.1591345449290943
5e9,440_ComptonOnly,7850,2.885969452479479,-0.10053517425277347,1.005885100047346,0.15909521314559297
5e9,440_ComptonOnly,7900,2.893667764928476,-0.10052563844819473,1.005884996276556,0.1590560905590467
5e9,440_ComptonOnly,7950,2.901344064243059,-0.1005166324105371,1.005884897024998,0.1590171978277544
5e9,440_ComptonOnly,8000,2.908997555543427,-0.10050839159176539,1.0058847993089368,0.1589785203685894
5e9,440_ComptonOnly,8050,2.9166309692971213,-0.10050062167692353,1.0058847104017463,0.15894005262485028
5e9,440_ComptonOnly,8100,2.9242433215527495,-0.10049349925498519,1.00588461741784,0.15890178460143436
5e9,440_ComptonOnly,8150,2.931834507293179,-0.10048690659996773,1.0058845319576697,0.1588637354543568
5e9,440_ComptonOnly,8200,2.939405186848578,-0.1004809614378539,1.0058844472489263,0.15882587856160651
5e9,440_ComptonOnly,8250,2.9469550601979564,-0.10047548717966981,1.0058843672862956,0.1587882295342774
5e9,440_ComptonOnly,8300,2.954484787996766,-0.10047060155139809,1.0058842923065998,0.15875079378620321
5e9,440_ComptonOnly,8350,2.9619943853549913,-0.10046630455303851,1.0058842154773624,0.15871353728155843
5e9,440_ComptonOnly,8400,2.969485901839217,-0.10046241959561764,1.0058841469153676,0.1586764499842282
5e9,440_ComptonOnly,8450,2.976956529676887,-0.10045912326810891,1.0058840799852735,0.15863956803086987
5e9,440_ComptonOnly,8500,2.984407725406984,-0.10045629784453003,1.0058840111507403,0.15860289466256716
5e9,440_ComptonOnly,8550,2.991840611730328,-0.10045411991385467,1.005883953726392,0.15856639152383947
5e9,440_ComptonOnly,8600,2.999254877795574,-0.10045241288710904,1.0058838913265171,0.1585300612187674
5e9,440_ComptonOnly,8650,3.006651320586114,-0.10045117676429338,1.0058838351520432,0.15849394337194994
5e9,440_ComptonOnly,8700,3.0140301490175756,-0.1004504704083986,1.0058837781439884,0.15845799894240764
5e9,440_ComptonOnly,8750,3.0213901314832903,-0.10045023495643368,1.0058837327206382,0.15842225078821504
5e9,440_ComptonOnly,8800,3.0287319301572064,-0.1004503526824162,1.005883683446607,0.1583866915472298
5e9,440_ComptonOnly,8850,3.0360560866060116,-0.10045105903831086,1.0058836345278304,0.1583513171236245
5e9,440_ComptonOnly,8900,3.043363525597989,-0.10045223629813538,1.0058835980511058,0.15831610979646477
5e9,440_ComptonOnly,8950,3.0506536596729426,-0.10045370787291608,1.0058835547023146,0.15828108032985808
5e9,440_ComptonOnly,9000,3.0579280198926844,-0.10045576807760903,1.0058835189783193,0.15824625066292855
5e9,440_ComptonOnly,9050,3.065185818127113,-0.10045818146024932,1.0058834800029965,0.15821160473062798
5e9,440_ComptonOnly,9100,3.072426740346806,-0.1004610068838282,1.005883448375648,0.1581771133229936
5e9,440_ComptonOnly,9150,3.0796515213630804,-0.10046430321133681,1.0058834166675037,0.15814281268495178
5e9,440_ComptonOnly,9200,3.086860553601269,-0.10046795271679287,1.0058833870097972,0.15810868085766627
5e9,440_ComptonOnly,9250,3.094053440425941,-0.10047183767421386,1.0058833604076394,0.15807472770683187
5e9,440_ComptonOnly,9300,3.1012304167114917,-0.10047625239855584,1.0058833360525665,0.15804097445701248
5e9,440_ComptonOnly,9350,3.1083929787061813,-0.10048102030084516,1.005883313796086,0.158007406385826
5e9,440_ComptonOnly,9400,3.115540349353505,-0.1004861413810818,1.005883296246536,0.15797401051261042
5e9,440_ComptonOnly,9450,3.122671400266232,-0.10049143905029223,1.005883274373803,0.15794080869311408
5e9,440_ComptonOnly,9500,3.1297894582887116,-0.10049726648642365,1.0058832631087982,0.1579077841309879
5e9,440_ComptonOnly,9550,3.136892667593776,-0.10050338823751115,1.0058832468442658,0.15787493082311582
5e9,440_ComptonOnly,9600,3.1439797260429594,-0.10050980430355483,1.0058832370004194,0.15784228473113968
5e9,440_ComptonOnly,9650,3.1510523219402957,-0.10051639695857217,1.0058832287503168,0.1578098041451924
5e9,440_ComptonOnly,9700,3.158112071114364,-0.10052340165452822,1.0058832235927424,0.15777750170667126
5e9,440_ComptonOnly,9750,3.1651561149238288,-0.10053052407646657,1.0058832094930237,0.15774538585012793
5e9,440_ComptonOnly,9800,3.1721878496671794,-0.1005380585393435,1.005883207009162,0.1577134641713314
5e9,440_ComptonOnly,9850,3.179204935554347,-0.10054571072820295,1.0058832105216493,0.1576817240611524
5e9,440_ComptonOnly,9900,3.1862084708084955,-0.10055371609500974,1.005883204746428,0.15765017165300244
5e9,440_ComptonOnly,9950,3.1931997216266437,-0.10056183918779904,1.0058832077078685,0.15761877115718984
5e9,440_ComptonOnly,10000,3.2001775386163507,-0.10057019773255316,1.005883210156087,0.1575875814782459
1e9,440_SinglePlusCompton,50,0.22389088991244588,-0.6513589674193974,0.9621215637976321,0.456090325146401
1e9,440_SinglePlusCompton,100,0.2810965100796316,-0.5802438842457336,0.9731532546953839,0.41883024789147766
1e9,440_SinglePlusCompton,150,0.32605014811124367,-0.525108352038647,0.9786617551174595,0.3877319825347021
1e9,440_SinglePlusCompton,200,0.3605520331663509,-0.48117078598067364,0.9818501334891284,0.3618494429130706
1e9,440_SinglePlusCompton,250,0.38642031055229137,-0.44564273150803124,0.9837368212620523,0.34034317424187754
1e9,440_SinglePlusCompton,300,0.4060169287056738,-0.41644956871272865,0.9848287825979362,0.32241182773321647
1e9,440_SinglePlusCompton,350,0.4212927097681267,-0.3920350107520457,0.985430887550996,0.30733843901271846
1e9,440_SinglePlusCompton,400,0.43362916754680636,-0.3712570987682917,0.9857347095446228,0.2945293454019259
1e9,440_SinglePlusCompton,450,0.4439507299072835,-0.35328728716114277,0.9858605872689246,0.28351359725185243
1e9,440_SinglePlusCompton,500,0.4528624652950282,-0.33753193391617553,0.9858823745840603,0.2739339200587347
1e9,440_SinglePlusCompton,550,0.46076303643861216,-0.3235608178065269,0.9858449176502168,0.2655194245403085
1e9,440_SinglePlusCompton,600,0.4679198365177093,-0.3110562211551665,0.9857752839728138,0.25806315821030446
1e9,440_SinglePlusCompton,650,0.47451694591729865,-0.2997790095363537,0.9856896536411934,0.25140528206199636
1e9,440_SinglePlusCompton,700,0.4806850824311941,-0.28954501265235666,0.9855975831903815,0.24542060337796606
1e9,440_SinglePlusCompton,750,0.4865204911534861,-0.2802097197302047,0.9855046257762632,0.24000962646895482
1e9,440_SinglePlusCompton,800,0.49209616837800596,-0.27165687464907606,0.9854139578629187,0.235092177121016
1e9,440_SinglePlusCompton,850,0.4974692111678528,-0.26379148585708434,0.9853273443554095,0.23060279425507454
1e9,440_SinglePlusCompton,900,0.5026854171476959,-0.25653452862400017,0.9852456278999967,0.22648741069934905
1e9,440_SinglePlusCompton,950,0.5077820383866749,-0.249819486789556,0.9851691368760042,0.22270092163438682
1e9,440_SinglePlusCompton,1000,0.5127897664359011,-0.24358963030998382,0.9850978365692749,0.21920533252988636
1e9,440_SinglePlusCompton,1050,0.5177339340810275,-0.23779624934225574,0.9850315334125449,0.2159683778035303
1e9,440_SinglePlusCompton,1100,0.5226353789540955,-0.23239666758885502,0.9849699498445711,0.2129624455017049
1e9,440_SinglePlusCompton,1150,0.5275111734471737,-0.2273538743986594,0.9849127391357445,0.2101637437201377
1e9,440_SinglePlusCompton,1200,0.5323754585460027,-0.2226353474897681,0.9848595429229403,0.20755165097044367
1e9,440_SinglePlusCompton,1250,0.5372395689461177,-0.21821224357144564,0.9848100589487065,0.20510816978494326
1e9,440_SinglePlusCompton,1300,0.542112332945653,-0.2140586625458888,0.9847640147408245,0.2028175471219453
1e9,440_SinglePlusCompton,1350,0.5470010689757163,-0.21015186824769627,0.9847211287197009,0.20066590858905842
1e9,440_SinglePlusCompton,1400,0.5519112726913966,-0.20647147906581265,0.9846811629953138,0.19864099823731707
1e9,440_SinglePlusCompton,1450,0.5568468065334002,-0.20299902646458834,0.9846438738722505,0.19673192290255967
1e9,440_SinglePlusCompton,1500,0.5618108515015343,-0.19971824930307325,0.9846090211205762,0.1949290108511014
1e9,440_SinglePlusCompton,1550,0.5668052258163666,-0.19661413729731292,0.9845764200361841,0.1932236196619498
1e9,440_SinglePlusCompton,1600,0.5718312974613112,-0.1936732253396427,0.9845458874888433,0.19160799102081266
1e9,440_SinglePlusCompton,1650,0.5768901292090425,-0.1908835934986871,0.9845172673239869,0.19007515389878046
1e9,440_SinglePlusCompton,1700,0.5819815411858088,-0.18823405764130396,0.9844904191164172,0.18861883383317873
1e9,440_SinglePlusCompton,1750,0.5871057867061099,-0.1857146844913471,0.9844652154944276,0.1872333523440227
1e9,440_SinglePlusCompton,1800,0.5922623796420871,-0.18331612941125663,0.9844415365310949,0.1859135465696313
1e9,440_SinglePlusCompton,1850,0.5974508274981656,-0.18103029862046927,0.9844192522537762,0.18465476819090032
1e9,440_SinglePlusCompton,1900,0.6026704577071123,-0.1788493926577145,0.984398268750199,0.18345273862294514
1e9,440_SinglePlusCompton,1950,0.607920572790861,-0.17676634785995504,0.9843785025816967,0.18230357502956274
1e9,440_SinglePlusCompton,2000,0.613200668974749,-0.17477498352203358,0.984359877795472,0.1812037421617712
1e9,440_SinglePlusCompton,2050,0.618509963731856,-0.17286933967826212,0.9843423086243517,0.18014998943201319
1e9,440_SinglePlusCompton,2100,0.6238478356134375,-0.1710438978418929,0.9843257318947611,0.1791393197820206
1e9,440_SinglePlusCompton,2150,0.629213635415481,-0.1692937281647645,0.9843100843037786,0.17816900931531332
1e9,440_SinglePlusCompton,2200,0.634606478688404,-0.1676141951180088,0.9842953012127311,0.1772365225436181
1e9,440_SinglePlusCompton,2250,0.6400263264345547,-0.16600103107187392,0.9842813262552506,0.1763395524010821
1e9,440_SinglePlusCompton,2300,0.6454728110289036,-0.16445040987554826,0.9842681043678098,0.17547597437316392
1e9,440_SinglePlusCompton,2350,0.6509452737368016,-0.1629585789580431,0.9842555825462701,0.1746437778932081
1e9,440_SinglePlusCompton,2400,0.6564436841822603,-0.16152230080713303,0.984243706593525,0.17384118050816233
1e9,440_SinglePlusCompton,2450,0.6619677472740094,-0.16013848507023942,0.9842324229603323,0.17306646877795911
1e9,440_SinglePlusCompton,2500,0.667517331841903,-0.15880411497460656,0.9842217119029966,0.17231808022460482
1e9,440_SinglePlusCompton,2550,0.6730920944897019,-0.15751654164659556,0.9842115454748742,0.1715945415023179
1e9,440_SinglePlusCompton,2600,0.6786925201513968,-0.1562731897923907,0.984201889267337,0.17089450873169726
1e9,440_SinglePlusCompton,2650,0.6843182516437996,-0.15507170485764643,0.9841927030572546,0.1702167242468666
1e9,440_SinglePlusCompton,2700,0.6899696737211732,-0.1539101737669566,0.9841839718017318,0.16956000452533745
1e9,440_SinglePlusCompton,2750,0.6956470063870621,-0.15278616838615222,0.9841756649712647,0.16892326963516058
1e9,440_SinglePlusCompton,2800,0.7013504291178022,-0.1516980699591205,0.984167758848138,0.16830550366103703
1e9,440_SinglePlusCompton,2850,0.7070799865584679,-0.150644038990279,0.9841602302702795,0.1677057599194806
1e9,440_SinglePlusCompton,2900,0.712836001205481,-0.14962230956386835,0.9841530549363703,0.16712314723325838
1e9,440_SinglePlusCompton,2950,0.7186184390200058,-0.1486314100834224,0.9841462041176214,0.1665568420232698
1e9,440_SinglePlusCompton,3000,0.7244282009957572,-0.14766994253229837,0.9841396574250979,0.16600602916833102
1e9,440_SinglePlusCompton,3050,0.7302651038189485,-0.14673614099473686,0.9841334327361105,0.16546963120581573
1e9,440_SinglePlusCompton,3100,0.7361292595055928,-0.14582868103391855,0.984127508066456,0.1649470935247218
1e9,440_SinglePlusCompton,3150,0.7420211314958972,-0.14494667969196373,0.9841218567560029,0.16443796495160892
1e9,440_SinglePlusCompton,3200,0.7479414198827741,-0.1440892540109927,0.984116436823449,0.16394170240871536
1e9,440_SinglePlusCompton,3250,0.7538901563311058,-0.14325507955418604,0.9841112305043197,0.1634577662914641
1e9,440_SinglePlusCompton,3300,0.7598677761285735,-0.1424434205233106,0.9841062275997492,0.16298564916658784
1e9,440_SinglePlusCompton,3350,0.76587471161806,-0.1416531732210169,0.9841014244382126,0.16252487626697906
1e9,440_SinglePlusCompton,3400,0.7719113085154308,-0.1408834546894252,0.9840968056972024,0.16207495965659172
1e9,440_SinglePlusCompton,3450,0.7779774725166586,-0.1401336762899491,0.984092345429667,0.16163548421244753
1e9,440_SinglePlusCompton,3500,0.7840737880021909,-0.13940288148488567,0.9840880409822028,0.16120603438567055
1e9,440_SinglePlusCompton,3550,0.790200387175952,-0.13869011373653184,0.9840838809761215,0.16078621073065075
1e9,440_SinglePlusCompton,3600,0.7963578369227902,-0.13799500514577123,0.9840798584840529,0.16037563469003618
1e9,440_SinglePlusCompton,3650,0.8025460626915227,-0.1373165991749009,0.9840759679523257,0.1599739518859064
1e9,440_SinglePlusCompton,3700,0.8087652095000825,-0.13665438076515757,0.9840722008435965,0.1595808453754181
1e9,440_SinglePlusCompton,3750,0.8150158364121745,-0.13600783485777812,0.9840685511976526,0.15919602271008065
1e9,440_SinglePlusCompton,3800,0.8212976839842847,-0.13537622565452956,0.9840650078185726,0.15881915749878125
1e9,440_SinglePlusCompton,3850,0.8276110971362541,-0.13475911167647203,0.9840615684920413,0.15844996560450345
1e9,440_SinglePlusCompton,3900,0.8339559425678355,-0.13415583070519588,0.9840582165788798,0.15808820695017894
1e9,440_SinglePlusCompton,3950,0.8403330800940875,-0.1335662355810544,0.9840549568603089,0.1577336178607285
1e9,440_SinglePlusCompton,4000,0.8467415440457292,-0.1329894433461679,0.9840517738264816,0.15738595902363942
1e9,440_SinglePlusCompton,4050,0.8531820894226173,-0.13242530684088982,0.9840486692558003,0.1570449945162614
1e9,440_SinglePlusCompton,4100,0.8596545829433451,-0.1318733845862804,0.9840456402979222,0.15671047946245745
1e9,440_SinglePlusCompton,4150,0.8661587345041952,-0.1313330879437532,0.98404266631778,0.15638228320154904
1e9,440_SinglePlusCompton,4200,0.8726947152814967,-0.13080404901419151,0.9840397641508365,0.15606015814533822
1e9,440_SinglePlusCompton,4250,0.8792623082022646,-0.1302861942177722,0.9840369133258589,0.15574393042383325
1e9,440_SinglePlusCompton,4300,0.8858617872581636,-0.12977893491590886,0.9840341236123249,0.1554333984925093
1e9,440_SinglePlusCompton,4350,0.8924926979431201,-0.12928197678930808,0.9840313844705784,0.15512842049693443
1e9,440_SinglePlusCompton,4400,0.8991554331822303,-0.12879495193885349,0.9840286968839371,0.15482881183486707
1e9,440_SinglePlusCompton,4450,0.9058494236017502,-0.1283177132048985,0.9840260592921187,0.15453447081718566
1e9,440_SinglePlusCompton,4500,0.9125747957393479,-0.12784989268832647,0.9840234517667112,0.15424522015952258
1e9,440_SinglePlusCompton,4550,0.9193314000061387,-0.12739126964966752,0.9840208912312994,0.15396092271434678
1e9,440_SinglePlusCompton,4600,0.9261188481325042,-0.12694140260998188,0.9840183752702261,0.15368143000931545
1e9,440_SinglePlusCompton,4650,0.9329373022252195,-0.12650021798944622,0.9840158984123918,0.15340662122330506
1e9,440_SinglePlusCompton,4700,0.9397861810809491,-0.12606742146876726,0.9840134533931868,0.15313636493700292
1e9,440_SinglePlusCompton,4750,0.9466655659448102,-0.1256427923084752,0.9840110412555314,0.15287055154024803
1e9,440_SinglePlusCompton,4800,0.9535752842492182,-0.12522603618927663,0.9840086547385233,0.15260905202143002
1e9,440_SinglePlusCompton,4850,0.9605151461624624,-0.12481707953134846,0.9840062796817898,0.1523517976321987
1e9,440_SinglePlusCompton,4900,0.9674844654808585,-0.1244156280153974,0.9840039292009312,0.15209865567162245
1e9,440_SinglePlusCompton,4950,0.9744833032707033,-0.12402146090195354,0.9840016037391945,0.15184953346092042
1e9,440_SinglePlusCompton,5000,0.9815112096094794,-0.12363443103137017,0.9839992918076926,0.15160433235299933
1e9,440_SinglePlusCompton,5050,0.9885681517067038,-0.12325439124400084,0.9839970022152982,0.1513629706958118
1e9,440_SinglePlusCompton,5100,0.9956540106970713,-0.12288097364072892,0.9839947329196533,0.1511253078331155
1e9,440_SinglePlusCompton,5150,1.0027676522944573,-0.1225141782215543,0.9839924812034243,0.15089131223946775
1e9,440_SinglePlusCompton,5200,1.0099095379365504,-0.12215400498647733,0.9839902436381041,0.1506609084063263
1e9,440_SinglePlusCompton,5250,1.0170791993556612,-0.1218000124565578,0.9839880237816685,0.15043396787166463
1e9,440_SinglePlusCompton,5300,1.024276333504047,-0.12145212705197261,0.9839858196072406,0.1502104500058173
1e9,440_SinglePlusCompton,5350,1.0315005528388255,-0.12111027519289841,0.983983619719712,0.14999031699903492
1e9,440_SinglePlusCompton,5400,1.0387513821965966,-0.12077430971968861,0.9839814297027275,0.14977345570141515
1e9,440_SinglePlusCompton,5450,1.0460283395207837,-0.1204440098928733,0.9839792584165694,0.1495597820521475
1e9,440_SinglePlusCompton,5500,1.053331364248687,-0.12011930213262922,0.9839770999873528,0.14934923803996814
1e9,440_SinglePlusCompton,5550,1.0606600499443304,-0.11979996569948625,0.9839749526171474,0.14914178229469477
1e9,440_SinglePlusCompton,5600,1.0680144306105968,-0.11948614775309119,0.9839728076166263,0.14893736915049122
1e9,440_SinglePlusCompton,5650,1.0753935767998943,-0.11917740681450417,0.9839706739260915,0.14873591255903593
1e9,440_SinglePlusCompton,5700,1.082797506527499,-0.11887374288372521,0.9839685531321655,0.1485373203445761
1e9,440_SinglePlusCompton,5750,1.0902257377705373,-0.1185751559607543,0.9839664403972027,0.14834154839014124
1e9,440_SinglePlusCompton,5800,1.0976774317485785,-0.11828142530612151,0.9839643387338113,0.14814859942852426
1e9,440_SinglePlusCompton,5850,1.1051528461801052,-0.1179924773400034,0.9839622402685211,0.1479583781415799
1e9,440_SinglePlusCompton,5900,1.1126516529511805,-0.11770823848257694,0.9839601445820207,0.1477708438801838
1e9,440_SinglePlusCompton,5950,1.1201732725167108,-0.11742863515401869,0.9839580499691478,0.1475859973385136
1e9,440_SinglePlusCompton,6000,1.1277169256659672,-0.11715337303503537,0.9839559684067154,0.14740367985345268
1e9,440_SinglePlusCompton,6050,1.1352828809526012,-0.11688252570545032,0.9839538874991722,0.147223945526404
1e9,440_SinglePlusCompton,6100,1.1428705649524105,-0.11661609316526356,0.9839518119454954,0.14704670964335198
1e9,440_SinglePlusCompton,6150,1.150479796871655,-0.11635392825482849,0.9839497393046422,0.1468719098983586
1e9,440_SinglePlusCompton,6200,1.1581096862588045,-0.11609566307502861,0.9839476790618077,0.1466995156695339
1e9,440_SinglePlusCompton,6250,1.1657605513836813,-0.11584166552498032,0.9839456175671049,0.1465295090980543
1e9,440_SinglePlusCompton,6300,1.1734315808179796,-0.11559156770556722,0.9839435757958747,0.14636177904430525
1e9,440_SinglePlusCompton,6350,1.1811224430386273,-0.11534536961678932,0.9839415250233476,0.1461963867728801
1e9,440_SinglePlusCompton,6400,1.1888333220248335,-0.11510314483846995,0.9839394841718505,0.14603326239090098
1e9,440_SinglePlusCompton,6450,1.1965627271741068,-0.1148645254714924,0.9839374443076635,0.1458723773547904
1e9,440_SinglePlusCompton,6500,1.2043109211265086,-0.11462958509568011,0.9839354110597013,0.14571364925247515
1e9,440_SinglePlusCompton,6550,1.2120776707740906,-0.11439839729085632,0.983933389104077,0.14555707536787799
1e9,440_SinglePlusCompton,6600,1.2198623875386596,-0.11417059415790465,0.9839313679157243,0.1454026295375152
1e9,440_SinglePlusCompton,6650,1.2276647504686693,-0.11394624927664831,0.9839293541177385,0.14525026427753004
1e9,440_SinglePlusCompton,6700,1.2354846910056856,-0.11372543622691056,0.9839273466663189,0.1450999467454304
1e9,440_SinglePlusCompton,6750,1.2433215020778083,-0.1135080078490448,0.9839253457988186,0.14495167245193696
1e9,440_SinglePlusCompton,6800,1.251175011683732,-0.11329366982375788,0.9839233561482044,0.14480535216867657
1e9,440_SinglePlusCompton,6850,1.2590449609671166,-0.11308271647034296,0.9839213660737163,0.1446610153121644
1e9,440_SinglePlusCompton,6900,1.2669305324412656,-0.11287492704933011,0.9839193767184294,0.14451863305269888
1e9,440_SinglePlusCompton,6950,1.2748317393505406,-0.11267037514054279,0.9839173992629785,0.14437815525422762
1e9,440_SinglePlusCompton,7000,1.2827482085292214,-0.11246869284486427,0.9839154273953601,0.14423953444547852
1e9,440_SinglePlusCompton,7050,1.2906793567497792,-0.11227017448158783,0.9839134670475354,0.14410278773322385
1e9,440_SinglePlusCompton,7100,1.2986247790037966,-0.11207437857177371,0.9839115168072662,0.14396785767193532
1e9,440_SinglePlusCompton,7150,1.3065844748215327,-0.1118815994347151,0.9839095714985837,0.14383470245886146
1e9,440_SinglePlusCompton,7200,1.3145579669065353,-0.11169168991076539,0.9839076334674531,0.1437033498009446
1e9,440_SinglePlusCompton,7250,1.3225448267854816,-0.11150464999992449,0.9839056955826883,0.14357381112404458
1e9,440_SinglePlusCompton,7300,1.3305448202618315,-0.11132033254254592,0.9839037732613483,0.1434459514311263
1e9,440_SinglePlusCompton,7350,1.3385577363083756,-0.11113866395880634,0.9839018604890617,0.14331979686178725
1e9,440_SinglePlusCompton,7400,1.3465829224416073,-0.11095971782852909,0.9838999598430467,0.14319532614646158
1e9,440_SinglePlusCompton,7450,1.354620220783329,-0.11078334699206738,0.983898051228071,0.1430725467529351
1e9,440_SinglePlusCompton,7500,1.3626691975617962,-0.11060955144942142,0.9838961713801903,0.14295138618283953
1e9,440_SinglePlusCompton,7550,1.3707297504084037,-0.1104383312005911,0.9838942864880311,0.14283187093907482
1e9,440_SinglePlusCompton,7600,1.3788009702908788,-0.11026953908592985,0.9838924181313473,0.14271397137217295
1e9,440_SinglePlusCompton,7650,1.3868831145636822,-0.110103248685261,0.9838905555045816,0.14259765314002118
1e9,440_SinglePlusCompton,7700,1.3949756992274396,-0.1099395335784078,0.9838887031239142,0.14248293041757473
1e9,440_SinglePlusCompton,7750,1.4030783075837903,-0.10977787870660705,0.9838868695585461,0.142369684978664
1e9,440_SinglePlusCompton,7800,1.4111905331914043,-0.10961872554879881,0.9838850371388832,0.14225800263438315
1e9,440_SinglePlusCompton,7850,1.4193124179492045,-0.10946185336551295,0.9838832214955986,0.14214781037590718
1e9,440_SinglePlusCompton,7900,1.4274428392932745,-0.10930704141727954,0.9838814224951111,0.14203909025550074
1e9,440_SinglePlusCompton,7950,1.4355826538545626,-0.10915458402339195,0.9838796292165046,0.1419318883105265
1e9,440_SinglePlusCompton,8000,1.4437311414640623,-0.10900440760402685,0.9838778501359702,0.14182612180962742
1e9,440_SinglePlusCompton,8050,1.451887174991254,-0.10885629141971431,0.9838760836689214,0.1417218155765109
1e9,440_SinglePlusCompton,8100,1.4600512579835196,-0.10871030905027745,0.9838743385949821,0.14161893131289105
1e9,440_SinglePlusCompton,8150,1.4682228286784749,-0.10856638691589326,0.9838725969892396,0.14151745109278963
1e9,440_SinglePlusCompton,8200,1.4764015313538588,-0.10842437785691494,0.9838708807011296,0.14141737106230823
1e9,440_SinglePlusCompton,8250,1.4845872451248332,-0.10828457619263587,0.9838691763977953,0.1413186615989497
1e9,440_SinglePlusCompton,8300,1.4927792466827534,-0.10814661402393932,0.9838674854952585,0.1412212963071644
1e9,440_SinglePlusCompton,8350,1.500977666442515,-0.10801063851047199,0.9838658023004221,0.14112530129335443
1e9,440_SinglePlusCompton,8400,1.5091821858501469,-0.10787672323205721,0.9838641367874911,0.14103067868790425
1e9,440_SinglePlusCompton,8450,1.517392523395314,-0.10774457386940184,0.9838624813929818,0.14093733087847987
1e9,440_SinglePlusCompton,8500,1.525608065611423,-0.10761419042250564,0.983860848151168,0.14084527021030016
1e9,440_SinglePlusCompton,8550,1.5338287436880027,-0.10748579363083877,0.9838592273998682,0.14075452914393058
1e9,440_SinglePlusCompton,8600,1.5420539747436448,-0.10735901559528449,0.9838576293816408,0.14066504836129085
1e9,440_SinglePlusCompton,8650,1.5502838552222158,-0.10723407705531296,0.9838560474844856,0.1405768255492138
1e9,440_SinglePlusCompton,8700,1.5585176827340284,-0.10711083085127737,0.9838544904773651,0.14048983238966728
1e9,440_SinglePlusCompton,8750,1.5667558897360403,-0.10698949772264776,0.9838529451223472,0.1404040985767628
1e9,440_SinglePlusCompton,8800,1.5749974193151879,-0.10686963619048417,0.9838514211031549,0.14031958535243835
1e9,440_SinglePlusCompton,8850,1.5832423726243234,-0.10675146699425664,0.9838499189424742,0.14023631273308773
1e9,440_SinglePlusCompton,8900,1.5914906304359284,-0.10663499013396516,0.9838484358601187,0.14015420684196114
1e9,440_SinglePlusCompton,8950,1.5997414477689658,-0.10652013202978627,0.9838469704700948,0.14007330120297673
1e9,440_SinglePlusCompton,9000,1.6079940450605787,-0.10640689268172021,0.9838455277114411,0.13999358414000332
1e9,440_SinglePlusCompton,9050,1.616249289790094,-0.10629527208976686,0.9838441031239821,0.13991502061293323
1e9,440_SinglePlusCompton,9100,1.6245062997867719,-0.10618512309427952,0.9838427028011761,0.13983758832698379
1e9,440_SinglePlusCompton,9150,1.6327649203269725,-0.10607651927508155,0.9838413192513351,0.13976130074621057
1e9,440_SinglePlusCompton,9200,1.6410253582470165,-0.10596946063217305,0.9838399561904958,0.13968614104273674
1e9,440_SinglePlusCompton,9250,1.6492863967762792,-0.10586380000590734,0.9838386182602556,0.13961208834913424
1e9,440_SinglePlusCompton,9300,1.6575482671881365,-0.10575946381646117,0.983837300006695,0.13953916053124832
1e9,440_SinglePlusCompton,9350,1.66581119751366,-0.10565681996295095,0.9838359915048033,0.1394673406497273
1e9,440_SinglePlusCompton,9400,1.674073887610931,-0.10555550054626017,0.9838346993034046,0.13939658514557285
1e9,440_SinglePlusCompton,9450,1.6823363742620792,-0.10545550556638894,0.9838334301007697,0.13932689058926434
1e9,440_SinglePlusCompton,9500,1.6905988078273126,-0.10535698218298384,0.9838321803517249,0.1392582709593255
1e9,440_SinglePlusCompton,9550,1.698860481026068,-0.10525970965657483,0.9838309583790809,0.13919070231060687
1e9,440_SinglePlusCompton,9600,1.7071212161329001,-0.1051638351468086,0.9838297492142551,0.1391241544685507
1e9,440_SinglePlusCompton,9650,1.715381240000694,-0.10506928507386193,0.9838285587152744,0.13905862958959117
1e9,440_SinglePlusCompton,9700,1.723640118984014,-0.10497598585791146,0.9838273830392893,0.1389941398203436
1e9,440_SinglePlusCompton,9750,1.7318970660500024,-0.10488393749895708,0.9838262331706671,0.13893064035490507
1e9,440_SinglePlusCompton,9800,1.7401524451788488,-0.10479313999699902,0.9838251042058276,0.13886812255051276
1e9,440_SinglePlusCompton,9850,1.748405756985695,-0.10470374051168363,0.9838239984339562,0.13880656305343633
1e9,440_SinglePlusCompton,9900,1.7566562989696592,-0.10461544472371787,0.9838229084017713,0.13874603771257338
1e9,440_SinglePlusCompton,9950,1.7649048661926239,-0.10452847337257154,0.9838218425940373,0.13868646580982577
1e9,440_SinglePlusCompton,10000,1.7731504014875727,-0.10444260571877484,0.9838207948347492,0.13862785424196558
5e9,440_SinglePlusCompton,50,0.22739731851725747,-0.6528520951886041,0.961302645748435,0.4569374294960781
5e9,440_SinglePlusCompton,100,0.28633404538284035,-0.5827383555655992,0.9722430271003497,0.4203054122465368
5e9,440_SinglePlusCompton,150,0.33097217144337293,-0.5283493048503198,0.9777361331682163,0.389674710266523
5e9,440_SinglePlusCompton,200,0.3643860875309888,-0.48500003757105425,0.9809413730682288,0.36412640176552674
5e9,440_SinglePlusCompton,250,0.3887036787926128,-0.4499640199741938,0.9828548755345168,0.3428572385188512
5e9,440_SinglePlusCompton,300,0.4063999338559634,-0.4211951450532119,0.983976558556324,0.3250901797160073
5e9,440_SinglePlusCompton,350,0.4195092610990876,-0.39715496966941444,0.984607217649218,0.31013103209521015
5e9,440_SinglePlusCompton,400,0.4294866897332186,-0.37671267689835053,0.9849356719242311,0.29740573233857226
5e9,440_SinglePlusCompton,450,0.4373127965580327,-0.3590474223273673,0.9850805997914625,0.2864606683080152
5e9,440_SinglePlusCompton,500,0.44363268110800264,-0.343564454293113,0.9851162153614387,0.2769447127607804
5e9,440_SinglePlusCompton,550,0.44886822513216434,-0.3298295993723014,0.9850886636085056,0.26858775759693804
5e9,440_SinglePlusCompton,600,0.45329804252629646,-0.3175229372076168,0.9850264266200087,0.2611816663652936
5e9,440_SinglePlusCompton,650,0.4571093082273514,-0.30640436565784657,0.9849468901703885,0.25456503587078644
5e9,440_SinglePlusCompton,700,0.4604321713006444,-0.2962912917242063,0.984860487779048,0.248611549473965
5e9,440_SinglePlusCompton,750,0.46336018979923244,-0.28704162014587553,0.9847733219172953,0.24322125917924634
5e9,440_SinglePlusCompton,800,0.46596361650337703,-0.27854304033559396,0.9846888114359736,0.23831412593743945
5e9,440_SinglePlusCompton,850,0.46829683920795245,-0.2707045501089256,0.9846087383662395,0.2338252751429911
5e9,440_SinglePlusCompton,900,0.4704038190249895,-0.26345139346701296,0.9845338973439558,0.22970142008611422
5e9,440_SinglePlusCompton,950,0.47232052350149833,-0.25672052814625246,0.9844645271731914,0.2258980665636687
5e9,440_SinglePlusCompton,1000,0.47407726974769454,-0.2504592129065053,0.9844005186834098,0.22237826624039567
5e9,440_SinglePlusCompton,1050,0.47569949929953054,-0.24462171120358844,0.9843415818638142,0.2191107951892231
5e9,440_SinglePlusCompton,1100,0.47720928660035516,-0.23916864369637147,0.9842873498717747,0.21606899780918576
5e9,440_SinglePlusCompton,1150,0.4786253111126925,-0.2340649869050745,0.9842374435618657,0.21322969861537958
5e9,440_SinglePlusCompton,1200,0.4799638399407582,-0.22928024980024253,0.9841914854026723,0.21057303268446942
5e9,440_SinglePlusCompton,1250,0.48123897902918494,-0.22478741426890236,0.9841491070029124,0.20808180106217544
5e9,440_SinglePlusCompton,1300,0.48246263902913544,-0.22056222875866882,0.9841099730517954,0.20574093592723275
5e9,440_SinglePlusCompton,1350,0.48364554938102783,-0.21658303168877047,0.9840737785363736,0.2035369904259057
5e9,440_SinglePlusCompton,1400,0.4847968064402418,-0.2128302805461203,0.9840402720810767,0.20145812535329588
5e9,440_SinglePlusCompton,1450,0.48592437630074986,-0.2092865518853152,0.9840092015639959,0.19949399345193713
5e9,440_SinglePlusCompton,1500,0.48703532287786566,-0.205935952698724,0.983980348918683,0.1976353330907707
5e9,440_SinglePlusCompton,1550,0.48813585814624877,-0.20276429700546117,0.983953517658809,0.19587383797145633
5e9,440_SinglePlusCompton,1600,0.4892313271285966,-0.19975822290651835,0.9839285404068412,0.19420204593101287
5e9,440_SinglePlusCompton,1650,0.49032674594479225,-0.19690607552963268,0.983905269442444,0.19261320058303855
5e9,440_SinglePlusCompton,1700,0.49142640166878654,-0.19419696522142715,0.983883566377766,0.19110121428825094
5e9,440_SinglePlusCompton,1750,0.49253409539720877,-0.19162088527339338,0.9838633165231364,0.18966055397671244
5e9,440_SinglePlusCompton,1800,0.4936533426875527,-0.18916882964787374,0.9838444030739443,0.18828619650277204
5e9,440_SinglePlusCompton,1850,0.49478728308878855,-0.1868324398001141,0.9838267372582636,0.18697355676140281
5e9,440_SinglePlusCompton,1900,0.4959385855488275,-0.1846039458152725,0.9838102256349118,0.18571846112058196
5e9,440_SinglePlusCompton,1950,0.49710996393368045,-0.18247657844935783,0.9837947886913626,0.18451708287740481
5e9,440_SinglePlusCompton,2000,0.4983036845626102,-0.18044362732137043,0.9837803547375674,0.18336591118122017
5e9,440_SinglePlusCompton,2050,0.49952178785136214,-0.17849932385817002,0.9837668529749796,0.18226172833450136
5e9,440_SinglePlusCompton,2100,0.5007662051039018,-0.17663807607559012,0.98375422246733,0.18120157783941565
5e9,440_SinglePlusCompton,2150,0.5020386910802156,-0.17485488061937648,0.9837424048526032,0.18018272328420673
5e9,440_SinglePlusCompton,2200,0.5033406506133573,-0.17314485186125728,0.9837313501876939,0.17920264615068607
5e9,440_SinglePlusCompton,2250,0.5046736790561814,-0.17150381052885555,0.9837210058227392,0.17825901728995625
5e9,440_SinglePlusCompton,2300,0.5060390291431501,-0.16992763621278528,0.9837113280086455,0.17734969520137617
5e9,440_SinglePlusCompton,2350,0.5074378308528059,-0.16841273827058167,0.98370227012398,0.17647269075428393
5e9,440_SinglePlusCompton,2400,0.5088710553832313,-0.16695552605978004,0.983693794308017,0.17562614386410833
5e9,440_SinglePlusCompton,2450,0.5103396965581419,-0.1655527621158629,0.9836858640582836,0.17480834390807165
5e9,440_SinglePlusCompton,2500,0.5118446321189984,-0.16420156215226,0.9836784433549156,0.17401769579701046
5e9,440_SinglePlusCompton,2550,0.5133863725363418,-0.16289886529342779,0.9836715002342254,0.1732527166599253
5e9,440_SinglePlusCompton,2600,0.514965709032232,-0.1616423170197171,0.9836650056599816,0.1725120338230517
5e9,440_SinglePlusCompton,2650,0.5165831050699878,-0.1604294450854964,0.9836589240225511,0.17179435856227393
5e9,440_SinglePlusCompton,2700,0.5182389145385937,-0.15925801269709905,0.9836532345455434,0.17109848837316063
5e9,440_SinglePlusCompton,2750,0.5199334832722673,-0.15812578306085856,0.9836479074515375,0.17042331841153988
5e9,440_SinglePlusCompton,2800,0.5216672256411256,-0.15703081369806438,0.9836429228507967,0.16976779070018025
5e9,440_SinglePlusCompton,2850,0.5234402378597642,-0.15597127985598858,0.9836382580802487,0.16913093886613484
5e9,440_SinglePlusCompton,2900,0.525252612146433,-0.15494541564489428,0.9836338873080175,0.16851183781044898
5e9,440_SinglePlusCompton,2950,0.5271045428287586,-0.15395157290102712,0.983629795776314,0.16790962654077615
5e9,440_SinglePlusCompton,3000,0.5289958398273413,-0.15298822118661526,0.9836259624691158,0.16732351962858263
5e9,440_SinglePlusCompton,3050,0.5309265236177111,-0.1520540066528605,0.9836223684732147,0.16675276598332772
5e9,440_SinglePlusCompton,3100,0.532896330846142,-0.15114751658797343,0.9836189991626714,0.16619665564535668
5e9,440_SinglePlusCompton,3150,0.5349051373709292,-0.150267456006147,0.9836158408605526,0.16565451425875122
5e9,440_SinglePlusCompton,3200,0.5369526839945773,-0.14941270651054783,0.9836128779704305,0.165125742344827
5e9,440_SinglePlusCompton,3250,0.5390389135367583,-0.14858209084135166,0.9836100936734514,0.16460973267045687
5e9,440_SinglePlusCompton,3300,0.5411631482540551,-0.14777454946471613,0.9836074751288294,0.16410596595795712
5e9,440_SinglePlusCompton,3350,0.5433251632357616,-0.14698914057278178,0.9836050151067661,0.1636139000592677
5e9,440_SinglePlusCompton,3400,0.5455245239976763,-0.14622492235768902,0.9836027051153683,0.16313303886495567
5e9,440_SinglePlusCompton,3450,0.5477608624596467,-0.14548095301157804,0.983600524094527,0.1626629421777255
5e9,440_SinglePlusCompton,3500,0.550033463194203,-0.14475629072658946,0.983598465848328,0.16220318689877658
5e9,440_SinglePlusCompton,3550,0.5523420424279963,-0.14405034687281082,0.9835965274948857,0.16175332743225557
5e9,440_SinglePlusCompton,3600,0.5546858921999794,-0.14336235623135618,0.9835946952187039,0.16131299240108893
5e9,440_SinglePlusCompton,3650,0.5570645315354977,-0.14269137699436607,0.9835929607724809,0.1608818422381312
5e9,440_SinglePlusCompton,3700,0.5594774771770864,-0.1420369971209018,0.9835913179854647,0.16045949793697795
5e9,440_SinglePlusCompton,3750,0.5619237714036089,-0.14139839252908615,0.9835897585673332,0.16004564945044256
5e9,440_SinglePlusCompton,3800,0.5644031055908706,-0.14077521004097193,0.9835882748391941,0.15963998824731288
5e9,440_SinglePlusCompton,3850,0.5669149203450039,-0.14016650784869933,0.9835868670003783,0.1592422242512271
5e9,440_SinglePlusCompton,3900,0.5694580915478596,-0.13957205050030352,0.9835855228708905,0.1588520704159825
5e9,440_SinglePlusCompton,3950,0.5720322601485507,-0.13899130822886352,0.9835842371925894,0.15846926798952693
5e9,440_SinglePlusCompton,4000,0.5746366002661342,-0.1384235158154934,0.9835830086104689,0.1580935502214606
5e9,440_SinglePlusCompton,4050,0.5772704316436292,-0.1378684378082281,0.9835818300098945,0.15772470464702065
5e9,440_SinglePlusCompton,4100,0.5799332979976571,-0.13732566216612907,0.9835806992998599,0.1573624920483357
5e9,440_SinglePlusCompton,4150,0.5826241507385139,-0.1367946591222754,0.983579608305866,0.15700671970151017
5e9,440_SinglePlusCompton,4200,0.5853422520980365,-0.13627495777273724,0.9835785518252972,0.15665715353700935
5e9,440_SinglePlusCompton,4250,0.5880871587848705,-0.13576632266554955,0.9835775283753645,0.15631362639881718
5e9,440_SinglePlusCompton,4300,0.5908581429925649,-0.13526840062276513,0.9835765425567585,0.15597592029538224
5e9,440_SinglePlusCompton,4350,0.593654259202427,-0.1347807207404541,0.9835755838287474,0.15564388491175654
5e9,440_SinglePlusCompton,4400,0.5964749534285856,-0.13430298870366042,0.9835746483415907,0.15531734223147745
5e9,440_SinglePlusCompton,4450,0.599319453423416,-0.13383479247144536,0.9835737411718602,0.1549961201294167
5e9,440_SinglePlusCompton,4500,0.6021868906106408,-0.13337607318081768,0.9835728538523903,0.1546800829005636
5e9,440_SinglePlusCompton,4550,0.605076790331811,-0.13292635992784774,0.9835719780014941,0.15436910717596664
5e9,440_SinglePlusCompton,4600,0.6079880661100051,-0.13248547612356176,0.9835711240759124,0.15406303085595885
5e9,440_SinglePlusCompton,4650,0.6109204578084565,-0.1320530685900123,0.9835702810091775,0.15376171496592633
5e9,440_SinglePlusCompton,4700,0.6138732016247105,-0.13162884301224342,0.9835694500360421,0.15346502829819583
5e9,440_SinglePlusCompton,4750,0.6168452512869184,-0.13121268166427247,0.9835686360402248,0.15317283808365753
5e9,440_SinglePlusCompton,4800,0.6198363841854434,-0.13080429023114348,0.9835678271040333,0.15288505995998952
5e9,440_SinglePlusCompton,4850,0.6228456726900161,-0.13040343326089143,0.9835670193456809,0.152601573375571
5e9,440_SinglePlusCompton,4900,0.6258725862680933,-0.13001005189052517,0.9835662251975069,0.15232226195626364
5e9,440_SinglePlusCompton,4950,0.6289159846640975,-0.1296236163531237,0.9835654366713432,0.15204699657070994
5e9,440_SinglePlusCompton,5000,0.6319758511602099,-0.12924412664868679,0.9835646526897179,0.1517757088991274
5e9,440_SinglePlusCompton,5050,0.6350514576439267,-0.12887134732524985,0.9835638720056958,0.15150828267695568
5e9,440_SinglePlusCompton,5100,0.6381418418236817,-0.12850527838281256,0.9835630951787012,0.15124464553084785
5e9,440_SinglePlusCompton,5150,0.64124632922646,-0.12814539005445413,0.9835623162196906,0.15098471585640516
5e9,440_SinglePlusCompton,5200,0.6443645589521324,-0.12779185892914824,0.9835615397843807,0.150728392734133
5e9,440_SinglePlusCompton,5250,0.6474961616692305,-0.12744439069193858,0.9835607606589444,0.15047559602164715
5e9,440_SinglePlusCompton,5300,0.6506404042536046,-0.12710274989086034,0.9835599828334495,0.15022623945252905
5e9,440_SinglePlusCompton,5350,0.653796572594616,-0.126766818799931,0.9835592065023028,0.14998025705583343
5e9,440_SinglePlusCompton,5400,0.6569641334536697,-0.12643636196718588,0.9835584245111151,0.14973757505628357
5e9,440_SinglePlusCompton,5450,0.6601423682905385,-0.12611161484458955,0.9835576417349317,0.14949813288245956
5e9,440_SinglePlusCompton,5500,0.6633309255074143,-0.12579204766522123,0.9835568532001844,0.14926182754597198
5e9,440_SinglePlusCompton,5550,0.6665290202970846,-0.12547771929207208,0.983556064936091,0.1490286215195514
5e9,440_SinglePlusCompton,5600,0.6697365195802201,-0.12516839427317716,0.9835552722458804,0.14879843803844703
5e9,440_SinglePlusCompton,5650,0.6729521231677199,-0.12486407260853649,0.9835544758004413,0.14857122329803182
5e9,440_SinglePlusCompton,5700,0.6761760538478353,-0.12456445998319399,0.9835536722822608,0.14834692458282916
5e9,440_SinglePlusCompton,5750,0.6794076398250102,-0.12426967412313195,0.9835528655152532,0.1481254739270853
5e9,440_SinglePlusCompton,5800,0.6826464286659796,-0.1239794207133944,0.9835520546586959,0.1479068266706849
5e9,440_SinglePlusCompton,5850,0.6858921487092856,-0.12369364089099011,0.9835512373602344,0.14769089152208043
5e9,440_SinglePlusCompton,5900,0.6891442847934652,-0.1234123935189102,0.9835504167950782,0.14747764633476826
5e9,440_SinglePlusCompton,5950,0.6924020394304568,-0.12313520769322484,0.983549589641865,0.14726704367984353
5e9,440_SinglePlusCompton,6000,0.695665350431837,-0.1228623777288903,0.9835487553960802,0.14705901507543537
5e9,440_SinglePlusCompton,6050,0.6989337115278437,-0.12259355044795917,0.9835479181044163,0.1468535215868615
5e9,440_SinglePlusCompton,6100,0.7022066533797501,-0.12232884357641394,0.983547075035022,0.14665052560495587
5e9,440_SinglePlusCompton,6150,0.7054838078351108,-0.12206808052528084,0.9835462228053159,0.14644996824140646
5e9,440_SinglePlusCompton,6200,0.7087643074815314,-0.1218109669796037,0.9835453671723065,0.1462518193251786
5e9,440_SinglePlusCompton,6250,0.7120484095391799,-0.12155785611733005,0.9835444974676153,0.14605604617304815
5e9,440_SinglePlusCompton,6300,0.7153350164633049,-0.12130833589752121,0.9835436291134629,0.14586255531208722
5e9,440_SinglePlusCompton,6350,0.718624300341242,-0.12106240632017717,0.9835427519885254,0.1456713483967258
5e9,440_SinglePlusCompton,6400,0.7219157822287567,-0.12082000852230668,0.9835418694114098,0.14548238511306155
5e9,440_SinglePlusCompton,6450,0.7252091535391896,-0.12058096591493617,0.9835409787795334,0.14529559413968263
5e9,440_SinglePlusCompton,6500,0.7285039456700747,-0.12034539622404794,0.9835400853056565,0.1451109698404147
5e9,440_SinglePlusCompton,6550,0.7318003841170175,-0.12011312286066844,0.9835391815279004,0.1449284676394516
5e9,440_SinglePlusCompton,6600,0.7350978535226866,-0.11988408696180641,0.9835382766218006,0.14474802393762504
5e9,440_SinglePlusCompton,6650,0.7383956889437647,-0.11965817080147934,0.9835373626368814,0.1445696353752656
5e9,440_SinglePlusCompton,6700,0.7416937073425011,-0.11943543324267847,0.9835364415551375,0.14439326477721273
5e9,440_SinglePlusCompton,6750,0.7449919115403333,-0.1192157565594214,0.9835355097454983,0.1442188728244696
5e9,440_SinglePlusCompton,6800,0.7482898012651055,-0.11899914075170814,0.9835345754395275,0.14404645039964564
5e9,440_SinglePlusCompton,6850,0.7515871937039285,-0.11878540923056491,0.9835336315930816,0.14387593910924037
5e9,440_SinglePlusCompton,6900,0.7548839376131781,-0.11857450313300066,0.9835326837729339,0.14370732115803025
5e9,440_SinglePlusCompton,6950,0.7581795310275133,-0.11836642245901519,0.9835317269021632,0.14354056154718306
5e9,440_SinglePlusCompton,7000,0.7614734405930417,-0.1181612849345911,0.9835307661506749,0.143375627604931
5e9,440_SinglePlusCompton,7050,0.7647656611776492,-0.11795873738178086,0.9835297975135661,0.1432125002132099
5e9,440_SinglePlusCompton,7100,0.7680560740243307,-0.11775883866357595,0.9835288249690345,0.14305112730305042
5e9,440_SinglePlusCompton,7150,0.7713448281497486,-0.11756164764296739,0.9835278446238211,0.14289149656020372
5e9,440_SinglePlusCompton,7200,0.7746313481500767,-0.11736692886799027,0.9835268552711868,0.14273360476716296
5e9,440_SinglePlusCompton,7250,0.7779153667960464,-0.11717480006462722,0.9835258622689582,0.1425773806400479
5e9,440_SinglePlusCompton,7300,0.7811963292507234,-0.11698520236988685,0.9835248623971072,0.14242281594219502
5e9,440_SinglePlusCompton,7350,0.7844743087829952,-0.11679795919479563,0.9835238557899177,0.14226989528705242
5e9,440_SinglePlusCompton,7400,0.7877495051143735,-0.11661318826533584,0.9835228415957912,0.1421185831151595
5e9,440_SinglePlusCompton,7450,0.7910209372584417,-0.11643065412954257,0.9835218225825758,0.14196884790496628
5e9,440_SinglePlusCompton,7500,0.7942894571606713,-0.11625053337638969,0.983520797344045,0.1418206721506056
5e9,440_SinglePlusCompton,7550,0.7975544012991943,-0.11607264941690343,0.9835197682944803,0.14167405428868646
5e9,440_SinglePlusCompton,7600,0.800815623398559,-0.11589688452510127,0.9835187284306923,0.14152895337085092
5e9,440_SinglePlusCompton,7650,0.8040731230394156,-0.11572335642696574,0.9835176861715798,0.1413853407581615
5e9,440_SinglePlusCompton,7700,0.8073263281473838,-0.11555206512249683,0.98351663495062,0.14124322670505432
5e9,440_SinglePlusCompton,7750,0.8105752245630259,-0.11538289288571202,0.983515579749024,0.14110254824974452
5e9,440_SinglePlusCompton,7800,0.8138193430353431,-0.11521566312763776,0.9835145190649365,0.1409633046872935
5e9,440_SinglePlusCompton,7850,0.8170590580557978,-0.11505061130023886,0.9835134505337864,0.14082548030507258
5e9,440_SinglePlusCompton,7900,0.820293966332252,-0.11488756081454166,0.983512378679574,0.14068903616950967
5e9,440_SinglePlusCompton,7950,0.8235233727899371,-0.11472645280755489,0.9835112998246414,0.14055394985755637
5e9,440_SinglePlusCompton,8000,0.8267480444768095,-0.1145672284162873,0.9835102183067064,0.14042019829374125
5e9,440_SinglePlusCompton,8050,0.8299674727827079,-0.11440988764073912,0.9835091305177445,0.14028780864589444
5e9,440_SinglePlusCompton,8100,0.8331821129740689,-0.11425460706988377,0.9835080367281746,0.1401567343127117
5e9,440_SinglePlusCompton,8150,0.8363911250000499,-0.11410103352577394,0.9835069342280831,0.14002694805542498
5e9,440_SinglePlusCompton,8200,0.8395951626953803,-0.1139493435973834,0.9835058326634175,0.13989843947393918
5e9,440_SinglePlusCompton,8250,0.8427934624257795,-0.11379947842172089,0.9835047244582886,0.13977119976153188
5e9,440_SinglePlusCompton,8300,0.8459862665433908,-0.113651320272804,0.9835036094721705,0.1396452009538467
5e9,440_SinglePlusCompton,8350,0.8491731978496597,-0.11350486915063263,0.9835024860235779,0.13952043532114447
5e9,440_SinglePlusCompton,8400,0.8523541546862483,-0.11336006619221561,0.9835013621059252,0.13939687148884236
5e9,440_SinglePlusCompton,8450,0.8555294608376668,-0.11321708798652663,0.9835002350471076,0.13927449623997068
5e9,440_SinglePlusCompton,8500,0.8586991191566862,-0.1130756402186095,0.9834991026063378,0.13915330167609255
5e9,440_SinglePlusCompton,8550,0.8618624668471712,-0.11293584061444673,0.9834979590178522,0.13903327304370883
5e9,440_SinglePlusCompton,8600,0.8650194671307931,-0.11279763031104706,0.9834968174481552,0.13891436472855664
5e9,440_SinglePlusCompton,8650,0.8681703389465095,-0.1126610093084105,0.9834956723689127,0.13879659354742827
5e9,440_SinglePlusCompton,8700,0.8713145051145643,-0.11252597760653704,0.9834945216511987,0.13867992415551603
5e9,440_SinglePlusCompton,8750,0.8744520852047006,-0.11239229975346177,0.9834933640557989,0.13856435386104532
5e9,440_SinglePlusCompton,8800,0.8775839098304626,-0.11226032892713211,0.9834922056196891,0.13844987086205904
5e9,440_SinglePlusCompton,8850,0.8807089863240234,-0.11212971194960064,0.9834910412079323,0.13833647514962868
5e9,440_SinglePlusCompton,8900,0.8838273751415977,-0.11200062540984101,0.9834898761556915,0.13822413652226
5e9,440_SinglePlusCompton,8950,0.8869394342020768,-0.1118730104448622,0.9834887034573678,0.1381128676817178
5e9,440_SinglePlusCompton,9000,0.8900443275001142,-0.11174680819167271,0.983487527741533,0.13800261829913635
5e9,440_SinglePlusCompton,9050,0.893142550875105,-0.11162190092429014,0.9834863466355417,0.13789337019724404
5e9,440_SinglePlusCompton,9100,0.8962344450611558,-0.11149834750570586,0.9834851682205364,0.13778512277690924
5e9,440_SinglePlusCompton,9150,0.8993193644239404,-0.11137614793591977,0.9834839868520454,0.13767784991306742
5e9,440_SinglePlusCompton,9200,0.9023974584017478,-0.11125530221493196,0.9834827968178245,0.13757157561792852
5e9,440_SinglePlusCompton,9250,0.9054688225862837,-0.11113569261675982,0.9834816056629931,0.13746628909197428
5e9,440_SinglePlusCompton,9300,0.9085337252489178,-0.11101743686738585,0.9834804113541363,0.137361952411687
5e9,440_SinglePlusCompton,9350,0.9115917312387782,-0.11090041724082778,0.9834792180793065,0.13725851998416647
5e9,440_SinglePlusCompton,9400,0.9146423926558368,-0.11078463373708536,0.9834780252108152,0.1371560253798386
5e9,440_SinglePlusCompton,9450,0.9176859182053618,-0.11067014521914997,0.9834768231419919,0.13705449301967748
5e9,440_SinglePlusCompton,9500,0.9207229909791907,-0.11055689282403025,0.9834756205849767,0.13695386606038215
5e9,440_SinglePlusCompton,9550,0.9237527148411936,-0.11044469996275263,0.9834744141666927,0.13685410413505064
5e9,440_SinglePlusCompton,9600,0.9267754858398933,-0.1103337432242909,0.9834732088365673,0.13675521871586155
5e9,440_SinglePlusCompton,9650,0.9297917161036305,-0.11022402260864483,0.9834720021935198,0.13665722187443827
5e9,440_SinglePlusCompton,9700,0.9328005123463593,-0.1101153026638495,0.9834707937788078,0.13656009631672647
5e9,440_SinglePlusCompton,9750,0.9358025275992159,-0.11000787770486131,0.9834695813980592,0.13646387193975915
5e9,440_SinglePlusCompton,9800,0.9387969420029664,-0.10990139455373271,0.9834683675927441,0.1363684872030132
5e9,440_SinglePlusCompton,9850,0.9417838185144651,-0.10979608866242863,0.9834671552459526,0.13627390093991765
5e9,440_SinglePlusCompton,9900,0.9447639062294629,-0.10969184230496654,0.9834659443202176,0.13618013316561417
5e9,440_SinglePlusCompton,9950,0.9477366232019961,-0.10958865548134666,0.9834647351870242,0.1360871885232336
5e9,440_SinglePlusCompton,10000,0.9507024420469364,-0.10948658705456005,0.9834635134961985,0.13599508993348344
1e9,218_SinglePhoton_CrossTalkCorrected,50,0.1812506952532552,-0.7214431442115035,0.9483520255685336,0.4668352500827951
1e9,218_SinglePhoton_CrossTalkCorrected,100,0.2261030122063608,-0.6782543849171201,0.9564079416367129,0.4328420679462771
1e9,218_SinglePhoton_CrossTalkCorrected,150,0.2523847727197687,-0.639284909151738,0.9603900164236172,0.4011336446797704
1e9,218_SinglePhoton_CrossTalkCorrected,200,0.27528567382981306,-0.6023101021768292,0.9633013130260327,0.3719008230597395
1e9,218_SinglePhoton_CrossTalkCorrected,250,0.29744732533937307,-0.5673276028936086,0.9657945127615765,0.345218909977864
1e9,218_SinglePhoton_CrossTalkCorrected,300,0.31874509098313936,-0.5345639932067292,0.9680452426664915,0.3210814637650759
1e9,218_SinglePhoton_CrossTalkCorrected,350,0.33863204528088414,-0.5041781980485769,0.9701028992405719,0.2994005067795871
1e9,218_SinglePhoton_CrossTalkCorrected,400,0.35670376085260247,-0.47621802444588,0.9719824790947248,0.2800242637306518
1e9,218_SinglePhoton_CrossTalkCorrected,450,0.37277093808432443,-0.4506347042166525,0.9736917740134762,0.2627609214157419
1e9,218_SinglePhoton_CrossTalkCorrected,500,0.38681485679168215,-0.42731039136843363,0.975239094113471,0.24740040086587634
1e9,218_SinglePhoton_CrossTalkCorrected,550,0.3989304805685078,-0.4060861191794787,0.9766347416061588,0.23373101607646535
1e9,218_SinglePhoton_CrossTalkCorrected,600,0.40927925997077147,-0.3867823187740417,0.9778906002127571,0.22155055979315025
1e9,218_SinglePhoton_CrossTalkCorrected,650,0.41805676985935764,-0.3692154094979101,0.979019304106421,0.2106727546841121
1e9,218_SinglePhoton_CrossTalkCorrected,700,0.4254696362587213,-0.35320699257739085,0.9800334945161678,0.2009302351272671
1e9,218_SinglePhoton_CrossTalkCorrected,750,0.4317222394990705,-0.33859070457419116,0.980945316780327,0.19217522877734902
1e9,218_SinglePhoton_CrossTalkCorrected,800,0.4370072400886934,-0.3252140143278567,0.9817660881506374,0.1842788347133515
1e9,218_SinglePhoton_CrossTalkCorrected,850,0.44150143969169797,-0.3129403124237228,0.9825061288742637,0.17712953116322722
1e9,218_SinglePhoton_CrossTalkCorrected,900,0.4453632171684187,-0.30164790824829835,0.9831747116257186,0.17063134167045393
1e9,218_SinglePhoton_CrossTalkCorrected,950,0.4487321868921186,-0.291229737463752,0.9837800748403097,0.1647019363093244
1e9,218_SinglePhoton_CrossTalkCorrected,1000,0.4517295206030069,-0.28159160685483353,0.9843295005257703,0.15927079656776139
1e9,218_SinglePhoton_CrossTalkCorrected,1050,0.45445909019874614,-0.2726511913842563,0.9848293728371778,0.15427754366911667
1e9,218_SinglePhoton_CrossTalkCorrected,1100,0.4570090197231461,-0.2643364461970552,0.9852852740840593,0.14967044766543466
1e9,218_SinglePhoton_CrossTalkCorrected,1150,0.45945318794939916,-0.25658460367596936,0.9857020892356585,0.14540513314162978
1e9,218_SinglePhoton_CrossTalkCorrected,1200,0.4618526448014957,-0.24934041828836273,0.9860840739695047,0.14144345654278806
1e9,218_SinglePhoton_CrossTalkCorrected,1250,0.4642574546393465,-0.24255574869263452,0.9864349636355495,0.1377525595091128
1e9,218_SinglePhoton_CrossTalkCorrected,1300,0.4667079410922469,-0.23618822047872978,0.9867579873274241,0.1343040630967553
1e9,218_SinglePhoton_CrossTalkCorrected,1350,0.46923620952717837,-0.23020064111711303,0.9870559978090672,0.1310733822452556
1e9,218_SinglePhoton_CrossTalkCorrected,1400,0.4718672440495251,-0.2245602477503057,0.9873314850500731,0.12803915906637775
1e9,218_SinglePhoton_CrossTalkCorrected,1450,0.4746199193995656,-0.2192379549844241,0.9875866279529851,0.12518278010226333
1e9,218_SinglePhoton_CrossTalkCorrected,1500,0.4775079718607674,-0.2142079369955885,0.9878233566489089,0.12248796628906419
1e9,218_SinglePhoton_CrossTalkCorrected,1550,0.48054114801274583,-0.20944729321505118,0.9880433610170645,0.11994043252568186
1e9,218_SinglePhoton_CrossTalkCorrected,1600,0.4837255416646212,-0.20493579759304237,0.9882481475041716,0.11752760764440769
1e9,218_SinglePhoton_CrossTalkCorrected,1650,0.48706432751473,-0.2006548956541533,0.988439043219668,0.11523838528222322
1e9,218_SinglePhoton_CrossTalkCorrected,1700,0.49055846908173784,-0.19658820596964488,0.988617233595075,0.11306292244573685
1e9,218_SinglePhoton_CrossTalkCorrected,1750,0.494207106727637,-0.19272118584257492,0.9887837646120483,0.11099246546494115
1e9,218_SinglePhoton_CrossTalkCorrected,1800,0.4980075127682844,-0.18904004478446423,0.988939585809099,0.1090192035618991
1e9,218_SinglePhoton_CrossTalkCorrected,1850,0.5019563546507869,-0.18553291461734867,0.9890855284836837,0.1071361459627767
1e9,218_SinglePhoton_CrossTalkCorrected,1900,0.5060493079095887,-0.18218884652916256,0.9892223657905497,0.10533701362934507
1e9,218_SinglePhoton_CrossTalkCorrected,1950,0.5102809661793258,-0.17899756033758507,0.9893507793130261,0.10361614942646549
1e9,218_SinglePhoton_CrossTalkCorrected,2000,0.5146461314828665,-0.17595011311978392,0.9894713735112651,0.10196844472656613
1e9,218_SinglePhoton_CrossTalkCorrected,2050,0.5191387903146909,-0.17303806342523542,0.9895847189244122,0.10038926460476148
1e9,218_SinglePhoton_CrossTalkCorrected,2100,0.5237531808653404,-0.17025363843316033,0.9896913125867155,0.0988743947104341
1e9,218_SinglePhoton_CrossTalkCorrected,2150,0.5284830801888871,-0.16758965037380558,0.9897916307372067,0.09741999917158897
1e9,218_SinglePhoton_CrossTalkCorrected,2200,0.5333226160640722,-0.16503966368588086,0.9898860770813444,0.09602256819236395
1e9,218_SinglePhoton_CrossTalkCorrected,2250,0.5382659011460353,-0.1625976607016859,0.9899750435438958,0.09467888785889421
1e9,218_SinglePhoton_CrossTalkCorrected,2300,0.5433069671009815,-0.16025779091095693,0.9900588930690085,0.09338599958668684
1e9,218_SinglePhoton_CrossTalkCorrected,2350,0.5484404399177897,-0.15801503959061047,0.990137926947615,0.09214118410854219
1e9,218_SinglePhoton_CrossTalkCorrected,2400,0.5536608532017094,-0.15586447559628103,0.9902124634515646,0.09094192923044259
1e9,218_SinglePhoton_CrossTalkCorrected,2450,0.5589629049888445,-0.15380150209847543,0.9902827546454946,0.08978590893826134
1e9,218_SinglePhoton_CrossTalkCorrected,2500,0.5643417640454963,-0.15182202374000908,0.990349075144009,0.0886709700590795
1e9,218_SinglePhoton_CrossTalkCorrected,2550,0.5697926926651949,-0.14992202874241511,0.9904116485989969,0.08759510811060049
1e9,218_SinglePhoton_CrossTalkCorrected,2600,0.5753110475674333,-0.14809767248466288,0.9904706970860857,0.08655646085293951
1e9,218_SinglePhoton_CrossTalkCorrected,2650,0.5808928138714629,-0.1463457789754662,0.9905264093583898,0.08555329226084595
1e9,218_SinglePhoton_CrossTalkCorrected,2700,0.5865337223927664,-0.14466275432994857,0.9905789814200419,0.08458397614664705
1e9,218_SinglePhoton_CrossTalkCorrected,2750,0.5922301387295493,-0.14304575687169618,0.990628577697476,0.08364699478133322
1e9,218_SinglePhoton_CrossTalkCorrected,2800,0.5979784461437379,-0.141491861345577,0.990675371731273,0.0827409238985762
1e9,218_SinglePhoton_CrossTalkCorrected,2850,0.6037753598955695,-0.13999830965389515,0.990719494971816,0.081864428521205
1e9,218_SinglePhoton_CrossTalkCorrected,2900,0.6096176454237109,-0.13856259443510877,0.9907611200169925,0.08101625173971194
1e9,218_SinglePhoton_CrossTalkCorrected,2950,0.6155022232950799,-0.1371821247489582,0.9908003455232365,0.08019521174484484
1e9,218_SinglePhoton_CrossTalkCorrected,3000,0.6214266425876578,-0.13585489470621015,0.9908373114117962,0.07940019418741705
1e9,218_SinglePhoton_CrossTalkCorrected,3050,0.6273879315872956,-0.13457848052404076,0.9908721338361216,0.07863014966833491
1e9,218_SinglePhoton_CrossTalkCorrected,3100,0.6333838834130321,-0.1333509598919349,0.990904910127835,0.0778840845149954
1e9,218_SinglePhoton_CrossTalkCorrected,3150,0.6394121047855221,-0.1321703269206591,0.9909357463847145,0.0771610577524398
1e9,218_SinglePhoton_CrossTalkCorrected,3200,0.6454704390741609,-0.1310347428784161,0.9909647412042953,0.07646018437846198
1e9,218_SinglePhoton_CrossTalkCorrected,3250,0.6515570312683867,-0.1299426197695629,0.9909919831652039,0.07578062237098374
1e9,218_SinglePhoton_CrossTalkCorrected,3300,0.6576698587032569,-0.12889211886230212,0.9910175484996926,0.07512157316383207
1e9,218_SinglePhoton_CrossTalkCorrected,3350,0.6638071993294676,-0.12788165216099068,0.991041523270556,0.0744822746352487
1e9,218_SinglePhoton_CrossTalkCorrected,3400,0.6699675416828565,-0.12690988240613976,0.9910639831060032,0.07386201262640589
1e9,218_SinglePhoton_CrossTalkCorrected,3450,0.6761492034810601,-0.12597522160210628,0.9910849928259459,0.07326010248251885
1e9,218_SinglePhoton_CrossTalkCorrected,3500,0.6823507614781025,-0.1250763324894013,0.9911046241863398,0.07267588778397871
1e9,218_SinglePhoton_CrossTalkCorrected,3550,0.6885710220286085,-0.12421196138725388,0.9911229327789911,0.07210875307025627
1e9,218_SinglePhoton_CrossTalkCorrected,3600,0.6948086884128054,-0.12338093819361129,0.9911399897803194,0.07155810414589245
1e9,218_SinglePhoton_CrossTalkCorrected,3650,0.7010623537354935,-0.12258192564898451,0.9911558470914317,0.0710233824418783
1e9,218_SinglePhoton_CrossTalkCorrected,3700,0.7073312990635456,-0.12181400438747514,0.9911705465870994,0.07050404735342913
1e9,218_SinglePhoton_CrossTalkCorrected,3750,0.7136141332694568,-0.12107592072831208,0.9911841496562366,0.06999958669094097
1e9,218_SinglePhoton_CrossTalkCorrected,3800,0.7199100698182707,-0.12036667172687887,0.9911967003748225,0.06950950944121029
1e9,218_SinglePhoton_CrossTalkCorrected,3850,0.7262183891021916,-0.11968542159599471,0.9912082460343986,0.0690333493669352
1e9,218_SinglePhoton_CrossTalkCorrected,3900,0.7325379539985859,-0.11903108381232497,0.9912188283360235,0.06857065865503285
1e9,218_SinglePhoton_CrossTalkCorrected,3950,0.7388680963198512,-0.11840282258868917,0.9912284776379167,0.06812100328788775
1e9,218_SinglePhoton_CrossTalkCorrected,4000,0.7452081750995541,-0.11779980213790653,0.9912372458778357,0.06768397866727172
1e9,218_SinglePhoton_CrossTalkCorrected,4050,0.751557315703243,-0.11722110309407863,0.9912451606485128,0.06725919308558136
1e9,218_SinglePhoton_CrossTalkCorrected,4100,0.7579149535802587,-0.11666597324874273,0.9912522626550486,0.06684626737586702
1e9,218_SinglePhoton_CrossTalkCorrected,4150,0.7642805776314614,-0.11613374397215459,0.9912585853348652,0.0664448396706622
1e9,218_SinglePhoton_CrossTalkCorrected,4200,0.7706534454273261,-0.11562366305585159,0.9912641595468563,0.06605456416709302
1e9,218_SinglePhoton_CrossTalkCorrected,4250,0.7770330056862972,-0.11513489471265315,0.9912690118324615,0.06567511208504052
1e9,218_SinglePhoton_CrossTalkCorrected,4300,0.7834190550490692,-0.11466702104896909,0.9912731660071233,0.06530616107809614
1e9,218_SinglePhoton_CrossTalkCorrected,4350,0.7898106492606313,-0.11421912269890055,0.9912766535986268,0.06494740906260078
1e9,218_SinglePhoton_CrossTalkCorrected,4400,0.7962077423531266,-0.11379078176885749,0.9912795012398271,0.0645985580308219
1e9,218_SinglePhoton_CrossTalkCorrected,4450,0.802609833083652,-0.11338124605037725,0.9912817331409157,0.06425932698802998
1e9,218_SinglePhoton_CrossTalkCorrected,4500,0.8090162809902093,-0.11299009764986967,0.9912833772019354,0.06392944581132455
1e9,218_SinglePhoton_CrossTalkCorrected,4550,0.8154269583255159,-0.11261666793759018,0.9912844529737798,0.06360865149970636
1e9,218_SinglePhoton_CrossTalkCorrected,4600,0.8218414801465354,-0.11226053901994848,0.9912849799068177,0.06329669254885804
1e9,218_SinglePhoton_CrossTalkCorrected,4650,0.8282593887362082,-0.11192112584591829,0.9912849759698367,0.06299332699897692
1e9,218_SinglePhoton_CrossTalkCorrected,4700,0.8346804772555688,-0.11159792694319115,0.9912844620880943,0.06269832043564122
1e9,218_SinglePhoton_CrossTalkCorrected,4750,0.8411043369430324,-0.11129044083945872,0.9912834633282361,0.06241145463188663
1e9,218_SinglePhoton_CrossTalkCorrected,4800,0.8475307191140109,-0.11099824964113081,0.9912819967392651,0.06213250939848482
1e9,218_SinglePhoton_CrossTalkCorrected,4850,0.8539594575873838,-0.11072093545461703,0.9912800847784154,0.061861278323042126
1e9,218_SinglePhoton_CrossTalkCorrected,4900,0.8603900118423431,-0.11045799680760915,0.9912777208741951,0.06159756102956406
1e9,218_SinglePhoton_CrossTalkCorrected,4950,0.8668222723311412,-0.11020909938523482,0.9912749342458499,0.06134116389347118
1e9,218_SinglePhoton_CrossTalkCorrected,5000,0.8732562259383713,-0.10997382529390387,0.9912717460319135,0.06109189309899082
1e9,218_SinglePhoton_CrossTalkCorrected,5050,0.8796914721092972,-0.1097517566400259,0.9912681679448438,0.06084957529574481
1e9,218_SinglePhoton_CrossTalkCorrected,5100,0.88612769259736,-0.10954247553001073,0.9912642099764011,0.060614036240649864
1e9,218_SinglePhoton_CrossTalkCorrected,5150,0.8925649126652798,-0.10934573122770408,0.9912598852486265,0.06038510503500614
1e9,218_SinglePhoton_CrossTalkCorrected,5200,0.8990027940605408,-0.10916110583951577,0.9912552167797414,0.060162622044168196
1e9,218_SinglePhoton_CrossTalkCorrected,5250,0.9054411655316151,-0.10898826505057357,0.9912501990577968,0.059946427395119
1e9,218_SinglePhoton_CrossTalkCorrected,5300,0.9118797525575184,-0.10882687454600515,0.9912448607187739,0.05973636965042949
1e9,218_SinglePhoton_CrossTalkCorrected,5350,0.9183186385980298,-0.10867668358965632,0.9912391976005221,0.05953230598050876
1e9,218_SinglePhoton_CrossTalkCorrected,5400,0.9247572576596325,-0.10853727428793702,0.9912332368028436,0.05933409176741233
1e9,218_SinglePhoton_CrossTalkCorrected,5450,0.9311957690547163,-0.10840839590469276,0.9912269927332554,0.059141589826008395
1e9,218_SinglePhoton_CrossTalkCorrected,5500,0.9376340435646623,-0.10828979770376967,0.991220454509337,0.0589546634979824
1e9,218_SinglePhoton_CrossTalkCorrected,5550,0.9440715856413363,-0.10818097821285921,0.991213638018045,0.05877319072368564
1e9,218_SinglePhoton_CrossTalkCorrected,5600,0.9505086072904018,-0.10808193743196137,0.9912065629672019,0.05859704312945833
1e9,218_SinglePhoton_CrossTalkCorrected,5650,0.9569449617316762,-0.10799234104620414,0.9911992304537346,0.05842610002654124
1e9,218_SinglePhoton_CrossTalkCorrected,5700,0.963380305178333,-0.10791185474071507,0.9911916580710327,0.05826024010781372
1e9,218_SinglePhoton_CrossTalkCorrected,5750,0.96981465616374,-0.10784022777933999,0.9911838400786226,0.05809935637084439
1e9,218_SinglePhoton_CrossTalkCorrected,5800,0.9762477426732781,-0.107777293004643,0.9911758070356211,0.05794333878446735
1e9,218_SinglePhoton_CrossTalkCorrected,5850,0.98267947683987,-0.10772279968046972,0.991167560676888,0.057792079072467646
1e9,218_SinglePhoton_CrossTalkCorrected,5900,0.9891098581971808,-0.10767641349194801,0.9911590922464923,0.05764547364693296
1e9,218_SinglePhoton_CrossTalkCorrected,5950,0.9955387820721454,-0.10763796728164166,0.9911504185912142,0.05750341986994705
1e9,218_SinglePhoton_CrossTalkCorrected,6000,1.00196613873224,-0.1076072103133966,0.9911415502189608,0.05736582153161879
1e9,218_SinglePhoton_CrossTalkCorrected,6050,1.008391625419689,-0.10758405900849477,0.9911324876020723,0.05723258609886878
1e9,218_SinglePhoton_CrossTalkCorrected,6100,1.0148152137062711,-0.10756817905206395,0.9911232431258298,0.05710361772598483
1e9,218_SinglePhoton_CrossTalkCorrected,6150,1.0212367737837762,-0.10755931970794985,0.9911138270251395,0.056978828462141896
1e9,218_SinglePhoton_CrossTalkCorrected,6200,1.0276564520826719,-0.10755731381871647,0.9911042482462434,0.056858129376402285
1e9,218_SinglePhoton_CrossTalkCorrected,6250,1.034074209210651,-0.10756216138436381,0.9910944981871878,0.05674143472717752
1e9,218_SinglePhoton_CrossTalkCorrected,6300,1.040489615905184,-0.10757352809001952,0.9910846029799842,0.05662866884500371
1e9,218_SinglePhoton_CrossTalkCorrected,6350,1.046902705838886,-0.10759116319952966,0.9910745620152507,0.0565197504764919
1e9,218_SinglePhoton_CrossTalkCorrected,6400,1.053313323057837,-0.10761489955545789,0.991064374255008,0.05641459684316871
1e9,218_SinglePhoton_CrossTalkCorrected,6450,1.0597214003487554,-0.1076445700003682,0.9910540520814707,0.056313133838158703
1e9,218_SinglePhoton_CrossTalkCorrected,6500,1.0661268779738489,-0.10768017453426049,0.9910436000621029,0.056215285629910204
1e9,218_SinglePhoton_CrossTalkCorrected,6550,1.0725298494516813,-0.10772129526354468,0.9910330202895016,0.05612097904319375
1e9,218_SinglePhoton_CrossTalkCorrected,6600,1.078930058499253,-0.10776793218822056,0.9910223188467602,0.05603014763678292
1e9,218_SinglePhoton_CrossTalkCorrected,6650,1.0853274120588916,-0.10781983457213407,0.9910115049586072,0.05594271783958988
1e9,218_SinglePhoton_CrossTalkCorrected,6700,1.091721920628785,-0.10787691883656714,0.9910005841326692,0.05585862574000308
1e9,218_SinglePhoton_CrossTalkCorrected,6750,1.0981134893294044,-0.10793901782408366,0.9909895620893306,0.05577780414899082
1e9,218_SinglePhoton_CrossTalkCorrected,6800,1.104502102271604,-0.10800588079852935,0.9909784424330228,0.05570019129714258
1e9,218_SinglePhoton_CrossTalkCorrected,6850,1.1108875696506828,-0.10807742418118638,0.9909672204072085,0.055625725719752946
1e9,218_SinglePhoton_CrossTalkCorrected,6900,1.117270189660805,-0.10815373155077257,0.9909559081099409,0.05555434333089912
1e9,218_SinglePhoton_CrossTalkCorrected,6950,1.123649338270647,-0.1082343014349797,0.9909445145293401,0.05548598624679024
1e9,218_SinglePhoton_CrossTalkCorrected,7000,1.130025305672996,-0.10831921741252581,0.9909330380037437,0.05542059596506376
1e9,218_SinglePhoton_CrossTalkCorrected,7050,1.1363979583581787,-0.10840822874725664,0.9909214948238977,0.05535811409025081
1e9,218_SinglePhoton_CrossTalkCorrected,7100,1.1427670885202523,-0.10850125186045434,0.9909098739722493,0.05529848525605136
1e9,218_SinglePhoton_CrossTalkCorrected,7150,1.1491326593231188,-0.10859811959468257,0.9908981840051773,0.05524165522905545
1e9,218_SinglePhoton_CrossTalkCorrected,7200,1.155495047875553,-0.10869891552865962,0.9908864413643337,0.05518756949646194
1e9,218_SinglePhoton_CrossTalkCorrected,7250,1.1618538076005522,-0.10880330534751304,0.9908746393152502,0.05513617461569729
1e9,218_SinglePhoton_CrossTalkCorrected,7300,1.1682088107952309,-0.10891120547252486,0.9908627824464171,0.05508742600380438
1e9,218_SinglePhoton_CrossTalkCorrected,7350,1.174560286069675,-0.109022448746259,0.9908508857813488,0.055041264430074
1e9,218_SinglePhoton_CrossTalkCorrected,7400,1.1809080391272402,-0.10913711874743337,0.9908389294923038,0.05499764596073862
1e9,218_SinglePhoton_CrossTalkCorrected,7450,1.187251977680818,-0.10925488116117599,0.9908269303078123,0.054956512281593095
1e9,218_SinglePhoton_CrossTalkCorrected,7500,1.1935923539849849,-0.10937573598748662,0.9908148926658293,0.05491782510561009
1e9,218_SinglePhoton_CrossTalkCorrected,7550,1.1999285381231375,-0.10949951606892938,0.9908028189031848,0.054881535565529854
1e9,218_SinglePhoton_CrossTalkCorrected,7600,1.206261247882779,-0.10962622140550404,0.9907907177593287,0.05484759459965292
1e9,218_SinglePhoton_CrossTalkCorrected,7650,1.2125897133089032,-0.10975551768233849,0.9907785931946094,0.054815958792292716
1e9,218_SinglePhoton_CrossTalkCorrected,7700,1.218914445623267,-0.10988773921430495,0.990766435464841,0.05478658393218494
1e9,218_SinglePhoton_CrossTalkCorrected,7750,1.2252348151492771,-0.11002238452909507,0.9907542639949544,0.05475943003099437
1e9,218_SinglePhoton_CrossTalkCorrected,7800,1.2315512690040655,-0.11015953720542693,0.9907420762129463,0.05473445211953221
1e9,218_SinglePhoton_CrossTalkCorrected,7850,1.2378634383290812,-0.11029903008586439,0.9907298662441091,0.05471160647717062
1e9,218_SinglePhoton_CrossTalkCorrected,7900,1.244171535895116,-0.11044077959168941,0.9907176434438806,0.05469085143977452
1e9,218_SinglePhoton_CrossTalkCorrected,7950,1.2504755137996966,-0.11058478572290187,0.990705419156395,0.054672149688079937
1e9,218_SinglePhoton_CrossTalkCorrected,8000,1.2567754637520525,-0.11073088132206588,0.9906931928417522,0.05465545994938581
1e9,218_SinglePhoton_CrossTalkCorrected,8050,1.2630709087162704,-0.1108788992317451,0.9906809556023441,0.054640740284415186
1e9,218_SinglePhoton_CrossTalkCorrected,8100,1.2693623140007289,-0.11102900660937587,0.9906687279044356,0.054627947536506447
1e9,218_SinglePhoton_CrossTalkCorrected,8150,1.2756492421140033,-0.11118086914008574,0.990656498356687,0.054617047405369476
1e9,218_SinglePhoton_CrossTalkCorrected,8200,1.2819317545272704,-0.11133457040259298,0.9906442757415421,0.05460799978990054
1e9,218_SinglePhoton_CrossTalkCorrected,8250,1.288209927797647,-0.11148994323946126,0.9906320579911277,0.05460077398427836
1e9,218_SinglePhoton_CrossTalkCorrected,8300,1.2944833910515434,-0.11164690407197264,0.9906198570636383,0.054595323900682065
1e9,218_SinglePhoton_CrossTalkCorrected,8350,1.3007526459385406,-0.11180545290012711,0.9906076737098355,0.05459161497310263
1e9,218_SinglePhoton_CrossTalkCorrected,8400,1.3070171954634335,-0.11196542256648856,0.9905954961516961,0.05458960837205832
1e9,218_SinglePhoton_CrossTalkCorrected,8450,1.3132771907813807,-0.11212689664977504,0.9905833430391064,0.05458927557468341
1e9,218_SinglePhoton_CrossTalkCorrected,8500,1.3195326651319446,-0.11228962441383239,0.9905711996012446,0.05459057836620016
1e9,218_SinglePhoton_CrossTalkCorrected,8550,1.3257833600316105,-0.1124536058586606,0.9905590822934648,0.054593477903184626
1e9,218_SinglePhoton_CrossTalkCorrected,8600,1.3320294564226292,-0.11261875740554161,0.9905469985811701,0.054597935714687844
1e9,218_SinglePhoton_CrossTalkCorrected,8650,1.338270976449982,-0.11278507905447543,0.9905349355251143,0.05460392754193677
1e9,218_SinglePhoton_CrossTalkCorrected,8700,1.3445077213365322,-0.11295248722674389,0.9905229069086283,0.05461141205701242
1e9,218_SinglePhoton_CrossTalkCorrected,8750,1.3507395509543407,-0.11312081476491109,0.9905109079685712,0.054620363605023675
1e9,218_SinglePhoton_CrossTalkCorrected,8800,1.3569667040490407,-0.11329014524769498,0.9904989502211277,0.054630745444699265
1e9,218_SinglePhoton_CrossTalkCorrected,8850,1.3631890363206571,-0.11346031151765945,0.9904870232700708,0.05464252218050693
1e9,218_SinglePhoton_CrossTalkCorrected,8900,1.3694065277618135,-0.11363122999608632,0.9904751383921963,0.0546556621900214
1e9,218_SinglePhoton_CrossTalkCorrected,8950,1.3756191325175122,-0.11380298426169388,0.9904632981343874,0.054670134516001744
1e9,218_SinglePhoton_CrossTalkCorrected,9000,1.3818268876215336,-0.1139754071570458,0.9904514972548043,0.054685904822360736
1e9,218_SinglePhoton_CrossTalkCorrected,9050,1.388029615601762,-0.11414849868214227,0.9904397424116168,0.05470294505235306
1e9,218_SinglePhoton_CrossTalkCorrected,9100,1.3942272903567354,-0.11432217525826505,0.9904280268379542,0.05472122026160004
1e9,218_SinglePhoton_CrossTalkCorrected,9150,1.4004197890181698,-0.11449635330669627,0.990416367063429,0.054740704437965075
1e9,218_SinglePhoton_CrossTalkCorrected,9200,1.40660730786209,-0.11467103282743574,0.9904047576890683,0.05476136417988185
1e9,218_SinglePhoton_CrossTalkCorrected,9250,1.412789760033841,-0.11484621382048366,0.990393198182179,0.054783165634190854
1e9,218_SinglePhoton_CrossTalkCorrected,9300,1.418966790573978,-0.1150217291284037,0.9903816879853413,0.05480608326015471
1e9,218_SinglePhoton_CrossTalkCorrected,9350,1.4251385921785344,-0.11519757875119607,0.9903702336004399,0.054830090907466406
1e9,218_SinglePhoton_CrossTalkCorrected,9400,1.4313054521638933,-0.11537376268886057,0.9903588423418084,0.05485515116527316
1e9,218_SinglePhoton_CrossTalkCorrected,9450,1.4374669552382922,-0.11555019736267935,0.9903475038921612,0.05488124007383115
1e9,218_SinglePhoton_CrossTalkCorrected,9500,1.4436232505403528,-0.11572679919393414,0.9903362233921601,0.05490832882059036
1e9,218_SinglePhoton_CrossTalkCorrected,9550,1.4497745275126916,-0.11590356818262515,0.9903250075077481,0.054936384904022896
1e9,218_SinglePhoton_CrossTalkCorrected,9600,1.4559203569703962,-0.11608058790747022,0.9903138523618844,0.05496538611457365
1e9,218_SinglePhoton_CrossTalkCorrected,9650,1.4620606606496414,-0.11625752405359724,0.9903027591589326,0.054995305586673725
1e9,218_SinglePhoton_CrossTalkCorrected,9700,1.4681953831835444,-0.11643446019972437,0.9902917387008979,0.055026106530512174
1e9,218_SinglePhoton_CrossTalkCorrected,9750,1.4743252235173594,-0.11661164708200555,0.9902807716374521,0.05505776800802427
1e9,218_SinglePhoton_CrossTalkCorrected,9800,1.4804487301111595,-0.11678849964941462,0.9902698697693004,0.05509025772913084
1e9,218_SinglePhoton_CrossTalkCorrected,9850,1.486567258263463,-0.11696543579554164,0.9902590357484286,0.055123549087527264
1e9,218_SinglePhoton_CrossTalkCorrected,9900,1.4926801454257939,-0.11714228836295071,0.9902482696542813,0.05515761730569276
1e9,218_SinglePhoton_CrossTalkCorrected,9950,1.4987877652204469,-0.11731905735164161,0.9902375717053262,0.05519243733290814
1e9,218_SinglePhoton_CrossTalkCorrected,10000,1.5048891169416085,-0.11749549202546028,0.9902269486450597,0.05522797677613525
5e9,218_SinglePhoton_CrossTalkCorrected,50,0.17780497610474522,-0.7239927705660073,0.9473290168704465,0.4669593183151353
5e9,218_SinglePhoton_CrossTalkCorrected,100,0.21957399993446602,-0.6806411271511605,0.9556711192970888,0.4327665728438411
5e9,218_SinglePhoton_CrossTalkCorrected,150,0.24175314698018946,-0.6416960769800807,0.9597146020385954,0.4008922826084157
5e9,218_SinglePhoton_CrossTalkCorrected,200,0.26059467666998254,-0.6047250923199561,0.9626538376660155,0.3715075499133192
5e9,218_SinglePhoton_CrossTalkCorrected,250,0.2789778129269087,-0.5696923333471282,0.9651703247318723,0.3446757522800451
5e9,218_SinglePhoton_CrossTalkCorrected,300,0.2967829794875911,-0.536815480184583,0.9674455992729994,0.3203839498213268
5e9,218_SinglePhoton_CrossTalkCorrected,350,0.31340784097524865,-0.5062523350409665,0.9695301727719218,0.2985409415818829
5e9,218_SinglePhoton_CrossTalkCorrected,400,0.32839168237161326,-0.47805401647073176,0.97143895518958,0.2789939221463223
5e9,218_SinglePhoton_CrossTalkCorrected,450,0.34150176869185644,-0.4521776303565713,0.9731793339783713,0.2615514754346841
5e9,218_SinglePhoton_CrossTalkCorrected,500,0.35268776133946206,-0.42851301604647474,0.9747591426584047,0.2460047813504176
5e9,218_SinglePhoton_CrossTalkCorrected,550,0.36202056002233163,-0.4069089575680468,0.9761882246839196,0.23214380455127495
5e9,218_SinglePhoton_CrossTalkCorrected,600,0.3696423273583198,-0.38719404561541293,0.9774780418718796,0.21976809365376132
5e9,218_SinglePhoton_CrossTalkCorrected,650,0.3757312771272531,-0.3691917556839862,0.978640859822336,0.20869303673874637
5e9,218_SinglePhoton_CrossTalkCorrected,700,0.3804785193848924,-0.3527305781698782,0.9796890242156567,0.19875274509239185
5e9,218_SinglePhoton_CrossTalkCorrected,750,0.38407293122787456,-0.33764910013593974,0.9806344297220895,0.18980069135201602
5e9,218_SinglePhoton_CrossTalkCorrected,800,0.3866931402116295,-0.32379995036697806,0.9814881948975095,0.18170898156122783
5e9,218_SinglePhoton_CrossTalkCorrected,850,0.38850245493225,-0.31105006683112624,0.9822604889715087,0.17436687545601082
5e9,218_SinglePhoton_CrossTalkCorrected,900,0.38964689916252176,-0.29928089727587204,0.9829604764028252,0.1676789864348041
5e9,218_SinglePhoton_CrossTalkCorrected,950,0.39025490414773034,-0.28838752997860284,0.9835963267460788,0.1615633997411916
5e9,218_SinglePhoton_CrossTalkCorrected,1000,0.39043802259232196,-0.27827775763180906,0.9841752665687857,0.1559498746373153
5e9,218_SinglePhoton_CrossTalkCorrected,1050,0.39029176567035445,-0.2688704725748603,0.9847036619174975,0.15077819373657747
5e9,218_SinglePhoton_CrossTalkCorrected,1100,0.38989720312727477,-0.26009426262181,0.9851870960743261,0.14599670002078396
5e9,218_SinglePhoton_CrossTalkCorrected,1150,0.38932307075182143,-0.25188727733071026,0.9856304634580628,0.14156101484393485
5e9,218_SinglePhoton_CrossTalkCorrected,1200,0.38862612134402036,-0.24419428592853476,0.9860380469664011,0.13743294195360126
5e9,218_SinglePhoton_CrossTalkCorrected,1250,0.38785376655788734,-0.2369674796952913,0.9864136013565905,0.13357952813528268
5e9,218_SinglePhoton_CrossTalkCorrected,1300,0.3870446083641921,-0.23016446600374196,0.9867604106941571,0.12997226815847207
5e9,218_SinglePhoton_CrossTalkCorrected,1350,0.38623006072690536,-0.22374773339666199,0.9870813647270764,0.1265864310391413
5e9,218_SinglePhoton_CrossTalkCorrected,1400,0.3854352886716329,-0.2176843172601265,0.9873789966407104,0.12340049972970099
5e9,218_SinglePhoton_CrossTalkCorrected,1450,0.38468034273056817,-0.2119450643047418,0.9876555462079332,0.12039569090544106
5e9,218_SinglePhoton_CrossTalkCorrected,1500,0.38398058056077494,-0.20650376331619025,0.9879129808003432,0.11755555319684662
5e9,218_SinglePhoton_CrossTalkCorrected,1550,0.38334790368597826,-0.20133721202057353,0.9881530490831785,0.11486563341215177
5e9,218_SinglePhoton_CrossTalkCorrected,1600,0.3827908400986369,-0.1964246821616712,0.9883772983978536,0.11231318716260238
5e9,218_SinglePhoton_CrossTalkCorrected,1650,0.3823155990941585,-0.1917473845781995,0.9885871061207281,0.1098869417006164
5e9,218_SinglePhoton_CrossTalkCorrected,1700,0.38192614753051723,-0.1872886697998396,0.9887836987229455,0.10757689458338622
5e9,218_SinglePhoton_CrossTalkCorrected,1750,0.38162491244536995,-0.1830334931244959,0.9889681748824768,0.10537413668129782
5e9,218_SinglePhoton_CrossTalkCorrected,1800,0.38141270458796467,-0.17896801342624058,0.9891415166709904,0.10327071060395622
5e9,218_SinglePhoton_CrossTalkCorrected,1850,0.3812894574173987,-0.17507999434736932,0.9893046090029324,0.10125948136876768
5e9,218_SinglePhoton_CrossTalkCorrected,1900,0.3812541062486958,-0.17135800191428963,0.9894582449763466,0.09933403972523547
5e9,218_SinglePhoton_CrossTalkCorrected,1950,0.38130491056869287,-0.1677917388642337,0.9896031447680522,0.0974886018811733
5e9,218_SinglePhoton_CrossTalkCorrected,2000,0.38143967382076177,-0.16437191091457382,0.9897399576916435,0.09571793597825878
5e9,218_SinglePhoton_CrossTalkCorrected,2050,0.38165591618795175,-0.161089825570766,0.9898692713549161,0.09401729615501972
5e9,218_SinglePhoton_CrossTalkCorrected,2100,0.3819506205151139,-0.15793745899169254,0.9899916231369857,0.09238236665146762
5e9,218_SinglePhoton_CrossTalkCorrected,2150,0.38232087584818714,-0.15490765658569017,0.9901074979126807,0.09080920597348129
5e9,218_SinglePhoton_CrossTalkCorrected,2200,0.38276357600750655,-0.1519936649531518,0.9902173442904005,0.08929421370041482
5e9,218_SinglePhoton_CrossTalkCorrected,2250,0.38327552242404694,-0.14918919875186853,0.99032156635225,0.08783408469908718
5e9,218_SinglePhoton_CrossTalkCorrected,2300,0.38385351402527373,-0.14648830696634485,0.9904205403200176,0.08642578284537179
5e9,218_SinglePhoton_CrossTalkCorrected,2350,0.38449447169208306,-0.14388584096519696,0.9905146041043396,0.08506650900061984
5e9,218_SinglePhoton_CrossTalkCorrected,2400,0.38519543412200796,-0.14137685271306888,0.9906040753894233,0.08375367781828479
5e9,218_SinglePhoton_CrossTalkCorrected,2450,0.3859533346995642,-0.13895646103994763,0.9906892441777322,0.08248489727115599
5e9,218_SinglePhoton_CrossTalkCorrected,2500,0.38676539127991527,-0.13662038656390374,0.9907703742954316,0.08125794867144896
5e9,218_SinglePhoton_CrossTalkCorrected,2550,0.38762880378583237,-0.13436455049903573,0.9908477144858485,0.0800707701881807
5e9,218_SinglePhoton_CrossTalkCorrected,2600,0.38854100275038556,-0.13218520838615544,0.9909214935965523,0.07892144119235263
5e9,218_SinglePhoton_CrossTalkCorrected,2650,0.3894995921229185,-0.1300787494967599,0.9909919216386748,0.07780817163893021
5e9,218_SinglePhoton_CrossTalkCorrected,2700,0.3905021268725017,-0.12804189742905947,0.9910591965718789,0.07672928786401163
5e9,218_SinglePhoton_CrossTalkCorrected,2750,0.39154639104267946,-0.12607130891592178,0.9911234982015348,0.07568322563199709
5e9,218_SinglePhoton_CrossTalkCorrected,2800,0.3926303175737195,-0.12416417561295578,0.9911849950924556,0.07466851616112036
5e9,218_SinglePhoton_CrossTalkCorrected,2850,0.393751945548562,-0.12231762231042753,0.9912438484243713,0.07368378193358194
5e9,218_SinglePhoton_CrossTalkCorrected,2900,0.3949094520609081,-0.12052904125997388,0.9913002015880076,0.07272772889465752
5e9,218_SinglePhoton_CrossTalkCorrected,2950,0.3961009461644687,-0.11879589157857429,0.9913541919939587,0.07179913767858435
5e9,218_SinglePhoton_CrossTalkCorrected,3000,0.3973249144155286,-0.1171157661138934,0.9914059483779708,0.07089686029042486
5e9,218_SinglePhoton_CrossTalkCorrected,3050,0.39857991331750914,-0.11548672577099461,0.9914555895686328,0.07001981298063434
5e9,218_SinglePhoton_CrossTalkCorrected,3100,0.39986427620945925,-0.11390622966685715,0.9915032261863328,0.06916697356574837
5e9,218_SinglePhoton_CrossTalkCorrected,3150,0.4011768494559261,-0.11237260616791489,0.991548965035197,0.06833737446214254
5e9,218_SinglePhoton_CrossTalkCorrected,3200,0.40251630503937846,-0.11088378244854591,0.9915929021605485,0.06753009816526769
5e9,218_SinglePhoton_CrossTalkCorrected,3250,0.4038814785694051,-0.10943795314449878,0.9916351295395087,0.06674427768306665
5e9,218_SinglePhoton_CrossTalkCorrected,3300,0.4052712330911298,-0.10803344662220715,0.99167573332364,0.06597909086158886
5e9,218_SinglePhoton_CrossTalkCorrected,3350,0.4066845476954012,-0.1066685912481049,0.9917147943412322,0.06523375584767177
5e9,218_SinglePhoton_CrossTalkCorrected,3400,0.40812056296578864,-0.10534198284999663,0.9917523881102148,0.06450753277035609
5e9,218_SinglePhoton_CrossTalkCorrected,3450,0.4095782857699816,-0.10405208352500117,0.9917885890724527,0.06379971454984788
5e9,218_SinglePhoton_CrossTalkCorrected,3500,0.41105689723916666,-0.10279748910092323,0.9918234599566876,0.0631096304032051
5e9,218_SinglePhoton_CrossTalkCorrected,3550,0.41255561610460495,-0.10157679540556708,0.9918570670391239,0.062436642518339004
5e9,218_SinglePhoton_CrossTalkCorrected,3600,0.41407361071449433,-0.10038873199742249,0.9918894698564698,0.061780142033656234
5e9,218_SinglePhoton_CrossTalkCorrected,3650,0.41561029056435983,-0.09923222903100704,0.991920722479906,0.06113954863086564
5e9,218_SinglePhoton_CrossTalkCorrected,3700,0.4171649041155486,-0.09810594919946791,0.9919508805808759,0.06051430923293822
5e9,218_SinglePhoton_CrossTalkCorrected,3750,0.4187369271599699,-0.09700888952266529,0.9919799922496554,0.05990389528349958
5e9,218_SinglePhoton_CrossTalkCorrected,3800,0.4203256496047588,-0.09594004702045955,0.9920081061118189,0.05930780232047205
5e9,218_SinglePhoton_CrossTalkCorrected,3850,0.4219305998062822,-0.09489821811668309,0.9920352642225304,0.05872554983966685
5e9,218_SinglePhoton_CrossTalkCorrected,3900,0.42355126324819437,-0.09388266729256667,0.9920615123013953,0.05815667553161337
5e9,218_SinglePhoton_CrossTalkCorrected,3950,0.4251871473078098,-0.09289239156797069,0.9920868884399289,0.05760073899578025
5e9,218_SinglePhoton_CrossTalkCorrected,4000,0.42683774611339825,-0.09192652169344062,0.9921114300946063,0.05705731741186693
5e9,218_SinglePhoton_CrossTalkCorrected,4050,0.4285026623933419,-0.09098418841952227,0.9921351730267485,0.05652600790920519
5e9,218_SinglePhoton_CrossTalkCorrected,4100,0.4301813494632794,-0.090064522496761,0.9921581520823033,0.056006423699562304
5e9,218_SinglePhoton_CrossTalkCorrected,4150,0.43187350048473405,-0.08916685527173063,0.9921803995273971,0.055498192861990515
5e9,218_SinglePhoton_CrossTalkCorrected,4200,0.43357870657960645,-0.08829038436031911,0.9922019424338203,0.05500096066379745
5e9,218_SinglePhoton_CrossTalkCorrected,4250,0.4352966472493863,-0.08743457483978534,0.9922228143039202,0.054514385967529146
5e9,218_SinglePhoton_CrossTalkCorrected,4300,0.4370269827678155,-0.08659862432601773,0.9922430395895802,0.05403814126118229
5e9,218_SinglePhoton_CrossTalkCorrected,4350,0.4387692194720113,-0.08578179730024693,0.9922626428455661,0.053571911850226174
5e9,218_SinglePhoton_CrossTalkCorrected,4400,0.44052317284769066,-0.08498362570507467,0.9922816518066677,0.05311539719093374
5e9,218_SinglePhoton_CrossTalkCorrected,4450,0.4422884547046966,-0.08420337402173161,0.9923000901305751,0.05266830618592284
5e9,218_SinglePhoton_CrossTalkCorrected,4500,0.44406480345380694,-0.08344057419281925,0.9923179781624195,0.05223036152760721
5e9,218_SinglePhoton_CrossTalkCorrected,4550,0.44585192353558967,-0.08269469129559659,0.9923353345513594,0.05180129514106869
5e9,218_SinglePhoton_CrossTalkCorrected,4600,0.4476495538182232,-0.08196519040732231,0.992352184842503,0.05138084914812197
5e9,218_SinglePhoton_CrossTalkCorrected,4650,0.44945732546934997,-0.0812514697399126,0.9923685445755323,0.05096877528876929
5e9,218_SinglePhoton_CrossTalkCorrected,4700,0.4512750746797041,-0.08055312810131154,0.9923844333382388,0.05056483523660466
5e9,218_SinglePhoton_CrossTalkCorrected,4750,0.4531025303858129,-0.07986969743412076,0.9923998680569734,0.05016879985207805
5e9,218_SinglePhoton_CrossTalkCorrected,4800,0.45493941957526535,-0.07920070968094162,0.9924148638462406,0.04978044783080587
5e9,218_SinglePhoton_CrossTalkCorrected,4850,0.45678546720184815,-0.07854569678437562,0.9924294386763421,0.04939956600547383
5e9,218_SinglePhoton_CrossTalkCorrected,4900,0.45864053213492895,-0.07790439128305215,0.9924436058107904,0.04902594973805616
5e9,218_SinglePhoton_CrossTalkCorrected,4950,0.46050430544593185,-0.07727619138888753,0.9924573808545706,0.04865940082590285
5e9,218_SinglePhoton_CrossTalkCorrected,5000,0.4623766396450298,-0.07666089650585362,0.9924707771974532,0.04829972849323734
5e9,218_SinglePhoton_CrossTalkCorrected,5050,0.4642572187439368,-0.07605797171120932,0.9924838077945115,0.047946748277141155
5e9,218_SinglePhoton_CrossTalkCorrected,5100,0.4661458924727699,-0.07546721640892662,0.9924964828980698,0.04760028305232862
5e9,218_SinglePhoton_CrossTalkCorrected,5150,0.46804241077591574,-0.07488816254160713,0.9925088166005187,0.047260162295051554
5e9,218_SinglePhoton_CrossTalkCorrected,5200,0.46994658671829936,-0.07432054264788024,0.9925208205362439,0.046926219690828504
5e9,218_SinglePhoton_CrossTalkCorrected,5250,0.47185830439039644,-0.07376408926637534,0.9925325021192591,0.04659829712113729
5e9,218_SinglePhoton_CrossTalkCorrected,5300,0.47377723384677145,-0.07321840120503653,0.9925438754402828,0.046276237631601214
5e9,218_SinglePhoton_CrossTalkCorrected,5350,0.4757033262835041,-0.0726832778678359,0.9925549483661493,0.045959894144712604
5e9,218_SinglePhoton_CrossTalkCorrected,5400,0.47763617795642965,-0.07215825119737485,0.9925657326591809,0.04564912163291913
5e9,218_SinglePhoton_CrossTalkCorrected,5450,0.4795758764745598,-0.07164332119365346,0.9925762342375319,0.04534378158927259
5e9,218_SinglePhoton_CrossTalkCorrected,5500,0.48152205109717566,-0.07113801979927314,0.9925864633955578,0.0450437404926898
5e9,218_SinglePhoton_CrossTalkCorrected,5550,0.48347464620698577,-0.0706422132835487,0.9925964292263296,0.0447488671788156
5e9,218_SinglePhoton_CrossTalkCorrected,5600,0.4854333929900741,-0.0701555673197668,0.9926061368060027,0.044459035684864645
5e9,218_SinglePhoton_CrossTalkCorrected,5650,0.4873981626878553,-0.06967788131189956,0.992615598115142,0.04417412481498215
5e9,218_SinglePhoton_CrossTalkCorrected,5700,0.4893688269927631,-0.06920882093323377,0.9926248163209306,0.043894015412515794
5e9,218_SinglePhoton_CrossTalkCorrected,5750,0.491345145793458,-0.06874825245308402,0.9926337992409652,0.043618593452779575
5e9,218_SinglePhoton_CrossTalkCorrected,5800,0.493327021688552,-0.06829610900610783,0.9926425565114326,0.04334775016975544
5e9,218_SinglePhoton_CrossTalkCorrected,5850,0.4953142871489365,-0.06785198940024917,0.9926510909477132,0.043081378029060126
5e9,218_SinglePhoton_CrossTalkCorrected,5900,0.49730673540208786,-0.06741569303948014,0.9926594107564334,0.042819372313908415
5e9,218_SinglePhoton_CrossTalkCorrected,5950,0.4993043376806674,-0.06698715305845815,0.9926675182942278,0.04256163362962953
5e9,218_SinglePhoton_CrossTalkCorrected,6000,0.5013068498675314,-0.06656616886115518,0.9926754249365293,0.042308064594684135
5e9,218_SinglePhoton_CrossTalkCorrected,6050,0.5033140976997578,-0.06615233925551545,0.9926831340661834,0.04205856923559584
5e9,218_SinglePhoton_CrossTalkCorrected,6100,0.5053260501909008,-0.06574579797222424,0.992690649885048,0.04181305767753159
5e9,218_SinglePhoton_CrossTalkCorrected,6150,0.5073424947262338,-0.06534614381922554,0.9926979766598144,0.04157144068870676
5e9,218_SinglePhoton_CrossTalkCorrected,6200,0.5093632906574973,-0.06495330993117687,0.9927051212073059,0.041333632148358376
5e9,218_SinglePhoton_CrossTalkCorrected,6250,0.5113883313001857,-0.0645670957120501,0.9927120872858505,0.04109954853901805
5e9,218_SinglePhoton_CrossTalkCorrected,6300,0.5134174738260157,-0.06418736743116016,0.992718879375762,0.040869108408656894
5e9,218_SinglePhoton_CrossTalkCorrected,6350,0.5154506114678141,-0.06381405822316422,0.9927255024185944,0.04064223369621904
5e9,218_SinglePhoton_CrossTalkCorrected,6400,0.5174875977711865,-0.06344690062669178,0.9927319606343749,0.040418848224426894
5e9,218_SinglePhoton_CrossTalkCorrected,6450,0.5195282885221941,-0.06308582777640026,0.9927382560428869,0.040198876874584934
5e9,218_SinglePhoton_CrossTalkCorrected,6500,0.5215726447653914,-0.06273070594160413,0.9927443950659922,0.03998224833439258
5e9,218_SinglePhoton_CrossTalkCorrected,6550,0.52362048563561,-0.062381468256961004,0.9927503803676901,0.03976889166379562
5e9,218_SinglePhoton_CrossTalkCorrected,6600,0.5256716565806199,-0.06203771353041487,0.9927562164994512,0.03955873924307613
5e9,218_SinglePhoton_CrossTalkCorrected,6650,0.5277260493499178,-0.06169950862730844,0.9927619046045022,0.03935172547645038
5e9,218_SinglePhoton_CrossTalkCorrected,6700,0.5297836570398282,-0.061366719816956405,0.992767448594615,0.039147786755912274
5e9,218_SinglePhoton_CrossTalkCorrected,6750,0.531844333807772,-0.061039347099358654,0.9927728558266057,0.03894685911553836
5e9,218_SinglePhoton_CrossTalkCorrected,6800,0.5339079268808793,-0.0607171898784874,0.9927781235270122,0.038748883309021535
5e9,218_SinglePhoton_CrossTalkCorrected,6850,0.5359742794736425,-0.06039998069297203,0.9927832596808255,0.03855379891667687
5e9,218_SinglePhoton_CrossTalkCorrected,6900,0.5380433502862282,-0.060087719542812446,0.9927882654761263,0.03836154843113767
5e9,218_SinglePhoton_CrossTalkCorrected,6950,0.5401151337182977,-0.05978040642800864,0.9927931407710755,0.038172077375005296
5e9,218_SinglePhoton_CrossTalkCorrected,7000,0.5421894435284396,-0.05947797448321812,0.992797894697353,0.03798533085357645
5e9,218_SinglePhoton_CrossTalkCorrected,7050,0.5442661130114009,-0.05918002251638499,0.9928025245297709,0.03780125475086769
5e9,218_SinglePhoton_CrossTalkCorrected,7100,0.5463452182784309,-0.058886817988879625,0.9928070337522849,0.03761979752371012
5e9,218_SinglePhoton_CrossTalkCorrected,7150,0.5484264482469833,-0.05859795970864634,0.9928114240286974,0.03744091051352464
5e9,218_SinglePhoton_CrossTalkCorrected,7200,0.5505098724548448,-0.05831358140637044,0.9928157009128649,0.03726454430513743
5e9,218_SinglePhoton_CrossTalkCorrected,7250,0.5525953617372998,-0.058033415620681206,0.992819866516014,0.03709065037867053
5e9,218_SinglePhoton_CrossTalkCorrected,7300,0.5546827293311362,-0.05775746235157875,0.992823919072725,0.036919183589376355
5e9,218_SinglePhoton_CrossTalkCorrected,7350,0.5567721079900426,-0.05748572159906307,0.9928278626251131,0.03675009858675555
5e9,218_SinglePhoton_CrossTalkCorrected,7400,0.5588632674005352,-0.05721805963244875,0.9928317038646293,0.03658335096803642
5e9,218_SinglePhoton_CrossTalkCorrected,7450,0.5609561536322432,-0.0569543427210506,0.9928354400891429,0.0364188972455743
5e9,218_SinglePhoton_CrossTalkCorrected,7500,0.5630507560531997,-0.05669457086486851,0.9928390719970732,0.03625669679697905
5e9,218_SinglePhoton_CrossTalkCorrected,7550,0.565146802209396,-0.0564385434678748,0.9928426039063452,0.03609670806146756
5e9,218_SinglePhoton_CrossTalkCorrected,7600,0.5672443111093037,-0.05618619366472655,0.9928460406322911,0.03593889016565109
5e9,218_SinglePhoton_CrossTalkCorrected,7650,0.56934346739258,-0.05593778891679446,0.9928493782650307,0.035783206640539196
5e9,218_SinglePhoton_CrossTalkCorrected,7700,0.5714438307438169,-0.055692794301337334,0.9928526237827988,0.03562961872309258
5e9,218_SinglePhoton_CrossTalkCorrected,7750,0.5735454333854448,-0.055451343549040466,0.9928557741097112,0.035478088872935104
5e9,218_SinglePhoton_CrossTalkCorrected,7800,0.5756483334029268,-0.05521343665990397,0.9928588339991747,0.03532858177141639
5e9,218_SinglePhoton_CrossTalkCorrected,7850,0.5777524064620628,-0.054979006768585026,0.99286180280938,0.035181062667261884
5e9,218_SinglePhoton_CrossTalkCorrected,7900,0.5798575164856915,-0.054747853279055736,0.9928646852480074,0.03503549601872107
5e9,218_SinglePhoton_CrossTalkCorrected,7950,0.5819636550339956,-0.05452004305665881,0.9928674832295734,0.03489184984074342
5e9,218_SinglePhoton_CrossTalkCorrected,8000,0.5840707257559151,-0.054295442370708935,0.9928701938945468,0.03475009064469935
5e9,218_SinglePhoton_CrossTalkCorrected,8050,0.5861786373120405,-0.054073984355863414,0.992872819786639,0.03461018592200119
5e9,218_SinglePhoton_CrossTalkCorrected,8100,0.5882874454522814,-0.05385566901212224,0.9928753669322784,0.034472105997109884
5e9,218_SinglePhoton_CrossTalkCorrected,8150,0.590397029254274,-0.05364049633948553,0.9928778308457252,0.03433581927686132
5e9,218_SinglePhoton_CrossTalkCorrected,8200,0.592507437985938,-0.05342839947261058,0.9928802155962465,0.03420129531815038
5e9,218_SinglePhoton_CrossTalkCorrected,8250,0.5946183891185538,-0.053219177815469365,0.9928825231532465,0.034068506160554554
5e9,218_SinglePhoton_CrossTalkCorrected,8300,0.5967300074329567,-0.05301283136806201,0.9928847540304765,0.033937423359821056
5e9,218_SinglePhoton_CrossTalkCorrected,8350,0.59884209994265,-0.052809360130388505,0.9928869099199725,0.03380801878891885
5e9,218_SinglePhoton_CrossTalkCorrected,8400,0.6009547137358583,-0.05260869723710604,0.9928889883610476,0.033680266360153636
5e9,218_SinglePhoton_CrossTalkCorrected,8450,0.6030678247100452,-0.052410775822872124,0.992890997365266,0.033554138009986585
5e9,218_SinglePhoton_CrossTalkCorrected,8500,0.6051813524871349,-0.05221566275302936,0.9928929301905834,0.03342960853327122
5e9,218_SinglePhoton_CrossTalkCorrected,8550,0.607295300457397,-0.052023224296892545,0.9928947978496385,0.033306654479178265
5e9,218_SinglePhoton_CrossTalkCorrected,8600,0.6094094592609534,-0.05183332672377616,0.9928965910043386,0.033185248332005375
5e9,218_SinglePhoton_CrossTalkCorrected,8650,0.6115239593875559,-0.05164603689902303,0.9928983177506705,0.03306536614324846
5e9,218_SinglePhoton_CrossTalkCorrected,8700,0.6136386065957207,-0.05146135482263314,0.9928999750029655,0.032946986330857804
5e9,218_SinglePhoton_CrossTalkCorrected,8750,0.6157535428796037,-0.0512791467639212,0.9929015678625408,0.03283008302718086
5e9,218_SinglePhoton_CrossTalkCorrected,8800,0.6178686001441173,-0.05109934585754461,0.9929030923219846,0.03271463529088516
5e9,218_SinglePhoton_CrossTalkCorrected,8850,0.6199837845469607,-0.05092215269953104,0.9929045539623804,0.03260061924362557
5e9,218_SinglePhoton_CrossTalkCorrected,8900,0.6220990618452384,-0.050747166097824925,0.9929059539805776,0.03248801494151841
5e9,218_SinglePhoton_CrossTalkCorrected,8950,0.6242142969122053,-0.050574586648454156,0.9929072867833896,0.032376799584914344
5e9,218_SinglePhoton_CrossTalkCorrected,9000,0.6263296025831434,-0.05040434748607592,0.9929085594204636,0.0322669533278625
5e9,218_SinglePhoton_CrossTalkCorrected,9050,0.6284448355671328,-0.05023631488000502,0.9929097704868578,0.03215845581441739
5e9,218_SinglePhoton_CrossTalkCorrected,9100,0.6305600290231239,-0.05007062256092676,0.9929109228755859,0.032051286688514646
5e9,218_SinglePhoton_CrossTalkCorrected,9150,0.6326750204974998,-0.049907003067470534,0.9929120165852023,0.03194542663614118
5e9,218_SinglePhoton_CrossTalkCorrected,9200,0.634789887571744,-0.049745656995664356,0.9929130478552755,0.03184085588379633
5e9,218_SinglePhoton_CrossTalkCorrected,9250,0.6369046965760986,-0.04958645061482281,0.9929140218375204,0.03173755523913166
5e9,218_SinglePhoton_CrossTalkCorrected,9300,0.6390191355013867,-0.049429317059603295,0.9929149409927953,0.03163550941068143
5e9,218_SinglePhoton_CrossTalkCorrected,9350,0.6411334293536884,-0.04927425633000593,0.9929158045942824,0.03153469853483622
5e9,218_SinglePhoton_CrossTalkCorrected,9400,0.6432473358394274,-0.04912120156068789,0.9929166101899943,0.03143510346766153
5e9,218_SinglePhoton_CrossTalkCorrected,9450,0.6453610998871621,-0.04897028648233448,0.9929173605006354,0.031336708438976214
5e9,218_SinglePhoton_CrossTalkCorrected,9500,0.6474745289848985,-0.048821310498917914,0.992918059721373,0.031239495519903165
5e9,218_SinglePhoton_CrossTalkCorrected,9550,0.6495874499832612,-0.04867420674509537,0.9929187024261893,0.03114344829173164
5e9,218_SinglePhoton_CrossTalkCorrected,9600,0.6517001780155347,-0.04852910895155227,0.9929192941082889,0.031048550872033516
5e9,218_SinglePhoton_CrossTalkCorrected,9650,0.6538123779142484,-0.048385816522260594,0.9929198336027896,0.030954786765712037
5e9,218_SinglePhoton_CrossTalkCorrected,9700,0.6559243406925418,-0.04824453005324836,0.9929203221608942,0.030862142258967357
5e9,218_SinglePhoton_CrossTalkCorrected,9750,0.6580357304043081,-0.04810504894848766,0.9929207595781424,0.03077059966128664
5e9,218_SinglePhoton_CrossTalkCorrected,9800,0.6601466295473722,-0.04796737320797828,0.9929211458056056,0.03068014640708216
5e9,218_SinglePhoton_CrossTalkCorrected,9850,0.6622569810464018,-0.04783130223569243,0.9929214831290215,0.030590765069002906
5e9,218_SinglePhoton_CrossTalkCorrected,9900,0.6643669352647341,-0.04769723722368602,0.9929217727412954,0.030502441226588812
5e9,218_SinglePhoton_CrossTalkCorrected,9950,0.6664763419576893,-0.04756484384524584,0.9929220111380024,0.030415162973436997
5e9,218_SinglePhoton_CrossTalkCorrected,10000,0.6685851422638148,-0.04743412210037168,0.9929222023556112,0.030328913910265386
1e9,440SinglePlus218Single,50,0.19751364005361627,-0.7226125749775014,0.9465908898377488,0.48112799010395935
1e9,440SinglePlus218Single,100,0.22936201917399737,-0.6945434166960311,0.9531618877203213,0.4611642348169658
1e9,440SinglePlus218Single,150,0.2429205926475298,-0.6696152327827708,0.9561784842770812,0.44202101375576563
1e9,440SinglePlus218Single,200,0.25373802531144085,-0.6456176388746303,0.958325613053643,0.4237332620333894
1e9,440SinglePlus218Single,250,0.26528816643936237,-0.6223344194893473,0.9601844384736495,0.4063306203154937
1e9,440SinglePlus218Single,300,0.2779108915384822,-0.5998230260233783,0.9619105174034119,0.3898366655374567
1e9,440SinglePlus218Single,350,0.2911847048452473,-0.5781664807259381,0.9635473680740575,0.3742555626339693
1e9,440SinglePlus218Single,400,0.3046198336450771,-0.5574243297086938,0.9651065870992872,0.35957155558906145
1e9,440SinglePlus218Single,450,0.317836014767177,-0.5376263077095185,0.9665910859630726,0.3457536636292994
1e9,440SinglePlus218Single,500,0.3305816186973445,-0.518777191700905,0.9680020137384756,0.33276125620027597
1e9,440SinglePlus218Single,550,0.34270950821162194,-0.5008636470323642,0.9693406846002424,0.32054876204911786
1e9,440SinglePlus218Single,600,0.3541474551286442,-0.48386033275890505,0.9706089659261599,0.3090690626070199
1e9,440SinglePlus218Single,650,0.3648728214168713,-0.4677345508869908,0.9718092003803552,0.2982756623913953
1e9,440SinglePlus218Single,700,0.374894224175793,-0.45244956726450725,0.972944045219256,0.288123925753806
1e9,440SinglePlus218Single,750,0.38423841971042255,-0.4379665530241297,0.97401632471996,0.2785716848510617
1e9,440SinglePlus218Single,800,0.3929422130219804,-0.42424611730176887,0.9750289329748651,0.26957944363237296
1e9,440SinglePlus218Single,850,0.4010470636269482,-0.4112493801394851,0.9759847556140349,0.2611103557244075
1e9,440SinglePlus218Single,900,0.40859562240302033,-0.3989379213948726,0.9768866334041584,0.2531300913851222
1e9,440SinglePlus218Single,950,0.41563006861717366,-0.3872745471002832,0.9777373239769515,0.24560666407896253
1e9,440SinglePlus218Single,1000,0.4221911109487566,-0.3762233405534412,0.9785395112649046,0.23851024028091744
1e9,440SinglePlus218Single,1050,0.4283173652294259,-0.3657495090455988,0.9792957763564897,0.23181297107095533
1e9,440SinglePlus218Single,1100,0.4340455310698424,-0.35582004803952993,0.9800086015671321,0.22548884033304512
1e9,440SinglePlus218Single,1150,0.43940988811290266,-0.34640307699153605,0.9806803784941415,0.21951352598458443
1e9,440SinglePlus218Single,1200,0.4444427564999956,-0.3374682480763658,0.9813133833198018,0.21386428398341148
1e9,440SinglePlus218Single,1250,0.44917481898782413,-0.3289868483684445,0.9819098118037952,0.20851984987236674
1e9,440SinglePlus218Single,1300,0.4536347426353031,-0.32093164657003004,0.9824717442115388,0.2034603436747382
1e9,440SinglePlus218Single,1350,0.4578495563146432,-0.3132766375581375,0.9830011722397761,0.19866719047442102
1e9,440SinglePlus218Single,1400,0.46184490785575744,-0.3059975022000738,0.9834999893440023,0.19412304209078576
1e9,440SinglePlus218Single,1450,0.4656448187549711,-0.2990710964472888,0.9839699880103319,0.18981170613786152
1e9,440SinglePlus218Single,1500,0.4692721196942582,-0.29247586006029413,0.9844128795441776,0.18571808076954077
1e9,440SinglePlus218Single,1550,0.472748156916311,-0.28619145897435894,0.9848302647716299,0.18182808917059115
1e9,440SinglePlus218Single,1600,0.47609307303999227,-0.2801986320276655,0.9852236818684265,0.17812861670185867
1e9,440SinglePlus218Single,1650,0.47932605779987314,-0.2744798551393026,0.9855945649674255,0.17460745520978635
1e9,440SinglePlus218Single,1700,0.4824647537612122,-0.26901821731573805,0.9859442677295658,0.17125323912597148
1e9,440SinglePlus218Single,1750,0.4855259575701885,-0.26379818701004176,0.9862740689829014,0.16805540057489718
1e9,440SinglePlus218Single,1800,0.4885251770865149,-0.2588051012157371,0.9865851688840285,0.1650041062708478
1e9,440SinglePlus218Single,1850,0.4914769588868824,-0.2540254720104901,0.9868786964102225,0.162090219056696
1e9,440SinglePlus218Single,1900,0.4943947956497177,-0.24944652674057533,0.9871557119756655,0.15930524257065226
1e9,440SinglePlus218Single,1950,0.49729138526654076,-0.24505661674579549,0.9874172070950306,0.15664127861541446
1e9,440SinglePlus218Single,2000,0.5001781075442493,-0.24084455318148712,0.9876641186195559,0.15409098918410238
1e9,440SinglePlus218Single,2050,0.5030657390200667,-0.23680022010589963,0.987897313876849,0.151647549110302
1e9,440SinglePlus218Single,2100,0.5059640440981802,-0.2329140124834318,0.9881176085094656,0.14930461726076424
1e9,440SinglePlus218Single,2150,0.5088819998292612,-0.2291770916377055,0.9883257714064504,0.1470562944483034
1e9,440SinglePlus218Single,2200,0.5118276435827922,-0.22558107870787714,0.988522517171412,0.14489709508349885
1e9,440SinglePlus218Single,2250,0.5148086161609634,-0.22211841228294105,0.9887085169037455,0.14282191729203494
1e9,440SinglePlus218Single,2300,0.5178313314155837,-0.21878168422373667,0.9888844000679167,0.1408260128792378
1e9,440SinglePlus218Single,2350,0.5209020120023637,-0.2155644571127865,0.9890507487287961,0.13890495850308857
1e9,440SinglePlus218Single,2400,0.5240258776000649,-0.21246029353261298,0.9892081082107994,0.13705463770527712
1e9,440SinglePlus218Single,2450,0.5272077411140857,-0.2094634202437321,0.9893569943337588,0.1352712124151947
1e9,440SinglePlus218Single,2500,0.5304517952446408,-0.20656842164096445,0.9894978900228775,0.13355110415618376
1e9,440SinglePlus218Single,2550,0.5337616626709638,-0.20377018866281993,0.9896312440260209,0.13189097890146192
1e9,440SinglePlus218Single,2600,0.5371405089607894,-0.20106391879149776,0.9897574788560607,0.13028772042764092
1e9,440SinglePlus218Single,2650,0.5405910669357404,-0.19844532041534613,0.9898769807313572,0.1287384239578302
1e9,440SinglePlus218Single,2700,0.5441155998127649,-0.19591020410394333,0.9899901276897674,0.1272403706434195
1e9,440SinglePlus218Single,2750,0.547715858389713,-0.1934546869705568,0.9900972583934999,0.12579102511059703
1e9,440SinglePlus218Single,2800,0.5513934631546916,-0.19107503940029857,0.9901987005471886,0.12438800871376873
1e9,440SinglePlus218Single,2850,0.5551494177588281,-0.18876788941258538,0.9902947470508324,0.12302909976860547
1e9,440SinglePlus218Single,2900,0.5589847869913115,-0.1865302737517529,0.9903856973853785,0.12171221506031
1e9,440SinglePlus218Single,2950,0.5628998260463667,-0.18435882043721752,0.9904718083454056,0.12043540358919358
1e9,440SinglePlus218Single,3000,0.5668950247828076,-0.1822510771194642,0.9905533316698172,0.11919683552358494
1e9,440SinglePlus218Single,3050,0.5709703151953892,-0.18020408054282844,0.9906305008507916,0.11799479210398987
1e9,440SinglePlus218Single,3100,0.5751256105049468,-0.17821558272025462,0.990703539029413,0.11682766107120796
1e9,440SinglePlus218Single,3150,0.5793602980648671,-0.1762831313022276,0.9907726486908297,0.11569392627735459
1e9,440SinglePlus218Single,3200,0.5836739960277076,-0.17440452939230666,0.9908380286364069,0.11459216399481757
1e9,440SinglePlus218Single,3250,0.5880660608530102,-0.17257783554712525,0.9908998623393452,0.11352103434189749
1e9,440SinglePlus218Single,3300,0.5925354144215916,-0.17080085287024294,0.9909583131829588,0.1124792695994623
1e9,440SinglePlus218Single,3350,0.5970812497194692,-0.16907194646198276,0.9910135509310753,0.11146568098095605
1e9,440SinglePlus218Single,3400,0.6017024014122084,-0.16738932815082308,0.9910657307562107,0.1104791480647757
1e9,440SinglePlus218Single,3450,0.6063974786157079,-0.16575115867462764,0.9911149959928339,0.10951861220701603
1e9,440SinglePlus218Single,3500,0.6111654338956776,-0.16415616076802375,0.9911614778056503,0.10858307056553856
1e9,440SinglePlus218Single,3550,0.6160047144575131,-0.16260269953133466,0.9912053055517062,0.10767158015015843
1e9,440SinglePlus218Single,3600,0.6209138532674741,-0.16108934442734302,0.9912465986707878,0.10678324669462866
1e9,440SinglePlus218Single,3650,0.6258914341766615,-0.15961481819067647,0.9912854789954952,0.10591722206602865
1e9,440SinglePlus218Single,3700,0.6309358196695742,-0.15817779246534736,0.9913220456693664,0.10507270874225415
1e9,440SinglePlus218Single,3750,0.6360454798416548,-0.1567772454390578,0.9913564024957631,0.10424894336425596
1e9,440SinglePlus218Single,3800,0.6412188361629357,-0.15541184875582048,0.9913886406775245,0.10344520810850662
1e9,440SinglePlus218Single,3850,0.646454214942639,-0.15408063169395203,0.9914188640180993,0.10266081964852777
1e9,440SinglePlus218Single,3900,0.65174988670384,-0.15278247025992475,0.9914471514225519,0.10189513059584206
1e9,440SinglePlus218Single,3950,0.6571041567250793,-0.15151644482267035,0.9914735872795846,0.10114752088846779
1e9,440SinglePlus218Single,4000,0.6625154510144968,-0.15028163575112063,0.9914982448385944,0.10041740473193908
1e9,440SinglePlus218Single,4050,0.6679820139932525,-0.14907712341420742,0.9915212069546022,0.0997042248698855
1e9,440SinglePlus218Single,4100,0.6735021080247884,-0.14790193709024757,0.9915425344874147,0.09900744785571819
1e9,440SinglePlus218Single,4150,0.6790741346396006,-0.1467553615106325,0.9915623021410117,0.0983265668615443
1e9,440SinglePlus218Single,4200,0.6846964549761696,-0.1456366303161386,0.9915805638144903,0.09766109896820067
1e9,440SinglePlus218Single,4250,0.6903674513595299,-0.14454507932877214,0.9915973913733748,0.09701058104935552
1e9,440SinglePlus218Single,4300,0.6960853167435821,-0.14347973782685008,0.9916128314107665,0.09637457354264176
1e9,440SinglePlus218Single,4350,0.7018484513447003,-0.14244004381360853,0.9916269409799732,0.09575265465115838
1e9,440SinglePlus218Single,4400,0.7076554769384423,-0.14142548638289842,0.9916397753949074,0.09514442076100306
1e9,440SinglePlus218Single,4450,0.7135045576879184,-0.14043514590365147,0.9916513757042682,0.09454948419445273
1e9,440SinglePlus218Single,4500,0.7193943349847577,-0.13946861365094854,0.991661804481133,0.09396747654809404
1e9,440SinglePlus218Single,4550,0.7253231939073299,-0.13852517435618106,0.9916710966943262,0.09339804620207943
1e9,440SinglePlus218Single,4600,0.731289686658458,-0.13760431711319987,0.9916792979185431,0.0928408503074634
1e9,440SinglePlus218Single,4650,0.7372923043417536,-0.13670553101585603,0.9916864499923569,0.09229556152265343
1e9,440SinglePlus218Single,4700,0.7433295949212776,-0.1358283051580007,0.9916925890486213,0.0917618690834713
1e9,440SinglePlus218Single,4750,0.7494000443676581,-0.134971924271025,0.9916977642079998,0.09123947043368208
1e9,440SinglePlus218Single,4800,0.7555025464360516,-0.13413628617369922,0.991702002491887,0.09072807731000279
1e9,440SinglePlus218Single,4850,0.76163534151054,-0.13332047123495516,0.9917053444534353,0.09022741010078661
1e9,440SinglePlus218Single,4900,0.7677974057609446,-0.1325242750923331,0.9917078138801039,0.08973719968530446
1e9,440SinglePlus218Single,4950,0.7739874174785435,-0.13174728902091404,0.9917094535257212,0.08925718810248966
1e9,440SinglePlus218Single,5000,0.7802039271425389,-0.13098889993331908,0.9917102867959628,0.0887871265164096
1e9,440SinglePlus218Single,5050,0.7864458121848731,-0.1302488012858588,0.991710352427983,0.08832677209371259
1e9,440SinglePlus218Single,5100,0.792711913967468,-0.12952658435361386,0.9917096718856656,0.08787589779301759
1e9,440SinglePlus218Single,5150,0.7990011040589325,-0.12882194259289503,0.9917082722502447,0.08743427341227698
1e9,440SinglePlus218Single,5200,0.8053119685420864,-0.12813426291632346,0.9917061872336098,0.0870016874793938
1e9,440SinglePlus218Single,5250,0.8116437923024279,-0.12746344314266933,0.9917034364982628,0.08657792867465681
1e9,440SinglePlus218Single,5300,0.817995186479735,-0.1268089723657836,0.9917000494918549,0.08616279307435856
1e9,440SinglePlus218Single,5350,0.8243650840610391,-0.1261704418607471,0.9916960391736814,0.08575608676788248
1e9,440SinglePlus218Single,5400,0.830752663897048,-0.12554764726510015,0.9916914449426325,0.08535761780665768
1e9,440SinglePlus218Single,5450,0.8371567718586641,-0.1249402820351534,0.991686280647864,0.08496720313635349
1e9,440SinglePlus218Single,5500,0.8435763046116505,-0.12434773308352809,0.9916805661606828,0.08458466224790272
1e9,440SinglePlus218Single,5550,0.8500106644083854,-0.12377010259145393,0.9916743233006902,0.0842098232995482
1e9,440SinglePlus218Single,5600,0.8564587357352479,-0.12320677747155206,0.9916675753246764,0.0838425174259207
1e9,440SinglePlus218Single,5650,0.862919717125507,-0.12265765554259289,0.9916603367358809,0.08348258131755432
1e9,440SinglePlus218Single,5700,0.8693927366025873,-0.12212232807965695,0.9916526312353005,0.08312985683956338
1e9,440SinglePlus218Single,5750,0.8758768408393849,-0.12160048853905503,0.9916444765076661,0.08278418995283215
1e9,440SinglePlus218Single,5800,0.8823713922121611,-0.12109203473955721,0.9916358901387248,0.08244543207774895
1e9,440SinglePlus218Single,5850,0.888875281305163,-0.12059645577501454,0.9916268939734559,0.08211343906241195
1e9,440SinglePlus218Single,5900,0.8953882093411049,-0.12011364946419723,0.9916174971975864,0.08178806401836142
1e9,440SinglePlus218Single,5950,0.9019091556855723,-0.11964320708218601,0.9916077162995498,0.08146917406094767
1e9,440SinglePlus218Single,6000,0.9084377914329065,-0.11918523081021071,0.9915975734637257,0.0811566350578902
1e9,440SinglePlus218Single,6050,0.9149725375065656,-0.11873900537966264,0.9915870801162262,0.08085031713228616
1e9,440SinglePlus218Single,6100,0.9215135209180575,-0.11830463297177174,0.9915762498555981,0.08055008988049418
1e9,440SinglePlus218Single,6150,0.9280597552612802,-0.11788170486161875,0.9915650996677932,0.08025583174750214
1e9,440SinglePlus218Single,6200,0.9346108659938411,-0.11747001668674395,0.9915536420144994,0.07996741934401307
1e9,440SinglePlus218Single,6250,0.9411662353230228,-0.11706946626591774,0.9915418909976002,0.07968473700537454
1e9,440SinglePlus218Single,6300,0.9477251981371585,-0.11667974705545059,0.9915298566925133,0.07940766887191468
1e9,440SinglePlus218Single,6350,0.954286908237105,-0.11630055251165305,0.991517559712488,0.07913610623445852
1e9,440SinglePlus218Single,6400,0.9608514275893228,-0.11593178045329544,0.9915050036566139,0.07886993402152213
1e9,440SinglePlus218Single,6450,0.9674176674111282,-0.11557312433668832,0.9914922048287229,0.07860904870315885
1e9,440SinglePlus218Single,6500,0.9739856776000233,-0.11522458416183157,0.9914791704370816,0.07835334761241905
1e9,440SinglePlus218Single,6550,0.9805544780771629,-0.11488575120380606,0.9914659144060087,0.07810272659248585
1e9,440SinglePlus218Single,6600,0.987124227764095,-0.1145565232813821,0.9914524548487187,0.07785708443499165
1e9,440SinglePlus218Single,6650,0.9936938710979494,-0.11423679821332977,0.9914387936106083,0.07761632852891756
1e9,440SinglePlus218Single,6700,1.000263158167861,-0.11392616727472982,0.9914249400893757,0.077380360487364
1e9,440SinglePlus218Single,6750,1.0068315990825107,-0.11362452828435243,0.9914109089252973,0.07714908971894777
1e9,440SinglePlus218Single,6800,1.0133991625148893,-0.11333177906096803,0.9913967107761429,0.07692242516928177
1e9,440SinglePlus218Single,6850,1.0199652357759994,-0.11304771524211676,0.9913823492036336,0.07670027732916555
1e9,440SinglePlus218Single,6900,1.026529319060349,-0.11277223464656883,0.9913678397152987,0.0764825616505839
1e9,440SinglePlus218Single,6950,1.0330912478373435,-0.112505030730635,0.991353189346304,0.0762691911554808
1e9,440SinglePlus218Single,7000,1.0396506229544424,-0.11224589913185556,0.9913384087236116,0.07606008096938649
1e9,440SinglePlus218Single,7050,1.0462070501877223,-0.11199483985023062,0.991323501423405,0.07585515295017695
1e9,440SinglePlus218Single,7100,1.0527603474708533,-0.11175154634207052,0.9913084754817973,0.07565433070066321
1e9,440SinglePlus218Single,7150,1.059310344193069,-0.11151601860737559,0.9912933431376462,0.07545753410211739
1e9,440SinglePlus218Single,7200,1.0658566170848562,-0.11128795010245607,0.991278116781287,0.07526468605932646
1e9,440SinglePlus218Single,7250,1.0723988656910628,-0.11106723864608248,0.9912627979944264,0.07507571582880747
1e9,440SinglePlus218Single,7300,1.0789371314136764,-0.11085378205702479,0.9912474005886425,0.07489054222296858
1e9,440SinglePlus218Single,7350,1.085470868123698,-0.11064737597282348,0.9912319270882358,0.07470910242877564
1e9,440SinglePlus218Single,7400,1.0920000045947278,-0.11044802039347867,0.9912163816391244,0.07453132604518407
1e9,440SinglePlus218Single,7450,1.098523838655727,-0.11025520441284109,0.9912007706889655,0.07435713906608069
1e9,440SinglePlus218Single,7500,1.1050431278523267,-0.11006923457460038,0.9911851074559714,0.07418647656403211
1e9,440SinglePlus218Single,7550,1.111557055864625,-0.1098897021538372,0.9911693900310459,0.0740192748026025
1e9,440SinglePlus218Single,7600,1.1180655241392854,-0.10971650496932173,0.9911536330039074,0.07385546843957576
1e9,440SinglePlus218Single,7650,1.124568086722437,-0.10954954083982427,0.9911378398975567,0.07369499540251709
1e9,440SinglePlus218Single,7700,1.1310649831568322,-0.1093887075841149,0.9911220133360394,0.07353778932658821
1e9,440SinglePlus218Single,7750,1.1375559907459836,-0.10923390302096403,0.991106153410627,0.0733837986233854
1e9,440SinglePlus218Single,7800,1.1440409819049728,-0.10908492278791182,0.9910902806326127,0.07323295906419829
1e9,440SinglePlus218Single,7850,1.1505197255346447,-0.10894166470372857,0.9910743861992862,0.07308521496490393
1e9,440SinglePlus218Single,7900,1.156992216786622,-0.10880402658718435,0.9910584837852657,0.0729405079013109
1e9,440SinglePlus218Single,7950,1.1634582183310076,-0.10867190625704959,0.9910425759555174,0.0727987786901345
1e9,440SinglePlus218Single,8000,1.1699176043974888,-0.10854520153209435,0.9910266661517309,0.07265997912878178
1e9,440SinglePlus218Single,8050,1.1763701112642901,-0.10842370804985912,0.9910107607110294,0.07252405299031203
1e9,440SinglePlus218Single,8100,1.1828158339234844,-0.10830732362911388,0.9909948619055065,0.07239094880257017
1e9,440SinglePlus218Single,8150,1.189255136652769,-0.10819615045108866,0.9909789786599802,0.07226061084914981
1e9,440SinglePlus218Single,8200,1.1956869915485793,-0.10808967760963428,0.9909631084359377,0.07213299357962179
1e9,440SinglePlus218Single,8250,1.2021120306154744,-0.1079882116484403,0.9909472560782248,0.0720080461922085
1e9,440SinglePlus218Single,8300,1.2085300636264196,-0.10789144602381728,0.9909314326499101,0.07188571927916569
1e9,440SinglePlus218Single,8350,1.2149409406254466,-0.1077992785545353,0.9909156363558558,0.07176596214311279
1e9,440SinglePlus218Single,8400,1.2213441396654372,-0.10771150487813486,0.9908998735216569,0.0716487271183245
1e9,440SinglePlus218Single,8450,1.2277403822757342,-0.10762832935707556,0.9908841509382227,0.07153397411021802
1e9,440SinglePlus218Single,8500,1.2341292308664635,-0.10754944544766787,0.9908684644404934,0.07142165471015263
1e9,440SinglePlus218Single,8550,1.2405106375378832,-0.1074747509686822,0.9908528237136116,0.07131172707323429
1e9,440SinglePlus218Single,8600,1.246884436796907,-0.10740414373888862,0.9908372307338951,0.07120414056191911
1e9,440SinglePlus218Single,8650,1.2532509469360937,-0.10733762375828715,0.9908216860954318,0.07109885924005058
1e9,440SinglePlus218Single,8700,1.259609769475414,-0.10727508884564785,0.9908061991902071,0.07099584183131885
1e9,440SinglePlus218Single,8750,1.265960930301123,-0.10721633463851143,0.9907907656208031,0.07089504369565226
1e9,440SinglePlus218Single,8800,1.2723045116073335,-0.10716136113687758,0.990775391927525,0.0707964237156356
1e9,440SinglePlus218Single,8850,1.278640449048596,-0.10711006615951668,0.9907600781640711,0.07069994784357732
1e9,440SinglePlus218Single,8900,1.2849686752039533,-0.10706234752519883,0.9907448259952042,0.07060557189691133
1e9,440SinglePlus218Single,8950,1.291289152915211,-0.10701820523392414,0.9907296451635097,0.0705132557491259
1e9,440SinglePlus218Single,9000,1.2976020055849269,-0.10697743492323286,0.9907145335327542,0.07042296410382211
1e9,440SinglePlus218Single,9050,1.3039071117030283,-0.10694013877435493,0.9906994950296257,0.07033466353027151
1e9,440SinglePlus218Single,9100,1.3102040606180914,-0.1069059080623711,0.9906845297394661,0.07024831305590218
1e9,440SinglePlus218Single,9150,1.316493598778207,-0.1068750493309707,0.9906696444420872,0.07016388061016589
1e9,440SinglePlus218Single,9200,1.322775078453289,-0.10684715385523458,0.9906548302617516,0.07008132922565742
1e9,440SinglePlus218Single,9250,1.329048904652967,-0.10682252817885207,0.9906401003869406,0.0700006249903221
1e9,440SinglePlus218Single,9300,1.3353146119152417,-0.10680066139567435,0.9906254553527398,0.06992173575357061
1e9,440SinglePlus218Single,9350,1.3415727946315912,-0.10678175786816091,0.9906108937894237,0.06984462478433943
1e9,440SinglePlus218Single,9400,1.3478230181954998,-0.10676571541508184,0.9905964187427024,0.06976925775118192
1e9,440SinglePlus218Single,9450,1.3540655313775876,-0.10675243185520755,0.9905820294405145,0.06969560891368348
1e9,440SinglePlus218Single,9500,1.3603001635799998,-0.10674190718853782,0.9905677296389868,0.06962364528422454
1e9,440SinglePlus218Single,9550,1.3665266182863172,-0.10673383487138344,0.9905535164173537,0.06955333484135923
1e9,440SinglePlus218Single,9600,1.3727454180841958,-0.10672852144743372,0.9905393952216655,0.06948464394834585
1e9,440SinglePlus218Single,9650,1.3789563762953327,-0.10672566037299924,0.990525363101119,0.06941755085464808
1e9,440SinglePlus218Single,9700,1.3851589281432852,-0.10672514946685019,0.9905114277662649,0.06935201742775018
1e9,440SinglePlus218Single,9750,1.3913537393138562,-0.10672709091021648,0.9904975842045619,0.0692880156877476
1e9,440SinglePlus218Single,9800,1.3975407698280624,-0.10673128034063839,0.9904838399775882,0.06922551791153013
1e9,440SinglePlus218Single,9850,1.4037201124693146,-0.10673781993934572,0.9904701957951583,0.06916449282247054
1e9,440SinglePlus218Single,9900,1.409891103216525,-0.10674640316264916,0.9904566524569077,0.0691049156459343
1e9,440SinglePlus218Single,9950,1.4160541081591214,-0.10675723437300821,0.9904432109455767,0.06904676286070442
1e9,440SinglePlus218Single,10000,1.4222094201260544,-0.10677010920796337,0.9904298702905248,0.06899000466207027
5e9,440SinglePlus218Single,50,0.19418113545047916,-0.7237012594418082,0.9458749412846196,0.4812874524227137
5e9,440SinglePlus218Single,100,0.22539686461744107,-0.695635328772874,0.9524850858356216,0.4613206205304593
5e9,440SinglePlus218Single,150,0.2379635837023629,-0.6707755608887758,0.9554901906317634,0.44218631183622453
5e9,440SinglePlus218Single,200,0.24770935731688024,-0.6468418824757431,0.9576236488439653,0.4239158315064227
5e9,440SinglePlus218Single,250,0.25818727100051886,-0.6236016471718155,0.9594722655672012,0.4065326599292858
5e9,440SinglePlus218Single,300,0.26977117181254456,-0.6011062317298013,0.9611920539873613,0.39005631242482075
5e9,440SinglePlus218Single,350,0.28205257909897724,-0.5794365228591731,0.9628262542515167,0.3744885879505041
5e9,440SinglePlus218Single,400,0.29454359252754037,-0.558652112688487,0.9643861182176204,0.35981247222612583
5e9,440SinglePlus218Single,450,0.30685927384003725,-0.5387837782224083,0.9658742240315776,0.3459964252774119
5e9,440SinglePlus218Single,500,0.31874033168641264,-0.5198385495337161,0.9672914079133579,0.33299969508260696
5e9,440SinglePlus218Single,550,0.33003019446981113,-0.501805431915564,0.9686386975387034,0.32077684696543085
5e9,440SinglePlus218Single,600,0.3406463500494233,-0.4846617002489696,0.9699176898818757,0.30928104987257127
5e9,440SinglePlus218Single,650,0.3505558110192561,-0.46837735410707404,0.9711304811348052,0.29846616776438867
5e9,440SinglePlus218Single,700,0.3597568710833256,-0.4529181014488225,0.9722795045541128,0.28828796799192613
5e9,440SinglePlus218Single,750,0.36826663131551396,-0.4382476474798681,0.9733673892971418,0.27870468793019887
5e9,440SinglePlus218Single,800,0.3761126104285708,-0.42432871646547665,0.9743968502898492,0.2696772330046015
5e9,440SinglePlus218Single,850,0.38332772981626806,-0.41112440052355914,0.9753706170018966,0.2611691424629386
5e9,440SinglePlus218Single,900,0.3899467979259061,-0.39859820049718797,0.9762913889014855,0.25314646173003436
5e9,440SinglePlus218Single,950,0.3960049085501623,-0.3867145164247914,0.9771618102658794,0.24557755275978616
5e9,440SinglePlus218Single,1000,0.4015361846615162,-0.37543872928518496,0.9779844489787686,0.23843291811260003
5e9,440SinglePlus218Single,1050,0.40657343304337845,-0.3647375688502176,0.9787617959256601,0.23168501738867983
5e9,440SinglePlus218Single,1100,0.4111480377365062,-0.35457903193973916,0.979496251722662,0.2253081234884773
5e9,440SinglePlus218Single,1150,0.41528940548064286,-0.34493217805901943,0.9801901288956028,0.21927818052455608
5e9,440SinglePlus218Single,1200,0.41902568529817885,-0.33576766074145825,0.9808456494245623,0.21357268980656316
5e9,440SinglePlus218Single,1250,0.4223834465896351,-0.32705748231348863,0.9814649421178177,0.20817061099176665
5e9,440SinglePlus218Single,1300,0.4253877856155881,-0.31877491214954456,0.9820500432932457,0.20305226720177338
5e9,440SinglePlus218Single,1350,0.4280625024911221,-0.3108946092896091,0.9826029001662321,0.19819926410600344
5e9,440SinglePlus218Single,1400,0.43043037851097454,-0.30339270418424724,0.9831253635466404,0.19359441656472262
5e9,440SinglePlus218Single,1450,0.4325127721979773,-0.29624647171447605,0.9836191994959985,0.18922167772103918
5e9,440SinglePlus218Single,1500,0.4343300763730778,-0.2894344946818297,0.9840860808860828,0.1850660706731962
5e9,440SinglePlus218Single,1550,0.43590164511900376,-0.28293674555339177,0.9845275945912548,0.18111362738121983
5e9,440SinglePlus218Single,1600,0.4372459968114187,-0.27673450471676275,0.9849452444971466,0.17735132821622504
5e9,440SinglePlus218Single,1650,0.43838024636164186,-0.2708097065198015,0.9853404474719751,0.17376704282981953
5e9,440SinglePlus218Single,1700,0.4393210655084672,-0.26514600195604565,0.9857145439748362,0.1703494738987988
5e9,440SinglePlus218Single,1750,0.44008396654147713,-0.25972769597929135,0.9860687970223005,0.16708810788588885
5e9,440SinglePlus218Single,1800,0.4406836984790654,-0.2545403197188191,0.9864043950037773,0.16397315674472546
5e9,440SinglePlus218Single,1850,0.4411341685288415,-0.24957030349926523,0.9867224547351927,0.16099551620476849
5e9,440SinglePlus218Single,1900,0.4414483402632679,-0.2448048133505567,0.9870240275015683,0.15814671696870095
5e9,440SinglePlus218Single,1950,0.44163857706009546,-0.24023199624300817,0.9873100991969355,0.15541888025218828
5e9,440SinglePlus218Single,2000,0.44171650132610135,-0.23584098008732213,0.987581594212257,0.15280467781093865
5e9,440SinglePlus218Single,2050,0.4416927791966171,-0.23162105628426566,0.9878393815752783,0.15029729175365436
5e9,440SinglePlus218Single,2100,0.4415776093758003,-0.22756274241009056,0.9880842749738714,0.14789037870974703
5e9,440SinglePlus218Single,2150,0.4413806345203802,-0.22365712825627482,0.9883170351190725,0.1455780374453263
5e9,440SinglePlus218Single,2200,0.4411104330209065,-0.21989554884939322,0.9885383773674599,0.14335477458693102
5e9,440SinglePlus218Single,2250,0.44077557742178375,-0.21627040190144087,0.988748968385428,0.14121547519630373
5e9,440SinglePlus218Single,2300,0.44038343720730283,-0.21277408512441265,0.9889494362423003,0.1391553773535206
5e9,440SinglePlus218Single,2350,0.43994148808849887,-0.20940005891572366,0.9891403661555078,0.13717004210406422
5e9,440SinglePlus218Single,2400,0.43945618117106955,-0.2061416201827242,0.989322305438306,0.13525533120758965
5e9,440SinglePlus218Single,2450,0.4389336727550958,-0.20299288328308773,0.9894957703109131,0.13340738878781835
5e9,440SinglePlus218Single,2500,0.438379826221294,-0.19994828955461708,0.9896612388947693,0.13162261526679642
5e9,440SinglePlus218Single,2550,0.4377997814764379,-0.19700244382517973,0.9898191617899059,0.12989765215534832
5e9,440SinglePlus218Single,2600,0.4371985912474058,-0.19415068662793378,0.9899699624059477,0.12822936093449885
5e9,440SinglePlus218Single,2650,0.4365807355450068,-0.19138827675100512,0.9901140349402723,0.1266148120911967
5e9,440SinglePlus218Single,2700,0.43595025708766977,-0.18871079996264895,0.9902517472804737,0.12505126343163106
5e9,440SinglePlus218Single,2750,0.4353111111624461,-0.18611433250131426,0.9903834489883404,0.12353615235780652
5e9,440SinglePlus218Single,2800,0.43466684542861866,-0.18359511409551466,0.9905094619708893,0.12206707782309462
5e9,440SinglePlus218Single,2850,0.43402060950004834,-0.18114954796382843,0.9906300942098778,0.12064179134041847
5e9,440SinglePlus218Single,2900,0.4333754123206558,-0.17877420081489837,0.9907456286298685,0.1192581878378103
5e9,440SinglePlus218Single,2950,0.43273405660394215,-0.17646604808252908,0.9908563338345862,0.11791428990709124
5e9,440SinglePlus218Single,3000,0.43209892186319526,-0.17422214694555715,0.9909624637963172,0.11660824492392965
5e9,440SinglePlus218Single,3050,0.43147236663493793,-0.1720396363278518,0.9910642522771812,0.1153383118028077
5e9,440SinglePlus218Single,3100,0.4308563784990219,-0.1699158186433466,0.9911619209815727,0.11410285491458642
5e9,440SinglePlus218Single,3150,0.43025290272158423,-0.16784840503113696,0.9912556790446418,0.11290033806001432
5e9,440SinglePlus218Single,3200,0.4296636455735004,-0.16583494314025338,0.9913457228356869,0.11172931171061701
5e9,440SinglePlus218Single,3250,0.4290900997636695,-0.16387314410979115,0.9914322363401916,0.11058841446270076
5e9,440SinglePlus218Single,3300,0.42853372113927,-0.16196112780400707,0.9915153923256592,0.10947636521208938
5e9,440SinglePlus218Single,3350,0.42799569231907203,-0.16009676885206103,0.9915953542545894,0.1083919533505414
5e9,440SinglePlus218Single,3400,0.427477258965428,-0.15827835060827455,0.9916722750003004,0.10733403895422174
5e9,440SinglePlus218Single,3450,0.4269792930663894,-0.1565039929369043,0.9917463018608006,0.10630154369368398
5e9,440SinglePlus218Single,3500,0.4265026559001235,-0.15477197919227192,0.9918175677000662,0.1052934518956222
5e9,440SinglePlus218Single,3550,0.4260483693105397,-0.15308100145386028,0.9918862045683323,0.1043088020739834
5e9,440SinglePlus218Single,3600,0.42561692124645534,-0.15142926133095846,0.9919523320110644,0.10334668547727352
5e9,440SinglePlus218Single,3650,0.42520900311650184,-0.1498154509030496,0.9920160643616747,0.10240624201548978
5e9,440SinglePlus218Single,3700,0.42482507717564494,-0.14823818050458426,0.9920775094512844,0.1014866572974455
5e9,440SinglePlus218Single,3750,0.42446568505355126,-0.14669630570511016,0.9921367710435868,0.10058715946745288
5e9,440SinglePlus218Single,3800,0.4241311073892187,-0.145188436839078,0.992193942461632,0.09970701673377683
5e9,440SinglePlus218Single,3850,0.4238216973621895,-0.14371351122106768,0.9922491194922277,0.09884553568329339
5e9,440SinglePlus218Single,3900,0.42353772507341503,-0.14227038442062678,0.9923023856964404,0.09800205609437436
5e9,440SinglePlus218Single,3950,0.42327945871849354,-0.14085799375233532,0.9923538228017662,0.0971759527980141
5e9,440SinglePlus218Single,4000,0.4230468792673271,-0.1394753582758056,0.9924035090926427,0.09636663033914036
5e9,440SinglePlus218Single,4050,0.4228402988913734,-0.138121578795682,0.9924515178669299,0.09557352350385456
5e9,440SinglePlus218Single,4100,0.4226596624378913,-0.13679567437157691,0.9924979180149466,0.0947960935236412
5e9,440SinglePlus218Single,4150,0.4225050555022568,-0.13549674580813498,0.9925427755758265,0.09403382778253325
5e9,440SinglePlus218Single,4200,0.4223763326776618,-0.13422389391000056,0.9925861540830755,0.093286236947624
5e9,440SinglePlus218Single,4250,0.42227369516713203,-0.13297662820697986,0.9926281108835426,0.09255285620513885
5e9,440SinglePlus218Single,4300,0.4221967945073876,-0.1317538042686206,0.9926687037001606,0.09183324100740127
5e9,440SinglePlus218Single,4350,0.42214583427940744,-0.13055501336976116,0.9927079863163923,0.09112696650784753
5e9,440SinglePlus218Single,4400,0.42212045491825173,-0.12937935631504605,0.9927460101197098,0.09043362807097886
5e9,440SinglePlus218Single,4450,0.42212060933102835,-0.12822617914421675,0.9927828228150667,0.0897528387405167
5e9,440SinglePlus218Single,4500,0.4221461464307434,-0.12709499138707958,0.9928184696783205,0.08908422904957743
5e9,440SinglePlus218Single,4550,0.422196848025302,-0.12598505733834353,0.9928529951422244,0.08842744469352128
5e9,440SinglePlus218Single,4600,0.4222725400246047,-0.1248957230377502,0.9928864411974978,0.08778214711125043
5e9,440SinglePlus218Single,4650,0.42237298417324504,-0.123826579760138,0.992918847160718,0.08714801061424568
5e9,440SinglePlus218Single,4700,0.422497928938116,-0.12277689180021611,0.9929502538163998,0.08652472500218553
5e9,440SinglePlus218Single,4750,0.42264731637250674,-0.12174641392288754,0.9929806926356827,0.08591199213320438
5e9,440SinglePlus218Single,4800,0.4228207165432835,-0.1207344104228616,0.9930102008408905,0.085309525540134
5e9,440SinglePlus218Single,4850,0.42301782184764325,-0.11974039082994437,0.9930388115086017,0.08471705207612103
5e9,440SinglePlus218Single,4900,0.42323858549748944,-0.11876410990903896,0.9930665544149918,0.08413430770786656
5e9,440SinglePlus218Single,4950,0.42348258201211947,-0.11780491369988666,0.9930934605404991,0.0835610387425966
5e9,440SinglePlus218Single,5000,0.423749553735189,-0.11686239347732619,0.993119560901107,0.08299700212998613
5e9,440SinglePlus218Single,5050,0.4240392784319991,-0.11593630400626043,0.9931448800988495,0.08244196313321735
5e9,440SinglePlus218Single,5100,0.42435134104585726,-0.11502599132643099,0.9931694432476657,0.08189569788143096
5e9,440SinglePlus218Single,5150,0.4246855718210637,-0.11413121020274086,0.9931932791171619,0.08135798859942459
5e9,440SinglePlus218Single,5200,0.425041672297643,-0.11325163365506086,0.9932164094088806,0.08082862709291748
5e9,440SinglePlus218Single,5250,0.42541926172141104,-0.11238685295822926,0.9932388575631115,0.08030741290623924
5e9,440SinglePlus218Single,5300,0.4258181463201357,-0.11153645938708467,0.9932606468309693,0.07979415166221178
5e9,440SinglePlus218Single,5350,0.4262378978406642,-0.11070012596149781,0.9932817966704564,0.07928865546360618
5e9,440SinglePlus218Single,5400,0.4266783138851295,-0.10987760744637176,0.9933023285256272,0.07879074470503407
5e9,440SinglePlus218Single,5450,0.4271391025061692,-0.10906865860660953,0.993322261224955,0.07830024586184249
5e9,440SinglePlus218Single,5500,0.4276199482593661,-0.1082727889720172,0.993341614194364,0.07781698997334915
5e9,440SinglePlus218Single,5550,0.42812042622332214,-0.10748975330749799,0.9933604043135992,0.07734081461865698
5e9,440SinglePlus218Single,5600,0.42864043442114014,-0.10671930637795479,0.9933786494428452,0.07687156420039576
5e9,440SinglePlus218Single,5650,0.4291795130621784,-0.1059611212032584,0.9933963670217261,0.07640908585552818
5e9,440SinglePlus218Single,5700,0.42973751163319507,-0.10521503429334433,0.9934135714419119,0.07595323263842586
5e9,440SinglePlus218Single,5750,0.4303139744939083,-0.10448071866808317,0.9934302777733764,0.07550386322317942
5e9,440SinglePlus218Single,5800,0.43090871546110715,-0.10375792909237813,0.9934465032123527,0.07506083972684292
5e9,440SinglePlus218Single,5850,0.4315215041572735,-0.1030464203311321,0.9934622596017153,0.07462402959374784
5e9,440SinglePlus218Single,5900,0.4321518839793118,-0.10234594714924816,0.9934775613538681,0.07419330306282199
5e9,440SinglePlus218Single,5950,0.43279962786573684,-0.10165626431162955,0.9934924202698178,0.073768536635181
5e9,440SinglePlus218Single,6000,0.4334645039607146,-0.10097720832821144,0.9935068502446863,0.07334960739496543
5e9,440SinglePlus218Single,6050,0.43414623642158123,-0.10030861570892946,0.9935208651479341,0.07293639858776822
5e9,440SinglePlus218Single,6100,0.43484447787223024,-0.09965007772862178,0.9935344743578699,0.07252879635755248
5e9,440SinglePlus218Single,6150,0.43555899451808366,-0.0990015126422562,0.9935476889423956,0.07212668970421812
5e9,440SinglePlus218Single,6200,0.43628955406640746,-0.09836283870480034,0.9935605218442536,0.07172997144594488
5e9,440SinglePlus218Single,6250,0.4370358521946005,-0.09773372893612509,0.9935729806139816,0.07133853780752988
5e9,440SinglePlus218Single,6300,0.4377975797338723,-0.09711393810113345,0.9935850796946325,0.07095228695038404
5e9,440SinglePlus218Single,6350,0.4385745134252796,-0.09650330270976082,0.9935968248895009,0.07057112120765534
5e9,440SinglePlus218Single,6400,0.43936650495444113,-0.09590190450703939,0.9936082258760607,0.070194944502564
5e9,440SinglePlus218Single,6450,0.44017304425037995,-0.09530917127774319,0.993619296142338,0.06982366348855491
5e9,440SinglePlus218Single,6500,0.44099407541972363,-0.09472518476690428,0.9936300391539904,0.06945718906266289
5e9,440SinglePlus218Single,6550,0.44182933399269586,-0.09414978148445818,0.9936404661561975,0.06909543211822478
5e9,440SinglePlus218Single,6600,0.44267851646417633,-0.09358271619530789,0.9936505861739706,0.06873830710227517
5e9,440SinglePlus218Single,6650,0.4435414849436449,-0.09302398889945351,0.9936604038330065,0.0683857305880861
5e9,440SinglePlus218Single,6700,0.44441785745168405,-0.09247319087173345,0.9936699298844544,0.06803762140675408
5e9,440SinglePlus218Single,6750,0.44530745251342635,-0.09193032211214769,0.9936791706165121,0.06769390045281556
5e9,440SinglePlus218Single,6800,0.446210134767058,-0.09139538262069613,0.99368813416273,0.06735449134995025
5e9,440SinglePlus218Single,6850,0.4471255688389674,-0.09086796367221739,0.993696827294549,0.06701931976015359
5e9,440SinglePlus218Single,6900,0.4480535305933716,-0.09034806526671135,0.9937052553025713,0.066688311232388
5e9,440SinglePlus218Single,6950,0.44899385110021955,-0.08983552391411331,0.9937134256989238,0.06636139468168034
5e9,440SinglePlus218Single,7000,0.4499463572478037,-0.0893302578693912,0.993721346094142,0.06603850131106499
5e9,440SinglePlus218Single,7050,0.45091074638750844,-0.08883210364248018,0.9937290217198421,0.06571956238996071
5e9,440SinglePlus218Single,7100,0.4518868465909346,-0.08834097948834807,0.9937364580687178,0.06540451155720778
5e9,440SinglePlus218Single,7150,0.4528744459104061,-0.08785672191693017,0.9937436612827284,0.06509328556260789
5e9,440SinglePlus218Single,7200,0.45387332853527357,-0.08737924918319417,0.9937506351609283,0.06478582024212096
5e9,440SinglePlus218Single,7250,0.45488332805878606,-0.08690839779707549,0.993757388153706,0.06448205509546369
5e9,440SinglePlus218Single,7300,0.4559042742384688,-0.08644408601354181,0.9937639249944484,0.06418193002165007
5e9,440SinglePlus218Single,7350,0.45693586698549726,-0.08598615034252843,0.9937702490726009,0.06388538569340006
5e9,440SinglePlus218Single,7400,0.45797797779722726,-0.08553459078403547,0.9937763667812504,0.06359236449273525
5e9,440SinglePlus218Single,7450,0.45903052720061244,-0.08508932559303051,0.9937822831944698,0.06330281110504735
5e9,440SinglePlus218Single,7500,0.4600931376239404,-0.08464994604435205,0.9937880017382894,0.0630166703856434
5e9,440SinglePlus218Single,7550,0.46116571541195095,-0.084216697373097,0.9937935260074782,0.06273388907338295
5e9,440SinglePlus218Single,7600,0.4622481408617836,-0.08378941608920076,0.9937988637678182,0.06245441508584594
5e9,440SinglePlus218Single,7650,0.463340204931534,-0.08336793870259862,0.9938040161156911,0.06217819675361808
5e9,440SinglePlus218Single,7700,0.4644417399570277,-0.08295218346825839,0.9938089894209013,0.06190518579276153
5e9,440SinglePlus218Single,7750,0.4655524479636759,-0.08254198689611547,0.9938137877064815,0.06163533170482609
5e9,440SinglePlus218Single,7800,0.4666723783947414,-0.08213743073120205,0.993818412464653,0.0613685862850063
5e9,440SinglePlus218Single,7850,0.4678012367222214,-0.08173826973842113,0.9938228691690952,0.06110490371802481
5e9,440SinglePlus218Single,7900,0.46893889772246256,-0.08134450391777293,0.9938271624112169,0.06084423739467903
5e9,440SinglePlus218Single,7950,0.47008523669794294,-0.08095613326925732,0.993831294294197,0.06058654316784665
5e9,440SinglePlus218Single,8000,0.47124000633385255,-0.08057283081274513,0.9938352692596256,0.060331776847040795
5e9,440SinglePlus218Single,8050,0.4724032102739003,-0.08019476003830084,0.9938390892666258,0.06007989532009031
5e9,440SinglePlus218Single,8100,0.47357450966039033,-0.07982167571082766,0.9938427602731321,0.05983085771490413
5e9,440SinglePlus218Single,8150,0.4747539558430326,-0.07945365957535777,0.9938462827558716,0.05958462061384664
5e9,440SinglePlus218Single,8200,0.475941167625364,-0.07909038465176199,0.9938496613383256,0.0593411455082836
5e9,440SinglePlus218Single,8250,0.47713628116088913,-0.07873209617513732,0.9938528993558045,0.05910039116226759
5e9,440SinglePlus218Single,8300,0.478338915181133,-0.07837846716535446,0.9938559992439044,0.05886231983941696
5e9,440SinglePlus218Single,8350,0.47954907926613666,-0.0780294976224134,0.9938589641738013,0.058626892063750144
5e9,440SinglePlus218Single,8400,0.48076656163386045,-0.07768518754631404,0.9938617950778641,0.05839407345843055
5e9,440SinglePlus218Single,8450,0.4819913725364422,-0.07734553693705659,0.9938644963161358,0.05816382572957804
5e9,440SinglePlus218Single,8500,0.48322317411415255,-0.07701021881451164,0.9938670710732307,0.05793611427368213
5e9,440SinglePlus218Single,8550,0.4844620162305391,-0.0766794784137762,0.9938695225557874,0.05771090269022846
5e9,440SinglePlus218Single,8600,0.48570764929413535,-0.07635298875472096,0.9938718523680281,0.057488156889274944
5e9,440SinglePlus218Single,8650,0.48695990866194255,-0.07603058634728133,0.9938740604944467,0.057267843512499104
5e9,440SinglePlus218Single,8700,0.4882189304227231,-0.0757127616616512,0.9938761527890186,0.0570499303598239
5e9,440SinglePlus218Single,8750,0.48948433589050744,-0.07539886073757207,0.9938781301868259,0.05683438280271923
5e9,440SinglePlus218Single,8800,0.4907562631578017,-0.07508929230020556,0.9938799960380421,0.0566211695745149
5e9,440SinglePlus218Single,8850,0.4920343287757068,-0.07478372936942224,0.9938817516053627,0.056410259133242144
5e9,440SinglePlus218Single,8900,0.49331850027676183,-0.07448200845515762,0.9938834008834757,0.05620162275701129
5e9,440SinglePlus218Single,8950,0.4946087867266968,-0.07418429304747642,0.9938849421090508,0.05599522645789237
5e9,440SinglePlus218Single,9000,0.4959050224357424,-0.07389058314637842,0.9938863808356144,0.0557910438109441
5e9,440SinglePlus218Single,9050,0.49720699869961427,-0.07360063351676671,0.9938877157679504,0.0555890459810082
5e9,440SinglePlus218Single,9100,0.4985146820040731,-0.07331436241360911,0.9938889537451241,0.055389203566439754
5e9,440SinglePlus218Single,9150,0.4998279944291536,-0.07303185158193792,0.9938900930034356,0.05519148829009024
5e9,440SinglePlus218Single,9200,0.5011468144679261,-0.07275301927672084,0.9938911348660614,0.05499587334712926
5e9,440SinglePlus218Single,9250,0.5024711087781405,-0.07247786549795765,0.9938920841032509,0.05480233176495516
5e9,440SinglePlus218Single,9300,0.5038006232505825,-0.07220622675558397,0.9938929406473164,0.0546108363673141
5e9,440SinglePlus218Single,9350,0.5051354569419106,-0.0719381847946321,0.9938937065115779,0.05442136222321533
5e9,440SinglePlus218Single,9400,0.5064753554504456,-0.07167357612503722,0.9938943838317341,0.05423388155348498
5e9,440SinglePlus218Single,9450,0.5078203740127588,-0.07141248249183185,0.9938949732975664,0.054048371352590115
5e9,440SinglePlus218Single,9500,0.509170257138414,-0.07115465865991888,0.9938954769404698,0.05386480555666646
5e9,440SinglePlus218Single,9550,0.5105250168817486,-0.07090026811936312,0.9938958967771223,0.05368316054271539
5e9,440SinglePlus218Single,9600,0.5118845752481156,-0.07064922912513216,0.993896234460911,0.05350341275494726
5e9,440SinglePlus218Single,9650,0.513248763688201,-0.070401296442129,0.9938964913563257,0.05332553864145168
5e9,440SinglePlus218Single,9700,0.5146176412669276,-0.07015679705048306,0.9938966688415739,0.05314951531644042
5e9,440SinglePlus218Single,9750,0.5159908580476708,-0.0699151587349679,0.9938967670141882,0.05297532028155223
5e9,440SinglePlus218Single,9800,0.5173686976035934,-0.06967695371080995,0.9938967902368475,0.052802931384070044
5e9,440SinglePlus218Single,9850,0.5187507648017524,-0.06944160976278291,0.9938967362346138,0.05263232471939258
5e9,440SinglePlus218Single,9900,0.5201371640772426,-0.06920945387101607,0.9938966094603979,0.05246348181269311
5e9,440SinglePlus218Single,9950,0.5215278129593944,-0.06898024080041243,0.9938964089949995,0.05229638015534775
5e9,440SinglePlus218Single,10000,0.5229225479455902,-0.0687540522960044,0.9938961373182821,0.05213099797492952
1e9,440SingleComptonPlus218Single,50,0.20781167248322482,-0.6727797343791428,0.9580757822269236,0.459215369321222
1e9,440SingleComptonPlus218Single,100,0.25639055701315044,-0.6102001940878274,0.9682331276060067,0.42289693581819343
1e9,440SingleComptonPlus218Single,150,0.29328940490044286,-0.5600056830265824,0.9732931315910333,0.39161747171803296
1e9,440SingleComptonPlus218Single,200,0.32277288596203524,-0.5181962403188621,0.9764000976753727,0.3647631312497726
1e9,440SingleComptonPlus218Single,250,0.3459394590628052,-0.4828349441178358,0.9784649914527775,0.3417572173988582
1e9,440SingleComptonPlus218Single,300,0.3642032544969019,-0.45255047122893743,0.9798974232689411,0.32202566666735566
1e9,440SingleComptonPlus218Single,350,0.37882002405231663,-0.4263108423217754,0.9809272004984332,0.30503184327864813
1e9,440SingleComptonPlus218Single,400,0.3907202109447362,-0.4033377940595583,0.9816940132818056,0.2903096070118868
1e9,440SingleComptonPlus218Single,450,0.4005528586057615,-0.38304087220587146,0.982285132348428,0.277469365758794
1e9,440SingleComptonPlus218Single,500,0.4087681892718917,-0.3649721653398754,0.982755153782603,0.26619743512461386
1e9,440SingleComptonPlus218Single,550,0.41568801588540666,-0.34878420618962624,0.9831387731161804,0.25624110790611915
1e9,440SingleComptonPlus218Single,600,0.4215523353785993,-0.3342014119783464,0.9834585971464029,0.2473957236179385
1e9,440SingleComptonPlus218Single,650,0.4265481306090251,-0.3210017939842895,0.9837297642441543,0.23949451137274022
1e9,440SingleComptonPlus218Single,700,0.4308261217135879,-0.3090029076216432,0.9839627363637193,0.2324005930267445
1e9,440SingleComptonPlus218Single,750,0.43451124861664525,-0.29805352467029955,0.9841650042430343,0.22600084860799718
1e9,440SingleComptonPlus218Single,800,0.4377087652635268,-0.28802632731792444,0.9843421366857875,0.22020121454005814
1e9,440SingleComptonPlus218Single,850,0.44050839089813415,-0.27881351436707613,0.9844984112567796,0.21492301323295127
1e9,440SingleComptonPlus218Single,900,0.4429871375283626,-0.2703231227109323,0.9846371489984473,0.21010009155425838
1e9,440SingleComptonPlus218Single,950,0.44521118310210983,-0.2624762684400853,0.9847610013081819,0.20567656785441596
1e9,440SingleComptonPlus218Single,1000,0.4472371826254858,-0.25520474558364203,0.984872083106494,0.20160499974352647
1e9,440SingleComptonPlus218Single,1050,0.4491136732120339,-0.24844939120954657,0.9849721341201505,0.19784493299911923
1e9,440SingleComptonPlus218Single,1100,0.45088215846587093,-0.24215880815920832,0.9850625988240935,0.19436171380583123
1e9,440SingleComptonPlus218Single,1150,0.4525778818736699,-0.2362881388727439,0.985144666680658,0.1911255277692591
1e9,440SingleComptonPlus218Single,1200,0.45423036894656615,-0.23079763485176008,0.9852193359298095,0.18811061643803087
1e9,440SingleComptonPlus218Single,1250,0.45586464341815236,-0.22565265665935386,0.9852874901950186,0.18529461842627912
1e9,440SingleComptonPlus218Single,1300,0.45750137664060875,-0.22082244774535453,0.9853498860381564,0.18265806868662227
1e9,440SingleComptonPlus218Single,1350,0.4591578383304617,-0.2162796746307899,0.9854071628083119,0.180183938011128
1e9,440SingleComptonPlus218Single,1400,0.46084798250055287,-0.21200017145481176,0.9854598837123644,0.1778572864891929
1e9,440SingleComptonPlus218Single,1450,0.46258306265301863,-0.2079623779779317,0.9855085173267272,0.17566494142658626
1e9,440SingleComptonPlus218Single,1500,0.46437206712388795,-0.20414687976648727,0.9855534611741767,0.17359527744905134
1e9,440SingleComptonPlus218Single,1550,0.46622203555953934,-0.2005364592832567,0.9855950809359224,0.1716379819027153
1e9,440SingleComptonPlus218Single,1600,0.4681382859883839,-0.19711553389069492,0.9856336893589436,0.16978387059378117
1e9,440SingleComptonPlus218Single,1650,0.4701250117803206,-0.19387015585093414,0.9856695682357726,0.16802474598136935
1e9,440SingleComptonPlus218Single,1700,0.47218467546309945,-0.19078755251024893,0.9857029646797316,0.16635327391601767
1e9,440SingleComptonPlus218Single,1750,0.47431915257949947,-0.18785612629905668,0.9857340965211916,0.16476286227607717
1e9,440SingleComptonPlus218Single,1800,0.4765295284251553,-0.1850655569131473,0.9857631583731773,0.1632475598623097
1e9,440SingleComptonPlus218Single,1850,0.47881600566100474,-0.18240644367937908,0.9857903028872202,0.16180202131643381
1e9,440SingleComptonPlus218Single,1900,0.4811784887509744,-0.17987010119321856,0.985815690199593,0.1604213709290848
1e9,440SingleComptonPlus218Single,1950,0.4836161588267523,-0.1774484060468966,0.9858394623186517,0.15910119708760997
1e9,440SingleComptonPlus218Single,2000,0.48612821979006454,-0.17513425664494198,0.9858617428221071,0.1578374946426497
1e9,440SingleComptonPlus218Single,2050,0.4887132975774432,-0.17292085793557266,0.9858826400639927,0.15662659937694784
1e9,440SingleComptonPlus218Single,2100,0.4913702089243578,-0.17080233449807514,0.9859022528939654,0.15546514972033768
1e9,440SingleComptonPlus218Single,2150,0.4940971733710772,-0.16877291309296538,0.9859206783597178,0.15435008907183603
1e9,440SingleComptonPlus218Single,2200,0.4968925196651947,-0.16682722920567894,0.9859379894480138,0.15327859020781864
1e9,440SingleComptonPlus218Single,2250,0.49975477654961425,-0.16496083795271932,0.9859542611070413,0.1522480742741487
1e9,440SingleComptonPlus218Single,2300,0.5026820966643976,-0.16316893681628575,0.9859695601022019,0.15125616586987503
1e9,440SingleComptonPlus218Single,2350,0.5056728061545694,-0.16144764290964586,0.985983940222358,0.15030064246525873
1e9,440SingleComptonPlus218Single,2400,0.5087251925687539,-0.15979312443668192,0.9859974535678611,0.1493795017046761
1e9,440SingleComptonPlus218Single,2450,0.511837320559643,-0.15820165178250623,0.9860101382435186,0.14849084612760793
1e9,440SingleComptonPlus218Single,2500,0.5150079192795685,-0.15667010841960982,0.9860220608447857,0.14763293590149237
1e9,440SingleComptonPlus218Single,2550,0.5182350394770788,-0.1551953267298687,0.9860332672686594,0.14680413870476305
1e9,440SingleComptonPlus218Single,2600,0.5215175132819815,-0.15377444563884846,0.9860437976180025,0.1460029538138432
1e9,440SingleComptonPlus218Single,2650,0.5248535582104418,-0.15240470625334446,0.9860536796029014,0.14522798029595954
1e9,440SingleComptonPlus218Single,2700,0.5282419351014156,-0.15108375840507116,0.9860629604030795,0.14447790116181716
1e9,440SingleComptonPlus218Single,2750,0.5316815060582264,-0.14980904756328361,0.9860716674541588,0.1437515055473052
1e9,440SingleComptonPlus218Single,2800,0.5351709611449244,-0.14857863228461543,0.9860798328945477,0.1430476542575724
1e9,440SingleComptonPlus218Single,2850,0.5387088760025953,-0.14739021349139614,0.9860874814017916,0.14236528383242103
1e9,440SingleComptonPlus218Single,2900,0.5422943422412384,-0.14624195192148925,0.9860946441874652,0.14170339315319969
1e9,440SingleComptonPlus218Single,2950,0.545925933938774,-0.14513205940337326,0.9861013315056212,0.14106105087271395
1e9,440SingleComptonPlus218Single,3000,0.5496030506055638,-0.14405874776552663,0.9861075700346222,0.1404373513723646
1e9,440SingleComptonPlus218Single,3050,0.5533245330613524,-0.14302012665519792,0.9861134058319939,0.13983122456333752
1e9,440SingleComptonPlus218Single,3100,0.5570893922612455,-0.14201486771639982,0.9861188520204911,0.13924198451924008
1e9,440SingleComptonPlus218Single,3150,0.5608967831454408,-0.14104169368375974,0.9861239213599182,0.138669033544614
1e9,440SingleComptonPlus218Single,3200,0.5647459885676912,-0.14009917402006045,0.9861286132156544,0.13811172597831814
1e9,440SingleComptonPlus218Single,3250,0.5686363025042902,-0.13918618473177413,0.9861329411643771,0.13756943087306955
1e9,440SingleComptonPlus218Single,3300,0.5725668830496614,-0.13830149964414307,0.9861369198785035,0.13704155374862917
1e9,440SingleComptonPlus218Single,3350,0.5765373011904495,-0.13744399476363955,0.9861405726781746,0.13652753399694587
1e9,440SingleComptonPlus218Single,3400,0.5805468207257884,-0.13661254609673568,0.9861439097607158,0.13602681563030264
1e9,440SingleComptonPlus218Single,3450,0.5845947246572848,-0.13580633619359306,0.9861469331940365,0.13553890194696044
1e9,440SingleComptonPlus218Single,3500,0.588680307355541,-0.13502413887945408,0.9861496615311188,0.13506330587395488
1e9,440SingleComptonPlus218Single,3550,0.5928032359584087,-0.13426503452325045,0.9861521030284319,0.13459956223086508
1e9,440SingleComptonPlus218Single,3600,0.5969630133138296,-0.1335283078563736,0.9861542743644085,0.13414722897156914
1e9,440SingleComptonPlus218Single,3650,0.60115899435756,-0.13281303924775534,0.9861561864489273,0.13370588982005085
1e9,440SingleComptonPlus218Single,3700,0.6053907841372825,-0.132118513428787,0.9861578454817468,0.1332751608032241
1e9,440SingleComptonPlus218Single,3750,0.6096579214112877,-0.1314440151308599,0.9861592644016856,0.13285468344222973
1e9,440SingleComptonPlus218Single,3800,0.6139598517192484,-0.13078862472290598,0.9861604500758673,0.13244408250952394
1e9,440SingleComptonPlus218Single,3850,0.6182961957156972,-0.13015193348000587,0.9861614135792598,0.1320430188159293
1e9,440SingleComptonPlus218Single,3900,0.6226662791340571,-0.1295331239523213,0.9861621555709604,0.13165119028461306
1e9,440SingleComptonPlus218Single,3950,0.6270702097659283,-0.12893158305247332,0.9861626888369269,0.13126828188518783
1e9,440SingleComptonPlus218Single,4000,0.6315069885421225,-0.12834679987431297,0.986163017153493,0.13089400527863582
1e9,440SingleComptonPlus218Single,4050,0.6359766668966722,-0.1277782635116912,0.9861631508936843,0.1305280774925047
1e9,440SingleComptonPlus218Single,4100,0.640478436947217,-0.12722525869599943,0.9861630985254681,0.13017021338862098
1e9,440SingleComptonPlus218Single,4150,0.6450121930073144,-0.12668747888354825,0.9861628561557473,0.1298202133103303
1e9,440SingleComptonPlus218Single,4200,0.6495773649170902,-0.1261643109869589,0.9861624444896012,0.1294777997191136
1e9,440SingleComptonPlus218Single,4250,0.6541734687593018,-0.12565534628131214,0.986161856599945,0.12914275336099978
1e9,440SingleComptonPlus218Single,4300,0.6588003480637494,-0.1251600738604588,0.9861611072251365,0.12881483595170776
1e9,440SingleComptonPlus218Single,4350,0.6634573909803304,-0.12467808499947997,0.986160197895523,0.12849385794017512
1e9,440SingleComptonPlus218Single,4400,0.6681445644699228,-0.12420897097345618,0.9861591363609548,0.1281796003794323
1e9,440SingleComptonPlus218Single,4450,0.6728613450645303,-0.12375252741992782,0.9861579294222413,0.12787190887710081
1e9,440SingleComptonPlus218Single,4500,0.6776073006118809,-0.12330814125151623,0.9861565714197914,0.1275705768244676
1e9,440SingleComptonPlus218Single,4550,0.6823819945181785,-0.122875505924532,0.9861550792291168,0.127275430941814
1e9,440SingleComptonPlus218Single,4600,0.6871852195996102,-0.12245431489528569,0.9861534577080542,0.12698629122045882
1e9,440SingleComptonPlus218Single,4650,0.692016590040459,-0.12204426162008775,0.986151707743047,0.12670300120323
1e9,440SingleComptonPlus218Single,4700,0.6968756351026768,-0.12164493737401916,0.9861498295419651,0.1264253974941073
1e9,440SingleComptonPlus218Single,4750,0.7017620758112606,-0.12125603561339038,0.9861478328817513,0.12615333910687
1e9,440SingleComptonPlus218Single,4800,0.7066757931191755,-0.12087745415697171,0.9861457166087384,0.12588666923646047
1e9,440SingleComptonPlus218Single,4850,0.7116160220801908,-0.12050857991738428,0.9861434770957068,0.12562527774928134
1e9,440SingleComptonPlus218Single,4900,0.7165825115443764,-0.12014951507585792,0.9861411229678492,0.12536901203995235
1e9,440SingleComptonPlus218Single,4950,0.7215750926764452,-0.11979974872624355,0.9861386621043363,0.12511775013947193
1e9,440SingleComptonPlus218Single,5000,0.7265932280136032,-0.11945917868731148,0.9861360926097162,0.124871362861105
1e9,440SingleComptonPlus218Single,5050,0.7316365047345398,-0.11912729405291256,0.98613342459797,0.12462974336862163
1e9,440SingleComptonPlus218Single,5100,0.7367049855789518,-0.11880409482304688,0.9861306592564587,0.12439273943302345
1e9,440SingleComptonPlus218Single,5150,0.7417977512981728,-0.11848937663525483,0.9861277980361899,0.12416027846109186
1e9,440SingleComptonPlus218Single,5200,0.7469147211224003,-0.11818283294584697,0.9861248463620289,0.12393225984368875
1e9,440SingleComptonPlus218Single,5250,0.7520555769724411,-0.11788415721113399,0.9861218042704105,0.12370854603039032
1e9,440SingleComptonPlus218Single,5300,0.757219939129449,-0.11759324724988596,0.9861186791869682,0.1234890629792233
1e9,440SingleComptonPlus218Single,5350,0.7624074851174542,-0.11731000088087307,0.9861154618233999,0.1232737412865906
1e9,440SingleComptonPlus218Single,5400,0.7676178297511623,-0.1170341115604061,0.9861121636066862,0.12306245850030455
1e9,440SingleComptonPlus218Single,5450,0.7728503824415289,-0.11676537492602523,0.9861087961611814,0.12285511504988894
1e9,440SingleComptonPlus218Single,5500,0.7781048965420968,-0.11650358661527094,0.986105350546665,0.12265162938936747
1e9,440SingleComptonPlus218Single,5550,0.7833814186631048,-0.11624874662814322,0.9861018315523723,0.12245193583186932
1e9,440SingleComptonPlus218Single,5600,0.7886792849760804,-0.11600044623972283,0.9860982373677494,0.12225596366619511
1e9,440SingleComptonPlus218Single,5650,0.7939981905915615,-0.11575868545000989,0.9860945767696683,0.12206361748095525
1e9,440SingleComptonPlus218Single,5700,0.7993379360188891,-0.11552325989654466,0.9860908535498957,0.12187479555247442
1e9,440SingleComptonPlus218Single,5750,0.804698122150968,-0.11529406739809733,0.9860870652027459,0.12168943515023416
1e9,440SingleComptonPlus218Single,5800,0.8100780819519865,-0.1150709035922084,0.9860832205634631,0.12150750583205001
1e9,440SingleComptonPlus218Single,5850,0.8154777798364563,-0.11485356411641834,0.9860793156220659,0.1213289070026259
1e9,440SingleComptonPlus218Single,5900,0.8208970770094586,-0.11464204897072683,0.9860753475229708,0.12115358145659888
1e9,440SingleComptonPlus218Single,5950,0.8263352987330672,-0.11443615379267458,0.9860713206795271,0.12098149725293732
1e9,440SingleComptonPlus218Single,6000,0.8317919590594196,-0.11423557203857204,0.9860672444202062,0.12081251500533444
1e9,440SingleComptonPlus218Single,6050,0.8372674910048139,-0.11404061025210865,0.9860631122086071,0.12064664485155387
1e9,440SingleComptonPlus218Single,6100,0.8427607690205515,-0.11385065534590566,0.9860589301687642,0.12048379914450358
1e9,440SingleComptonPlus218Single,6150,0.8482720127348677,-0.11366591168242257,0.9860546996567927,0.12032390684145089
1e9,440SingleComptonPlus218Single,6200,0.8538006094585252,-0.11348607271796995,0.9860504303628824,0.12016692160973448
1e9,440SingleComptonPlus218Single,6250,0.859346253248734,-0.113311036271318,0.9860461100470619,0.12001280391542973
1e9,440SingleComptonPlus218Single,6300,0.8649088933224384,-0.11314090452369674,0.986041760889637,0.11986145410859357
1e9,440SingleComptonPlus218Single,6350,0.8704878505628912,-0.11297537093141641,0.9860373618300559,0.11971288968770218
1e9,440SingleComptonPlus218Single,6400,0.8760832744407353,-0.11281433331324753,0.9860329278492086,0.11956703870689347
1e9,440SingleComptonPlus218Single,6450,0.881694377386284,-0.11265779166918999,0.9860284544311531,0.11942385790735568
1e9,440SingleComptonPlus218Single,6500,0.8873209744891886,-0.11250554163678406,0.9860239471739229,0.11928326622522063
1e9,440SingleComptonPlus218Single,6550,0.8929628515995617,-0.11235758321602984,0.9860194109920101,0.11914524170084938
1e9,440SingleComptonPlus218Single,6600,0.8986195424194994,-0.11221360986323803,0.9860148386728976,0.1190097443467697
1e9,440SingleComptonPlus218Single,6650,0.9042910938777192,-0.11207382594086801,0.9860102396418975,0.11887672054127016
1e9,440SingleComptonPlus218Single,6700,0.9099769302903562,-0.11193782272400077,0.9860056131580587,0.11874612695840524
1e9,440SingleComptonPlus218Single,6750,0.9156769735563757,-0.11180590675632551,0.9860009618627795,0.11861794059952563
1e9,440SingleComptonPlus218Single,6800,0.9213906601156391,-0.11167746495046371,0.9859962894761455,0.11849208054921975
1e9,440SingleComptonPlus218Single,6850,0.9271180175499956,-0.11155290603133428,0.985991586855398,0.11836854952263931
1e9,440SingleComptonPlus218Single,6900,0.9328585556577736,-0.1114320256364778,0.9859868586694653,0.1182473078748939
1e9,440SingleComptonPlus218Single,6950,0.93861167163956,-0.11131451722220476,0.985982114353181,0.11812830303948815
1e9,440SingleComptonPlus218Single,7000,0.9443775409515481,-0.11120038078851524,0.9859773496568248,0.1180114844456801
1e9,440SingleComptonPlus218Single,7050,0.9501558162391444,-0.11108971851663907,0.9859725737086046,0.11789684596385064
1e9,440SingleComptonPlus218Single,7100,0.9559460535209814,-0.11098232604411651,0.9859677817420501,0.11778433184148199
1e9,440SingleComptonPlus218Single,7150,0.9617479145072971,-0.11087810118971786,0.9859629740497534,0.11767389613012592
1e9,440SingleComptonPlus218Single,7200,0.9675612884751134,-0.1107769417722132,0.9859581546281548,0.11756554185507051
1e9,440SingleComptonPlus218Single,7250,0.9733859413077923,-0.11067894997283256,0.985953318748355,0.11745926113819047
1e9,440SingleComptonPlus218Single,7300,0.9792214192985076,-0.1105839214291161,0.9859484777988886,0.11735494589633803
1e9,440SingleComptonPlus218Single,7350,0.9850677772977326,-0.11049185614106394,0.9859436308158929,0.11725259721671545
1e9,440SingleComptonPlus218Single,7400,0.9909244970810035,-0.11040265192744625,0.9859387755372898,0.11715218669227175
1e9,440SingleComptonPlus218Single,7450,0.996791287849205,-0.11031620660703323,0.9859339021789933,0.1170537020452287
1e9,440SingleComptonPlus218Single,7500,1.0026678564128007,-0.11023241799859507,0.9859290380986876,0.11695708190941699
1e9,440SingleComptonPlus218Single,7550,1.0085541387969708,-0.11015138828336168,0.9859241591252637,0.11686232962256511
1e9,440SingleComptonPlus218Single,7600,1.0144496096759086,-0.11007291309887324,0.9859192844528885,0.11676940886361402
1e9,440SingleComptonPlus218Single,7650,1.0203540877635062,-0.10999699244512995,0.9859144065965001,0.11667828439151723
1e9,440SingleComptonPlus218Single,7700,1.0262673919916536,-0.1099236263221316,0.9859095265059888,0.11658895186324209
1e9,440SingleComptonPlus218Single,7750,1.032189334114833,-0.10985261036741878,0.9859046556181426,0.11650131695441714
1e9,440SingleComptonPlus218Single,7800,1.0381195042129776,-0.10978404676222131,0.9858997801147876,0.11641542528417284
1e9,440SingleComptonPlus218Single,7850,1.0440577097290564,-0.10971773114407934,0.9858949102981829,0.11633121403327125
1e9,440SingleComptonPlus218Single,7900,1.0500035290451897,-0.1096535613317633,0.9858900487250867,0.11624865789892501
1e9,440SingleComptonPlus218Single,7950,1.0559572458604018,-0.10959174168773278,0.9858851911099819,0.11616777716977159
1e9,440SingleComptonPlus218Single,8000,1.0619182029593117,-0.10953206784952796,0.985880341651943,0.11608850244563994
1e9,440SingleComptonPlus218Single,8050,1.0678862124916395,-0.10947453981714916,0.98587549860181,0.11601083830167674
1e9,440SingleComptonPlus218Single,8100,1.0738608488130614,-0.10941905540936636,0.9858706736429664,0.11593474532457035
1e9,440SingleComptonPlus218Single,8150,1.079842018763857,-0.10936541026371993,0.9858658507508731,0.11586019978180953
1e9,440SingleComptonPlus218Single,8200,1.0858296730344605,-0.10931391092389942,0.9858610477767735,0.11578718854494098
1e9,440SingleComptonPlus218Single,8250,1.0918231338793412,-0.10926425084621538,0.9858562542488614,0.11571568041816038
1e9,440SingleComptonPlus218Single,8300,1.0978226780926397,-0.10921653221189753,0.9858514752890821,0.11564564415370202
1e9,440SingleComptonPlus218Single,8350,1.1038276318826097,-0.10917055065848635,0.9858467068604123,0.11557708628237748
1e9,440SingleComptonPlus218Single,8400,1.1098380421362968,-0.10912640836721166,0.9858419527301847,0.11550999830244492
1e9,440SingleComptonPlus218Single,8450,1.1158536893076942,-0.10908390097561371,0.9858372121930997,0.11544430236001858
1e9,440SingleComptonPlus218Single,8500,1.1218742896568998,-0.10904323284615236,0.9858324908734649,0.11537999589556985
1e9,440SingleComptonPlus218Single,8550,1.1278995064084332,-0.10900419961636776,0.9858277861501361,0.1153170903662017
1e9,440SingleComptonPlus218Single,8600,1.1339288826952998,-0.1089665969238004,0.9858231074026989,0.11525553265476697
1e9,440SingleComptonPlus218Single,8650,1.1399628391972505,-0.1089307313121396,0.9858184464525991,0.11519531399948905
1e9,440SingleComptonPlus218Single,8700,1.1460005577459724,-0.10889629623769614,0.9858138123894887,0.11513640194173186
1e9,440SingleComptonPlus218Single,8750,1.1520421990799825,-0.10886339388169974,0.985809194878505,0.11507880934012829
1e9,440SingleComptonPlus218Single,8800,1.1580874499581204,-0.10883202424415028,0.985804604850391,0.1150224988111939
1e9,440SingleComptonPlus218Single,8850,1.1641359595832894,-0.10880198296258836,0.9858000399471892,0.1149674741749169
1e9,440SingleComptonPlus218Single,8900,1.1701877741839362,-0.10877337221824357,0.9857955013529558,0.11491367355449475
1e9,440SingleComptonPlus218Single,8950,1.1762422144836802,-0.10874608982988632,0.9857909872510497,0.11486111057136848
1e9,440SingleComptonPlus218Single,9000,1.1822989633753471,-0.10872013579751649,0.985786500878304,0.11480976827751442
1e9,440SingleComptonPlus218Single,9050,1.188358642542859,-0.1086956123023638,0.9857820409537469,0.11475961276395724
1e9,440SingleComptonPlus218Single,9100,1.1944202746529007,-0.10867211061950921,0.9857776102386024,0.1147106185439195
1e9,440SingleComptonPlus218Single,9150,1.2004840869650746,-0.10865003947387186,0.9857732073863524,0.11466278698988186
1e9,440SingleComptonPlus218Single,9200,1.2065498082119295,-0.10862909232176232,0.985768834393484,0.11461609665961832
1e9,440SingleComptonPlus218Single,9250,1.2126168636757237,-0.10860916698195078,0.9857644918289665,0.11457052161960748
1e9,440SingleComptonPlus218Single,9300,1.218685553523696,-0.10859046781689696,0.9857601798478027,0.11452606895177038
1e9,440SingleComptonPlus218Single,9350,1.2247553926635795,-0.10857279046414103,0.9857558899873436,0.1144827178436128
1e9,440SingleComptonPlus218Single,9400,1.230826225567371,-0.10855633928614283,0.9857516308834544,0.11444042618429488
1e9,440SingleComptonPlus218Single,9450,1.2368977936782048,-0.10854090992044263,0.9857474026793693,0.1143991848913124
1e9,440SingleComptonPlus218Single,9500,1.2429697461245632,-0.10852640018581072,0.9857432061783952,0.1143589946945991
1e9,440SingleComptonPlus218Single,9550,1.249042130223525,-0.1085129122634767,0.9857390467783455,0.11431983041083581
1e9,440SingleComptonPlus218Single,9600,1.2551146229837393,-0.10850044615344079,0.9857349155485668,0.11428166308995978
1e9,440SingleComptonPlus218Single,9650,1.2611871854084058,-0.10848879749324336,0.985730815940858,0.11424448668499501
1e9,440SingleComptonPlus218Single,9700,1.2672596662337299,-0.10847817064534382,0.9857267466764866,0.1142082989288922
1e9,440SingleComptonPlus218Single,9750,1.273331825788484,-0.10846846342851257,0.9857227130587344,0.11417306227717032
1e9,440SingleComptonPlus218Single,9800,1.2794034216265964,-0.10845957366151981,0.9857187126310424,0.11413876063806198
1e9,440SingleComptonPlus218Single,9850,1.2854737500816602,-0.10845139916313562,0.9857147491616315,0.1141053698075344
1e9,440SingleComptonPlus218Single,9900,1.291543351066177,-0.10844414429581961,0.9857108151711081,0.11407293617348524
1e9,440SingleComptonPlus218Single,9950,1.2976118995523709,-0.10843780905957179,0.9857069187658851,0.11404139476939097
1e9,440SingleComptonPlus218Single,10000,1.303678966103286,-0.10843208691070283,0.985703058668211,0.11401074214751035
5e9,440SingleComptonPlus218Single,50,0.20936614209376897,-0.6745950566510506,0.9571970435274954,0.45985161198274666
5e9,440SingleComptonPlus218Single,100,0.2593420308845833,-0.6126606876845602,0.967374022298991,0.4239223430778895
5e9,440SingleComptonPlus218Single,150,0.2960156732400036,-0.562991792963881,0.9724412135485151,0.39292741995168223
5e9,440SingleComptonPlus218Single,200,0.3246623652709728,-0.5215919804768143,0.9755682985959367,0.3662663539581553
5e9,440SingleComptonPlus218Single,250,0.34667497262790137,-0.4865569179506135,0.9776589646704513,0.34338471228929207
5e9,440SingleComptonPlus218Single,300,0.36358468964624097,-0.4565324989250258,0.9791195849462225,0.3237239251369148
5e9,440SingleComptonPlus218Single,350,0.3767181489349486,-0.4304987088868586,0.9801774199649035,0.3067627291979578
5e9,440SingleComptonPlus218Single,400,0.3870570452350631,-0.40768591835689183,0.9809701915875044,0.2920487049022202
5e9,440SingleComptonPlus218Single,450,0.3952848949140327,-0.3875110400196421,0.9815838801334147,0.27920474310643467
5e9,440SingleComptonPlus218Single,500,0.40187286621410834,-0.36952750076358754,0.9820731963385031,0.2679219303541515
5e9,440SingleComptonPlus218Single,550,0.4071521047995275,-0.353387638966304,0.9824736190788174,0.2579486347659421
5e9,440SingleComptonPlus218Single,600,0.41136358297602976,-0.338816750446706,0.9828086297759652,0.24907990955297918
5e9,440SingleComptonPlus218Single,650,0.4146902239211889,-0.32559428710761507,0.9830941107434696,0.24114840131413953
5e9,440SingleComptonPlus218Single,700,0.41727659560279573,-0.31354094122065435,0.9833410563540085,0.23401690210057757
5e9,440SingleComptonPlus218Single,750,0.4192407798026327,-0.3025090403849515,0.983557270767651,0.2275723648410694
5e9,440SingleComptonPlus218Single,800,0.4206811791709087,-0.29237502698416684,0.9837484359984734,0.22172113777547853
5e9,440SingleComptonPlus218Single,850,0.4216819593692255,-0.28303549355242497,0.9839187971861547,0.21638520169399522
5e9,440SingleComptonPlus218Single,900,0.4223149874019234,-0.27440207370979663,0.9840716093122669,0.21149913832050207
5e9,440SingleComptonPlus218Single,950,0.4226424538543971,-0.26639907155636056,0.9842094401980057,0.20700762519220028
5e9,440SingleComptonPlus218Single,1000,0.42271794840115684,-0.25896149979142835,0.984334337290479,0.2028640449347919
5e9,440SingleComptonPlus218Single,1050,0.42258792349726776,-0.2520329543427048,0.9844479648017522,0.19902872783401265
5e9,440SingleComptonPlus218Single,1100,0.4222923485878901,-0.2455642247007377,0.9845517051058199,0.19546771709615388
5e9,440SingleComptonPlus218Single,1150,0.42186578103315525,-0.23951198599840162,0.9846467274695048,0.1921516317230911
5e9,440SingleComptonPlus218Single,1200,0.4213379811484057,-0.23383847203076835,0.9847340252531939,0.18905523115580833
5e9,440SingleComptonPlus218Single,1250,0.4207342632150002,-0.22851000384452524,0.9848144400551981,0.18615668797229423
5e9,440SingleComptonPlus218Single,1300,0.4200764336775595,-0.22349698973797505,0.9848887002765822,0.18343698053014973
5e9,440SingleComptonPlus218Single,1350,0.4193830264844886,-0.21877278083058416,0.984957439505051,0.18087933622469352
5e9,440SingleComptonPlus218Single,1400,0.4186698993478905,-0.21431391629807894,0.9850212251780146,0.17846906032632406
5e9,440SingleComptonPlus218Single,1450,0.4179502677433803,-0.21009906068702588,0.985080536651368,0.17619331252607348
5e9,440SingleComptonPlus218Single,1500,0.4172355371394498,-0.20610949438502546,0.9851357984736872,0.17404070484405015
5e9,440SingleComptonPlus218Single,1550,0.41653521959875783,-0.20232813268032435,0.9851873855378492,0.17200110961556583
5e9,440SingleComptonPlus218Single,1600,0.41585721880413784,-0.19873936227175093,0.9852356332554756,0.17006549859385964
5e9,440SingleComptonPlus218Single,1650,0.41520829187264946,-0.1953294499938768,0.9852808432740728,0.16822577470011024
5e9,440SingleComptonPlus218Single,1700,0.4145938531343535,-0.19208556187662884,0.9853232778079556,0.16647468662596315
5e9,440SingleComptonPlus218Single,1750,0.41401853295458646,-0.18899625361548344,0.9853631789045744,0.16480569756628888
5e9,440SingleComptonPlus218Single,1800,0.4134859594099406,-0.1860510618463046,0.9854007521486965,0.16321291033288166
5e9,440SingleComptonPlus218Single,1850,0.4129992343530283,-0.1832404224003117,0.9854361947634207,0.1616909792852797
5e9,440SingleComptonPlus218Single,1900,0.41256069942981094,-0.1805555885590474,0.9854696744276907,0.16023506454121927
5e9,440SingleComptonPlus218Single,1950,0.412172095921965,-0.17798838581928045,0.9855013462962436,0.1588407542108401
5e9,440SingleComptonPlus218Single,2000,0.41183503152038486,-0.1755315388731351,0.9855313499329033,0.1575040233762162
5e9,440SingleComptonPlus218Single,2050,0.4115504852372403,-0.17317842637299408,0.9855598087779339,0.15622119664622433
5e9,440SingleComptonPlus218Single,2100,0.41131916078466324,-0.17092259046130454,0.9855868376113579,0.15498891072880944
5e9,440SingleComptonPlus218Single,2150,0.41114149953307755,-0.1687583089858048,0.985612537271142,0.15380406765154161
5e9,440SingleComptonPlus218Single,2200,0.4110178041641996,-0.16668035026442685,0.985637004833687,0.15266382500132253
5e9,440SingleComptonPlus218Single,2250,0.4109480917902596,-0.16468372785019958,0.9856603214553219,0.15156555951385153
5e9,440SingleComptonPlus218Single,2300,0.4109322720086217,-0.1627638640213136,0.9856825664142144,0.15050686162752813
5e9,440SingleComptonPlus218Single,2350,0.4109700562377139,-0.16091650803608848,0.9857038075169339,0.14948549927299726
5e9,440SingleComptonPlus218Single,2400,0.4110611184611605,-0.15913781787800574,0.9857241091679397,0.14849939262201722
5e9,440SingleComptonPlus218Single,2450,0.41120500620624123,-0.15742403327557897,0.9857435323576685,0.14754662751362774
5e9,440SingleComptonPlus218Single,2500,0.41140125012853934,-0.15577180268248336,0.9857621289411009,0.14662541999070264
5e9,440SingleComptonPlus218Single,2550,0.41164915463565216,-0.1541778562974263,0.98577994915874,0.14573411357184746
5e9,440SingleComptonPlus218Single,2600,0.41194819783100317,-0.15263933304427701,0.9857970397397171,0.14487116983448986
5e9,440SingleComptonPlus218Single,2650,0.4122975891162584,-0.15115337184690458,0.985813437417382,0.14403514944475215
5e9,440SingleComptonPlus218Single,2700,0.4126965326535433,-0.1497173568642749,0.9858291858194744,0.1432247077026301
5e9,440SingleComptonPlus218Single,2750,0.41314441786384926,-0.14832891749045085,0.9858443162642113,0.14243860131934033
5e9,440SingleComptonPlus218Single,2800,0.4136404103090926,-0.14698568311949567,0.9858588649384281,0.14167564866907237
5e9,440SingleComptonPlus218Single,2850,0.41418384124027613,-0.14568569187063352,0.9858728623580789,0.140934759547643
5e9,440SingleComptonPlus218Single,2900,0.4147736664282522,-0.14442657313792762,0.9858863333813526,0.1402148969211412
5e9,440SingleComptonPlus218Single,2950,0.4154093862709799,-0.14320685551079615,0.9858993066199768,0.13951509243164573
5e9,440SingleComptonPlus218Single,3000,0.41608990951767916,-0.14202441361839913,0.9859118057532493,0.138834450901745
5e9,440SingleComptonPlus218Single,3050,0.4168145210284631,-0.14087777605015495,0.985923853031271,0.13817212169601295
5e9,440SingleComptonPlus218Single,3100,0.4175824285470068,-0.1397653896504495,0.9859354700609532,0.13752730056615706
5e9,440SingleComptonPlus218Single,3150,0.41839267459882923,-0.13868553777360437,0.9859466776484566,0.1368992241529163
5e9,440SingleComptonPlus218Single,3200,0.419244500931994,-0.1376369942441349,0.985957494886207,0.13628719845251563
5e9,440SingleComptonPlus218Single,3250,0.4201371327052763,-0.13661828765145934,0.985967935521806,0.1356905370567108
5e9,440SingleComptonPlus218Single,3300,0.42106975651113887,-0.13562843705519,0.9859780161789318,0.13510862993890116
5e9,440SingleComptonPlus218Single,3350,0.42204142183718535,-0.13466597104474531,0.9859877552239544,0.1345408629230521
5e9,440SingleComptonPlus218Single,3400,0.4230513829993731,-0.13372982693470514,0.9859971696177187,0.13398666652006067
5e9,440SingleComptonPlus218Single,3450,0.4240988525657679,-0.1328189420396495,0.9860062650089487,0.13344551983297068
5e9,440SingleComptonPlus218Single,3500,0.4251829938385247,-0.13193233541919058,0.98601505814851,0.13291692655626774
5e9,440SingleComptonPlus218Single,3550,0.4263030219559763,-0.1310690261329407,0.9860235627303006,0.13240038192584966
5e9,440SingleComptonPlus218Single,3600,0.42745809538426344,-0.13022819673057662,0.9860317889600358,0.13189544358164018
5e9,440SingleComptonPlus218Single,3650,0.4286475782341541,-0.12940886627171078,0.9860397464582042,0.13140170042754068
5e9,440SingleComptonPlus218Single,3700,0.4298705422684184,-0.12861021730601985,0.98604744720686,0.13091872038777927
5e9,440SingleComptonPlus218Single,3750,0.43112623747876516,-0.12783159587324544,0.9860548994487595,0.1304461279097876
5e9,440SingleComptonPlus218Single,3800,0.4324139363474801,-0.12707210277803216,0.9860621120368139,0.12998355633401068
5e9,440SingleComptonPlus218Single,3850,0.43373303463569585,-0.1263310840601214,0.9860690969339685,0.12953065791759832
5e9,440SingleComptonPlus218Single,3900,0.4350824628212873,-0.12560788575925474,0.986075859606853,0.12908709287085238
5e9,440SingleComptonPlus218Single,3950,0.43646161580702636,-0.12490193566020591,0.9860824074985864,0.12865254833608217
5e9,440SingleComptonPlus218Single,4000,0.4378698553471236,-0.1242124980576842,0.986088750185362,0.1282267103159236
5e9,440SingleComptonPlus218Single,4050,0.4393062993482397,-0.1235390007364634,0.9860948940599874,0.12780931017488517
5e9,440SingleComptonPlus218Single,4100,0.4407704706505678,-0.12288111671641422,0.9861008472485122,0.12740006366373005
5e9,440SingleComptonPlus218Single,4150,0.44226132664195833,-0.12223794680218125,0.9861066133258268,0.1269987249162293
5e9,440SingleComptonPlus218Single,4200,0.4437784805426349,-0.1216092457586676,0.9861121963029092,0.12660502350773917
5e9,440SingleComptonPlus218Single,4250,0.44532109279510773,-0.12099460486071156,0.9861176062715614,0.12621873993836807
5e9,440SingleComptonPlus218Single,4300,0.44688853142489815,-0.12039328840302255,0.9861228520391597,0.12583962385805258
5e9,440SingleComptonPlus218Single,4350,0.4484800881164869,-0.11980505115050344,0.9861279354394804,0.12546747554105075
5e9,440SingleComptonPlus218Single,4400,0.4500951681954462,-0.11922932088792804,0.9861328591901657,0.12510207992054004
5e9,440SingleComptonPlus218Single,4450,0.4517331121149087,-0.11866585238019955,0.9861376360926483,0.12474322988429727
5e9,440SingleComptonPlus218Single,4500,0.4533931823975158,-0.11811415515712398,0.9861422653152985,0.1243907475220159
5e9,440SingleComptonPlus218Single,4550,0.4550748184853549,-0.11757390223857223,0.9861467465443464,0.12404446589601781
5e9,440SingleComptonPlus218Single,4600,0.45677722895657685,-0.11704476664441488,0.9861510944201244,0.12370419359838136
5e9,440SingleComptonPlus218Single,4650,0.4585001322671402,-0.11652642139452274,0.9861553052861297,0.12336975997692143
5e9,440SingleComptonPlus218Single,4700,0.4602427415784907,-0.11601845776373432,0.9861593867217543,0.12304100135350733
5e9,440SingleComptonPlus218Single,4750,0.46200440518455765,-0.1155205487719202,0.9861633468380516,0.12271775626156678
5e9,440SingleComptonPlus218Single,4800,0.46378464962144655,-0.115032530929016,0.9861671815418743,0.12239989966566146
5e9,440SingleComptonPlus218Single,4850,0.46558296261166543,-0.1145540772548922,0.9861708933981741,0.12208728249804812
5e9,440SingleComptonPlus218Single,4900,0.46739860385316156,-0.11408477902438752,0.9861744951927089,0.12177976331760569
5e9,440SingleComptonPlus218Single,4950,0.4692310515778962,-0.11362455449246944,0.9861779855336916,0.12147719125085471
5e9,440SingleComptonPlus218Single,5000,0.47107988831100067,-0.11317299493397637,0.9861813679618003,0.12117946153613536
5e9,440SingleComptonPlus218Single,5050,0.4729445518230548,-0.11272985511381162,0.9861846449337169,0.12088643822526338
5e9,440SingleComptonPlus218Single,5100,0.47482438314476,-0.11229505328694256,0.9861878202790737,0.12059801691031809
5e9,440SingleComptonPlus218Single,5150,0.4767189591644687,-0.11186834421827252,0.9861908939067277,0.120314090134377
5e9,440SingleComptonPlus218Single,5200,0.4786277222487075,-0.11144931918263978,0.9861938721829786,0.12003453679013362
5e9,440SingleComptonPlus218Single,5250,0.48055028982102227,-0.11103789643501216,0.9861967547560444,0.11975925397721988
5e9,440SingleComptonPlus218Single,5300,0.4824863735467621,-0.11063391248532495,0.9861995470552382,0.1194881344258389
5e9,440SingleComptonPlus218Single,5350,0.4844351365027986,-0.11023704035344883,0.9862022517806919,0.11922108697319961
5e9,440SingleComptonPlus218Single,5400,0.4863963801064542,-0.10984719829435163,0.9862048681671303,0.11895801787438709
5e9,440SingleComptonPlus218Single,5450,0.48836930934412454,-0.10946430456300094,0.9862074012165167,0.11869884240075845
5e9,440SingleComptonPlus218Single,5500,0.4903536844728471,-0.10908795043423525,0.9862098493839708,0.11844344872665812
5e9,440SingleComptonPlus218Single,5550,0.4923489843754944,-0.10871813590805446,0.9862122207278616,0.11819177176731611
5e9,440SingleComptonPlus218Single,5600,0.4943549200376983,-0.10835461574936178,0.9862145133939333,0.11794371941847914
5e9,440SingleComptonPlus218Single,5650,0.4963706506527532,-0.10799730821312481,0.9862167311744381,0.11769921845562102
5e9,440SingleComptonPlus218Single,5700,0.4983962984554851,-0.10764604980927905,0.9862188719791746,0.11745819587030587
5e9,440SingleComptonPlus218Single,5750,0.5004311144096878,-0.10730051355769499,0.9862209419237506,0.11722057021898258
5e9,440SingleComptonPlus218Single,5800,0.5024748983747,-0.10696078120340524,0.9862229420304484,0.11698627718004788
5e9,440SingleComptonPlus218Single,5850,0.5045274042049894,-0.1066266075113127,0.9862248722471382,0.11675522111614495
5e9,440SingleComptonPlus218Single,5900,0.5065881110054149,-0.10629791073638506,0.9862267369617588,0.11652735504871006
5e9,440SingleComptonPlus218Single,5950,0.5086565888459064,-0.10597452738855762,0.9862285352350687,0.11630261689249602
5e9,440SingleComptonPlus218Single,6000,0.5107325909763297,-0.10565637572279829,0.9862302691605509,0.11608092859379382
5e9,440SingleComptonPlus218Single,6050,0.5128156854245871,-0.10534321050400997,0.9862319427121464,0.1158622338938691
5e9,440SingleComptonPlus218Single,6100,0.5149056739403121,-0.10503519522225735,0.9862335553617998,0.11564648089383685
5e9,440SingleComptonPlus218Single,6150,0.51700212272584,-0.10473200289741114,0.9862351066487045,0.11543360066252777
5e9,440SingleComptonPlus218Single,6200,0.519104369277874,-0.10443338829437443,0.9862366012171263,0.11522354648235562
5e9,440SingleComptonPlus218Single,6250,0.5212126283270782,-0.10413959664824413,0.986238034221139,0.1150162710769537
5e9,440SingleComptonPlus218Single,6300,0.523326007307296,-0.10385030097889092,0.9862394164646789,0.11481168394370601
5e9,440SingleComptonPlus218Single,6350,0.5254445763342306,-0.10356541954128262,0.9862407428863667,0.1146097629090382
5e9,440SingleComptonPlus218Single,6400,0.5275680401733546,-0.10328487059038693,0.986242016739536,0.11441045792431424
5e9,440SingleComptonPlus218Single,6450,0.5296961033310826,-0.10300857238117145,0.9862432378143694,0.1142136948506142
5e9,440SingleComptonPlus218Single,6500,0.5318283333794931,-0.10273644316860386,0.9862444106511311,0.1140194504677793
5e9,440SingleComptonPlus218Single,6550,0.5339649353025648,-0.102468401207652,0.9862455307794115,0.11382767076054845
5e9,440SingleComptonPlus218Single,6600,0.5361052904348023,-0.10220428300825102,0.9862466060339146,0.11363829170648439
5e9,440SingleComptonPlus218Single,6650,0.5382490594217527,-0.10194408857040105,0.9862476323420283,0.11345129137544845
5e9,440SingleComptonPlus218Single,6700,0.540396036216295,-0.10168773614906979,0.9862486105275854,0.11326662478216322
5e9,440SingleComptonPlus218Single,6750,0.5425461507691711,-0.10143514399922482,0.9862495412203783,0.11308424414097601
5e9,440SingleComptonPlus218Single,6800,0.544698968616864,-0.10118623037583396,0.9862504286364743,0.11290412722780405
5e9,440SingleComptonPlus218Single,6850,0.5468543732945711,-0.1009409135338648,0.986251271738597,0.11272621394145121
5e9,440SingleComptonPlus218Single,6900,0.5490121978400355,-0.10069902998325286,0.9862520732962484,0.11255047448986728
5e9,440SingleComptonPlus218Single,6950,0.5511721515987339,-0.10046066146903021,0.9862528295285766,0.1123768686312913
5e9,440SingleComptonPlus218Single,7000,0.5533335671221885,-0.10022564450113247,0.9862535476442694,0.11220535688124464
5e9,440SingleComptonPlus218Single,7050,0.5554967449342938,-0.09999406082459183,0.9862542236978156,0.11203590937618291
5e9,440SingleComptonPlus218Single,7100,0.5576613696663791,-0.099765583459279,0.9862548622044731,0.11186847507361838
5e9,440SingleComptonPlus218Single,7150,0.5598275188721021,-0.09954037589525866,0.9862554596869887,0.11170302981488056
5e9,440SingleComptonPlus218Single,7200,0.5619947499510581,-0.09931827464246623,0.9862560173967817,0.11153955737307576
5e9,440SingleComptonPlus218Single,7250,0.5641629030469667,-0.09909927970090171,0.9862565405386223,0.11137799315526839
5e9,440SingleComptonPlus218Single,7300,0.5663314435835063,-0.09888322758050028,0.9862570249916139,0.111218317172668
5e9,440SingleComptonPlus218Single,7350,0.5685005347760421,-0.09867020002629456,0.9862574723950912,0.11106050549052676
5e9,440SingleComptonPlus218Single,7400,0.5706701399133641,-0.09846003354821964,0.9862578852276345,0.11090452043349565
5e9,440SingleComptonPlus218Single,7450,0.5728397353764562,-0.09825272814627573,0.9862582635072378,0.11075032683190138
5e9,440SingleComptonPlus218Single,7500,0.575009606914078,-0.09804820207543041,0.9862586063170437,0.11059789937685985
5e9,440SingleComptonPlus218Single,7550,0.5771794572546245,-0.09784645533568381,0.9862589175813048,0.11044722578135029
5e9,440SingleComptonPlus218Single,7600,0.5793492086830033,-0.0976474061820034,0.9862591930544169,0.11029826371183324
5e9,440SingleComptonPlus218Single,7650,0.5815185489538247,-0.0974508911243247,0.9862594372588608,0.11015098370281981
5e9,440SingleComptonPlus218Single,7700,0.5836872853808222,-0.0972570736527123,0.9862596489819478,0.11000538094800427
5e9,440SingleComptonPlus218Single,7750,0.5858553847516015,-0.0970658720221339,0.9862598295112504,0.10986139950014935
5e9,440SingleComptonPlus218Single,7800,0.5880224430636874,-0.0968771227425248,0.9862599791543106,0.10971902849608761
5e9,440SingleComptonPlus218Single,7850,0.5901884704577947,-0.09669074406885281,0.9862600971787333,0.10957824693548078
5e9,440SingleComptonPlus218Single,7900,0.5923535013333997,-0.09650689949118252,0.9862601870445806,0.1094390167336259
5e9,440SingleComptonPlus218Single,7950,0.594516805194777,-0.09632534377441704,0.9862602472291786,0.10930131240433442
5e9,440SingleComptonPlus218Single,8000,0.5966790865649849,-0.09614615866358844,0.9862602795725601,0.1091651082712807
5e9,440SingleComptonPlus218Single,8050,0.5988398657365289,-0.09596934415869707,0.986260282960651,0.10903041298246871
5e9,440SingleComptonPlus218Single,8100,0.6009992327294283,-0.09579473676967798,0.9862602588251844,0.10889718593735206
5e9,440SingleComptonPlus218Single,8150,0.6031567974245883,-0.0956223364965314,0.9862602039340485,0.10876539713451731
5e9,440SingleComptonPlus218Single,8200,0.6053128834278209,-0.09545206159422504,0.9862601274690119,0.10863503179452283
5e9,440SingleComptonPlus218Single,8250,0.6074670292406601,-0.09528407555282326,0.9862600222710518,0.10850607482224928
5e9,440SingleComptonPlus218Single,8300,0.6096193129196417,-0.09511813313722939,0.9862598901824856,0.1083784975559144
5e9,440SingleComptonPlus218Single,8350,0.6117694791045425,-0.09495423434744321,0.9862597305377628,0.1082522870165817
5e9,440SingleComptonPlus218Single,8400,0.6139175086431197,-0.09479246092849725,0.9862595477265143,0.10812741303017592
5e9,440SingleComptonPlus218Single,8450,0.6160633968497864,-0.09463264939032678,0.9862593419757765,0.10800385791027256
5e9,440SingleComptonPlus218Single,8500,0.618207294216332,-0.09447479973293171,0.9862591101616819,0.10788160875345616
5e9,440SingleComptonPlus218Single,8550,0.6203485387804203,-0.09431891195631226,0.9862588521780518,0.10776064819890638
5e9,440SingleComptonPlus218Single,8600,0.6224873263098012,-0.0941649860604683,0.9862585716283256,0.10764093492683856
5e9,440SingleComptonPlus218Single,8650,0.6246235592346355,-0.09401285855533514,0.9862582706292203,0.10752247577242198
5e9,440SingleComptonPlus218Single,8700,0.626756947251686,-0.09386261118594519,0.9862579450256977,0.10740523801459884
5e9,440SingleComptonPlus218Single,8750,0.6288876287247314,-0.09371416220726603,0.9862575957425039,0.10728921217082016
5e9,440SingleComptonPlus218Single,8800,0.6310158431237026,-0.09356751161929788,0.9862572255843363,0.10717438405683237
5e9,440SingleComptonPlus218Single,8850,0.6331411985513473,-0.09342265942204053,0.986256832619965,0.10706074607210933
5e9,440SingleComptonPlus218Single,8900,0.6352635615975974,-0.09327952387046168,0.9862564209624605,0.10694827195193948
5e9,440SingleComptonPlus218Single,8950,0.6373831834671395,-0.09313818670959384,0.9862559847085428,0.10683696337100904
5e9,440SingleComptonPlus218Single,9000,0.6394995121442993,-0.09299848444937209,0.9862555284807346,0.10672677861471609
5e9,440SingleComptonPlus218Single,9050,0.6416128309319581,-0.09286041708979664,0.9862550500045717,0.1066176992157317
5e9,440SingleComptonPlus218Single,9100,0.6437233778772795,-0.0927239846308675,0.9862545563353767,0.10650971890681205
5e9,440SingleComptonPlus218Single,9150,0.6458306251222354,-0.09258918707258457,0.9862540434979447,0.10640281313985395
5e9,440SingleComptonPlus218Single,9200,0.6479346489485083,-0.09245586092488323,0.9862535059178955,0.10629699305433146
5e9,440SingleComptonPlus218Single,9250,0.650035636634929,-0.09232425142286049,0.9862529510855806,0.10619224542107897
5e9,440SingleComptonPlus218Single,9300,0.6521335466242126,-0.09219403158638706,0.9862523773199054,0.10608853913684303
5e9,440SingleComptonPlus218Single,9350,0.6542283414970215,-0.09206544665055982,0.9862517880749082,0.10598583635616989
5e9,440SingleComptonPlus218Single,9400,0.6563193305860586,-0.0919383331253143,0.9862511828825737,0.10588415540006399
5e9,440SingleComptonPlus218Single,9450,0.6584068856885689,-0.09181269101065026,0.9862505545923317,0.10578350694603794
5e9,440SingleComptonPlus218Single,9500,0.6604914539144959,-0.09168843856153563,0.9862499106427183,0.1056838474944041
5e9,440SingleComptonPlus218Single,9550,0.6625723408088277,-0.09156565752300261,0.9862492473636881,0.10558514309293697
5e9,440SingleComptonPlus218Single,9600,0.664649753277428,-0.09144418440498658,0.9862485697283115,0.10548739713147534
5e9,440SingleComptonPlus218Single,9650,0.6667240015631556,-0.09132418269755216,0.9862478761711244,0.10539061335276971
5e9,440SingleComptonPlus218Single,9700,0.6687945870928588,-0.09120557065566703,0.986247166289127,0.10529477543684795
5e9,440SingleComptonPlus218Single,9750,0.6708616403369337,-0.09108826653429891,0.9862464390208571,0.10519989928423659
5e9,440SingleComptonPlus218Single,9800,0.6729249018077871,-0.09097227033344779,0.986245695898532,0.10510593759291183
5e9,440SingleComptonPlus218Single,9850,0.674984307680771,-0.09085766379814597,0.9862449383321079,0.10501285637551833
5e9,440SingleComptonPlus218Single,9900,0.6770403474077163,-0.09074436518336115,0.9862441683930275,0.10492066517652572
5e9,440SingleComptonPlus218Single,9950,0.6790923985221011,-0.09063212925399644,0.9862433846884161,0.10482936430638876
5e9,440SingleComptonPlus218Single,10000,0.6811409392836361,-0.09052128299018103,0.9862425777875019,0.1047389643104024
