view,input_row,full_circle_q,inside_centres_q,inside_plus_centroids_q,full_best_in_ellipse,full_best_object_index,measured_e1_keV,measured_sum_keV
1,28,0.00011067846702185467,0.00033289154075098867,0.00010620584279925523,False,79109,238.197998046875,466.0890197753906
1,366,0.014016482180669504,0.22546437011495052,0.21615762875582423,False,131914,244.45399475097656,367.20599365234375
1,803,8.412040437239061e-05,0.00010719237465034668,0.00010719237465034668,False,88196,63.57319641113281,459.3241882324219
1,834,5.6877497769437124e-05,5.6877497769437124e-05,5.6877497769437124e-05,True,40618,79.34880065917969,481.4107971191406
1,1457,5.6750283635387425e-05,5.6750283635387425e-05,5.6750283635387425e-05,True,73173,115.39199829101562,438.95098876953125
1,1593,1.586514964788124e-05,1.586514964788124e-05,1.586514964788124e-05,True,40241,108.46099853515625,414.7090148925781
1,1603,3.167707369488759e-05,3.167707369488759e-05,3.167707369488759e-05,True,76084,112.35600280761719,463.1720275878906
1,2331,1.4082447584200365e-05,1.4082447584200365e-05,1.4082447584200365e-05,True,73011,190.50698852539062,461.8789978027344
1,2721,8.947742962993917e-05,0.00012415693912152314,0.00012415693912152314,False,39297,90.71979522705078,426.2577819824219
1,3271,5.524695786177148e-06,5.524695786177148e-06,5.524695786177148e-06,True,67661,53.878299713134766,465.2742919921875
1,3276,1.7256458684751292e-05,1.7256458684751292e-05,1.7256458684751292e-05,True,11490,249.4910125732422,393.0360107421875
1,3540,2.604031575406626e-06,2.604031575406626e-06,2.604031575406626e-06,True,80057,267.9320068359375,436.37298583984375
1,3819,7.362017338627867e-06,7.362017338627867e-06,7.362017338627867e-06,True,87022,136.9409942626953,491.4280090332031
1,3993,2.3173925698176662e-07,2.3173925698176662e-07,2.3173925698176662e-07,True,30898,261.2099914550781,437.9570007324219
1,5149,1.4350270149867967e-05,1.4350270149867967e-05,1.4350270149867967e-05,True,53006,60.01169967651367,411.5406799316406
1,5537,0.0001700575923516153,0.12506283039980204,0.12420005473185153,False,23000,265.0010070800781,428.37799072265625
1,8043,9.900804930106279e-06,9.900804930106279e-06,9.900804930106279e-06,True,25473,258.6910095214844,411.0740051269531
1,9997,9.294735112202894e-06,2.682652106342535e-05,2.682652106342535e-05,False,108917,223.20599365234375,400.5730285644531
1,10080,0.00018044148679345813,0.00031807551567325564,0.00031807551567325564,False,51279,78.4822998046875,381.3822937011719
1,10221,6.9504038212752e-06,4.362556062095775e-05,4.362556062095775e-05,False,38531,56.98670196533203,418.71966552734375
1,10988,1.2057715181490418e-05,1.2057715181490418e-05,1.2057715181490418e-05,True,82934,133.93600463867188,480.3100280761719
1,11119,7.380645518689904e-06,7.380645518689904e-06,6.149105393908969e-06,True,26808,245.14498901367188,451.56597900390625
1,11359,3.961543761892392e-06,3.961543761892392e-06,3.961543761892392e-06,True,11165,156.66200256347656,453.9170227050781
1,11852,0.044973520260192516,0.2582372831905965,0.252559682657867,False,3208,277.2550048828125,409.2090148925781
1,11981,5.868845412996072e-05,5.868845412996072e-05,5.868845412996072e-05,True,60851,120.49400329589844,446.1449890136719
1,12106,5.903064931227461e-05,5.903064931227461e-05,5.903064931227461e-05,True,13435,147.77099609375,448.8450012207031
1,12223,5.073349742248705e-06,5.073349742248705e-06,5.073349742248705e-06,True,73488,93.2041015625,416.5941162109375
1,12584,2.6232554555431963e-05,2.6232554555431963e-05,2.6232554555431963e-05,True,57757,97.63259887695312,470.6776123046875
1,13410,2.8342351159892408e-05,2.8342351159892408e-05,2.8342351159892408e-05,True,129026,121.27899932861328,440.16998291015625
1,13602,4.21955581989494e-05,6.0016912076490684e-05,6.0016912076490684e-05,False,78335,234.41000366210938,422.3110046386719
1,13872,6.396317896207072e-05,7.340526088334488e-05,7.340526088334488e-05,False,121421,144.6129913330078,476.9380187988281
1,14304,7.670046391049574e-07,2.139156202394255e-05,2.139156202394255e-05,False,9755,201.55699157714844,413.89501953125
1,14687,2.3346255623970716e-08,2.3346255623970716e-08,2.3346255623970716e-08,True,103015,220.6909942626953,432.572998046875
1,16838,1.4298609108753166e-06,1.4298609108753166e-06,1.4298609108753166e-06,True,87162,230.593994140625,440.80902099609375
1,17194,9.780991541098826e-06,1.0317482542984846e-05,1.0317482542984846e-05,False,69158,58.775299072265625,458.7483215332031
1,17349,4.196084966327105e-05,4.196084966327105e-05,4.196084966327105e-05,True,370,89.88140106201172,390.62237548828125
1,17963,6.480464598031504e-05,0.00012623145779108337,0.00010581676994863254,False,91418,246.07699584960938,428.12799072265625
1,18141,9.166276659443745e-06,9.166276659443745e-06,9.166276659443745e-06,True,125651,101.06500244140625,524.8500366210938
1,18901,6.436476654353631e-06,0.00012649290152934274,0.00012649290152934274,False,61224,95.80419921875,504.1391906738281
1,19355,2.8134617457548674e-07,4.475334808286179e-07,4.475334808286179e-07,False,124240,263.9309997558594,434.9020080566406
1,19736,2.4943493028193165e-07,2.4943493028193165e-07,2.4943493028193165e-07,True,27648,268.7770080566406,458.7840270996094
1,21606,4.879319092304646e-05,0.0003404831051485024,7.223230436397735e-05,False,38179,79.41950225830078,463.54449462890625
1,22054,1.4086499951819004e-05,1.4086499951819004e-05,1.4086499951819004e-05,True,86925,252.62698364257812,437.76397705078125
1,23420,7.363578279894419e-07,2.0798660743947366e-05,2.0798660743947366e-05,False,25613,268.2850036621094,444.2460021972656
1,23599,5.177368716204093e-06,5.177368716204093e-06,5.177368716204093e-06,True,117203,241.57301330566406,483.2460021972656
1,24493,2.4532361045747988e-05,2.4532361045747988e-05,2.4532361045747988e-05,True,60325,104.72799682617188,408.81298828125
1,24970,2.2632854891811404e-05,4.379718966512827e-05,4.379718966512827e-05,False,78063,101.10200500488281,408.3110046386719
1,24972,1.0602854269398538e-05,1.0602854269398538e-05,1.0602854269398538e-05,True,33322,227.76300048828125,455.46099853515625
1,25256,5.5986755347852875e-06,5.5986755347852875e-06,5.5986755347852875e-06,True,60415,118.55000305175781,388.0920104980469
1,25509,5.933067975808171e-05,7.716436377202942e-05,7.716436377202942e-05,False,114699,186.5279998779297,435.14801025390625
1,25579,5.346639824640529e-06,1.0813708870104662e-05,1.0813708870104662e-05,False,38826,224.19700622558594,427.8979797363281
1,26326,0.28379378581281195,0.3870975325717708,0.3870975325717708,False,3170,248.27200317382812,417.5069885253906
1,26620,1.1072931045432045e-05,1.1072931045432045e-05,1.1072931045432045e-05,True,72127,223.79200744628906,440.43798828125
1,26727,9.46269211412042e-07,2.638514465246902e-05,2.638514465246902e-05,False,16482,254.343994140625,432.7249755859375
1,27008,1.3299464874095996e-05,1.3299464874095996e-05,1.3299464874095996e-05,True,24778,249.36099243164062,450.1609802246094
1,28123,2.0458705687585478e-05,2.0458705687585478e-05,2.0458705687585478e-05,True,63109,132.48098754882812,472.52398681640625
1,28169,3.3140332873574134e-05,4.053962966020176e-05,4.053962966020176e-05,False,105467,240.50999450683594,460.6910095214844
1,28284,2.506868296435319e-05,2.506868296435319e-05,2.506868296435319e-05,True,56524,134.47499084472656,427.28497314453125
1,28700,2.94408069587508e-06,2.94408069587508e-06,2.94408069587508e-06,True,76664,255.67901611328125,394.885009765625
1,28913,3.8084917867001226e-05,7.319875853136275e-05,6.540113409022551e-06,False,124465,57.17639923095703,426.8064270019531
1,29019,2.9837685286794875e-08,9.195826117302036e-06,9.195826117302036e-06,False,22580,249.6110076904297,450.7619934082031
1,30435,5.665215957349786e-05,0.0001687372073885561,0.0001687372073885561,False,9119,229.5540008544922,475.8539733886719
1,30654,3.395107403832898e-05,3.395107403832898e-05,3.395107403832898e-05,True,54383,188.98199462890625,452.9939880371094
1,30719,8.559895936972714e-06,8.559895936972714e-06,8.559895936972714e-06,True,46813,251.47500610351562,440.29998779296875
2,716,6.191613459523584e-05,6.191613459523584e-05,6.191613459523584e-05,True,54088,168.00099182128906,470.34600830078125
2,858,9.213124259248651e-05,0.00017824845730992912,0.00017824845730992912,False,102269,273.8170166015625,406.9070129394531
2,1917,6.823670953238526e-06,6.823670953238526e-06,6.823670953238526e-06,True,23779,157.03700256347656,412.239013671875
2,2573,2.43093916703323,2.8087040534611845,2.8087040534611845,False,131960,144.3109893798828,420.4930114746094
2,4291,6.742542117521448e-06,6.742542117521448e-06,6.742542117521448e-06,True,60425,93.3021011352539,439.84808349609375
2,4494,1.0602245342227621e-05,1.0602245342227621e-05,1.0602245342227621e-05,True,73633,50.91400146484375,440.5660095214844
2,5288,6.744237990819654e-06,6.744237990819654e-06,6.744237990819654e-06,True,74924,58.73550033569336,421.8354797363281
2,5970,2.5117722101968166e-06,5.4037670860188525e-06,5.4037670860188525e-06,False,118545,181.2790069580078,437.00799560546875
2,6041,5.012419963135691e-05,6.425277162856845e-05,6.425277162856845e-05,False,130606,112.9469985961914,436.4119873046875
2,6793,0.020707187996678356,0.29406928771695895,0.28270257789336817,False,3216,239.30099487304688,374.86700439453125
2,7734,9.567245860303757e-05,0.0001413778252695624,0.0001413778252695624,False,81074,123.34000396728516,393.24603271484375
2,8528,1.0881333924581333e-05,1.0881333924581333e-05,1.0881333924581333e-05,True,86964,125.8320083618164,442.35003662109375
2,8671,6.751231074823942e-06,6.751231074823942e-06,6.751231074823942e-06,True,69589,195.99899291992188,455.7239990234375
2,8819,2.484888876087134e-07,8.750740969511818e-06,8.750740969511818e-06,False,131791,258.0179748535156,401.25799560546875
2,9177,4.110379294984309e-05,7.50289182578309e-05,7.50289182578309e-05,False,130699,202.51199340820312,442.4119873046875
2,9645,0.00016928776654514388,0.2801224398608882,0.2652922203681551,False,82127,237.96400451660156,386.8030090332031
2,10096,8.990342141740898e-06,8.990342141740898e-06,8.990342141740898e-06,True,109644,100.17900085449219,405.0199890136719
2,10472,1.6918002482370832e-05,1.6918002482370832e-05,1.6918002482370832e-05,True,59836,233.72801208496094,425.3940124511719
2,10511,1.0582338035514464e-06,7.778485904200008e-06,7.778485904200008e-06,False,95140,100.47999572753906,445.7979736328125
2,10593,8.356925119269826e-06,2.2756230008625912e-05,2.2756230008625912e-05,False,130833,247.75999450683594,415.6249694824219
2,11382,7.232953459304551e-05,0.00010075992324702935,0.00010075992324702935,False,61021,86.3114013671875,392.9114074707031
2,11711,2.6661519256088584e-05,2.6661519256088584e-05,2.6661519256088584e-05,True,69759,152.42999267578125,417.4620056152344
2,12076,6.274462868667524e-05,0.00019856695571691518,0.00019856695571691518,False,107672,109.60199737548828,426.2760009765625
2,12946,1.0478831708094502e-05,2.495740978071334e-05,3.2419303898649408e-06,False,84452,255.51199340820312,415.86297607421875
2,13381,1.4112340091604551e-05,0.00011544559192559527,3.21631988151943e-05,False,41892,53.211299896240234,419.39630126953125
2,13418,9.737621227520899e-06,9.737621227520899e-06,9.737621227520899e-06,True,28148,111.5479965209961,421.30499267578125
2,13850,1.6780981043865498e-06,5.347849748272246e-05,5.347849748272246e-05,False,121624,218.4459991455078,432.875
2,13999,4.310761038934877e-06,4.310761038934877e-06,4.310761038934877e-06,True,123713,119.81999969482422,451.1419982910156
2,14117,1.839275842421518e-05,1.839275842421518e-05,1.839275842421518e-05,True,102382,172.35000610351562,453.29998779296875
2,14299,3.090290411773969e-05,3.090290411773969e-05,3.090290411773969e-05,True,21382,89.85649871826172,436.3155212402344
2,14336,7.394609997415051e-06,7.394609997415051e-06,7.394609997415051e-06,True,110714,163.468994140625,498.00299072265625
2,15044,1.1768447229668946e-05,1.1768447229668946e-05,1.1768447229668946e-05,True,86508,169.8070068359375,418.47802734375
2,15246,4.570956058171504e-06,4.570956058171504e-06,4.570956058171504e-06,True,90693,242.00599670410156,442.63201904296875
2,15537,6.045344116999399e-06,1.3894778706655765e-05,1.3894778706655765e-05,False,4754,271.9779968261719,417.7539978027344
2,15652,3.5050071188276985e-05,3.5050071188276985e-05,3.5050071188276985e-05,True,1136,245.15899658203125,465.7359924316406
2,16022,9.141732130861769e-06,9.992975474609165e-05,9.992975474609165e-05,False,98567,119.46199798583984,491.3929748535156
2,16023,8.88322811486889e-06,8.88322811486889e-06,8.88322811486889e-06,True,30533,265.2649841308594,438.0889892578125
2,16110,7.795023071811032e-05,0.00017216640534722144,0.00017216640534722144,False,38014,157.2570037841797,462.1270446777344
2,16750,6.991003420558801e-06,6.991003420558801e-06,6.991003420558801e-06,True,70148,153.12400817871094,444.84002685546875
2,17505,8.400837099843782e-06,8.400837099843782e-06,8.400837099843782e-06,True,87705,240.00999450683594,437.96600341796875
2,18293,2.9168538493095257e-05,2.9168538493095257e-05,2.9168538493095257e-05,True,86611,78.6039047241211,429.95989990234375
2,18776,1.3250686464574242,2.168100912601683,2.148669688883261,False,131929,229.4860076904297,391.5439758300781
2,19701,8.89737879041275e-05,0.0004562716560067002,0.00011193936755486735,False,23029,209.00399780273438,390.9029846191406
2,20288,3.1148284525426657e-06,3.1148284525426657e-06,3.1148284525426657e-06,True,80563,224.14300537109375,441.406982421875
2,21842,4.0843801578871565e-05,4.0843801578871565e-05,4.0843801578871565e-05,True,446,92.46640014648438,439.6933898925781
2,22331,2.40961721916804e-05,8.693429583475588e-05,8.693429583475588e-05,False,110685,75.7113037109375,402.8883056640625
2,22868,4.1428285519555465e-05,4.1428285519555465e-05,4.1428285519555465e-05,True,108116,228.06399536132812,435.9750061035156
2,22905,6.393354446231962e-06,6.393354446231962e-06,6.393354446231962e-06,True,3418,129.6510009765625,436.0060119628906
2,22923,0.00018556585692082898,0.00018556585692082898,0.00018556585692082898,True,16935,113.13299560546875,450.1150207519531
2,23169,5.4168042221434106e-05,5.4168042221434106e-05,5.4168042221434106e-05,True,125541,58.353599548339844,434.3155822753906
2,24360,1.1422751118996846e-06,9.846985346646126e-06,9.846985346646126e-06,False,58309,239.9720001220703,486.80499267578125
2,24474,6.688920792024618e-07,6.688920792024618e-07,6.688920792024618e-07,True,120956,77.85879516601562,470.1398010253906
2,24634,3.0897383969658985e-05,3.0897383969658985e-05,3.0897383969658985e-05,True,50837,150.0959930419922,442.53997802734375
2,24752,6.364911200343081e-08,1.4183888281681075e-05,1.4183888281681075e-05,False,2397,233.48399353027344,457.69000244140625
2,25476,1.9055763295725284e-05,1.9055763295725284e-05,1.9055763295725284e-05,True,26830,107.2229995727539,448.7460021972656
2,26130,2.2951101513386128e-05,2.569588109565447e-05,2.569588109565447e-05,False,84430,175.5679931640625,462.8490295410156
2,26288,5.702562703547392e-05,5.702562703547392e-05,5.702562703547392e-05,True,21293,178.2169952392578,487.6940002441406
2,26367,0.00018153941406334097,0.04063255321724193,0.004768162447363618,False,87730,213.69200134277344,436.6729736328125
2,26474,7.524320916162419e-07,7.524320916162419e-07,7.524320916162419e-07,True,50145,198.71200561523438,449.5840148925781
2,26783,1.0819065170185481e-06,1.3634202327306524e-05,1.3634202327306524e-05,False,28175,238.84999084472656,416.28900146484375
2,27252,7.091554806051655e-06,1.7147743038788318e-05,1.7147743038788318e-05,False,71893,85.63629913330078,372.27825927734375
2,28664,1.680403746679325e-05,1.680403746679325e-05,1.680403746679325e-05,True,106711,50.78129959106445,436.2862854003906
2,29500,2.002971004681582e-05,7.094447065259649e-05,7.094447065259649e-05,False,21763,88.48469543457031,456.2007141113281
2,31303,3.896934028887422e-05,0.00015559319947846658,0.00015559319947846658,False,57874,91.80599975585938,427.7400207519531
3,501,3.5502493152590026e-05,0.00022513898118000242,0.00022513898118000242,False,114198,107.41899871826172,392.0469970703125
3,1179,3.323237862907208e-05,3.323237862907208e-05,3.323237862907208e-05,True,76159,133.4840087890625,431.5299987792969
3,1417,0.00010047527555004464,0.00018819963682057563,0.00018819963682057563,False,71070,150.05099487304688,458.6820068359375
3,2203,4.566916958833388e-06,4.566916958833388e-06,4.566916958833388e-06,True,103593,132.8870086669922,429.05999755859375
3,3602,8.701743210910168e-06,8.701743210910168e-06,8.701743210910168e-06,True,86407,252.06900024414062,425.43701171875
3,3669,0.08509660678577166,0.29050420590422876,0.29050420590422876,False,131961,204.50900268554688,399.2770080566406
3,4780,3.5555117394348e-05,3.5555117394348e-05,3.5555117394348e-05,True,99978,185.1490020751953,412.22900390625
3,5897,2.3316538687444737e-05,4.824761680561109e-05,4.824761680561109e-05,False,72034,89.58429718017578,459.93231201171875
3,6117,1.859537666000042e-05,1.859537666000042e-05,1.859537666000042e-05,True,40187,254.2139892578125,419.6689758300781
3,6542,5.045530597128208e-07,5.278670745530873e-06,5.278670745530873e-06,False,130453,193.73199462890625,509.0119934082031
3,6589,0.00012644578575400563,0.00014237309572205891,0.00014237309572205891,False,13179,143.1790008544922,456.16998291015625
3,6787,0.00015761600222419204,0.14238805683763067,0.14238805683763067,False,19420,257.041015625,475.9330139160156
3,6899,1.6652169504063925e-05,1.6652169504063925e-05,1.6652169504063925e-05,True,47286,145.218994140625,475.2030029296875
3,8077,2.9987203347642354e-05,4.190388484728067e-05,4.190388484728067e-05,False,19632,228.37600708007812,442.0469970703125
3,9764,0.0004131626225766086,0.0004169213969885106,0.0004169213969885106,False,3084,254.44000244140625,424.63800048828125
3,10586,1.887439815587529e-05,0.34398419208550496,0.34398419208550496,False,22192,232.49700927734375,435.30999755859375
3,11078,1.942391480092328e-05,1.942391480092328e-05,1.942391480092328e-05,True,99457,127.89200592041016,416.74603271484375
3,12207,2.1182651521260486e-06,2.1182651521260486e-06,2.1182651521260486e-06,True,105822,274.5589904785156,437.03997802734375
3,12973,1.5667672653134287e-05,1.5667672653134287e-05,1.5667672653134287e-05,True,10706,152.822998046875,390.9570007324219
3,13235,2.622228300643577e-07,0.2525212755947269,0.2525212755947269,False,68532,251.9870147705078,405.8690185546875
3,13604,3.858223518717206e-06,3.858223518717206e-06,3.858223518717206e-06,True,22219,268.51300048828125,408.011962890625
3,13835,6.164344636864921e-06,6.164344636864921e-06,6.164344636864921e-06,True,4470,213.84500122070312,449.5459899902344
3,14408,6.658147244056936e-05,0.173861662440749,0.173861662440749,False,2624,255.42599487304688,410.93798828125
3,14452,7.594961289545349e-05,7.594961289545349e-05,7.594961289545349e-05,True,67198,114.99299621582031,449.7300109863281
3,15047,0.0001678391242513268,0.00041949685747991243,0.00041949685747991243,False,113984,92.32109832763672,431.5830993652344
3,15958,1.975429465732131e-05,1.975429465732131e-05,1.975429465732131e-05,True,100914,238.94900512695312,420.4280090332031
3,16983,7.373352551606653e-05,7.373352551606653e-05,7.373352551606653e-05,True,129390,78.20709991455078,422.380126953125
3,17278,2.8091578966223954e-06,2.8091578966223954e-06,2.8091578966223954e-06,True,112329,259.29498291015625,459.0010070800781
3,17977,4.72303846474736e-06,4.72303846474736e-06,4.72303846474736e-06,True,1638,270.89801025390625,441.65301513671875
3,18655,8.772916819966357e-06,8.772916819966357e-06,8.772916819966357e-06,True,73547,133.15899658203125,479.5820007324219
3,19133,8.311544205053472e-06,8.311544205053472e-06,8.311544205053472e-06,True,100427,264.3199768066406,468.03997802734375
3,19363,2.6404800977866586e-05,0.0001252069941753252,4.0605305577108574e-05,False,51413,250.84999084472656,416.8399963378906
3,19592,2.637435169730658e-05,2.637435169730658e-05,2.637435169730658e-05,True,102605,113.96299743652344,432.3789978027344
3,20098,2.0977666355806687e-05,2.0977666355806687e-05,2.0977666355806687e-05,True,13478,242.7050018310547,486.0730285644531
3,20993,9.918772269572192e-06,9.918772269572192e-06,9.918772269572192e-06,True,70023,92.67720031738281,409.397216796875
3,20997,2.5935036161354908e-06,2.5935036161354908e-06,2.5935036161354908e-06,True,86633,92.66629791259766,466.5722961425781
3,21650,7.659962821167203e-05,7.659962821167203e-05,7.659962821167203e-05,True,59683,152.35800170898438,456.1099853515625
3,21873,3.423103197569717e-05,0.00011316831719261839,0.00011316831719261839,False,49506,121.67599487304688,428.7039794921875
3,22055,4.451250469952975e-06,4.451250469952975e-06,4.451250469952975e-06,True,33206,243.74200439453125,459.9739990234375
3,22104,0.26875049972071163,1.1148598677384338,1.110595976518356,False,3199,236.6699981689453,417.24700927734375
3,22183,0.00026425026009017113,0.007427111810222536,0.0007595725911652204,False,102259,257.2380065917969,423.5929870605469
3,22518,3.3538728074342563e-06,3.3538728074342563e-06,3.3538728074342563e-06,True,100609,177.61898803710938,463.0010070800781
3,22566,9.929292608858742e-05,9.929292608858742e-05,9.929292608858742e-05,True,102479,141.968994140625,470.4599914550781
3,22570,9.550216285944256e-06,9.550216285944256e-06,9.550216285944256e-06,True,9077,257.0480041503906,460.1600036621094
3,23128,1.3087333832456614e-05,1.3087333832456614e-05,1.3087333832456614e-05,True,80470,67.17760467529297,443.64862060546875
3,23342,3.436637050279269e-05,3.436637050279269e-05,3.436637050279269e-05,True,70900,103.57099914550781,447.4440002441406
3,23722,3.287992225322998e-06,7.254503833749682e-06,7.254503833749682e-06,False,100994,265.406005859375,452.59600830078125
3,24306,4.264924955390902e-05,4.264924955390902e-05,4.264924955390902e-05,True,99321,52.95289993286133,450.69390869140625
3,24769,2.157488981269611e-06,4.591261005279978e-06,4.591261005279978e-06,False,72509,252.33700561523438,436.95599365234375
3,25320,8.842686999235712e-07,8.842686999235712e-07,8.842686999235712e-07,True,69863,276.5,456.448974609375
3,25556,7.68549704293799e-06,7.68549704293799e-06,7.68549704293799e-06,True,54078,245.58399963378906,428.5069885253906
3,26392,2.8214935697673225,4.215367869160357,4.213474128628202,False,131935,209.30899047851562,428.322998046875
3,27088,7.910056741896033e-06,7.910056741896033e-06,7.910056741896033e-06,True,124251,143.3400115966797,415.06396484375
3,27090,9.043254592658307e-06,9.043254592658307e-06,9.043254592658307e-06,True,73081,56.549400329589844,425.46038818359375
3,27799,1.3366712519531637e-05,1.3366712519531637e-05,1.3366712519531637e-05,True,80069,268.0569763183594,392.20599365234375
3,28059,3.6338673408522565e-05,0.00011425509616777186,0.00011425509616777186,False,67888,95.76349639892578,400.6855163574219
3,28097,3.5724762643167003e-07,3.5724762643167003e-07,3.5724762643167003e-07,True,37386,145.9709930419922,423.09600830078125
3,28312,5.4948984029452435e-06,5.4948984029452435e-06,5.4948984029452435e-06,True,53589,271.4239807128906,395.9469909667969
3,28637,1.5764993450604065e-05,1.5764993450604065e-05,1.5764993450604065e-05,True,110100,222.6909942626953,391.25
3,29477,6.981017931619208e-06,0.00019463899041844083,0.00019463899041844083,False,68247,65.71759796142578,405.8656005859375
3,29729,1.6687277482878686e-05,3.698197959220773e-05,3.698197959220773e-05,False,58578,106.60400390625,425.7030334472656
3,30148,1.0819312976907024e-05,1.0819312976907024e-05,1.0819312976907024e-05,True,74211,93.70940399169922,373.49139404296875
3,30811,2.85858959907112e-06,2.85858959907112e-06,2.85858959907112e-06,True,101382,247.74099731445312,438.6889953613281
3,31573,9.697761441059716e-05,9.697761441059716e-05,9.697761441059716e-05,True,6976,146.22299194335938,418.9770202636719
4,1025,4.604623244163973e-05,4.604623244163973e-05,4.39392007916961e-05,True,58231,115.43499755859375,426.58001708984375
4,1038,5.745956290978193e-05,5.745956290978193e-05,5.745956290978193e-05,True,1284,94.6926040649414,458.2375793457031
4,1075,1.8338309121356902e-05,1.8338309121356902e-05,1.8338309121356902e-05,True,58054,132.15499877929688,430.7409973144531
4,1453,1.4172016753660675e-05,1.4172016753660675e-05,1.4172016753660675e-05,True,44755,211.4810028076172,410.99102783203125
4,2008,2.9896551170154097e-06,1.917435405712241e-05,1.917435405712241e-05,False,36010,138.5609893798828,440.11199951171875
4,2361,0.0007925244734358994,0.001607631043981337,0.001607631043981337,False,2047,85.68499755859375,483.7460021972656
4,3064,1.0447096626958574e-07,1.0447096626958574e-07,1.0447096626958574e-07,True,99541,258.5290222167969,441.79498291015625
4,3390,1.2792223907153051e-05,3.7540313971904936e-05,3.7540313971904936e-05,False,121991,113.24000549316406,474.98699951171875
4,3654,0.00010649407534482852,0.0006534485288474599,0.0006534485288474599,False,105013,203.67999267578125,412.9840087890625
4,5623,2.9265482888050396e-05,2.9265482888050396e-05,2.9265482888050396e-05,True,53415,188.17800903320312,429.906005859375
4,7450,2.230429690583834e-05,2.7541645376539386e-05,2.7541645376539386e-05,False,5530,97.34559631347656,447.6435852050781
4,7575,7.654998653861774e-06,3.778431031137921e-05,3.778431031137921e-05,False,8812,138.66099548339844,467.2449951171875
4,8217,5.830456630207891e-05,5.830456630207891e-05,5.830456630207891e-05,True,89400,73.02799987792969,436.1349792480469
4,8754,2.6815892272804487e-06,2.6815892272804487e-06,2.6815892272804487e-06,True,7643,188.77099609375,437.9490051269531
4,9009,5.28015998722596e-06,7.083831413362683e-05,7.083831413362683e-05,False,64587,81.3323974609375,472.3173828125
4,9082,4.432510340942377e-06,4.432510340942377e-06,4.432510340942377e-06,True,35611,229.70999145507812,412.42901611328125
4,9313,6.633921674254409e-06,6.633921674254409e-06,6.633921674254409e-06,True,1009,274.36700439453125,457.1809997558594
4,9602,3.295913003768396e-05,3.295913003768396e-05,3.295913003768396e-05,True,116655,130.37001037597656,418.55401611328125
4,10172,5.904899169797509e-05,5.904899169797509e-05,5.904899169797509e-05,True,97225,149.24600219726562,494.70599365234375
4,10663,9.864940741785904e-05,0.00014312704837654002,0.00014312704837654002,False,45571,81.70860290527344,418.51361083984375
4,11822,3.3546813716779824,4.69205769188015,4.673543183831164,False,131931,204.927001953125,384.8599853515625
4,12148,2.322622348749007e-05,2.322622348749007e-05,2.322622348749007e-05,True,103749,227.1060028076172,459.92498779296875
4,12854,0.00014261695203220622,0.0002643577233906124,0.0002643577233906124,False,91215,92.589599609375,432.7806091308594
4,13073,8.12195217072937e-06,2.2967747268570626e-05,2.2967747268570626e-05,False,60980,175.81399536132812,409.07098388671875
4,13908,3.3232107542579995e-06,9.04011301491285e-06,9.04011301491285e-06,False,118808,193.87200927734375,428.2040100097656
4,14009,6.372733342873084e-06,6.372733342873084e-06,6.372733342873084e-06,True,112247,254.33099365234375,420.427978515625
4,14293,0.000335940765391227,0.614186160081318,0.614186160081318,False,6503,236.47401428222656,429.4700012207031
4,14757,1.0534773830583344e-05,1.0534773830583344e-05,1.0534773830583344e-05,True,34308,247.28399658203125,417.197998046875
4,15460,2.4268550709849717e-05,2.4268550709849717e-05,2.4268550709849717e-05,True,79851,129.7989959716797,448.9610290527344
4,16301,1.7926864106578954e-06,1.7926864106578954e-06,1.7926864106578954e-06,True,57400,132.25,456.6500244140625
4,16506,2.158359679465456e-05,2.158359679465456e-05,2.158359679465456e-05,True,75096,100.13300323486328,359.4849853515625
4,16735,0.0033547922528769708,0.05463558593170781,0.05463558593170781,False,128664,234.65699768066406,419.25299072265625
4,16800,1.5803068739980172e-06,1.5803068739980172e-06,1.5803068739980172e-06,True,21224,183.82998657226562,462.9989929199219
4,17356,6.153932726856574e-07,6.153932726856574e-07,6.153932726856574e-07,True,80745,256.69598388671875,420.91900634765625
4,17860,2.309235170103893e-06,2.309235170103893e-06,2.309235170103893e-06,True,113048,128.18600463867188,443.5419921875
4,18007,2.8905871196608702e-06,1.9267157443666398e-05,1.9267157443666398e-05,False,80582,273.2090148925781,461.3580017089844
4,18012,1.010885530380334e-05,0.00010376012465251208,0.00010376012465251208,False,131135,179.3629913330078,431.5329895019531
4,18977,2.7578986107098385e-05,2.7578986107098385e-05,2.7578986107098385e-05,True,120065,110.28499603271484,498.0400085449219
4,19107,6.156998879671476e-06,6.156998879671476e-06,6.156998879671476e-06,True,109803,262.7129821777344,427.6949768066406
4,19267,2.9812170223038822e-05,2.9812170223038822e-05,2.9812170223038822e-05,True,57212,232.6020050048828,368.90399169921875
4,19326,4.934832856242601e-07,4.934832856242601e-07,4.934832856242601e-07,True,66540,274.6230163574219,419.9759826660156
4,19797,3.044961688137378e-05,0.00014475950184376866,0.00014475950184376866,False,118634,257.6730041503906,413.8269958496094
4,20491,2.2061967106191433e-05,2.2061967106191433e-05,2.2061967106191433e-05,True,125574,111.91000366210938,473.22796630859375
4,21272,0.00017361980673538235,0.00017361980673538235,0.00017361980673538235,True,60282,64.67379760742188,435.83880615234375
4,22177,7.2814044890151305e-06,7.2814044890151305e-06,7.2814044890151305e-06,True,9994,265.427001953125,436.5220031738281
4,22272,1.973472687957987e-05,1.973472687957987e-05,1.973472687957987e-05,True,96808,159.52700805664062,424.4490051269531
4,22594,7.310851582655571e-05,7.310851582655571e-05,7.310851582655571e-05,True,115252,88.70490264892578,441.8009033203125
4,23547,3.716945569771258e-06,3.716945569771258e-06,3.716945569771258e-06,True,129991,235.46600341796875,438.66900634765625
4,24057,3.766913895417081e-05,3.766913895417081e-05,3.766913895417081e-05,True,50788,121.18499755859375,427.0299987792969
4,24652,5.4061097224286056e-06,5.0770648026207046e-05,5.0770648026207046e-05,False,31728,258.93499755859375,446.8059997558594
4,24964,6.8807645705073315e-06,6.8807645705073315e-06,6.8807645705073315e-06,True,76274,108.09600067138672,405.4850158691406
4,25057,3.341036922807495e-06,3.341036922807495e-06,3.341036922807495e-06,True,87371,245.9720001220703,438.68499755859375
4,25865,2.8578922078662144e-06,2.8578922078662144e-06,2.8578922078662144e-06,True,117116,209.73500061035156,433.93701171875
4,26103,2.94688739911737e-05,2.94688739911737e-05,2.94688739911737e-05,True,103625,122.35400390625,418.6510009765625
4,26592,0.0001774184742267882,0.0009029402177486653,0.0009029402177486653,False,121779,235.06100463867188,410.4429931640625
4,26806,4.946345283522791e-06,4.946345283522791e-06,4.946345283522791e-06,True,75996,258.2080078125,453.9210205078125
4,27280,0.1048764531257712,0.1941977878815946,0.1941977878815946,False,3240,255.3209991455078,404.2419738769531
4,27453,1.0471763620910865e-05,1.0471763620910865e-05,1.0471763620910865e-05,True,57447,136.80499267578125,446.1709899902344
4,30824,1.121710870196043e-05,1.121710870196043e-05,1.121710870196043e-05,True,7492,178.3520050048828,433.08197021484375
4,30918,0.0002565831824266123,0.0002814569756568134,0.0002814569756568134,False,111717,72.99620056152344,425.7161865234375
4,30941,1.4874038490644207e-05,4.662052055665888e-05,4.662052055665888e-05,False,65439,136.72499084472656,433.5090026855469
4,31196,1.1587653936277754e-05,1.1587653936277754e-05,1.1587653936277754e-05,True,112772,117.85200500488281,437.30499267578125
4,31649,5.721842287064439e-05,5.721842287064439e-05,5.721842287064439e-05,True,583,71.94319915771484,441.1551818847656
4,32646,2.34799176257287e-05,4.027392672429778e-05,4.027392672429778e-05,False,113747,153.29800415039062,457.2279968261719
5,1179,5.837477414077734e-06,1.833428447071181e-05,1.833428447071181e-05,False,110750,261.8669738769531,481.7869567871094
5,1511,7.0729660462875725e-06,7.0729660462875725e-06,7.0729660462875725e-06,True,61101,112.15099334716797,436.62701416015625
5,2655,9.441433212123521e-05,0.0001039656770871413,0.0001039656770871413,False,121450,120.3759994506836,418.61297607421875
5,3657,2.2387015579330187,2.370782756432827,2.3597638607870333,False,3235,186.99400329589844,380.43798828125
5,3772,8.982435021332591e-05,0.00048580134084216667,0.0003341483841870106,False,68432,197.35699462890625,433.9889831542969
5,3830,7.712483047202261e-05,7.712483047202261e-05,7.712483047202261e-05,True,126726,125.51399993896484,462.36602783203125
5,4121,5.775469210324276e-06,5.775469210324276e-06,5.775469210324276e-06,True,34683,203.19500732421875,461.7530212402344
5,4154,5.2985343214659996e-05,0.176592487570089,0.176592487570089,False,105114,228.8199920654297,392.01898193359375
5,4284,8.429548601634744e-06,3.3987775090539594e-05,3.3987775090539594e-05,False,28983,238.31500244140625,415.33099365234375
5,6325,7.035604473792702e-07,7.035604473792702e-07,7.035604473792702e-07,True,3654,52.60989761352539,433.5948791503906
5,6788,2.747334929427365e-05,2.747334929427365e-05,1.7686948734188904e-05,True,93807,128.57400512695312,428.15203857421875
5,6944,3.3520435512832785e-05,3.3520435512832785e-05,3.3520435512832785e-05,True,18140,169.9409942626953,436.2319641113281
5,7325,3.4068394857247173e-06,1.0283664843911208e-05,1.0283664843911208e-05,False,32408,274.9859924316406,464.8529968261719
5,7399,2.0086141883184872e-05,0.11216322677351973,0.0946061299441128,False,6262,225.04901123046875,407.7230224609375
5,7468,2.40137315821407e-07,2.40137315821407e-07,2.40137315821407e-07,True,54400,195.41299438476562,417.6999816894531
5,7675,2.995789858302518e-06,2.995789858302518e-06,2.995789858302518e-06,True,75780,71.47750091552734,414.28350830078125
5,8149,6.913424966204082e-05,6.913424966204082e-05,6.913424966204082e-05,True,49703,118.71399688720703,444.44598388671875
5,8559,6.796405847162087e-06,7.806345525095631e-06,7.806345525095631e-06,False,122062,270.5509948730469,422.89697265625
5,8691,1.415848556540023e-05,0.09284006040751394,0.09284006040751394,False,5322,250.9759979248047,372.1259765625
5,9164,5.902715241030612e-05,0.00031464056864075344,0.00031464056864075344,False,127282,214.66900634765625,428.4330139160156
5,9340,8.252314013903172e-06,8.252314013903172e-06,8.252314013903172e-06,True,96200,209.14199829101562,443.3760070800781
5,9614,3.089930322432847e-06,3.089930322432847e-06,3.089930322432847e-06,True,73798,123.04199981689453,416.5269775390625
5,9924,0.00011630157993252161,0.000307126276840945,0.000307126276840945,False,41809,114.06700134277344,481.0530090332031
5,10017,1.2258400092658605e-06,1.2258400092658605e-06,1.2258400092658605e-06,True,123423,240.96800231933594,387.0790100097656
5,10492,1.8513693712292414e-05,2.7229499816538885e-05,2.7229499816538885e-05,False,98878,248.09100341796875,440.0749816894531
5,11360,2.1563874979637254e-06,2.1563874979637254e-06,2.1563874979637254e-06,True,69644,87.56480407714844,422.3507995605469
5,11374,2.794836631025374e-05,2.794836631025374e-05,2.794836631025374e-05,True,16768,129.34799194335938,432.4049987792969
5,11861,5.136621134463563e-06,5.136621134463563e-06,5.136621134463563e-06,True,82974,134.1090087890625,447.1080322265625
5,12006,1.665518709279466e-05,2.2290747558712983e-05,2.2290747558712983e-05,False,114706,116.2760009765625,447.59698486328125
5,12671,1.1247310003310082e-05,1.1247310003310082e-05,1.1247310003310082e-05,True,63447,82.97599792480469,442.93499755859375
5,12877,2.3081820541101733e-06,2.3081820541101733e-06,2.3081820541101733e-06,True,129786,244.177001953125,450.05999755859375
5,13455,3.4635754721223454e-05,3.4635754721223454e-05,3.4635754721223454e-05,True,32589,96.38629913330078,411.2483215332031
5,13723,7.466109720357557e-05,7.719530300855235e-05,7.719530300855235e-05,False,51425,125.88999938964844,441.79302978515625
5,14145,1.2534795594508157e-06,0.0013142421416682817,0.00016144203398643544,False,105291,251.86500549316406,433.4889831542969
5,14690,7.821348518476852e-05,7.821348518476852e-05,7.821348518476852e-05,True,50747,183.1389923095703,453.1999816894531
5,15275,0.00010264303667221413,0.00010264303667221413,0.00010264303667221413,True,74197,124.17900085449219,498.8590087890625
5,15859,7.838560885221705e-05,7.838560885221705e-05,7.838560885221705e-05,True,15879,58.44839859008789,445.35137939453125
5,15881,2.7286418799267824e-06,2.7286418799267824e-06,2.7286418799267824e-06,True,1992,247.79100036621094,444.67901611328125
5,16898,1.3943983642477019e-05,5.590338887924301e-05,5.590338887924301e-05,False,11949,206.3979949951172,484.82000732421875
5,16921,8.427132765842251e-05,8.427132765842251e-05,8.427132765842251e-05,True,73434,206.6269989013672,453.33599853515625
5,17871,6.004344763268013e-06,6.004344763268013e-06,6.004344763268013e-06,True,28030,239.13800048828125,408.91900634765625
5,19239,1.2308935355126113e-06,1.2308935355126113e-06,1.2308935355126113e-06,True,47077,155.8489990234375,470.2720031738281
5,19640,0.00011591649972641469,0.0002028441604388455,0.00011914687586771096,False,105050,74.85900115966797,461.0790100097656
5,20090,4.051041525081588e-05,4.051041525081588e-05,4.051041525081588e-05,True,86061,162.44601440429688,462.948974609375
5,20335,2.1932950857628064e-05,2.1932950857628064e-05,2.1932950857628064e-05,True,127165,70.82009887695312,420.1141052246094
5,20370,7.515419633346319e-05,7.515419633346319e-05,7.515419633346319e-05,True,17354,72.29059600830078,467.9585876464844
5,20881,7.2941304209322944e-06,7.2941304209322944e-06,7.2941304209322944e-06,True,50533,233.8159942626953,465.583984375
5,22372,6.316483091627166e-06,1.3052523775828565e-05,1.3052523775828565e-05,False,29569,263.5,424.9280090332031
5,24745,2.30987705158344e-05,2.30987705158344e-05,2.30987705158344e-05,True,130735,164.27700805664062,453.5059814453125
5,24869,1.563574561270273e-05,1.563574561270273e-05,1.563574561270273e-05,True,96115,266.5669860839844,439.8030090332031
5,25115,5.635516313583746e-06,5.635516313583746e-06,5.635516313583746e-06,True,7314,83.79310607910156,410.9421081542969
5,25769,5.163671707027362e-05,0.0006630377536720815,0.0006051783559750623,False,131418,276.2409973144531,463.57000732421875
5,26660,8.618606129724472e-06,1.971821133459594e-05,1.971821133459594e-05,False,121725,267.0429992675781,458.09600830078125
5,26880,3.0980141701993494e-05,3.0980141701993494e-05,3.0980141701993494e-05,True,20217,109.16799926757812,427.4460144042969
5,28202,7.194239909964763e-05,0.00013919559625987906,0.00013919559625987906,False,29062,113.89099884033203,437.0360107421875
5,28756,4.058451160032947e-05,4.058451160032947e-05,4.058451160032947e-05,True,7149,140.77499389648438,435.5379943847656
5,29399,1.3798836707052863e-05,1.3798836707052863e-05,1.3798836707052863e-05,True,33796,260.5989990234375,459.2239990234375
5,30436,2.472864905455736e-05,2.472864905455736e-05,2.472864905455736e-05,True,21042,249.64300537109375,413.2019958496094
5,31076,1.3316530431898342e-06,1.3316530431898342e-06,1.3316530431898342e-06,True,56602,256.41400146484375,417.6669921875
5,31886,8.073140802265907e-05,0.00010547600780194375,0.00010547600780194375,False,68240,120.38800048828125,440.9289855957031
5,32931,2.9017719751921675e-05,0.00021729916551552694,0.00021729916551552694,False,38451,121.38800048828125,440.5159912109375
5,33605,3.833810153234622e-06,3.833810153234622e-06,3.833810153234622e-06,True,10430,240.26699829101562,380.177001953125
5,34085,1.6129541792615198e-05,1.6129541792615198e-05,1.6129541792615198e-05,True,33602,65.69629669189453,464.6562805175781
5,34148,2.1302787033314192e-05,2.1302787033314192e-05,2.1302787033314192e-05,True,37953,263.7229919433594,447.0369873046875
6,340,1.2624612032125787e-05,1.2624612032125787e-05,1.2624612032125787e-05,True,16814,77.61640167236328,457.3993835449219
6,477,9.197055450948226e-06,9.197055450948226e-06,9.197055450948226e-06,True,84762,109.08800506591797,431.9210205078125
6,944,1.288360702929209e-06,2.1030802208097283e-05,2.1030802208097283e-05,False,120600,240.06900024414062,432.5550231933594
6,1430,5.2554418656393805e-06,5.2554418656393805e-06,5.2554418656393805e-06,True,78100,240.37100219726562,447.333984375
6,1900,2.0911212138552362e-07,2.0911212138552362e-07,2.0911212138552362e-07,True,93050,249.67799377441406,378.56298828125
6,2022,0.00011226102311188922,0.4735712825015744,0.4735712825015744,False,112135,254.2259979248047,410.67999267578125
6,2374,0.19659738837708637,0.45920046880442056,0.45620475393620874,False,3221,222.7169952392578,415.0069885253906
6,2386,0.14465475585913207,0.5904804544557675,0.5904390308781736,False,131945,254.18698120117188,400.05999755859375
6,2773,0.00010038302014125286,0.00010038302014125286,0.00010038302014125286,True,123176,131.59100341796875,457.9499816894531
6,4261,7.847442369383439e-05,7.847442369383439e-05,7.847442369383439e-05,True,4631,179.09201049804688,500.1590270996094
6,5929,1.3091205826043757e-05,1.3091205826043757e-05,1.3091205826043757e-05,True,125825,259.1139831542969,458.166015625
6,6480,5.473624227540204e-06,5.473624227540204e-06,5.473624227540204e-06,True,30874,152.11000061035156,493.80499267578125
6,7131,8.413559047695963e-06,8.413559047695963e-06,8.413559047695963e-06,True,14469,244.30899047851562,396.6609802246094
6,7146,6.583016259556752e-06,6.583016259556752e-06,6.583016259556752e-06,True,119691,245.16400146484375,433.3690185546875
6,7424,0.00014855400398122536,0.00014855400398122536,0.00014855400398122536,True,23898,87.89900207519531,456.364013671875
6,7646,2.2658941981406345e-05,2.2658941981406345e-05,1.788506182066904e-05,True,47066,271.135986328125,426.5619812011719
6,8977,2.8118072810837486e-06,2.8118072810837486e-06,2.8118072810837486e-06,True,33368,266.218994140625,447.03497314453125
6,9124,0.03464182678924936,0.3788564577902338,0.367352583576977,False,131984,246.83399963378906,428.5159912109375
6,9918,1.3794587878135304e-05,1.3794587878135304e-05,1.3794587878135304e-05,True,10975,94.99340057373047,428.1644287109375
6,10196,2.997751073461806e-05,2.997751073461806e-05,2.997751073461806e-05,True,23473,57.01439666748047,458.2793884277344
6,11593,1.044061871107497e-05,1.044061871107497e-05,1.044061871107497e-05,True,114768,229.59100341796875,415.83099365234375
6,11981,7.515469789808448e-05,7.515469789808448e-05,7.515469789808448e-05,True,10182,88.76919555664062,433.6322021484375
6,12251,4.2116268742236424e-06,4.2116268742236424e-06,4.2116268742236424e-06,True,77,51.139198303222656,424.7632141113281
6,12292,0.00010056694032955905,0.00010056694032955905,9.199037964171092e-05,True,18098,59.52680206298828,440.13079833984375
6,12588,2.0825921855489725e-05,2.0825921855489725e-05,2.0825921855489725e-05,True,21251,140.23800659179688,451.26800537109375
6,13612,2.2467839455175674e-05,3.830307657259827e-05,3.830307657259827e-05,False,12396,116.5560073852539,438.6280212402344
6,14182,3.4304532713415445e-06,3.4304532713415445e-06,3.4304532713415445e-06,True,86151,242.35800170898438,443.2290344238281
6,15930,6.775563722233708e-06,6.775563722233708e-06,6.775563722233708e-06,True,112801,85.92070007324219,433.0116882324219
6,16571,4.548426067024037e-05,4.548426067024037e-05,4.548426067024037e-05,True,33674,80.46119689941406,446.79620361328125
6,16999,3.313463902712375e-06,3.313463902712375e-06,3.313463902712375e-06,True,126180,267.8599853515625,411.4999694824219
6,17446,7.593592150058642e-05,7.593592150058642e-05,7.593592150058642e-05,True,36028,156.54901123046875,467.7850036621094
6,18224,1.3102197365782564e-05,1.3102197365782564e-05,1.3102197365782564e-05,True,129639,57.9109992980957,453.5350341796875
6,18527,1.6832852521737903e-06,3.371030682908017e-05,3.371030682908017e-05,False,71937,122.35400390625,463.4029846191406
6,19462,4.1222222616740525e-05,0.00021529659183486445,0.00016533467988268295,False,118721,236.62599182128906,431.0799865722656
6,20701,3.186059632111405e-05,0.00029801496743899717,0.0002918495294040238,False,4658,196.54100036621094,417.2350158691406
6,21494,0.00010100245553069822,0.00010100245553069822,0.00010100245553069822,True,57150,139.1949920654297,494.8059997558594
6,21930,3.908379083620113e-05,3.908379083620113e-05,3.908379083620113e-05,True,56251,123.67200469970703,478.9040222167969
6,21975,8.223600080853514e-05,8.223600080853514e-05,8.223600080853514e-05,True,56740,56.16680145263672,461.5747985839844
6,22030,3.2193309189706744e-05,5.465069087872819e-05,5.465069087872819e-05,False,55307,229.89199829101562,452.57000732421875
6,23662,7.120135350983245e-06,7.120135350983245e-06,7.120135350983245e-06,True,115960,276.5240173339844,421.25799560546875
6,24069,4.301207771267174e-05,4.42825311799833e-05,4.42825311799833e-05,False,5764,164.07899475097656,432.6419677734375
6,24306,9.69376206698737e-05,9.69376206698737e-05,9.69376206698737e-05,True,8784,275.8089904785156,430.74798583984375
6,24712,0.00010307911764939165,0.00010307911764939165,0.00010307911764939165,True,7366,106.06900024414062,423.343994140625
6,25074,3.883364293747519e-05,3.883364293747519e-05,3.883364293747519e-05,True,116011,57.99769973754883,424.18768310546875
6,25370,4.029442966427328e-05,4.029442966427328e-05,4.576502544925602e-06,True,73155,193.61599731445312,471.7909851074219
6,25551,5.960696480838285e-05,0.5553718620434338,0.5553718620434338,False,62126,196.88999938964844,407.5049743652344
6,26148,0.01977399379313768,0.2864239955131596,0.27261671396424497,False,3244,269.6510009765625,471.50299072265625
6,26230,6.028464064305547e-06,2.4850006789468236e-05,2.4850006789468236e-05,False,108794,233.16099548339844,469.843994140625
6,26305,3.234647512935105e-05,3.234647512935105e-05,3.234647512935105e-05,True,73478,107.86800384521484,455.71600341796875
6,26838,0.0005800119059765343,0.0005800119059765343,0.0005800119059765343,True,11536,51.282997131347656,452.2250061035156
6,27059,1.091197637914304,1.4458099829116817,1.4318123778086973,False,131953,225.927001953125,413.7859802246094
6,27944,2.3152811370413464e-05,2.3152811370413464e-05,2.3152811370413464e-05,True,66443,73.30609893798828,420.6531066894531
6,27955,3.777031212580109e-06,3.777031212580109e-06,3.777031212580109e-06,True,79916,118.13700103759766,405.2650146484375
6,28532,2.0818463935935207e-05,2.0818463935935207e-05,2.0818463935935207e-05,True,25469,126.947998046875,399.426025390625
6,29517,6.435182428020282e-05,6.435182428020282e-05,6.435182428020282e-05,True,106274,112.5719985961914,445.54400634765625
6,30138,4.098393404787771e-06,4.098393404787771e-06,4.098393404787771e-06,True,80804,250.81199645996094,441.9859924316406
6,30547,3.82550723412072e-05,3.82550723412072e-05,3.82550723412072e-05,True,22227,201.4199981689453,413.1619873046875
6,31385,6.748684671033703e-06,6.748684671033703e-06,6.748684671033703e-06,True,72653,261.98199462890625,440.6619873046875
6,31737,1.1767644145542717,1.9927994390119104,1.9636052205935262,False,3245,196.16099548339844,380.0560302734375
6,32756,0.4428708077611402,1.7356067585968133,1.678457540262802,False,13117,231.26199340820312,411.60797119140625
6,32802,4.886463260258746e-06,4.7674026814958184e-05,4.7674026814958184e-05,False,107980,186.60299682617188,424.447998046875
6,33042,1.929374752836311e-05,1.929374752836311e-05,1.929374752836311e-05,True,93587,54.79359817504883,476.8455810546875
6,33656,2.7671761846060342e-06,8.031171378615917e-06,8.031171378615917e-06,False,44612,67.23199462890625,420.98699951171875
6,34168,5.924774106363246e-07,5.924774106363246e-07,5.924774106363246e-07,True,66108,256.30999755859375,404.39898681640625
7,207,8.429235657507324e-06,8.429235657507324e-06,8.429235657507324e-06,True,36568,118.6760025024414,419.99102783203125
7,2073,2.1641394739356384e-05,0.9267338604915517,0.9267338604915517,False,2834,209.7570037841797,440.9419860839844
7,2677,1.3927819690437263e-05,1.3927819690437263e-05,1.3927819690437263e-05,True,60317,254.81298828125,466.8359680175781
7,3062,0.00022081590339445095,0.00025502512804328065,0.00025502512804328065,False,39062,123.64099884033203,380.86895751953125
7,4021,2.953314974593721e-05,5.5803520169870936e-05,5.5803520169870936e-05,False,97985,155.18099975585938,398.218994140625
7,4392,8.431467975437355e-05,8.431467975437355e-05,8.431467975437355e-05,True,27399,119.06400299072266,464.6650085449219
7,5557,8.411586872168136e-06,8.411586872168136e-06,8.411586872168136e-06,True,7183,104.61799621582031,425.73101806640625
7,6160,1.7489495648011703e-05,1.7489495648011703e-05,1.7489495648011703e-05,True,119964,239.04000854492188,423.90899658203125
7,6363,0.3126507952164444,0.9741448844977038,0.9486994086311125,False,131993,233.87399291992188,437.6130065917969
7,6641,1.888862200978075e-05,1.888862200978075e-05,1.888862200978075e-05,True,46850,230.25498962402344,444.7339782714844
7,6653,3.6679605186954775e-05,3.6679605186954775e-05,1.5018495132708077e-05,True,52257,262.1669921875,449.6750183105469
7,6989,4.838365673149531e-06,4.838365673149531e-06,4.838365673149531e-06,True,57951,257.8330078125,419.6920166015625
7,7082,2.7887724220876495e-05,0.00018874958603254133,0.00018874958603254133,False,41842,145.85499572753906,380.1080017089844
7,7679,1.8494004099357575e-06,2.2391926763341365e-06,2.2391926763341365e-06,False,64804,264.43798828125,427.1650085449219
7,7750,2.1161129627065073e-05,2.1161129627065073e-05,2.1161129627065073e-05,True,119858,69.25889587402344,463.8058776855469
7,8501,0.0001930730605996546,0.5044551558865014,0.47068886566368034,False,6265,249.33099365234375,444.5229797363281
7,9077,0.11517195890670617,0.6543649338608791,0.6402729381219381,False,131992,251.37698364257812,397.37396240234375
7,10402,4.786965300734475e-05,9.714663719083328e-05,9.714663719083328e-05,False,72367,141.4980010986328,446.58599853515625
7,10626,2.979144248253322e-06,3.139553783826234e-05,3.139553783826234e-05,False,55755,234.10899353027344,399.1000061035156
7,10748,5.716385570580761e-06,5.716385570580761e-06,2.442495374325127e-06,True,50170,244.37600708007812,464.2019958496094
7,12875,1.3499535434557498e-05,1.3499535434557498e-05,1.3499535434557498e-05,True,23755,92.622802734375,482.3467712402344
7,12905,7.276341391288657e-05,7.276341391288657e-05,7.276341391288657e-05,True,21171,187.86900329589844,467.1710205078125
7,13376,7.124810568350915e-05,7.124810568350915e-05,7.124810568350915e-05,True,119543,133.04100036621094,449.2749938964844
7,13817,6.962883041193125e-05,0.3127769834263191,0.3127769834263191,False,84185,139.2270050048828,431.4440002441406
7,14249,1.028752338730752e-05,4.880057669017779e-05,4.880057669017779e-05,False,38562,146.2519989013672,388.17401123046875
7,14279,5.6146197385920164e-05,0.0001529005774671874,0.0001529005774671874,False,101803,67.74219512939453,452.3031921386719
7,15689,4.514785443625008e-05,4.514785443625008e-05,4.514785443625008e-05,True,11282,66.32539367675781,452.09039306640625
7,15999,3.977178970754627e-06,0.14953558167097827,0.14953558167097827,False,55150,261.3630065917969,422.822998046875
7,16296,2.304276838731912e-05,7.408502158754113e-05,7.408502158754113e-05,False,111617,269.5069885253906,396.01397705078125
7,17014,3.181825520634076e-05,5.817943276216038e-05,5.817943276216038e-05,False,8570,159.822998046875,452.7879943847656
7,18193,5.701990453486721e-05,5.701990453486721e-05,5.701990453486721e-05,True,80481,74.97440338134766,458.5623779296875
7,18488,1.2463008105933345e-05,1.2463008105933345e-05,1.2463008105933345e-05,True,33403,148.69400024414062,425.69500732421875
7,19170,1.4997539882770687e-05,1.4997539882770687e-05,1.4997539882770687e-05,True,50381,210.09400939941406,419.7980041503906
7,19915,1.7323638746880495e-05,8.692316982965596e-05,8.692316982965596e-05,False,59031,245.95298767089844,418.68902587890625
7,21167,1.621758597210592e-05,1.621758597210592e-05,1.621758597210592e-05,True,57128,169.9290008544922,416.9200134277344
7,21241,2.556386338383873e-05,2.556386338383873e-05,2.556386338383873e-05,True,57244,165.5970001220703,453.8760070800781
7,21481,1.8070349333216154e-05,1.8070349333216154e-05,7.976236724176195e-06,True,66419,187.6800079345703,447.3389892578125
7,22942,4.411332306667721e-05,4.411332306667721e-05,4.411332306667721e-05,True,20560,62.34469985961914,495.835693359375
7,24078,0.00010719794062596584,0.00010719794062596584,0.00010719794062596584,True,116207,50.14939880371094,426.3324279785156
7,25761,2.2504824117999425e-05,2.2504824117999425e-05,2.2504824117999425e-05,True,99662,58.746402740478516,443.7663879394531
7,25978,8.029338502627415e-05,0.00015261185952576383,0.00010143859851401778,False,9534,249.61000061035156,455.2490234375
7,26421,1.7022850168882004e-05,0.20684946619319852,0.17558944172165547,False,107946,219.48500061035156,387.9859924316406
7,26950,4.323865034893909e-05,4.323865034893909e-05,4.323865034893909e-05,True,60376,116.35799407958984,449.57000732421875
7,27305,5.257127765861189e-06,0.23079185745133654,0.2238873581723783,False,3284,235.1439971923828,402.5140075683594
7,27782,4.8127292730633414e-06,0.00011501029561888079,9.676334401569318e-05,False,39508,273.3199768066406,468.1969909667969
7,27799,5.484721093598291e-07,5.484721093598291e-07,5.484721093598291e-07,True,42945,218.218994140625,424.5429992675781
7,27867,9.134838958533963e-08,3.710692125702446e-06,3.710692125702446e-06,False,68242,119.66300201416016,465.8069763183594
7,28509,2.3432444240425708e-05,2.3432444240425708e-05,2.3432444240425708e-05,True,18197,145.55599975585938,472.8740234375
7,28681,0.000137993515712415,0.09483100032209259,0.07923107940445362,False,22496,225.9720001220703,420.5889892578125
7,28832,3.3720630097194374e-06,3.3720630097194374e-06,3.3720630097194374e-06,True,97103,62.325599670410156,461.9765930175781
7,29350,7.465246602656424e-05,7.465246602656424e-05,7.465246602656424e-05,True,72896,104.47899627685547,430.0780334472656
7,29430,2.7736386208581442e-05,2.7736386208581442e-05,2.7736386208581442e-05,True,48337,64.83470153808594,418.73968505859375
7,30145,9.684128139967694e-06,9.684128139967694e-06,9.684128139967694e-06,True,82956,235.84201049804688,411.7619934082031
7,31651,3.4648742016221346e-05,3.4648742016221346e-05,3.4648742016221346e-05,True,73739,227.72300720214844,385.552001953125
7,32272,2.2333744481263317e-06,2.510299869714459e-05,2.510299869714459e-05,False,26386,242.82699584960938,477.88299560546875
7,32378,3.72187486106749e-05,0.0019320961437845456,0.0006383909549217337,False,56031,205.2659912109375,410.56298828125
7,32593,0.00011654962380727444,0.00011654962380727444,0.00011654962380727444,True,126146,131.42100524902344,392.6159973144531
7,33172,4.501417907937877e-06,4.501417907937877e-06,4.501417907937877e-06,True,110312,261.0360107421875,437.64501953125
7,33397,7.631823458958044e-05,0.00010766938180679626,0.00010766938180679626,False,97376,101.5250015258789,426.44500732421875
7,33686,2.269172079914535e-05,2.269172079914535e-05,2.269172079914535e-05,True,129214,123.50499725341797,445.0669860839844
7,34052,1.88811938713537e-07,1.88811938713537e-07,1.88811938713537e-07,True,9905,258.2440185546875,459.8349914550781
7,34460,7.916118277264744e-06,7.916118277264744e-06,7.916118277264744e-06,True,14081,84.8302993774414,425.3423156738281
7,35007,0.05451017654488529,0.35410448320452825,0.3428949104672522,False,3251,263.38800048828125,439.4909973144531
7,35582,9.001991401762523e-07,1.5928244119142378e-06,1.5928244119142378e-06,False,123935,255.8610076904297,426.7179870605469
8,227,1.6596197402574167e-05,1.6596197402574167e-05,1.6596197402574167e-05,True,127121,127.8219985961914,438.14801025390625
8,436,4.6715919278323625e-05,4.6715919278323625e-05,4.6715919278323625e-05,True,63456,63.77849578857422,428.63348388671875
8,518,1.654958326199699e-05,1.654958326199699e-05,1.654958326199699e-05,True,120043,106.73400115966797,458.22100830078125
8,879,6.386044647424187e-06,0.07261942314877536,0.07042727993725488,False,64474,254.7119903564453,433.44097900390625
8,2851,3.558863725134318e-05,3.558863725134318e-05,3.558863725134318e-05,True,46365,76.58810424804688,437.7060852050781
8,3016,6.029775187352412e-05,6.029775187352412e-05,6.029775187352412e-05,True,54204,86.14659881591797,490.3675842285156
8,3232,2.1029122616848127e-06,2.1029122616848127e-06,2.1029122616848127e-06,True,125912,209.5659942626953,454.2279968261719
8,3531,6.865779943887682e-05,6.865779943887682e-05,6.865779943887682e-05,True,116694,98.25990295410156,427.0408935546875
8,3654,5.685876513998236e-06,0.14104284781878565,0.12463478806849429,False,130709,200.56199645996094,378.8450012207031
8,3666,2.4663836886189035e-05,7.327961653185968e-05,7.327961653185968e-05,False,5269,177.4860076904297,452.4239807128906
8,4449,8.301050383950723e-05,8.301050383950723e-05,8.301050383950723e-05,True,46249,66.60890197753906,475.53790283203125
8,5716,1.7302461789915e-05,1.7302461789915e-05,1.7302461789915e-05,True,1424,264.6260070800781,467.48101806640625
8,5718,4.442246495224703e-06,4.442246495224703e-06,4.442246495224703e-06,True,89661,89.71759796142578,435.2305908203125
8,6214,3.931297781839624e-07,3.931297781839624e-07,3.931297781839624e-07,True,13632,121.08799743652344,466.2200012207031
8,6241,5.287418113613834e-06,1.9613320240063017e-05,1.9613320240063017e-05,False,5920,64.18730163574219,457.8642883300781
8,6397,6.247604572681454e-06,6.247604572681454e-06,6.247604572681454e-06,True,99723,174.1389923095703,427.0639953613281
8,6664,8.466012100602351e-05,8.466012100602351e-05,8.466012100602351e-05,True,97251,151.84600830078125,449.6610107421875
8,6763,1.00521507276952e-05,1.00521507276952e-05,1.00521507276952e-05,True,103537,162.09500122070312,425.4990234375
8,7410,0.00011552004087067252,0.00011552004087067252,0.00011552004087067252,True,52895,88.09100341796875,410.3659973144531
8,7415,9.243460883256478e-05,0.059092363342123255,0.059092363342123255,False,104664,270.7869873046875,453.72998046875
8,7551,7.417357403345003e-05,7.417357403345003e-05,7.417357403345003e-05,True,39935,91.69819641113281,464.91119384765625
8,7645,3.727647886936914e-05,3.727647886936914e-05,3.727647886936914e-05,True,119528,130.49099731445312,454.19500732421875
8,8837,1.1892240946428812e-06,1.1892240946428812e-06,1.1892240946428812e-06,True,122205,121.72900390625,458.71697998046875
8,9727,6.622045094002417e-05,6.622045094002417e-05,6.622045094002417e-05,True,76069,207.48199462890625,419.3639831542969
8,10633,5.1411150585951414e-06,5.1411150585951414e-06,5.1411150585951414e-06,True,70216,172.02000427246094,398.2669982910156
8,12171,5.0195811378009965e-06,8.996545300853385e-06,8.996545300853385e-06,False,95629,241.77398681640625,466.6869812011719
8,13101,2.260018375043124e-05,2.260018375043124e-05,2.260018375043124e-05,True,17350,240.08700561523438,431.2220153808594
8,13148,5.804104680289777e-06,5.804104680289777e-06,5.804104680289777e-06,True,124616,103.29299926757812,458.55902099609375
8,13621,2.721257090504023e-05,6.808995398881286e-05,6.808995398881286e-05,False,75174,199.5380096435547,468.2270202636719
8,13820,1.855101890281256e-05,4.157384608090398e-05,4.157384608090398e-05,False,65930,218.4029998779297,480.7569885253906
8,14531,1.0416619440708893e-05,1.0416619440708893e-05,1.0416619440708893e-05,True,109577,126.19499969482422,424.0469970703125
8,15251,0.00012930668732496686,0.00012930668732496686,0.00012930668732496686,True,11483,73.94839477539062,459.51641845703125
8,16281,0.00010017523071296593,0.00010017523071296593,0.00010017523071296593,True,77125,121.43799591064453,476.66497802734375
8,16844,3.021548813440612e-05,0.0001366009207954157,0.0001366009207954157,False,67769,195.18699645996094,465.39300537109375
8,16859,2.173258059983028e-06,1.4339699344660281e-05,1.4339699344660281e-05,False,47864,259.5039978027344,449.2510070800781
8,17074,5.2577616351835355e-05,0.16172918080030282,0.16000915187806003,False,35719,243.02899169921875,429.16900634765625
8,17234,3.97504529642771e-05,3.97504529642771e-05,3.97504529642771e-05,True,11301,218.49200439453125,407.49298095703125
8,18273,9.926239783168018e-06,1.4031748590850729e-05,1.4031748590850729e-05,False,74585,263.17401123046875,413.87896728515625
8,18771,3.297114480657419e-05,3.526123700076079e-05,3.526123700076079e-05,False,16368,117.86500549316406,487.54998779296875
8,18949,1.869021100529717e-05,0.00011282389432949017,8.145646785289252e-05,False,115383,127.99200439453125,483.958984375
8,19349,7.12981671631024e-05,0.0001639060316664534,0.0001639060316664534,False,107591,89.15480041503906,457.37982177734375
8,19760,1.6613982090043754e-05,9.818437504571396e-05,9.818437504571396e-05,False,16240,77.6438980102539,431.95489501953125
8,19789,2.7768483557445746e-05,3.341047799092331e-05,3.341047799092331e-05,False,22524,144.38900756835938,418.83599853515625
8,20335,9.685569892088212e-07,1.687964027133181e-05,1.687964027133181e-05,False,15601,188.9860076904297,442.1969909667969
8,21196,7.767998990175038e-07,5.506297023118578e-06,5.506297023118578e-06,False,101380,114.93099975585938,424.7599792480469
8,23087,0.00014740151412544642,1.0910048593736277,1.0867399697221576,False,101241,175.4929962158203,419.3970031738281
8,23393,4.0164602673638476e-05,9.927929413265149e-05,9.927929413265149e-05,False,78354,69.40679931640625,434.98382568359375
8,23784,1.1461288640292034e-05,1.1461288640292034e-05,1.1461288640292034e-05,True,63906,235.2760009765625,453.64300537109375
8,24153,1.4516255427290943e-05,1.4516255427290943e-05,1.4516255427290943e-05,True,20254,56.641700744628906,441.9656982421875
8,24411,5.481126284355527e-06,5.481126284355527e-06,5.481126284355527e-06,True,8282,166.2550048828125,471.7330017089844
8,24470,2.0789802243277628e-05,0.0001545610143858657,0.0001545610143858657,False,94410,219.656005859375,456.43402099609375
8,27066,8.811320513711507e-07,8.811320513711507e-07,8.811320513711507e-07,True,100575,270.2019958496094,432.10101318359375
8,28863,2.4950188866866757e-05,2.4950188866866757e-05,2.4950188866866757e-05,True,95823,131.7919921875,420.760986328125
8,28906,4.0263054877467e-06,4.0263054877467e-06,4.0263054877467e-06,True,57652,80.92630004882812,431.72027587890625
8,29109,1.5918947148293656e-05,0.00011526121789892557,0.00011526121789892557,False,35979,69.48079681396484,452.0238037109375
8,29678,1.3974740744593006e-06,1.3974740744593006e-06,1.3974740744593006e-06,True,76267,256.50201416015625,454.4630126953125
8,31139,2.969305361157928e-06,2.969305361157928e-06,2.969305361157928e-06,True,70106,246.21200561523438,475.87103271484375
8,32394,2.1500646761744195e-05,2.1500646761744195e-05,2.1500646761744195e-05,True,7919,233.5900115966797,441.4510192871094
8,32739,0.00016794580233596906,0.00016794580233596906,0.00016794580233596906,True,123776,104.26499938964844,391.8190002441406
8,34015,1.3860425258957317e-05,4.3040948444204746e-05,4.3040948444204746e-05,False,9682,147.1669921875,517.0320434570312
8,34200,4.063983702711294e-05,4.063983702711294e-05,4.063983702711294e-05,True,119602,188.58599853515625,453.3559875488281
8,34678,1.9028029056885944e-05,5.844986832605976e-05,5.844986832605976e-05,False,88315,240.82598876953125,446.4560241699219
8,34815,3.773752725923557e-05,3.773752725923557e-05,3.773752725923557e-05,True,68762,83.18409729003906,433.8511047363281
8,35092,1.8156219697162583e-05,1.8156219697162583e-05,1.8156219697162583e-05,True,60733,102.7909927368164,425.0119934082031
9,107,3.810158173298128e-05,3.810158173298128e-05,3.810158173298128e-05,True,23869,149.56100463867188,441.9079895019531
9,155,6.065747545967755e-06,6.065747545967755e-06,6.065747545967755e-06,True,109977,109.68399810791016,435.1059875488281
9,291,1.5293886275682947e-05,1.5293886275682947e-05,1.5293886275682947e-05,True,67810,184.8719940185547,438.45001220703125
9,1571,2.3033887062034068e-05,2.3033887062034068e-05,2.3033887062034068e-05,True,77166,245.5600128173828,411.822021484375
9,2427,6.397412213758131e-07,6.374355003583485e-06,6.374355003583485e-06,False,46070,213.4969940185547,447.0830078125
9,2525,0.00010693980192686878,0.22404934643079072,0.20380093947831993,False,19774,224.79100036621094,404.2279968261719
9,3561,7.210134410620146e-07,7.210134410620146e-07,7.210134410620146e-07,True,86969,72.8147964477539,448.7337951660156
9,3938,1.1223213666423664e-05,1.1223213666423664e-05,1.1223213666423664e-05,True,28535,162.18499755859375,456.33203125
9,4953,1.4645591115543552e-05,1.4645591115543552e-05,1.4645591115543552e-05,True,37187,273.29998779296875,443.3609924316406
9,6103,1.7550188534905874e-05,0.0007034219058095397,0.00036832852584252617,False,15904,223.8249969482422,403.0140075683594
9,6306,2.5340242330646382e-05,2.5340242330646382e-05,2.5340242330646382e-05,True,7218,170.81298828125,451.5099792480469
9,7169,1.1087058365138915e-05,1.1087058365138915e-05,1.1087058365138915e-05,True,127060,251.6599884033203,414.5039978027344
9,9375,1.1994224216830681e-06,5.058108494090572e-06,5.058108494090572e-06,False,32534,267.5679931640625,387.0790100097656
9,9911,6.095507235459481e-05,0.00015411331944925212,0.00015411331944925212,False,104821,51.859500885009766,460.77850341796875
9,9955,5.60223447890509e-06,5.60223447890509e-06,5.60223447890509e-06,True,59969,205.57400512695312,475.010009765625
9,10902,1.2505974604309128e-05,1.591966236644037e-05,1.591966236644037e-05,False,18588,275.239990234375,444.21600341796875
9,11451,1.4597180279741255e-05,3.988669099683067e-05,3.988669099683067e-05,False,124296,118.22000122070312,458.3659973144531
9,11700,4.355667963319195e-05,4.355667963319195e-05,4.355667963319195e-05,True,31353,115.31400299072266,431.0169982910156
9,11783,7.973545588263425e-06,7.973545588263425e-06,7.973545588263425e-06,True,11140,184.75599670410156,484.3389892578125
9,12369,6.627002656038207e-06,6.627002656038207e-06,6.627002656038207e-06,True,79605,94.00609588623047,506.84912109375
9,12614,9.60684654192677e-05,9.60684654192677e-05,9.60684654192677e-05,True,116047,79.12000274658203,452.0639953613281
9,13094,2.7252285454316356e-06,2.7252285454316356e-06,2.7252285454316356e-06,True,23656,129.010009765625,466.3079833984375
9,14430,6.243584677368398e-05,0.00010605278598793196,0.00010605278598793196,False,35287,125.47799682617188,447.2120056152344
9,14635,0.00010060416464971491,0.00017854261998372935,0.00017854261998372935,False,9289,116.7699966430664,453.77099609375
9,15698,3.856144908647192e-06,3.5404366794572026e-05,3.5404366794572026e-05,False,74783,67.1323013305664,419.3722839355469
9,16852,1.1683345890017366e-05,0.12279959474191632,0.1213737822054721,False,58840,244.0019989013672,420.1499938964844
9,17034,5.142474827250884e-05,5.142474827250884e-05,5.142474827250884e-05,True,115565,86.7803955078125,383.4143981933594
9,17082,9.40958413299314e-05,9.40958413299314e-05,9.40958413299314e-05,True,72877,147.41600036621094,470.39801025390625
9,17354,7.14666212561599e-05,7.14666212561599e-05,7.14666212561599e-05,True,99059,59.137001037597656,476.0429992675781
9,17904,0.00015143631640276455,0.00015143631640276455,0.00012058966590848979,True,73120,63.9088020324707,436.601806640625
9,17972,5.908581297280418e-05,5.908581297280418e-05,5.908581297280418e-05,True,7424,103.72599792480469,450.4649963378906
9,18703,3.7352417254894885e-05,0.0006717856709562347,0.0006678973745219052,False,46137,237.14700317382812,420.1800231933594
9,19081,4.5536169146756835e-05,4.5536169146756835e-05,4.5536169146756835e-05,True,53209,193.65798950195312,476.989990234375
9,19466,9.683735130013687e-07,2.3991932264859797e-06,2.3991932264859797e-06,False,74936,182.19000244140625,458.5970153808594
9,19499,7.930951926180372e-06,8.311456977471492e-06,8.311456977471492e-06,False,90629,108.25900268554688,421.7669982910156
9,19614,1.5119006552871457e-07,1.5119006552871457e-07,1.5119006552871457e-07,True,67287,227.68299865722656,413.64300537109375
9,20813,2.9816421018771387e-05,4.0196993947614114e-05,4.0196993947614114e-05,False,114257,117.27099609375,440.54498291015625
9,21560,1.2788205453962388e-05,1.2788205453962388e-05,1.2788205453962388e-05,True,56252,192.78700256347656,475.87603759765625
9,21670,1.4307267923657134e-05,1.4307267923657134e-05,1.4307267923657134e-05,True,119399,58.96009826660156,411.0841064453125
9,22069,0.0011510718999511982,1.0626823375562953,1.0626823375562953,False,122089,216.62600708007812,424.23699951171875
9,22464,5.66071234456925e-06,0.00011597699969242894,4.515657308124947e-05,False,120549,239.33599853515625,405.2749938964844
9,22505,4.4056494708781664e-05,4.4056494708781664e-05,4.4056494708781664e-05,True,33837,175.8050079345703,401.885009765625
9,23394,2.8251641526821108e-05,8.146824396467309e-05,1.950220608704205e-05,False,97695,225.88800048828125,422.2229919433594
9,24011,8.13109616344006e-05,8.874476202781807e-05,8.874476202781807e-05,False,44811,90.10580444335938,471.1918029785156
9,24773,2.070763468460051e-05,2.070763468460051e-05,2.070763468460051e-05,True,104578,104.34000396728516,434.2920227050781
9,25560,5.665384998555523e-06,1.4650703462503259e-05,1.4650703462503259e-05,False,89076,276.2449951171875,483.9729919433594
9,25565,2.758564557422948e-06,2.758564557422948e-06,2.758564557422948e-06,True,93664,272.81298828125,465.92999267578125
9,25947,5.26605673614854e-05,5.26605673614854e-05,5.26605673614854e-05,True,56864,173.697998046875,444.6719970703125
9,27433,8.445710162833287e-05,0.022385546984715454,0.022385546984715454,False,49209,255.77899169921875,414.2929992675781
9,27809,5.751355621833346e-05,5.751355621833346e-05,5.751355621833346e-05,True,86412,129.44200134277344,452.79400634765625
9,27865,0.1267199448225861,0.5814812690773564,0.5814812690773564,False,3267,275.21197509765625,473.0439758300781
9,28482,6.7840317129604655e-06,0.06671757665123516,0.06671757665123516,False,130591,274.1669921875,488.031005859375
9,31168,3.157735830093357e-05,4.231337696834281e-05,4.231337696834281e-05,False,65354,80.79969787597656,434.0356750488281
9,31558,3.612432676361694e-05,0.0001940591297236426,0.0001940591297236426,False,35512,74.4000015258789,436.5639953613281
9,32289,4.855287481206026e-06,4.855287481206026e-06,4.855287481206026e-06,True,125161,269.02801513671875,450.2320251464844
9,32542,9.480714396625963e-06,1.6556707683311354e-05,1.6556707683311354e-05,False,65277,234.5590057373047,412.75299072265625
9,32561,3.630870174720385e-05,5.98040687503896e-05,5.98040687503896e-05,False,6363,256.0870056152344,398.3479919433594
9,33421,1.2424959749267478e-05,2.586746081694755e-05,2.586746081694755e-05,False,41899,261.5140075683594,410.07501220703125
9,33434,1.0612927268335393,1.997556352702921,1.997556352702921,False,3267,229.46499633789062,356.0419921875
9,33668,4.308520696331868e-05,4.308520696331868e-05,1.7428535589225493e-05,True,99639,83.72750091552734,440.3085021972656
9,33841,0.00014744424503507726,0.00026705196388413654,0.0002626994561951298,False,88718,128.6669921875,424.54400634765625
9,34271,0.0002445138002408605,0.0002445138002408605,0.0002445138002408605,True,131828,245.68399047851562,420.99200439453125
9,34332,0.29055035456227246,0.6079477070853536,0.6006736353580878,False,132012,277.35400390625,445.6710205078125
9,35323,7.028953868771458e-07,7.028953868771458e-07,7.028953868771458e-07,True,96631,137.9149932861328,403.7740173339844
10,662,3.1152952720962634e-06,3.1152952720962634e-06,3.1152952720962634e-06,True,127509,135.17601013183594,366.6189880371094
10,763,0.00047345144508306584,0.09828300310598162,0.0892892424321902,False,16314,265.8070068359375,482.2080078125
10,1661,3.5549611908386466e-07,3.5549611908386466e-07,3.5549611908386466e-07,True,63900,263.5050048828125,471.2690124511719
10,2537,5.7104800549662025e-06,5.7104800549662025e-06,5.7104800549662025e-06,True,47896,268.64300537109375,481.0879821777344
10,3069,6.80343721217641e-06,6.80343721217641e-06,6.80343721217641e-06,True,7136,222.47900390625,427.1940002441406
10,3408,2.2150936207044373e-05,3.3079492453984905e-05,3.3079492453984905e-05,False,62000,276.77398681640625,440.2829895019531
10,6789,1.19189144601503e-05,1.19189144601503e-05,1.19189144601503e-05,True,130230,275.2900085449219,454.3260192871094
10,6796,4.1212834648961956e-05,4.1212834648961956e-05,4.1212834648961956e-05,True,119889,110.49000549316406,426.30596923828125
10,6905,3.647095005329129e-05,3.647095005329129e-05,3.647095005329129e-05,True,58998,209.11300659179688,438.2409973144531
10,7577,6.380936973477119e-05,0.00019432856058511429,0.00019432856058511429,False,49365,195.1850128173828,443.4109802246094
10,8049,4.64213236132305e-05,4.64213236132305e-05,4.64213236132305e-05,True,84888,112.10100555419922,452.7239685058594
10,8277,3.2087409168378696e-05,3.2087409168378696e-05,3.2087409168378696e-05,True,80239,253.8140106201172,458.8789978027344
10,9501,3.0551938606888175e-05,7.00213269652331e-05,7.00213269652331e-05,False,130339,87.09400177001953,445.5660095214844
10,10163,2.6202385485168452e-05,0.0001547742687133177,0.0001547742687133177,False,51367,94.14110565185547,454.7930908203125
10,10302,0.00015872137446088256,0.00018614542398768424,0.00018614542398768424,False,94961,208.0989990234375,422.698974609375
10,11993,1.3427024092851516e-06,1.3427024092851516e-06,1.3427024092851516e-06,True,105713,262.1369934082031,457.2229919433594
10,12051,4.7340770580854616e-05,4.7340770580854616e-05,4.7340770580854616e-05,True,57907,97.2593994140625,454.8053894042969
10,12707,1.7744091386629463e-05,1.7744091386629463e-05,1.454672005019373e-05,True,97261,246.53099060058594,459.6750183105469
10,13468,7.668839824511187e-07,1.062241751991638e-05,1.062241751991638e-05,False,111201,252.86399841308594,429.2860107421875
10,13545,0.0007185752705685365,0.4605162842487229,0.46012013758273307,False,131997,269.1650085449219,443.7850036621094
10,13891,1.3876922016712286e-05,1.3876922016712286e-05,1.3876922016712286e-05,True,7036,211.0989990234375,467.6289978027344
10,14014,2.657058012733785e-05,2.657058012733785e-05,2.657058012733785e-05,True,123003,187.375,450.8710021972656
10,14078,0.00013397194921780287,0.00013397194921780287,0.00013397194921780287,True,8955,234.04299926757812,445.3290100097656
10,14109,7.491916205040077e-05,7.491916205040077e-05,7.491916205040077e-05,True,25590,94.25409698486328,421.2091064453125
10,14518,8.136949748240996e-05,0.00026048862515853227,0.00026048862515853227,False,120990,110.13800048828125,463.7590026855469
10,15649,3.4725994482689785e-05,8.255370441806176e-05,8.255370441806176e-05,False,115349,131.2050018310547,416.60302734375
10,16456,1.3807412776806717e-05,1.3807412776806717e-05,1.3807412776806717e-05,True,35483,230.77999877929688,383.781005859375
10,16728,2.8805312851724704e-06,2.8805312851724704e-06,2.8805312851724704e-06,True,49648,271.7760009765625,487.051025390625
10,17474,0.2710233530400292,0.3680995040539553,0.3680995040539553,False,131977,228.28399658203125,386.7239990234375
10,17878,0.00041721175641870037,0.0007316390113613666,0.0007316390113613666,False,8693,152.94200134277344,467.8840026855469
10,17881,7.188882627102591e-06,4.2363160737254725e-05,2.3123651655993885e-05,False,58774,58.57969665527344,440.1786804199219
10,18159,8.957840274815326e-05,0.0704536769417454,0.06273952951121246,False,19753,269.6479797363281,443.7149658203125
10,19757,5.277528190244926e-06,0.00015278909649663866,0.00015278909649663866,False,34876,234.5399932861328,429.02398681640625
10,20105,2.5680810967574982e-05,2.5680810967574982e-05,2.5680810967574982e-05,True,50896,277.1059875488281,457.29296875
10,20109,8.521571936845596e-05,0.00018307958836244912,0.00018307958836244912,False,45607,86.96730041503906,488.64227294921875
10,20292,3.1888423368571195e-05,6.201774743761896e-05,6.201774743761896e-05,False,38120,73.39130401611328,444.57232666015625
10,21420,5.861510578269811e-05,6.147124982387163e-05,6.147124982387163e-05,False,120858,109.14900207519531,458.1409912109375
10,21623,3.368133175775481e-05,7.784583429871129e-05,7.784583429871129e-05,False,69239,67.45169830322266,385.4026794433594
10,22725,2.7469584265048213e-06,2.7469584265048213e-06,2.7469584265048213e-06,True,86167,268.7030029296875,444.81500244140625
10,23156,7.14568461002953e-06,7.14568461002953e-06,7.14568461002953e-06,True,90195,197.63400268554688,412.4540100097656
10,24488,5.8987383868824595e-05,5.8987383868824595e-05,5.8987383868824595e-05,True,54699,144.1439971923828,448.79400634765625
10,25213,5.5715463808594175e-06,5.5715463808594175e-06,5.5715463808594175e-06,True,7517,110.03199768066406,464.9100036621094
10,25485,3.020681394095566e-07,3.020681394095566e-07,3.020681394095566e-07,True,52902,166.4250030517578,443.6309814453125
10,26012,8.675082378744636e-05,0.30491997678806165,0.29058467954410494,False,82226,241.218994140625,431.6319885253906
10,26259,0.00027029295113072024,0.00027029295113072024,0.00027029295113072024,True,36609,100.90799713134766,451.42401123046875
10,27757,2.984782298204213e-06,2.4663095210767887e-05,2.4663095210767887e-05,False,77817,158.64500427246094,427.14801025390625
10,27763,0.41788474300699036,0.6950849043462121,0.6847082549335222,False,131985,234.38600158691406,409.52899169921875
10,28303,3.5049740076298462e-06,3.267458675210631e-05,3.267458675210631e-05,False,21602,259.8380126953125,428.1780090332031
10,28698,7.608538917993071e-06,2.76121427464499e-05,2.76121427464499e-05,False,124299,203.843994140625,471.45098876953125
10,29756,6.288265553381229e-05,6.288265553381229e-05,6.288265553381229e-05,True,92778,117.62699890136719,427.9449768066406
10,30084,1.6605410146444152e-05,3.805067592838876e-05,1.692961507180137e-05,False,128090,267.1239929199219,430.6929931640625
10,30285,3.008422813220883e-05,7.167184349252015e-05,7.167184349252015e-05,False,28317,225.20199584960938,413.53399658203125
10,30972,4.25470389042863e-06,4.25470389042863e-06,4.25470389042863e-06,True,119346,262.7749938964844,415.76702880859375
10,31875,0.00021427798127068458,0.0009437323901155053,0.0009003907360769629,False,35453,51.61150360107422,487.4585266113281
10,32192,2.190010960470768e-06,1.1315497101940983e-05,1.1315497101940983e-05,False,37614,264.22698974609375,463.1159973144531
10,32959,5.283984909964559e-05,0.00010024938088973189,0.00010024938088973189,False,98001,81.70589447021484,441.9958801269531
10,33145,0.00019262911453120927,0.00019262911453120927,0.00019262911453120927,True,52840,167.4199981689453,415.22198486328125
10,33321,1.8943048693241714e-05,1.8943048693241714e-05,1.8943048693241714e-05,True,129943,123.1189956665039,466.3290100097656
10,33937,0.00010736896204447497,0.00010736896204447497,0.00010736896204447497,True,59945,63.423797607421875,478.1788024902344
10,34410,9.036316716910608e-06,9.036316716910608e-06,9.036316716910608e-06,True,60155,256.29498291015625,459.5400085449219
10,34423,7.99340652949937e-06,4.621638170769774e-05,4.621638170769774e-05,False,25797,215.5500030517578,483.0350036621094
10,34999,1.4682942324678179e-05,1.4682942324678179e-05,1.4682942324678179e-05,True,119750,271.0030212402344,443.9639892578125
10,35009,5.860846529983898e-05,5.860846529983898e-05,5.860846529983898e-05,True,113208,129.17100524902344,432.01397705078125
10,35329,3.53387653894969e-05,3.53387653894969e-05,3.53387653894969e-05,True,119937,118.15799713134766,442.489990234375
11,142,3.1378760858223763e-06,4.089825086298315e-06,4.089825086298315e-06,False,6202,151.0089874267578,376.6809997558594
11,1518,1.851932603967001e-05,1.851932603967001e-05,1.851932603967001e-05,True,50741,100.6290054321289,431.3659973144531
11,2846,2.8223833628716208e-05,2.8223833628716208e-05,2.8223833628716208e-05,True,14639,213.05899047851562,480.7459716796875
11,3051,1.1531471107645941e-05,1.1531471107645941e-05,1.1531471107645941e-05,True,99767,154.93899536132812,463.81597900390625
11,4007,4.0602873638102096e-05,4.0602873638102096e-05,4.0602873638102096e-05,True,7521,86.7677993774414,427.2737731933594
11,4411,1.4925764967491022e-06,1.4925764967491022e-06,1.4925764967491022e-06,True,105957,271.93499755859375,435.24200439453125
11,4538,1.3417713186932735e-05,1.3417713186932735e-05,1.3417713186932735e-05,True,126775,219.61199951171875,421.65301513671875
11,5529,2.8554938031302737e-07,2.8554938031302737e-07,2.8554938031302737e-07,True,59638,177.3419952392578,416.5719909667969
11,6975,8.009504747164082e-05,8.009504747164082e-05,8.009504747164082e-05,True,93323,155.58799743652344,411.177001953125
11,7811,0.00011558467389799194,0.00011558467389799194,0.00011558467389799194,True,20291,75.04419708251953,431.8981628417969
11,8486,5.3378037668740214e-05,5.3378037668740214e-05,5.3378037668740214e-05,True,86024,66.81360626220703,428.36956787109375
11,9247,4.2384290010929415e-05,6.412716814653458e-05,6.412716814653458e-05,False,39386,137.5290069580078,406.91900634765625
11,10024,1.2534768657891312e-06,0.00011582728074299125,0.00011582728074299125,False,84565,100.19000244140625,399.8330383300781
11,10329,0.00015299953842904006,0.41064267327437487,0.39604564219658217,False,2712,241.19400024414062,407.06597900390625
11,10519,2.2093333517119415e-06,1.368391411378206e-05,1.368391411378206e-05,False,31363,239.9810028076172,431.4749755859375
11,10701,3.191717181149344e-05,3.191717181149344e-05,3.191717181149344e-05,True,93211,103.55999755859375,451.8420104980469
11,10857,1.768686351154645e-05,5.21414361129211e-05,5.21414361129211e-05,False,45903,117.86399841308594,486.6020202636719
11,11138,0.04502220253323026,0.18314717196596775,0.18145390914118203,False,132027,247.94000244140625,406.6829833984375
11,12731,1.2651871281195103e-05,1.2651871281195103e-05,1.2651871281195103e-05,True,2364,58.88199996948242,449.0369873046875
11,13317,2.120634807327834e-05,2.120634807327834e-05,2.120634807327834e-05,True,3574,253.36599731445312,448.4519958496094
11,13742,5.620672886699708e-05,9.37907169271565e-05,9.37907169271565e-05,False,25863,57.01470184326172,451.4377136230469
11,14106,3.0926913927658204e-05,3.0926913927658204e-05,3.0926913927658204e-05,True,43119,91.57019805908203,456.90618896484375
11,14155,3.0013827116931633e-06,3.0013827116931633e-06,3.0013827116931633e-06,True,109735,167.9580078125,416.1310119628906
11,14297,5.2268275717111457e-05,5.2268275717111457e-05,2.1836509605204656e-05,True,14119,142.22100830078125,437.1289978027344
11,14764,1.7719558680534596e-06,1.7719558680534596e-06,1.7719558680534596e-06,True,99125,99.40270233154297,445.31768798828125
11,15053,2.228256562357271e-07,5.739773850693908e-05,5.739773850693908e-05,False,71963,133.31100463867188,446.15399169921875
11,15640,3.51872555887365e-05,0.0010443992030659442,0.0010443992030659442,False,15291,51.509300231933594,438.61328125
11,15721,9.799560805311076e-05,9.799560805311076e-05,9.799560805311076e-05,True,116800,55.778900146484375,472.06488037109375
11,16025,0.7857210542473071,1.2265478025375598,1.2147689064891694,False,131987,232.6009979248047,406.41998291015625
11,16115,7.523867634281721e-05,7.523867634281721e-05,7.523867634281721e-05,True,102344,78.447998046875,387.41400146484375
11,16782,5.503417825293902e-06,5.503417825293902e-06,5.503417825293902e-06,True,28770,249.59500122070312,454.9210205078125
11,17013,9.090850210237364e-05,9.090850210237364e-05,9.090850210237364e-05,True,127259,54.0255012512207,453.197509765625
11,17103,1.1206049007254927e-05,1.1206049007254927e-05,1.1206049007254927e-05,True,96157,109.67300415039062,429.4129943847656
11,17582,5.114976343264605e-06,1.1255100627035851e-05,3.963011326291156e-06,False,61403,248.52999877929688,453.97601318359375
11,17864,7.463101378828453e-05,7.463101378828453e-05,7.463101378828453e-05,True,26511,108.83200073242188,473.9809875488281
11,17871,4.75465351682542e-05,4.75465351682542e-05,4.75465351682542e-05,True,96323,87.08570098876953,446.4626770019531
11,18412,3.584361589412165e-05,3.584361589412165e-05,3.584361589412165e-05,True,130032,83.84729766845703,471.1983337402344
11,19021,9.8320743079716e-05,9.8320743079716e-05,9.8320743079716e-05,True,9938,128.1179962158203,438.5969543457031
11,20027,7.77398078964232e-06,2.570053723637919e-05,2.570053723637919e-05,False,128348,250.72300720214844,454.1940002441406
11,20799,1.2234904129021456e-05,1.2371956600815378e-05,1.2371956600815378e-05,False,17856,229.72300720214844,414.7019958496094
11,21407,7.178311773204438e-06,7.178311773204438e-06,7.178311773204438e-06,True,39649,236.20899963378906,398.5570068359375
11,21466,0.00046267236559995186,0.00046267236559995186,0.0001908990549780407,True,58353,159.44400024414062,446.0350036621094
11,22604,6.884739117452367e-05,0.19472772905218397,0.18996373976803788,False,2973,269.1130065917969,449.0439758300781
11,22779,8.274987298296424e-06,8.274987298296424e-06,8.274987298296424e-06,True,7662,256.64202880859375,443.3330383300781
11,23090,1.5638982410929312e-06,1.5638982410929312e-06,1.5638982410929312e-06,True,53006,139.40599060058594,443.69000244140625
11,23817,2.2975051922672087e-05,2.2975051922672087e-05,2.2975051922672087e-05,True,92449,252.7270050048828,449.71502685546875
11,24881,9.714864645009164e-07,8.088939717344321e-05,8.088939717344321e-05,False,46045,89.47990417480469,471.3848876953125
11,25937,6.236897489874389e-06,1.1817273636400963e-05,1.1817273636400963e-05,False,21462,252.32699584960938,393.3680114746094
11,26171,1.4504662290743446,1.9825541941326374,1.9729501116720893,False,3282,224.61700439453125,414.8500061035156
11,26355,1.3079391175738106e-05,1.3079391175738106e-05,1.3079391175738106e-05,True,31717,84.49340057373047,466.6023864746094
11,26603,5.338411841334994e-06,1.8008308705444038e-05,1.8008308705444038e-05,False,127777,134.8350067138672,428.052978515625
11,27730,6.586824446878594e-05,6.586824446878594e-05,6.586824446878594e-05,True,92467,169.0810089111328,406.36199951171875
11,28193,2.2517425453795805e-05,2.2517425453795805e-05,2.2517425453795805e-05,True,10552,193.30300903320312,448.2380065917969
11,29272,2.0508224020599658e-06,7.733033845022849e-06,7.733033845022849e-06,False,91916,257.9210205078125,433.17999267578125
11,29317,1.4644270760488336e-05,1.4644270760488336e-05,1.4644270760488336e-05,True,89541,86.65890502929688,403.8238830566406
11,30014,5.2226460053735946e-06,5.2226460053735946e-06,5.2226460053735946e-06,True,51245,276.3949890136719,436.60498046875
11,31865,4.044453229599594e-06,4.044453229599594e-06,4.044453229599594e-06,True,36601,131.58599853515625,416.84698486328125
11,32291,9.889793157518821e-06,9.889793157518821e-06,9.889793157518821e-06,True,42030,234.74400329589844,361.2560119628906
11,32628,2.889745265738769e-05,0.0002733625626803116,0.0002733625626803116,False,68391,121.17400360107422,463.54400634765625
11,32638,3.4962778028230026e-05,3.4962778028230026e-05,3.4962778028230026e-05,True,29889,107.25299835205078,449.3569641113281
11,33744,2.4535572955004765e-06,2.4535572955004765e-06,2.4535572955004765e-06,True,78167,246.6750030517578,456.8759765625
11,34234,2.058729669555098e-06,2.058729669555098e-06,2.058729669555098e-06,True,99660,272.77801513671875,414.4809875488281
11,34609,3.159380372600952e-05,3.159380372600952e-05,3.159380372600952e-05,True,89606,92.17919921875,447.5892333984375
11,35121,1.0472104176315686e-06,1.0472104176315686e-06,1.0472104176315686e-06,True,82785,76.63109588623047,464.4941101074219
12,1053,2.518230909105677e-06,2.518230909105677e-06,2.518230909105677e-06,True,102396,96.86709594726562,405.695068359375
12,1240,5.187582725982385e-06,1.4047300245736703e-05,1.4047300245736703e-05,False,85280,261.5140075683594,431.72100830078125
12,1558,4.3214955054756625e-06,4.3214955054756625e-06,1.090245157625569e-06,True,24831,250.43099975585938,453.6830139160156
12,1689,1.9644016058532764e-06,5.652711466968268e-05,5.652711466968268e-05,False,91218,173.2849884033203,432.2749938964844
12,2007,5.189654160632089e-05,0.00015129277528995105,0.00015129277528995105,False,127477,203.56700134277344,422.093017578125
12,2134,3.9767340432065134e-05,3.9767340432065134e-05,3.9767340432065134e-05,True,27638,144.6490020751953,419.7200012207031
12,2211,2.0999816193949697e-05,2.0999816193949697e-05,2.0999816193949697e-05,True,109540,172.6790008544922,472.4540100097656
12,2599,0.0008179761861021156,0.10707421891402322,0.09631834717140589,False,15783,95.70790100097656,397.73089599609375
12,2869,9.61787034556887e-06,9.61787034556887e-06,9.61787034556887e-06,True,93522,68.96299743652344,407.3349914550781
12,4861,5.4500272039549915e-06,8.483368430212914e-06,8.483368430212914e-06,False,58678,264.3349914550781,453.0360107421875
12,5038,2.2552873427210612e-06,2.2552873427210612e-06,2.2552873427210612e-06,True,116447,243.8350067138672,438.5229797363281
12,6206,2.2486039753776603e-05,2.2486039753776603e-05,2.2486039753776603e-05,True,47412,208.9219970703125,437.9919738769531
12,6726,4.799846466229614e-06,9.948696680680444e-06,9.948696680680444e-06,False,74232,148.7050018310547,443.0060119628906
12,7015,2.0432797458778513e-05,3.316726354972281e-05,3.316726354972281e-05,False,128499,232.08099365234375,420.9439697265625
12,7127,0.00011739026382184928,0.00016141270191803134,0.00016141270191803134,False,41525,141.07400512695312,397.385009765625
12,7182,3.2222584844661597e-06,3.2222584844661597e-06,3.2222584844661597e-06,True,110817,262.8940124511719,449.7409973144531
12,7928,5.7601124074300563e-05,0.00011642450130979663,0.00011642450130979663,False,9375,93.52579498291016,415.5798034667969
12,8026,1.2868635965897053e-05,2.5760667292166206e-05,2.5760667292166206e-05,False,24658,227.04299926757812,431.0989990234375
12,8066,3.7150583330338633e-06,3.7150583330338633e-06,3.7150583330338633e-06,True,7914,255.07000732421875,451.0799865722656
12,8266,1.251319712817848e-05,1.251319712817848e-05,7.068420090528272e-06,True,51938,268.52099609375,438.3740234375
12,8984,4.024901379444154e-05,9.680798958195652e-05,9.680798958195652e-05,False,16094,121.16699981689453,494.1399841308594
12,9301,3.537745858437264e-06,2.092646468048737e-05,2.092646468048737e-05,False,102243,267.3909912109375,446.031982421875
12,9814,5.256677458624114e-06,5.256677458624114e-06,5.256677458624114e-06,True,82769,155.01800537109375,399.22100830078125
12,9825,9.919792311107226e-07,9.919792311107226e-07,9.919792311107226e-07,True,52189,249.42100524902344,422.18499755859375
12,10089,8.622599181265746e-05,8.622599181265746e-05,8.622599181265746e-05,True,44604,188.0279998779297,430.323974609375
12,11634,1.3812841597609657e-05,1.3812841597609657e-05,1.3812841597609657e-05,True,73836,137.55599975585938,427.7769775390625
12,11657,2.628461304011749e-05,8.646980231762354e-05,5.984134565877202e-06,False,16161,242.19900512695312,409.50201416015625
12,13165,2.538922670699804e-05,2.538922670699804e-05,2.538922670699804e-05,True,76560,159.3459930419922,479.9129943847656
12,13266,9.754323187562888e-05,0.00011037018350641375,9.291339388183544e-05,False,58772,190.43199157714844,436.260986328125
12,13585,3.673456421164334e-05,3.673456421164334e-05,3.673456421164334e-05,True,129654,125.08100128173828,424.56298828125
12,14175,0.3886437160448696,0.6122298379713478,0.6114442948204005,False,132028,231.45700073242188,432.27398681640625
12,14706,1.2785157478830186e-05,3.255791442526482e-05,3.255791442526482e-05,False,97541,245.0850067138672,387.135009765625
12,17429,2.865194095418119e-05,0.00011385988507143382,0.00011385988507143382,False,34319,107.04399871826172,479.40301513671875
12,19562,7.964668225007211e-05,0.0001811482665785798,0.0001811482665785798,False,52586,122.33499908447266,438.4020080566406
12,19569,3.804865667012874e-05,3.804865667012874e-05,3.804865667012874e-05,True,87059,155.2159881591797,473.32000732421875
12,20059,2.491944994222096e-06,2.491944994222096e-06,2.491944994222096e-06,True,11070,128.11000061035156,450.3260192871094
12,20431,6.96071549850371e-05,0.00024449411036381584,0.00024449411036381584,False,6434,75.46009826660156,358.4080810546875
12,21070,0.00011227628032627755,0.00011227628032627755,0.00011227628032627755,True,36872,85.24700164794922,414.593017578125
12,21182,1.4075461594207835e-05,7.440199500222194e-05,7.440199500222194e-05,False,91410,110.73799896240234,442.64801025390625
12,21335,5.373576640453238e-06,5.373576640453238e-06,5.373576640453238e-06,True,92561,119.13500213623047,432.3299865722656
12,21936,0.000107698363788276,0.00019092853075987988,0.00019092853075987988,False,97541,106.22899627685547,383.82501220703125
12,22902,1.880035409611131e-05,1.880035409611131e-05,1.880035409611131e-05,True,87819,240.16900634765625,412.79400634765625
12,22964,2.4566715889910815e-06,2.4566715889910815e-06,2.4566715889910815e-06,True,129679,151.49700927734375,442.9950256347656
12,25478,1.1938415190308027e-05,1.1938415190308027e-05,1.1938415190308027e-05,True,8295,197.97999572753906,418.51300048828125
12,25847,5.6436085938727434e-05,5.6436085938727434e-05,5.6436085938727434e-05,True,17264,50.910301208496094,439.20831298828125
12,26062,1.1015034201029679e-05,9.74329139582573e-05,9.74329139582573e-05,False,22527,65.78300476074219,386.8039855957031
12,26636,1.2023604253941435e-05,1.2023604253941435e-05,1.2023604253941435e-05,True,31345,89.11750030517578,449.42950439453125
12,27991,6.887364802260732e-05,8.032877905483747e-05,8.032877905483747e-05,False,102034,66.57559967041016,458.8705749511719
12,28011,1.9196232225676227e-05,1.9196232225676227e-05,1.9196232225676227e-05,True,43710,181.20799255371094,410.9049987792969
12,28215,3.853830439526942e-05,3.853830439526942e-05,3.853830439526942e-05,True,53111,128.11399841308594,473.2350158691406
12,28972,4.1629653815435315e-05,4.1629653815435315e-05,4.1629653815435315e-05,True,83195,124.24800109863281,423.39398193359375
12,29641,1.1495896698827493e-05,2.510272532081878e-05,2.510272532081878e-05,False,91765,149.80999755859375,451.91998291015625
12,29715,5.187210644144793e-06,5.187210644144793e-06,5.187210644144793e-06,True,119821,187.6409912109375,524.948974609375
12,30126,7.682299964307962e-06,7.682299964307962e-06,7.682299964307962e-06,True,7995,270.68798828125,455.36102294921875
12,31010,6.309212036283031e-05,6.32920308454332e-05,6.32920308454332e-05,False,24566,112.68199920654297,420.63702392578125
12,31044,0.00012605485597030926,0.0001987057433493904,0.0001987057433493904,False,5918,201.58700561523438,422.2149963378906
12,31171,4.1514480013542145e-06,9.344164464191537e-06,9.344164464191537e-06,False,74491,260.32098388671875,426.4519958496094
12,31664,1.6132866984236035e-05,2.2604842121953902e-05,2.2604842121953902e-05,False,13114,136.57400512695312,460.1860046386719
12,32934,3.328296223274532e-05,3.328296223274532e-05,3.328296223274532e-05,True,73023,262.5199890136719,472.2889709472656
12,33323,9.415415930389879e-05,9.505770116936677e-05,9.505770116936677e-05,False,34991,145.91600036621094,474.0980224609375
12,33419,3.225933495445184e-07,3.225933495445184e-07,3.225933495445184e-07,True,43110,183.89700317382812,481.2229919433594
12,33460,3.1114376800107555e-05,3.1114376800107555e-05,3.1114376800107555e-05,True,99204,57.777198791503906,491.9552001953125
12,33462,5.1427196429202725e-05,5.1427196429202725e-05,2.9760951794775088e-05,True,85001,236.73098754882812,423.4579772949219
12,33580,7.227125427939203e-06,7.227125427939203e-06,7.227125427939203e-06,True,31107,266.8809814453125,419.7309875488281
13,819,5.302185830576324e-06,4.389259949176887e-05,4.389259949176887e-05,False,49217,72.75080108642578,407.7677917480469
13,858,4.9066463614830826e-05,4.9066463614830826e-05,4.9066463614830826e-05,True,8654,121.67699432373047,423.5220031738281
13,1090,3.87658703791233e-05,3.87658703791233e-05,3.87658703791233e-05,True,125754,160.6169891357422,485.3229675292969
13,1615,2.3117525576829385e-05,2.946069845065682e-05,2.946069845065682e-05,False,84872,127.88599395751953,408.5010070800781
13,2734,3.751931656194841e-05,3.751931656194841e-05,3.751931656194841e-05,True,97905,150.0500030517578,394.6159973144531
13,3356,2.4631484582028714e-05,0.00010826703214855659,0.00010826703214855659,False,54226,95.6613998413086,465.6773986816406
13,3641,1.9887776396128606e-05,7.087822442742756e-05,7.087822442742756e-05,False,58759,84.73380279541016,418.2838134765625
13,3705,4.807354598156021e-06,4.807354598156021e-06,4.807354598156021e-06,True,88434,254.42999267578125,370.2510070800781
13,3765,4.687094262317066e-05,4.933045811570459e-05,4.933045811570459e-05,False,19064,248.59500122070312,451.1610107421875
13,4810,5.399536670391583e-05,5.399536670391583e-05,3.783625675349312e-05,True,5548,179.7010040283203,460.18798828125
13,4875,2.6961813477664568e-05,3.25908592544081e-05,3.25908592544081e-05,False,114638,264.0419921875,436.1090087890625
13,4908,0.00011256371131140057,0.00020084385594586153,0.00020084385594586153,False,49272,165.76400756835938,401.62200927734375
13,5069,1.2257764047950135e-05,1.2257764047950135e-05,1.2257764047950135e-05,True,14940,269.0669860839844,443.73101806640625
13,6146,6.203556714910788e-05,0.00014072785114075753,0.00014072785114075753,False,31687,224.46099853515625,451.0630187988281
13,6622,6.4239250913567644e-06,1.3009324591698235e-05,1.3009324591698235e-05,False,111253,242.93899536132812,445.7979736328125
13,8037,1.4095785241939225e-06,3.094850032556983e-05,3.094850032556983e-05,False,64078,247.13499450683594,461.8399963378906
13,8041,2.6661346188387996e-05,2.6661346188387996e-05,2.6661346188387996e-05,True,77199,224.13400268554688,383.0979919433594
13,11363,7.893481617530363e-06,0.00016868883947879115,0.00016868883947879115,False,123986,143.64700317382812,415.822021484375
13,11383,1.6990426253331265e-05,2.706859916797133e-05,2.706859916797133e-05,False,116942,122.18399810791016,441.843017578125
13,12194,9.362422735528602e-06,9.362422735528602e-06,9.362422735528602e-06,True,123755,199.86599731445312,408.4070129394531
13,12980,1.6273129736268564e-05,8.145518853310589e-05,8.145518853310589e-05,False,14898,131.6840057373047,453.4530029296875
13,13213,9.834385533425604e-05,9.834385533425604e-05,9.834385533425604e-05,True,53392,116.15999603271484,417.22601318359375
13,13238,2.798757966221017e-06,2.798757966221017e-06,2.798757966221017e-06,True,49237,183.70599365234375,429.1130065917969
13,14540,3.601905364729527e-05,6.161966248673636e-05,6.161966248673636e-05,False,108420,132.22299194335938,370.98699951171875
13,14677,1.1762223092186216e-05,1.4211559213494059e-05,1.4211559213494059e-05,False,9399,98.34089660644531,461.14288330078125
13,14897,3.94978582383736e-06,3.7194750280089186e-05,3.7194750280089186e-05,False,91750,258.3190002441406,421.5799865722656
13,14985,4.979295088174043e-06,4.979295088174043e-06,4.979295088174043e-06,True,125013,252.23898315429688,402.46600341796875
13,15265,5.591599942292766e-05,5.591599942292766e-05,5.591599942292766e-05,True,90118,127.83700561523438,450.18701171875
13,15342,1.941878060997845e-06,1.941878060997845e-06,1.941878060997845e-06,True,37625,271.322021484375,447.1700134277344
13,15461,0.0666941093977364,0.3238148853450652,0.31911481355329707,False,132021,275.1199951171875,494.0589904785156
13,16067,7.437512373835183e-05,0.0001367333618855537,0.0001367333618855537,False,102325,111.51000213623047,420.3750305175781
13,16261,3.8409396712841266e-05,5.1560635557237366e-05,5.1560635557237366e-05,False,2508,172.0959930419922,467.7699890136719
13,16274,4.0510665493431585e-05,0.00019009713116280283,0.00019009713116280283,False,120137,139.5240020751953,414.592041015625
13,16334,1.4213324246824556e-05,1.4213324246824556e-05,1.053714518147346e-05,True,92081,251.73399353027344,439.291015625
13,16775,1.4553437177292286e-05,2.815493751659544e-05,2.815493751659544e-05,False,41373,122.73600006103516,475.5589904785156
13,16806,6.848472067165164e-07,6.848472067165164e-07,6.848472067165164e-07,True,93206,263.2020263671875,492.1690368652344
13,17047,2.5882304659005435e-05,2.5882304659005435e-05,2.5882304659005435e-05,True,97450,98.11600494384766,447.9110107421875
13,17118,4.976558389531328e-05,0.0001479820926922244,0.0001479820926922244,False,62478,146.43399047851562,460.4739990234375
13,17248,0.0002360707342717701,0.4122892431237479,0.4122892431237479,False,5633,207.96200561523438,413.1050109863281
13,18363,6.8431303904428365e-06,6.8431303904428365e-06,6.8431303904428365e-06,True,112699,58.78660202026367,430.95062255859375
13,21519,9.27803887623903e-06,0.0002484302496062153,0.0002484302496062153,False,120581,62.288700103759766,460.2807312011719
13,22221,1.3615414669977412e-05,1.3615414669977412e-05,1.3615414669977412e-05,True,3997,109.6709976196289,453.114990234375
13,22912,1.2688883360798583e-05,1.2688883360798583e-05,1.2688883360798583e-05,True,24842,163.03500366210938,444.55999755859375
13,23325,1.757840238035387e-05,2.4177765710819992e-05,2.4177765710819992e-05,False,16111,166.1909942626953,428.39495849609375
13,24696,4.016173805576711e-05,0.1286548878259324,0.1286548878259324,False,117620,228.47000122070312,410.6619873046875
13,24849,8.747932723699094e-06,1.86778771625078e-05,1.86778771625078e-05,False,6547,123.281005859375,426.4410095214844
13,25590,4.265263187440534e-05,4.265263187440534e-05,4.265263187440534e-05,True,66986,104.18599700927734,425.7969970703125
13,26618,5.114292999613759e-06,6.198529421997415e-05,6.198529421997415e-05,False,124542,174.30599975585938,490.4580078125
13,27005,7.894211400357316e-05,0.00013323057889953486,0.00013323057889953486,False,38356,57.882598876953125,471.90460205078125
13,27654,5.187755328585444e-06,5.187755328585444e-06,5.187755328585444e-06,True,100347,252.79901123046875,437.052001953125
13,27689,9.092304023922735e-06,9.092304023922735e-06,9.092304023922735e-06,True,17729,237.68399047851562,426.4200134277344
13,28227,1.0271259221142792,1.0862204859545919,1.0736100826561172,False,132036,233.02699279785156,380.9679870605469
13,28253,5.626512618906441e-05,5.626512618906441e-05,5.626512618906441e-05,True,23207,175.46099853515625,476.1619873046875
13,28463,0.0001339212064834901,0.0001339212064834901,0.0001339212064834901,True,27390,120.38400268554688,445.7560119628906
13,29097,1.8140994683371848e-05,2.8767647788186967e-05,2.8767647788186967e-05,False,42502,276.49700927734375,455.259033203125
13,29262,5.3088241880274745e-05,8.765059037858665e-05,8.765059037858665e-05,False,54853,167.0179901123047,382.4100036621094
13,29278,5.498805955510818e-06,2.052596585737596e-05,2.052596585737596e-05,False,49113,257.2619934082031,417.5299987792969
13,29701,5.671594841483959e-06,5.671594841483959e-06,5.671594841483959e-06,True,11773,235.65000915527344,414.8550109863281
13,31989,2.6109367920156083e-05,2.6109367920156083e-05,2.6109367920156083e-05,True,130375,73.072998046875,427.0940246582031
13,32236,6.225927704524849e-06,8.269025543691916e-06,8.269025543691916e-06,False,107785,277.1579895019531,419.2249755859375
13,32473,2.7414270615505955e-05,2.924968652467498e-05,2.924968652467498e-05,False,108454,62.69499588012695,449.5119934082031
13,33552,1.1365844416741803e-06,8.187196201234561e-06,8.187196201234561e-06,False,74816,266.6549987792969,471.57000732421875
13,34803,1.2682631671563983e-05,3.9895498376532355e-05,3.681218010163206e-05,False,128153,252.7320098876953,414.19000244140625
13,35086,1.3914366977269533e-06,1.7217554195893161e-06,1.7217554195893161e-06,False,125305,263.260009765625,457.02099609375
14,386,4.0178789662963166e-05,0.00010629983362708507,0.00010629983362708507,False,57615,65.95110321044922,454.2201232910156
14,389,1.3602681524287813e-05,1.3602681524287813e-05,1.3602681524287813e-05,True,30595,50.02859878540039,452.5596008300781
14,656,5.709952348538703e-05,5.709952348538703e-05,5.709952348538703e-05,True,87074,66.24420166015625,440.9092102050781
14,1118,1.1312940311471224e-05,1.1312940311471224e-05,1.1312940311471224e-05,True,61484,153.58799743652344,404.61297607421875
14,2517,1.0604309704326651e-05,1.0604309704326651e-05,1.0604309704326651e-05,True,109606,192.7259979248047,420.1499938964844
14,2911,1.2758099055609818e-05,1.2758099055609818e-05,1.2758099055609818e-05,True,41297,54.10369873046875,449.6777038574219
14,3238,2.3813606010217335e-06,8.746716473996259e-05,8.746716473996259e-05,False,45135,272.2030029296875,439.61798095703125
14,3304,0.00016465159757088086,0.00016465159757088086,0.00016465159757088086,True,130325,126.36800384521484,443.64398193359375
14,3812,6.845542693275489e-06,6.845542693275489e-06,6.845542693275489e-06,True,23905,258.531982421875,404.89898681640625
14,4259,0.6490826575187847,1.386104810673318,1.386104810673318,False,3280,239.8570098876953,399.2919921875
14,4465,2.9380840360053354e-06,0.2363198219786725,0.2363198219786725,False,19623,251.666015625,460.7850341796875
14,5315,4.006805322895097e-06,5.1933288955867804e-05,5.1933288955867804e-05,False,104965,238.36900329589844,439.6780090332031
14,5455,6.234884976208635e-05,6.234884976208635e-05,6.234884976208635e-05,True,62948,136.0380096435547,427.0979919433594
14,5578,4.069909045460488e-06,4.069909045460488e-06,4.069909045460488e-06,True,9413,150.58900451660156,433.0480041503906
14,5631,8.070582154532433e-06,8.070582154532433e-06,8.070582154532433e-06,True,46548,239.7080078125,380.9670104980469
14,5679,5.4803545469903475e-05,8.029624346011743e-05,8.029624346011743e-05,False,108356,143.0970001220703,429.7699890136719
14,6741,4.912735033697779e-05,6.901968023606195e-05,6.901968023606195e-05,False,29628,166.33099365234375,408.3719787597656
14,8587,7.0378172703266955e-06,7.0378172703266955e-06,7.0378172703266955e-06,True,114287,108.21499633789062,487.2409973144531
14,11236,1.2106656861118995e-05,1.2106656861118995e-05,1.2106656861118995e-05,True,116524,179.36900329589844,390.0480041503906
14,11641,2.5838618655229854e-05,2.5838618655229854e-05,2.5838618655229854e-05,True,125980,187.75999450683594,440.2729797363281
14,12411,9.67870168376616e-06,9.67870168376616e-06,9.67870168376616e-06,True,33581,262.08099365234375,472.22698974609375
14,12940,8.498901197899328e-06,8.498901197899328e-06,8.498901197899328e-06,True,57098,71.00059509277344,509.04058837890625
14,14066,6.790711340443384e-07,6.790711340443384e-07,6.790711340443384e-07,True,67094,264.0159912109375,440.802978515625
14,14689,2.8647000352447735e-05,2.8647000352447735e-05,2.8647000352447735e-05,True,93494,130.66600036621094,442.3890075683594
14,16098,1.246836129307621e-05,1.9754877125025953e-05,1.9754877125025953e-05,False,5824,114.91099548339844,468.4020080566406
14,17346,2.4040899240633484e-05,2.4040899240633484e-05,2.4040899240633484e-05,True,107063,122.0739974975586,409.18402099609375
14,17512,8.445118837431337e-07,8.445118837431337e-07,8.445118837431337e-07,True,37460,252.05599975585938,444.71502685546875
14,18728,8.481770378107873e-06,9.988961452711565e-06,9.988961452711565e-06,False,6129,276.6659851074219,425.7170104980469
14,19044,8.629211547128834e-05,0.00010697144700711961,0.00010697144700711961,False,2620,120.67200469970703,376.8079833984375
14,20823,0.299857463133409,0.767986399934851,0.767986399934851,False,3166,58.953697204589844,445.92169189453125
14,20825,3.264591345489726e-05,3.264591345489726e-05,3.264591345489726e-05,True,59629,85.9104995727539,471.5315246582031
14,20971,2.758986265793617e-07,2.758986265793617e-07,2.758986265793617e-07,True,23119,164.50401306152344,457.760986328125
14,22319,2.0929385604723447e-05,2.0929385604723447e-05,2.0929385604723447e-05,True,19838,65.24819946289062,409.69219970703125
14,23428,0.0001149996920043092,0.0001149996920043092,0.0001149996920043092,True,79801,81.48380279541016,440.1338195800781
14,23752,1.4565257558064193e-06,4.88209105227711e-05,4.88209105227711e-05,False,111435,270.6839904785156,411.7239990234375
14,24058,3.681997886193639e-06,3.681997886193639e-06,3.681997886193639e-06,True,94376,249.50100708007812,421.5769958496094
14,24481,2.2535653847178203e-05,2.2535653847178203e-05,2.2535653847178203e-05,True,9926,275.0160217285156,460.99298095703125
14,24518,3.298220541840066e-05,4.399366984943937e-05,4.399366984943937e-05,False,78782,56.79290008544922,426.429931640625
14,24950,8.007972678669727e-06,8.007972678669727e-06,8.007972678669727e-06,True,18750,260.3470153808594,475.85101318359375
14,24953,4.970770352364069e-06,4.970770352364069e-06,4.970770352364069e-06,True,53003,105.24099731445312,421.36199951171875
14,25314,2.5766912165797147e-05,2.5766912165797147e-05,2.5766912165797147e-05,True,8123,142.0380096435547,446.6590270996094
14,25850,5.367076240467827e-05,0.0008504619609406847,0.0008504619609406847,False,12602,75.8595962524414,424.9455871582031
14,26251,8.011992423037651e-06,8.011992423037651e-06,8.011992423037651e-06,True,8374,238.83900451660156,438.4499816894531
14,26427,7.884018937137299e-06,7.884018937137299e-06,7.884018937137299e-06,True,53170,90.93800354003906,473.25799560546875
14,26572,9.315822673895537e-05,0.00012237485932687457,0.00012237485932687457,False,64705,136.17298889160156,400.81298828125
14,27652,2.562492244060615e-06,2.562492244060615e-06,2.562492244060615e-06,True,73920,208.72299194335938,484.0279846191406
14,28259,0.00010862750159592692,0.00010862750159592692,0.00010862750159592692,True,79552,95.49710083007812,415.7021179199219
14,28522,3.760237649833947e-05,6.037713149895284e-05,6.037713149895284e-05,False,85103,151.6750030517578,489.00299072265625
14,29616,0.00019040179205355952,0.5633095375325196,0.5569367421082153,False,127766,208.23300170898438,435.6020202636719
14,30491,1.5766658162298578e-05,1.5766658162298578e-05,1.5766658162298578e-05,True,82614,124.97100067138672,371.89599609375
14,30602,1.894960117241052,1.9950959962427524,1.9519247922929877,False,3163,210.23300170898438,363.1190185546875
14,30847,2.8244383706081525e-05,0.6144063745673627,0.6144063745673627,False,36142,246.58999633789062,440.5040283203125
14,31361,0.00013565478244128356,0.0004939170140429488,0.0004939170140429488,False,84604,205.32199096679688,435.698974609375
14,31399,3.012101886327972e-05,3.012101886327972e-05,3.012101886327972e-05,True,94372,244.3179931640625,439.40899658203125
14,31458,9.015118570012115e-06,9.015118570012115e-06,9.015118570012115e-06,True,13459,256.0559997558594,434.0249938964844
14,31575,0.00010590076087054707,0.6927807651655875,0.6927807651655875,False,16483,224.6370086669922,415.4779968261719
14,34570,5.809353151893636e-05,5.809353151893636e-05,5.809353151893636e-05,True,6792,215.81800842285156,454.58599853515625
14,34804,4.917953536207896e-05,4.917953536207896e-05,2.0963762378004513e-05,True,129169,184.0919952392578,456.0130310058594
14,34844,7.926665516066604e-06,5.602338381899913e-05,5.602338381899913e-05,False,29333,206.0489959716797,460.7239990234375
14,34922,2.0358109392828767e-05,2.0358109392828767e-05,2.0358109392828767e-05,True,68138,189.0189971923828,420.3599853515625
14,35559,3.1503401872565295e-05,3.1503401872565295e-05,3.1503401872565295e-05,True,97458,241.0120086669922,415.1289978027344
14,36224,3.61272435826061e-05,3.61272435826061e-05,3.61272435826061e-05,True,11269,69.53829956054688,362.5403137207031
14,36274,2.7029208910331178e-05,4.5574632127223776e-05,4.5574632127223776e-05,False,46090,63.953800201416016,466.1347961425781
14,36322,9.71781671400154e-06,3.113804938326967e-05,3.113804938326967e-05,False,108824,135.38900756835938,425.22900390625
15,1312,0.0034272189246695277,0.09774710702812951,0.09060038050483772,False,3290,272.8570251464844,463.2190246582031
15,2180,5.641490405120981e-06,5.641490405120981e-06,5.641490405120981e-06,True,58227,157.69400024414062,474.5849914550781
15,3534,6.8021901178594194e-06,6.8021901178594194e-06,6.8021901178594194e-06,True,10605,273.71099853515625,447.38299560546875
15,5571,8.856015394717463e-05,8.856015394717463e-05,8.856015394717463e-05,True,59937,148.24200439453125,460.38897705078125
15,5578,2.6598611473601473e-06,2.8360561424591576e-05,2.8360561424591576e-05,False,25456,145.427001953125,405.4449768066406
15,5981,0.00017732992160825547,0.00017732992160825547,1.3263671303345126e-05,True,29756,105.43299865722656,482.3489685058594
15,6830,0.00013268473828576273,0.00013268473828576273,0.00013268473828576273,True,95952,78.8884048461914,500.2223815917969
15,6932,0.000150357239790392,0.8440132057489953,0.8440132057489953,False,128577,229.86898803710938,420.0149841308594
15,7353,8.341870026554663e-08,8.341870026554663e-08,8.341870026554663e-08,True,72916,253.9399871826172,452.2099914550781
15,7576,2.740214229661841e-06,5.736644112192965e-06,5.736644112192965e-06,False,59032,263.8630065917969,416.2170104980469
15,7986,2.4159155361463095e-05,2.4159155361463095e-05,2.4159155361463095e-05,True,129103,241.22500610351562,443.010986328125
15,8147,1.5278116146288163e-06,0.35663651195139295,0.355500037866377,False,124583,241.25799560546875,360.8900146484375
15,8252,0.25195543682177474,0.7344479922015777,0.7283764957530902,False,132011,253.08799743652344,402.2989807128906
15,8396,2.4822257812516172e-05,2.4822257812516172e-05,2.4822257812516172e-05,True,36525,89.00920104980469,409.77618408203125
15,8563,5.704894411278692e-06,0.00011676790518195608,2.3889354014742906e-05,False,123997,271.6400146484375,468.4690246582031
15,8705,2.4334551581730626e-05,2.4334551581730626e-05,2.4334551581730626e-05,True,27042,231.5919952392578,443.34698486328125
15,9735,4.588226315876548e-06,4.588226315876548e-06,4.588226315876548e-06,True,60445,256.98797607421875,440.11700439453125
15,9992,2.5825714846409298e-05,2.5825714846409298e-05,2.5825714846409298e-05,True,116194,80.69950103759766,467.9284973144531
15,10048,4.4675986160249925e-05,0.0002497965433223231,0.0002497965433223231,False,68914,242.01800537109375,435.166015625
15,10913,3.5096250389782415e-06,3.5096250389782415e-06,3.5096250389782415e-06,True,99417,170.3560028076172,449.06201171875
15,12018,7.299552592679909e-06,7.727995994931548e-06,7.1536384333083416e-06,False,104040,269.9809875488281,435.2149963378906
15,12447,3.593667289028409e-05,0.1285435053208579,0.11713184285930307,False,58881,250.4340057373047,429.6669921875
15,13164,3.200718139902429e-05,3.200718139902429e-05,3.200718139902429e-05,True,116211,244.05300903320312,446.00201416015625
15,13604,3.2855611095396926e-07,3.2855611095396926e-07,3.2855611095396926e-07,True,110037,268.375,445.0240173339844
15,14240,1.2472700353661546e-05,2.502300115078776e-05,2.502300115078776e-05,False,91143,81.9865951538086,402.28759765625
15,15121,1.405198712478039e-06,1.7354491559421782e-05,1.7354491559421782e-05,False,97695,276.8349914550781,412.5419921875
15,16253,9.994899805506588e-06,9.994899805506588e-06,9.994899805506588e-06,True,23712,121.75199890136719,404.79400634765625
15,16512,4.768855746488072e-05,4.768855746488072e-05,4.768855746488072e-05,True,18738,272.55499267578125,455.3599853515625
15,16774,3.294452662521056e-05,0.00033433344081622984,0.00026867889726772535,False,48227,249.1909942626953,370.5260009765625
15,17264,3.4718717936964016e-07,3.4718717936964016e-07,3.4718717936964016e-07,True,63311,245.23899841308594,388.3389892578125
15,17420,2.2758848998582308e-06,6.257431815769628e-06,6.257431815769628e-06,False,110436,194.19300842285156,455.7120056152344
15,17743,3.4283816341623156e-05,3.4283816341623156e-05,3.4283816341623156e-05,True,8274,75.24760437011719,480.47857666015625
15,18051,5.793474914560321e-05,5.793474914560321e-05,5.793474914560321e-05,True,86333,87.69539642333984,447.2373962402344
15,18885,7.750887665830268e-05,7.750887665830268e-05,7.750887665830268e-05,True,100976,66.94300079345703,432.49700927734375
15,18970,4.188021113107268e-05,5.167259939349316e-05,5.167259939349316e-05,False,42396,168.12899780273438,428.6809997558594
15,19064,2.1228521209631963e-05,2.1228521209631963e-05,2.1228521209631963e-05,True,25167,181.33599853515625,441.1740417480469
15,20218,2.9627819875088975e-05,2.9627819875088975e-05,2.9627819875088975e-05,True,13829,158.781005859375,466.13104248046875
15,20865,3.065191863222172e-05,3.065191863222172e-05,3.065191863222172e-05,True,50064,122.1520004272461,405.7120056152344
15,20910,5.3913393738670916e-05,0.0001330674478113709,0.0001330674478113709,False,98776,161.7779998779297,385.4179992675781
15,21312,1.8774936909198664e-05,5.03575131665259e-05,5.03575131665259e-05,False,111023,250.30801391601562,437.8089904785156
15,21413,0.000264505989181238,0.000264505989181238,0.000264505989181238,True,23657,58.04999923706055,435.3420104980469
15,22110,1.9400891520443228e-05,3.1621229973364246e-05,3.1621229973364246e-05,False,97031,232.62899780273438,420.70501708984375
15,22469,1.1451385382415863e-05,1.1451385382415863e-05,1.1451385382415863e-05,True,38794,214.1699981689453,416.5669860839844
15,23071,1.8500117304976668e-05,1.8500117304976668e-05,1.8500117304976668e-05,True,79917,245.3459930419922,410.7980041503906
15,23365,1.6292694191969118e-06,1.6292694191969118e-06,1.6292694191969118e-06,True,97047,254.32101440429688,455.18499755859375
15,23540,2.8229472568147148e-05,0.00019980795353957286,0.00019980795353957286,False,68300,130.53199768066406,375.2660217285156
15,24277,6.155097457606227e-05,0.00010029242264277998,0.00010029242264277998,False,108022,187.2110137939453,429.948974609375
15,24382,4.321385738205972e-06,4.321385738205972e-06,4.321385738205972e-06,True,61194,221.1540069580078,440.7749938964844
15,24467,3.739526411722685e-05,3.739526411722685e-05,3.739526411722685e-05,True,5429,138.91200256347656,429.6759948730469
15,25222,3.381019115777925e-05,3.381019115777925e-05,3.381019115777925e-05,True,122714,115.59500122070312,412.80401611328125
15,26109,1.0055612431946656e-05,1.0055612431946656e-05,1.0055612431946656e-05,True,18178,257.2909851074219,475.3279724121094
15,27381,2.4036680024352912e-06,0.00014613537497032555,0.00014613537497032555,False,87870,113.82099914550781,461.5870056152344
15,27525,1.2064923965100551e-05,1.2064923965100551e-05,1.2064923965100551e-05,True,33777,58.391700744628906,465.90570068359375
15,29993,0.00020808543080820394,0.09054793671666787,0.0883527458358865,False,98994,248.46400451660156,445.5580139160156
15,30423,6.308827515462238e-05,0.00035551572658674643,0.00035551572658674643,False,84139,91.01170349121094,510.7897033691406
15,31166,3.0359447016794657e-07,6.493807023182786e-05,3.126944514558201e-05,False,88869,239.375,408.4209899902344
15,31218,4.848606194359902e-05,4.848606194359902e-05,4.848606194359902e-05,True,84252,96.98279571533203,436.1788024902344
15,32055,7.512415139620762e-05,7.512415139620762e-05,7.512415139620762e-05,True,6969,127.37500762939453,454.2750244140625
15,32709,6.735711590359113e-05,6.735711590359113e-05,5.419177796998306e-05,True,4580,276.4770202636719,477.02001953125
15,33481,2.09299647876105e-05,9.446050909564753e-05,9.446050909564753e-05,False,11518,154.40599060058594,433.0229797363281
15,33780,2.4306815964889693e-06,2.4306815964889693e-06,2.4306815964889693e-06,True,116860,116.34100341796875,458.27099609375
15,34082,6.875289301691256e-05,6.875289301691256e-05,6.875289301691256e-05,True,17780,179.1699981689453,464.3260192871094
15,35162,4.1912619595355186e-06,4.1912619595355186e-06,4.1912619595355186e-06,True,62899,262.4490051269531,468.8800048828125
15,35342,1.6144742996687606e-05,1.8461742405957208e-05,1.8461742405957208e-05,False,12533,254.88299560546875,400.6659851074219
16,76,7.208060997100846e-07,6.476102599582225e-06,6.476102599582225e-06,False,28750,271.5050048828125,419.5820007324219
16,754,8.28726138160559e-06,8.556008634622267e-06,8.556008634622267e-06,False,35656,209.31900024414062,455.0789794921875
16,807,1.2915938364533404e-06,1.2915938364533404e-06,1.2915938364533404e-06,True,86499,256.37298583984375,414.67999267578125
16,1381,1.298123452777124e-06,0.0001318752262029572,6.168370814795113e-05,False,75828,270.6629943847656,433.6719970703125
16,2781,5.4752895189384466e-05,0.0001431564725216368,0.0001431564725216368,False,92001,224.20899963378906,459.4029846191406
16,4008,0.00018131010524400786,0.00027011215294236833,0.00027011215294236833,False,125133,91.7864990234375,443.2125244140625
16,4032,4.242122463022795e-06,4.242122463022795e-06,4.242122463022795e-06,True,34738,82.1854019165039,462.87542724609375
16,4107,1.5747188364093196,2.2647451760048365,2.2324677787177456,False,3177,230.6540069580078,446.78997802734375
16,4309,7.586950144235802e-05,7.586950144235802e-05,7.586950144235802e-05,True,14451,59.90270233154297,423.6977233886719
16,5025,4.808596103085918e-05,4.808596103085918e-05,4.808596103085918e-05,True,70116,114.58200073242188,429.1410217285156
16,5372,6.821026887186914e-05,6.821026887186914e-05,6.0858555489348454e-06,True,53316,165.4669952392578,423.0409851074219
16,8486,6.57229338294782e-06,1.974161654133856e-05,6.0041045745271515e-06,False,22779,248.80099487304688,465.8439636230469
16,9168,3.609528105137412e-05,0.0006555901467479183,0.00038673811681533504,False,39043,137.99501037597656,423.5260314941406
16,9191,0.00013341995827936254,0.00013341995827936254,0.00013341995827936254,True,20164,126.91100311279297,421.2340087890625
16,9293,6.179236148209395e-05,6.179236148209395e-05,6.179236148209395e-05,True,105278,50.21940231323242,455.8044128417969
16,9924,3.392714822182618e-05,3.392714822182618e-05,3.392714822182618e-05,True,33567,60.82950210571289,474.01849365234375
16,10537,1.1749307470990477e-05,1.7781946518988568e-05,1.7781946518988568e-05,False,102185,226.76199340820312,389.7649841308594
16,10893,4.0597180801507945e-06,4.785750513039735e-05,4.785750513039735e-05,False,114763,61.25859832763672,395.5826110839844
16,11136,1.1496589980292163e-05,1.1496589980292163e-05,8.561738470504553e-06,True,53938,262.1759948730469,437.1080017089844
16,11675,1.3209671657894977e-05,1.3209671657894977e-05,1.3209671657894977e-05,True,17630,228.67298889160156,423.1650085449219
16,13463,7.114323584005638e-05,7.114323584005638e-05,7.114323584005638e-05,True,106719,189.66799926757812,479.14599609375
16,13514,5.160569628462413e-05,5.160569628462413e-05,5.160569628462413e-05,True,36719,124.68600463867188,397.30999755859375
16,13648,5.759787272646093e-07,5.759787272646093e-07,5.759787272646093e-07,True,3401,50.755401611328125,433.1484069824219
16,14853,2.090259547853575e-05,2.090259547853575e-05,2.090259547853575e-05,True,119263,244.53700256347656,382.66900634765625
16,15588,2.0392512100710464e-05,0.003191892281730796,0.003191892281730796,False,44271,201.23699951171875,439.0779724121094
16,15646,3.575868288736031e-06,0.00017198901238095097,3.702469167091121e-05,False,115159,262.6819763183594,484.3759765625
16,15720,4.4409384878769125e-06,4.4409384878769125e-06,3.331673402670136e-06,True,74984,270.4490051269531,462.2590026855469
16,15980,0.00010416257162665398,0.00010416257162665398,0.00010416257162665398,True,63424,73.02550506591797,418.8144836425781
16,16625,1.1985314387793058e-05,1.6704974849909226e-05,4.752287191500894e-06,False,72500,253.2949981689453,448.38800048828125
16,17165,2.187438189286777e-05,4.037295763176848e-05,3.3162821845956285e-05,False,35931,217.8300018310547,488.29901123046875
16,17789,5.040788594784574e-05,5.040788594784574e-05,5.040788594784574e-05,True,56846,102.20999908447266,438.6379699707031
16,18183,7.276211677332277e-05,0.5681027684856377,0.5384849542545839,False,111970,240.00599670410156,387.3389892578125
16,20338,2.3196070841954427e-05,0.00019951520249751994,0.00019951520249751994,False,60881,219.29598999023438,485.2659606933594
16,20532,1.7402263529840565e-05,1.7402263529840565e-05,1.7402263529840565e-05,True,36454,122.23199462890625,436.2539978027344
16,20725,1.1101032218898194e-05,1.1101032218898194e-05,1.1101032218898194e-05,True,43433,107.70499420166016,464.3479919433594
16,21150,6.65608143753572e-06,6.65608143753572e-06,6.65608143753572e-06,True,110657,181.7159881591797,457.2139892578125
16,22261,4.5208739036815245e-06,4.5208739036815245e-06,4.5208739036815245e-06,True,43631,139.531005859375,502.34698486328125
16,22727,2.0157188596272077e-05,2.0157188596272077e-05,2.0157188596272077e-05,True,90012,94.71680450439453,459.1208190917969
16,23120,4.548265642142203e-05,4.548265642142203e-05,4.548265642142203e-05,True,125973,130.33099365234375,413.9389953613281
16,23127,4.415376500843711e-06,8.282367540375763e-06,8.282367540375763e-06,False,31792,218.43899536132812,452.3639831542969
16,23920,4.457614973376639e-05,4.457614973376639e-05,4.457614973376639e-05,True,72693,79.01380157470703,450.80279541015625
16,24107,1.3162207804563718e-05,1.3162207804563718e-05,1.3162207804563718e-05,True,63018,66.6238021850586,460.36181640625
16,24309,8.750465806272012e-06,8.750465806272012e-06,8.750465806272012e-06,True,122418,116.32099914550781,425.3940124511719
16,24670,6.3960151820718645e-06,0.0022841290154546156,0.0001331914200194988,False,78015,253.7519989013672,406.8359680175781
16,24751,2.6274464531507796e-05,2.6274464531507796e-05,9.671926325719035e-06,True,116101,109.31600189208984,383.3879699707031
16,25293,7.131675309875219e-05,0.00011081364012315301,0.00011081364012315301,False,97820,194.68699645996094,448.1440124511719
16,25456,1.2532540100249823,2.095176262694218,2.0587223299524156,False,3287,170.5570068359375,445.7139892578125
16,25509,1.0443881193155077e-05,1.0443881193155077e-05,2.3242405662048504e-06,True,56191,266.9200134277344,435.2120056152344
16,25751,6.3646880382139455e-06,6.3646880382139455e-06,6.3646880382139455e-06,True,30384,124.53400421142578,430.7950134277344
16,25767,1.1989382611034242e-05,1.1989382611034242e-05,1.1989382611034242e-05,True,126455,241.05801391601562,426.1290283203125
16,28693,2.0613452696078093e-05,0.0008322033944051833,0.00025033354348138527,False,46184,246.73500061035156,440.1239929199219
16,29277,1.3703487960889972e-05,1.3703487960889972e-05,1.3703487960889972e-05,True,46363,230.52999877929688,466.0099792480469
16,29452,5.9381172364536767e-05,5.9381172364536767e-05,5.9381172364536767e-05,True,107633,58.4833984375,427.67938232421875
16,29717,3.7273605224108474e-05,3.7273605224108474e-05,3.7273605224108474e-05,True,46408,154.76100158691406,447.0559997558594
16,31561,3.209766818124789e-06,3.33767650737009e-05,1.4748179544828053e-05,False,78454,156.86599731445312,443.7909851074219
16,32132,4.020012513994395e-05,4.020012513994395e-05,4.020012513994395e-05,True,103120,108.56500244140625,454.96600341796875
16,33281,4.709285606143885e-06,4.709285606143885e-06,4.709285606143885e-06,True,91428,240.14199829101562,391.4649963378906
16,33283,1.109993493394122e-06,0.001291867335195131,0.0005528365407510246,False,48797,254.35400390625,425.19097900390625
16,34506,4.5745820804601855e-05,4.5745820804601855e-05,4.5745820804601855e-05,True,15798,271.83599853515625,448.9010009765625
16,34597,2.484868004792802e-06,7.53123565116761e-06,7.53123565116761e-06,False,103934,245.8280029296875,401.333984375
16,34964,6.257173162326874e-05,6.257173162326874e-05,6.257173162326874e-05,True,13227,130.29299926757812,408.92498779296875
16,35031,8.884723599368673e-06,8.884723599368673e-06,8.884723599368673e-06,True,4346,268.5820007324219,461.6429748535156
16,35035,4.336619096089569e-05,4.336619096089569e-05,4.336619096089569e-05,True,50157,59.99700164794922,454.2019958496094
16,35050,3.1507296784300255e-05,6.589306205470948e-05,6.589306205470948e-05,False,50817,196.0590057373047,435.60498046875
17,2326,0.00039837461732046233,0.0009722491564872751,0.0009722491564872751,False,19121,272.4019775390625,403.0069580078125
17,2419,3.362643271114401e-05,3.362643271114401e-05,3.362643271114401e-05,True,105948,245.1370086669922,397.7339782714844
17,3239,9.014724040962826e-06,9.014724040962826e-06,9.014724040962826e-06,True,18243,95.31109619140625,425.548095703125
17,3638,7.092419666088704e-06,7.092419666088704e-06,7.092419666088704e-06,True,17467,273.3210144042969,429.1650085449219
17,4331,1.0616198320373983e-05,2.8084850054515202e-05,2.8084850054515202e-05,False,74828,273.1549987792969,464.9469909667969
17,4461,2.2416487544758302e-05,2.2416487544758302e-05,2.2416487544758302e-05,True,76678,74.62899780273438,462.530029296875
17,5119,1.490122249710849e-05,0.00014438893228247394,0.00014438893228247394,False,101474,161.15499877929688,440.5660095214844
17,6383,2.1065925102174745e-05,5.438897282337077e-05,5.438897282337077e-05,False,98864,95.53910064697266,432.0030822753906
17,6403,6.219587387856845e-06,6.219587387856845e-06,6.219587387856845e-06,True,20144,53.491302490234375,461.997314453125
17,7185,7.917562873599046e-05,7.917562873599046e-05,7.917562873599046e-05,True,24451,58.13890075683594,458.91888427734375
17,7574,1.6018970911691063e-05,1.6018970911691063e-05,1.6018970911691063e-05,True,100902,268.2550048828125,447.0419921875
17,9208,0.8323892295509342,1.6888259973798678,1.6520783365513831,False,131918,217.6389923095703,377.0459899902344
17,9505,6.141674437159735e-07,1.7463460154238696e-05,1.7463460154238696e-05,False,95351,144.36300659179688,392.09002685546875
17,10171,4.48896299156752e-05,4.48896299156752e-05,4.48896299156752e-05,True,47548,84.40570068359375,406.00469970703125
17,10951,7.698756898175244e-06,7.698756898175244e-06,7.698756898175244e-06,True,39937,148.16099548339844,460.9209899902344
17,11168,1.745292704430648e-05,2.1583867177727714e-05,2.1583867177727714e-05,False,9039,271.62701416015625,443.73101806640625
17,12547,4.8513577521529996e-05,4.8513577521529996e-05,4.8513577521529996e-05,True,35260,135.91099548339844,445.10601806640625
17,12772,8.830321617868958e-05,9.866702108676112e-05,9.866702108676112e-05,False,52004,101.1989974975586,426.5240173339844
17,12914,6.007547699211309e-07,3.9754060905691875e-06,3.9754060905691875e-06,False,12945,264.4020080566406,429.8459777832031
17,13281,6.832244439314392e-05,6.832244439314392e-05,1.4612731638622984e-05,True,110999,157.13499450683594,436.06103515625
17,13397,2.604167452300774e-06,2.604167452300774e-06,2.604167452300774e-06,True,113878,115.74600219726562,427.9019775390625
17,14173,1.1132207973324142e-05,1.1132207973324142e-05,1.1132207973324142e-05,True,26875,276.1470031738281,445.1260070800781
17,15434,1.689104010700664e-06,1.689104010700664e-06,1.689104010700664e-06,True,111416,271.2750244140625,473.2919921875
17,15752,4.009587833089064e-05,5.514024904733555e-05,5.514024904733555e-05,False,49000,186.36199951171875,467.83099365234375
17,16168,1.3568523421195432e-06,1.3568523421195432e-06,1.3568523421195432e-06,True,89475,170.06700134277344,475.68798828125
17,16437,3.68596669706092e-05,3.68596669706092e-05,3.68596669706092e-05,True,115752,74.59519958496094,467.01318359375
17,16464,1.6438949149792427e-05,0.12877506694321886,0.11829498008711777,False,127818,266.22998046875,425.9100036621094
17,16835,1.2207508663813503e-05,3.6254083367962824e-05,3.6254083367962824e-05,False,101863,117.91100311279297,473.6029968261719
17,17259,2.5486350466476572e-05,2.5486350466476572e-05,2.5486350466476572e-05,True,27249,139.4669952392578,447.5769958496094
17,17539,6.371895013155185e-06,6.371895013155185e-06,2.8867664821897547e-06,True,87104,186.48800659179688,410.08502197265625
17,17953,2.2940903741767813e-05,2.2940903741767813e-05,2.2664976401711953e-05,True,73612,78.28060150146484,440.32159423828125
17,18076,5.37077587428966e-05,5.37077587428966e-05,5.37077587428966e-05,True,40206,223.9650115966797,399.2630310058594
17,18244,7.286230137696433e-05,7.286230137696433e-05,7.286230137696433e-05,True,120210,71.9020004272461,477.74200439453125
17,18437,1.095682897247129e-06,1.095682897247129e-06,1.095682897247129e-06,True,8592,257.0899963378906,405.71099853515625
17,19777,1.4194380670313028e-06,1.4194380670313028e-06,1.4194380670313028e-06,True,14251,224.15000915527344,453.6990051269531
17,19875,1.625323712739988e-05,0.00011304243978770107,4.193866390476778e-05,False,9448,165.27200317382812,450.6000061035156
17,20552,2.1331907018128164e-06,2.1331907018128164e-06,2.1331907018128164e-06,True,72804,262.67999267578125,436.1419982910156
17,21581,1.1903729100281356e-05,1.1903729100281356e-05,1.1903729100281356e-05,True,66361,239.3800048828125,424.343994140625
17,21622,7.079820378527884e-06,0.00046542032259924015,0.0001648394957261316,False,92414,88.92849731445312,419.92449951171875
17,21692,1.575701703345537e-05,1.575701703345537e-05,1.575701703345537e-05,True,110322,248.89500427246094,435.02996826171875
17,22156,4.681792824349198e-05,4.681792824349198e-05,4.681792824349198e-05,True,84764,119.12000274658203,438.45599365234375
17,22209,3.971278138154075e-05,6.211416635056082e-05,6.211416635056082e-05,False,88802,144.53700256347656,443.3230285644531
17,23597,3.2160774046918864e-05,7.980034449440035e-05,7.980034449440035e-05,False,125294,103.12699890136719,421.1730041503906
17,23637,5.901327470059939e-06,5.901327470059939e-06,5.901327470059939e-06,True,7770,51.83209991455078,386.1791076660156
17,24482,1.6319277591546294e-05,1.6319277591546294e-05,1.6319277591546294e-05,True,107264,116.92900085449219,405.68701171875
17,24902,3.4557009221171336e-06,3.4557009221171336e-06,3.4557009221171336e-06,True,59446,236.56800842285156,454.18798828125
17,25990,5.5000450380117405e-05,0.06041275824991361,0.06041275824991361,False,3154,260.0829772949219,368.4679870605469
17,26212,1.2012791250470587e-05,3.862370634303634e-05,3.862370634303634e-05,False,1460,270.3710021972656,447.7139587402344
17,26583,5.692100307889539e-05,5.692100307889539e-05,5.692100307889539e-05,True,10183,144.31199645996094,479.3999938964844
17,27364,6.494724214243892e-06,6.494724214243892e-06,6.494724214243892e-06,True,109739,257.2929992675781,408.18499755859375
17,27454,6.843868605914888e-06,8.715886791489028e-06,8.715886791489028e-06,False,124575,268.4809875488281,446.3070068359375
17,27727,3.0154830211958133e-05,3.3879369679019166e-05,3.3879369679019166e-05,False,78116,158.86599731445312,430.86199951171875
17,27777,3.0170929117654087e-06,0.00023929716662939853,0.00023929716662939853,False,2629,192.25799560546875,456.1620178222656
17,28192,5.3846085934319404e-06,5.3846085934319404e-06,5.3846085934319404e-06,True,96576,179.50599670410156,474.57501220703125
17,28303,3.5462954087814355e-05,3.5462954087814355e-05,3.5462954087814355e-05,True,70239,111.3689956665039,467.5429992675781
17,29416,0.6874690434190477,1.7590525238893862,1.7590525238893862,False,3182,219.73399353027344,422.1860046386719
17,29512,3.8881053152261e-05,7.486674890375223e-05,7.486674890375223e-05,False,25811,50.20359802246094,472.34759521484375
17,29795,5.946702708120424e-05,5.946702708120424e-05,5.946702708120424e-05,True,53530,67.2323989868164,445.00439453125
17,30357,1.9657374417725446e-05,0.0008254289850973112,0.0006719248440145177,False,31974,95.64679718017578,448.0727844238281
17,31577,7.011814712646167e-05,7.011814712646167e-05,7.011814712646167e-05,True,66030,89.81320190429688,445.5321960449219
17,32652,5.702527511761488e-05,5.702527511761488e-05,5.702527511761488e-05,True,115960,98.74139404296875,432.8493957519531
17,33081,5.957436284070464e-06,1.1665544643437724e-05,1.1665544643437724e-05,False,90882,259.31500244140625,389.4430236816406
17,33481,0.04487280800949729,0.5756909796919848,0.5751325607748032,False,3183,271.89300537109375,459.4960021972656
17,33856,2.8515775341342122e-05,0.7600997872397532,0.7600997872397532,False,38824,219.7449951171875,399.1629943847656
18,105,2.4721292748805133e-05,3.22705231209614e-05,3.22705231209614e-05,False,45283,200.6230010986328,469.2300109863281
18,255,2.0153029817272954e-05,6.234251979119446e-05,6.234251979119446e-05,False,4902,103.65699768066406,431.2760009765625
18,886,4.273094641157682e-05,0.00015273835383376974,0.00015273835383376974,False,1744,92.93709564208984,470.693115234375
18,2934,5.289643753703312e-05,0.013285056957069847,0.011918665586727127,False,104595,272.7019958496094,460.2010192871094
18,2974,2.621532749415304e-05,2.621532749415304e-05,2.621532749415304e-05,True,56143,211.072998046875,425.1510009765625
18,4759,5.976266766794429e-05,5.976266766794429e-05,5.976266766794429e-05,True,38727,93.13470458984375,484.5317077636719
18,5193,2.20447038533732e-05,2.20447038533732e-05,2.20447038533732e-05,True,3526,223.2030029296875,400.57098388671875
18,5227,1.5690197234728225e-05,1.5690197234728225e-05,1.5690197234728225e-05,True,69534,99.98490142822266,406.2138671875
18,5257,3.476371346149446e-05,3.476371346149446e-05,3.476371346149446e-05,True,85847,109.03400421142578,490.2690124511719
18,5357,9.70879365210269e-05,0.0001349729971670165,0.0001349729971670165,False,2192,149.60000610351562,437.7770080566406
18,6139,1.4027848062562009e-06,6.6604966552287915e-06,6.6604966552287915e-06,False,49387,273.9750061035156,466.8730163574219
18,6477,2.1733119249750415e-05,2.1733119249750415e-05,2.0928007788993212e-05,True,26626,273.5899963378906,419.3840026855469
18,6515,4.5515296534642484e-05,4.5515296534642484e-05,4.5515296534642484e-05,True,86308,57.91670227050781,416.9656982421875
18,6931,2.975315299241985e-06,2.975315299241985e-06,2.975315299241985e-06,True,17058,67.19169616699219,454.11468505859375
18,7500,2.920690658514631e-05,2.920690658514631e-05,2.920690658514631e-05,True,19819,187.760986328125,429.98199462890625
18,7880,3.418511760815392e-07,3.418511760815392e-07,3.418511760815392e-07,True,17102,273.1620178222656,444.8429870605469
18,9858,4.548472645330877e-05,5.421360027849457e-05,9.560945408716277e-06,False,49222,253.3330078125,409.66998291015625
18,10115,3.069566857592484e-05,3.069566857592484e-05,3.069566857592484e-05,True,25842,260.64300537109375,439.79901123046875
18,10257,2.5322873775583103e-05,0.00010301860332412255,1.233896733945291e-05,False,121499,157.99600219726562,449.8699951171875
18,10384,8.343892703109589e-05,8.343892703109589e-05,8.343892703109589e-05,True,126557,229.4840087890625,399.2060241699219
18,10470,3.3403098047509814e-05,3.3403098047509814e-05,3.3403098047509814e-05,True,33011,107.5320053100586,442.2040100097656
18,11064,0.40394157727938634,1.4278254564799384,1.4257708139607177,False,131926,228.11500549316406,423.3659973144531
18,11093,1.347406933547784e-05,1.347406933547784e-05,1.347406933547784e-05,True,67749,59.8046989440918,408.59771728515625
18,11339,0.5169022237370413,0.8413347854671399,0.8369303618786161,False,131912,216.43499755859375,419.1920166015625
18,11952,2.9382977716158737e-05,2.9382977716158737e-05,2.9382977716158737e-05,True,80454,174.45799255371094,393.6020202636719
18,12724,7.212861101755216e-05,7.786116692270182e-05,7.786116692270182e-05,False,64733,64.47990417480469,471.45391845703125
18,12816,1.2504245697890313e-06,3.004432467471187e-05,3.004432467471187e-05,False,68116,177.58401489257812,413.8609924316406
18,12870,0.00017979916973113552,0.00017979916973113552,0.00017979916973113552,True,116448,66.24829864501953,438.9762878417969
18,13478,3.497690735598262e-05,3.497690735598262e-05,3.497690735598262e-05,True,73484,150.26499938964844,462.58099365234375
18,13536,1.3394392710804613e-05,0.09361210027682178,0.09132411242367486,False,61699,242.11500549316406,458.8420104980469
18,13703,1.2175923887267857e-06,1.2175923887267857e-06,1.2175923887267857e-06,True,76445,202.82200622558594,462.5270080566406
18,14941,1.829392283342192e-05,1.829392283342192e-05,1.829392283342192e-05,True,66152,158.0970001220703,413.0870056152344
18,15547,7.1601226073348175e-06,7.1601226073348175e-06,7.1601226073348175e-06,True,1293,239.74099731445312,425.81201171875
18,15892,5.5519332398471805e-06,5.5519332398471805e-06,5.5519332398471805e-06,True,49586,265.2580261230469,442.0660095214844
18,15951,3.5790045903161265e-05,3.5790045903161265e-05,3.5790045903161265e-05,True,122870,117.5260009765625,439.8349914550781
18,16832,0.00015422455849623107,0.00015422455849623107,0.00015422455849623107,True,122655,117.1050033569336,433.9630126953125
18,17158,2.824692189293986e-06,3.4553527431247914e-06,3.4553527431247914e-06,False,3154,110.43799591064453,449.3669738769531
18,18180,6.971256105799988e-06,6.860261139096981e-05,6.860261139096981e-05,False,124042,266.7829895019531,461.24798583984375
18,18277,2.9136584940260024e-05,2.9136584940260024e-05,2.9136584940260024e-05,True,75571,205.60899353027344,433.4530029296875
18,19775,0.00020654249684539291,0.00020654249684539291,0.00020654249684539291,True,6324,273.43402099609375,448.5980224609375
18,20480,4.362469342382107e-08,4.362469342382107e-08,4.362469342382107e-08,True,11043,270.2879943847656,424.8979797363281
18,23101,2.699346187603974e-06,2.699346187603974e-06,2.699346187603974e-06,True,14142,146.92201232910156,470.7599792480469
18,23401,2.2896079085159603e-06,2.2896079085159603e-06,2.2896079085159603e-06,True,18247,112.27100372314453,432.74200439453125
18,24665,2.2952830917523246e-05,6.067183462503976e-05,6.067183462503976e-05,False,100438,180.83799743652344,427.49798583984375
18,25134,1.8204591268995462e-05,8.539657685768215e-05,8.539657685768215e-05,False,64121,273.85198974609375,462.7249755859375
18,25414,7.838216834660065e-06,7.838216834660065e-06,7.838216834660065e-06,True,88426,257.0220031738281,403.17498779296875
18,25647,4.028413586748505e-05,4.028413586748505e-05,4.028413586748505e-05,True,120457,109.94000244140625,414.6969909667969
18,25659,3.076096638004333e-05,3.076096638004333e-05,8.707590092787266e-06,True,103651,138.54800415039062,444.5199890136719
18,25824,6.382358541507533e-07,4.229544471246031e-06,4.229544471246031e-06,False,64617,262.1059875488281,463.2149963378906
18,26301,4.056656807061191e-05,6.542072744398751e-05,6.542072744398751e-05,False,113636,147.88299560546875,472.8580017089844
18,26682,1.3625865788730296e-05,2.6119939695664535e-05,2.6119939695664535e-05,False,47521,253.6219940185547,441.4169921875
18,26951,9.692152940420453e-06,9.692152940420453e-06,9.692152940420453e-06,True,49667,88.85040283203125,457.17242431640625
18,27158,5.36144579760568e-05,5.36144579760568e-05,5.36144579760568e-05,True,10177,200.5,468.0669860839844
18,28665,3.6376652146214894e-06,2.1431951216053666e-05,2.1431951216053666e-05,False,114604,271.4469909667969,408.8380126953125
18,28759,1.7344774768191972e-06,2.0662183277738302e-05,2.0662183277738302e-05,False,29027,242.75399780273438,444.365966796875
18,29014,2.444454050932942e-06,2.444454050932942e-06,2.444454050932942e-06,True,112458,248.66400146484375,430.2690124511719
18,29091,8.682357994875395e-07,8.682357994875395e-07,8.682357994875395e-07,True,7031,238.0850067138672,419.2900085449219
18,29653,1.6133256917683725e-05,1.6133256917683725e-05,1.6133256917683725e-05,True,120403,112.90299987792969,422.5559997558594
18,29814,3.432029643234758e-05,3.432029643234758e-05,3.432029643234758e-05,True,861,95.81299591064453,444.9309997558594
18,30599,2.8701403983311527e-06,2.8701403983311527e-06,2.8701403983311527e-06,True,14799,179.88400268554688,420.0689697265625
18,31093,9.076851769189902e-05,9.076851769189902e-05,9.076851769189902e-05,True,131619,272.614990234375,477.0569763183594
18,31807,2.4231534013409412e-05,7.773201987041114e-05,4.968374773146513e-05,False,125420,204.8310089111328,422.8470153808594
18,32890,0.00024600653605017284,0.00024600653605017284,0.00024600653605017284,True,103119,62.25600051879883,469.4150085449219
18,32902,3.276319190757419e-05,3.276319190757419e-05,3.276319190757419e-05,True,120218,77.73979949951172,412.2638244628906
19,316,1.2260110978101221e-06,1.2260110978101221e-06,1.2260110978101221e-06,True,72785,257.29901123046875,453.13299560546875
19,1474,2.7247296875971253e-05,2.7247296875971253e-05,2.7247296875971253e-05,True,36669,62.67259979248047,400.8656005859375
19,1723,1.9180867647825022e-05,1.9180867647825022e-05,1.9180867647825022e-05,True,40280,112.13999938964844,398.4720153808594
19,2139,4.21803705673255e-06,6.249525447586607e-06,6.249525447586607e-06,False,32835,246.6890106201172,432.3509826660156
19,2765,3.0333402084161626e-05,3.0333402084161626e-05,3.0333402084161626e-05,True,103295,144.30599975585938,421.7669982910156
19,3159,1.6645275182063535e-05,3.009003149224425e-05,3.009003149224425e-05,False,68705,249.88299560546875,427.97198486328125
19,3357,4.165687512938516e-05,8.121059924969073e-05,8.121059924969073e-05,False,5748,108.11100006103516,461.1099853515625
19,3365,6.12480473197773e-05,6.12480473197773e-05,6.12480473197773e-05,True,114246,196.5080108642578,444.40399169921875
19,3553,2.5293961393261635e-05,2.5293961393261635e-05,2.5293961393261635e-05,True,129655,248.1959991455078,425.73101806640625
19,4120,0.00015229172869762013,0.00015229172869762013,0.00015229172869762013,True,103262,75.57020568847656,471.8302001953125
19,5259,5.013922413900387e-05,0.0001687453393658263,0.0001687453393658263,False,51069,134.31199645996094,438.32501220703125
19,5498,1.134512248698043e-05,1.134512248698043e-05,1.134512248698043e-05,True,120717,264.10699462890625,484.989990234375
19,6302,4.9433689560010253e-05,0.00018431971391952547,0.00018431971391952547,False,84436,67.314697265625,462.41571044921875
19,6314,4.8351945930750096e-05,5.471350069873564e-05,5.471350069873564e-05,False,82230,105.15899658203125,407.6960144042969
19,7711,3.726726127925966e-05,4.767811278125097e-05,4.767811278125097e-05,False,125184,268.65899658203125,431.0270080566406
19,8014,3.268919090777218e-06,6.10922018127774e-05,6.10922018127774e-05,False,8677,74.99949645996094,394.5264892578125
19,8512,2.0284649538834158e-05,2.0284649538834158e-05,2.0284649538834158e-05,True,90870,138.9459991455078,494.1299743652344
19,9224,3.511424809013787e-05,3.511424809013787e-05,3.511424809013787e-05,True,64013,59.40449905395508,419.1054992675781
19,9633,8.678494819226728e-05,0.36103900730208005,0.36103900730208005,False,31868,211.6510009765625,399.0979919433594
19,9861,2.009066662359051e-06,2.009066662359051e-06,2.009066662359051e-06,True,89654,257.0740051269531,433.64599609375
19,9881,1.094846345516466e-06,1.094846345516466e-06,1.094846345516466e-06,True,17090,237.7689971923828,437.5
19,10190,2.462644328201388e-07,2.462644328201388e-07,2.462644328201388e-07,True,30351,164.1689910888672,431.52899169921875
19,10283,7.22607577472756e-05,7.22607577472756e-05,7.22607577472756e-05,True,129774,162.59799194335938,427.07598876953125
19,10543,5.677358901057445e-06,1.6662133062763052e-05,1.6662133062763052e-05,False,48543,171.26100158691406,430.0619812011719
19,10583,5.185930503599016e-07,5.185930503599016e-07,5.185930503599016e-07,True,43226,250.67100524902344,433.3659973144531
19,11154,3.9525769526070414e-05,3.9525769526070414e-05,3.9525769526070414e-05,True,113700,80.7947006225586,407.2397155761719
19,11379,1.8545120296387514,2.6174627872600955,2.612936658498454,False,131927,109.25299835205078,390.447998046875
19,12055,1.3968474028555037e-05,1.3968474028555037e-05,1.3968474028555037e-05,True,39883,274.0150146484375,480.8170166015625
19,12397,7.156071956926855e-07,7.156071956926855e-07,7.156071956926855e-07,True,5415,270.3580017089844,450.30499267578125
19,12616,4.0269371478339575e-05,4.0269371478339575e-05,4.0269371478339575e-05,True,1581,126.39799499511719,440.364013671875
19,13629,0.00015108638587412335,0.00015108638587412335,0.00015108638587412335,True,89322,63.00990295410156,491.5578918457031
19,14356,1.034061492511095e-05,1.034061492511095e-05,1.034061492511095e-05,True,125808,267.25,474.1190185546875
19,16244,5.599606167194127e-06,5.599606167194127e-06,5.599606167194127e-06,True,30286,258.47900390625,451.2550048828125
19,16265,1.0029945582830725e-05,1.0029945582830725e-05,1.0029945582830725e-05,True,79767,177.77200317382812,407.1409912109375
19,17166,3.443030995879981e-06,3.443030995879981e-06,3.443030995879981e-06,True,57157,237.49099731445312,403.64398193359375
19,17481,5.566313744673114e-07,5.566313744673114e-07,5.566313744673114e-07,True,27568,263.29998779296875,396.1820068359375
19,17551,5.581037259300996e-05,5.581037259300996e-05,5.581037259300996e-05,True,72961,52.35210037231445,437.09112548828125
19,18687,2.4350538750444842e-05,4.7291474751373046e-05,4.7291474751373046e-05,False,74708,156.31700134277344,443.13299560546875
19,18926,0.0001563111706517434,0.00022501326769528974,0.00019779103074575325,False,124169,186.5540008544922,453.166015625
19,19755,9.495178940828901e-05,0.00014912420919645607,0.00014912420919645607,False,19795,255.03599548339844,414.42901611328125
19,19848,0.00013382539028849023,0.009131211377839295,0.007613466708305538,False,128325,255.40199279785156,458.6099853515625
19,19915,7.066667781872462e-06,7.066667781872462e-06,7.066667781872462e-06,True,34836,231.3520050048828,417.87200927734375
19,20319,1.7326104952794597e-05,1.7326104952794597e-05,1.7326104952794597e-05,True,69570,83.4719009399414,438.139892578125
19,20730,5.373186859240658e-05,5.969536169194953e-05,5.210955704109088e-05,False,49183,63.527503967285156,459.4014892578125
19,20741,3.5213455008517716e-06,3.5213455008517716e-06,3.5213455008517716e-06,True,30483,139.00099182128906,400.5879821777344
19,21011,1.4284092046100752e-05,1.4284092046100752e-05,1.4284092046100752e-05,True,10759,157.61199951171875,423.6809997558594
19,22317,4.387937017300688e-06,8.527986518357193e-05,8.527986518357193e-05,False,131357,117.58699798583984,461.3059997558594
19,22873,4.970385710902982e-05,4.970385710902982e-05,4.970385710902982e-05,True,21995,92.96810150146484,384.7331237792969
19,23369,1.6992916049453187e-05,4.1057315251053124e-05,4.1057315251053124e-05,False,61674,169.7340087890625,450.2550048828125
19,23648,7.66026323236233e-06,7.66026323236233e-06,7.66026323236233e-06,True,125732,213.4669952392578,407.4110107421875
19,24055,2.220728426765564e-05,2.220728426765564e-05,2.220728426765564e-05,True,125845,128.6230010986328,445.6059875488281
19,24209,8.44183762761046e-07,8.44183762761046e-07,8.44183762761046e-07,True,93743,272.2799987792969,451.85601806640625
19,24289,0.0001011241864096541,0.0001011241864096541,0.0001011241864096541,True,102940,51.98320007324219,435.7342224121094
19,24887,9.241399733016157e-05,0.00022844928296890943,9.601663147484415e-05,False,9894,246.4550018310547,424.0149841308594
19,25370,1.4863023766438351e-05,1.4863023766438351e-05,1.4863023766438351e-05,True,20441,129.99501037597656,418.0820007324219
19,25832,3.90337258873799e-06,3.90337258873799e-06,3.90337258873799e-06,True,4176,53.9640007019043,468.8789978027344
19,26461,2.764098863110981e-05,2.764098863110981e-05,2.764098863110981e-05,True,56320,175.52999877929688,453.5299987792969
19,27319,1.1295442037349825e-05,1.1295442037349825e-05,1.1295442037349825e-05,True,99272,62.24209976196289,396.5050964355469
19,28517,1.8959278388408838e-05,1.8959278388408838e-05,1.8959278388408838e-05,True,58862,93.47260284423828,492.1816101074219
19,29000,0.00019818589063321965,0.00020128848019550477,0.00020128848019550477,False,25631,86.67459869384766,413.87060546875
19,30563,6.383207617185254e-06,6.383207617185254e-06,6.383207617185254e-06,True,119268,188.0970001220703,449.9759826660156
19,30684,1.2024199127772494e-05,1.2024199127772494e-05,1.2024199127772494e-05,True,19855,176.07200622558594,455.406005859375
19,31092,2.642626552503415e-05,2.642626552503415e-05,2.642626552503415e-05,True,109980,72.05059814453125,476.12957763671875
19,32210,3.8195099451850634e-05,7.620903171983821e-05,7.620903171983821e-05,False,118782,154.72898864746094,459.1590270996094
20,262,4.83856020664147e-05,4.83856020664147e-05,4.83856020664147e-05,True,114657,56.586997985839844,447.3840026855469
20,267,1.774659101437402e-05,1.774659101437402e-05,1.774659101437402e-05,True,110362,153.2150115966797,413.06103515625
20,371,5.949287201944432e-06,5.949287201944432e-06,5.949287201944432e-06,True,34679,243.26100158691406,397.3450012207031
20,482,3.7173222811370385e-05,3.7173222811370385e-05,3.7173222811370385e-05,True,28641,179.26600646972656,496.2040100097656
20,1531,5.011438276972421e-06,5.011438276972421e-06,5.011438276972421e-06,True,37032,147.21800231933594,430.7820129394531
20,1754,6.890666713986814e-06,6.890666713986814e-06,6.890666713986814e-06,True,25527,240.89500427246094,401.5269775390625
20,2400,0.00016843107798478798,0.19573923856198683,0.18503280173137937,False,127961,249.1820068359375,430.4309997558594
20,3259,5.582300555584276e-05,9.982051767616728e-05,9.982051767616728e-05,False,107377,82.38670349121094,486.8516845703125
20,4298,1.6793765231462638e-05,5.058472727122747e-05,5.058472727122747e-05,False,75523,172.47000122070312,413.96099853515625
20,5665,1.411916756851826,1.742556450579226,1.7336005124533387,False,131946,275.5360107421875,429.6299743652344
20,6138,6.2914840300438404e-06,5.04170664559911e-05,5.04170664559911e-05,False,22933,89.65699768066406,422.4420166015625
20,6392,1.5908457167484964e-05,0.00018273447525854865,0.00018273447525854865,False,95666,96.23099517822266,411.2279968261719
20,7566,3.8130896825997747e-06,1.9263617953842904e-05,1.9263617953842904e-05,False,69253,58.461299896240234,439.1593017578125
20,7716,5.971226710867756e-06,5.971226710867756e-06,5.971226710867756e-06,True,13384,273.02899169921875,424.93798828125
20,7734,1.2195280920995019e-05,1.2195280920995019e-05,4.327563385489497e-06,True,89248,118.44400024414062,432.8489990234375
20,8121,0.00016327802052693838,0.00038159379299874333,0.00038159379299874333,False,55565,78.21220397949219,434.897216796875
20,8192,2.1330111074078857e-06,1.0087826994944586e-05,1.0087826994944586e-05,False,98592,111.02799987792969,443.291015625
20,9851,3.7670204164545027e-06,3.7670204164545027e-06,3.7670204164545027e-06,True,45393,254.70098876953125,430.5989685058594
20,9922,2.0540998801562653e-05,4.3808565596197445e-05,8.043834864189788e-06,False,24803,267.8240051269531,448.9380187988281
20,9981,8.701097355251575e-06,0.00024696513238448806,0.00024696513238448806,False,121665,148.697998046875,471.2659912109375
20,10713,2.063189236262372e-05,4.7049240452386466e-05,4.7049240452386466e-05,False,105288,112.85099792480469,437.3070068359375
20,12206,2.230909006556255e-06,1.034128109270779e-05,1.034128109270779e-05,False,28618,155.57398986816406,464.0489807128906
20,12538,4.373149820769392e-05,4.373149820769392e-05,4.373149820769392e-05,True,116980,96.52840423583984,404.27142333984375
20,12615,5.374996143746552e-07,6.57390193393616e-06,2.2893897458323793e-06,False,25693,263.7229919433594,444.6499938964844
20,12930,1.4629764153569745e-06,1.4629764153569745e-06,1.4629764153569745e-06,True,93523,245.7220001220703,415.3199768066406
20,13030,1.3045214905725646e-06,3.807414350955128e-05,3.807414350955128e-05,False,111977,96.97979736328125,456.8667907714844
20,13073,8.060979151642363e-06,8.060979151642363e-06,8.060979151642363e-06,True,36696,266.3739929199219,433.093017578125
20,13685,3.70200881888027e-05,0.0001932894397549021,0.0001932894397549021,False,35969,211.34999084472656,392.6000061035156
20,13908,1.890844114340631e-05,1.890844114340631e-05,1.890844114340631e-05,True,104056,233.54100036621094,448.60797119140625
20,14026,3.604585492502634e-05,3.604585492502634e-05,3.604585492502634e-05,True,81408,209.70899963378906,463.7209777832031
20,14107,3.3509987163034785e-06,3.3509987163034785e-06,3.3509987163034785e-06,True,29719,93.96310424804688,430.110107421875
20,14115,1.2283698881004916e-05,1.2283698881004916e-05,1.2283698881004916e-05,True,63358,133.03700256347656,462.37200927734375
20,14618,0.0036345573024564194,0.2182140313432572,0.21316253528026652,False,3210,207.83599853515625,392.5679931640625
20,14985,8.317891332114123e-06,8.317891332114123e-06,8.317891332114123e-06,True,27658,171.7869873046875,456.8659973144531
20,16022,2.986321219935738e-05,0.0003302576335331893,0.0003302576335331893,False,42675,270.9070129394531,456.2420349121094
20,17143,1.9500198490970543e-05,1.9500198490970543e-05,1.9500198490970543e-05,True,3743,232.32899475097656,401.49200439453125
20,18888,7.486907957808507e-05,7.486907957808507e-05,7.486907957808507e-05,True,40448,83.89849853515625,415.8645324707031
20,18947,5.4812104156670566e-06,5.567376757061823e-06,5.567376757061823e-06,False,51801,269.5509948730469,426.1490173339844
20,19008,6.116381887309059e-05,0.0002981698332416403,0.0002981698332416403,False,45304,265.385009765625,419.6549987792969
20,19886,5.896614214409623e-05,0.00010120968355625985,0.00010120968355625985,False,91708,86.1968002319336,454.1918029785156
20,20719,1.9516803984363686e-06,1.9516803984363686e-06,1.9516803984363686e-06,True,60076,103.81200408935547,489.8529968261719
20,21051,4.639847574765554e-08,4.639847574765554e-08,4.639847574765554e-08,True,52929,107.43299865722656,430.28900146484375
20,21309,1.7293398605146122e-05,6.73815300613368e-05,6.73815300613368e-05,False,111805,125.88700866699219,467.4119873046875
20,21639,2.8280360756624945e-06,2.8280360756624945e-06,2.8280360756624945e-06,True,33093,65.601806640625,440.4678039550781
20,22485,1.8012103990645114e-06,3.895513024983855e-06,3.895513024983855e-06,False,75480,203.72000122070312,475.7659912109375
20,22610,2.8805630490938154e-05,2.8805630490938154e-05,2.8805630490938154e-05,True,80353,101.1240005493164,454.7229919433594
20,22822,6.864036319265795e-06,2.205560527094564e-05,2.205560527094564e-05,False,81491,235.30499267578125,410.0970153808594
20,22991,1.8460179402899826e-05,2.9494246896318178e-05,2.9494246896318178e-05,False,121608,269.7929992675781,472.4640197753906
20,23646,2.1921540771358032e-06,2.1921540771358032e-06,2.1921540771358032e-06,True,66025,248.73899841308594,425.4150085449219
20,23932,3.383204911679875e-06,3.746072971881188e-05,3.288515666296691e-05,False,45893,243.0880126953125,444.4380187988281
20,23980,2.6244827596336454e-05,2.6244827596336454e-05,2.6244827596336454e-05,True,31940,265.1579895019531,430.34100341796875
20,24602,3.713406261949422e-05,3.713406261949422e-05,3.713406261949422e-05,True,40775,120.54800415039062,439.8550109863281
20,24810,2.421110619241541e-06,2.421110619241541e-06,2.421110619241541e-06,True,1479,275.7239990234375,432.86700439453125
20,25206,9.399598840487582e-06,9.399598840487582e-06,9.399598840487582e-06,True,17473,229.55499267578125,466.25799560546875
20,26440,6.954930363434526e-08,9.306821494346185e-06,9.306821494346185e-06,False,11768,272.5340270996094,438.19500732421875
20,26705,6.142995244866101e-07,1.90276297299132e-06,1.90276297299132e-06,False,131855,245.17300415039062,459.04400634765625
20,26899,0.00010473593082053265,0.00010473593082053265,0.00010473593082053265,True,5086,214.9969940185547,421.44598388671875
20,27437,9.057954114238938e-06,9.057954114238938e-06,9.057954114238938e-06,True,38194,76.63899993896484,499.4440002441406
20,27665,2.850997014014776e-06,2.844249352879419e-05,2.844249352879419e-05,False,42556,56.5890998840332,457.111083984375
20,27943,1.5557889814651774e-05,1.5557889814651774e-05,1.5557889814651774e-05,True,103549,114.83000183105469,424.04998779296875
20,29057,7.750137472683765e-06,7.750137472683765e-06,7.750137472683765e-06,True,83443,252.5019989013672,427.2569885253906
20,29090,1.1305067506021128e-05,0.00015261259333769944,0.00015261259333769944,False,123905,144.9969940185547,458.3659973144531
20,29147,0.00039721302547257977,0.27302340388729257,0.27074349526830355,False,131508,269.39801025390625,433.8489990234375
20,30261,6.686027259983406e-06,6.686027259983406e-06,2.705344333124924e-06,True,90199,236.9720001220703,397.3089904785156
