{
  "config": {
    "incident_energy_mev": 0.511,
    "num_photons": 10000000,
    "density_g_cm3": 3.67,
    "data_path": "F:\\lipeize\\1_code\\JSCC_Recon\\20250307_JSCCGC_32x32x4_Shield_DiffEne_SPECT_PolarCoor\\FreePath\\data.txt",
    "energy_weighting_definition": "r_weighted = (E1 * r1 + E2 * r2) / (E1 + E2), with E1 = E0 - E_scattered and E2 = E_scattered.",
    "assumption": "The second interaction fully absorbs the scattered photon."
  },
  "summary": {
    "theta_deg": {
      "mean": 69.67625184509637,
      "std": 41.83573010218681,
      "min": 0.018426030959012327,
      "p05": 14.061006637905749,
      "median": 61.37880140324368,
      "p95": 147.4224185658647,
      "max": 179.9617086805408
    },
    "first_deposit_energy_mev": {
      "mean": 0.17605828170742915,
      "std": 0.1062453354711834,
      "min": 2.642464769220254e-08,
      "p05": 0.014865390605486865,
      "median": 0.1750331366110145,
      "p95": 0.33123898909080296,
      "max": 0.3406666539871176
    },
    "second_deposit_energy_mev": {
      "mean": 0.33494171829256975,
      "std": 0.1062453354711834,
      "min": 0.17033334601288244,
      "p05": 0.17976101090919702,
      "median": 0.3359668633889855,
      "p95": 0.49613460939451315,
      "max": 0.5109999735753523
    },
    "first_position_weight": {
      "mean": 0.34453675480905904,
      "std": 0.20791650777139598,
      "min": 5.171163931937875e-08,
      "p05": 0.02909078396377077,
      "median": 0.3425306000215548,
      "p95": 0.6482171997863072,
      "max": 0.666666641853459
    },
    "second_position_weight": {
      "mean": 0.6554632451909405,
      "std": 0.20791650777139598,
      "min": 0.33333335814654097,
      "p05": 0.3517828002136928,
      "median": 0.6574693999784452,
      "p95": 0.9709092160362292,
      "max": 0.9999999482883607
    },
    "true_free_path_cm": {
      "mean": 1.8892921283171038,
      "std": 2.1976086770466994,
      "min": 3.8714675989504695e-08,
      "p05": 0.07674674756490836,
      "median": 1.1420778362120045,
      "p95": 6.267198166044105,
      "max": 47.87049354134566
    },
    "true_perpendicular_free_path_cm": {
      "mean": 1.2153748961111566,
      "std": 1.3898699054999837,
      "min": 2.1276977854260605e-08,
      "p05": 0.04437681032158277,
      "median": 0.7446515830325153,
      "p95": 3.9910139896812615,
      "max": 27.734097902819226
    },
    "true_parallel_free_path_cm": {
      "mean": 1.014755039005371,
      "std": 1.9900518490866972,
      "min": -7.954244231922604,
      "p05": -0.7425313976301767,
      "median": 0.3299366627714676,
      "p95": 4.930951157286852,
      "max": 46.926186009546896
    },
    "energy_weighted_free_path_cm": {
      "mean": 1.402723194194663,
      "std": 1.9033975042583027,
      "min": 1.6426889802695954e-08,
      "p05": 0.03823823801956828,
      "median": 0.6895933049839404,
      "p95": 5.191980415364693,
      "max": 46.9444533525455
    },
    "energy_weighted_perpendicular_free_path_cm": {
      "mean": 0.8299205390553354,
      "std": 1.0155243666157172,
      "min": 1.1561359021278388e-08,
      "p05": 0.022899421810670118,
      "median": 0.4678848065478757,
      "p95": 2.8687591652718436,
      "max": 20.547602972698588
    },
    "energy_weighted_parallel_free_path_cm": {
      "mean": 0.9161542600722223,
      "std": 1.7410220992749565,
      "min": -2.90482630359,
      "p05": -0.2839599292186137,
      "median": 0.2314022410444508,
      "p95": 4.348289395579149,
      "max": 46.01841316374535
    },
    "abs_energy_weighted_parallel_free_path_cm": {
      "mean": 1.0095654549634314,
      "std": 1.688571636193365,
      "min": 2.4882951938945455e-09,
      "p05": 0.009505296651305626,
      "median": 0.3219258600039618,
      "p95": 4.348289395579149,
      "max": 46.01841316374535
    },
    "forward_scatter_fraction": 0.6925823,
    "backscatter_fraction": 0.3074177
  }
}