result,channel,iteration,peak_over_fixed_final_background,peak_inner_z_over_fixed_final_background,tiny_cells_integral_fraction,outside_source_z_integral_fraction
NEMA_Body_H60_1e9_1643142,440_SinglePhoton,50,0.6505286441473358,0.6505286441473358,0.0003037081299394511,0.48709047682012213
NEMA_Body_H60_1e9_1643142,440_SinglePhoton,100,0.7368711644527465,0.7368711644527465,0.0002863710852661422,0.4730052013585145
NEMA_Body_H60_1e9_1643142,440_SinglePhoton,150,0.7593361951272914,0.7593361951272914,0.00027285965783103603,0.4591393996780541
NEMA_Body_H60_1e9_1643142,440_SinglePhoton,200,0.7630075205467296,0.7630075205467296,0.00025945144331590396,0.44545818608702914
NEMA_Body_H60_1e9_1643142,440_SinglePhoton,250,0.7939695997145799,0.7939695997145799,0.0002465465097390979,0.43196837060684956
NEMA_Body_H60_1e9_1643142,440_SinglePhoton,300,0.898484295873561,0.898484295873561,0.0002343396093677457,0.4187028149056741
NEMA_Body_H60_1e9_1643142,440_SinglePhoton,350,1.0131612640588763,1.0131612640588763,0.00022286604500867612,0.40570155856262063
NEMA_Body_H60_1e9_1643142,440_SinglePhoton,400,1.1367889931035229,1.1367889931035229,0.00021210578618280262,0.3930038514789383
NEMA_Body_H60_1e9_1643142,440_SinglePhoton,450,1.2808989224392764,1.2808989224392764,0.00020202354157107562,0.3806449229011209
NEMA_Body_H60_1e9_1643142,440_SinglePhoton,500,1.4414527907653432,1.4414527907653432,0.0001925815038690486,0.36865469031660925
NEMA_Body_H60_1e9_1643142,440_SinglePhoton,550,1.6135884927989859,1.6135884927989859,0.00018374294267841152,0.35705729890380444
NEMA_Body_H60_1e9_1643142,440_SinglePhoton,600,1.7970282454589637,1.7970282454589637,0.00017547291154849703,0.34587110685615746
NEMA_Body_H60_1e9_1643142,440_SinglePhoton,650,1.9913790553359467,1.9913790553359467,0.00016773821780990733,0.33510889532769883
NEMA_Body_H60_1e9_1643142,440_SinglePhoton,700,2.196154515241073,2.196154515241073,0.00016050717919109266,0.32477824353831336
NEMA_Body_H60_1e9_1643142,440_SinglePhoton,750,2.4107716904132963,2.4107716904132963,0.00015374950516758702,0.31488201573094743
NEMA_Body_H60_1e9_1643142,440_SinglePhoton,800,2.634579142653248,2.634579142653248,0.00014743613756516057,0.3054188967280623
NEMA_Body_H60_1e9_1643142,440_SinglePhoton,850,2.866861682954124,2.866861682954124,0.00014153929648089676,0.2963839566137808
NEMA_Body_H60_1e9_1643142,440_SinglePhoton,900,3.1068626597017133,3.1068626597017133,0.00013603236064091154,0.28776921839719527
NEMA_Body_H60_1e9_1643142,440_SinglePhoton,950,3.35379362782,3.35379362782,0.0001308899318085718,0.2795642099116748
NEMA_Body_H60_1e9_1643142,440_SinglePhoton,1000,3.6068459845226477,3.6068459845226477,0.00012608784526903406,0.27175647045540063
NEMA_Body_H60_1e9_1643142,440_SinglePhoton,1050,3.865215388002737,3.865215388002737,0.00012160316491374093,0.26433202489171803
NEMA_Body_H60_1e9_1643142,440_SinglePhoton,1100,4.128089302262162,4.128089302262162,0.0001174141925446439,0.25727580474048684
NEMA_Body_H60_1e9_1643142,440_SinglePhoton,1150,4.394691573511687,4.394691573511687,0.00011350047707373788,0.2505720072947109
NEMA_Body_H60_1e9_1643142,440_SinglePhoton,1200,4.66426112527386,4.66426112527386,0.00010984278952821991,0.24420441268007095
NEMA_Body_H60_1e9_1643142,440_SinglePhoton,1250,4.936061135877144,4.936061135877144,0.00010642309015100765,0.23815665123676316
NEMA_Body_H60_1e9_1643142,440_SinglePhoton,1300,5.209407226473596,5.209407226473596,0.00010322451230770591,0.23241241303042445
NEMA_Body_H60_1e9_1643142,440_SinglePhoton,1350,5.483654678100622,5.483654678100622,0.00010023132627212859,0.22695563286142037
NEMA_Body_H60_1e9_1643142,440_SinglePhoton,1400,5.758189254186843,5.758189254186843,9.74288709305934e-05,0.2217706183348892
NEMA_Body_H60_1e9_1643142,440_SinglePhoton,1450,6.032460632852135,6.032460632852135,9.480351983082705e-05,0.21684215864367215
NEMA_Body_H60_1e9_1643142,440_SinglePhoton,1500,6.305958479869371,6.305958479869371,9.23426310359996e-05,0.21215560607313072
NEMA_Body_H60_1e9_1643142,440_SinglePhoton,1550,6.578226542673258,6.578226542673258,9.003447219461861e-05,0.20769692908372256
NEMA_Body_H60_1e9_1643142,440_SinglePhoton,1600,6.848849867422084,6.848849867422084,8.786819686986602e-05,0.203452741287473
NEMA_Body_H60_1e9_1643142,440_SinglePhoton,1650,7.11744562150359,7.11744562150359,8.583375711415101e-05,0.19941032920919158
NEMA_Body_H60_1e9_1643142,440_SinglePhoton,1700,7.383708325470324,7.383708325470324,8.3921869632192e-05,0.1955576470882972
NEMA_Body_H60_1e9_1643142,440_SinglePhoton,1750,7.647335777551309,7.647335777551309,8.212394171566333e-05,0.19188332556678567
NEMA_Body_H60_1e9_1643142,440_SinglePhoton,1800,7.908110340028616,7.908110340028616,8.043206678820369e-05,0.188376645484497
NEMA_Body_H60_1e9_1643142,440_SinglePhoton,1850,8.165804542154893,8.165804542154893,7.883891976565702e-05,0.1850275338225152
NEMA_Body_H60_1e9_1643142,440_SinglePhoton,1900,8.420258433318171,8.420258433318171,7.733774435703995e-05,0.18182653176238
NEMA_Body_H60_1e9_1643142,440_SinglePhoton,1950,8.671344839671226,8.671344839671226,7.592230366966482e-05,0.17876477108392613
NEMA_Body_H60_1e9_1643142,440_SinglePhoton,2000,8.91894510932567,8.91894510932567,7.458683737521898e-05,0.17583395041754743
NEMA_Body_H60_1e9_1643142,440_SinglePhoton,2050,9.163006799457905,9.163006799457905,7.332602621886669e-05,0.17302630123839186
NEMA_Body_H60_1e9_1643142,440_SinglePhoton,2100,9.403439446197227,9.403439446197227,7.213496580703789e-05,0.170334567107651
NEMA_Body_H60_1e9_1643142,440_SinglePhoton,2150,9.640218794737724,9.640218794737724,7.100910750234714e-05,0.16775196296145348
NEMA_Body_H60_1e9_1643142,440_SinglePhoton,2200,9.873345500614688,9.873345500614688,6.994426551086748e-05,0.1652721549969408
NEMA_Body_H60_1e9_1643142,440_SinglePhoton,2250,10.10281431954576,10.10281431954576,6.893655347227796e-05,0.1628892325811815
NEMA_Body_H60_1e9_1643142,440_SinglePhoton,2300,10.384354273561598,10.384354273561598,6.798238666925411e-05,0.16059768170744074
NEMA_Body_H60_1e9_1643142,440_SinglePhoton,2350,10.694698448438093,10.694698448438093,6.707843807200243e-05,0.15839234975856956
NEMA_Body_H60_1e9_1643142,440_SinglePhoton,2400,11.006792902552139,11.006792902552139,6.622164068721617e-05,0.15626843513810618
NEMA_Body_H60_1e9_1643142,440_SinglePhoton,2450,11.320554382921273,11.320554382921273,6.540913353086671e-05,0.15422145418674776
NEMA_Body_H60_1e9_1643142,440_SinglePhoton,2500,11.635925857974836,11.635925857974836,6.463828306562804e-05,0.15224722028028465
NEMA_Body_H60_1e9_1643142,440_SinglePhoton,2550,11.95288241737162,11.95288241737162,6.390663107701083e-05,0.15034183226248063
NEMA_Body_H60_1e9_1643142,440_SinglePhoton,2600,12.271340152593867,12.271340152593867,6.321190991070427e-05,0.14850163986331777
NEMA_Body_H60_1e9_1643142,440_SinglePhoton,2650,12.591238754394443,12.591238754394443,6.255199325193615e-05,0.14672324019266567
NEMA_Body_H60_1e9_1643142,440_SinglePhoton,2700,12.91251004710267,12.91251004710267,6.192490829240665e-05,0.14500344919154126
NEMA_Body_H60_1e9_1643142,440_SinglePhoton,2750,13.235131742518519,13.235131742518519,6.132884146555704e-05,0.14333929860313102
NEMA_Body_H60_1e9_1643142,440_SinglePhoton,2800,13.559042220324265,13.559042220324265,6.076207355273202e-05,0.1417280037956823
NEMA_Body_H60_1e9_1643142,440_SinglePhoton,2850,13.884168060566873,13.884168060566873,6.0223024474852025e-05,0.14016696606181742
NEMA_Body_H60_1e9_1643142,440_SinglePhoton,2900,14.210450265069793,14.210450265069793,5.971020709523774e-05,0.13865375111441222
NEMA_Body_H60_1e9_1643142,440_SinglePhoton,2950,14.537821969232942,14.537821969232942,5.9222244709405154e-05,0.13718608079632388
NEMA_Body_H60_1e9_1643142,440_SinglePhoton,3000,14.86627137342101,14.86627137342101,5.875783690618542e-05,0.13576182150169497
NEMA_Body_H60_1e9_1643142,440_SinglePhoton,3050,15.19573685731627,15.19573685731627,5.8315780883502805e-05,0.1343789702301681
NEMA_Body_H60_1e9_1643142,440_SinglePhoton,3100,15.526163355953944,15.526163355953944,5.789495668341702e-05,0.13303565208558582
NEMA_Body_H60_1e9_1643142,440_SinglePhoton,3150,15.857497115439847,15.857497115439847,5.749429657762591e-05,0.1317301064484581
NEMA_Body_H60_1e9_1643142,440_SinglePhoton,3200,16.18967389331507,16.18967389331507,5.7112812464128836e-05,0.13046068130256885
NEMA_Body_H60_1e9_1643142,440_SinglePhoton,3250,16.52264911317956,16.52264911317956,5.674956509804533e-05,0.12922582541116853
NEMA_Body_H60_1e9_1643142,440_SinglePhoton,3300,16.856370332209718,16.856370332209718,5.640368927815844e-05,0.12802407199702232
NEMA_Body_H60_1e9_1643142,440_SinglePhoton,3350,17.190786418652536,17.190786418652536,5.6074364670127434e-05,0.12685405099380723
NEMA_Body_H60_1e9_1643142,440_SinglePhoton,3400,17.525885572872703,17.525885572872703,5.576081660188108e-05,0.12571447000002228
NEMA_Body_H60_1e9_1643142,440_SinglePhoton,3450,17.861537998881822,17.861537998881822,5.5462325322547837e-05,0.12460411135311462
NEMA_Body_H60_1e9_1643142,440_SinglePhoton,3500,18.197745007750477,18.197745007750477,5.5178207149140525e-05,0.12352182572006105
NEMA_Body_H60_1e9_1643142,440_SinglePhoton,3550,18.534464645219792,18.534464645219792,5.490780452909715e-05,0.12246653082265721
NEMA_Body_H60_1e9_1643142,440_SinglePhoton,3600,18.871607758489652,18.871607758489652,5.4650501795308735e-05,0.12143720558823018
NEMA_Body_H60_1e9_1643142,440_SinglePhoton,3650,19.20913763758354,19.20913763758354,5.440573519599436e-05,0.12043287877549483
NEMA_Body_H60_1e9_1643142,440_SinglePhoton,3700,19.547001839677865,19.547001839677865,5.417295458422955e-05,0.119452643883301
NEMA_Body_H60_1e9_1643142,440_SinglePhoton,3750,19.88512694481958,19.88512694481958,5.3951648120628806e-05,0.11849563123347906
NEMA_Body_H60_1e9_1643142,440_SinglePhoton,3800,20.22351688622046,20.22351688622046,5.374132381253766e-05,0.11756102693139438
NEMA_Body_H60_1e9_1643142,440_SinglePhoton,3850,20.562108732492188,20.562108732492188,5.354152234590056e-05,0.11664805537248892
NEMA_Body_H60_1e9_1643142,440_SinglePhoton,3900,20.900850040811168,20.900850040811168,5.335177987310668e-05,0.1157559846522887
NEMA_Body_H60_1e9_1643142,440_SinglePhoton,3950,21.239713278695014,21.239713278695014,5.317169211894267e-05,0.11488411571195707
NEMA_Body_H60_1e9_1643142,440_SinglePhoton,4000,21.578573894437678,21.578573894437678,5.300085571521251e-05,0.11403178623282939
NEMA_Body_H60_1e9_1643142,440_SinglePhoton,4050,21.91740697769795,21.91740697769795,5.283890259861213e-05,0.11319836842502065
NEMA_Body_H60_1e9_1643142,440_SinglePhoton,4100,22.25617057421696,22.25617057421696,5.2685450281597966e-05,0.1123832637576427
NEMA_Body_H60_1e9_1643142,440_SinglePhoton,4150,22.594856817571166,22.594856817571166,5.2540159603200524e-05,0.11158590374893652
NEMA_Body_H60_1e9_1643142,440_SinglePhoton,4200,22.933396221019297,22.933396221019297,5.2402716952109325e-05,0.11080574760368167
NEMA_Body_H60_1e9_1643142,440_SinglePhoton,4250,23.27173371959658,23.27173371959658,5.227278460567521e-05,0.11004227504827795
NEMA_Body_H60_1e9_1643142,440_SinglePhoton,4300,23.60979589334998,23.60979589334998,5.2150060241142356e-05,0.10929499671268313
NEMA_Body_H60_1e9_1643142,440_SinglePhoton,4350,23.947509322326457,23.947509322326457,5.203426970050604e-05,0.10856344027387227
NEMA_Body_H60_1e9_1643142,440_SinglePhoton,4400,24.284887117231918,24.284887117231918,5.192511032015612e-05,0.10784715738224591
NEMA_Body_H60_1e9_1643142,440_SinglePhoton,4450,24.62183488098388,24.62183488098388,5.1822319804516215e-05,0.10714571523214923
NEMA_Body_H60_1e9_1643142,440_SinglePhoton,4500,24.958381457135324,24.958381457135324,5.172566483276242e-05,0.1064587034300422
NEMA_Body_H60_1e9_1643142,440_SinglePhoton,4550,25.294456047874398,25.294456047874398,5.1634865801541166e-05,0.10578573328514898
NEMA_Body_H60_1e9_1643142,440_SinglePhoton,4600,25.629930168283284,25.629930168283284,5.154971790164036e-05,0.10512642298697844
NEMA_Body_H60_1e9_1643142,440_SinglePhoton,4650,25.964895593303282,25.964895593303282,5.1469981809957083e-05,0.10448040891330837
NEMA_Body_H60_1e9_1643142,440_SinglePhoton,4700,26.299213349451854,26.299213349451854,5.139542750023195e-05,0.10384734808192368
NEMA_Body_H60_1e9_1643142,440_SinglePhoton,4750,26.632893925293722,26.632893925293722,5.1325847501687157e-05,0.10322690221242603
NEMA_Body_H60_1e9_1643142,440_SinglePhoton,4800,26.96586652301703,26.96586652301703,5.126104590690927e-05,0.10261875443064152
NEMA_Body_H60_1e9_1643142,440_SinglePhoton,4850,27.298112787633524,27.298112787633524,5.1200822948580115e-05,0.1020225940956939
NEMA_Body_H60_1e9_1643142,440_SinglePhoton,4900,27.629493745660664,27.629493745660664,5.1144992126808846e-05,0.10143812266699684
NEMA_Body_H60_1e9_1643142,440_SinglePhoton,4950,27.960150992722166,27.960150992722166,5.109336291141682e-05,0.10086505515253735
NEMA_Body_H60_1e9_1643142,440_SinglePhoton,5000,28.289893112511898,28.289893112511898,5.104576590356415e-05,0.10030311957353942
NEMA_Body_H60_1e9_1643142,440_SinglePhoton,5050,28.61876205928874,28.61876205928874,5.100202645942114e-05,0.09975204358256241
NEMA_Body_H60_1e9_1643142,440_SinglePhoton,5100,28.946668680252582,28.946668680252582,5.09619847367152e-05,0.09921157786948534
NEMA_Body_H60_1e9_1643142,440_SinglePhoton,5150,29.273581509709256,29.273581509709256,5.092549358864381e-05,0.09868146716460519
NEMA_Body_H60_1e9_1643142,440_SinglePhoton,5200,29.599518902647027,29.599518902647027,5.089238593296523e-05,0.0981614779807133
NEMA_Body_H60_1e9_1643142,440_SinglePhoton,5250,29.92439170626578,29.92439170626578,5.086250982227348e-05,0.09765137729498266
NEMA_Body_H60_1e9_1643142,440_SinglePhoton,5300,30.24818156557725,30.24818156557725,5.0835750163647364e-05,0.09715093910319501
NEMA_Body_H60_1e9_1643142,440_SinglePhoton,5350,30.57084128204021,30.57084128204021,5.0811950171373905e-05,0.09665994803376189
NEMA_Body_H60_1e9_1643142,440_SinglePhoton,5400,30.89237609993701,30.89237609993701,5.079098787646899e-05,0.0961781918454373
NEMA_Body_H60_1e9_1643142,440_SinglePhoton,5450,31.212762419997038,31.212762419997038,5.077274376301101e-05,0.09570546848803586
NEMA_Body_H60_1e9_1643142,440_SinglePhoton,5500,31.531903222996636,31.531903222996636,5.0757079082211295e-05,0.09524157869530597
NEMA_Body_H60_1e9_1643142,440_SinglePhoton,5550,31.84990863886536,31.84990863886536,5.074390033810185e-05,0.09478632969318097
NEMA_Body_H60_1e9_1643142,440_SinglePhoton,5600,32.16656365202646,32.16656365202646,5.0733094309344714e-05,0.09433953546131507
NEMA_Body_H60_1e9_1643142,440_SinglePhoton,5650,32.481915461021174,32.481915461021174,5.072454128965639e-05,0.09390101511730033
NEMA_Body_H60_1e9_1643142,440_SinglePhoton,5700,32.79608206220259,32.79608206220259,5.071814983592606e-05,0.09347059465455383
NEMA_Body_H60_1e9_1643142,440_SinglePhoton,5750,33.10882746286454,33.10882746286454,5.0713833189733814e-05,0.09304810018662227
NEMA_Body_H60_1e9_1643142,440_SinglePhoton,5800,33.42026441507774,33.42026441507774,5.0711486173577914e-05,0.09263336719132792
NEMA_Body_H60_1e9_1643142,440_SinglePhoton,5850,33.76333750062583,33.76333750062583,5.0711027496496e-05,0.09222623632135271
NEMA_Body_H60_1e9_1643142,440_SinglePhoton,5900,34.15064348573682,34.15064348573682,5.071236510575182e-05,0.09182654229508234
NEMA_Body_H60_1e9_1643142,440_SinglePhoton,5950,34.53807271148327,34.53807271148327,5.07154286823939e-05,0.0914341395889117
NEMA_Body_H60_1e9_1643142,440_SinglePhoton,6000,34.925564868618025,34.925564868618025,5.0720123975967014e-05,0.09104887821993297
NEMA_Body_H60_1e9_1643142,440_SinglePhoton,6050,35.31301507149391,35.31301507149391,5.072640180410071e-05,0.09067061249740102
NEMA_Body_H60_1e9_1643142,440_SinglePhoton,6100,35.70048887364041,35.70048887364041,5.073419540786417e-05,0.09029919744194749
NEMA_Body_H60_1e9_1643142,440_SinglePhoton,6150,36.08798627505753,36.08798627505753,5.0743467191006285e-05,0.08993449753583532
NEMA_Body_H60_1e9_1643142,440_SinglePhoton,6200,36.47540763438043,36.47540763438043,5.07541267972328e-05,0.08957637498092914
NEMA_Body_H60_1e9_1643142,440_SinglePhoton,6250,36.862742463044405,36.862742463044405,5.076613077937435e-05,0.0892247014611596
NEMA_Body_H60_1e9_1643142,440_SinglePhoton,6300,37.25008253599073,37.25008253599073,5.077943384930941e-05,0.08887934424173002
NEMA_Body_H60_1e9_1643142,440_SinglePhoton,6350,37.63729150187807,37.63729150187807,5.079399460581106e-05,0.08854018322739114
NEMA_Body_H60_1e9_1643142,440_SinglePhoton,6400,38.024434914235904,38.024434914235904,5.080976750515435e-05,0.08820708957440881
NEMA_Body_H60_1e9_1643142,440_SinglePhoton,6450,38.41142624240532,38.41142624240532,5.082670577279388e-05,0.08787994760740309
NEMA_Body_H60_1e9_1643142,440_SinglePhoton,6500,38.79818944429208,38.79818944429208,5.084477006144156e-05,0.0875586433003144
NEMA_Body_H60_1e9_1643142,440_SinglePhoton,6550,39.18479531770805,39.18479531770805,5.0863941792888567e-05,0.08724305947522634
NEMA_Body_H60_1e9_1643142,440_SinglePhoton,6600,39.571196664111994,39.571196664111994,5.08841871557535e-05,0.0869330805823247
NEMA_Body_H60_1e9_1643142,440_SinglePhoton,6650,39.95733841853913,39.95733841853913,5.090548655842713e-05,0.08662860567193918
NEMA_Body_H60_1e9_1643142,440_SinglePhoton,6700,40.343155027459964,40.343155027459964,5.0927817316032794e-05,0.08632952235423359
NEMA_Body_H60_1e9_1643142,440_SinglePhoton,6750,40.72879595292175,40.72879595292175,5.095115513454555e-05,0.08603572996968045
NEMA_Body_H60_1e9_1643142,440_SinglePhoton,6800,41.11409862217133,41.11409862217133,5.097549390026481e-05,0.08574712530921719
NEMA_Body_H60_1e9_1643142,440_SinglePhoton,6850,41.499149565867654,41.499149565867654,5.1000813539959526e-05,0.085463606821062
NEMA_Body_H60_1e9_1643142,440_SinglePhoton,6900,41.88379669982228,41.88379669982228,5.102711292963629e-05,0.08518508186916712
NEMA_Body_H60_1e9_1643142,440_SinglePhoton,6950,42.26808460043526,42.26808460043526,5.1054394110805246e-05,0.08491145099050983
NEMA_Body_H60_1e9_1643142,440_SinglePhoton,7000,42.65196344702419,42.65196344702419,5.1082619844808154e-05,0.08464261833705869
NEMA_Body_H60_1e9_1643142,440_SinglePhoton,7050,43.035425373165516,43.035425373165516,5.111180999222833e-05,0.08437849773637716
NEMA_Body_H60_1e9_1643142,440_SinglePhoton,7100,43.418525443824024,43.418525443824024,5.114195242956163e-05,0.08411900367837938
NEMA_Body_H60_1e9_1643142,440_SinglePhoton,7150,43.80135281179983,43.80135281179983,5.117304982213062e-05,0.08386404525376244
NEMA_Body_H60_1e9_1643142,440_SinglePhoton,7200,44.18387076711642,44.18387076711642,5.120510383375664e-05,0.08361353624832982
NEMA_Body_H60_1e9_1643142,440_SinglePhoton,7250,44.56583282850287,44.56583282850287,5.1238133646886526e-05,0.0833673985010356
NEMA_Body_H60_1e9_1643142,440_SinglePhoton,7300,44.94740681299471,44.94740681299471,5.1272140986943135e-05,0.08312553530343073
NEMA_Body_H60_1e9_1643142,440_SinglePhoton,7350,45.328482590662375,45.328482590662375,5.13071449228791e-05,0.08288788266762176
NEMA_Body_H60_1e9_1643142,440_SinglePhoton,7400,45.709128337176544,45.709128337176544,5.134313958009398e-05,0.08265435892464901
NEMA_Body_H60_1e9_1643142,440_SinglePhoton,7450,46.08926014401946,46.08926014401946,5.1380142310560105e-05,0.08242488360667631
NEMA_Body_H60_1e9_1643142,440_SinglePhoton,7500,46.469030095379566,46.469030095379566,5.1418149384811936e-05,0.08219938067072396
NEMA_Body_H60_1e9_1643142,440_SinglePhoton,7550,46.84833330560965,46.84833330560965,5.145718621618942e-05,0.0819777801904595
NEMA_Body_H60_1e9_1643142,440_SinglePhoton,7600,47.227175018992085,47.227175018992085,5.1497252623918886e-05,0.08176001008695287
NEMA_Body_H60_1e9_1643142,440_SinglePhoton,7650,47.60543461703259,47.60543461703259,5.1538379239914266e-05,0.0815460003790089
NEMA_Body_H60_1e9_1643142,440_SinglePhoton,7700,47.983232718225445,47.983232718225445,5.158059017394427e-05,0.08133567546869411
NEMA_Body_H60_1e9_1643142,440_SinglePhoton,7750,48.36053785687649,48.36053785687649,5.16239161368189e-05,0.0811289790970798
NEMA_Body_H60_1e9_1643142,440_SinglePhoton,7800,48.73732905585628,48.73732905585628,5.1668347136265595e-05,0.080925838821512
NEMA_Body_H60_1e9_1643142,440_SinglePhoton,7850,49.11365875798842,49.11365875798842,5.1713910093676295e-05,0.08072619389853967
NEMA_Body_H60_1e9_1643142,440_SinglePhoton,7900,49.489458787602224,49.489458787602224,5.1760625385462165e-05,0.08052997925990507
NEMA_Body_H60_1e9_1643142,440_SinglePhoton,7950,49.86463474761523,49.86463474761523,5.1808502478732216e-05,0.08033712624323142
NEMA_Body_H60_1e9_1643142,440_SinglePhoton,8000,50.23936494362765,50.23936494362765,5.1857584440337903e-05,0.08014758402366116
NEMA_Body_H60_1e9_1643142,440_SinglePhoton,8050,50.61356022283939,50.61356022283939,5.190789652805351e-05,0.07996129029260635
NEMA_Body_H60_1e9_1643142,440_SinglePhoton,8100,50.987131432450326,50.987131432450326,5.195942845158705e-05,0.07977819018058945
NEMA_Body_H60_1e9_1643142,440_SinglePhoton,8150,51.36012577100169,51.36012577100169,5.201221592371063e-05,0.07959821899909542
NEMA_Body_H60_1e9_1643142,440_SinglePhoton,8200,51.732669101270126,51.732669101270126,5.206626427222576e-05,0.07942132881675243
NEMA_Body_H60_1e9_1643142,440_SinglePhoton,8250,52.10466178189079,52.10466178189079,5.2121614909181216e-05,0.07924746060207813
NEMA_Body_H60_1e9_1643142,440_SinglePhoton,8300,52.47610905714604,52.47610905714604,5.2178296907164545e-05,0.07907656372048624
NEMA_Body_H60_1e9_1643142,440_SinglePhoton,8350,52.84712105696544,52.84712105696544,5.223629067314443e-05,0.07890858044876699
NEMA_Body_H60_1e9_1643142,440_SinglePhoton,8400,53.217446055795726,53.217446055795726,5.229564581685481e-05,0.07874345956073901
NEMA_Body_H60_1e9_1643142,440_SinglePhoton,8450,53.58718369500171,53.58718369500171,5.235638621888714e-05,0.07858115609137696
NEMA_Body_H60_1e9_1643142,440_SinglePhoton,8500,53.95641263881882,53.95641263881882,5.2418506334448604e-05,0.07842161739652051
NEMA_Body_H60_1e9_1643142,440_SinglePhoton,8550,54.32493884879972,54.32493884879972,5.248202187082284e-05,0.07826480056393335
NEMA_Body_H60_1e9_1643142,440_SinglePhoton,8600,54.69295636339173,54.69295636339173,5.2546966181571653e-05,0.0781106495634773
NEMA_Body_H60_1e9_1643142,440_SinglePhoton,8650,55.060391762641814,55.060391762641814,5.2613369234991e-05,0.07795912405925659
NEMA_Body_H60_1e9_1643142,440_SinglePhoton,8700,55.42738664217368,55.42738664217368,5.2681232499908736e-05,0.0778101823893213
NEMA_Body_H60_1e9_1643142,440_SinglePhoton,8750,55.79373647497531,55.79373647497531,5.275058600401542e-05,0.0776637720899886
NEMA_Body_H60_1e9_1643142,440_SinglePhoton,8800,56.15947272674085,56.15947272674085,5.282144478677564e-05,0.07751985051014136
NEMA_Body_H60_1e9_1643142,440_SinglePhoton,8850,56.52461113031738,56.52461113031738,5.289380455226392e-05,0.07737838381894963
NEMA_Body_H60_1e9_1643142,440_SinglePhoton,8900,56.88915692998727,56.88915692998727,5.2967692757445555e-05,0.07723932293458358
NEMA_Body_H60_1e9_1643142,440_SinglePhoton,8950,57.25319403426827,57.25319403426827,5.3043129377671e-05,0.07710262359906425
NEMA_Body_H60_1e9_1643142,440_SinglePhoton,9000,57.616601824666105,57.616601824666105,5.3120142742358914e-05,0.07696825032376037
NEMA_Body_H60_1e9_1643142,440_SinglePhoton,9050,57.97944323256909,57.97944323256909,5.3198705611707296e-05,0.07683616731281584
NEMA_Body_H60_1e9_1643142,440_SinglePhoton,9100,58.34176021223611,58.34176021223611,5.327885328380985e-05,0.07670633133416438
NEMA_Body_H60_1e9_1643142,440_SinglePhoton,9150,58.70363142790255,58.70363142790255,5.336061684018446e-05,0.07657870736334635
NEMA_Body_H60_1e9_1643142,440_SinglePhoton,9200,59.06481039829751,59.06481039829751,5.344398451675536e-05,0.076453257452976
NEMA_Body_H60_1e9_1643142,440_SinglePhoton,9250,59.425402009068186,59.425402009068186,5.352898747383494e-05,0.07632994728957686
NEMA_Body_H60_1e9_1643142,440_SinglePhoton,9300,59.78556358868536,59.78556358868536,5.361560651829638e-05,0.07620874221881728
NEMA_Body_H60_1e9_1643142,440_SinglePhoton,9350,60.14501194590162,60.14501194590162,5.370385043617307e-05,0.07608960098121392
NEMA_Body_H60_1e9_1643142,440_SinglePhoton,9400,60.503830989234714,60.503830989234714,5.379373105805739e-05,0.07597249077004455
NEMA_Body_H60_1e9_1643142,440_SinglePhoton,9450,60.8622357342614,60.8622357342614,5.3885267194292065e-05,0.07585738474068235
NEMA_Body_H60_1e9_1643142,440_SinglePhoton,9500,61.22002165396963,61.22002165396963,5.397848443823337e-05,0.07574424844240493
NEMA_Body_H60_1e9_1643142,440_SinglePhoton,9550,61.57718874835942,61.57718874835942,5.407334703059015e-05,0.07563304990956485
NEMA_Body_H60_1e9_1643142,440_SinglePhoton,9600,61.9337579945602,61.9337579945602,5.4169873806573637e-05,0.07552375105185721
NEMA_Body_H60_1e9_1643142,440_SinglePhoton,9650,62.28972414828962,62.28972414828962,5.42681165602892e-05,0.07541633193339964
NEMA_Body_H60_1e9_1643142,440_SinglePhoton,9700,62.645050499571155,62.645050499571155,5.4368011242366886e-05,0.0753107540337521
NEMA_Body_H60_1e9_1643142,440_SinglePhoton,9750,63.00006219391111,63.00006219391111,5.446964347010044e-05,0.07520698634649152
NEMA_Body_H60_1e9_1643142,440_SinglePhoton,9800,63.35455470429745,63.35455470429745,5.457298921966745e-05,0.07510500307151396
NEMA_Body_H60_1e9_1643142,440_SinglePhoton,9850,63.708454610777146,63.708454610777146,5.467799635886008e-05,0.07500477094318717
NEMA_Body_H60_1e9_1643142,440_SinglePhoton,9900,64.06183533330324,64.06183533330324,5.4784703084832226e-05,0.07490626540860167
NEMA_Body_H60_1e9_1643142,440_SinglePhoton,9950,64.41463918476975,64.41463918476975,5.4893138837133445e-05,0.07480946336792886
NEMA_Body_H60_1e9_1643142,440_SinglePhoton,10000,64.76683469948254,64.76683469948254,5.500325449800373e-05,0.07471433626142267
NEMA_Body_H60_1e9_1643142,440_ComptonOnly,50,471.84467822622065,15.55604512097814,0.004413425916712476,0.31399094780262515
NEMA_Body_H60_1e9_1643142,440_ComptonOnly,100,1115.2832790787218,28.715009347223084,0.009162278324181773,0.2572185368140817
NEMA_Body_H60_1e9_1643142,440_ComptonOnly,150,1571.8649913814102,41.40622524343141,0.014419714003296375,0.22921481022711648
NEMA_Body_H60_1e9_1643142,440_ComptonOnly,200,1936.930444802094,54.20291581927321,0.019876716717698615,0.2134140860895103
NEMA_Body_H60_1e9_1643142,440_ComptonOnly,250,2286.3372415226722,67.27120948137734,0.025218630756945522,0.2038063854373746
NEMA_Body_H60_1e9_1643142,440_ComptonOnly,300,3083.7605425032557,80.54960100179945,0.030073465276139723,0.19767551282116727
NEMA_Body_H60_1e9_1643142,440_ComptonOnly,350,3669.5752738982815,93.87061328784375,0.03432281924534336,0.19365352398722682
NEMA_Body_H60_1e9_1643142,440_ComptonOnly,400,4076.7581358701204,107.05115649115889,0.037985220349161096,0.19096056921632645
NEMA_Body_H60_1e9_1643142,440_ComptonOnly,450,4352.895893293787,119.91277544305552,0.04112000263627589,0.18912874306121102
NEMA_Body_H60_1e9_1643142,440_ComptonOnly,500,4537.58706632921,132.29945116763497,0.04380013753462985,0.18786514638005328
NEMA_Body_H60_1e9_1643142,440_ComptonOnly,550,4659.883541529602,144.08899042132867,0.04609861537074358,0.18698077165575053
NEMA_Body_H60_1e9_1643142,440_ComptonOnly,600,4740.231582541659,155.19935194491532,0.04808111943424964,0.18635166384062918
NEMA_Body_H60_1e9_1643142,440_ComptonOnly,650,4792.688978563177,165.58758351602742,0.04980324446161249,0.18589622538921724
NEMA_Body_H60_1e9_1643142,440_ComptonOnly,700,4826.772789972862,175.24423290265386,0.05131050696394391,0.18556102435136382
NEMA_Body_H60_1e9_1643142,440_ComptonOnly,750,4848.830527737715,184.18575864662782,0.052639558443204365,0.18531118699497687
NEMA_Body_H60_1e9_1643142,440_ComptonOnly,800,4863.042661483369,192.4454550065327,0.0538196815504715,0.18512371908468436
NEMA_Body_H60_1e9_1643142,440_ComptonOnly,850,4872.143503626379,200.06678853416827,0.05487430943118981,0.18498296648670562
NEMA_Body_H60_1e9_1643142,440_ComptonOnly,900,4877.912405411603,207.0975804371943,0.05582230576171196,0.18487771006537498
NEMA_Body_H60_1e9_1643142,440_ComptonOnly,950,4881.501830512737,213.58585765504353,0.05667897843607748,0.1847994626238776
NEMA_Body_H60_1e9_1643142,440_ComptonOnly,1000,4883.662288437375,219.57758980941952,0.05745694311871053,0.1847415760939942
NEMA_Body_H60_1e9_1643142,440_ComptonOnly,1050,4884.8842437321455,225.1148376183404,0.05816668020607097,0.18469869102760006
NEMA_Body_H60_1e9_1643142,440_ComptonOnly,1100,4885.4829689095,230.23598148699782,0.058816949228312966,0.184666493740198
NEMA_Body_H60_1e9_1643142,440_ComptonOnly,1150,4885.672790758643,234.9743042444322,0.05941512892645314,0.18464149112756081
NEMA_Body_H60_1e9_1643142,440_ComptonOnly,1200,4885.591961030973,239.36045992480788,0.05996746208447466,0.18462090103786005
NEMA_Body_H60_1e9_1643142,440_ComptonOnly,1250,4885.335939269124,243.42062218145685,0.060479230574133895,0.1846024639750018
NEMA_Body_H60_1e9_1643142,440_ComptonOnly,1300,4884.9690966589305,247.17941024987124,0.06095493719744081,0.1845843668096876
NEMA_Body_H60_1e9_1643142,440_ComptonOnly,1350,4884.536419881404,250.65774019363076,0.06139843732934368,0.18456512981602358
NEMA_Body_H60_1e9_1643142,440_ComptonOnly,1400,4884.064974094226,253.8757051492234,0.06181304013035276,0.18454353006952134
NEMA_Body_H60_1e9_1643142,440_ComptonOnly,1450,4883.579629982834,256.85156952626687,0.062201660634920025,0.1845186242056642
NEMA_Body_H60_1e9_1643142,440_ComptonOnly,1500,4883.093554380694,259.60183758476614,0.06256683649283648,0.18448960471796996
NEMA_Body_H60_1e9_1643142,440_ComptonOnly,1550,4882.622108593516,262.1423963894074,0.0629108408735097,0.1844559023257652
NEMA_Body_H60_1e9_1643142,440_ComptonOnly,1600,4882.169681565791,264.48794433241113,0.06323569620927914,0.18441707792780554
NEMA_Body_H60_1e9_1643142,440_ComptonOnly,1650,4881.742490968875,266.652379737992,0.06354322630158271,0.18437284102681595
NEMA_Body_H60_1e9_1643142,440_ComptonOnly,1700,4881.341634038893,268.64866370784375,0.06383506412279569,0.18432303192498065
NEMA_Body_H60_1e9_1643142,440_ComptonOnly,1750,4880.969305248089,270.48893441656827,0.06411271293845985,0.1842675999290194
NEMA_Body_H60_1e9_1643142,440_ComptonOnly,1800,4880.624041614966,272.18439281624654,0.06437750875007178,0.1842065888641325
NEMA_Body_H60_1e9_1643142,440_ComptonOnly,1850,4880.306574630272,273.7459884090148,0.06463065724445617,0.18414013998016132
NEMA_Body_H60_1e9_1643142,440_ComptonOnly,1900,4880.017270039382,275.44985895229667,0.06487324927549361,0.18406844732019279
NEMA_Body_H60_1e9_1643142,440_ComptonOnly,1950,4879.751373152432,277.78756622884373,0.06510627087671228,0.18399175565765194
NEMA_Body_H60_1e9_1643142,440_ComptonOnly,2000,4879.514735895408,280.00402891388626,0.06533058054308954,0.1839103472472868
NEMA_Body_H60_1e9_1643142,440_ComptonOnly,2050,4879.3015063423245,282.10532752426815,0.06554696413946107,0.1838245607893087
NEMA_Body_H60_1e9_1643142,440_ComptonOnly,2100,4879.104735331074,284.09637676345346,0.06575610083558885,0.1837347063731621
NEMA_Body_H60_1e9_1643142,440_ComptonOnly,2150,4878.928080315398,285.9823656439369,0.06595859053454317,0.1836411215280001
NEMA_Body_H60_1e9_1643142,440_ComptonOnly,2200,4878.766420860059,287.7685060372989,0.06615494712421975,0.18354415720765715
NEMA_Body_H60_1e9_1643142,440_ComptonOnly,2250,4878.623780164171,289.4595754924883,0.06634563047836071,0.1834441226117332
NEMA_Body_H60_1e9_1643142,440_ComptonOnly,2300,4878.496500773995,291.05964292679164,0.0665310337674679,0.1833413525829217
NEMA_Body_H60_1e9_1643142,440_ComptonOnly,2350,4878.38202247191,292.57289155292483,0.06671148399101993,0.18323615579981475
NEMA_Body_H60_1e9_1643142,440_ComptonOnly,2400,4878.281076748666,294.0038246108062,0.0668872629679419,0.18312881300466236
NEMA_Body_H60_1e9_1643142,440_ComptonOnly,2450,4878.192932113516,295.35612241326226,0.067058617366914,0.18301959654597683
NEMA_Body_H60_1e9_1643142,440_ComptonOnly,2500,4878.114662603464,296.63344241403377,0.06722575060854008,0.1829087685283531
NEMA_Body_H60_1e9_1643142,440_ComptonOnly,2550,4878.047365454635,297.8396477986343,0.06738884587658417,0.18279654243652482
NEMA_Body_H60_1e9_1643142,440_ComptonOnly,2600,4877.989577685532,298.97777882548587,0.0675480455073936,0.18268310497688814
NEMA_Body_H60_1e9_1643142,440_ComptonOnly,2650,4877.943859513773,300.0514472301574,0.06770349256009085,0.18256867007907762
NEMA_Body_H60_1e9_1643142,440_ComptonOnly,2700,4877.904724758748,301.06339610295447,0.06785528876542106,0.1824534066881813
NEMA_Body_H60_1e9_1643142,440_ComptonOnly,2750,4877.880219818685,305.22139524716744,0.06800356078250862,0.1823374976733715
NEMA_Body_H60_1e9_1643142,440_ComptonOnly,2800,4877.861201059233,318.1011185950806,0.06814838991818993,0.18222105153393417
NEMA_Body_H60_1e9_1643142,440_ComptonOnly,2850,4877.84657124427,331.0038153243026,0.06828985774490084,0.18210418775511725
NEMA_Body_H60_1e9_1643142,440_ComptonOnly,2900,4877.839987827537,343.9064891944387,0.06842804962403914,0.18198708382076512
NEMA_Body_H60_1e9_1643142,440_ComptonOnly,2950,4877.837427609918,356.78641827412474,0.0685630550350588,0.18186982280204195
NEMA_Body_H60_1e9_1643142,440_ComptonOnly,3000,4877.840353572911,369.6218407136035,0.06869493984087886,0.18175249186775566
NEMA_Body_H60_1e9_1643142,440_ComptonOnly,3050,4877.844011026652,382.3929605445034,0.06882377523236288,0.18163522334986792
NEMA_Body_H60_1e9_1643142,440_ComptonOnly,3100,4877.851325934133,395.0801189529681,0.06894963509515505,0.18151807948183699
NEMA_Body_H60_1e9_1643142,440_ComptonOnly,3150,4877.860469568484,407.6654172747541,0.06907258838067808,0.18140117140800166
NEMA_Body_H60_1e9_1643142,440_ComptonOnly,3200,4877.875465128822,420.1329455860891,0.06919272112041261,0.18128457104019036
NEMA_Body_H60_1e9_1643142,440_ComptonOnly,3250,4877.893020906777,432.46711399040345,0.06931008525162663,0.18116833234366636
NEMA_Body_H60_1e9_1643142,440_ComptonOnly,3300,4877.911673920855,444.6549842450894,0.06942476327226453,0.18105252634204222
NEMA_Body_H60_1e9_1643142,440_ComptonOnly,3350,4877.924840754321,456.68261230776045,0.06953681153260219,0.1809372375029697
NEMA_Body_H60_1e9_1643142,440_ComptonOnly,3400,4877.938007587788,468.53984874428613,0.06964630112288811,0.1808225273061057
NEMA_Body_H60_1e9_1643142,440_ComptonOnly,3450,4877.946785476765,480.2172756112841,0.06975330512925175,0.1807084420109211
NEMA_Body_H60_1e9_1643142,440_ComptonOnly,3500,4877.954831874995,491.70570355623084,0.06985789123244879,0.1805950443064868
NEMA_Body_H60_1e9_1643142,440_ComptonOnly,3550,4877.962512527851,502.9989149077672,0.06996011627916743,0.1804823877828137
NEMA_Body_H60_1e9_1643142,440_ComptonOnly,3600,4877.964707000095,514.0899605037857,0.07006005897954382,0.18037052034052567
NEMA_Body_H60_1e9_1643142,440_ComptonOnly,3650,4877.961415291728,524.973811345393,0.07015776624679124,0.18025947310792095
NEMA_Body_H60_1e9_1643142,440_ComptonOnly,3700,4877.952637402751,535.6474957514246,0.07025331355309275,0.18014928711505673
NEMA_Body_H60_1e9_1643142,440_ComptonOnly,3750,4877.934715879421,546.1082249134033,0.07034675746086236,0.18003999331664192
NEMA_Body_H60_1e9_1643142,440_ComptonOnly,3800,4877.918988828336,556.3529814319932,0.07043814436700956,0.17993164368543252
NEMA_Body_H60_1e9_1643142,440_ComptonOnly,3850,4877.888997707662,566.3819938980528,0.07052753231189024,0.17982426121525105
NEMA_Body_H60_1e9_1643142,440_ComptonOnly,3900,4877.858640841614,576.1938450482577,0.07061498693392866,0.17971787389995103
NEMA_Body_H60_1e9_1643142,440_ComptonOnly,3950,4877.814751396726,585.7895406823866,0.0707005590019252,0.17961248710135888
NEMA_Body_H60_1e9_1643142,440_ComptonOnly,4000,4877.76391278973,595.1697208548441,0.07078427944027706,0.1795081515953036
NEMA_Body_H60_1e9_1643142,440_ComptonOnly,4050,4877.71270843736,604.3364886015312,0.07086620770507533,0.1794048805694354
NEMA_Body_H60_1e9_1643142,440_ComptonOnly,4100,4877.651994705264,613.2911240312569,0.07094639600717767,0.17930270530938908
NEMA_Body_H60_1e9_1643142,440_ComptonOnly,4150,4877.5846975564355,622.0369645705599,0.07102487621174616,0.17920161754911243
NEMA_Body_H60_1e9_1643142,440_ComptonOnly,4200,4877.50971975475,630.5770733369479,0.07110169798932771,0.17910165780819723
NEMA_Body_H60_1e9_1643142,440_ComptonOnly,4250,4877.428890027081,638.9142391388982,0.07117689571462728,0.1790028349930604
NEMA_Body_H60_1e9_1643142,440_ComptonOnly,4300,4877.342939864174,647.0522108664951,0.07125050005103276,0.17890513046938952
NEMA_Body_H60_1e9_1643142,440_ComptonOnly,4350,4877.249674793786,654.9947831279944,0.07132254205143229,0.17880857068199552
NEMA_Body_H60_1e9_1643142,440_ComptonOnly,4400,4877.150192052039,662.7466648950875,0.07139306677948445,0.17871318015873489
NEMA_Body_H60_1e9_1643142,440_ComptonOnly,4450,4877.046686111176,670.3103249490492,0.07146209818159471,0.17861893812939791
NEMA_Body_H60_1e9_1643142,440_ComptonOnly,4500,4876.938791225825,677.6923009884412,0.07152966849876385,0.17852585892292308
NEMA_Body_H60_1e9_1643142,440_ComptonOnly,4550,4876.822118451497,684.8957932852863,0.07159579696505852,0.1784339534324686
NEMA_Body_H60_1e9_1643142,440_ComptonOnly,4600,4876.70105673268,691.9261508656807,0.07166051997901572,0.1783432349565892
NEMA_Body_H60_1e9_1643142,440_ComptonOnly,4650,4876.577069050869,698.7869397470214,0.07172385634889322,0.1782536839837186
NEMA_Body_H60_1e9_1643142,440_ComptonOnly,4700,4876.450886896815,705.4841490098087,0.07178583689634734,0.1781653011774209
NEMA_Body_H60_1e9_1643142,440_ComptonOnly,4750,4876.318852816775,712.0198359717718,0.07184647062850014,0.1780780924252064
NEMA_Body_H60_1e9_1643142,440_ComptonOnly,4800,4876.183161282995,718.4005383314725,0.07190579832334656,0.17799207171061324
NEMA_Body_H60_1e9_1643142,440_ComptonOnly,4850,4876.04710400384,724.629730669964,0.07196382538628898,0.1779071921316808
NEMA_Body_H60_1e9_1643142,440_ComptonOnly,4900,4875.907389270945,730.7128991678578,0.07202058093530336,0.17782347280014538
NEMA_Body_H60_1e9_1643142,440_ComptonOnly,4950,4875.763651338935,736.6537469970662,0.0720760890314798,0.17774092995614912
NEMA_Body_H60_1e9_1643142,440_ComptonOnly,5000,4875.615524462436,742.4564802293909,0.07213035156670947,0.1776595119339191
NEMA_Body_H60_1e9_1643142,440_ComptonOnly,5050,4875.467763331311,748.1261278637255,0.07218342302957734,0.17757924442332598
NEMA_Body_H60_1e9_1643142,440_ComptonOnly,5100,4875.317441982568,753.6657987357497,0.07223530495639977,0.1775000918801636
NEMA_Body_H60_1e9_1643142,440_ComptonOnly,5150,4875.163828925459,759.0801560989827,0.07228601047264428,0.1774220314894074
NEMA_Body_H60_1e9_1643142,440_ComptonOnly,5200,4875.013141831341,764.3718516073866,0.07233558591550386,0.1773451038611643
NEMA_Body_H60_1e9_1643142,440_ComptonOnly,5250,4874.859894519605,769.5472858050077,0.07238403882730271,0.17726928302544614
NEMA_Body_H60_1e9_1643142,440_ComptonOnly,5300,4874.701161027258,774.6070987462506,0.07243138116596926,0.1771945190025995
NEMA_Body_H60_1e9_1643142,440_ComptonOnly,5350,4874.544256261782,779.5565480208675,0.07247765521038432,0.17712084993859747
NEMA_Body_H60_1e9_1643142,440_ComptonOnly,5400,4874.3891802231765,784.3993825189427,0.07252285396533358,0.17704822351858507
NEMA_Body_H60_1e9_1643142,440_ComptonOnly,5450,4874.231543966952,789.1382538944382,0.07256702294773247,0.17697663736735966
NEMA_Body_H60_1e9_1643142,440_ComptonOnly,5500,4874.075370692223,793.7772767828122,0.07261017824018218,0.17690610376528507
NEMA_Body_H60_1e9_1643142,440_ComptonOnly,5550,4873.920294653617,798.3182799109353,0.07265234403307506,0.17683658201304053
NEMA_Body_H60_1e9_1643142,440_ComptonOnly,5600,4873.763755633515,802.7662008413572,0.07269352911226461,0.17676804883532932
NEMA_Body_H60_1e9_1643142,440_ComptonOnly,5650,4873.607582358786,807.1215881921391,0.07273375856738737,0.1767004887615125
NEMA_Body_H60_1e9_1643142,440_ComptonOnly,5700,4873.452872065554,811.3900195802357,0.07277307853948806,0.1766339195556512
NEMA_Body_H60_1e9_1643142,440_ComptonOnly,5750,4873.298893263071,815.572043623708,0.07281146247689711,0.1765682957331932
NEMA_Body_H60_1e9_1643142,440_ComptonOnly,5800,4873.1416227522195,819.6717749580143,0.07284895808600472,0.17650362504482264
NEMA_Body_H60_1e9_1643142,440_ComptonOnly,5850,4872.985083732117,823.6911337463685,0.07288558378973443,0.17643988717857378
NEMA_Body_H60_1e9_1643142,440_ComptonOnly,5900,4872.832933656504,827.6329545154196,0.07292136927729302,0.17637704734408546
NEMA_Body_H60_1e9_1643142,440_ComptonOnly,5950,4872.681149326264,831.4992488647249,0.07295632299885443,0.17631510916981896
NEMA_Body_H60_1e9_1643142,440_ComptonOnly,6000,4872.533022449766,835.2924855755597,0.07299046889388332,0.17625405406458092
NEMA_Body_H60_1e9_1643142,440_ComptonOnly,6050,4872.385261318641,839.0160477926338,0.0730238182114424,0.17619385795099185
NEMA_Body_H60_1e9_1643142,440_ComptonOnly,6100,4872.236402951394,842.6710327520697,0.0730563883366723,0.17613451137572605
NEMA_Body_H60_1e9_1643142,440_ComptonOnly,6150,4872.090836292514,846.2594520534245,0.07308820276335096,0.17607601481576468
NEMA_Body_H60_1e9_1643142,440_ComptonOnly,6200,4871.947829851251,849.784231659691,0.0731192878046442,0.17601832655765273
NEMA_Body_H60_1e9_1643142,440_ComptonOnly,6250,4871.80482340999,853.2479317884878,0.07314965078154018,0.17596145793308746
NEMA_Body_H60_1e9_1643142,440_ComptonOnly,6300,4871.661816968728,856.6507353125015,0.07317929812801469,0.17590538481892268
NEMA_Body_H60_1e9_1643142,440_ComptonOnly,6350,4871.523199471955,859.99465383129,0.07320828120727794,0.17585010514947422
NEMA_Body_H60_1e9_1643142,440_ComptonOnly,6400,4871.377998558449,863.282704744189,0.07323657446451652,0.17579557055794306
NEMA_Body_H60_1e9_1643142,440_ComptonOnly,6450,4871.240844043172,866.5167167780689,0.07326424554174997,0.17574179861540243
NEMA_Body_H60_1e9_1643142,440_ComptonOnly,6500,4871.103323782521,869.6960498785254,0.07329126235314509,0.17568876604277553
NEMA_Body_H60_1e9_1643142,440_ComptonOnly,6550,4870.969095230237,872.8251844263905,0.07331765284223551,0.17563647572399943
NEMA_Body_H60_1e9_1643142,440_ComptonOnly,6600,4870.837426895572,875.9054919668172,0.0733434478443613,0.17558491319067923
NEMA_Body_H60_1e9_1643142,440_ComptonOnly,6650,4870.705758560906,878.9370639361489,0.07336864649180311,0.17553401592138512
NEMA_Body_H60_1e9_1643142,440_ComptonOnly,6700,4870.579210661478,881.9235577881262,0.07339325974785357,0.1754838141306051
NEMA_Body_H60_1e9_1643142,440_ComptonOnly,6750,4870.450102544431,884.8642420320012,0.07341731774596869,0.17543430768144505
NEMA_Body_H60_1e9_1643142,440_ComptonOnly,6800,4870.326114862621,887.7607625219572,0.07344081999097321,0.17538546358816884
NEMA_Body_H60_1e9_1643142,440_ComptonOnly,6850,4870.196275254825,890.6147651121773,0.07346377384176561,0.1753372650955211
NEMA_Body_H60_1e9_1643142,440_ComptonOnly,6900,4870.078870989749,893.4286271475933,0.07348621983316812,0.17528970374358746
NEMA_Body_H60_1e9_1643142,440_ComptonOnly,6950,4869.956712034808,896.2024400645483,0.0735081390023946,0.1752427666943586
NEMA_Body_H60_1e9_1643142,440_ComptonOnly,7000,4869.840405005854,898.9396784440963,0.07352957898292539,0.1751964684182187
NEMA_Body_H60_1e9_1643142,440_ComptonOnly,7050,4869.725195213022,901.6402508498936,0.07355052106458752,0.17515077644045568
NEMA_Body_H60_1e9_1643142,440_ComptonOnly,7100,4869.606693711823,904.3040658455968,0.07357097295836819,0.17510566578465558
NEMA_Body_H60_1e9_1643142,440_ComptonOnly,7150,4869.494775627357,906.933957957855,0.07359096710656383,0.17506118059568415
NEMA_Body_H60_1e9_1643142,440_ComptonOnly,7200,4869.382491797517,909.5297443139809,0.07361049061841804,0.17501725713101252
NEMA_Body_H60_1e9_1643142,440_ComptonOnly,7250,4869.277522875159,912.09233927741,0.07362958001261953,0.1749738704809437
NEMA_Body_H60_1e9_1643142,440_ComptonOnly,7300,4869.166702026815,914.6229315206078,0.07364824952537789,0.17493104898688577
NEMA_Body_H60_1e9_1643142,440_ComptonOnly,7350,4869.0584413960905,917.1239898248494,0.07366648117713354,0.1748888089962237
NEMA_Body_H60_1e9_1643142,440_ComptonOnly,7400,4868.951643746861,919.5952398811041,0.07368428821272496,0.17484707140644554
NEMA_Body_H60_1e9_1643142,440_ComptonOnly,7450,4868.849235042121,922.0366816893721,0.07370169731272207,0.1748058709944634
NEMA_Body_H60_1e9_1643142,440_ComptonOnly,7500,4868.74755782813,924.4495953584626,0.07371869009287613,0.17476517438817943
NEMA_Body_H60_1e9_1643142,440_ComptonOnly,7550,4868.646246359512,927.368974934298,0.07373530834173483,0.1747250015425532
NEMA_Body_H60_1e9_1643142,440_ComptonOnly,7600,4868.55261554375,933.2735682533015,0.07375156413858217,0.1746853333444106
NEMA_Body_H60_1e9_1643142,440_ComptonOnly,7650,4868.448012366765,939.0796846303365,0.07376741338825392,0.174646141526537
NEMA_Body_H60_1e9_1643142,440_ComptonOnly,7700,4868.355113041752,944.788787046899,0.07378293158604976,0.17460745686211024
NEMA_Body_H60_1e9_1643142,440_ComptonOnly,7750,4868.26331095286,950.4007840666457,0.07379809606651956,0.17456923768531452
NEMA_Body_H60_1e9_1643142,440_ComptonOnly,7800,4868.165656937983,955.9173215437598,0.07381289847469895,0.17453147909681377
NEMA_Body_H60_1e9_1643142,440_ComptonOnly,7850,4868.074952085213,961.3380337328673,0.07382738876295412,0.17449418527212956
NEMA_Body_H60_1e9_1643142,440_ComptonOnly,7900,4867.986441704687,966.6650236698691,0.07384152937691625,0.17445729485178865
NEMA_Body_H60_1e9_1643142,440_ComptonOnly,7950,4867.893176634299,971.8953653917725,0.07385534796253128,0.17442086583413483
NEMA_Body_H60_1e9_1643142,440_ComptonOnly,8000,4867.8123469066295,977.0327163523185,0.07386885764087872,0.17438488079076725
NEMA_Body_H60_1e9_1643142,440_ComptonOnly,8050,4867.728225470593,982.0753392609801,0.07388204724703698,0.17434931193937434
NEMA_Body_H60_1e9_1643142,440_ComptonOnly,8100,4867.647395742923,987.0262515170932,0.07389495596599353,0.17431415887532317
NEMA_Body_H60_1e9_1643142,440_ComptonOnly,8150,4867.561445580017,991.8845387572229,0.07390754668539945,0.17427941649953546
NEMA_Body_H60_1e9_1643142,440_ComptonOnly,8200,4867.484639051462,996.6541327441404,0.07391987209943802,0.17424510288881584
NEMA_Body_H60_1e9_1643142,440_ComptonOnly,8250,4867.405638050663,1001.3321989511966,0.07393192120208875,0.17421116908217593
NEMA_Body_H60_1e9_1643142,440_ComptonOnly,8300,4867.324442577619,1005.9223033957886,0.07394367144104089,0.1741776013349103
NEMA_Body_H60_1e9_1643142,440_ComptonOnly,8350,4867.247636049065,1010.4220687329852,0.07395516894324776,0.17414444867760492
NEMA_Body_H60_1e9_1643142,440_ComptonOnly,8400,4867.1697322843875,1014.8370725797407,0.07396640461975389,0.1741116242623123
NEMA_Body_H60_1e9_1643142,440_ComptonOnly,8450,4867.094754482702,1019.1640232276886,0.07397737908381968,0.17407917713766888
NEMA_Body_H60_1e9_1643142,440_ComptonOnly,8500,4867.01904519027,1023.405572330791,0.07398812248705033,0.17404711633447648
NEMA_Body_H60_1e9_1643142,440_ComptonOnly,8550,4866.947724842325,1027.5638229249487,0.0739986110845652,0.17401540296629536
NEMA_Body_H60_1e9_1643142,440_ComptonOnly,8600,4866.874210022138,1031.638500701131,0.07400886683181673,0.17398402744815897
NEMA_Body_H60_1e9_1643142,440_ComptonOnly,8650,4866.805815637186,1035.634177476514,0.07401888190007855,0.17395298435991566
NEMA_Body_H60_1e9_1643142,440_ComptonOnly,8700,4866.734495289243,1039.5476529790747,0.07402866191430206,0.17392228035218285
NEMA_Body_H60_1e9_1643142,440_ComptonOnly,8750,4866.664637922795,1043.3814874264312,0.07403822002831131,0.17389189837817
NEMA_Body_H60_1e9_1643142,440_ComptonOnly,8800,4866.598438010088,1047.1349493278358,0.07404756240999288,0.17386183352811618
NEMA_Body_H60_1e9_1643142,440_ComptonOnly,8850,4866.532969588129,1050.8121533187464,0.07405669855832536,0.1738320944432699
NEMA_Body_H60_1e9_1643142,440_ComptonOnly,8900,4866.468232656919,1054.414288071629,0.07406563296615853,0.17380266063020677
NEMA_Body_H60_1e9_1643142,440_ComptonOnly,8950,4866.405690197953,1057.9397991686437,0.07407436480284703,0.17377354449535107
NEMA_Body_H60_1e9_1643142,440_ComptonOnly,9000,4866.3405875213675,1061.3911553910655,0.07408289453757262,0.1737447275260508
NEMA_Body_H60_1e9_1643142,440_ComptonOnly,9050,4866.285359969883,1064.7707340838258,0.07409123729954313,0.1737161757656759
NEMA_Body_H60_1e9_1643142,440_ComptonOnly,9100,4866.226109219284,1068.0779866288635,0.07409939613301313,0.17368793191300091
NEMA_Body_H60_1e9_1643142,440_ComptonOnly,9150,4866.161372288073,1071.3130958988656,0.07410736748708416,0.1736599765440488
NEMA_Body_H60_1e9_1643142,440_ComptonOnly,9200,4866.107607718084,1074.4795364748861,0.07411515808752252,0.1736323018304997
NEMA_Body_H60_1e9_1643142,440_ComptonOnly,9250,4866.045796749867,1077.5780398476727,0.07412276845373725,0.17360487258329363
NEMA_Body_H60_1e9_1643142,440_ComptonOnly,9300,4865.987643235389,1080.6094289443174,0.07413019512115444,0.17357773636433166
NEMA_Body_H60_1e9_1643142,440_ComptonOnly,9350,4865.933878665401,1083.573886637507,0.07413747136231144,0.17355084327818
NEMA_Body_H60_1e9_1643142,440_ComptonOnly,9400,4865.881577076909,1086.473241654112,0.07414458050653365,0.1735242015750302
NEMA_Body_H60_1e9_1643142,440_ComptonOnly,9450,4865.835493159776,1089.310968575186,0.07415154156902365,0.17349779436764126
NEMA_Body_H60_1e9_1643142,440_ComptonOnly,9500,4865.78648327965,1092.0860616009504,0.07415833758265769,0.17347164467822668
NEMA_Body_H60_1e9_1643142,440_ComptonOnly,9550,4865.732352964288,1094.798703604092,0.0741649844988641,0.1734457512632423
NEMA_Body_H60_1e9_1643142,440_ComptonOnly,9600,4865.688097774025,1097.4523691656648,0.07417148969508397,0.17342008813940246
NEMA_Body_H60_1e9_1643142,440_ComptonOnly,9650,4865.635430440158,1100.0479726491037,0.07417785821095496,0.17339467281845689
NEMA_Body_H60_1e9_1643142,440_ComptonOnly,9700,4865.586054814659,1102.5841425092563,0.0741840560873878,0.17336944488677747
NEMA_Body_H60_1e9_1643142,440_ComptonOnly,9750,4865.542531115145,1105.0636218364275,0.07419013807897988,0.1733444696688987
NEMA_Body_H60_1e9_1643142,440_ComptonOnly,9800,4865.4891322905305,1107.489428029954,0.0741960762546627,0.17331969985619494
NEMA_Body_H60_1e9_1643142,440_ComptonOnly,9850,4865.443414118771,1109.8605552900567,0.07420188590943075,0.17329514227959447
NEMA_Body_H60_1e9_1643142,440_ComptonOnly,9900,4865.401719146127,1112.176454998675,0.07420757406189718,0.1732707868659973
NEMA_Body_H60_1e9_1643142,440_ComptonOnly,9950,4865.360755664232,1114.4410589185795,0.0742131358203277,0.17324664674387658
NEMA_Body_H60_1e9_1643142,440_ComptonOnly,10000,4865.313574510977,1116.653726995366,0.07421855724395734,0.17322269409797783
NEMA_Body_H60_1e9_1643142,440_SinglePlusCompton,50,1.7748330572178537,1.4427898694923014,0.00035351500510454536,0.456090325146401
NEMA_Body_H60_1e9_1643142,440_SinglePlusCompton,100,13.173793031373313,2.64377734520964,0.0007404850791632497,0.41883024789147766
NEMA_Body_H60_1e9_1643142,440_SinglePlusCompton,150,36.75906571855151,3.840222636386313,0.0014135895746658805,0.3877319825347021
NEMA_Body_H60_1e9_1643142,440_SinglePlusCompton,200,79.26025721627614,5.08458039922979,0.0021028272056448417,0.3618494429130706
NEMA_Body_H60_1e9_1643142,440_SinglePlusCompton,250,133.24444879714764,6.189167969465057,0.0026977754907527526,0.34034317424187754
NEMA_Body_H60_1e9_1643142,440_SinglePlusCompton,300,192.95917686584994,7.170536172332867,0.00319852870104989,0.32241182773321647
NEMA_Body_H60_1e9_1643142,440_SinglePlusCompton,350,258.0209115984605,8.054677766497996,0.003633311726311383,0.30733843901271846
NEMA_Body_H60_1e9_1643142,440_SinglePlusCompton,400,333.07888336073677,8.866344223380436,0.004029992325658493,0.2945293454019259
NEMA_Body_H60_1e9_1643142,440_SinglePlusCompton,450,407.68127608403944,9.62559332511505,0.004408068898109588,0.28351359725185243
NEMA_Body_H60_1e9_1643142,440_SinglePlusCompton,500,479.1085815770888,10.507918176921391,0.0047811437819095855,0.2739339200587347
NEMA_Body_H60_1e9_1643142,440_SinglePlusCompton,550,545.673895403885,11.577574537212161,0.005157909614104506,0.2655194245403085
NEMA_Body_H60_1e9_1643142,440_SinglePlusCompton,600,606.5583110868937,12.638573107940722,0.0055431993365901095,0.25806315821030446
NEMA_Body_H60_1e9_1643142,440_SinglePlusCompton,650,661.5691645449978,13.689924014290742,0.005939141166345844,0.25140528206199636
NEMA_Body_H60_1e9_1643142,440_SinglePlusCompton,700,710.9117818436846,14.731094853472564,0.006346091209737399,0.24542060337796606
NEMA_Body_H60_1e9_1643142,440_SinglePlusCompton,750,755.0162077212208,15.761829283402278,0.006763336639109358,0.24000962646895482
NEMA_Body_H60_1e9_1643142,440_SinglePlusCompton,800,794.4146661850941,16.782031340120263,0.007189605091369429,0.235092177121016
NEMA_Body_H60_1e9_1643142,440_SinglePlusCompton,850,829.6597413771289,17.791606374241695,0.007623394700986468,0.23060279425507454
NEMA_Body_H60_1e9_1643142,440_SinglePlusCompton,900,861.2812174540038,18.79054255459347,0.008063184472899531,0.22648741069934905
NEMA_Body_H60_1e9_1643142,440_SinglePlusCompton,950,889.7613435480176,19.77872551316892,0.008507560271449395,0.22270092163438682
NEMA_Body_H60_1e9_1643142,440_SinglePlusCompton,1000,915.5242330359874,20.756039567386583,0.008955268589563335,0.21920533252988636
NEMA_Body_H60_1e9_1643142,440_SinglePlusCompton,1050,938.941836967092,21.722280958154126,0.00940524184373267,0.2159683778035303
NEMA_Body_H60_1e9_1643142,440_SinglePlusCompton,1100,960.3304946186238,22.677219634883425,0.00985659341069449,0.2129624455017049
NEMA_Body_H60_1e9_1643142,440_SinglePlusCompton,1150,1004.7567284045762,23.62054272877463,0.010308594478467522,0.2101637437201377
NEMA_Body_H60_1e9_1643142,440_SinglePlusCompton,1200,1063.2161427154974,24.55186112569011,0.0107606660823651,0.20755165097044367
NEMA_Body_H60_1e9_1643142,440_SinglePlusCompton,1250,1118.803684358762,25.470819890436765,0.011212344814137552,0.20510816978494326
NEMA_Body_H60_1e9_1643142,440_SinglePlusCompton,1300,1171.5349178998747,26.376935259492132,0.011663271220243467,0.2028175471219453
NEMA_Body_H60_1e9_1643142,440_SinglePlusCompton,1350,1221.4670536336655,27.26984441021438,0.012113159874879768,0.20066590858905842
NEMA_Body_H60_1e9_1643142,440_SinglePlusCompton,1400,1268.6772413253675,28.149089870576827,0.01256179399455845,0.19864099823731707
NEMA_Body_H60_1e9_1643142,440_SinglePlusCompton,1450,1313.2645893974943,29.014179989608287,0.013009005524091134,0.19673192290255967
NEMA_Body_H60_1e9_1643142,440_SinglePlusCompton,1500,1355.3302254594357,29.864707249124084,0.013454665466647793,0.1949290108511014
NEMA_Body_H60_1e9_1643142,440_SinglePlusCompton,1550,1394.987476374626,30.70020366049923,0.01389867855913971,0.1932236196619498
NEMA_Body_H60_1e9_1643142,440_SinglePlusCompton,1600,1432.3433590475117,31.52031428854062,0.014340965114608136,0.19160799102081266
NEMA_Body_H60_1e9_1643142,440_SinglePlusCompton,1650,1467.5105272792343,32.324705231251784,0.01478145906675014,0.19007515389878046
NEMA_Body_H60_1e9_1643142,440_SinglePlusCompton,1700,1500.596923434892,33.11289535425983,0.015220096831736288,0.18861883383317873
NEMA_Body_H60_1e9_1643142,440_SinglePlusCompton,1750,1531.7061991074695,33.88464277580354,0.01565682985391987,0.1872333523440227
NEMA_Body_H60_1e9_1643142,440_SinglePlusCompton,1800,1577.9201704740588,34.63967143517716,0.016091599836323096,0.1859135465696313
NEMA_Body_H60_1e9_1643142,440_SinglePlusCompton,1850,1625.7752359743909,35.377629026337175,0.01652437614224008,0.18465476819090032
NEMA_Body_H60_1e9_1643142,440_SinglePlusCompton,1900,1671.31126534725,36.09830258816771,0.01695509092872592,0.18345273862294514
NEMA_Body_H60_1e9_1643142,440_SinglePlusCompton,1950,1714.5866467464766,36.80154751744194,0.01738368577448033,0.18230357502956274
NEMA_Body_H60_1e9_1643142,440_SinglePlusCompton,2000,1755.678109273372,37.48719554858685,0.017810104652144398,0.1812037421617712
NEMA_Body_H60_1e9_1643142,440_SinglePlusCompton,2050,1794.6744971504947,38.15513625732013,0.018234282647914105,0.18014998943201319
NEMA_Body_H60_1e9_1643142,440_SinglePlusCompton,2100,1831.659943164359,38.80532494809894,0.018656140336984733,0.1791393197820206
NEMA_Body_H60_1e9_1643142,440_SinglePlusCompton,2150,1866.7264885834109,39.437653825790576,0.019075611238122143,0.17816900931531332
NEMA_Body_H60_1e9_1643142,440_SinglePlusCompton,2200,1899.9673525351081,40.05205190335641,0.01949262088553723,0.1772365225436181
NEMA_Body_H60_1e9_1643142,440_SinglePlusCompton,2250,1931.4707061797176,40.648705850416505,0.01990709187416802,0.1763395524010821
NEMA_Body_H60_1e9_1643142,440_SinglePlusCompton,2300,1961.33330222173,41.22766036251372,0.02031894176292394,0.17547597437316392
NEMA_Body_H60_1e9_1643142,440_SinglePlusCompton,2350,1989.6397782443787,41.78895750604129,0.020728080429531802,0.1746437778932081
NEMA_Body_H60_1e9_1643142,440_SinglePlusCompton,2400,2016.4821755161104,42.33271822187985,0.02113445216596554,0.17384118050816233
NEMA_Body_H60_1e9_1643142,440_SinglePlusCompton,2450,2041.9407567152589,42.85902401366632,0.02153796735582078,0.17306646877795911
NEMA_Body_H60_1e9_1643142,440_SinglePlusCompton,2500,2066.097635441462,43.36809047166615,0.02193854044477294,0.17231808022460482
NEMA_Body_H60_1e9_1643142,440_SinglePlusCompton,2550,2089.0244928288303,43.86000172866585,0.022336088242105725,0.1715945415023179
NEMA_Body_H60_1e9_1643142,440_SinglePlusCompton,2600,2110.7988993065287,44.33516004455094,0.022730549236006516,0.17089450873169726
NEMA_Body_H60_1e9_1643142,440_SinglePlusCompton,2650,2131.4921994775223,44.79359433996679,0.023121848476568316,0.1702167242468666
NEMA_Body_H60_1e9_1643142,440_SinglePlusCompton,2700,2151.1609305743477,45.235591192217456,0.023509912268737252,0.16956000452533745
NEMA_Body_H60_1e9_1643142,440_SinglePlusCompton,2750,2169.87206229507,45.66162910652624,0.02389468994713661,0.16892326963516058
NEMA_Body_H60_1e9_1643142,440_SinglePlusCompton,2800,2187.6880211672833,46.07184479867123,0.024276111037564673,0.16830550366103703
NEMA_Body_H60_1e9_1643142,440_SinglePlusCompton,2850,2204.6631569710753,46.46643808402039,0.02465411360329305,0.1677057599194806
NEMA_Body_H60_1e9_1643142,440_SinglePlusCompton,2900,2220.84660325377,46.84586117630124,0.025028651261164134,0.16712314723325838
NEMA_Body_H60_1e9_1643142,440_SinglePlusCompton,2950,2236.2873252971185,47.21024027469355,0.02539968537555896,0.1665568420232698
NEMA_Body_H60_1e9_1643142,440_SinglePlusCompton,3000,2251.0263799009404,47.56003285122399,0.025767088370871917,0.16600602916833102
NEMA_Body_H60_1e9_1643142,440_SinglePlusCompton,3050,2265.1083574420873,47.895549145542816,0.026130422580240585,0.16546963120581573
NEMA_Body_H60_1e9_1643142,440_SinglePlusCompton,3100,2278.5733051269403,48.21706258920622,0.026489627192885976,0.1649470935247218
NEMA_Body_H60_1e9_1643142,440_SinglePlusCompton,3150,2291.4575683192734,48.52492548825772,0.026844757667226948,0.16443796495160892
NEMA_Body_H60_1e9_1643142,440_SinglePlusCompton,3200,2303.7922761500968,48.819558506629896,0.027195829412264533,0.16394170240871536
NEMA_Body_H60_1e9_1643142,440_SinglePlusCompton,3250,2315.6151201077687,49.1013086920671,0.027542866027488355,0.1634577662914641
NEMA_Body_H60_1e9_1643142,440_SinglePlusCompton,3300,2326.959921572468,49.37038637653563,0.027885878421699588,0.16298564916658784
NEMA_Body_H60_1e9_1643142,440_SinglePlusCompton,3350,2337.852088645722,49.627317389951195,0.02822489117757454,0.16252487626697906
NEMA_Body_H60_1e9_1643142,440_SinglePlusCompton,3400,2348.312149727439,49.87239093876744,0.028559916433113793,0.16207495965659172
NEMA_Body_H60_1e9_1643142,440_SinglePlusCompton,3450,2358.3744309945187,50.10570693066834,0.028890962662347638,0.16163548421244753
NEMA_Body_H60_1e9_1643142,440_SinglePlusCompton,3500,2368.0631626894756,50.3278174870654,0.02921805164526079,0.16120603438567055
NEMA_Body_H60_1e9_1643142,440_SinglePlusCompton,3550,2377.3924791204445,50.5390328476089,0.029541199864396833,0.16078621073065075
NEMA_Body_H60_1e9_1643142,440_SinglePlusCompton,3600,2386.3783655168627,50.73972635153899,0.029860447313931417,0.16037563469003618
NEMA_Body_H60_1e9_1643142,440_SinglePlusCompton,3650,2412.030956921713,50.93019772190762,0.0301757833872977,0.1599739518859064
NEMA_Body_H60_1e9_1643142,440_SinglePlusCompton,3700,2446.6515985722403,51.11072564857012,0.030487226942390536,0.1595808453754181
NEMA_Body_H60_1e9_1643142,440_SinglePlusCompton,3750,2480.2496903354763,51.28172553715991,0.03079484457738429,0.15919602271008065
NEMA_Body_H60_1e9_1643142,440_SinglePlusCompton,3800,2512.827756195016,51.44342875283989,0.031098621421382876,0.15881915749878125
NEMA_Body_H60_1e9_1643142,440_SinglePlusCompton,3850,2544.41305517369,51.59614027696119,0.03139857397531605,0.15844996560450345
NEMA_Body_H60_1e9_1643142,440_SinglePlusCompton,3900,2575.034865481205,51.740107249584185,0.031694737210192545,0.15808820695017894
NEMA_Body_H60_1e9_1643142,440_SinglePlusCompton,3950,2604.7202778748187,51.87594489171026,0.03198714657380121,0.1577336178607285
NEMA_Body_H60_1e9_1643142,440_SinglePlusCompton,4000,2633.5032820002834,52.19434542227264,0.03227584618623939,0.15738595902363942
NEMA_Body_H60_1e9_1643142,440_SinglePlusCompton,4050,2661.396497775575,52.63874005893896,0.03256083391965638,0.1570449945162614
NEMA_Body_H60_1e9_1643142,440_SinglePlusCompton,4100,2688.420453600604,53.07635674799174,0.03284212961654687,0.15671047946245745
NEMA_Body_H60_1e9_1643142,440_SinglePlusCompton,4150,2714.6114948391437,53.50725858902087,0.03311978400376147,0.15638228320154904
NEMA_Body_H60_1e9_1643142,440_SinglePlusCompton,4200,2739.9933469369917,53.93132989944489,0.03339381421498159,0.15606015814533822
NEMA_Body_H60_1e9_1643142,440_SinglePlusCompton,4250,2764.5883892153597,54.34888091891407,0.03366425810121759,0.15574393042383325
NEMA_Body_H60_1e9_1643142,440_SinglePlusCompton,4300,2788.410082920091,54.759590891179826,0.03393113885333092,0.1554333984925093
NEMA_Body_H60_1e9_1643142,440_SinglePlusCompton,4350,2811.4925859625105,55.16364911501182,0.03419447682919442,0.15512842049693443
NEMA_Body_H60_1e9_1643142,440_SinglePlusCompton,4400,2833.840609778662,55.56086103334123,0.03445430577268473,0.15482881183486707
NEMA_Body_H60_1e9_1643142,440_SinglePlusCompton,4450,2855.499081276544,55.95134758704868,0.03471069735545539,0.15453447081718566
NEMA_Body_H60_1e9_1643142,440_SinglePlusCompton,4500,2876.493913354404,56.3352875583055,0.034963686870764406,0.15424522015952258
NEMA_Body_H60_1e9_1643142,440_SinglePlusCompton,4550,2896.831836635162,56.71260207262434,0.03521325996875828,0.15396092271434678
NEMA_Body_H60_1e9_1643142,440_SinglePlusCompton,4600,2916.5316968629973,57.08319122232122,0.03545947832966293,0.15368143000931545
NEMA_Body_H60_1e9_1643142,440_SinglePlusCompton,4650,2935.622099185325,57.4473652470464,0.03570236500290892,0.15340662122330506
NEMA_Body_H60_1e9_1643142,440_SinglePlusCompton,4700,2954.1124664742347,57.80500320591927,0.03594197671458417,0.15313636493700292
NEMA_Body_H60_1e9_1643142,440_SinglePlusCompton,4750,2972.0401536869385,58.15627862281201,0.03617833784622893,0.15287055154024803
NEMA_Body_H60_1e9_1643142,440_SinglePlusCompton,4800,2989.407516541459,58.50107055684402,0.03641146861245193,0.15260905202143002
NEMA_Body_H60_1e9_1643142,440_SinglePlusCompton,4850,3006.233737313121,58.839531498690846,0.03664145074359091,0.1523517976321987
NEMA_Body_H60_1e9_1643142,440_SinglePlusCompton,4900,3022.5474211493392,59.17173506454069,0.03686827445629376,0.15209865567162245
NEMA_Body_H60_1e9_1643142,440_SinglePlusCompton,4950,3038.367077263147,59.49767073779524,0.03709201770076802,0.15184953346092042
NEMA_Body_H60_1e9_1643142,440_SinglePlusCompton,5000,3053.6977536217355,59.817480492531736,0.03731270816866458,0.15160433235299933
NEMA_Body_H60_1e9_1643142,440_SinglePlusCompton,5050,3068.5559402512613,60.131053904467876,0.03753039089020321,0.1513629706958118
NEMA_Body_H60_1e9_1643142,440_SinglePlusCompton,5100,3082.9621655516335,60.43846458979187,0.037745080147544206,0.1511253078331155
NEMA_Body_H60_1e9_1643142,440_SinglePlusCompton,5150,3096.9329195490086,60.73987555577757,0.03795684231150175,0.15089131223946775
NEMA_Body_H60_1e9_1643142,440_SinglePlusCompton,5200,3110.4762789908928,61.035512909288755,0.03816569474287335,0.1506609084063263
NEMA_Body_H60_1e9_1643142,440_SinglePlusCompton,5250,3123.618156775532,61.32499279448694,0.03837167541721975,0.15043396787166463
NEMA_Body_H60_1e9_1643142,440_SinglePlusCompton,5300,3136.3679757750156,61.60872535870638,0.03857484096229436,0.1502104500058173
NEMA_Body_H60_1e9_1643142,440_SinglePlusCompton,5350,3148.73717804831,61.886920933913366,0.03877527056970088,0.14999031699903492
NEMA_Body_H60_1e9_1643142,440_SinglePlusCompton,5400,3160.736532592088,62.159295571953415,0.03897297280022413,0.14977345570141515
NEMA_Body_H60_1e9_1643142,440_SinglePlusCompton,5450,3172.3788275899014,62.42607537969028,0.03916796552248058,0.1495597820521475
NEMA_Body_H60_1e9_1643142,440_SinglePlusCompton,5500,3183.6771877564447,62.68721303243154,0.03936028649331047,0.14934923803996814
NEMA_Body_H60_1e9_1643142,440_SinglePlusCompton,5550,3194.6403629015163,62.94276637146794,0.0395500072062182,0.14914178229469477
NEMA_Body_H60_1e9_1643142,440_SinglePlusCompton,5600,3205.299313890553,63.19300357005648,0.03973718763152737,0.14893736915049122
NEMA_Body_H60_1e9_1643142,440_SinglePlusCompton,5650,3215.6442813203194,63.437861528607286,0.039921824705421695,0.14873591255903593
NEMA_Body_H60_1e9_1643142,440_SinglePlusCompton,5700,3225.69276481041,63.677497996095056,0.040103948180276544,0.1485373203445761
NEMA_Body_H60_1e9_1643142,440_SinglePlusCompton,5750,3235.4434182362415,63.9118025482375,0.04028358922715588,0.14834154839014124
NEMA_Body_H60_1e9_1643142,440_SinglePlusCompton,5800,3244.908020187925,64.14106964978741,0.04046083094832539,0.14814859942852426
NEMA_Body_H60_1e9_1643142,440_SinglePlusCompton,5850,3254.1077721276624,64.36533085053975,0.04063571680591207,0.1479583781415799
NEMA_Body_H60_1e9_1643142,440_SinglePlusCompton,5900,3263.0547891767114,64.58453356750292,0.04080827721838265,0.1477708438801838
NEMA_Body_H60_1e9_1643142,440_SinglePlusCompton,5950,3271.7558019579933,64.79888287434407,0.04097854936030397,0.1475859973385136
NEMA_Body_H60_1e9_1643142,440_SinglePlusCompton,6000,3280.2124931272388,65.00839980425981,0.04114653768715726,0.14740367985345268
NEMA_Body_H60_1e9_1643142,440_SinglePlusCompton,6050,3288.4430353663342,65.21301074106196,0.04131231484237464,0.147223945526404
NEMA_Body_H60_1e9_1643142,440_SinglePlusCompton,6100,3296.4390153966287,65.41299963290498,0.041475903980664086,0.14704670964335198
NEMA_Body_H60_1e9_1643142,440_SinglePlusCompton,6150,3304.221298149177,65.60822450571166,0.04163734314362797,0.1468719098983586
NEMA_Body_H60_1e9_1643142,440_SinglePlusCompton,6200,3311.7942585288793,65.79904818212383,0.041796672023050485,0.1466995156695339
NEMA_Body_H60_1e9_1643142,440_SinglePlusCompton,6250,3319.163954096363,65.98536549615832,0.04195393139908979,0.1465295090980543
NEMA_Body_H60_1e9_1643142,440_SinglePlusCompton,6300,3326.3165870746407,66.16738677978145,0.0421090886483266,0.14636177904430525
NEMA_Body_H60_1e9_1643142,440_SinglePlusCompton,6350,3333.294223856969,66.3449279925227,0.042262269527277754,0.1461963867728801
NEMA_Body_H60_1e9_1643142,440_SinglePlusCompton,6400,3340.0918164761574,66.51819420804921,0.04241347843810443,0.14603326239090098
NEMA_Body_H60_1e9_1643142,440_SinglePlusCompton,6450,3346.7147494305427,66.68733265873738,0.042562774526366906,0.1458723773547904
NEMA_Body_H60_1e9_1643142,440_SinglePlusCompton,6500,3353.1596574086643,66.85238541098045,0.042710140706756466,0.14571364925247515
NEMA_Body_H60_1e9_1643142,440_SinglePlusCompton,6550,3359.434953689173,67.01341030606916,0.04285562187971273,0.14555707536787799
NEMA_Body_H60_1e9_1643142,440_SinglePlusCompton,6600,3365.5473688949915,67.1701023626524,0.04299928471151347,0.1454026295375152
NEMA_Body_H60_1e9_1643142,440_SinglePlusCompton,6650,3371.514739176859,67.32289801956021,0.04314113095341106,0.14525026427753004
NEMA_Body_H60_1e9_1643142,440_SinglePlusCompton,6700,3377.342449033114,67.47175521039934,0.04328118253990155,0.1450999467454304
NEMA_Body_H60_1e9_1643142,440_SinglePlusCompton,6750,3383.007950876969,67.61702098291414,0.04341950710764169,0.14495167245193696
NEMA_Body_H60_1e9_1643142,440_SinglePlusCompton,6800,3388.5334557640654,67.75866904560884,0.04355608933603303,0.14480535216867657
NEMA_Body_H60_1e9_1643142,440_SinglePlusCompton,6850,3393.9330980025366,67.89636812563654,0.04369099584587642,0.1446610153121644
NEMA_Body_H60_1e9_1643142,440_SinglePlusCompton,6900,3399.2051949366523,68.03047052904077,0.04382424369450596,0.14451863305269888
NEMA_Body_H60_1e9_1643142,440_SinglePlusCompton,6950,3404.3531118778733,68.16107090520634,0.04395585973492586,0.14437815525422762
NEMA_Body_H60_1e9_1643142,440_SinglePlusCompton,7000,3409.384252511413,68.28803779665434,0.0440858523169361,0.14423953444547852
NEMA_Body_H60_1e9_1643142,440_SinglePlusCompton,7050,3414.2939054012263,68.41157627705189,0.04421428719550521,0.14410278773322385
NEMA_Body_H60_1e9_1643142,440_SinglePlusCompton,7100,3419.080387891583,68.5319071949636,0.04434114351986074,0.14396785767193532
NEMA_Body_H60_1e9_1643142,440_SinglePlusCompton,7150,3423.7618726643705,68.64879392692738,0.04446648251048404,0.14383470245886146
NEMA_Body_H60_1e9_1643142,440_SinglePlusCompton,7200,3428.3238888803075,68.76252042109775,0.044590298415620296,0.1437033498009446
NEMA_Body_H60_1e9_1643142,440_SinglePlusCompton,7250,3432.7984069982704,68.87296573659405,0.04471269807956579,0.14357381112404458
NEMA_Body_H60_1e9_1643142,440_SinglePlusCompton,7300,3437.1679273986633,68.98022978110029,0.04483362578664175,0.1434459514311263
NEMA_Body_H60_1e9_1643142,440_SinglePlusCompton,7350,3441.4411998912847,69.08450711168528,0.04495313541406919,0.14331979686178725
NEMA_Body_H60_1e9_1643142,440_SinglePlusCompton,7400,3445.624618567909,69.18569782066506,0.04507123781285725,0.14319532614646158
NEMA_Body_H60_1e9_1643142,440_SinglePlusCompton,7450,3449.7080874941544,69.28389129912524,0.04518798272413074,0.1430725467529351
NEMA_Body_H60_1e9_1643142,440_SinglePlusCompton,7500,3453.6980007617963,69.37931365392964,0.04530334634556101,0.14295138618283953
NEMA_Body_H60_1e9_1643142,440_SinglePlusCompton,7550,3457.6138771773058,69.4717598114111,0.04541740112993728,0.14283187093907482
NEMA_Body_H60_1e9_1643142,440_SinglePlusCompton,7600,3461.436870996504,69.56134019585193,0.045530151189003124,0.14271397137217295
NEMA_Body_H60_1e9_1643142,440_SinglePlusCompton,7650,3465.1821261209625,69.6479338663715,0.04564161433348604,0.14259765314002118
NEMA_Body_H60_1e9_1643142,440_SinglePlusCompton,7700,3468.852334799851,69.73187209581673,0.04575183391894065,0.14248293041757473
NEMA_Body_H60_1e9_1643142,440_SinglePlusCompton,7750,3472.4387472233716,69.81324427527328,0.04586075408650784,0.142369684978664
NEMA_Body_H60_1e9_1643142,440_SinglePlusCompton,7800,3475.963574447164,69.89224496180996,0.04596847805072411,0.14225800263438315
NEMA_Body_H60_1e9_1643142,440_SinglePlusCompton,7850,3479.410999507363,69.9684534914942,0.046075022266138826,0.14214781037590718
NEMA_Body_H60_1e9_1643142,440_SinglePlusCompton,7900,3482.7813589351153,70.04199606350579,0.04618034447376874,0.14203909025550074
NEMA_Body_H60_1e9_1643142,440_SinglePlusCompton,7950,3486.0867678516793,70.11325127538403,0.04628453433234607,0.1419318883105265
NEMA_Body_H60_1e9_1643142,440_SinglePlusCompton,8000,3489.3386683160197,70.18178268829887,0.04638758187666922,0.14182612180962742
NEMA_Body_H60_1e9_1643142,440_SinglePlusCompton,8050,3492.5114839610374,70.24807932407194,0.04648950545971378,0.1417218155765109
NEMA_Body_H60_1e9_1643142,440_SinglePlusCompton,8100,3495.6227144063264,70.3119834337285,0.046590307088778024,0.14161893131289105
NEMA_Body_H60_1e9_1643142,440_SinglePlusCompton,8150,3498.6790902748085,70.37350027556774,0.04669001928107655,0.14151745109278963
NEMA_Body_H60_1e9_1643142,440_SinglePlusCompton,8200,3501.6819576910675,70.43292431434244,0.04678864717959039,0.14141737106230823
NEMA_Body_H60_1e9_1643142,440_SinglePlusCompton,8250,3504.6242495010365,70.49012935087283,0.04688623005232647,0.1413186615989497
NEMA_Body_H60_1e9_1643142,440_SinglePlusCompton,8300,3507.514042452221,70.54531520052689,0.04698275640515517,0.1412212963071644
NEMA_Body_H60_1e9_1643142,440_SinglePlusCompton,8350,3510.355374918373,70.59811904066275,0.04707829701416826,0.14112530129335443
NEMA_Body_H60_1e9_1643142,440_SinglePlusCompton,8400,3513.1391605585495,70.6488668858282,0.047172859683480776,0.14103067868790425
NEMA_Body_H60_1e9_1643142,440_SinglePlusCompton,8450,3515.8701108087953,70.69744305344173,0.04726638113973468,0.14093733087847987
NEMA_Body_H60_1e9_1643142,440_SinglePlusCompton,8500,3518.54654301338,70.74402632567472,0.04735893574553419,0.14084527021030016
NEMA_Body_H60_1e9_1643142,440_SinglePlusCompton,8550,3521.1920143525276,70.788711351912,0.04745054191448931,0.14075452914393058
NEMA_Body_H60_1e9_1643142,440_SinglePlusCompton,8600,3523.797438485294,70.83145606576029,0.047541186622530505,0.14066504836129085
NEMA_Body_H60_1e9_1643142,440_SinglePlusCompton,8650,3526.347671510108,70.87218159273225,0.047630890791318464,0.1405768255492138
NEMA_Body_H60_1e9_1643142,440_SinglePlusCompton,8700,3528.8353097417553,70.9107354421523,0.04771966960182326,0.14048983238966728
NEMA_Body_H60_1e9_1643142,440_SinglePlusCompton,8750,3531.2899679210886,70.94752250305557,0.04780758770206394,0.1404040985767628
NEMA_Body_H60_1e9_1643142,440_SinglePlusCompton,8800,3533.7032327694574,70.98253225884372,0.047894590740739935,0.14031958535243835
NEMA_Body_H60_1e9_1643142,440_SinglePlusCompton,8850,3536.0693832573784,71.01594874998726,0.04798071804293965,0.14023631273308773
NEMA_Body_H60_1e9_1643142,440_SinglePlusCompton,8900,3538.398851850379,71.04768784369969,0.04806597564621152,0.14015420684196114
NEMA_Body_H60_1e9_1643142,440_SinglePlusCompton,8950,3540.687600174707,71.07777583147677,0.048150396904422424,0.14007330120297673
NEMA_Body_H60_1e9_1643142,440_SinglePlusCompton,9000,3542.9457241647438,71.10608125583958,0.04823397578408057,0.13999358414000332
NEMA_Body_H60_1e9_1643142,440_SinglePlusCompton,9050,3545.158079918917,71.13252524230079,0.048316739237017105,0.13991502061293323
NEMA_Body_H60_1e9_1643142,440_SinglePlusCompton,9100,3547.346205430574,71.15736544751906,0.04839866950084834,0.13983758832698379
NEMA_Body_H60_1e9_1643142,440_SinglePlusCompton,9150,3549.4929376112664,71.18045989741715,0.04847982042389971,0.13976130074621057
NEMA_Body_H60_1e9_1643142,440_SinglePlusCompton,9200,3551.607362801937,71.20238174660322,0.048560177117241074,0.13968614104273674
NEMA_Body_H60_1e9_1643142,440_SinglePlusCompton,9250,3553.702269186137,71.2224999991784,0.04863977394037972,0.13961208834913424
NEMA_Body_H60_1e9_1643142,440_SinglePlusCompton,9300,3555.74736896072,71.24133522675922,0.04871857466974443,0.13953916053124832
NEMA_Body_H60_1e9_1643142,440_SinglePlusCompton,9350,3557.7517484666305,71.25862451438786,0.04879661469296999,0.1394673406497273
NEMA_Body_H60_1e9_1643142,440_SinglePlusCompton,9400,3559.719446077621,71.27453612763732,0.048873923480701395,0.13939658514557285
NEMA_Body_H60_1e9_1643142,440_SinglePlusCompton,9450,3561.6558462920284,71.28897015882364,0.04895048195853763,0.13932689058926434
NEMA_Body_H60_1e9_1643142,440_SinglePlusCompton,9500,3563.572054637672,71.3017793755704,0.04902634200575017,0.1392582709593255
NEMA_Body_H60_1e9_1643142,440_SinglePlusCompton,9550,3565.4610039604854,71.31360529037478,0.049101477749793884,0.13919070231060687
NEMA_Body_H60_1e9_1643142,440_SinglePlusCompton,9600,3567.3213481358835,71.32398517291095,0.0491758855316688,0.1391241544685507
NEMA_Body_H60_1e9_1643142,440_SinglePlusCompton,9650,3569.131885701666,71.3328716984865,0.04924958458805788,0.13905862958959117
NEMA_Body_H60_1e9_1643142,440_SinglePlusCompton,9700,3570.9272793658756,71.34034374158878,0.049322629369493436,0.1389941398203436
NEMA_Body_H60_1e9_1643142,440_SinglePlusCompton,9750,3572.691712164648,71.34665895887649,0.04939500685057714,0.13893064035490507
NEMA_Body_H60_1e9_1643142,440_SinglePlusCompton,9800,3574.4322512520503,71.3516858928707,0.04946668362527999,0.13886812255051276
NEMA_Body_H60_1e9_1643142,440_SinglePlusCompton,9850,3576.125339447859,71.35531937758827,0.04953767871533718,0.13880656305343633
NEMA_Body_H60_1e9_1643142,440_SinglePlusCompton,9900,3577.814389269915,71.35791171907273,0.04960805893078725,0.13874603771257338
NEMA_Body_H60_1e9_1643142,440_SinglePlusCompton,9950,3579.482910692061,71.3592157772637,0.049677801540178056,0.13868646580982577
NEMA_Body_H60_1e9_1643142,440_SinglePlusCompton,10000,3581.1335959634666,71.35942085093083,0.0497469436850879,0.13862785424196558
NEMA_Body_H60_5e9_1644876,440_SinglePhoton,50,0.6141131734909991,0.6141131734909991,0.00030311561148192636,0.48726167215348465
NEMA_Body_H60_5e9_1644876,440_SinglePhoton,100,0.6838013909714497,0.6838013909714497,0.00028472220994974883,0.473256910187309
NEMA_Body_H60_5e9_1644876,440_SinglePhoton,150,0.6935059840148301,0.6935059840148301,0.00027051905410762874,0.4594744928259361
NEMA_Body_H60_5e9_1644876,440_SinglePhoton,200,0.6862952705680895,0.6862952705680895,0.00025658287892910256,0.44588289131915454
NEMA_Body_H60_5e9_1644876,440_SinglePhoton,250,0.7350177103954303,0.7350177103954303,0.00024323047786620452,0.432485249978708
NEMA_Body_H60_5e9_1644876,440_SinglePhoton,300,0.8404115638828614,0.8404115638828614,0.00023062427522084426,0.41931134944182585
NEMA_Body_H60_5e9_1644876,440_SinglePhoton,350,0.9556232205558969,0.9556232205558969,0.0002187860803366148,0.4063991320373441
NEMA_Body_H60_5e9_1644876,440_SinglePhoton,400,1.0808102679108758,1.0808102679108758,0.0002076891913451608,0.3937863901654239
NEMA_Body_H60_5e9_1644876,440_SinglePhoton,450,1.2159956927787061,1.2159956927787061,0.00019729418291683737,0.3815072940354974
NEMA_Body_H60_5e9_1644876,440_SinglePhoton,500,1.3610843552203509,1.3610843552203509,0.00018756020322854944,0.3695909773256596
NEMA_Body_H60_5e9_1644876,440_SinglePhoton,550,1.5158789516038456,1.5158789516038456,0.00017844805569515492,0.35806102279740887
NEMA_Body_H60_5e9_1644876,440_SinglePhoton,600,1.6800871660628047,1.6800871660628047,0.0001699207060544001,0.3469354149706253
NEMA_Body_H60_5e9_1644876,440_SinglePhoton,650,1.8533309929334012,1.8533309929334012,0.0001619431162989785,0.3362267200960755
NEMA_Body_H60_5e9_1644876,440_SinglePhoton,700,2.035161678194456,2.035161678194456,0.00015448201535451063,0.32594245852292153
NEMA_Body_H60_5e9_1644876,440_SinglePhoton,750,2.2250685310859533,2.2250685310859533,0.00014750568099615582,0.3160855489158312
NEMA_Body_H60_5e9_1644876,440_SinglePhoton,800,2.4224863309767786,2.4224863309767786,0.0001409838350888522,0.30665483381462577
NEMA_Body_H60_5e9_1644876,440_SinglePhoton,850,2.626817803377161,2.626817803377161,0.00013488753549571167,0.29764561927759936
NEMA_Body_H60_5e9_1644876,440_SinglePhoton,900,2.8374331091202105,2.8374331091202105,0.00012918918501554012,0.2890502352251421
NEMA_Body_H60_5e9_1644876,440_SinglePhoton,950,3.053697556263621,3.053697556263621,0.00012386247857008338,0.2808585531204974
NEMA_Body_H60_5e9_1644876,440_SinglePhoton,1000,3.274958574218826,3.274958574218826,0.00011888243602594418,0.27305849735573356
NEMA_Body_H60_5e9_1644876,440_SinglePhoton,1050,3.5005778953142688,3.5005778953142688,0.00011422541801716457,0.26563648718074445
NEMA_Body_H60_5e9_1644876,440_SinglePhoton,1100,3.7299231262907346,3.7299231262907346,0.0001098690598528719,0.2585778568551233
NEMA_Body_H60_5e9_1644876,440_SinglePhoton,1150,3.962389713495332,3.962389713495332,0.00010579234054109855,0.251867204416583
NEMA_Body_H60_5e9_1644876,440_SinglePhoton,1200,4.197390471102968,4.197390471102968,0.00010197548471782409,0.24548869992306033
NEMA_Body_H60_5e9_1644876,440_SinglePhoton,1250,4.434371161079516,4.434371161079516,9.83999919183736e-05,0.23942634880667701
NEMA_Body_H60_5e9_1644876,440_SinglePhoton,1300,4.672801298449455,4.672801298449455,9.504857279485915e-05,0.23366419885203346
NEMA_Body_H60_5e9_1644876,440_SinglePhoton,1350,4.912193306988296,4.912193306988296,9.19051069710972e-05,0.22818651511152868
NEMA_Body_H60_5e9_1644876,440_SinglePhoton,1400,5.152092047444053,5.152092047444053,8.895458567316788e-05,0.22297791590914465
NEMA_Body_H60_5e9_1644876,440_SinglePhoton,1450,5.392086310952695,5.392086310952695,8.618307219348117e-05,0.2180234777051667
NEMA_Body_H60_5e9_1644876,440_SinglePhoton,1500,5.631784810570315,5.631784810570315,8.357764143026397e-05,0.21330881151933237
NEMA_Body_H60_5e9_1644876,440_SinglePhoton,1550,5.870851938565651,5.870851938565651,8.11263024155554e-05,0.2088201173420593
NEMA_Body_H60_5e9_1644876,440_SinglePhoton,1600,6.10897200912756,6.10897200912756,7.881797275459378e-05,0.20454422263113384
NEMA_Body_H60_5e9_1644876,440_SinglePhoton,1650,6.345874799288251,6.345874799288251,7.664240954534046e-05,0.2004685987617203
NEMA_Body_H60_5e9_1644876,440_SinglePhoton,1700,6.581315627003167,6.581315627003167,7.459012433846295e-05,0.19658136755718728
NEMA_Body_H60_5e9_1644876,440_SinglePhoton,1750,6.815077394424838,6.815077394424838,7.265237099147582e-05,0.19287130543152933
NEMA_Body_H60_5e9_1644876,440_SinglePhoton,1800,7.04697978263525,7.04697978263525,7.082107136858532e-05,0.18932782136087364
NEMA_Body_H60_5e9_1644876,440_SinglePhoton,1850,7.276871078550407,7.276871078550407,6.908876637489989e-05,0.18594095158401325
NEMA_Body_H60_5e9_1644876,440_SinglePhoton,1900,7.504605188089425,7.504605188089425,6.744857822443633e-05,0.18270133117391119
NEMA_Body_H60_5e9_1644876,440_SinglePhoton,1950,7.730084034107094,7.730084034107094,6.589415128754644e-05,0.17960017387663393
NEMA_Body_H60_5e9_1644876,440_SinglePhoton,2000,7.953215158461315,7.953215158461315,6.44196233819557e-05,0.1766292450790863
NEMA_Body_H60_5e9_1644876,440_SinglePhoton,2050,8.173936241299405,8.173936241299405,6.301958567662382e-05,0.17378083294604363
NEMA_Body_H60_5e9_1644876,440_SinglePhoton,2100,8.392188027679465,8.392188027679465,6.16890442085302e-05,0.17104772079624309
NEMA_Body_H60_5e9_1644876,440_SinglePhoton,2150,8.607933738672042,8.607933738672042,6.0423381320401064e-05,0.1684231647137449
NEMA_Body_H60_5e9_1644876,440_SinglePhoton,2200,8.821154473993944,8.821154473993944,5.921833950125708e-05,0.16590085810966748
NEMA_Body_H60_5e9_1644876,440_SinglePhoton,2250,9.031836441546629,9.031836441546629,5.806997913192858e-05,0.16347490973932766
NEMA_Body_H60_5e9_1644876,440_SinglePhoton,2300,9.239983727877808,9.239983727877808,5.6974655794174024e-05,0.16113981804685054
NEMA_Body_H60_5e9_1644876,440_SinglePhoton,2350,9.44560859263064,9.44560859263064,5.592900452671922e-05,0.15889044168920144
NEMA_Body_H60_5e9_1644876,440_SinglePhoton,2400,9.648727381995986,9.648727381995986,5.492990372386575e-05,0.1567219783419103
NEMA_Body_H60_5e9_1644876,440_SinglePhoton,2450,9.849374831629445,9.849374831629445,5.3974465903900355e-05,0.15462994604891803
NEMA_Body_H60_5e9_1644876,440_SinglePhoton,2500,10.047574439180389,10.047574439180389,5.306000921269949e-05,0.1526101552080662
NEMA_Body_H60_5e9_1644876,440_SinglePhoton,2550,10.243371156673707,10.243371156673707,5.218405923581599e-05,0.15065869369298981
NEMA_Body_H60_5e9_1644876,440_SinglePhoton,2600,10.436809936134283,10.436809936134283,5.1344315625004514e-05,0.14877190333508308
NEMA_Body_H60_5e9_1644876,440_SinglePhoton,2650,10.62791938339614,10.62791938339614,5.0538635713946704e-05,0.14694636844260922
NEMA_Body_H60_5e9_1644876,440_SinglePhoton,2700,10.816765904859677,10.816765904859677,4.976503784324694e-05,0.14517889109875476
NEMA_Body_H60_5e9_1644876,440_SinglePhoton,2750,11.003395474186714,11.003395474186714,4.902167733954856e-05,0.1434664835287132
NEMA_Body_H60_5e9_1644876,440_SinglePhoton,2800,11.187866324682219,11.187866324682219,4.830683656543322e-05,0.1418063472561902
NEMA_Body_H60_5e9_1644876,440_SinglePhoton,2850,11.370233624740369,11.370233624740369,4.7618914904057113e-05,0.14019586288227975
NEMA_Body_H60_5e9_1644876,440_SinglePhoton,2900,11.555717939069702,11.555717939069702,4.6956429208231973e-05,0.13863258017493627
NEMA_Body_H60_5e9_1644876,440_SinglePhoton,2950,11.759396585472285,11.759396585472285,4.6317993651640776e-05,0.13711419894697904
NEMA_Body_H60_5e9_1644876,440_SinglePhoton,3000,11.961933041787951,11.961933041787951,4.570230684599583e-05,0.13563856688840947
NEMA_Body_H60_5e9_1644876,440_SinglePhoton,3050,12.16335795712458,12.16335795712458,4.5108167422105404e-05,0.13420366303824002
NEMA_Body_H60_5e9_1644876,440_SinglePhoton,3100,12.363696872405402,12.363696872405402,4.453444512339609e-05,0.13280759097446543
NEMA_Body_H60_5e9_1644876,440_SinglePhoton,3150,12.562976350190576,12.562976350190576,4.398008617195337e-05,0.1314485726726518
NEMA_Body_H60_5e9_1644876,440_SinglePhoton,3200,12.761233169409559,12.761233169409559,4.3444103299600745e-05,0.1301249321703719
NEMA_Body_H60_5e9_1644876,440_SinglePhoton,3250,12.958499000807157,12.958499000807157,4.292557340250024e-05,0.12883509820342665
NEMA_Body_H60_5e9_1644876,440_SinglePhoton,3300,13.15481266658668,13.15481266658668,4.242363470694509e-05,0.12757759417681108
NEMA_Body_H60_5e9_1644876,440_SinglePhoton,3350,13.350189491302071,13.350189491302071,4.193747397834483e-05,0.1263510274973418
NEMA_Body_H60_5e9_1644876,440_SinglePhoton,3400,13.544656037513487,13.544656037513487,4.146633406907761e-05,0.12515408816384105
NEMA_Body_H60_5e9_1644876,440_SinglePhoton,3450,13.738258278882746,13.738258278882746,4.100949920778047e-05,0.12398554002298125
NEMA_Body_H60_5e9_1644876,440_SinglePhoton,3500,13.93100643177914,13.93100643177914,4.0566304900166134e-05,0.12284422066856968
NEMA_Body_H60_5e9_1644876,440_SinglePhoton,3550,14.122936253495196,14.122936253495196,4.0136113035161096e-05,0.12172903139212499
NEMA_Body_H60_5e9_1644876,440_SinglePhoton,3600,14.314079414775717,14.314079414775717,3.971833664877103e-05,0.1206389356555259
NEMA_Body_H60_5e9_1644876,440_SinglePhoton,3650,14.50446043490701,14.50446043490701,3.9312416208999725e-05,0.11957295466059316
NEMA_Body_H60_5e9_1644876,440_SinglePhoton,3700,14.694096681716868,14.694096681716868,3.8917833400862204e-05,0.11853016289359557
NEMA_Body_H60_5e9_1644876,440_SinglePhoton,3750,14.883010631217738,14.883010631217738,3.853408614262412e-05,0.11750968508065472
NEMA_Body_H60_5e9_1644876,440_SinglePhoton,3800,15.0712155646897,15.0712155646897,3.8160709508345875e-05,0.11651069279693636
NEMA_Body_H60_5e9_1644876,440_SinglePhoton,3850,15.258747239425276,15.258747239425276,3.779726696085047e-05,0.11553240224152013
NEMA_Body_H60_5e9_1644876,440_SinglePhoton,3900,15.445618936704548,15.445618936704548,3.744334072855606e-05,0.11457406884240669
NEMA_Body_H60_5e9_1644876,440_SinglePhoton,3950,15.631864370546182,15.631864370546182,3.709853741755751e-05,0.11363498915487673
NEMA_Body_H60_5e9_1644876,440_SinglePhoton,4000,15.817496822230257,15.817496822230257,3.6762491272101794e-05,0.1127144941744427
NEMA_Body_H60_5e9_1644876,440_SinglePhoton,4050,16.00252344321528,16.00252344321528,3.6434847180964545e-05,0.11181194966732112
NEMA_Body_H60_5e9_1644876,440_SinglePhoton,4100,16.186967731150624,16.186967731150624,3.61152733847725e-05,0.1109267523538382
NEMA_Body_H60_5e9_1644876,440_SinglePhoton,4150,16.370845010590223,16.370845010590223,3.580345708682147e-05,0.11005832963778557
NEMA_Body_H60_5e9_1644876,440_SinglePhoton,4200,16.554165497903377,16.554165497903377,3.549909916576963e-05,0.10920613504395399
NEMA_Body_H60_5e9_1644876,440_SinglePhoton,4250,16.736953712376383,16.736953712376383,3.52019156660186e-05,0.10836965109204938
NEMA_Body_H60_5e9_1644876,440_SinglePhoton,4300,16.919207610735388,16.919207610735388,3.4911639608896146e-05,0.10754838358844251
NEMA_Body_H60_5e9_1644876,440_SinglePhoton,4350,17.100951712266685,17.100951712266685,3.462801798357973e-05,0.10674186058050983
NEMA_Body_H60_5e9_1644876,440_SinglePhoton,4400,17.28220236316115,17.28220236316115,3.435080840807099e-05,0.10594963346369807
NEMA_Body_H60_5e9_1644876,440_SinglePhoton,4450,17.462946282138702,17.462946282138702,3.407978183668356e-05,0.10517127426905826
NEMA_Body_H60_5e9_1644876,440_SinglePhoton,4500,17.64322433467651,17.64322433467651,3.381471509568481e-05,0.1044063743412194
NEMA_Body_H60_5e9_1644876,440_SinglePhoton,4550,17.823028347679138,17.823028347679138,3.355540370914585e-05,0.10365454268915648
NEMA_Body_H60_5e9_1644876,440_SinglePhoton,4600,18.002358321146588,18.002358321146588,3.330165003801825e-05,0.10291540650590848
NEMA_Body_H60_5e9_1644876,440_SinglePhoton,4650,18.18123060126973,18.18123060126973,3.305326629987233e-05,0.10218860703256331
NEMA_Body_H60_5e9_1644876,440_SinglePhoton,4700,18.359647231322416,18.359647231322416,3.2810072324886104e-05,0.10147380362063478
NEMA_Body_H60_5e9_1644876,440_SinglePhoton,4750,18.53763886041253,18.53763886041253,3.257189310404869e-05,0.10077066853047645
NEMA_Body_H60_5e9_1644876,440_SinglePhoton,4800,18.715183012527632,18.715183012527632,3.233856838440163e-05,0.10007888777262249
NEMA_Body_H60_5e9_1644876,440_SinglePhoton,4850,18.89229603385858,18.89229603385858,3.2109942453699473e-05,0.09939816254820841
NEMA_Body_H60_5e9_1644876,440_SinglePhoton,4900,19.068996313870105,19.068996313870105,3.188586642774631e-05,0.09872820351239898
NEMA_Body_H60_5e9_1644876,440_SinglePhoton,4950,19.24522868416803,19.24522868416803,3.166619565479573e-05,0.09806873344726055
NEMA_Body_H60_5e9_1644876,440_SinglePhoton,5000,19.42106874588512,19.42106874588512,3.145079413349212e-05,0.09741948699846753
NEMA_Body_H60_5e9_1644876,440_SinglePhoton,5050,19.59649810955664,19.59649810955664,3.12395341870405e-05,0.09678020809528368
NEMA_Body_H60_5e9_1644876,440_SinglePhoton,5100,19.771498385717873,19.771498385717873,3.103229197786264e-05,0.09615065268080775
NEMA_Body_H60_5e9_1644876,440_SinglePhoton,5150,19.94607570419039,19.94607570419039,3.0828941437093407e-05,0.09553058314114943
NEMA_Body_H60_5e9_1644876,440_SinglePhoton,5200,20.120225978426475,20.120225978426475,3.0629374376060874e-05,0.09491977349717591
NEMA_Body_H60_5e9_1644876,440_SinglePhoton,5250,20.29397372771243,20.29397372771243,3.0433477985086016e-05,0.09431800496439446
NEMA_Body_H60_5e9_1644876,440_SinglePhoton,5300,20.467296476035813,20.467296476035813,3.0241151095273812e-05,0.09372506751584812
NEMA_Body_H60_5e9_1644876,440_SinglePhoton,5350,20.6402248725045,20.6402248725045,3.0052291335433567e-05,0.0931407557365806
NEMA_Body_H60_5e9_1644876,440_SinglePhoton,5400,20.812736441106047,20.812736441106047,2.986680023899983e-05,0.09256487536072644
NEMA_Body_H60_5e9_1644876,440_SinglePhoton,5450,20.98483526838817,20.98483526838817,2.9684586050833885e-05,0.09199723796405465
NEMA_Body_H60_5e9_1644876,440_SinglePhoton,5500,21.156509094707722,21.156509094707722,2.9505558058736144e-05,0.09143765951092274
NEMA_Body_H60_5e9_1644876,440_SinglePhoton,5550,21.32777017970785,21.32777017970785,2.9329630336422384e-05,0.09088596422561872
NEMA_Body_H60_5e9_1644876,440_SinglePhoton,5600,21.498626696483992,21.498626696483992,2.9156723873114363e-05,0.09034198392048325
NEMA_Body_H60_5e9_1644876,440_SinglePhoton,5650,21.66906638539299,21.66906638539299,2.898675622797698e-05,0.08980555226889203
NEMA_Body_H60_5e9_1644876,440_SinglePhoton,5700,21.839085159887137,21.839085159887137,2.8819653009439744e-05,0.08927651049520205
NEMA_Body_H60_5e9_1644876,440_SinglePhoton,5750,22.008683019966426,22.008683019966426,2.8655340582935063e-05,0.08875470571451366
NEMA_Body_H60_5e9_1644876,440_SinglePhoton,5800,22.177882441643302,22.177882441643302,2.8493743281296466e-05,0.08823998768146506
NEMA_Body_H60_5e9_1644876,440_SinglePhoton,5850,22.346640516166733,22.346640516166733,2.833479891619713e-05,0.08773221313918397
NEMA_Body_H60_5e9_1644876,440_SinglePhoton,5900,22.514961330084443,22.514961330084443,2.8178440783317662e-05,0.08723124167087447
NEMA_Body_H60_5e9_1644876,440_SinglePhoton,5950,22.68285509976572,22.68285509976572,2.8024606764170647e-05,0.08673693957877894
NEMA_Body_H60_5e9_1644876,440_SinglePhoton,6000,22.850293219376546,22.850293219376546,2.787322728150476e-05,0.08624917314182279
NEMA_Body_H60_5e9_1644876,440_SinglePhoton,6050,23.017312467846374,23.017312467846374,2.772425284352212e-05,0.0857678167429666
NEMA_Body_H60_5e9_1644876,440_SinglePhoton,6100,23.183908758627485,23.183908758627485,2.7577622595586e-05,0.08529274625284072
NEMA_Body_H60_5e9_1644876,440_SinglePhoton,6150,23.35006778880287,23.35006778880287,2.7433283548993607e-05,0.08482384156503726
NEMA_Body_H60_5e9_1644876,440_SinglePhoton,6200,23.515771168907808,23.515771168907808,2.729118160215283e-05,0.08436098665184842
NEMA_Body_H60_5e9_1644876,440_SinglePhoton,6250,23.68102298549001,23.68102298549001,2.7151265676027186e-05,0.0839040689039155
NEMA_Body_H60_5e9_1644876,440_SinglePhoton,6300,23.845837541466487,23.845837541466487,2.7013487577820024e-05,0.08345297792672217
NEMA_Body_H60_5e9_1644876,440_SinglePhoton,6350,24.010171928086212,24.010171928086212,2.6877794037380878e-05,0.08300760778629411
NEMA_Body_H60_5e9_1644876,440_SinglePhoton,6400,24.174071097374068,24.174071097374068,2.674414478079344e-05,0.08256785408443407
NEMA_Body_H60_5e9_1644876,440_SinglePhoton,6450,24.337500313674465,24.337500313674465,2.6612489726113644e-05,0.08213361541199227
NEMA_Body_H60_5e9_1644876,440_SinglePhoton,6500,24.500480009725983,24.500480009725983,2.6482792479891596e-05,0.08170479553306047
NEMA_Body_H60_5e9_1644876,440_SinglePhoton,6550,24.662985666242324,24.662985666242324,2.6355002862175914e-05,0.0812812973423273
NEMA_Body_H60_5e9_1644876,440_SinglePhoton,6600,24.82503975923593,24.82503975923593,2.6229082539841213e-05,0.08086302792320745
NEMA_Body_H60_5e9_1644876,440_SinglePhoton,6650,24.986613682872786,24.986613682872786,2.6104995353525292e-05,0.08044989614956967
NEMA_Body_H60_5e9_1644876,440_SinglePhoton,6700,25.14770743715289,25.14770743715289,2.598270090332269e-05,0.0800418133927781
NEMA_Body_H60_5e9_1644876,440_SinglePhoton,6750,25.30829650278993,25.30829650278993,2.5862160050345987e-05,0.07963869437671967
NEMA_Body_H60_5e9_1644876,440_SinglePhoton,6800,25.468411528891796,25.468411528891796,2.574334151391262e-05,0.07924045534676712
NEMA_Body_H60_5e9_1644876,440_SinglePhoton,6850,25.62804229908919,25.62804229908919,2.5626205822794014e-05,0.07884701606096894
NEMA_Body_H60_5e9_1644876,440_SinglePhoton,6900,25.78715612100038,25.78715612100038,2.5510721321341614e-05,0.07845829483221181
NEMA_Body_H60_5e9_1644876,440_SinglePhoton,6950,25.94577955718552,25.94577955718552,2.5396853731141275e-05,0.07807421375294912
NEMA_Body_H60_5e9_1644876,440_SinglePhoton,7000,26.103939170204775,26.103939170204775,2.528457160273459e-05,0.07769469814161836
NEMA_Body_H60_5e9_1644876,440_SinglePhoton,7050,26.26158592148554,26.26158592148554,2.5173845027606104e-05,0.07731967295551942
NEMA_Body_H60_5e9_1644876,440_SinglePhoton,7100,26.418738200492545,26.418738200492545,2.5064640473024984e-05,0.07694906562955597
NEMA_Body_H60_5e9_1644876,440_SinglePhoton,7150,26.575377617761056,26.575377617761056,2.4956931808914655e-05,0.07658280688196761
NEMA_Body_H60_5e9_1644876,440_SinglePhoton,7200,26.73151438966037,26.73151438966037,2.485068956972372e-05,0.07622082617671395
NEMA_Body_H60_5e9_1644876,440_SinglePhoton,7250,26.887150559464345,26.887150559464345,2.4745883415542485e-05,0.07586305803420959
NEMA_Body_H60_5e9_1644876,440_SinglePhoton,7300,27.042251391517386,27.042251391517386,2.4642492847192872e-05,0.07550943603040365
NEMA_Body_H60_5e9_1644876,440_SinglePhoton,7350,27.196841405105797,27.196841405105797,2.4540483184392158e-05,0.07515989494119725
NEMA_Body_H60_5e9_1644876,440_SinglePhoton,7400,27.350943076242018,27.350943076242018,2.4439833219074846e-05,0.07481437171040382
NEMA_Body_H60_5e9_1644876,440_SinglePhoton,7450,27.504523712544316,27.504523712544316,2.4340520961112198e-05,0.07447280584268585
NEMA_Body_H60_5e9_1644876,440_SinglePhoton,7500,27.65755675145253,27.65755675145253,2.4242518107764698e-05,0.07413513624174702
NEMA_Body_H60_5e9_1644876,440_SinglePhoton,7550,27.810128010468713,27.810128010468713,2.414579971784107e-05,0.07380130466113952
NEMA_Body_H60_5e9_1644876,440_SinglePhoton,7600,27.962096503696635,27.962096503696635,2.4050345276340713e-05,0.07347125430124563
NEMA_Body_H60_5e9_1644876,440_SinglePhoton,7650,28.11355622173378,28.11355622173378,2.3956132889814925e-05,0.07314492707484802
NEMA_Body_H60_5e9_1644876,440_SinglePhoton,7700,28.264496948210862,28.264496948210862,2.3863139984491963e-05,0.07282227077840304
NEMA_Body_H60_5e9_1644876,440_SinglePhoton,7750,28.414910510032442,28.414910510032442,2.3771345600124687e-05,0.07250322937550277
NEMA_Body_H60_5e9_1644876,440_SinglePhoton,7800,28.564756041721353,28.564756041721353,2.3680729152053762e-05,0.07218774933533192
NEMA_Body_H60_5e9_1644876,440_SinglePhoton,7850,28.71408053857634,28.71408053857634,2.359126435923455e-05,0.07187578013484479
NEMA_Body_H60_5e9_1644876,440_SinglePhoton,7900,28.862841091846374,28.862841091846374,2.350293812498298e-05,0.07156727047722784
NEMA_Body_H60_5e9_1644876,440_SinglePhoton,7950,29.011094913199493,29.011094913199493,2.341573153244105e-05,0.0712621711804403
NEMA_Body_H60_5e9_1644876,440_SinglePhoton,8000,29.158797050610808,29.158797050610808,2.332962201168558e-05,0.07096043369407545
NEMA_Body_H60_5e9_1644876,440_SinglePhoton,8050,29.305914811698585,29.305914811698585,2.3244592190855604e-05,0.07066201010188511
NEMA_Body_H60_5e9_1644876,440_SinglePhoton,8100,29.4525135812263,29.4525135812263,2.3160623746113572e-05,0.0703668551576982
NEMA_Body_H60_5e9_1644876,440_SinglePhoton,8150,29.59854432062134,29.59854432062134,2.3077698165681148e-05,0.07007492034947499
NEMA_Body_H60_5e9_1644876,440_SinglePhoton,8200,29.744082631016475,29.744082631016475,2.299580289047304e-05,0.06978616382169434
NEMA_Body_H60_5e9_1644876,440_SinglePhoton,8250,29.889091733482253,29.889091733482253,2.2914918918696636e-05,0.06950053873036466
NEMA_Body_H60_5e9_1644876,440_SinglePhoton,8300,30.0335062432552,30.0335062432552,2.283502457920049e-05,0.06921800339834636
NEMA_Body_H60_5e9_1644876,440_SinglePhoton,8350,30.17739358837265,30.17739358837265,2.2756112141196892e-05,0.0689385137665563
NEMA_Body_H60_5e9_1644876,440_SinglePhoton,8400,30.320708816809706,30.320708816809706,2.2678158294737573e-05,0.06866203181631693
NEMA_Body_H60_5e9_1644876,440_SinglePhoton,8450,30.463470318031106,30.463470318031106,2.2601152123935623e-05,0.06838851504024276
NEMA_Body_H60_5e9_1644876,440_SinglePhoton,8500,30.60571282769244,30.60571282769244,2.2525077101531365e-05,0.06811792489273151
NEMA_Body_H60_5e9_1644876,440_SinglePhoton,8550,30.74738935049496,30.74738935049496,2.2449920106156482e-05,0.06785021959352365
NEMA_Body_H60_5e9_1644876,440_SinglePhoton,8600,30.888516232629538,30.888516232629538,2.2375666522799106e-05,0.06758536216564355
NEMA_Body_H60_5e9_1644876,440_SinglePhoton,8650,31.029077127905303,31.029077127905303,2.230229847755739e-05,0.06732331550162861
NEMA_Body_H60_5e9_1644876,440_SinglePhoton,8700,31.169100642156277,31.169100642156277,2.222980377106486e-05,0.06706404266869583
NEMA_Body_H60_5e9_1644876,440_SinglePhoton,8750,31.308578602287024,31.308578602287024,2.2158168864603368e-05,0.06680750573241387
NEMA_Body_H60_5e9_1644876,440_SinglePhoton,8800,31.4474885322851,31.4474885322851,2.208738485569662e-05,0.0665536688001742
NEMA_Body_H60_5e9_1644876,440_SinglePhoton,8850,31.585834518698224,31.585834518698224,2.201743374701418e-05,0.06630249734706689
NEMA_Body_H60_5e9_1644876,440_SinglePhoton,8900,31.72367377319443,31.72367377319443,2.1948303648610464e-05,0.06605395886068917
NEMA_Body_H60_5e9_1644876,440_SinglePhoton,8950,31.86088982916379,31.86088982916379,2.187998257345889e-05,0.06580801465905113
NEMA_Body_H60_5e9_1644876,440_SinglePhoton,9000,31.99762775905025,31.99762775905025,2.181245746798104e-05,0.06556463561445107
NEMA_Body_H60_5e9_1644876,440_SinglePhoton,9050,32.133791528982464,32.133791528982464,2.1745716581841417e-05,0.06532378935183603
NEMA_Body_H60_5e9_1644876,440_SinglePhoton,9100,32.26938113896044,32.26938113896044,2.1679746181101324e-05,0.06508544265000507
NEMA_Body_H60_5e9_1644876,440_SinglePhoton,9150,32.40442519481818,32.40442519481818,2.1614537866727343e-05,0.06484956354410615
NEMA_Body_H60_5e9_1644876,440_SinglePhoton,9200,32.538954345663576,32.538954345663576,2.1550079397156522e-05,0.06461612222189943
NEMA_Body_H60_5e9_1644876,440_SinglePhoton,9250,32.672897076911575,32.672897076911575,2.148636203982764e-05,0.0643850884833437
NEMA_Body_H60_5e9_1644876,440_SinglePhoton,9300,32.806269734753045,32.806269734753045,2.1423368430900678e-05,0.06415643019571171
NEMA_Body_H60_5e9_1644876,440_SinglePhoton,9350,32.93904575662782,32.93904575662782,2.1361093426436713e-05,0.06393012031753656
NEMA_Body_H60_5e9_1644876,440_SinglePhoton,9400,33.07139473426617,33.07139473426617,2.129952487810841e-05,0.06370612741288277
NEMA_Body_H60_5e9_1644876,440_SinglePhoton,9450,33.20314911921169,33.20314911921169,2.123865278333032e-05,0.06348442547039922
NEMA_Body_H60_5e9_1644876,440_SinglePhoton,9500,33.33436407985855,33.33436407985855,2.1178467199440718e-05,0.06326498518333631
NEMA_Body_H60_5e9_1644876,440_SinglePhoton,9550,33.46501509692046,33.46501509692046,2.1118954339214086e-05,0.06304777959557127
NEMA_Body_H60_5e9_1644876,440_SinglePhoton,9600,33.595120559862146,33.595120559862146,2.1060105173617294e-05,0.06283278227746428
NEMA_Body_H60_5e9_1644876,440_SinglePhoton,9650,33.72471724761306,33.72471724761306,2.100191169378173e-05,0.06261996651280853
NEMA_Body_H60_5e9_1644876,440_SinglePhoton,9700,33.85374794850516,33.85374794850516,2.0944364432411882e-05,0.06240930579377053
NEMA_Body_H60_5e9_1644876,440_SinglePhoton,9750,33.98227191748034,33.98227191748034,2.0887455669740562e-05,0.06220077537360691
NEMA_Body_H60_5e9_1644876,440_SinglePhoton,9800,34.1102503323353,34.1102503323353,2.083117746011286e-05,0.061994349155987526
NEMA_Body_H60_5e9_1644876,440_SinglePhoton,9850,34.237664803605306,34.237664803605306,2.0775518741857493e-05,0.061790000693715236
NEMA_Body_H60_5e9_1644876,440_SinglePhoton,9900,34.36454802367209,34.36454802367209,2.0720465979169857e-05,0.061587709736657795
NEMA_Body_H60_5e9_1644876,440_SinglePhoton,9950,34.490916338726535,34.490916338726535,2.0666013925372464e-05,0.06138744925760321
NEMA_Body_H60_5e9_1644876,440_SinglePhoton,10000,34.61674931603004,34.61674931603004,2.061215137223381e-05,0.0611891952750776
NEMA_Body_H60_5e9_1644876,440_ComptonOnly,50,2299.6556557122567,4.343715494236409,0.007759086254407956,0.31868474679095465
NEMA_Body_H60_5e9_1644876,440_ComptonOnly,100,2978.252339389332,8.099637331172085,0.013393297417169926,0.26266546549074254
NEMA_Body_H60_5e9_1644876,440_ComptonOnly,150,3104.8177394114264,11.510238444152298,0.018912694485899287,0.23422013663030855
NEMA_Body_H60_5e9_1644876,440_ComptonOnly,200,3160.66413578589,15.398846182239122,0.024013718206480517,0.21777082859612257
NEMA_Body_H60_5e9_1644876,440_ComptonOnly,250,3193.015447587365,19.076797100743608,0.028580108826024624,0.20755485599909004
NEMA_Body_H60_5e9_1644876,440_ComptonOnly,300,3212.98498277755,22.530637845829883,0.03262229184818896,0.20085658691966066
NEMA_Body_H60_5e9_1644876,440_ComptonOnly,350,3225.914945861455,25.78358508633738,0.03618971424707588,0.19625971175354723
NEMA_Body_H60_5e9_1644876,440_ComptonOnly,400,3234.73310830798,28.868715140834563,0.039343529612615294,0.19297466793519086
NEMA_Body_H60_5e9_1644876,440_ComptonOnly,450,3241.060440092628,31.81782265719445,0.04214307370581873,0.19053761665896282
NEMA_Body_H60_5e9_1644876,440_ComptonOnly,500,3245.805670869269,34.65770125449802,0.044640019135028644,0.1886643369882928
NEMA_Body_H60_5e9_1644876,440_ComptonOnly,550,3275.062208672534,37.40976865529812,0.04687713512810118,0.18717467674140403
NEMA_Body_H60_5e9_1644876,440_ComptonOnly,600,3394.8400147224593,40.090625845873866,0.0488891436328292,0.1859512838622286
NEMA_Body_H60_5e9_1644876,440_ComptonOnly,650,3490.4332811345716,42.71283613096706,0.05070425665854538,0.1849160133984985
NEMA_Body_H60_5e9_1644876,440_ComptonOnly,700,3566.989331452712,45.285773298213044,0.052345706132391596,0.18401588643764352
NEMA_Body_H60_5e9_1644876,440_ComptonOnly,750,3628.5223918027527,47.81626873618788,0.05383292986347368,0.18321444758531621
NEMA_Body_H60_5e9_1644876,440_ComptonOnly,800,3678.171466387296,50.309172688895906,0.05518253370050804,0.18248632000911466
NEMA_Body_H60_5e9_1644876,440_ComptonOnly,850,3718.3978990652913,52.76796577185319,0.0564088764289344,0.18181366401124252
NEMA_Body_H60_5e9_1644876,440_ComptonOnly,900,3751.129858686382,55.444069053150066,0.05752454988932224,0.1811838385497696
NEMA_Body_H60_5e9_1644876,440_ComptonOnly,950,3777.899854817286,58.8424733521919,0.05854069230121316,0.18058786041265554
NEMA_Body_H60_5e9_1644876,440_ComptonOnly,1000,3799.9203311820324,62.21586413034088,0.05946699987890328,0.18001920363048438
NEMA_Body_H60_5e9_1644876,440_ComptonOnly,1050,3818.1581868548124,65.5566812058804,0.06031238243940257,0.17947341067760667
NEMA_Body_H60_5e9_1644876,440_ComptonOnly,1100,3833.379542588064,68.85807643636907,0.06108483396965442,0.17894727410399258
NEMA_Body_H60_5e9_1644876,440_ComptonOnly,1150,3846.20120868667,72.11396398023672,0.06179150979693414,0.17843852112580522
NEMA_Body_H60_5e9_1644876,440_ComptonOnly,1200,3857.122316305647,75.31883600426595,0.0624388030731969,0.17794553640299768
NEMA_Body_H60_5e9_1644876,440_ComptonOnly,1250,3866.5420095319023,78.46782551058713,0.06303247052667554,0.17746719925790214
NEMA_Body_H60_5e9_1644876,440_ComptonOnly,1300,3874.785179321332,81.55679429447117,0.06357768239671634,0.17700271914958884
NEMA_Body_H60_5e9_1644876,440_ComptonOnly,1350,3882.1097011686343,84.58198949009088,0.06407907603880977,0.17655152674163135
NEMA_Body_H60_5e9_1644876,440_ComptonOnly,1400,3888.7136727771153,87.54040377862489,0.06454081436042958,0.1761131862883102
NEMA_Body_H60_5e9_1644876,440_ComptonOnly,1450,3894.7573951299655,90.4292979030967,0.0649666310411981,0.17568732404051476
NEMA_Body_H60_5e9_1644876,440_ComptonOnly,1500,3900.3596196244307,93.24657763034377,0.06535986286292039,0.17527361623531934
NEMA_Body_H60_5e9_1644876,440_ComptonOnly,1550,3905.6130956588117,95.99063458929731,0.06572350312320092,0.17487172988119068
NEMA_Body_H60_5e9_1644876,440_ComptonOnly,1600,3910.5885915601357,98.6600028167436,0.06606024976291289,0.17448134714045252
NEMA_Body_H60_5e9_1644876,440_ComptonOnly,1650,3915.331945903863,101.25400378113798,0.06637248637399862,0.17410210990452096
NEMA_Body_H60_5e9_1644876,440_ComptonOnly,1700,3919.8774706061286,103.77198408173373,0.0666623821275425,0.17373366618352953
NEMA_Body_H60_5e9_1644876,440_ComptonOnly,1750,3924.247682861895,106.21368403361872,0.06693188466155896,0.17337564676902092
NEMA_Body_H60_5e9_1644876,440_ComptonOnly,1800,3928.4549135160237,108.57907012906236,0.06718271840589712,0.1730276672548574
NEMA_Body_H60_5e9_1644876,440_ComptonOnly,1850,3932.510421165996,110.86848582230327,0.06741647173460781,0.17268936319075912
NEMA_Body_H60_5e9_1644876,440_ComptonOnly,1900,3936.418494801328,113.08238346770457,0.0676345864985918,0.17236036719506875
NEMA_Body_H60_5e9_1644876,440_ComptonOnly,1950,3940.181278916779,115.22133269668645,0.06783833479969414,0.17204029109350708
NEMA_Body_H60_5e9_1644876,440_ComptonOnly,2000,3943.796897079435,117.28620471024452,0.06802889873094847,0.17172879446975534
NEMA_Body_H60_5e9_1644876,440_ComptonOnly,2050,3947.262400609003,119.27799636336411,0.06820735293253569,0.17142553267348373
NEMA_Body_H60_5e9_1644876,440_ComptonOnly,2100,3950.581006247621,121.19773801876119,0.0683746588729833,0.17113017816747428
NEMA_Body_H60_5e9_1644876,440_ComptonOnly,2150,3953.7519098097546,123.04666946246793,0.06853171254839714,0.1708424269955643
NEMA_Body_H60_5e9_1644876,440_ComptonOnly,2200,3956.7756474190933,124.82595508812271,0.06867933737597505,0.17056199218310453
NEMA_Body_H60_5e9_1644876,440_ComptonOnly,2250,3959.6516829519474,126.53706923587191,0.06881825644174099,0.17028858908026612
NEMA_Body_H60_5e9_1644876,440_ComptonOnly,2300,3962.3794802846273,128.18114279162327,0.0689491755241491,0.17002197206212688
NEMA_Body_H60_5e9_1644876,440_ComptonOnly,2350,3964.957967169754,129.75970873405177,0.06907268767899365,0.1697618849372063
NEMA_Body_H60_5e9_1644876,440_ComptonOnly,2400,3967.391164534999,131.27429166489966,0.06918937788845643,0.1695081159438763
NEMA_Body_H60_5e9_1644876,440_ComptonOnly,2450,3969.683093308035,132.72636592431337,0.06929977377019317,0.16926045727830083
NEMA_Body_H60_5e9_1644876,440_ComptonOnly,2500,3971.834825736241,134.11733046004542,0.06940435218618482,0.16901871724746403
NEMA_Body_H60_5e9_1644876,440_ComptonOnly,2550,3973.844217324858,135.4488522816932,0.06950354767770757,0.1687827048176508
NEMA_Body_H60_5e9_1644876,440_ComptonOnly,2600,3975.717165434472,136.7221879291542,0.06959777360261699,0.1685522648877079
NEMA_Body_H60_5e9_1644876,440_ComptonOnly,2650,3977.4563506835316,137.93887875803597,0.06968740590165215,0.16832724058196089
NEMA_Body_H60_5e9_1644876,440_ComptonOnly,2700,3979.064453690484,139.10054989327264,0.06977277931838907,0.16810747332315343
NEMA_Body_H60_5e9_1644876,440_ComptonOnly,2750,3980.5441550737773,140.20855002102087,0.06985419602104143,0.1678928380428888
NEMA_Body_H60_5e9_1644876,440_ComptonOnly,2800,3981.898671575549,141.26431997369644,0.06993196289827981,0.16768320219831467
NEMA_Body_H60_5e9_1644876,440_ComptonOnly,2850,3983.1301476905583,142.26955189169465,0.0700063223090643,0.16747843731070802
NEMA_Body_H60_5e9_1644876,440_ComptonOnly,2900,3984.245553026769,143.22534315319263,0.07007754246639021,0.16727843574998716
NEMA_Body_H60_5e9_1644876,440_ComptonOnly,2950,3985.250784944767,144.13343616018162,0.07014584757987861,0.16708310045169691
NEMA_Body_H60_5e9_1644876,440_ComptonOnly,3000,3986.141554455036,144.99493666777138,0.07021141666315893,0.1668922983951608
NEMA_Body_H60_5e9_1644876,440_ComptonOnly,3050,3986.926439536609,145.8115033086266,0.07027445005240744,0.16670595456730386
NEMA_Body_H60_5e9_1644876,440_ComptonOnly,3100,3987.6075846842446,146.58420833012653,0.07033511531503245,0.16652395885354998
NEMA_Body_H60_5e9_1644876,440_ComptonOnly,3150,3988.1922275677525,147.31459308787873,0.07039358243639665,0.16634623368152202
NEMA_Body_H60_5e9_1644876,440_ComptonOnly,3200,3988.682512681891,148.00371307539712,0.07044999132915045,0.1661726604205009
NEMA_Body_H60_5e9_1644876,440_ComptonOnly,3250,3989.0808525832626,148.65297561736685,0.07050446757759277,0.1660031665986546
NEMA_Body_H60_5e9_1644876,440_ComptonOnly,3300,3989.3872472718685,149.26368751528136,0.0705571319301052,0.16583765941075843
NEMA_Body_H60_5e9_1644876,440_ComptonOnly,3350,3989.6145637162585,149.83697127811573,0.07060811158948231,0.16567606649750366
NEMA_Body_H60_5e9_1644876,440_ComptonOnly,3400,3989.763874163812,150.37408344576747,0.07065749789886598,0.16551828477142974
NEMA_Body_H60_5e9_1644876,440_ComptonOnly,3450,3989.8367869855974,150.87623029653818,0.07070539393399762,0.16536423906163591
NEMA_Body_H60_5e9_1644876,440_ComptonOnly,3500,3989.841612098804,151.34446732394176,0.07075187033726901,0.1652138398670923
NEMA_Body_H60_5e9_1644876,440_ComptonOnly,3550,3989.775936946828,151.78001756014507,0.07079702760896936,0.1650670310061576
NEMA_Body_H60_5e9_1644876,440_ComptonOnly,3600,3989.647267261324,152.18385272933554,0.07084092461479077,0.164923700383843
NEMA_Body_H60_5e9_1644876,440_ComptonOnly,3650,3989.459087846275,152.55709534048827,0.07088363432027402,0.16478376291434507
NEMA_Body_H60_5e9_1644876,440_ComptonOnly,3700,3989.219976680714,152.90053282527236,0.07092520953285981,0.16464716539690719
NEMA_Body_H60_5e9_1644876,440_ComptonOnly,3750,3988.9272531461925,153.2157232931607,0.07096570920140623,0.16451381725514683
NEMA_Body_H60_5e9_1644876,440_ComptonOnly,3800,3988.5876187888316,153.50340391422648,0.07100519537567007,0.16438363928763955
NEMA_Body_H60_5e9_1644876,440_ComptonOnly,3850,3988.199733299407,153.76446264333063,0.07104369475364662,0.1642565475799484
NEMA_Body_H60_5e9_1644876,440_ComptonOnly,3900,3987.7737830280203,153.9998209430646,0.07108128454400305,0.1641324790927471
NEMA_Body_H60_5e9_1644876,440_ComptonOnly,3950,3987.305210923311,154.21061807626884,0.07111798045346712,0.16401135298808217
NEMA_Body_H60_5e9_1644876,440_ComptonOnly,4000,3986.808760386742,154.39764147461239,0.07115382252527211,0.1638930720750129
NEMA_Body_H60_5e9_1644876,440_ComptonOnly,4050,3986.277729872194,154.5617455852256,0.07118886836302467,0.16377758236878107
NEMA_Body_H60_5e9_1644876,440_ComptonOnly,4100,3985.7198931731664,154.70376810137344,0.07122311170553429,0.1636648123759369
NEMA_Body_H60_5e9_1644876,440_ComptonOnly,4150,3985.1379309081067,154.82437917766794,0.07125660425288977,0.16355466812711728
NEMA_Body_H60_5e9_1644876,440_ComptonOnly,4200,3984.528894396722,157.97345245331562,0.07128938501775199,0.16344708432906702
NEMA_Body_H60_5e9_1644876,440_ComptonOnly,4250,3983.902433865426,162.20777410763415,0.07132148363565793,0.16334200647509192
NEMA_Body_H60_5e9_1644876,440_ComptonOnly,4300,3983.2620341181996,166.43438898391472,0.07135289613465876,0.16323934208034568
NEMA_Body_H60_5e9_1644876,440_ComptonOnly,4350,3982.603942289217,170.64984578590548,0.07138367023692582,0.16313904387087172
NEMA_Body_H60_5e9_1644876,440_ComptonOnly,4400,3981.936468295666,174.8504419093752,0.07141382221268659,0.16304101717564673
NEMA_Body_H60_5e9_1644876,440_ComptonOnly,4450,3981.2593440757023,179.03267579647613,0.07144337127081664,0.16294522326481758
NEMA_Body_H60_5e9_1644876,440_ComptonOnly,4500,3980.5714973819468,183.19329719734012,0.07147234683513119,0.16285157697156538
NEMA_Body_H60_5e9_1644876,440_ComptonOnly,4550,3979.877217203916,187.32929041621313,0.07150076815685737,0.16276000990133405
NEMA_Body_H60_5e9_1644876,440_ComptonOnly,4600,3979.177575788989,191.4378072959942,0.07152863039066949,0.1626704448908796
NEMA_Body_H60_5e9_1644876,440_ComptonOnly,4650,3978.480078868821,195.51660281873313,0.07155595911669978,0.16258283892424438
NEMA_Body_H60_5e9_1644876,440_ComptonOnly,4700,3977.776416526222,199.5632476739614,0.07158280128646606,0.1624971459570668
NEMA_Body_H60_5e9_1644876,440_ComptonOnly,4750,3977.071681936244,203.57496072003926,0.07160915913775555,0.16241328855994822
NEMA_Body_H60_5e9_1644876,440_ComptonOnly,4800,3976.3707002120937,207.55026761682026,0.07163503450943162,0.16233120516099034
NEMA_Body_H60_5e9_1644876,440_ComptonOnly,4850,3975.672399106391,211.48737570071734,0.07166045569877214,0.16225083559035078
NEMA_Body_H60_5e9_1644876,440_ComptonOnly,4900,3974.9791911757393,215.38496141637177,0.0716854238373041,0.1621721140756282
NEMA_Body_H60_5e9_1644876,440_ComptonOnly,4950,3974.291880605673,219.2412153463312,0.07170997887410566,0.16209499364611235
NEMA_Body_H60_5e9_1644876,440_ComptonOnly,5000,3973.6056422829865,223.0550819970817,0.07173411948081075,0.1620194313668424
NEMA_Body_H60_5e9_1644876,440_ComptonOnly,5050,3972.9301264340916,226.82575718308885,0.07175784740196602,0.16194536975130608
NEMA_Body_H60_5e9_1644876,440_ComptonOnly,5100,3972.2613121313166,230.5523361956265,0.0717811861071401,0.16187274991440295
NEMA_Body_H60_5e9_1644876,440_ComptonOnly,5150,3971.5997354983515,234.23414888008264,0.07180415734912717,0.16180151368108586
NEMA_Body_H60_5e9_1644876,440_ComptonOnly,5200,3970.945664597041,237.87060885117174,0.07182677346749225,0.16173162814311226
NEMA_Body_H60_5e9_1644876,440_ComptonOnly,5250,3970.306337097194,241.46107946201244,0.07184903525430417,0.16166304525764133
NEMA_Body_H60_5e9_1644876,440_ComptonOnly,5300,3969.671030525019,245.00569474352713,0.07187096483225322,0.16159569814665795
NEMA_Body_H60_5e9_1644876,440_ComptonOnly,5350,3969.0456422411016,248.50433741865868,0.07189255130896442,0.16152955539735833
NEMA_Body_H60_5e9_1644876,440_ComptonOnly,5400,3969.2732267473366,251.9568567026194,0.0719138148837025,0.16146456852444394
NEMA_Body_H60_5e9_1644876,440_ComptonOnly,5450,3970.1969678645155,255.36291751810333,0.07193478197653634,0.16140071353399754
NEMA_Body_H60_5e9_1644876,440_ComptonOnly,5500,3971.114007435575,258.72324028131834,0.0719554581486579,0.16133792283576695
NEMA_Body_H60_5e9_1644876,440_ComptonOnly,5550,3972.00960205905,262.0381433157051,0.07197584139513605,0.161276164145061
NEMA_Body_H60_5e9_1644876,440_ComptonOnly,5600,3972.8947422705783,265.3076936367249,0.07199595329307464,0.16121542736775726
NEMA_Body_H60_5e9_1644876,440_ComptonOnly,5650,3973.7621904003495,268.53247762966316,0.0720157816610487,0.16115562198951974
NEMA_Body_H60_5e9_1644876,440_ComptonOnly,5700,3974.6207924892424,271.71262932544226,0.07203536012289856,0.1610967429843933
NEMA_Body_H60_5e9_1644876,440_ComptonOnly,5750,3975.4590218779304,274.8488858941355,0.07205468807699685,0.16103876932536215
NEMA_Body_H60_5e9_1644876,440_ComptonOnly,5800,3976.2959109573944,277.9424033524484,0.07207377481021286,0.16098164444594065
NEMA_Body_H60_5e9_1644876,440_ComptonOnly,5850,3977.1143037695674,280.9931649465159,0.07209261306404932,0.1609253322548701
NEMA_Body_H60_5e9_1644876,440_ComptonOnly,5900,3977.9209018605693,284.0024439701006,0.07211121329563572,0.16086980457430886
NEMA_Body_H60_5e9_1644876,440_ComptonOnly,5950,3978.7076633750557,286.97035770025974,0.07212959495935171,0.16081504756700876
NEMA_Body_H60_5e9_1644876,440_ComptonOnly,6000,3979.4904039618705,289.8977940918541,0.0721477696444067,0.1607610063734949
NEMA_Body_H60_5e9_1644876,440_ComptonOnly,6050,3980.267783311789,292.7856913613406,0.072165731977432,0.16070768387363038
NEMA_Body_H60_5e9_1644876,440_ComptonOnly,6100,3981.0255941470373,295.6349542174453,0.07218349410096091,0.16065502815513313
NEMA_Body_H60_5e9_1644876,440_ComptonOnly,6150,3981.7734866940277,298.44621930704966,0.07220104646922287,0.16060302740330934
NEMA_Body_H60_5e9_1644876,440_ComptonOnly,6200,3982.5079761487787,301.2201567847657,0.07221841721138053,0.1605516593732851
NEMA_Body_H60_5e9_1644876,440_ComptonOnly,6250,3983.2258457691514,303.957805390242,0.07223558802598043,0.16050089314393595
NEMA_Body_H60_5e9_1644876,440_ComptonOnly,6300,3983.9386222144735,306.659969309013,0.07225257545949497,0.16045069554879712
NEMA_Body_H60_5e9_1644876,440_ComptonOnly,6350,3984.629685650367,309.326950110654,0.07226937742439961,0.16040106796809264
NEMA_Body_H60_5e9_1644876,440_ComptonOnly,6400,3985.322089395484,311.96082527446237,0.07228600142060648,0.16035196215636602
NEMA_Body_H60_5e9_1644876,440_ComptonOnly,6450,3986.0018942338957,314.5617958468215,0.07230246170757426,0.16030339501807708
NEMA_Body_H60_5e9_1644876,440_ComptonOnly,6500,3986.674193340653,317.13043145915174,0.07231875053470918,0.16025531261569334
NEMA_Body_H60_5e9_1644876,440_ComptonOnly,6550,3987.3389867157557,319.667402266065,0.0723348841041329,0.1602077066637523
NEMA_Body_H60_5e9_1644876,440_ComptonOnly,6600,3987.9809948340503,322.1741155922465,0.07235082523169883,0.16016055902651288
NEMA_Body_H60_5e9_1644876,440_ComptonOnly,6650,3988.6230029523454,324.6511745768471,0.07236661812052403,0.16011385974682368
NEMA_Body_H60_5e9_1644876,440_ComptonOnly,6700,3989.2521441020895,327.09894780490333,0.0723822521207478,0.1600675959891693
NEMA_Body_H60_5e9_1644876,440_ComptonOnly,6750,3989.8724392109557,329.51860804698623,0.07239774502117627,0.1600217337404663
NEMA_Body_H60_5e9_1644876,440_ComptonOnly,6800,3990.4852285881675,331.911060011822,0.07241307245952346,0.15997627775682113
NEMA_Body_H60_5e9_1644876,440_ComptonOnly,6850,3991.088635800811,334.27694034629195,0.07242825555349082,0.15993119554551127
NEMA_Body_H60_5e9_1644876,440_ComptonOnly,6900,3991.6770315501462,336.61681868181637,0.0724432935159861,0.15988649877230832
NEMA_Body_H60_5e9_1644876,440_ComptonOnly,6950,3992.2619424954987,338.93109711116244,0.07245817494689057,0.15984216715869567
NEMA_Body_H60_5e9_1644876,440_ComptonOnly,7000,3992.840419956576,341.22031175801976,0.07247293338607236,0.15979817952220074
NEMA_Body_H60_5e9_1644876,440_ComptonOnly,7050,3993.402545645121,343.4861715166489,0.07248752869120913,0.15975453454380084
NEMA_Body_H60_5e9_1644876,440_ComptonOnly,7100,3993.96493939551,345.7286093715887,0.07250199484890676,0.15971123289093778
NEMA_Body_H60_5e9_1644876,440_ComptonOnly,7150,3994.5206315997793,347.94909966298553,0.0725163011072513,0.15966822028780764
NEMA_Body_H60_5e9_1644876,440_ComptonOnly,7200,3995.057827536758,350.1480444836066,0.07253046348751839,0.15962552913710748
NEMA_Body_H60_5e9_1644876,440_ComptonOnly,7250,3995.5958276592705,352.3251422638765,0.0725444922744111,0.15958314955169248
NEMA_Body_H60_5e9_1644876,440_ComptonOnly,7300,3996.1279304211976,354.4817333130193,0.07255839078510631,0.1595410440376532
NEMA_Body_H60_5e9_1644876,440_ComptonOnly,7350,3996.646898152729,356.6185548011081,0.07257215426687316,0.15949924264162546
NEMA_Body_H60_5e9_1644876,440_ComptonOnly,7400,3997.161844956589,358.7348695580697,0.07258576937342424,0.1594576879063767
NEMA_Body_H60_5e9_1644876,440_ComptonOnly,7450,3997.6631206063644,360.83245349362596,0.07259925897403252,0.1594164124894352
NEMA_Body_H60_5e9_1644876,440_ComptonOnly,7500,3998.161983699536,362.91214430104185,0.07261261970873262,0.15937542212438593
NEMA_Body_H60_5e9_1644876,440_ComptonOnly,7550,3998.6576300505703,364.97327182570535,0.0726258281119204,0.15933466380112032
NEMA_Body_H60_5e9_1644876,440_ComptonOnly,7600,3999.142285865968,367.0170088381875,0.07263890641497182,0.1592941626043663
NEMA_Body_H60_5e9_1644876,440_ComptonOnly,7650,3999.6229207536935,369.0435228771413,0.07265186763962907,0.15925391360497426
NEMA_Body_H60_5e9_1644876,440_ComptonOnly,7700,4000.1000708374368,371.0533835739869,0.07266467610332879,0.15921389369674827
NEMA_Body_H60_5e9_1644876,440_ComptonOnly,7750,4000.56381782894,373.04712705241394,0.07267735783119667,0.15917410027617088
NEMA_Body_H60_5e9_1644876,440_ComptonOnly,7800,4001.0294412533567,375.0253564515732,0.0726899153209173,0.1591345449290943
NEMA_Body_H60_5e9_1644876,440_ComptonOnly,7850,4001.4856825132056,376.9880717714647,0.0727023373090462,0.15909521314559297
NEMA_Body_H60_5e9_1644876,440_ComptonOnly,7900,4001.927448433435,378.93550756620266,0.07271460271882867,0.1590560905590467
NEMA_Body_H60_5e9_1644876,440_ComptonOnly,7950,4002.3622447457,380.8683674981296,0.072726749498443,0.1590171978277544
NEMA_Body_H60_5e9_1644876,440_ComptonOnly,8000,4002.7986494290335,382.78688612135977,0.07273878420528579,0.1589785203685894
NEMA_Body_H60_5e9_1644876,440_ComptonOnly,8050,4003.231033184695,384.6913650054686,0.0727506727477549,0.15894005262485028
NEMA_Body_H60_5e9_1644876,440_ComptonOnly,8100,4003.656715394237,386.5826753514516,0.07276244468561825,0.15890178460143436
NEMA_Body_H60_5e9_1644876,440_ComptonOnly,8150,4004.072479315521,388.46004648150506,0.07277406998892086,0.1588637354543568
NEMA_Body_H60_5e9_1644876,440_ComptonOnly,8200,4004.485026494667,390.32455064300814,0.07278556548836287,0.15882587856160651
NEMA_Body_H60_5e9_1644876,440_ComptonOnly,8250,4004.8911401895384,392.1769920214952,0.07279694596105561,0.1587882295342774
NEMA_Body_H60_5e9_1644876,440_ComptonOnly,8300,4005.294305204117,394.01683449327675,0.07280818711769967,0.15875079378620321
NEMA_Body_H60_5e9_1644876,440_ComptonOnly,8350,4005.695325723937,395.84464768977284,0.07281930808150391,0.15871353728155843
NEMA_Body_H60_5e9_1644876,440_ComptonOnly,8400,4006.08589183181,397.6604651187142,0.07283030405001531,0.1586764499842282
NEMA_Body_H60_5e9_1644876,440_ComptonOnly,8450,4006.472437012011,399.46472238059863,0.07284116090305265,0.15863956803086987
NEMA_Body_H60_5e9_1644876,440_ComptonOnly,8500,4006.857105759298,401.2578215681932,0.072851905591315,0.15860289466256716
NEMA_Body_H60_5e9_1644876,440_ComptonOnly,8550,4007.240970321051,403.0402317897264,0.07286251415730306,0.15856639152383947
NEMA_Body_H60_5e9_1644876,440_ComptonOnly,8600,4007.608483110271,404.8112493828557,0.07287296862233344,0.1585300612187674
NEMA_Body_H60_5e9_1644876,440_ComptonOnly,8650,4007.973583342888,406.5716450253847,0.07288333321056482,0.15849394337194994
NEMA_Body_H60_5e9_1644876,440_ComptonOnly,8700,4008.334126524144,408.322222902848,0.0728935504768746,0.15845799894240764
NEMA_Body_H60_5e9_1644876,440_ComptonOnly,8750,4008.7002990041397,410.06154218282967,0.07290366019322084,0.15842225078821504
NEMA_Body_H60_5e9_1644876,440_ComptonOnly,8800,4009.050387773448,411.7909766822844,0.07291364472078432,0.1583866915472298
NEMA_Body_H60_5e9_1644876,440_ComptonOnly,8850,4009.406373903342,413.51062692440394,0.0729235049348153,0.1583513171236245
NEMA_Body_H60_5e9_1644876,440_ComptonOnly,8900,4009.758875229253,415.2211630638003,0.07293324072275541,0.15831610979646477
NEMA_Body_H60_5e9_1644876,440_ComptonOnly,8950,4010.1019943905967,416.9212447912495,0.07294285013179377,0.15828108032985808
NEMA_Body_H60_5e9_1644876,440_ComptonOnly,9000,4010.440556500578,418.61244697008965,0.07295234449125856,0.15824625066292855
NEMA_Body_H60_5e9_1644876,440_ComptonOnly,9050,4010.776706053957,420.29396541478644,0.07296173126310197,0.15821160473062798
NEMA_Body_H60_5e9_1644876,440_ComptonOnly,9100,4011.109370803353,421.96600117172346,0.07297097928764436,0.1581771133229936
NEMA_Body_H60_5e9_1644876,440_ComptonOnly,9150,4011.440695243525,423.6290903645903,0.07298011338790619,0.15814281268495178
NEMA_Body_H60_5e9_1644876,440_ComptonOnly,9200,4011.7580804677677,425.28353456296236,0.07298911311903535,0.15810868085766627
NEMA_Body_H60_5e9_1644876,440_ComptonOnly,9250,4012.0835075473547,426.9297023518762,0.07299800156209468,0.15807472770683187
NEMA_Body_H60_5e9_1644876,440_ComptonOnly,9300,4012.397407967615,428.56668902260566,0.07300678732220192,0.15804097445701248
NEMA_Body_H60_5e9_1644876,440_ComptonOnly,9350,4012.707287460203,430.19493017564855,0.07301544123729353,0.158007406385826
NEMA_Body_H60_5e9_1644876,440_ComptonOnly,9400,4013.0179711383257,431.81573261249827,0.07302400021784015,0.15797401051261042
NEMA_Body_H60_5e9_1644876,440_ComptonOnly,9450,4013.3240977650867,433.4279570703144,0.07303244733540913,0.15794080869311408
NEMA_Body_H60_5e9_1644876,440_ComptonOnly,9500,4013.6224505983487,435.0313019795215,0.07304075575060197,0.1579077841309879
NEMA_Body_H60_5e9_1644876,440_ComptonOnly,9550,4013.9261646685063,436.6266720488459,0.07304895073568997,0.15787493082311582
NEMA_Body_H60_5e9_1644876,440_ComptonOnly,9600,4014.2178159556483,438.21383272417324,0.07305705976236788,0.15784228473113968
NEMA_Body_H60_5e9_1644876,440_ComptonOnly,9650,4014.509735304635,439.79318609827084,0.0730650547732931,0.1578098041451924
NEMA_Body_H60_5e9_1644876,440_ComptonOnly,9700,4014.8043352720697,441.36510075617525,0.07307292980613639,0.15777750170667126
NEMA_Body_H60_5e9_1644876,440_ComptonOnly,9750,4015.0852640854196,442.92894005100504,0.0730806887632355,0.15774538585012793
NEMA_Body_H60_5e9_1644876,440_ComptonOnly,9800,4015.373698630424,444.4848380136827,0.07308836409097129,0.1577134641713314
NEMA_Body_H60_5e9_1644876,440_ComptonOnly,9850,4015.6613289898937,446.0336993529343,0.07309590475966066,0.1576817240611524
NEMA_Body_H60_5e9_1644876,440_ComptonOnly,9900,4015.936360442658,447.57455234457257,0.07310336128045135,0.15765017165300244
NEMA_Body_H60_5e9_1644876,440_ComptonOnly,9950,4016.2130002664912,449.1076650504422,0.07311069678509693,0.15761877115718984
NEMA_Body_H60_5e9_1644876,440_ComptonOnly,10000,4016.4856191626523,450.6346458416121,0.07311792833968951,0.1575875814782459
NEMA_Body_H60_5e9_1644876,440_SinglePlusCompton,50,37.47052780039685,0.7250002792727592,0.0004559179163740954,0.4569374294960781
NEMA_Body_H60_5e9_1644876,440_SinglePlusCompton,100,183.55319901492402,1.2014319388489825,0.0012196666618050928,0.4203054122465368
NEMA_Body_H60_5e9_1644876,440_SinglePlusCompton,150,441.927284776713,1.685961913541252,0.0024487291253533655,0.389674710266523
NEMA_Body_H60_5e9_1644876,440_SinglePlusCompton,200,763.8322568167175,2.135577571429544,0.003734072575381331,0.36412640176552674
NEMA_Body_H60_5e9_1644876,440_SinglePlusCompton,250,1104.060157401432,2.5450440520553848,0.00490022617732245,0.3428572385188512
NEMA_Body_H60_5e9_1644876,440_SinglePlusCompton,300,1429.6148512031434,2.9167860378691217,0.005910755536583018,0.3250901797160073
NEMA_Body_H60_5e9_1644876,440_SinglePlusCompton,350,1719.8433031945697,3.25618314846358,0.006773530092218963,0.31013103209521015
NEMA_Body_H60_5e9_1644876,440_SinglePlusCompton,400,1965.4114147799341,3.5691151164957398,0.0075103989016513184,0.29740573233857226
NEMA_Body_H60_5e9_1644876,440_SinglePlusCompton,450,2165.426943006346,3.8608622792662812,0.008147482827426864,0.2864606683080152
NEMA_Body_H60_5e9_1644876,440_SinglePlusCompton,500,2323.9521586263986,4.135779044416531,0.008710261536178921,0.2769447127607804
NEMA_Body_H60_5e9_1644876,440_SinglePlusCompton,550,2447.165075847507,4.3973216519542255,0.009220821762785172,0.26858775759693804
NEMA_Body_H60_5e9_1644876,440_SinglePlusCompton,600,2541.6001457902953,4.648154727552402,0.009696779475306895,0.2611816663652936
NEMA_Body_H60_5e9_1644876,440_SinglePlusCompton,650,2613.230021933983,4.890347467531485,0.010151300514860857,0.25456503587078644
NEMA_Body_H60_5e9_1644876,440_SinglePlusCompton,700,2667.1341671944206,5.125504516980742,0.010593700668666477,0.248611549473965
NEMA_Body_H60_5e9_1644876,440_SinglePlusCompton,750,2707.450119670856,5.400437939346451,0.011030230442513868,0.24322125917924634
NEMA_Body_H60_5e9_1644876,440_SinglePlusCompton,800,2737.441179108758,5.7384620194666,0.011464827967376318,0.23831412593743945
NEMA_Body_H60_5e9_1644876,440_SinglePlusCompton,850,2759.6550639686648,6.07142071968557,0.011899782755628347,0.2338252751429911
NEMA_Body_H60_5e9_1644876,440_SinglePlusCompton,900,2776.050891230432,6.399052283760424,0.01233622638307198,0.22970142008611422
NEMA_Body_H60_5e9_1644876,440_SinglePlusCompton,950,2788.1155971092858,6.721152065901232,0.012774435676161456,0.2258980665636687
NEMA_Body_H60_5e9_1644876,440_SinglePlusCompton,1000,2796.974401363142,7.037544504345054,0.013214286987047422,0.22237826624039567
NEMA_Body_H60_5e9_1644876,440_SinglePlusCompton,1050,2803.485568340556,7.348111147781956,0.013655384453650462,0.2191107951892231
NEMA_Body_H60_5e9_1644876,440_SinglePlusCompton,1100,2808.2810188584135,7.65277902174421,0.01409718488689354,0.21606899780918576
NEMA_Body_H60_5e9_1644876,440_SinglePlusCompton,1150,2811.8383485983713,7.951504235791082,0.01453901565620027,0.21322969861537958
NEMA_Body_H60_5e9_1644876,440_SinglePlusCompton,1200,2814.5111516422,8.244275156311772,0.014980228045781169,0.21057303268446942
NEMA_Body_H60_5e9_1644876,440_SinglePlusCompton,1250,2816.557990277871,8.531094956109229,0.015420234047204507,0.20808180106217544
NEMA_Body_H60_5e9_1644876,440_SinglePlusCompton,1300,2818.1654083969156,8.812000651217804,0.01585849805010907,0.20574093592723275
NEMA_Body_H60_5e9_1644876,440_SinglePlusCompton,1350,2819.4801502507275,9.087063100903263,0.016294442439103825,0.2035369904259057
NEMA_Body_H60_5e9_1644876,440_SinglePlusCompton,1400,2820.607265229603,9.356336771616158,0.016727537355657168,0.20145812535329588
NEMA_Body_H60_5e9_1644876,440_SinglePlusCompton,1450,2821.6176887465767,9.619932182659058,0.017157415521136213,0.19949399345193713
NEMA_Body_H60_5e9_1644876,440_SinglePlusCompton,1500,2822.550137458383,9.87794663332227,0.01758376047371422,0.1976353330907707
NEMA_Body_H60_5e9_1644876,440_SinglePlusCompton,1550,2823.4343934086605,10.17821647360271,0.018006310317829344,0.19587383797145633
NEMA_Body_H60_5e9_1644876,440_SinglePlusCompton,1600,2824.291845519662,10.518426614951741,0.018424852531857664,0.19420204593101287
NEMA_Body_H60_5e9_1644876,440_SinglePlusCompton,1650,2825.1284502001145,10.858331109617103,0.018839197688352766,0.19261320058303855
NEMA_Body_H60_5e9_1644876,440_SinglePlusCompton,1700,2825.9493516211933,11.197815736692785,0.019249202599234436,0.19110121428825094
NEMA_Body_H60_5e9_1644876,440_SinglePlusCompton,1750,2826.754279037046,11.536777908883577,0.01965475014060931,0.18966055397671244
NEMA_Body_H60_5e9_1644876,440_SinglePlusCompton,1800,2827.5405249891614,11.875125614904084,0.0200557454333841,0.18828619650277204
NEMA_Body_H60_5e9_1644876,440_SinglePlusCompton,1850,2828.312962902861,12.212776361877742,0.020452120167824626,0.18697355676140281
NEMA_Body_H60_5e9_1644876,440_SinglePlusCompton,1900,2829.064282640161,12.549648714528972,0.0208438235623467,0.18571846112058196
NEMA_Body_H60_5e9_1644876,440_SinglePlusCompton,1950,2829.7934012176556,12.88568450480379,0.021230820427908838,0.18451708287740481
NEMA_Body_H60_5e9_1644876,440_SinglePlusCompton,2000,2830.4913840222534,13.220816046239372,0.021613087316613416,0.18336591118122017
NEMA_Body_H60_5e9_1644876,440_SinglePlusCompton,2050,2831.1671656670464,13.554966133964069,0.021990611739911722,0.18226172833450136
NEMA_Body_H60_5e9_1644876,440_SinglePlusCompton,2100,2831.8045014009576,13.888123134367081,0.022363384626268544,0.18120157783941565
NEMA_Body_H60_5e9_1644876,440_SinglePlusCompton,2150,2832.405827936649,14.22020666977381,0.022731421471933605,0.18018272328420673
NEMA_Body_H60_5e9_1644876,440_SinglePlusCompton,2200,2832.971416019971,14.551176551346957,0.0230947323839491,0.17920264615068607
NEMA_Body_H60_5e9_1644876,440_SinglePlusCompton,2250,2833.497745954858,14.880992590249223,0.0234533309996141,0.17825901728995625
NEMA_Body_H60_5e9_1644876,440_SinglePlusCompton,2300,2833.99131564174,15.209655844081588,0.02380724591144545,0.17734969520137617
NEMA_Body_H60_5e9_1644876,440_SinglePlusCompton,2350,2834.4521250806174,15.537120836001847,0.024156509310954703,0.17647269075428393
NEMA_Body_H60_5e9_1644876,440_SinglePlusCompton,2400,2834.872864133505,15.863325167552087,0.024501149773821822,0.17562614386410833
NEMA_Body_H60_5e9_1644876,440_SinglePlusCompton,2450,2835.259218463281,16.188301624362737,0.024841212513779954,0.17480834390807165
NEMA_Body_H60_5e9_1644876,440_SinglePlusCompton,2500,2835.607668373877,16.512007902394533,0.025176724485599235,0.17401769579701046
NEMA_Body_H60_5e9_1644876,440_SinglePlusCompton,2550,2835.9244410198735,16.83447890247987,0.02550772547574665,0.1732527166599253
NEMA_Body_H60_5e9_1644876,440_SinglePlusCompton,2600,2836.2111608763785,17.15566491737261,0.025834271758541676,0.1725120338230517
NEMA_Body_H60_5e9_1644876,440_SinglePlusCompton,2650,2836.464849739027,17.47554162225018,0.02615640890371941,0.17179435856227393
NEMA_Body_H60_5e9_1644876,440_SinglePlusCompton,2700,2836.6863198453734,17.794121708324358,0.02647417695658668,0.17109848837316063
NEMA_Body_H60_5e9_1644876,440_SinglePlusCompton,2750,2836.8869425211715,18.111404117994162,0.026787641077985837,0.17042331841153988
NEMA_Body_H60_5e9_1644876,440_SinglePlusCompton,2800,2837.0607613576926,18.427430097697872,0.027096835653305295,0.16976779070018025
NEMA_Body_H60_5e9_1644876,440_SinglePlusCompton,2850,2837.2064226256807,18.74215099779034,0.02740182787553955,0.16913093886613484
NEMA_Body_H60_5e9_1644876,440_SinglePlusCompton,2900,2837.335568396741,19.05559854630101,0.027702669263650243,0.16851183781044898
NEMA_Body_H60_5e9_1644876,440_SinglePlusCompton,2950,2837.441971516294,19.367800240855402,0.027999402809267444,0.16790962654077615
NEMA_Body_H60_5e9_1644876,440_SinglePlusCompton,3000,2837.5329421223237,19.678734929433887,0.02829209600901905,0.16732351962858263
NEMA_Body_H60_5e9_1644876,440_SinglePlusCompton,3050,2837.6027945519536,19.98839203602665,0.02858079653626736,0.16675276598332772
NEMA_Body_H60_5e9_1644876,440_SinglePlusCompton,3100,2837.657755959763,20.29677579103761,0.028865575455764937,0.16619665564535668
NEMA_Body_H60_5e9_1644876,440_SinglePlusCompton,3150,2837.6986385833065,20.6039136920923,0.029146469338995215,0.16565451425875122
NEMA_Body_H60_5e9_1644876,440_SinglePlusCompton,3200,2837.723547201624,20.90980785439267,0.0294235477871524,0.165125742344827
NEMA_Body_H60_5e9_1644876,440_SinglePlusCompton,3250,2837.73112808546,21.21455557722903,0.029696865162833822,0.16460973267045687
NEMA_Body_H60_5e9_1644876,440_SinglePlusCompton,3300,2837.7384382234445,21.51808071333071,0.029966503732951393,0.16410596595795712
NEMA_Body_H60_5e9_1644876,440_SinglePlusCompton,3350,2837.732752560568,21.820395953909486,0.030232487660135157,0.1636139000592677
NEMA_Body_H60_5e9_1644876,440_SinglePlusCompton,3400,2837.7151540802347,22.12155206381247,0.03049487808243964,0.16313303886495567
NEMA_Body_H60_5e9_1644876,440_SinglePlusCompton,3450,2837.6905162077683,22.42155750384752,0.030753754236542415,0.1626629421777255
NEMA_Body_H60_5e9_1644876,440_SinglePlusCompton,3500,2837.6702102689223,22.720386891591072,0.03100918202148799,0.16220318689877658
NEMA_Body_H60_5e9_1644876,440_SinglePlusCompton,3550,2837.636908529215,23.018137526333437,0.03126118903343235,0.16175332743225557
NEMA_Body_H60_5e9_1644876,440_SinglePlusCompton,3600,2842.894251469355,23.314722684794123,0.03150985008973382,0.16131299240108893
NEMA_Body_H60_5e9_1644876,440_SinglePlusCompton,3650,2850.2246953927397,23.610254472677177,0.031755225754770355,0.1608818422381312
NEMA_Body_H60_5e9_1644876,440_SinglePlusCompton,3700,2857.373739595768,23.90471596836689,0.031997353563140186,0.16045949793697795
NEMA_Body_H60_5e9_1644876,440_SinglePlusCompton,3750,2864.3530261500437,24.198073328631857,0.03223630895232892,0.16004564945044256
NEMA_Body_H60_5e9_1644876,440_SinglePlusCompton,3800,2871.174467873024,24.490394239934894,0.032472138711644026,0.15963998824731288
NEMA_Body_H60_5e9_1644876,440_SinglePlusCompton,3850,2877.845104156841,24.781708315103486,0.03270490102869055,0.1592422242512271
NEMA_Body_H60_5e9_1644876,440_SinglePlusCompton,3900,2884.3584371010656,25.071952098078743,0.03293464186788765,0.1588520704159825
NEMA_Body_H60_5e9_1644876,440_SinglePlusCompton,3950,2890.729357727517,25.36117846890974,0.03316143441572551,0.15846926798952693
NEMA_Body_H60_5e9_1644876,440_SinglePlusCompton,4000,2896.951368135765,25.649421270827883,0.03338531421920862,0.1580935502214606
NEMA_Body_H60_5e9_1644876,440_SinglePlusCompton,4050,2903.0352981598603,25.936705886256732,0.03360635168139841,0.15772470464702065
NEMA_Body_H60_5e9_1644876,440_SinglePlusCompton,4100,2908.9884579377876,26.31478131554854,0.03382458199950329,0.1573624920483357
NEMA_Body_H60_5e9_1644876,440_SinglePlusCompton,4150,2914.807327773481,26.70082894103934,0.03404008942220576,0.15700671970151017
NEMA_Body_H60_5e9_1644876,440_SinglePlusCompton,4200,2920.50679868876,27.08667139193972,0.03425289716911874,0.15665715353700935
NEMA_Body_H60_5e9_1644876,440_SinglePlusCompton,4250,2926.085246208517,27.472317129057526,0.034463064454575615,0.15631362639881718
NEMA_Body_H60_5e9_1644876,440_SinglePlusCompton,4300,2931.539692128388,27.857706926737798,0.03467062469910717,0.15597592029538224
NEMA_Body_H60_5e9_1644876,440_SinglePlusCompton,4350,2936.88204926583,28.242745600892192,0.0348756470458581,0.15564388491175654
NEMA_Body_H60_5e9_1644876,440_SinglePlusCompton,4400,2942.123147454893,28.627378156269668,0.03507816783539715,0.15531734223147745
NEMA_Body_H60_5e9_1644876,440_SinglePlusCompton,4450,2947.2429515025833,29.011594016860407,0.03527821580984053,0.1549961201294167
NEMA_Body_H60_5e9_1644876,440_SinglePlusCompton,4500,2952.2560816848695,29.39528953776822,0.03547585440055589,0.1546800829005636
NEMA_Body_H60_5e9_1644876,440_SinglePlusCompton,4550,2957.179324244531,29.77849010141666,0.035671151629050546,0.15436910717596664
NEMA_Body_H60_5e9_1644876,440_SinglePlusCompton,4600,2961.995080701234,30.161045528466357,0.03586412362548596,0.15406303085595885
NEMA_Body_H60_5e9_1644876,440_SinglePlusCompton,4650,2966.7239277396775,30.542960049321223,0.03605482366497392,0.15376171496592633
NEMA_Body_H60_5e9_1644876,440_SinglePlusCompton,4700,2971.358555221875,30.924195590345928,0.036243293325388067,0.15346502829819583
NEMA_Body_H60_5e9_1644876,440_SinglePlusCompton,4750,2975.904107319002,31.304690810683542,0.03642956635059223,0.15317283808365753
NEMA_Body_H60_5e9_1644876,440_SinglePlusCompton,4800,2980.3649159646784,31.684433019122284,0.03661369781287303,0.15288505995998952
NEMA_Body_H60_5e9_1644876,440_SinglePlusCompton,4850,2984.743417871566,32.06334818359345,0.03679573822251566,0.152601573375571
NEMA_Body_H60_5e9_1644876,440_SinglePlusCompton,4900,2989.0404252772187,32.44137073283618,0.03697570290707935,0.15232226195626364
NEMA_Body_H60_5e9_1644876,440_SinglePlusCompton,4950,2993.2532307231236,32.818483745234765,0.037153617655837204,0.15204699657070994
NEMA_Body_H60_5e9_1644876,440_SinglePlusCompton,5000,2997.3896858389676,33.19474433124221,0.03732953894297004,0.1517757088991274
NEMA_Body_H60_5e9_1644876,440_SinglePlusCompton,5050,3001.447353912089,33.57004461555841,0.03750348763613305,0.15150828267695568
NEMA_Body_H60_5e9_1644876,440_SinglePlusCompton,5100,3005.4327328429194,33.94423653404593,0.03767552278429262,0.15124464553084785
NEMA_Body_H60_5e9_1644876,440_SinglePlusCompton,5150,3009.3520497860372,34.31730528029103,0.037845666829594844,0.15098471585640516
NEMA_Body_H60_5e9_1644876,440_SinglePlusCompton,5200,3013.200972807823,34.689339692776166,0.03801394870305628,0.150728392734133
NEMA_Body_H60_5e9_1644876,440_SinglePlusCompton,5250,3016.993309946691,35.06033765629938,0.03818041669559677,0.15047559602164715
NEMA_Body_H60_5e9_1644876,440_SinglePlusCompton,5300,3020.719043606144,35.43017014354091,0.038345089383303964,0.15022623945252905
NEMA_Body_H60_5e9_1644876,440_SinglePlusCompton,5350,3024.374112598414,35.79873562480653,0.03850799375288557,0.14998025705583343
NEMA_Body_H60_5e9_1644876,440_SinglePlusCompton,5400,3027.968805265848,36.166171588223854,0.038669161325916426,0.14973757505628357
NEMA_Body_H60_5e9_1644876,440_SinglePlusCompton,5450,3031.4998726582317,36.53224536157692,0.03882863230736937,0.14949813288245956
NEMA_Body_H60_5e9_1644876,440_SinglePlusCompton,5500,3034.977061626211,36.89701617052071,0.03898641790124469,0.14926182754597198
NEMA_Body_H60_5e9_1644876,440_SinglePlusCompton,5550,3038.393874269355,37.26048824545914,0.03914255727634566,0.1490286215195514
NEMA_Body_H60_5e9_1644876,440_SinglePlusCompton,5600,3041.7535595378786,37.62268696881578,0.03929708578450438,0.14879843803844703
NEMA_Body_H60_5e9_1644876,440_SinglePlusCompton,5650,3045.0658642824287,37.98338812918252,0.03945002814925587,0.14857122329803182
NEMA_Body_H60_5e9_1644876,440_SinglePlusCompton,5700,3048.326998061087,38.34268902584969,0.03960141570960435,0.14834692458282916
NEMA_Body_H60_5e9_1644876,440_SinglePlusCompton,5750,3051.529650735869,38.70061927164475,0.039751256102422645,0.1481254739270853
NEMA_Body_H60_5e9_1644876,440_SinglePlusCompton,5800,3054.6838399032717,39.05711118010488,0.039899597140240176,0.1479068266706849
NEMA_Body_H60_5e9_1644876,440_SinglePlusCompton,5850,3057.7876703423367,39.41215206001833,0.040046414711932585,0.14769089152208043
NEMA_Body_H60_5e9_1644876,440_SinglePlusCompton,5900,3060.849805920305,39.76568691613403,0.04019178292598812,0.14747764633476826
NEMA_Body_H60_5e9_1644876,440_SinglePlusCompton,5950,3063.870246637176,40.11781304774229,0.04033570328957343,0.14726704367984353
NEMA_Body_H60_5e9_1644876,440_SinglePlusCompton,6000,3066.8443898134783,40.46839508191748,0.04047820181005405,0.14705901507543537
NEMA_Body_H60_5e9_1644876,440_SinglePlusCompton,6050,3069.768445007294,40.81746263148707,0.040619299291951474,0.1468535215868615
NEMA_Body_H60_5e9_1644876,440_SinglePlusCompton,6100,3072.658386223848,41.16494377958432,0.040759008560244725,0.14665052560495587
NEMA_Body_H60_5e9_1644876,440_SinglePlusCompton,6150,3075.5044666124954,41.51081737418961,0.04089735238596897,0.14644996824140646
NEMA_Body_H60_5e9_1644876,440_SinglePlusCompton,6200,3078.307227664938,41.8550157288401,0.04103436995284066,0.1462518193251786
NEMA_Body_H60_5e9_1644876,440_SinglePlusCompton,6250,3081.0707305689452,42.197644603633954,0.04117007431676629,0.14605604617304815
NEMA_Body_H60_5e9_1644876,440_SinglePlusCompton,6300,3083.7930801035577,42.53856016483769,0.041304474133715637,0.14586255531208722
NEMA_Body_H60_5e9_1644876,440_SinglePlusCompton,6350,3086.467778368345,42.877787794874855,0.04143758770411863,0.1456713483967258
NEMA_Body_H60_5e9_1644876,440_SinglePlusCompton,6400,3089.113777572897,43.215416332227896,0.04156943464576608,0.14548238511306155
NEMA_Body_H60_5e9_1644876,440_SinglePlusCompton,6450,3091.7218723582696,43.55136539922223,0.04170001915794358,0.14529559413968263
NEMA_Body_H60_5e9_1644876,440_SinglePlusCompton,6500,3094.293687199571,43.88559269181858,0.04182938418010575,0.1451109698404147
NEMA_Body_H60_5e9_1644876,440_SinglePlusCompton,6550,3096.8305758260576,44.21811513163265,0.04195752632241526,0.1449284676394516
NEMA_Body_H60_5e9_1644876,440_SinglePlusCompton,6600,3099.314127519842,44.54896656189587,0.04208443319696715,0.14474802393762504
NEMA_Body_H60_5e9_1644876,440_SinglePlusCompton,6650,3101.7892860922366,44.878134291396435,0.04221015983158043,0.1445696353752656
NEMA_Body_H60_5e9_1644876,440_SinglePlusCompton,6700,3104.2354748585444,45.205436412765536,0.042334729287024274,0.14439326477721273
NEMA_Body_H60_5e9_1644876,440_SinglePlusCompton,6750,3106.640239509606,45.531050602968065,0.04245814148514116,0.1442188728244696
NEMA_Body_H60_5e9_1644876,440_SinglePlusCompton,6800,3109.0111609292585,45.85494724917654,0.042580432482380776,0.14404645039964564
NEMA_Body_H60_5e9_1644876,440_SinglePlusCompton,6850,3111.3539247803774,46.17705443452422,0.042701601169113014,0.14387593910924037
NEMA_Body_H60_5e9_1644876,440_SinglePlusCompton,6900,3113.658242720615,46.49739754143466,0.04282166735959464,0.14370732115803025
NEMA_Body_H60_5e9_1644876,440_SinglePlusCompton,6950,3115.9441499429654,46.81595964829215,0.04294063576131064,0.14354056154718306
NEMA_Body_H60_5e9_1644876,440_SinglePlusCompton,7000,3118.198650646568,47.132613842978905,0.04305850162511192,0.143375627604931
NEMA_Body_H60_5e9_1644876,440_SinglePlusCompton,7050,3120.4277012401494,47.44746588559309,0.04317529968249011,0.1432125002132099
NEMA_Body_H60_5e9_1644876,440_SinglePlusCompton,7100,3122.6291357569007,47.760511545730765,0.04329102792887838,0.14305112730305042
NEMA_Body_H60_5e9_1644876,440_SinglePlusCompton,7150,3124.805932401186,48.071801588239055,0.043405702818557705,0.14289149656020372
NEMA_Body_H60_5e9_1644876,440_SinglePlusCompton,7200,3126.955654460343,48.38127255705906,0.043519371885992655,0.14273360476716296
NEMA_Body_H60_5e9_1644876,440_SinglePlusCompton,7250,3129.064764641808,48.689021751481086,0.04363199855504707,0.1425773806400479
NEMA_Body_H60_5e9_1644876,440_SinglePlusCompton,7300,3131.147341729848,48.99474881282637,0.04374361564969188,0.14242281594219502
NEMA_Body_H60_5e9_1644876,440_SinglePlusCompton,7350,3133.20501019957,49.29861449644412,0.04385423303127812,0.14226989528705242
NEMA_Body_H60_5e9_1644876,440_SinglePlusCompton,7400,3135.2337088632053,49.600707640816765,0.043963861254634015,0.1421185831151595
NEMA_Body_H60_5e9_1644876,440_SinglePlusCompton,7450,3137.2402063670356,49.90088864261475,0.044072497847991166,0.14196884790496628
NEMA_Body_H60_5e9_1644876,440_SinglePlusCompton,7500,3139.226668677871,50.19925903153231,0.04418015419303813,0.1418206721506056
NEMA_Body_H60_5e9_1644876,440_SinglePlusCompton,7550,3141.1903883371992,50.49586534201262,0.04428686755706285,0.14167405428868646
NEMA_Body_H60_5e9_1644876,440_SinglePlusCompton,7600,3143.124055207036,50.79072872607533,0.04439264311695867,0.14152895337085092
NEMA_Body_H60_5e9_1644876,440_SinglePlusCompton,7650,3145.0431018009026,51.083785727661535,0.04449745614942578,0.1413853407581615
NEMA_Body_H60_5e9_1644876,440_SinglePlusCompton,7700,3146.933990826237,51.37497289071234,0.04460135279512044,0.14124322670505432
NEMA_Body_H60_5e9_1644876,440_SinglePlusCompton,7750,3148.8108010673045,51.66432405845916,0.044704326155673005,0.14110254824974452
NEMA_Body_H60_5e9_1644876,440_SinglePlusCompton,7800,3150.67028357389,51.9517926964588,0.04480639419304171,0.1409633046872935
NEMA_Body_H60_5e9_1644876,440_SinglePlusCompton,7850,3152.501879257794,52.237357652691635,0.04490758343924129,0.14082548030507258
NEMA_Body_H60_5e9_1644876,440_SinglePlusCompton,7900,3154.3020684229496,52.52104430958122,0.04500786517764638,0.14068903616950967
NEMA_Body_H60_5e9_1644876,440_SinglePlusCompton,7950,3156.0808686658543,52.80268345097051,0.045107254666725216,0.14055394985755637
NEMA_Body_H60_5e9_1644876,440_SinglePlusCompton,8000,3157.8409874450203,53.08253736190292,0.0452057560107216,0.14042019829374125
NEMA_Body_H60_5e9_1644876,440_SinglePlusCompton,8050,3159.5910886276893,53.360597581570616,0.04530342714084533,0.14028780864589444
NEMA_Body_H60_5e9_1644876,440_SinglePlusCompton,8100,3161.3268402802405,53.63678373229898,0.045400249579553346,0.1401567343127117
NEMA_Body_H60_5e9_1644876,440_SinglePlusCompton,8150,3163.039849281284,53.91107043166447,0.04549623474233624,0.14002694805542498
NEMA_Body_H60_5e9_1644876,440_SinglePlusCompton,8200,3164.72794966401,54.18361843501627,0.04559137245909628,0.13989843947393918
NEMA_Body_H60_5e9_1644876,440_SinglePlusCompton,8250,3166.4014297707668,54.454203530946295,0.04568568065093062,0.13977119976153188
NEMA_Body_H60_5e9_1644876,440_SinglePlusCompton,8300,3168.0629970600676,54.722969553188044,0.04577916330574964,0.1396452009538467
NEMA_Body_H60_5e9_1644876,440_SinglePlusCompton,8350,3169.6974897642403,54.98993342335721,0.045871845658801084,0.13952043532114447
NEMA_Body_H60_5e9_1644876,440_SinglePlusCompton,8400,3171.316279209039,55.2549978421635,0.04596372656389967,0.13939687148884236
NEMA_Body_H60_5e9_1644876,440_SinglePlusCompton,8450,3172.9166579359503,55.51824741768543,0.046054806369468834,0.13927449623997068
NEMA_Body_H60_5e9_1644876,440_SinglePlusCompton,8500,3174.5002504200825,55.77984713567613,0.046145104354345046,0.13915330167609255
NEMA_Body_H60_5e9_1644876,440_SinglePlusCompton,8550,3176.071930086758,56.039623549574614,0.04623463105716158,0.13903327304370883
NEMA_Body_H60_5e9_1644876,440_SinglePlusCompton,8600,3177.626823510655,56.29755127695734,0.04632335347987209,0.13891436472855664
NEMA_Body_H60_5e9_1644876,440_SinglePlusCompton,8650,3179.1711578463514,56.55364300903608,0.04641130586716084,0.13879659354742827
NEMA_Body_H60_5e9_1644876,440_SinglePlusCompton,8700,3180.7033086187407,56.80777606409696,0.046498506666823015,0.13867992415551603
NEMA_Body_H60_5e9_1644876,440_SinglePlusCompton,8750,3182.208114060151,57.06009850627743,0.046584940709441996,0.13856435386104532
NEMA_Body_H60_5e9_1644876,440_SinglePlusCompton,8800,3183.6923428168634,57.31060610517353,0.046670630839973214,0.13844987086205904
NEMA_Body_H60_5e9_1644876,440_SinglePlusCompton,8850,3185.1749470984682,57.559349625632386,0.04675558867399784,0.13833647514962868
NEMA_Body_H60_5e9_1644876,440_SinglePlusCompton,8900,3186.6361624578226,57.80624868997941,0.046839801931635686,0.13822413652226
NEMA_Body_H60_5e9_1644876,440_SinglePlusCompton,8950,3188.084652762166,58.05130329821459,0.0469233115789111,0.1381128676817178
NEMA_Body_H60_5e9_1644876,440_SinglePlusCompton,9000,3189.5190642822436,58.294602288820386,0.04700610387677703,0.13800261829913635
NEMA_Body_H60_5e9_1644876,440_SinglePlusCompton,9050,3190.9383140346495,58.53613720098894,0.047088173394406206,0.13789337019724404
NEMA_Body_H60_5e9_1644876,440_SinglePlusCompton,9100,3192.336987102358,58.77596302997129,0.047169534497226266,0.13778512277690924
NEMA_Body_H60_5e9_1644876,440_SinglePlusCompton,9150,3193.729974507189,59.01401208930462,0.04725018478252023,0.13767784991306742
NEMA_Body_H60_5e9_1644876,440_SinglePlusCompton,9200,3195.110236857011,59.25027168777715,0.04733013631895361,0.13757157561792852
NEMA_Body_H60_5e9_1644876,440_SinglePlusCompton,9250,3197.0184536168267,59.48486873750667,0.04740942122243449,0.13746628909197428
NEMA_Body_H60_5e9_1644876,440_SinglePlusCompton,9300,3199.5702332651335,59.71776093445392,0.04748804650203332,0.137361952411687
NEMA_Body_H60_5e9_1644876,440_SinglePlusCompton,9350,3202.087086698625,59.9489482786189,0.047565975118974375,0.13725851998416647
NEMA_Body_H60_5e9_1644876,440_SinglePlusCompton,9400,3204.547895740902,60.178388465962335,0.04764321422523342,0.1371560253798386
NEMA_Body_H60_5e9_1644876,440_SinglePlusCompton,9450,3206.9770275185792,60.406018040425344,0.04771981342305605,0.13705449301967748
NEMA_Body_H60_5e9_1644876,440_SinglePlusCompton,9500,3209.363110705903,60.63182008039222,0.047795753177613795,0.13695386606038215
NEMA_Body_H60_5e9_1644876,440_SinglePlusCompton,9550,3211.7020841151043,60.855989184443565,0.04787102287110925,0.13685410413505064
NEMA_Body_H60_5e9_1644876,440_SinglePlusCompton,9600,3214.0001749007624,61.07844074450085,0.04794564829801598,0.13675521871586155
NEMA_Body_H60_5e9_1644876,440_SinglePlusCompton,9650,3216.263880963308,61.29927629025833,0.04801964945817804,0.13665722187443827
NEMA_Body_H60_5e9_1644876,440_SinglePlusCompton,9700,3218.482643214541,61.51845351767671,0.048093009353036925,0.13656009631672647
NEMA_Body_H60_5e9_1644876,440_SinglePlusCompton,9750,3220.673518643093,61.73592589231282,0.04816576936846989,0.13646387193975915
NEMA_Body_H60_5e9_1644876,440_SinglePlusCompton,9800,3222.828655619275,61.951786483053034,0.048237906549350645,0.1363684872030132
NEMA_Body_H60_5e9_1644876,440_SinglePlusCompton,9850,3224.945075938725,62.16574339202644,0.04830941010013176,0.13627390093991765
NEMA_Body_H60_5e9_1644876,440_SinglePlusCompton,9900,3227.033338689642,62.37803775225684,0.04838029638565133,0.13618013316561417
NEMA_Body_H60_5e9_1644876,440_SinglePlusCompton,9950,3229.083426275528,62.58871609818741,0.048450596492244036,0.1360871885232336
NEMA_Body_H60_5e9_1644876,440_SinglePlusCompton,10000,3231.1105004640553,62.79777842981816,0.048520301308878,0.13599508993348344
