{
  "config": {
    "incident_energy_mev": 0.511,
    "num_photons": 10000000,
    "density_g_cm3": 3.67,
    "data_path": "F:\\lipeize\\1_code\\JSCC_Recon\\20250307_JSCCGC_32x32x4_Shield_DiffEne_SPECT_PolarCoor\\FreePath\\data.txt"
  },
  "summary": {
    "scattered_energy_mev": {
      "mean": 0.33494171829256975,
      "std": 0.1062453354711834,
      "min": 0.17033334601288244,
      "p05": 0.17976101090919702,
      "median": 0.3359668633889855,
      "p95": 0.49613460939451315,
      "max": 0.5109999735753523
    },
    "theta_deg": {
      "mean": 69.67625184509637,
      "std": 41.83573010218681,
      "min": 0.018426030959012327,
      "p05": 14.061006637905749,
      "median": 61.37880140324368,
      "p95": 147.4224185658647,
      "max": 179.9617086805408
    },
    "free_path_cm": {
      "mean": 1.8892921283171038,
      "std": 2.1976086770466994,
      "min": 3.8714675989504695e-08,
      "p05": 0.07674674756490836,
      "median": 1.1420778362120045,
      "p95": 6.267198166044105,
      "max": 47.87049354134566
    },
    "perpendicular_free_path_cm": {
      "mean": 1.2153748961111566,
      "std": 1.3898699054999837,
      "min": 2.1276977854260605e-08,
      "p05": 0.04437681032158277,
      "median": 0.7446515830325153,
      "p95": 3.9910139896812615,
      "max": 27.734097902819226
    },
    "parallel_free_path_cm": {
      "mean": 1.014755039005371,
      "std": 1.9900518490866972,
      "min": -7.954244231922604,
      "p05": -0.7425313976301767,
      "median": 0.3299366627714676,
      "p95": 4.930951157286852,
      "max": 46.926186009546896
    },
    "abs_parallel_free_path_cm": {
      "mean": 1.257788633796035,
      "std": 1.8460774371444106,
      "min": 4.976516790776727e-09,
      "p05": 0.01915988541058418,
      "median": 0.5578740739286241,
      "p95": 4.931862868008745,
      "max": 46.926186009546896
    },
    "mu_total_cm_inv": {
      "mean": 0.6743756473140399,
      "std": 0.3724613401519101,
      "min": 0.3260061134006595,
      "p05": 0.3343720457620999,
      "median": 0.5056906993312917,
      "p95": 1.5009686975457226,
      "max": 1.6838618140215655
    },
    "scatter_probability_next_interaction": {
      "mean": 0.574288220491905,
      "std": 0.1915161287472662,
      "min": 0.22713293743826665,
      "p05": 0.2515357897817087,
      "median": 0.6207923885926527,
      "p95": 0.8096225182303843,
      "max": 0.8203309528545851
    },
    "photoelectric_probability_next_interaction": {
      "mean": 0.42554239845474695,
      "std": 0.19149757082748678,
      "min": 0.17955647283981385,
      "p05": 0.1903605114711689,
      "median": 0.3791496724451365,
      "p95": 0.7483186736588474,
      "max": 0.7727784289467349
    },
    "forward_scatter_fraction": 0.6925823,
    "backscatter_fraction": 0.3074177
  }
}