dataset,channel,iteration,region,max_density,max_over_fixed_final_native_background,x_mm,y_mm,z_mm,full_cell_index,effective_cell_volume_mm3,fraction,region_integral_fraction,p999
legacy NEMA1e9,440_ComptonOnly,50,full,12690.1513671875,64.5483627319336,-231.3510865670048,-63.84884293600199,58.5,131696,1.9327916160870293,0.00996895082253595,1.0,636.0067138671875
legacy NEMA1e9,440_ComptonOnly,50,internal_core,2219.098388671875,11.28742790222168,117.66434268086468,-72.10480193080103,-7.5,57231,195.09290378792724,1.0,0.5490826445565353,304.0668029785156
legacy NEMA1e9,440_ComptonOnly,50,internal_background,2219.098388671875,11.28742790222168,117.66434268086468,-72.10480193080103,-7.5,57231,195.09290378792724,1.0,0.45964020653240434,303.1201171875
legacy NEMA1e9,440_ComptonOnly,50,axial_ends,12690.1513671875,64.5483627319336,-231.3510865670048,-63.84884293600199,58.5,131696,1.9327916160870293,0.00996895082253595,0.13103890655286418,1726.4815673828125
legacy NEMA1e9,440_ComptonOnly,50,lateral_edge,12690.1513671875,64.5483627319336,-231.3510865670048,-63.84884293600199,58.5,131696,1.9327916160870293,0.00996895082253595,0.08650468887955817,1934.3135986328125
legacy NEMA1e9,440_ComptonOnly,100,full,42993.796875,218.68763732910156,-231.3510865670048,-63.84884293600199,58.5,131696,1.9327916160870293,0.00996895082253595,1.0,1879.80859375
legacy NEMA1e9,440_ComptonOnly,100,internal_core,4321.61474609375,21.981861114501953,117.66434268086468,-72.10480193080103,-7.5,57231,195.09290378792724,1.0,0.6255177433256967,393.2879943847656
legacy NEMA1e9,440_ComptonOnly,100,internal_background,4321.61474609375,21.981861114501953,117.66434268086468,-72.10480193080103,-7.5,57231,195.09290378792724,1.0,0.5376082069824019,382.40338134765625
legacy NEMA1e9,440_ComptonOnly,100,axial_ends,42993.796875,218.68763732910156,-231.3510865670048,-63.84884293600199,58.5,131696,1.9327916160870293,0.00996895082253595,0.11597723962670145,4911.8125
legacy NEMA1e9,440_ComptonOnly,100,lateral_edge,42993.796875,218.68763732910156,-231.3510865670048,-63.84884293600199,58.5,131696,1.9327916160870293,0.00996895082253595,0.0992957179538635,5265.81005859375
legacy NEMA1e9,440_ComptonOnly,150,full,73555.3984375,374.1390075683594,-231.3510865670048,-63.84884293600199,58.5,131696,1.9327916160870293,0.00996895082253595,1.0,3218.324462890625
legacy NEMA1e9,440_ComptonOnly,150,internal_core,6178.56689453125,31.427234649658203,117.66434268086468,-72.10480193080103,-7.5,57231,195.09290378792724,1.0,0.6673980982204935,475.1753845214844
legacy NEMA1e9,440_ComptonOnly,150,internal_background,6178.56689453125,31.427234649658203,117.66434268086468,-72.10480193080103,-7.5,57231,195.09290378792724,1.0,0.5800442400758382,431.95208740234375
legacy NEMA1e9,440_ComptonOnly,150,axial_ends,73555.3984375,374.1390075683594,-231.3510865670048,-63.84884293600199,58.5,131696,1.9327916160870293,0.00996895082253595,0.11139044813401112,10114.138671875
legacy NEMA1e9,440_ComptonOnly,150,lateral_edge,73555.3984375,374.1390075683594,-231.3510865670048,-63.84884293600199,58.5,131696,1.9327916160870293,0.00996895082253595,0.10424892573630425,10252.416015625
legacy NEMA1e9,440_ComptonOnly,200,full,106517.3984375,541.7999877929688,102.27463389889034,140.76895702124085,58.5,130335,4.541240707819889,0.02307665729309297,1.0,4213.10205078125
legacy NEMA1e9,440_ComptonOnly,200,internal_core,7796.66015625,39.65765380859375,117.66434268086468,-72.10480193080103,-7.5,57231,195.09290378792724,1.0,0.6928297379995738,550.4140625
legacy NEMA1e9,440_ComptonOnly,200,internal_background,7796.66015625,39.65765380859375,117.66434268086468,-72.10480193080103,-7.5,57231,195.09290378792724,1.0,0.6057240112148867,471.2716979980469
legacy NEMA1e9,440_ComptonOnly,200,axial_ends,106517.3984375,541.7999877929688,102.27463389889034,140.76895702124085,58.5,130335,4.541240707819889,0.02307665729309297,0.10919596768589937,13987.91015625
legacy NEMA1e9,440_ComptonOnly,200,lateral_edge,106517.3984375,541.7999877929688,102.27463389889034,140.76895702124085,58.5,130335,4.541240707819889,0.02307665729309297,0.1058696823285243,15476.3994140625
legacy NEMA1e9,440_ComptonOnly,250,full,157411.34375,800.671630859375,102.27463389889034,140.76895702124085,58.5,130335,4.541240707819889,0.02307665729309297,1.0,4965.83544921875
legacy NEMA1e9,440_ComptonOnly,250,internal_core,9156.64453125,46.5752067565918,117.66434268086468,-72.10480193080103,-7.5,57231,195.09290378792724,1.0,0.7089748589828943,619.5917358398438
legacy NEMA1e9,440_ComptonOnly,250,internal_background,9156.64453125,46.5752067565918,117.66434268086468,-72.10480193080103,-7.5,57231,195.09290378792724,1.0,0.6220785492941481,519.4021606445312
legacy NEMA1e9,440_ComptonOnly,250,axial_ends,157411.34375,800.671630859375,102.27463389889034,140.76895702124085,58.5,130335,4.541240707819889,0.02307665729309297,0.10792116136584654,18935.38671875
legacy NEMA1e9,440_ComptonOnly,250,lateral_edge,157411.34375,800.671630859375,102.27463389889034,140.76895702124085,58.5,130335,4.541240707819889,0.02307665729309297,0.10633907798641384,21973.21484375
legacy NEMA1e9,440_ComptonOnly,300,full,207286.484375,1054.3612060546875,102.27463389889034,140.76895702124085,58.5,130335,4.541240707819889,0.02307665729309297,1.0,5378.404296875
legacy NEMA1e9,440_ComptonOnly,300,internal_core,10263.810546875,52.2067985534668,117.66434268086468,-72.10480193080103,-7.5,57231,195.09290378792724,1.0,0.7195277053252107,678.007080078125
legacy NEMA1e9,440_ComptonOnly,300,internal_background,10263.810546875,52.2067985534668,117.66434268086468,-72.10480193080103,-7.5,57231,195.09290378792724,1.0,0.6328590730847812,568.9476928710938
legacy NEMA1e9,440_ComptonOnly,300,axial_ends,207286.484375,1054.3612060546875,102.27463389889034,140.76895702124085,58.5,130335,4.541240707819889,0.02307665729309297,0.10706765003886304,22960.96484375
legacy NEMA1e9,440_ComptonOnly,300,lateral_edge,207286.484375,1054.3612060546875,102.27463389889034,140.76895702124085,58.5,130335,4.541240707819889,0.02307665729309297,0.10638621824309348,28582.306640625
legacy NEMA1e9,440_ComptonOnly,350,full,252968.765625,1286.7237548828125,102.27463389889034,140.76895702124085,58.5,130335,4.541240707819889,0.02307665729309297,1.0,6023.34130859375
legacy NEMA1e9,440_ComptonOnly,350,internal_core,11141.6103515625,56.67171859741211,117.66434268086468,-72.10480193080103,-7.5,57231,195.09290378792724,1.0,0.7265550766392048,732.0328979492188
legacy NEMA1e9,440_ComptonOnly,350,internal_background,11141.6103515625,56.67171859741211,117.66434268086468,-72.10480193080103,-7.5,57231,195.09290378792724,1.0,0.6401372962277614,618.4467163085938
legacy NEMA1e9,440_ComptonOnly,350,axial_ends,252968.765625,1286.7237548828125,102.27463389889034,140.76895702124085,58.5,130335,4.541240707819889,0.02307665729309297,0.10641468649631677,27651.009765625
legacy NEMA1e9,440_ComptonOnly,350,lateral_edge,252968.765625,1286.7237548828125,102.27463389889034,140.76895702124085,58.5,130335,4.541240707819889,0.02307665729309297,0.10626678818946333,35009.70703125
legacy NEMA1e9,440_ComptonOnly,400,full,300109.125,1526.5029296875,102.27463389889029,-140.76895702124088,-58.5,1666,4.541240707819584,0.02307665729309159,1.0,6496.44091796875
legacy NEMA1e9,440_ComptonOnly,400,internal_core,11821.6748046875,60.130863189697266,117.66434268086468,-72.10480193080103,-7.5,57231,195.09290378792724,1.0,0.7312764833074389,776.9794921875
legacy NEMA1e9,440_ComptonOnly,400,internal_background,11821.6748046875,60.130863189697266,117.66434268086468,-72.10480193080103,-7.5,57231,195.09290378792724,1.0,0.6451275037822477,665.6923828125
legacy NEMA1e9,440_ComptonOnly,400,axial_ends,300109.125,1526.5029296875,102.27463389889029,-140.76895702124088,-58.5,1666,4.541240707819584,0.02307665729309159,0.10585815127492465,31192.5703125
legacy NEMA1e9,440_ComptonOnly,400,lateral_edge,300109.125,1526.5029296875,102.27463389889029,-140.76895702124088,-58.5,1666,4.541240707819584,0.02307665729309159,0.10608307800636566,36360.484375
legacy NEMA1e9,440_ComptonOnly,450,full,349539.71875,1777.9312744140625,102.27463389889029,-140.76895702124088,-58.5,1666,4.541240707819584,0.02307665729309159,1.0,6581.0810546875
legacy NEMA1e9,440_ComptonOnly,450,internal_core,12337.23828125,62.753273010253906,117.66434268086468,-72.10480193080103,-7.5,57231,195.09290378792724,1.0,0.7344460894270389,825.3302612304688
legacy NEMA1e9,440_ComptonOnly,450,internal_background,12337.23828125,62.753273010253906,117.66434268086468,-72.10480193080103,-7.5,57231,195.09290378792724,1.0,0.6485776437531074,712.7969970703125
legacy NEMA1e9,440_ComptonOnly,450,axial_ends,349539.71875,1777.9312744140625,102.27463389889029,-140.76895702124088,-58.5,1666,4.541240707819584,0.02307665729309159,0.10534993731561096,33872.11328125
legacy NEMA1e9,440_ComptonOnly,450,lateral_edge,349539.71875,1777.9312744140625,102.27463389889029,-140.76895702124088,-58.5,1666,4.541240707819584,0.02307665729309159,0.10588151526322194,40684.875
legacy NEMA1e9,440_ComptonOnly,500,full,401523.71875,2042.3475341796875,-102.2746338988903,140.76895702124085,-58.5,1616,4.5412407078196795,0.023076657293092075,1.0,6443.947265625
legacy NEMA1e9,440_ComptonOnly,500,internal_core,12719.51171875,64.69770050048828,117.66434268086468,-72.10480193080103,-7.5,57231,195.09290378792724,1.0,0.7365509836572198,872.3450317382812
legacy NEMA1e9,440_ComptonOnly,500,internal_background,12719.51171875,64.69770050048828,117.66434268086468,-72.10480193080103,-7.5,57231,195.09290378792724,1.0,0.650968737429243,764.5772705078125
legacy NEMA1e9,440_ComptonOnly,500,axial_ends,401523.71875,2042.3475341796875,-102.2746338988903,140.76895702124085,-58.5,1616,4.5412407078196795,0.023076657293092075,0.10487046256034745,38365.78515625
legacy NEMA1e9,440_ComptonOnly,500,lateral_edge,401523.71875,2042.3475341796875,-102.2746338988903,140.76895702124085,-58.5,1616,4.5412407078196795,0.023076657293092075,0.1056842332769116,46221.53515625
legacy NEMA1e9,440_ComptonOnly,550,full,456604.03125,2322.51318359375,-102.2746338988903,140.76895702124085,-58.5,1616,4.5412407078196795,0.023076657293092075,1.0,6215.58544921875
legacy NEMA1e9,440_ComptonOnly,550,internal_core,12995.9169921875,66.1036376953125,117.66434268086468,-72.10480193080103,-7.5,57231,195.09290378792724,1.0,0.7379178649616849,926.73291015625
legacy NEMA1e9,440_ComptonOnly,550,internal_background,12995.9169921875,66.1036376953125,117.66434268086468,-72.10480193080103,-7.5,57231,195.09290378792724,1.0,0.6526212647722974,811.7958374023438
legacy NEMA1e9,440_ComptonOnly,550,axial_ends,456604.03125,2322.51318359375,-102.2746338988903,140.76895702124085,-58.5,1616,4.5412407078196795,0.023076657293092075,0.10441467462396746,43807.12109375
legacy NEMA1e9,440_ComptonOnly,550,lateral_edge,456604.03125,2322.51318359375,-102.2746338988903,140.76895702124085,-58.5,1616,4.5412407078196795,0.023076657293092075,0.10550090610070409,51262.5546875
legacy NEMA1e9,440_ComptonOnly,600,full,505018.75,2568.774169921875,-102.2746338988903,140.76895702124085,-58.5,1616,4.5412407078196795,0.023076657293092075,1.0,6224.6767578125
legacy NEMA1e9,440_ComptonOnly,600,internal_core,13189.423828125,67.08790588378906,117.66434268086468,-72.10480193080103,-7.5,57231,195.09290378792724,1.0,0.7387722020791733,977.6874389648438
legacy NEMA1e9,440_ComptonOnly,600,internal_background,13189.423828125,67.08790588378906,117.66434268086468,-72.10480193080103,-7.5,57231,195.09290378792724,1.0,0.6537542717204065,869.72119140625
legacy NEMA1e9,440_ComptonOnly,600,axial_ends,505018.75,2568.774169921875,-102.2746338988903,140.76895702124085,-58.5,1616,4.5412407078196795,0.023076657293092075,0.1039839880926252,47177.6953125
legacy NEMA1e9,440_ComptonOnly,600,lateral_edge,505018.75,2568.774169921875,-102.2746338988903,140.76895702124085,-58.5,1616,4.5412407078196795,0.023076657293092075,0.10533433461119898,58041.53515625
legacy NEMA1e9,440_ComptonOnly,650,full,546622.0,2780.388916015625,-102.2746338988903,140.76895702124085,-58.5,1616,4.5412407078196795,0.023076657293092075,1.0,5907.6552734375
legacy NEMA1e9,440_ComptonOnly,650,internal_core,13318.517578125,67.74454498291016,117.66434268086468,-72.10480193080103,-7.5,57231,195.09290378792724,1.0,0.739272293494738,1024.7412109375
legacy NEMA1e9,440_ComptonOnly,650,internal_background,13318.517578125,67.74454498291016,117.66434268086468,-72.10480193080103,-7.5,57231,195.09290378792724,1.0,0.6545198240857206,917.6149291992188
legacy NEMA1e9,440_ComptonOnly,650,axial_ends,546622.0,2780.388916015625,-102.2746338988903,140.76895702124085,-58.5,1616,4.5412407078196795,0.023076657293092075,0.10358151223456417,48515.2890625
legacy NEMA1e9,440_ComptonOnly,650,lateral_edge,546622.0,2780.388916015625,-102.2746338988903,140.76895702124085,-58.5,1616,4.5412407078196795,0.023076657293092075,0.10518377925923424,61095.5234375
legacy NEMA1e9,440_ComptonOnly,700,full,581810.1875,2959.373291015625,-102.2746338988903,140.76895702124085,-58.5,1616,4.5412407078196795,0.023076657293092075,1.0,6080.2802734375
legacy NEMA1e9,440_ComptonOnly,700,internal_core,13397.6201171875,68.14689636230469,117.66434268086468,-72.10480193080103,-7.5,57231,195.09290378792724,1.0,0.7395301004462064,1068.5430908203125
legacy NEMA1e9,440_ComptonOnly,700,internal_background,13397.6201171875,68.14689636230469,117.66434268086468,-72.10480193080103,-7.5,57231,195.09290378792724,1.0,0.655024391146555,971.01708984375
legacy NEMA1e9,440_ComptonOnly,700,axial_ends,581810.1875,2959.373291015625,-102.2746338988903,140.76895702124085,-58.5,1616,4.5412407078196795,0.023076657293092075,0.10320962484118756,50723.31640625
legacy NEMA1e9,440_ComptonOnly,700,lateral_edge,581810.1875,2959.373291015625,-102.2746338988903,140.76895702124085,-58.5,1616,4.5412407078196795,0.023076657293092075,0.10504709909838587,64365.94921875
legacy NEMA1e9,440_ComptonOnly,750,full,611251.625,3109.126953125,-102.2746338988903,140.76895702124085,-58.5,1616,4.5412407078196795,0.023076657293092075,1.0,6227.34619140625
legacy NEMA1e9,440_ComptonOnly,750,internal_core,13437.7841796875,68.35118865966797,117.66434268086468,-72.10480193080103,-7.5,57231,195.09290378792724,1.0,0.7396248269633859,1128.3531494140625
legacy NEMA1e9,440_ComptonOnly,750,internal_background,13437.7841796875,68.35118865966797,117.66434268086468,-72.10480193080103,-7.5,57231,195.09290378792724,1.0,0.6553428390413013,1020.5743408203125
legacy NEMA1e9,440_ComptonOnly,750,axial_ends,611251.625,3109.126953125,-102.2746338988903,140.76895702124085,-58.5,1616,4.5412407078196795,0.023076657293092075,0.10286915259388568,56093.08203125
legacy NEMA1e9,440_ComptonOnly,750,lateral_edge,611251.625,3109.126953125,-102.2746338988903,140.76895702124085,-58.5,1616,4.5412407078196795,0.023076657293092075,0.10492202702665758,67438.1953125
legacy NEMA1e9,440_ComptonOnly,800,full,635707.125,3233.519775390625,-102.2746338988903,140.76895702124085,-58.5,1616,4.5412407078196795,0.023076657293092075,1.0,6050.81787109375
legacy NEMA1e9,440_ComptonOnly,800,internal_core,13447.4482421875,68.40034484863281,117.66434268086468,-72.10480193080103,-7.5,57231,195.09290378792724,1.0,0.7396123741139297,1174.5985107421875
legacy NEMA1e9,440_ComptonOnly,800,internal_background,13447.4482421875,68.40034484863281,117.66434268086468,-72.10480193080103,-7.5,57231,195.09290378792724,1.0,0.6555280247175093,1070.783203125
legacy NEMA1e9,440_ComptonOnly,800,axial_ends,635707.125,3233.519775390625,-102.2746338988903,140.76895702124085,-58.5,1616,4.5412407078196795,0.023076657293092075,0.10255942605609261,60784.5625
legacy NEMA1e9,440_ComptonOnly,800,lateral_edge,635707.125,3233.519775390625,-102.2746338988903,140.76895702124085,-58.5,1616,4.5412407078196795,0.023076657293092075,0.10480677609096145,67524.3125
legacy NEMA1e9,440_ComptonOnly,850,full,655925.75,3336.361572265625,-102.2746338988903,140.76895702124085,-58.5,1616,4.5412407078196795,0.023076657293092075,1.0,6163.62451171875
legacy NEMA1e9,440_ComptonOnly,850,internal_core,13433.1123046875,68.32743072509766,117.66434268086468,-72.10480193080103,-7.5,57231,195.09290378792724,1.0,0.7395320651482326,1226.6773681640625
legacy NEMA1e9,440_ComptonOnly,850,internal_background,13433.1123046875,68.32743072509766,117.66434268086468,-72.10480193080103,-7.5,57231,195.09290378792724,1.0,0.655617460026767,1125.714111328125
legacy NEMA1e9,440_ComptonOnly,850,axial_ends,655925.75,3336.361572265625,-102.2746338988903,140.76895702124085,-58.5,1616,4.5412407078196795,0.023076657293092075,0.10227872773706197,59492.83984375
legacy NEMA1e9,440_ComptonOnly,850,lateral_edge,655925.75,3336.361572265625,-102.2746338988903,140.76895702124085,-58.5,1616,4.5412407078196795,0.023076657293092075,0.10470023868618258,69429.125
legacy NEMA1e9,440_ComptonOnly,900,full,672594.25,3421.145751953125,-102.2746338988903,140.76895702124085,-58.5,1616,4.5412407078196795,0.023076657293092075,1.0,6348.138671875
legacy NEMA1e9,440_ComptonOnly,900,internal_core,13399.8994140625,68.15849304199219,117.66434268086468,-72.10480193080103,-7.5,57231,195.09290378792724,1.0,0.7394114888117823,1274.0426025390625
legacy NEMA1e9,440_ComptonOnly,900,internal_background,13399.8994140625,68.15849304199219,117.66434268086468,-72.10480193080103,-7.5,57231,195.09290378792724,1.0,0.6556379397501378,1185.686279296875
legacy NEMA1e9,440_ComptonOnly,900,axial_ends,672594.25,3421.145751953125,-102.2746338988903,140.76895702124085,-58.5,1616,4.5412407078196795,0.023076657293092075,0.10202474975712174,57894.91015625
legacy NEMA1e9,440_ComptonOnly,900,lateral_edge,672594.25,3421.145751953125,-102.2746338988903,140.76895702124085,-58.5,1616,4.5412407078196795,0.023076657293092075,0.10460187236225356,75751.3984375
legacy NEMA1e9,440_ComptonOnly,950,full,686317.75,3490.9501953125,-102.2746338988903,140.76895702124085,-58.5,1616,4.5412407078196795,0.023076657293092075,1.0,6502.90673828125
legacy NEMA1e9,440_ComptonOnly,950,internal_core,13351.8798828125,67.91423797607422,117.66434268086468,-72.10480193080103,-7.5,57231,195.09290378792724,1.0,0.7392699355869164,1324.053466796875
legacy NEMA1e9,440_ComptonOnly,950,internal_background,13351.8798828125,67.91423797607422,117.66434268086468,-72.10480193080103,-7.5,57231,195.09290378792724,1.0,0.6556087380798362,1257.57666015625
legacy NEMA1e9,440_ComptonOnly,950,axial_ends,686317.75,3490.9501953125,-102.2746338988903,140.76895702124085,-58.5,1616,4.5412407078196795,0.023076657293092075,0.10179502864416912,57017.66015625
legacy NEMA1e9,440_ComptonOnly,950,lateral_edge,686317.75,3490.9501953125,-102.2746338988903,140.76895702124085,-58.5,1616,4.5412407078196795,0.023076657293092075,0.10451153971482612,78172.546875
legacy NEMA1e9,440_ComptonOnly,1000,full,697615.625,3548.416748046875,-102.2746338988903,140.76895702124085,-58.5,1616,4.5412407078196795,0.023076657293092075,1.0,6390.67236328125
legacy NEMA1e9,440_ComptonOnly,1000,internal_core,13292.361328125,67.61149597167969,117.66434268086468,-72.10480193080103,-7.5,57231,195.09290378792724,1.0,0.739120833816054,1372.41064453125
legacy NEMA1e9,440_ComptonOnly,1000,internal_background,13292.361328125,67.61149597167969,117.66434268086468,-72.10480193080103,-7.5,57231,195.09290378792724,1.0,0.6555438061550141,1325.8570556640625
legacy NEMA1e9,440_ComptonOnly,1000,axial_ends,697615.625,3548.416748046875,-102.2746338988903,140.76895702124085,-58.5,1616,4.5412407078196795,0.023076657293092075,0.10158718630760318,58544.66796875
legacy NEMA1e9,440_ComptonOnly,1000,lateral_edge,697615.625,3548.416748046875,-102.2746338988903,140.76895702124085,-58.5,1616,4.5412407078196795,0.023076657293092075,0.10442925371084252,82049.125
legacy NEMA1e9,440_ComptonOnly,1050,full,706926.0625,3595.774169921875,-102.2746338988903,140.76895702124085,-58.5,1616,4.5412407078196795,0.023076657293092075,1.0,6345.12255859375
legacy NEMA1e9,440_ComptonOnly,1050,internal_core,13224.0751953125,67.26416015625,117.66434268086468,-72.10480193080103,-7.5,57231,195.09290378792724,1.0,0.7389734052987837,1424.57763671875
legacy NEMA1e9,440_ComptonOnly,1050,internal_background,13224.0751953125,67.26416015625,117.66434268086468,-72.10480193080103,-7.5,57231,195.09290378792724,1.0,0.6554532317406886,1394.317626953125
legacy NEMA1e9,440_ComptonOnly,1050,axial_ends,706926.0625,3595.774169921875,-102.2746338988903,140.76895702124085,-58.5,1616,4.5412407078196795,0.023076657293092075,0.1013990986111555,59969.125
legacy NEMA1e9,440_ComptonOnly,1050,lateral_edge,706926.0625,3595.774169921875,-102.2746338988903,140.76895702124085,-58.5,1616,4.5412407078196795,0.023076657293092075,0.10435505277234201,86652.5234375
legacy NEMA1e9,440_ComptonOnly,1100,full,714612.75,3634.87255859375,-102.2746338988903,140.76895702124085,-58.5,1616,4.5412407078196795,0.023076657293092075,1.0,6140.52734375
legacy NEMA1e9,440_ComptonOnly,1100,internal_core,13149.2255859375,66.88343811035156,117.66434268086468,-72.10480193080103,-7.5,57231,195.09290378792724,1.0,0.7388338559176613,1492.690185546875
legacy NEMA1e9,440_ComptonOnly,1100,internal_background,13149.2255859375,66.88343811035156,117.66434268086468,-72.10480193080103,-7.5,57231,195.09290378792724,1.0,0.6553442839267751,1467.1893310546875
legacy NEMA1e9,440_ComptonOnly,1100,axial_ends,714612.75,3634.87255859375,-102.2746338988903,140.76895702124085,-58.5,1616,4.5412407078196795,0.023076657293092075,0.10122891457102799,61298.53125
legacy NEMA1e9,440_ComptonOnly,1100,lateral_edge,714612.75,3634.87255859375,-102.2746338988903,140.76895702124085,-58.5,1616,4.5412407078196795,0.023076657293092075,0.10428885812018684,90783.953125
legacy NEMA1e9,440_ComptonOnly,1150,full,720975.875,3667.238525390625,-102.2746338988903,140.76895702124085,-58.5,1616,4.5412407078196795,0.023076657293092075,1.0,6284.5068359375
legacy NEMA1e9,440_ComptonOnly,1150,internal_core,13069.6572265625,66.47871398925781,117.66434268086468,-72.10480193080103,-7.5,57231,195.09290378792724,1.0,0.7387062421626837,1569.0224609375
legacy NEMA1e9,440_ComptonOnly,1150,internal_background,13069.6572265625,66.47871398925781,117.66434268086468,-72.10480193080103,-7.5,57231,195.09290378792724,1.0,0.655222180243258,1563.6788330078125
legacy NEMA1e9,440_ComptonOnly,1150,axial_ends,720975.875,3667.238525390625,-102.2746338988903,140.76895702124085,-58.5,1616,4.5412407078196795,0.023076657293092075,0.10107504828624318,62540.2421875
legacy NEMA1e9,440_ComptonOnly,1150,lateral_edge,720975.875,3667.238525390625,-102.2746338988903,140.76895702124085,-58.5,1616,4.5412407078196795,0.023076657293092075,0.10423045547234647,94553.9453125
legacy NEMA1e9,440_ComptonOnly,1200,full,726259.5625,3694.114013671875,-102.2746338988903,140.76895702124085,-58.5,1616,4.5412407078196795,0.023076657293092075,1.0,6424.0146484375
legacy NEMA1e9,440_ComptonOnly,1200,internal_core,12986.8916015625,66.05773162841797,117.66434268086468,-72.10480193080103,-7.5,57231,195.09290378792724,1.0,0.7385930270776178,1633.1387939453125
legacy NEMA1e9,440_ComptonOnly,1200,internal_background,12986.8916015625,66.05773162841797,117.66434268086468,-72.10480193080103,-7.5,57231,195.09290378792724,1.0,0.6550905860437171,1640.244140625
legacy NEMA1e9,440_ComptonOnly,1200,axial_ends,726259.5625,3694.114013671875,-102.2746338988903,140.76895702124085,-58.5,1616,4.5412407078196795,0.023076657293092075,0.10093616270093156,63701.63671875
legacy NEMA1e9,440_ComptonOnly,1200,lateral_edge,726259.5625,3694.114013671875,-102.2746338988903,140.76895702124085,-58.5,1616,4.5412407078196795,0.023076657293092075,0.10417950417419299,97822.0703125
legacy NEMA1e9,440_ComptonOnly,1250,full,730661.4375,3716.504150390625,-102.2746338988903,140.76895702124085,-58.5,1616,4.5412407078196795,0.023076657293092075,1.0,6603.685546875
legacy NEMA1e9,440_ComptonOnly,1250,internal_core,12902.1689453125,65.62678527832031,117.66434268086468,-72.10480193080103,-7.5,57231,195.09290378792724,1.0,0.7384955284975273,1710.2445068359375
legacy NEMA1e9,440_ComptonOnly,1250,internal_background,12902.1689453125,65.62678527832031,117.66434268086468,-72.10480193080103,-7.5,57231,195.09290378792724,1.0,0.6549520227524454,1718.0179443359375
legacy NEMA1e9,440_ComptonOnly,1250,axial_ends,730661.4375,3716.504150390625,-102.2746338988903,140.76895702124085,-58.5,1616,4.5412407078196795,0.023076657293092075,0.10081109885946216,64789.9375
legacy NEMA1e9,440_ComptonOnly,1250,lateral_edge,730661.4375,3716.504150390625,-102.2746338988903,140.76895702124085,-58.5,1616,4.5412407078196795,0.023076657293092075,0.10413554405911914,95864.1015625
legacy NEMA1e9,440_ComptonOnly,1300,full,734340.8125,3735.21923828125,-102.2746338988903,140.76895702124085,-58.5,1616,4.5412407078196795,0.023076657293092075,1.0,6473.7646484375
legacy NEMA1e9,440_ComptonOnly,1300,internal_core,12816.5244140625,65.19115447998047,117.66434268086468,-72.10480193080103,-7.5,57231,195.09290378792724,1.0,0.7384142120806158,1789.68505859375
legacy NEMA1e9,440_ComptonOnly,1300,internal_background,12816.5244140625,65.19115447998047,117.66434268086468,-72.10480193080103,-7.5,57231,195.09290378792724,1.0,0.6548081578108925,1797.47119140625
legacy NEMA1e9,440_ComptonOnly,1300,axial_ends,734340.8125,3735.21923828125,-102.2746338988903,140.76895702124085,-58.5,1616,4.5412407078196795,0.023076657293092075,0.10069882354395529,65812.21875
legacy NEMA1e9,440_ComptonOnly,1300,lateral_edge,734340.8125,3735.21923828125,-102.2746338988903,140.76895702124085,-58.5,1616,4.5412407078196795,0.023076657293092075,0.10409802154289426,93940.4375
legacy NEMA1e9,440_ComptonOnly,1350,full,737425.9375,3750.91162109375,-102.2746338988903,140.76895702124085,-58.5,1616,4.5412407078196795,0.023076657293092075,1.0,6588.0498046875
legacy NEMA1e9,440_ComptonOnly,1350,internal_core,12730.7802734375,64.75502014160156,117.66434268086468,-72.10480193080103,-7.5,57231,195.09290378792724,1.0,0.7383490143069281,1871.459716796875
legacy NEMA1e9,440_ComptonOnly,1350,internal_background,12730.7802734375,64.75502014160156,117.66434268086468,-72.10480193080103,-7.5,57231,195.09290378792724,1.0,0.654660092539391,1878.58935546875
legacy NEMA1e9,440_ComptonOnly,1350,axial_ends,737425.9375,3750.91162109375,-102.2746338988903,140.76895702124085,-58.5,1616,4.5412407078196795,0.023076657293092075,0.10059841945193043,66775.234375
legacy NEMA1e9,440_ComptonOnly,1350,lateral_edge,737425.9375,3750.91162109375,-102.2746338988903,140.76895702124085,-58.5,1616,4.5412407078196795,0.023076657293092075,0.10406634477336878,92055.109375
legacy NEMA1e9,440_ComptonOnly,1400,full,740019.125,3764.101806640625,-102.2746338988903,140.76895702124085,-58.5,1616,4.5412407078196795,0.023076657293092075,1.0,6696.86572265625
legacy NEMA1e9,440_ComptonOnly,1400,internal_core,12645.611328125,64.32180786132812,117.66434268086468,-72.10480193080103,-7.5,57231,195.09290378792724,1.0,0.7382994297858331,1956.077880859375
legacy NEMA1e9,440_ComptonOnly,1400,internal_background,12645.611328125,64.32180786132812,117.66434268086468,-72.10480193080103,-7.5,57231,195.09290378792724,1.0,0.6545084702643367,1961.3509521484375
legacy NEMA1e9,440_ComptonOnly,1400,axial_ends,740019.125,3764.101806640625,-102.2746338988903,140.76895702124085,-58.5,1616,4.5412407078196795,0.023076657293092075,0.10050904704432906,68057.1953125
legacy NEMA1e9,440_ComptonOnly,1400,lateral_edge,740019.125,3764.101806640625,-102.2746338988903,140.76895702124085,-58.5,1616,4.5412407078196795,0.023076657293092075,0.10403990549299952,90210.828125
legacy NEMA1e9,440_ComptonOnly,1450,full,742204.1875,3775.21630859375,-102.2746338988903,140.76895702124085,-58.5,1616,4.5412407078196795,0.023076657293092075,1.0,6672.021484375
legacy NEMA1e9,440_ComptonOnly,1450,internal_core,12561.5703125,63.89433670043945,117.66434268086468,-72.10480193080103,-7.5,57231,195.09290378792724,1.0,0.7382647009382731,2044.5296630859375
legacy NEMA1e9,440_ComptonOnly,1450,internal_background,12561.5703125,63.89433670043945,117.66434268086468,-72.10480193080103,-7.5,57231,195.09290378792724,1.0,0.6543536520997635,2045.737060546875
legacy NEMA1e9,440_ComptonOnly,1450,axial_ends,742204.1875,3775.21630859375,-102.2746338988903,140.76895702124085,-58.5,1616,4.5412407078196795,0.023076657293092075,0.1004299159703805,69647.375
legacy NEMA1e9,440_ComptonOnly,1450,lateral_edge,742204.1875,3775.21630859375,-102.2746338988903,140.76895702124085,-58.5,1616,4.5412407078196795,0.023076657293092075,0.10401808868712865,90737.6171875
legacy NEMA1e9,440_ComptonOnly,1500,full,744047.3125,3784.59130859375,-102.2746338988903,140.76895702124085,-58.5,1616,4.5412407078196795,0.023076657293092075,1.0,6728.6513671875
legacy NEMA1e9,440_ComptonOnly,1500,internal_core,12479.0888671875,63.474796295166016,117.66434268086468,-72.10480193080103,-7.5,57231,195.09290378792724,1.0,0.7382438992321312,2124.71337890625
legacy NEMA1e9,440_ComptonOnly,1500,internal_background,12479.0888671875,63.474796295166016,117.66434268086468,-72.10480193080103,-7.5,57231,195.09290378792724,1.0,0.654195805630067,2135.2353515625
legacy NEMA1e9,440_ComptonOnly,1500,axial_ends,744047.3125,3784.59130859375,-102.2746338988903,140.76895702124085,-58.5,1616,4.5412407078196795,0.023076657293092075,0.10036029049415097,71123.953125
legacy NEMA1e9,440_ComptonOnly,1500,lateral_edge,744047.3125,3784.59130859375,-102.2746338988903,140.76895702124085,-58.5,1616,4.5412407078196795,0.023076657293092075,0.10400031250028738,91387.265625
legacy NEMA1e9,440_ComptonOnly,1550,full,745604.0,3792.50927734375,-102.2746338988903,140.76895702124085,-58.5,1616,4.5412407078196795,0.023076657293092075,1.0,6853.732421875
legacy NEMA1e9,440_ComptonOnly,1550,internal_core,12398.513671875,63.06494903564453,117.66434268086468,-72.10480193080103,-7.5,57231,195.09290378792724,1.0,0.7382360184298434,2208.7177734375
legacy NEMA1e9,440_ComptonOnly,1550,internal_background,12398.513671875,63.06494903564453,117.66434268086468,-72.10480193080103,-7.5,57231,195.09290378792724,1.0,0.654034991526997,2229.1884765625
legacy NEMA1e9,440_ComptonOnly,1550,axial_ends,745604.0,3792.50927734375,-102.2746338988903,140.76895702124085,-58.5,1616,4.5412407078196795,0.023076657293092075,0.10029947105597808,72065.734375
legacy NEMA1e9,440_ComptonOnly,1550,lateral_edge,745604.0,3792.50927734375,-102.2746338988903,140.76895702124085,-58.5,1616,4.5412407078196795,0.023076657293092075,0.1039860304342266,91967.703125
legacy NEMA1e9,440_ComptonOnly,1600,full,746919.0625,3799.198486328125,-102.2746338988903,140.76895702124085,-58.5,1616,4.5412407078196795,0.023076657293092075,1.0,6847.3564453125
legacy NEMA1e9,440_ComptonOnly,1600,internal_core,12320.138671875,62.66629409790039,117.66434268086468,-72.10480193080103,-7.5,57231,195.09290378792724,1.0,0.7382400058979676,2293.929931640625
legacy NEMA1e9,440_ComptonOnly,1600,internal_background,12320.138671875,62.66629409790039,117.66434268086468,-72.10480193080103,-7.5,57231,195.09290378792724,1.0,0.6538711899893048,2323.03857421875
legacy NEMA1e9,440_ComptonOnly,1600,axial_ends,746919.0625,3799.198486328125,-102.2746338988903,140.76895702124085,-58.5,1616,4.5412407078196795,0.023076657293092075,0.1002467890944794,71963.359375
legacy NEMA1e9,440_ComptonOnly,1600,lateral_edge,746919.0625,3799.198486328125,-102.2746338988903,140.76895702124085,-58.5,1616,4.5412407078196795,0.023076657293092075,0.1039747232970159,92486.6875
legacy NEMA1e9,440_ComptonOnly,1650,full,748028.9375,3804.84375,-102.2746338988903,140.76895702124085,-58.5,1616,4.5412407078196795,0.023076657293092075,1.0,6899.20947265625
legacy NEMA1e9,440_ComptonOnly,1650,internal_core,12244.150390625,62.279781341552734,117.66434268086468,-72.10480193080103,-7.5,57231,195.09290378792724,1.0,0.7382548215365934,2372.13525390625
legacy NEMA1e9,440_ComptonOnly,1650,internal_background,12244.150390625,62.279781341552734,117.66434268086468,-72.10480193080103,-7.5,57231,195.09290378792724,1.0,0.6537043731359568,2420.03125
legacy NEMA1e9,440_ComptonOnly,1650,axial_ends,748028.9375,3804.84375,-102.2746338988903,140.76895702124085,-58.5,1616,4.5412407078196795,0.023076657293092075,0.10020160943143114,71808.8125
legacy NEMA1e9,440_ComptonOnly,1650,lateral_edge,748028.9375,3804.84375,-102.2746338988903,140.76895702124085,-58.5,1616,4.5412407078196795,0.023076657293092075,0.10396593426044416,93723.1015625
legacy NEMA1e9,440_ComptonOnly,1700,full,748964.5,3809.6025390625,-102.2746338988903,140.76895702124085,-58.5,1616,4.5412407078196795,0.023076657293092075,1.0,6790.95556640625
legacy NEMA1e9,440_ComptonOnly,1700,internal_core,12170.73046875,61.906333923339844,117.66434268086468,-72.10480193080103,-7.5,57231,195.09290378792724,1.0,0.7382794493752627,2450.20263671875
legacy NEMA1e9,440_ComptonOnly,1700,internal_background,12170.73046875,61.906333923339844,117.66434268086468,-72.10480193080103,-7.5,57231,195.09290378792724,1.0,0.6535345019691605,2519.044921875
legacy NEMA1e9,440_ComptonOnly,1700,axial_ends,748964.5,3809.6025390625,-102.2746338988903,140.76895702124085,-58.5,1616,4.5412407078196795,0.023076657293092075,0.10016332844253066,71604.125
legacy NEMA1e9,440_ComptonOnly,1700,lateral_edge,748964.5,3809.6025390625,-102.2746338988903,140.76895702124085,-58.5,1616,4.5412407078196795,0.023076657293092075,0.10395924535784773,94954.4140625
legacy NEMA1e9,440_ComptonOnly,1750,full,749752.3125,3813.609619140625,-102.2746338988903,140.76895702124085,-58.5,1616,4.5412407078196795,0.023076657293092075,1.0,6783.72900390625
legacy NEMA1e9,440_ComptonOnly,1750,internal_core,12099.98046875,61.54646301269531,117.66434268086468,-72.10480193080103,-7.5,57231,195.09290378792724,1.0,0.7383129140822173,2549.486572265625
legacy NEMA1e9,440_ComptonOnly,1750,internal_background,12099.98046875,61.54646301269531,117.66434268086468,-72.10480193080103,-7.5,57231,195.09290378792724,1.0,0.6533615425987404,2618.623291015625
legacy NEMA1e9,440_ComptonOnly,1750,axial_ends,749752.3125,3813.609619140625,-102.2746338988903,140.76895702124085,-58.5,1616,4.5412407078196795,0.023076657293092075,0.10013138466028103,71352.1015625
legacy NEMA1e9,440_ComptonOnly,1750,lateral_edge,749752.3125,3813.609619140625,-102.2746338988903,140.76895702124085,-58.5,1616,4.5412407078196795,0.023076657293092075,0.10395429575179162,96159.6015625
legacy NEMA1e9,440_ComptonOnly,1800,full,750414.1875,3816.976318359375,-102.2746338988903,140.76895702124085,-58.5,1616,4.5412407078196795,0.023076657293092075,1.0,6711.85009765625
legacy NEMA1e9,440_ComptonOnly,1800,internal_core,12031.9765625,61.2005615234375,117.66434268086468,-72.10480193080103,-7.5,57231,195.09290378792724,1.0,0.7383543333392919,2651.01025390625
legacy NEMA1e9,440_ComptonOnly,1800,internal_background,12031.9765625,61.2005615234375,117.66434268086468,-72.10480193080103,-7.5,57231,195.09290378792724,1.0,0.6531855182006024,2721.7109375
legacy NEMA1e9,440_ComptonOnly,1800,axial_ends,750414.1875,3816.976318359375,-102.2746338988903,140.76895702124085,-58.5,1616,4.5412407078196795,0.023076657293092075,0.10010522964808093,71055.8046875
legacy NEMA1e9,440_ComptonOnly,1800,lateral_edge,750414.1875,3816.976318359375,-102.2746338988903,140.76895702124085,-58.5,1616,4.5412407078196795,0.023076657293092075,0.10395074982467378,97340.0078125
legacy NEMA1e9,440_ComptonOnly,1850,full,750968.375,3819.795166015625,-102.2746338988903,140.76895702124085,-58.5,1616,4.5412407078196795,0.023076657293092075,1.0,6766.13720703125
legacy NEMA1e9,440_ComptonOnly,1850,internal_core,11966.783203125,60.86895751953125,117.66434268086468,-72.10480193080103,-7.5,57231,195.09290378792724,1.0,0.7384028572458105,2744.154052734375
legacy NEMA1e9,440_ComptonOnly,1850,internal_background,11966.783203125,60.86895751953125,117.66434268086468,-72.10480193080103,-7.5,57231,195.09290378792724,1.0,0.6530064578522333,2834.568359375
legacy NEMA1e9,440_ComptonOnly,1850,axial_ends,750968.375,3819.795166015625,-102.2746338988903,140.76895702124085,-58.5,1616,4.5412407078196795,0.023076657293092075,0.10008436937487396,70718.8046875
legacy NEMA1e9,440_ComptonOnly,1850,lateral_edge,750968.375,3819.795166015625,-102.2746338988903,140.76895702124085,-58.5,1616,4.5412407078196795,0.023076657293092075,0.10394833468675828,98496.8828125
legacy NEMA1e9,440_ComptonOnly,1900,full,751430.4375,3822.1455078125,-102.2746338988903,140.76895702124085,-58.5,1616,4.5412407078196795,0.023076657293092075,1.0,6755.66064453125
legacy NEMA1e9,440_ComptonOnly,1900,internal_core,11904.4052734375,60.55167007446289,117.66434268086468,-72.10480193080103,-7.5,57231,195.09290378792724,1.0,0.738457689010782,2836.0810546875
legacy NEMA1e9,440_ComptonOnly,1900,internal_background,11904.4052734375,60.55167007446289,117.66434268086468,-72.10480193080103,-7.5,57231,195.09290378792724,1.0,0.652824401749084,2935.43994140625
legacy NEMA1e9,440_ComptonOnly,1900,axial_ends,751430.4375,3822.1455078125,-102.2746338988903,140.76895702124085,-58.5,1616,4.5412407078196795,0.023076657293092075,0.10006831755180394,70344.765625
legacy NEMA1e9,440_ComptonOnly,1900,lateral_edge,751430.4375,3822.1455078125,-102.2746338988903,140.76895702124085,-58.5,1616,4.5412407078196795,0.023076657293092075,0.1039467964428099,99631.53125
legacy NEMA1e9,440_ComptonOnly,1950,full,751815.0,3824.1015625,-102.2746338988903,140.76895702124085,-58.5,1616,4.5412407078196795,0.023076657293092075,1.0,6335.62451171875
legacy NEMA1e9,440_ComptonOnly,1950,internal_core,11844.845703125,60.248722076416016,117.66434268086468,-72.10480193080103,-7.5,57231,195.09290378792724,1.0,0.7385181683558268,2928.286865234375
legacy NEMA1e9,440_ComptonOnly,1950,internal_background,11844.845703125,60.248722076416016,117.66434268086468,-72.10480193080103,-7.5,57231,195.09290378792724,1.0,0.6526394835580567,3036.94091796875
legacy NEMA1e9,440_ComptonOnly,1950,axial_ends,751815.0,3824.1015625,-102.2746338988903,140.76895702124085,-58.5,1616,4.5412407078196795,0.023076657293092075,0.10005664648094749,69937.3828125
legacy NEMA1e9,440_ComptonOnly,1950,lateral_edge,751815.0,3824.1015625,-102.2746338988903,140.76895702124085,-58.5,1616,4.5412407078196795,0.023076657293092075,0.10394593460641056,100745.0625
legacy NEMA1e9,440_ComptonOnly,2000,full,752132.8125,3825.718017578125,-102.2746338988903,140.76895702124085,-58.5,1616,4.5412407078196795,0.023076657293092075,1.0,6586.6376953125
legacy NEMA1e9,440_ComptonOnly,2000,internal_core,11788.0888671875,59.96002960205078,117.66434268086468,-72.10480193080103,-7.5,57231,195.09290378792724,1.0,0.7385835957323491,3025.680908203125
legacy NEMA1e9,440_ComptonOnly,2000,internal_background,11788.0888671875,59.96002960205078,117.66434268086468,-72.10480193080103,-7.5,57231,195.09290378792724,1.0,0.6524517609960793,3144.870849609375
legacy NEMA1e9,440_ComptonOnly,2000,axial_ends,752132.8125,3825.718017578125,-102.2746338988903,140.76895702124085,-58.5,1616,4.5412407078196795,0.023076657293092075,0.10004894603770914,69490.34375
legacy NEMA1e9,440_ComptonOnly,2000,lateral_edge,752132.8125,3825.718017578125,-102.2746338988903,140.76895702124085,-58.5,1616,4.5412407078196795,0.023076657293092075,0.1039455701891906,101838.5546875
legacy NEMA1e9,440_SinglePlusCompton,50,full,268.19830322265625,1.4646672010421753,-72.74613391789285,41.99999999999999,37.5,106078,158.33626974092513,1.0,1.0,109.33940887451172
legacy NEMA1e9,440_SinglePlusCompton,50,internal_core,216.36322021484375,1.181588888168335,117.66434268086468,-72.10480193080103,-7.5,57231,195.09290378792724,1.0,0.34037999225877374,111.0318603515625
legacy NEMA1e9,440_SinglePlusCompton,50,internal_background,216.36322021484375,1.181588888168335,117.66434268086468,-72.10480193080103,-7.5,57231,195.09290378792724,1.0,0.2562237473213702,109.39629364013672
legacy NEMA1e9,440_SinglePlusCompton,50,axial_ends,123.66258239746094,0.675338089466095,62.65068896405744,-122.95890033799479,46.5,116642,195.09290378792724,1.0,0.21735976694837886,87.95968627929688
legacy NEMA1e9,440_SinglePlusCompton,50,lateral_edge,136.08119201660156,0.7431578040122986,-131.21435293585404,123.218479067164,37.5,107351,199.73511797688184,0.9811367696007349,0.1310197173453279,98.73733520507812
legacy NEMA1e9,440_SinglePlusCompton,100,full,490.64971923828125,2.679504632949829,-72.74613391789285,41.99999999999999,37.5,106078,158.33626974092513,1.0,1.0,156.1291961669922
legacy NEMA1e9,440_SinglePlusCompton,100,internal_core,387.326416015625,2.1152420043945312,117.66434268086468,-72.10480193080103,-7.5,57231,195.09290378792724,1.0,0.3961128543633924,159.62521362304688
legacy NEMA1e9,440_SinglePlusCompton,100,internal_background,387.326416015625,2.1152420043945312,117.66434268086468,-72.10480193080103,-7.5,57231,195.09290378792724,1.0,0.3083522878023939,154.36093139648438
legacy NEMA1e9,440_SinglePlusCompton,100,axial_ends,169.87380981445312,0.927703857421875,62.65068896405744,-122.95890033799479,46.5,116642,195.09290378792724,1.0,0.19214701063679124,83.61177825927734
legacy NEMA1e9,440_SinglePlusCompton,100,lateral_edge,215.5215301513672,1.1769922971725464,-131.21435293585404,123.218479067164,37.5,107351,199.73511797688184,0.9811367696007349,0.106761945886891,90.84745025634766
legacy NEMA1e9,440_SinglePlusCompton,150,full,737.926025390625,4.029913902282715,1.4695761589768238e-15,24.0,28.5,95795,135.71680263507906,1.0,1.0,199.42591857910156
legacy NEMA1e9,440_SinglePlusCompton,150,internal_core,567.5341796875,3.0993809700012207,117.66434268086468,-72.10480193080103,-7.5,57231,195.09290378792724,1.0,0.44033577719230155,205.77381896972656
legacy NEMA1e9,440_SinglePlusCompton,150,internal_background,567.5341796875,3.0993809700012207,117.66434268086468,-72.10480193080103,-7.5,57231,195.09290378792724,1.0,0.3491571418519076,197.51727294921875
legacy NEMA1e9,440_SinglePlusCompton,150,axial_ends,335.59942626953125,1.8327538967132568,-231.3510865670048,-63.84884293600199,58.5,131696,1.9327916160870293,0.00996895082253595,0.17311345823173535,110.29224395751953
legacy NEMA1e9,440_SinglePlusCompton,150,lateral_edge,335.59942626953125,1.8327538967132568,-231.3510865670048,-63.84884293600199,58.5,131696,1.9327916160870293,0.00996895082253595,0.09327809829645048,115.99128723144531
legacy NEMA1e9,440_SinglePlusCompton,200,full,975.614990234375,5.32796573638916,1.4695761589768238e-15,24.0,28.5,95795,135.71680263507906,1.0,1.0,240.1322479248047
legacy NEMA1e9,440_SinglePlusCompton,200,internal_core,752.3939208984375,4.108924865722656,117.66434268086468,-72.10480193080103,-7.5,57231,195.09290378792724,1.0,0.47556818292285025,247.693603515625
legacy NEMA1e9,440_SinglePlusCompton,200,internal_background,752.3939208984375,4.108924865722656,117.66434268086468,-72.10480193080103,-7.5,57231,195.09290378792724,1.0,0.3818108641774196,236.14395141601562
legacy NEMA1e9,440_SinglePlusCompton,200,axial_ends,952.8074340820312,5.2034101486206055,-231.3510865670048,-63.84884293600199,58.5,131696,1.9327916160870293,0.00996895082253595,0.15883187555856004,234.17579650878906
legacy NEMA1e9,440_SinglePlusCompton,200,lateral_edge,952.8074340820312,5.2034101486206055,-231.3510865670048,-63.84884293600199,58.5,131696,1.9327916160870293,0.00996895082253595,0.08627846217207888,265.69195556640625
legacy NEMA1e9,440_SinglePlusCompton,250,full,2130.622802734375,11.635619163513184,-231.3510865670048,-63.84884293600199,58.5,131696,1.9327916160870293,0.00996895082253595,1.0,280.8103942871094
legacy NEMA1e9,440_SinglePlusCompton,250,internal_core,939.9690551757812,5.133298397064209,117.66434268086468,-72.10480193080103,-7.5,57231,195.09290378792724,1.0,0.5040374809805452,284.8460998535156
legacy NEMA1e9,440_SinglePlusCompton,250,internal_background,939.9690551757812,5.133298397064209,117.66434268086468,-72.10480193080103,-7.5,57231,195.09290378792724,1.0,0.40845109440740773,269.31243896484375
legacy NEMA1e9,440_SinglePlusCompton,250,axial_ends,2130.622802734375,11.635619163513184,-231.3510865670048,-63.84884293600199,58.5,131696,1.9327916160870293,0.00996895082253595,0.14804830425549542,437.7176818847656
legacy NEMA1e9,440_SinglePlusCompton,250,lateral_edge,2130.622802734375,11.635619163513184,-231.3510865670048,-63.84884293600199,58.5,131696,1.9327916160870293,0.00996895082253595,0.08303044846636856,479.48297119140625
legacy NEMA1e9,440_SinglePlusCompton,300,full,3931.90771484375,21.472681045532227,-231.3510865670048,-63.84884293600199,58.5,131696,1.9327916160870293,0.00996895082253595,1.0,320.5574035644531
legacy NEMA1e9,440_SinglePlusCompton,300,internal_core,1129.2913818359375,6.167212963104248,117.66434268086468,-72.10480193080103,-7.5,57231,195.09290378792724,1.0,0.5274586900019795,320.2999572753906
legacy NEMA1e9,440_SinglePlusCompton,300,internal_background,1129.2913818359375,6.167212963104248,117.66434268086468,-72.10480193080103,-7.5,57231,195.09290378792724,1.0,0.4306093151754042,296.905029296875
legacy NEMA1e9,440_SinglePlusCompton,300,axial_ends,3931.90771484375,21.472681045532227,-231.3510865670048,-63.84884293600199,58.5,131696,1.9327916160870293,0.00996895082253595,0.13979651677930627,664.2913208007812
legacy NEMA1e9,440_SinglePlusCompton,300,lateral_edge,3931.90771484375,21.472681045532227,-231.3510865670048,-63.84884293600199,58.5,131696,1.9327916160870293,0.00996895082253595,0.08192882185424649,695.8790283203125
legacy NEMA1e9,440_SinglePlusCompton,350,full,6301.0859375,34.41108322143555,-231.3510865670048,-63.84884293600199,58.5,131696,1.9327916160870293,0.00996895082253595,1.0,361.9473571777344
legacy NEMA1e9,440_SinglePlusCompton,350,internal_core,1319.5743408203125,7.206374168395996,117.66434268086468,-72.10480193080103,-7.5,57231,195.09290378792724,1.0,0.5470683490443985,353.7265625
legacy NEMA1e9,440_SinglePlusCompton,350,internal_background,1319.5743408203125,7.206374168395996,117.66434268086468,-72.10480193080103,-7.5,57231,195.09290378792724,1.0,0.449361608175207,320.44769287109375
legacy NEMA1e9,440_SinglePlusCompton,350,axial_ends,6301.0859375,34.41108322143555,-231.3510865670048,-63.84884293600199,58.5,131696,1.9327916160870293,0.00996895082253595,0.1334039099960414,882.6242065429688
legacy NEMA1e9,440_SinglePlusCompton,350,lateral_edge,6301.0859375,34.41108322143555,-231.3510865670048,-63.84884293600199,58.5,131696,1.9327916160870293,0.00996895082253595,0.08207212268263821,1028.2835693359375
legacy NEMA1e9,440_SinglePlusCompton,400,full,9122.287109375,49.81804656982422,-231.3510865670048,-63.84884293600199,58.5,131696,1.9327916160870293,0.00996895082253595,1.0,413.5374755859375
legacy NEMA1e9,440_SinglePlusCompton,400,internal_core,1510.0108642578125,8.246374130249023,117.66434268086468,-72.10480193080103,-7.5,57231,195.09290378792724,1.0,0.5637544464068819,384.3169860839844
legacy NEMA1e9,440_SinglePlusCompton,400,internal_background,1510.0108642578125,8.246374130249023,117.66434268086468,-72.10480193080103,-7.5,57231,195.09290378792724,1.0,0.4654744481279072,340.92974853515625
legacy NEMA1e9,440_SinglePlusCompton,400,axial_ends,9122.287109375,49.81804656982422,-231.3510865670048,-63.84884293600199,58.5,131696,1.9327916160870293,0.00996895082253595,0.12841023451754516,1175.941650390625
legacy NEMA1e9,440_SinglePlusCompton,400,lateral_edge,9122.287109375,49.81804656982422,-231.3510865670048,-63.84884293600199,58.5,131696,1.9327916160870293,0.00996895082253595,0.08294791338576285,1327.7164306640625
legacy NEMA1e9,440_SinglePlusCompton,450,full,12269.0009765625,67.00267791748047,-231.3510865670048,-63.84884293600199,58.5,131696,1.9327916160870293,0.00996895082253595,1.0,458.8084716796875
legacy NEMA1e9,440_SinglePlusCompton,450,internal_core,1699.810791015625,9.282896995544434,117.66434268086468,-72.10480193080103,-7.5,57231,195.09290378792724,1.0,0.578164297119536,413.7777099609375
legacy NEMA1e9,440_SinglePlusCompton,450,internal_background,1699.810791015625,9.282896995544434,117.66434268086468,-72.10480193080103,-7.5,57231,195.09290378792724,1.0,0.4795066104238103,360.61029052734375
legacy NEMA1e9,440_SinglePlusCompton,450,axial_ends,12269.0009765625,67.00267791748047,-231.3510865670048,-63.84884293600199,58.5,131696,1.9327916160870293,0.00996895082253595,0.12448923700158171,1442.6673583984375
legacy NEMA1e9,440_SinglePlusCompton,450,lateral_edge,12269.0009765625,67.00267791748047,-231.3510865670048,-63.84884293600199,58.5,131696,1.9327916160870293,0.00996895082253595,0.08424938970468139,1609.5701904296875
legacy NEMA1e9,440_SinglePlusCompton,500,full,15629.408203125,85.35431671142578,-231.3510865670048,-63.84884293600199,58.5,131696,1.9327916160870293,0.00996895082253595,1.0,553.2064208984375
legacy NEMA1e9,440_SinglePlusCompton,500,internal_core,1888.29345703125,10.312226295471191,117.66434268086468,-72.10480193080103,-7.5,57231,195.09290378792724,1.0,0.5907763031331368,441.5447692871094
legacy NEMA1e9,440_SinglePlusCompton,500,internal_background,1888.29345703125,10.312226295471191,117.66434268086468,-72.10480193080103,-7.5,57231,195.09290378792724,1.0,0.4918728211583882,381.36358642578125
legacy NEMA1e9,440_SinglePlusCompton,500,axial_ends,15629.408203125,85.35431671142578,-231.3510865670048,-63.84884293600199,58.5,131696,1.9327916160870293,0.00996895082253595,0.12139931016470036,1800.2310791015625
legacy NEMA1e9,440_SinglePlusCompton,500,lateral_edge,15629.408203125,85.35431671142578,-231.3510865670048,-63.84884293600199,58.5,131696,1.9327916160870293,0.00996895082253595,0.08578214808553593,1886.762939453125
legacy NEMA1e9,440_SinglePlusCompton,550,full,19114.8671875,104.38887786865234,-231.3510865670048,-63.84884293600199,58.5,131696,1.9327916160870293,0.00996895082253595,1.0,646.4533081054688
legacy NEMA1e9,440_SinglePlusCompton,550,internal_core,2074.9248046875,11.331445693969727,117.66434268086468,-72.10480193080103,-7.5,57231,195.09290378792724,1.0,0.6019472505373461,467.9056396484375
legacy NEMA1e9,440_SinglePlusCompton,550,internal_background,2074.9248046875,11.331445693969727,117.66434268086468,-72.10480193080103,-7.5,57231,195.09290378792724,1.0,0.5028845509924128,400.6512756347656
legacy NEMA1e9,440_SinglePlusCompton,550,axial_ends,19114.8671875,104.38887786865234,-231.3510865670048,-63.84884293600199,58.5,131696,1.9327916160870293,0.00996895082253595,0.11895616465058348,2065.891845703125
legacy NEMA1e9,440_SinglePlusCompton,550,lateral_edge,19114.8671875,104.38887786865234,-231.3510865670048,-63.84884293600199,58.5,131696,1.9327916160870293,0.00996895082253595,0.08741858263413733,2374.578369140625
legacy NEMA1e9,440_SinglePlusCompton,600,full,22659.96484375,123.74913787841797,-231.3510865670048,-63.84884293600199,58.5,131696,1.9327916160870293,0.00996895082253595,1.0,786.0274658203125
legacy NEMA1e9,440_SinglePlusCompton,600,internal_core,2259.3486328125,12.338608741760254,117.66434268086468,-72.10480193080103,-7.5,57231,195.09290378792724,1.0,0.6119450509286968,494.4537658691406
legacy NEMA1e9,440_SinglePlusCompton,600,internal_background,2259.3486328125,12.338608741760254,117.66434268086468,-72.10480193080103,-7.5,57231,195.09290378792724,1.0,0.5127778776703751,415.45513916015625
legacy NEMA1e9,440_SinglePlusCompton,600,axial_ends,22659.96484375,123.74913787841797,-231.3510865670048,-63.84884293600199,58.5,131696,1.9327916160870293,0.00996895082253595,0.11701724855055916,2329.629150390625
legacy NEMA1e9,440_SinglePlusCompton,600,lateral_edge,22659.96484375,123.74913787841797,-231.3510865670048,-63.84884293600199,58.5,131696,1.9327916160870293,0.00996895082253595,0.08907431177169065,2736.5107421875
legacy NEMA1e9,440_SinglePlusCompton,650,full,26219.251953125,143.1868896484375,-231.3510865670048,-63.84884293600199,58.5,131696,1.9327916160870293,0.00996895082253595,1.0,946.7513427734375
legacy NEMA1e9,440_SinglePlusCompton,650,internal_core,2441.357421875,13.3325834274292,117.66434268086468,-72.10480193080103,-7.5,57231,195.09290378792724,1.0,0.6209723978155731,519.7598266601562
legacy NEMA1e9,440_SinglePlusCompton,650,internal_background,2441.357421875,13.3325834274292,117.66434268086468,-72.10480193080103,-7.5,57231,195.09290378792724,1.0,0.5217334809623517,429.1269226074219
legacy NEMA1e9,440_SinglePlusCompton,650,axial_ends,26219.251953125,143.1868896484375,-231.3510865670048,-63.84884293600199,58.5,131696,1.9327916160870293,0.00996895082253595,0.1154718181648202,2795.6416015625
legacy NEMA1e9,440_SinglePlusCompton,650,lateral_edge,26219.251953125,143.1868896484375,-231.3510865670048,-63.84884293600199,58.5,131696,1.9327916160870293,0.00996895082253595,0.09069451746643847,2894.763916015625
legacy NEMA1e9,440_SinglePlusCompton,700,full,29763.31640625,162.54150390625,-231.3510865670048,-63.84884293600199,58.5,131696,1.9327916160870293,0.00996895082253595,1.0,1022.5723266601562
legacy NEMA1e9,440_SinglePlusCompton,700,internal_core,2620.862060546875,14.312882423400879,117.66434268086468,-72.10480193080103,-7.5,57231,195.09290378792724,1.0,0.6291841526137479,545.17578125
legacy NEMA1e9,440_SinglePlusCompton,700,internal_background,2620.862060546875,14.312882423400879,117.66434268086468,-72.10480193080103,-7.5,57231,195.09290378792724,1.0,0.5298912869129525,448.2005920410156
legacy NEMA1e9,440_SinglePlusCompton,700,axial_ends,29763.31640625,162.54150390625,-231.3510865670048,-63.84884293600199,58.5,131696,1.9327916160870293,0.00996895082253595,0.11423380349738199,3168.041748046875
legacy NEMA1e9,440_SinglePlusCompton,700,lateral_edge,29763.31640625,162.54150390625,-231.3510865670048,-63.84884293600199,58.5,131696,1.9327916160870293,0.00996895082253595,0.09224501122537211,3365.76708984375
legacy NEMA1e9,440_SinglePlusCompton,750,full,33274.6796875,181.717529296875,-231.3510865670048,-63.84884293600199,58.5,131696,1.9327916160870293,0.00996895082253595,1.0,1158.83203125
legacy NEMA1e9,440_SinglePlusCompton,750,internal_core,2797.84423828125,15.279406547546387,117.66434268086468,-72.10480193080103,-7.5,57231,195.09290378792724,1.0,0.6367001219659957,569.5805053710938
legacy NEMA1e9,440_SinglePlusCompton,750,internal_background,2797.84423828125,15.279406547546387,117.66434268086468,-72.10480193080103,-7.5,57231,195.09290378792724,1.0,0.5373611995214812,461.82855224609375
legacy NEMA1e9,440_SinglePlusCompton,750,axial_ends,33274.6796875,181.717529296875,-231.3510865670048,-63.84884293600199,58.5,131696,1.9327916160870293,0.00996895082253595,0.11323635022952706,3449.93701171875
legacy NEMA1e9,440_SinglePlusCompton,750,lateral_edge,33274.6796875,181.717529296875,-231.3510865670048,-63.84884293600199,58.5,131696,1.9327916160870293,0.00996895082253595,0.09370597130371609,3923.56591796875
legacy NEMA1e9,440_SinglePlusCompton,800,full,36744.7109375,200.6678466796875,-231.3510865670048,-63.84884293600199,58.5,131696,1.9327916160870293,0.00996895082253595,1.0,1272.249755859375
legacy NEMA1e9,440_SinglePlusCompton,800,internal_core,2972.33642578125,16.232332229614258,117.66434268086468,-72.10480193080103,-7.5,57231,195.09290378792724,1.0,0.6436143816617407,594.4231567382812
legacy NEMA1e9,440_SinglePlusCompton,800,internal_background,2972.33642578125,16.232332229614258,117.66434268086468,-72.10480193080103,-7.5,57231,195.09290378792724,1.0,0.5442309257534815,476.9072265625
legacy NEMA1e9,440_SinglePlusCompton,800,axial_ends,36744.7109375,200.6678466796875,-231.3510865670048,-63.84884293600199,58.5,131696,1.9327916160870293,0.00996895082253595,0.11242751323154801,3651.24072265625
legacy NEMA1e9,440_SinglePlusCompton,800,lateral_edge,36744.7109375,200.6678466796875,-231.3510865670048,-63.84884293600199,58.5,131696,1.9327916160870293,0.00996895082253595,0.09506741109006563,4278.29296875
legacy NEMA1e9,440_SinglePlusCompton,850,full,40170.84765625,219.37843322753906,-231.3510865670048,-63.84884293600199,58.5,131696,1.9327916160870293,0.00996895082253595,1.0,1344.2686767578125
legacy NEMA1e9,440_SinglePlusCompton,850,internal_core,3144.394287109375,17.17196273803711,117.66434268086468,-72.10480193080103,-7.5,57231,195.09290378792724,1.0,0.6500020156250111,621.439453125
legacy NEMA1e9,440_SinglePlusCompton,850,internal_background,3144.394287109375,17.17196273803711,117.66434268086468,-72.10480193080103,-7.5,57231,195.09290378792724,1.0,0.5505716270762587,496.4700622558594
legacy NEMA1e9,440_SinglePlusCompton,850,axial_ends,40170.84765625,219.37843322753906,-231.3510865670048,-63.84884293600199,58.5,131696,1.9327916160870293,0.00996895082253595,0.11176688818840319,3846.830810546875
legacy NEMA1e9,440_SinglePlusCompton,850,lateral_edge,40170.84765625,219.37843322753906,-231.3510865670048,-63.84884293600199,58.5,131696,1.9327916160870293,0.00996895082253595,0.09632592368295968,4673.42236328125
legacy NEMA1e9,440_SinglePlusCompton,900,full,43554.48046875,237.85691833496094,-231.3510865670048,-63.84884293600199,58.5,131696,1.9327916160870293,0.00996895082253595,1.0,1416.43310546875
legacy NEMA1e9,440_SinglePlusCompton,900,internal_core,3314.078857421875,18.0986328125,117.66434268086468,-72.10480193080103,-7.5,57231,195.09290378792724,1.0,0.65592398985055,646.132080078125
legacy NEMA1e9,440_SinglePlusCompton,900,internal_background,3314.078857421875,18.0986328125,117.66434268086468,-72.10480193080103,-7.5,57231,195.09290378792724,1.0,0.5564420312296395,514.9781494140625
legacy NEMA1e9,440_SinglePlusCompton,900,axial_ends,43554.48046875,237.85691833496094,-231.3510865670048,-63.84884293600199,58.5,131696,1.9327916160870293,0.00996895082253595,0.11122298594086552,4073.285888671875
legacy NEMA1e9,440_SinglePlusCompton,900,lateral_edge,43554.48046875,237.85691833496094,-231.3510865670048,-63.84884293600199,58.5,131696,1.9327916160870293,0.00996895082253595,0.09748237615124175,4906.75048828125
legacy NEMA1e9,440_SinglePlusCompton,950,full,46899.36328125,256.123779296875,-231.3510865670048,-63.84884293600199,58.5,131696,1.9327916160870293,0.00996895082253595,1.0,1478.13623046875
legacy NEMA1e9,440_SinglePlusCompton,950,internal_core,3481.43798828125,19.012603759765625,117.66434268086468,-72.10480193080103,-7.5,57231,195.09290378792724,1.0,0.6614306164606782,668.5709838867188
legacy NEMA1e9,440_SinglePlusCompton,950,internal_background,3481.43798828125,19.012603759765625,117.66434268086468,-72.10480193080103,-7.5,57231,195.09290378792724,1.0,0.5618913441013006,537.9736328125
legacy NEMA1e9,440_SinglePlusCompton,950,axial_ends,46899.36328125,256.123779296875,-231.3510865670048,-63.84884293600199,58.5,131696,1.9327916160870293,0.00996895082253595,0.11077120719608653,4351.6806640625
legacy NEMA1e9,440_SinglePlusCompton,950,lateral_edge,46899.36328125,256.123779296875,-231.3510865670048,-63.84884293600199,58.5,131696,1.9327916160870293,0.00996895082253595,0.09854030157661958,5103.4658203125
legacy NEMA1e9,440_SinglePlusCompton,1000,full,50210.70703125,274.20745849609375,-231.3510865670048,-63.84884293600199,58.5,131696,1.9327916160870293,0.00996895082253595,1.0,1585.27392578125
legacy NEMA1e9,440_SinglePlusCompton,1000,internal_core,3646.51611328125,19.91411781311035,117.66434268086468,-72.10480193080103,-7.5,57231,195.09290378792724,1.0,0.6665640803822258,693.0588989257812
legacy NEMA1e9,440_SinglePlusCompton,1000,internal_background,3646.51611328125,19.91411781311035,117.66434268086468,-72.10480193080103,-7.5,57231,195.09290378792724,1.0,0.5669614006310323,554.722900390625
legacy NEMA1e9,440_SinglePlusCompton,1000,axial_ends,50210.70703125,274.20745849609375,-231.3510865670048,-63.84884293600199,58.5,131696,1.9327916160870293,0.00996895082253595,0.1103922767884975,4624.0546875
legacy NEMA1e9,440_SinglePlusCompton,1000,lateral_edge,50210.70703125,274.20745849609375,-231.3510865670048,-63.84884293600199,58.5,131696,1.9327916160870293,0.00996895082253595,0.09950479797160723,5403.017578125
legacy NEMA1e9,440_SinglePlusCompton,1050,full,53494.0703125,292.13836669921875,-231.3510865670048,-63.84884293600199,58.5,131696,1.9327916160870293,0.00996895082253595,1.0,1694.2982177734375
legacy NEMA1e9,440_SinglePlusCompton,1050,internal_core,3809.342529296875,20.803335189819336,117.66434268086468,-72.10480193080103,-7.5,57231,195.09290378792724,1.0,0.6713602278014327,716.1317138671875
legacy NEMA1e9,440_SinglePlusCompton,1050,internal_background,3809.342529296875,20.803335189819336,117.66434268086468,-72.10480193080103,-7.5,57231,195.09290378792724,1.0,0.5716881806656882,569.3301391601562
legacy NEMA1e9,440_SinglePlusCompton,1050,axial_ends,53494.0703125,292.13836669921875,-231.3510865670048,-63.84884293600199,58.5,131696,1.9327916160870293,0.00996895082253595,0.11007105703946655,4892.1220703125
legacy NEMA1e9,440_SinglePlusCompton,1050,lateral_edge,53494.0703125,292.13836669921875,-231.3510865670048,-63.84884293600199,58.5,131696,1.9327916160870293,0.00996895082253595,0.10038179124005013,5522.1728515625
legacy NEMA1e9,440_SinglePlusCompton,1100,full,56754.828125,309.94580078125,-231.3510865670048,-63.84884293600199,58.5,131696,1.9327916160870293,0.00996895082253595,1.0,1822.8194580078125
legacy NEMA1e9,440_SinglePlusCompton,1100,internal_core,3969.931884765625,21.680335998535156,117.66434268086468,-72.10480193080103,-7.5,57231,195.09290378792724,1.0,0.6758499072260349,740.5101318359375
legacy NEMA1e9,440_SinglePlusCompton,1100,internal_background,3969.931884765625,21.680335998535156,117.66434268086468,-72.10480193080103,-7.5,57231,195.09290378792724,1.0,0.5761029741579861,590.7916870117188
legacy NEMA1e9,440_SinglePlusCompton,1100,axial_ends,56754.828125,309.94580078125,-231.3510865670048,-63.84884293600199,58.5,131696,1.9327916160870293,0.00996895082253595,0.10979563108475253,5340.61083984375
legacy NEMA1e9,440_SinglePlusCompton,1100,lateral_edge,56754.828125,309.94580078125,-231.3510865670048,-63.84884293600199,58.5,131696,1.9327916160870293,0.00996895082253595,0.10117755636222504,5640.28076171875
legacy NEMA1e9,440_SinglePlusCompton,1150,full,59998.5703125,327.6603088378906,-231.3510865670048,-63.84884293600199,58.5,131696,1.9327916160870293,0.00996895082253595,1.0,1941.2679443359375
legacy NEMA1e9,440_SinglePlusCompton,1150,internal_core,4128.27490234375,22.545068740844727,117.66434268086468,-72.10480193080103,-7.5,57231,195.09290378792724,1.0,0.6800599183358176,762.8448486328125
legacy NEMA1e9,440_SinglePlusCompton,1150,internal_background,4128.27490234375,22.545068740844727,117.66434268086468,-72.10480193080103,-7.5,57231,195.09290378792724,1.0,0.5802332084282091,613.9578857421875
legacy NEMA1e9,440_SinglePlusCompton,1150,axial_ends,59998.5703125,327.6603088378906,-231.3510865670048,-63.84884293600199,58.5,131696,1.9327916160870293,0.00996895082253595,0.10955661692564442,5543.9619140625
legacy NEMA1e9,440_SinglePlusCompton,1150,lateral_edge,59998.5703125,327.6603088378906,-231.3510865670048,-63.84884293600199,58.5,131696,1.9327916160870293,0.00996895082253595,0.10189842384473045,6386.61376953125
legacy NEMA1e9,440_SinglePlusCompton,1200,full,63229.6796875,345.30584716796875,-231.3510865670048,-63.84884293600199,58.5,131696,1.9327916160870293,0.00996895082253595,1.0,2062.582763671875
legacy NEMA1e9,440_SinglePlusCompton,1200,internal_core,4284.35107421875,23.39742088317871,117.66434268086468,-72.10480193080103,-7.5,57231,195.09290378792724,1.0,0.6840137775002901,784.6978149414062
legacy NEMA1e9,440_SinglePlusCompton,1200,internal_background,4284.35107421875,23.39742088317871,117.66434268086468,-72.10480193080103,-7.5,57231,195.09290378792724,1.0,0.5841031131564262,637.2345581054688
legacy NEMA1e9,440_SinglePlusCompton,1200,axial_ends,63229.6796875,345.30584716796875,-231.3510865670048,-63.84884293600199,58.5,131696,1.9327916160870293,0.00996895082253595,0.10934659887468812,5740.0556640625
legacy NEMA1e9,440_SinglePlusCompton,1200,lateral_edge,63229.6796875,345.30584716796875,-231.3510865670048,-63.84884293600199,58.5,131696,1.9327916160870293,0.00996895082253595,0.10255055489636922,6888.3583984375
legacy NEMA1e9,440_SinglePlusCompton,1250,full,66452.28125,362.9049072265625,-231.3510865670048,-63.84884293600199,58.5,131696,1.9327916160870293,0.00996895082253595,1.0,2191.143798828125
legacy NEMA1e9,440_SinglePlusCompton,1250,internal_core,4438.1484375,24.237329483032227,117.66434268086468,-72.10480193080103,-7.5,57231,195.09290378792724,1.0,0.6877322803533547,806.908447265625
legacy NEMA1e9,440_SinglePlusCompton,1250,internal_background,4438.1484375,24.237329483032227,117.66434268086468,-72.10480193080103,-7.5,57231,195.09290378792724,1.0,0.587734239168103,660.6007080078125
legacy NEMA1e9,440_SinglePlusCompton,1250,axial_ends,66452.28125,362.9049072265625,-231.3510865670048,-63.84884293600199,58.5,131696,1.9327916160870293,0.00996895082253595,0.10915972893395012,5944.2578125
legacy NEMA1e9,440_SinglePlusCompton,1250,lateral_edge,66452.28125,362.9049072265625,-231.3510865670048,-63.84884293600199,58.5,131696,1.9327916160870293,0.00996895082253595,0.103139840413883,7651.86962890625
legacy NEMA1e9,440_SinglePlusCompton,1300,full,69669.8671875,380.4765625,-231.3510865670048,-63.84884293600199,58.5,131696,1.9327916160870293,0.00996895082253595,1.0,2325.64306640625
legacy NEMA1e9,440_SinglePlusCompton,1300,internal_core,4589.630859375,25.06459617614746,117.66434268086468,-72.10480193080103,-7.5,57231,195.09290378792724,1.0,0.6912339397528804,829.2304077148438
legacy NEMA1e9,440_SinglePlusCompton,1300,internal_background,4589.630859375,25.06459617614746,117.66434268086468,-72.10480193080103,-7.5,57231,195.09290378792724,1.0,0.5911458489359095,684.035400390625
legacy NEMA1e9,440_SinglePlusCompton,1300,axial_ends,69669.8671875,380.4765625,-231.3510865670048,-63.84884293600199,58.5,131696,1.9327916160870293,0.00996895082253595,0.108991363456032,6363.22509765625
legacy NEMA1e9,440_SinglePlusCompton,1300,lateral_edge,69669.8671875,380.4765625,-231.3510865670048,-63.84884293600199,58.5,131696,1.9327916160870293,0.00996895082253595,0.10367180420114509,8279.4375
legacy NEMA1e9,440_SinglePlusCompton,1350,full,72885.140625,398.0356140136719,-231.3510865670048,-63.84884293600199,58.5,131696,1.9327916160870293,0.00996895082253595,1.0,2463.026123046875
legacy NEMA1e9,440_SinglePlusCompton,1350,internal_core,4738.7587890625,25.879003524780273,117.66434268086468,-72.10480193080103,-7.5,57231,195.09290378792724,1.0,0.6945353459275979,851.61279296875
legacy NEMA1e9,440_SinglePlusCompton,1350,internal_background,4738.7587890625,25.879003524780273,117.66434268086468,-72.10480193080103,-7.5,57231,195.09290378792724,1.0,0.594355247401522,707.517578125
legacy NEMA1e9,440_SinglePlusCompton,1350,axial_ends,72885.140625,398.0356140136719,-231.3510865670048,-63.84884293600199,58.5,131696,1.9327916160870293,0.00996895082253595,0.10883782967169955,6718.69677734375
legacy NEMA1e9,440_SinglePlusCompton,1350,lateral_edge,72885.140625,398.0356140136719,-231.3510865670048,-63.84884293600199,58.5,131696,1.9327916160870293,0.00996895082253595,0.1041515940364853,8473.185546875
legacy NEMA1e9,440_SinglePlusCompton,1400,full,76100.3671875,415.59442138671875,-231.3510865670048,-63.84884293600199,58.5,131696,1.9327916160870293,0.00996895082253595,1.0,2644.504150390625
legacy NEMA1e9,440_SinglePlusCompton,1400,internal_core,4885.478515625,26.680259704589844,117.66434268086468,-72.10480193080103,-7.5,57231,195.09290378792724,1.0,0.6976514179413434,875.501708984375
legacy NEMA1e9,440_SinglePlusCompton,1400,internal_background,4885.478515625,26.680259704589844,117.66434268086468,-72.10480193080103,-7.5,57231,195.09290378792724,1.0,0.5973780297574693,730.3682250976562
legacy NEMA1e9,440_SinglePlusCompton,1400,axial_ends,76100.3671875,415.59442138671875,-231.3510865670048,-63.84884293600199,58.5,131696,1.9327916160870293,0.00996895082253595,0.10869620527625595,7175.28466796875
legacy NEMA1e9,440_SinglePlusCompton,1400,lateral_edge,76100.3671875,415.59442138671875,-231.3510865670048,-63.84884293600199,58.5,131696,1.9327916160870293,0.00996895082253595,0.10458395731973352,8646.46875
legacy NEMA1e9,440_SinglePlusCompton,1450,full,79317.3984375,433.1630554199219,-231.3510865670048,-63.84884293600199,58.5,131696,1.9327916160870293,0.00996895082253595,1.0,2726.40771484375
legacy NEMA1e9,440_SinglePlusCompton,1450,internal_core,5029.7412109375,27.468097686767578,117.66434268086468,-72.10480193080103,-7.5,57231,195.09290378792724,1.0,0.7005956292243208,900.5928955078125
legacy NEMA1e9,440_SinglePlusCompton,1450,internal_background,5029.7412109375,27.468097686767578,117.66434268086468,-72.10480193080103,-7.5,57231,195.09290378792724,1.0,0.6002282794717893,752.587890625
legacy NEMA1e9,440_SinglePlusCompton,1450,axial_ends,79317.3984375,433.1630554199219,-231.3510865670048,-63.84884293600199,58.5,131696,1.9327916160870293,0.00996895082253595,0.10856418255193215,7831.6181640625
legacy NEMA1e9,440_SinglePlusCompton,1450,lateral_edge,79317.3984375,433.1630554199219,-231.3510865670048,-63.84884293600199,58.5,131696,1.9327916160870293,0.00996895082253595,0.10497327348748021,8887.8466796875
legacy NEMA1e9,440_SinglePlusCompton,1500,full,82537.6328125,450.7491760253906,-231.3510865670048,-63.84884293600199,58.5,131696,1.9327916160870293,0.00996895082253595,1.0,2807.3759765625
legacy NEMA1e9,440_SinglePlusCompton,1500,internal_core,5171.5107421875,28.242321014404297,117.66434268086468,-72.10480193080103,-7.5,57231,195.09290378792724,1.0,0.7033802091836225,925.689453125
legacy NEMA1e9,440_SinglePlusCompton,1500,internal_background,5171.5107421875,28.242321014404297,117.66434268086468,-72.10480193080103,-7.5,57231,195.09290378792724,1.0,0.6029187871130323,774.6976928710938
legacy NEMA1e9,440_SinglePlusCompton,1500,axial_ends,82537.6328125,450.7491760253906,-231.3510865670048,-63.84884293600199,58.5,131696,1.9327916160870293,0.00996895082253595,0.10843993024461218,8441.3759765625
legacy NEMA1e9,440_SinglePlusCompton,1500,lateral_edge,82537.6328125,450.7491760253906,-231.3510865670048,-63.84884293600199,58.5,131696,1.9327916160870293,0.00996895082253595,0.10532354505445508,9469.1923828125
legacy NEMA1e9,440_SinglePlusCompton,1550,full,85761.96875,468.35772705078125,-231.3510865670048,-63.84884293600199,58.5,131696,1.9327916160870293,0.00996895082253595,1.0,2896.956787109375
legacy NEMA1e9,440_SinglePlusCompton,1550,internal_core,5310.72216796875,29.002573013305664,117.66434268086468,-72.10480193080103,-7.5,57231,195.09290378792724,1.0,0.7060162766483323,951.9135131835938
legacy NEMA1e9,440_SinglePlusCompton,1550,internal_background,5310.72216796875,29.002573013305664,117.66434268086468,-72.10480193080103,-7.5,57231,195.09290378792724,1.0,0.6054611678446026,795.7044677734375
legacy NEMA1e9,440_SinglePlusCompton,1550,axial_ends,85761.96875,468.35772705078125,-231.3510865670048,-63.84884293600199,58.5,131696,1.9327916160870293,0.00996895082253595,0.10832199075725818,8876.04296875
legacy NEMA1e9,440_SinglePlusCompton,1550,lateral_edge,85761.96875,468.35772705078125,-231.3510865670048,-63.84884293600199,58.5,131696,1.9327916160870293,0.00996895082253595,0.10563841598426654,9689.46484375
legacy NEMA1e9,440_SinglePlusCompton,1600,full,88991.3203125,485.99365234375,-231.3510865670048,-63.84884293600199,58.5,131696,1.9327916160870293,0.00996895082253595,1.0,3002.769287109375
legacy NEMA1e9,440_SinglePlusCompton,1600,internal_core,5447.33349609375,29.748624801635742,117.66434268086468,-72.10480193080103,-7.5,57231,195.09290378792724,1.0,0.7085140055508389,977.985107421875
legacy NEMA1e9,440_SinglePlusCompton,1600,internal_background,5447.33349609375,29.748624801635742,117.66434268086468,-72.10480193080103,-7.5,57231,195.09290378792724,1.0,0.607866028758146,815.3104858398438
legacy NEMA1e9,440_SinglePlusCompton,1600,axial_ends,88991.3203125,485.99365234375,-231.3510865670048,-63.84884293600199,58.5,131696,1.9327916160870293,0.00996895082253595,0.10820919764799591,9134.5302734375
legacy NEMA1e9,440_SinglePlusCompton,1600,lateral_edge,88991.3203125,485.99365234375,-231.3510865670048,-63.84884293600199,58.5,131696,1.9327916160870293,0.00996895082253595,0.10592119651361954,10534.7177734375
legacy NEMA1e9,440_SinglePlusCompton,1650,full,92225.53125,503.6560974121094,-231.3510865670048,-63.84884293600199,58.5,131696,1.9327916160870293,0.00996895082253595,1.0,3122.087890625
legacy NEMA1e9,440_SinglePlusCompton,1650,internal_core,5581.30615234375,30.480268478393555,117.66434268086468,-72.10480193080103,-7.5,57231,195.09290378792724,1.0,0.7108827015460156,1004.80859375
legacy NEMA1e9,440_SinglePlusCompton,1650,internal_background,5581.30615234375,30.480268478393555,117.66434268086468,-72.10480193080103,-7.5,57231,195.09290378792724,1.0,0.6101430544061531,834.6356811523438
legacy NEMA1e9,440_SinglePlusCompton,1650,axial_ends,92225.53125,503.6560974121094,-231.3510865670048,-63.84884293600199,58.5,131696,1.9327916160870293,0.00996895082253595,0.10810062288738012,9463.7841796875
legacy NEMA1e9,440_SinglePlusCompton,1650,lateral_edge,92225.53125,503.6560974121094,-231.3510865670048,-63.84884293600199,58.5,131696,1.9327916160870293,0.00996895082253595,0.10617488576095582,11507.3818359375
legacy NEMA1e9,440_SinglePlusCompton,1700,full,95465.2578125,521.3486938476562,-231.3510865670048,-63.84884293600199,58.5,131696,1.9327916160870293,0.00996895082253595,1.0,3259.07470703125
legacy NEMA1e9,440_SinglePlusCompton,1700,internal_core,5712.58203125,31.19718360900879,117.66434268086468,-72.10480193080103,-7.5,57231,195.09290378792724,1.0,0.7131309017510644,1028.2376708984375
legacy NEMA1e9,440_SinglePlusCompton,1700,internal_background,5712.58203125,31.19718360900879,117.66434268086468,-72.10480193080103,-7.5,57231,195.09290378792724,1.0,0.6123010991688467,853.674072265625
legacy NEMA1e9,440_SinglePlusCompton,1700,axial_ends,95465.2578125,521.3486938476562,-231.3510865670048,-63.84884293600199,58.5,131696,1.9327916160870293,0.00996895082253595,0.10799553239156388,9837.4853515625
legacy NEMA1e9,440_SinglePlusCompton,1700,lateral_edge,95465.2578125,521.3486938476562,-231.3510865670048,-63.84884293600199,58.5,131696,1.9327916160870293,0.00996895082253595,0.10640221377690484,11908.3408203125
legacy NEMA1e9,440_SinglePlusCompton,1750,full,98710.3125,539.0703735351562,-231.3510865670048,-63.84884293600199,58.5,131696,1.9327916160870293,0.00996895082253595,1.0,3393.910400390625
legacy NEMA1e9,440_SinglePlusCompton,1750,internal_core,5841.13525390625,31.89923095703125,117.66434268086468,-72.10480193080103,-7.5,57231,195.09290378792724,1.0,0.7152664622695056,1051.516845703125
legacy NEMA1e9,440_SinglePlusCompton,1750,internal_background,5841.13525390625,31.89923095703125,117.66434268086468,-72.10480193080103,-7.5,57231,195.09290378792724,1.0,0.6143482931937001,872.4226684570312
legacy NEMA1e9,440_SinglePlusCompton,1750,axial_ends,98710.3125,539.0703735351562,-231.3510865670048,-63.84884293600199,58.5,131696,1.9327916160870293,0.00996895082253595,0.10789333225071254,10139.4130859375
legacy NEMA1e9,440_SinglePlusCompton,1750,lateral_edge,98710.3125,539.0703735351562,-231.3510865670048,-63.84884293600199,58.5,131696,1.9327916160870293,0.00996895082253595,0.10660564107563898,12246.115234375
legacy NEMA1e9,440_SinglePlusCompton,1800,full,101960.75,556.8214721679688,-231.3510865670048,-63.84884293600199,58.5,131696,1.9327916160870293,0.00996895082253595,1.0,3480.773193359375
legacy NEMA1e9,440_SinglePlusCompton,1800,internal_core,5966.90966796875,32.58610153198242,117.66434268086468,-72.10480193080103,-7.5,57231,195.09290378792724,1.0,0.7172966193583434,1070.7890625
legacy NEMA1e9,440_SinglePlusCompton,1800,internal_background,5966.90966796875,32.58610153198242,117.66434268086468,-72.10480193080103,-7.5,57231,195.09290378792724,1.0,0.6162921031502029,890.8776245117188
legacy NEMA1e9,440_SinglePlusCompton,1800,axial_ends,101960.75,556.8214721679688,-231.3510865670048,-63.84884293600199,58.5,131696,1.9327916160870293,0.00996895082253595,0.10779355378836104,10443.5380859375
legacy NEMA1e9,440_SinglePlusCompton,1800,lateral_edge,101960.75,556.8214721679688,-231.3510865670048,-63.84884293600199,58.5,131696,1.9327916160870293,0.00996895082253595,0.10678739837732079,12604.091796875
legacy NEMA1e9,440_SinglePlusCompton,1850,full,105216.1015625,574.599365234375,-231.3510865670048,-63.84884293600199,58.5,131696,1.9327916160870293,0.00996895082253595,1.0,3545.375
legacy NEMA1e9,440_SinglePlusCompton,1850,internal_core,6089.88818359375,33.2577018737793,117.66434268086468,-72.10480193080103,-7.5,57231,195.09290378792724,1.0,0.7192280401661839,1090.2052001953125
legacy NEMA1e9,440_SinglePlusCompton,1850,internal_background,6089.88818359375,33.2577018737793,117.66434268086468,-72.10480193080103,-7.5,57231,195.09290378792724,1.0,0.6181393731011139,908.7887573242188
legacy NEMA1e9,440_SinglePlusCompton,1850,axial_ends,105216.1015625,574.599365234375,-231.3510865670048,-63.84884293600199,58.5,131696,1.9327916160870293,0.00996895082253595,0.1076958142797029,10744.4365234375
legacy NEMA1e9,440_SinglePlusCompton,1850,lateral_edge,105216.1015625,574.599365234375,-231.3510865670048,-63.84884293600199,58.5,131696,1.9327916160870293,0.00996895082253595,0.10694949749586917,13349.708984375
legacy NEMA1e9,440_SinglePlusCompton,1900,full,108476.1875,592.4031372070312,-231.3510865670048,-63.84884293600199,58.5,131696,1.9327916160870293,0.00996895082253595,1.0,3610.319580078125
legacy NEMA1e9,440_SinglePlusCompton,1900,internal_core,6210.04736328125,33.913909912109375,117.66434268086468,-72.10480193080103,-7.5,57231,195.09290378792724,1.0,0.7210668945343602,1111.6968994140625
legacy NEMA1e9,440_SinglePlusCompton,1900,internal_background,6210.04736328125,33.913909912109375,117.66434268086468,-72.10480193080103,-7.5,57231,195.09290378792724,1.0,0.6198964187464309,925.8552856445312
legacy NEMA1e9,440_SinglePlusCompton,1900,axial_ends,108476.1875,592.4031372070312,-231.3510865670048,-63.84884293600199,58.5,131696,1.9327916160870293,0.00996895082253595,0.10759981888534396,11081.8583984375
legacy NEMA1e9,440_SinglePlusCompton,1900,lateral_edge,108476.1875,592.4031372070312,-231.3510865670048,-63.84884293600199,58.5,131696,1.9327916160870293,0.00996895082253595,0.10709376770407934,14079.396484375
legacy NEMA1e9,440_SinglePlusCompton,1950,full,111740.1015625,610.2278442382812,-231.3510865670048,-63.84884293600199,58.5,131696,1.9327916160870293,0.00996895082253595,1.0,3623.24951171875
legacy NEMA1e9,440_SinglePlusCompton,1950,internal_core,6327.34912109375,34.554508209228516,117.66434268086468,-72.10480193080103,-7.5,57231,195.09290378792724,1.0,0.722818897890999,1130.56982421875
legacy NEMA1e9,440_SinglePlusCompton,1950,internal_background,6327.34912109375,34.554508209228516,117.66434268086468,-72.10480193080103,-7.5,57231,195.09290378792724,1.0,0.621569058454331,942.6019287109375
legacy NEMA1e9,440_SinglePlusCompton,1950,axial_ends,111740.1015625,610.2278442382812,-231.3510865670048,-63.84884293600199,58.5,131696,1.9327916160870293,0.00996895082253595,0.10750532379211947,11592.896484375
legacy NEMA1e9,440_SinglePlusCompton,1950,lateral_edge,111740.1015625,610.2278442382812,-231.3510865670048,-63.84884293600199,58.5,131696,1.9327916160870293,0.00996895082253595,0.10722185270832509,14804.470703125
legacy NEMA1e9,440_SinglePlusCompton,2000,full,115008.296875,628.0758666992188,-231.3510865670048,-63.84884293600199,58.5,131696,1.9327916160870293,0.00996895082253595,1.0,3739.279052734375
legacy NEMA1e9,440_SinglePlusCompton,2000,internal_core,6441.77685546875,35.17941665649414,117.66434268086468,-72.10480193080103,-7.5,57231,195.09290378792724,1.0,0.7244893436197333,1148.1827392578125
legacy NEMA1e9,440_SinglePlusCompton,2000,internal_background,6441.77685546875,35.17941665649414,117.66434268086468,-72.10480193080103,-7.5,57231,195.09290378792724,1.0,0.6231626771615003,959.0298461914062
legacy NEMA1e9,440_SinglePlusCompton,2000,axial_ends,115008.296875,628.0758666992188,-231.3510865670048,-63.84884293600199,58.5,131696,1.9327916160870293,0.00996895082253595,0.10741214062572813,12111.755859375
legacy NEMA1e9,440_SinglePlusCompton,2000,lateral_edge,115008.296875,628.0758666992188,-231.3510865670048,-63.84884293600199,58.5,131696,1.9327916160870293,0.00996895082253595,0.10733524290619309,15541.4375
ideal NEMA1e9,440_ComptonOnly,50,full,10833.9169921875,54.698970794677734,-231.3510865670048,-63.84884293600199,58.5,131696,1.9327916160870293,0.00996895082253595,1.0,380.45623779296875
ideal NEMA1e9,440_ComptonOnly,50,internal_core,2392.570068359375,12.079760551452637,117.66434268086468,-72.10480193080103,-7.5,57231,195.09290378792724,1.0,0.5616016470661539,309.2282409667969
ideal NEMA1e9,440_ComptonOnly,50,internal_background,2392.570068359375,12.079760551452637,117.66434268086468,-72.10480193080103,-7.5,57231,195.09290378792724,1.0,0.46985501366280114,307.8358459472656
ideal NEMA1e9,440_ComptonOnly,50,axial_ends,10833.9169921875,54.698970794677734,-231.3510865670048,-63.84884293600199,58.5,131696,1.9327916160870293,0.00996895082253595,0.11889165647109785,1109.514404296875
ideal NEMA1e9,440_ComptonOnly,50,lateral_edge,10833.9169921875,54.698970794677734,-231.3510865670048,-63.84884293600199,58.5,131696,1.9327916160870293,0.00996895082253595,0.06983642695448701,1224.406005859375
ideal NEMA1e9,440_ComptonOnly,100,full,34052.3046875,171.92544555664062,-231.3510865670048,-63.84884293600199,58.5,131696,1.9327916160870293,0.00996895082253595,1.0,1208.1785888671875
ideal NEMA1e9,440_ComptonOnly,100,internal_core,4607.29150390625,23.261587142944336,117.66434268086468,-72.10480193080103,-7.5,57231,195.09290378792724,1.0,0.6354777252870233,394.46026611328125
ideal NEMA1e9,440_ComptonOnly,100,internal_background,4607.29150390625,23.261587142944336,117.66434268086468,-72.10480193080103,-7.5,57231,195.09290378792724,1.0,0.5446749516636129,387.2225341796875
ideal NEMA1e9,440_ComptonOnly,100,axial_ends,34052.3046875,171.92544555664062,-231.3510865670048,-63.84884293600199,58.5,131696,1.9327916160870293,0.00996895082253595,0.1013494072893386,3231.39892578125
ideal NEMA1e9,440_ComptonOnly,100,lateral_edge,34052.3046875,171.92544555664062,-231.3510865670048,-63.84884293600199,58.5,131696,1.9327916160870293,0.00996895082253595,0.08046573486599495,3604.756103515625
ideal NEMA1e9,440_ComptonOnly,150,full,51575.6640625,260.39849853515625,-231.3510865670048,-63.84884293600199,58.5,131696,1.9327916160870293,0.00996895082253595,1.0,2156.580322265625
ideal NEMA1e9,440_ComptonOnly,150,internal_core,6518.322265625,32.91012191772461,117.66434268086468,-72.10480193080103,-7.5,57231,195.09290378792724,1.0,0.6750778373207892,471.55010986328125
ideal NEMA1e9,440_ComptonOnly,150,internal_background,6518.322265625,32.91012191772461,117.66434268086468,-72.10480193080103,-7.5,57231,195.09290378792724,1.0,0.5844604568833555,434.30059814453125
ideal NEMA1e9,440_ComptonOnly,150,axial_ends,51575.6640625,260.39849853515625,-231.3510865670048,-63.84884293600199,58.5,131696,1.9327916160870293,0.00996895082253595,0.0966897926184055,6071.78466796875
ideal NEMA1e9,440_ComptonOnly,150,lateral_edge,51575.6640625,260.39849853515625,-231.3510865670048,-63.84884293600199,58.5,131696,1.9327916160870293,0.00996895082253595,0.08572363847065062,6731.21142578125
ideal NEMA1e9,440_ComptonOnly,200,full,65959.8046875,333.0220642089844,-231.3510865670048,-63.84884293600199,58.5,131696,1.9327916160870293,0.00996895082253595,1.0,3073.153076171875
ideal NEMA1e9,440_ComptonOnly,200,internal_core,8179.1787109375,41.29555892944336,117.66434268086468,-72.10480193080103,-7.5,57231,195.09290378792724,1.0,0.6991805873037034,547.635498046875
ideal NEMA1e9,440_ComptonOnly,200,internal_background,8179.1787109375,41.29555892944336,117.66434268086468,-72.10480193080103,-7.5,57231,195.09290378792724,1.0,0.6085700501346433,471.7743225097656
ideal NEMA1e9,440_ComptonOnly,200,axial_ends,65959.8046875,333.0220642089844,-231.3510865670048,-63.84884293600199,58.5,131696,1.9327916160870293,0.00996895082253595,0.09474285478919903,10265.4521484375
ideal NEMA1e9,440_ComptonOnly,200,lateral_edge,65959.8046875,333.0220642089844,-231.3510865670048,-63.84884293600199,58.5,131696,1.9327916160870293,0.00996895082253595,0.08778225112572333,11476.7734375
ideal NEMA1e9,440_ComptonOnly,250,full,78486.125,396.2657470703125,-231.3510865670048,-63.84884293600199,58.5,131696,1.9327916160870293,0.00996895082253595,1.0,3695.847412109375
ideal NEMA1e9,440_ComptonOnly,250,internal_core,9573.6103515625,48.335853576660156,117.66434268086468,-72.10480193080103,-7.5,57231,195.09290378792724,1.0,0.7145026250190862,608.1287841796875
ideal NEMA1e9,440_ComptonOnly,250,internal_background,9573.6103515625,48.335853576660156,117.66434268086468,-72.10480193080103,-7.5,57231,195.09290378792724,1.0,0.6239563061017518,500.77392578125
ideal NEMA1e9,440_ComptonOnly,250,axial_ends,78486.125,396.2657470703125,-231.3510865670048,-63.84884293600199,58.5,131696,1.9327916160870293,0.00996895082253595,0.09367516340675469,14646.8056640625
ideal NEMA1e9,440_ComptonOnly,250,lateral_edge,78486.125,396.2657470703125,-231.3510865670048,-63.84884293600199,58.5,131696,1.9327916160870293,0.00996895082253595,0.08852050609535306,15987.6572265625
ideal NEMA1e9,440_ComptonOnly,300,full,128901.6484375,650.806884765625,102.27463389889034,140.76895702124085,-58.5,1596,4.541240707819889,0.02307665729309297,1.0,4222.421875
ideal NEMA1e9,440_ComptonOnly,300,internal_core,10707.083984375,54.05860900878906,117.66434268086468,-72.10480193080103,-7.5,57231,195.09290378792724,1.0,0.7244904466130023,661.7886352539062
ideal NEMA1e9,440_ComptonOnly,300,internal_background,10707.083984375,54.05860900878906,117.66434268086468,-72.10480193080103,-7.5,57231,195.09290378792724,1.0,0.6340822003944665,540.1859130859375
ideal NEMA1e9,440_ComptonOnly,300,axial_ends,128901.6484375,650.806884765625,102.27463389889034,140.76895702124085,-58.5,1596,4.541240707819889,0.02307665729309297,0.09299829466939367,16991.67578125
ideal NEMA1e9,440_ComptonOnly,300,lateral_edge,128901.6484375,650.806884765625,102.27463389889034,140.76895702124085,-58.5,1596,4.541240707819889,0.02307665729309297,0.08871169831261673,20237.90625
ideal NEMA1e9,440_ComptonOnly,350,full,189835.9375,958.455810546875,102.27463389889034,140.76895702124085,-58.5,1596,4.541240707819889,0.02307665729309297,1.0,4518.51123046875
ideal NEMA1e9,440_ComptonOnly,350,internal_core,11606.5625,58.599952697753906,117.66434268086468,-72.10480193080103,-7.5,57231,195.09290378792724,1.0,0.7311071372926304,707.3128662109375
ideal NEMA1e9,440_ComptonOnly,350,internal_background,11606.5625,58.599952697753906,117.66434268086468,-72.10480193080103,-7.5,57231,195.09290378792724,1.0,0.6408859789941502,580.8006591796875
ideal NEMA1e9,440_ComptonOnly,350,axial_ends,189835.9375,958.455810546875,102.27463389889034,140.76895702124085,-58.5,1596,4.541240707819889,0.02307665729309297,0.09251374247680245,21294.203125
ideal NEMA1e9,440_ComptonOnly,350,lateral_edge,189835.9375,958.455810546875,102.27463389889034,140.76895702124085,-58.5,1596,4.541240707819889,0.02307665729309297,0.08865846029259088,25010.205078125
ideal NEMA1e9,440_ComptonOnly,400,full,255821.0,1291.6053466796875,102.27463389889034,140.76895702124085,-58.5,1596,4.541240707819889,0.02307665729309297,1.0,4839.55615234375
ideal NEMA1e9,440_ComptonOnly,400,internal_core,12307.173828125,62.137245178222656,117.66434268086468,-72.10480193080103,-7.5,57231,195.09290378792724,1.0,0.7355299115922708,750.451416015625
ideal NEMA1e9,440_ComptonOnly,400,internal_background,12307.173828125,62.137245178222656,117.66434268086468,-72.10480193080103,-7.5,57231,195.09290378792724,1.0,0.6455230827048458,623.190185546875
ideal NEMA1e9,440_ComptonOnly,400,axial_ends,255821.0,1291.6053466796875,102.27463389889034,140.76895702124085,-58.5,1596,4.541240707819889,0.02307665729309297,0.0921264188010069,24486.13671875
ideal NEMA1e9,440_ComptonOnly,400,lateral_edge,255821.0,1291.6053466796875,102.27463389889034,140.76895702124085,-58.5,1596,4.541240707819889,0.02307665729309297,0.08849048905458079,30192.43359375
ideal NEMA1e9,440_ComptonOnly,450,full,321783.53125,1624.6412353515625,102.27463389889034,140.76895702124085,-58.5,1596,4.541240707819889,0.02307665729309297,1.0,5198.9501953125
ideal NEMA1e9,440_ComptonOnly,450,internal_core,12843.8681640625,64.84693908691406,117.66434268086468,-72.10480193080103,-7.5,57231,195.09290378792724,1.0,0.7384941042151547,797.281005859375
ideal NEMA1e9,440_ComptonOnly,450,internal_background,12843.8681640625,64.84693908691406,117.66434268086468,-72.10480193080103,-7.5,57231,195.09290378792724,1.0,0.6487148207930931,669.3555297851562
ideal NEMA1e9,440_ComptonOnly,450,axial_ends,321783.53125,1624.6412353515625,102.27463389889034,140.76895702124085,-58.5,1596,4.541240707819889,0.02307665729309297,0.09178989008986971,29638.822265625
ideal NEMA1e9,440_ComptonOnly,450,lateral_edge,321783.53125,1624.6412353515625,102.27463389889034,140.76895702124085,-58.5,1596,4.541240707819889,0.02307665729309297,0.08827057005707346,37427.62890625
ideal NEMA1e9,440_ComptonOnly,500,full,383751.875,1937.510986328125,102.27463389889034,140.76895702124085,-58.5,1596,4.541240707819889,0.02307665729309297,1.0,5733.74365234375
ideal NEMA1e9,440_ComptonOnly,500,internal_core,13248.0,66.8873519897461,117.66434268086468,-72.10480193080103,-7.5,57231,195.09290378792724,1.0,0.7404746879424025,837.6094360351562
ideal NEMA1e9,440_ComptonOnly,500,internal_background,13248.0,66.8873519897461,117.66434268086468,-72.10480193080103,-7.5,57231,195.09290378792724,1.0,0.6509274543830095,718.9111938476562
ideal NEMA1e9,440_ComptonOnly,500,axial_ends,383751.875,1937.510986328125,102.27463389889034,140.76895702124085,-58.5,1596,4.541240707819889,0.02307665729309297,0.09148239093736912,32155.046875
ideal NEMA1e9,440_ComptonOnly,500,lateral_edge,383751.875,1937.510986328125,102.27463389889034,140.76895702124085,-58.5,1596,4.541240707819889,0.02307665729309297,0.08803208344544829,40881.16015625
ideal NEMA1e9,440_ComptonOnly,550,full,439336.53125,2218.150390625,102.27463389889034,140.76895702124085,-58.5,1596,4.541240707819889,0.02307665729309297,1.0,5963.29638671875
ideal NEMA1e9,440_ComptonOnly,550,internal_core,13546.2939453125,68.39339447021484,117.66434268086468,-72.10480193080103,-7.5,57231,195.09290378792724,1.0,0.7417868608411514,883.8528442382812
ideal NEMA1e9,440_ComptonOnly,550,internal_background,13546.2939453125,68.39339447021484,117.66434268086468,-72.10480193080103,-7.5,57231,195.09290378792724,1.0,0.6524703100939404,767.0126342773438
ideal NEMA1e9,440_ComptonOnly,550,axial_ends,439336.53125,2218.150390625,102.27463389889034,140.76895702124085,-58.5,1596,4.541240707819889,0.02307665729309297,0.09119475438057136,33859.25390625
ideal NEMA1e9,440_ComptonOnly,550,lateral_edge,439336.53125,2218.150390625,102.27463389889034,140.76895702124085,-58.5,1596,4.541240707819889,0.02307665729309297,0.0877932634502408,44758.80078125
ideal NEMA1e9,440_ComptonOnly,600,full,487564.75,2461.64794921875,102.27463389889034,140.76895702124085,-58.5,1596,4.541240707819889,0.02307665729309297,1.0,5914.271484375
ideal NEMA1e9,440_ComptonOnly,600,internal_core,13760.98828125,69.47735595703125,117.66434268086468,-72.10480193080103,-7.5,57231,195.09290378792724,1.0,0.7426443319769378,935.926513671875
ideal NEMA1e9,440_ComptonOnly,600,internal_background,13760.98828125,69.47735595703125,117.66434268086468,-72.10480193080103,-7.5,57231,195.09290378792724,1.0,0.6535524998959927,819.9411010742188
ideal NEMA1e9,440_ComptonOnly,600,axial_ends,487564.75,2461.64794921875,102.27463389889034,140.76895702124085,-58.5,1596,4.541240707819889,0.02307665729309297,0.0909242129197061,35210.58984375
ideal NEMA1e9,440_ComptonOnly,600,lateral_edge,487564.75,2461.64794921875,102.27463389889034,140.76895702124085,-58.5,1596,4.541240707819889,0.02307665729309297,0.08756349110611862,51585.98828125
ideal NEMA1e9,440_ComptonOnly,650,full,528443.125,2668.037353515625,102.27463389889034,140.76895702124085,-58.5,1596,4.541240707819889,0.02307665729309297,1.0,5821.056640625
ideal NEMA1e9,440_ComptonOnly,650,internal_core,13910.2275390625,70.23084259033203,117.66434268086468,-72.10480193080103,-7.5,57231,195.09290378792724,1.0,0.743194374653137,980.1959838867188
ideal NEMA1e9,440_ComptonOnly,650,internal_background,13910.2275390625,70.23084259033203,117.66434268086468,-72.10480193080103,-7.5,57231,195.09290378792724,1.0,0.6543171305762169,876.5460205078125
ideal NEMA1e9,440_ComptonOnly,650,axial_ends,528443.125,2668.037353515625,102.27463389889034,140.76895702124085,-58.5,1596,4.541240707819889,0.02307665729309297,0.09067105284132194,38206.76953125
ideal NEMA1e9,440_ComptonOnly,650,lateral_edge,528443.125,2668.037353515625,102.27463389889034,140.76895702124085,-58.5,1596,4.541240707819889,0.02307665729309297,0.08734678395870418,54497.68359375
ideal NEMA1e9,440_ComptonOnly,700,full,562531.0625,2840.142822265625,102.27463389889034,140.76895702124085,-58.5,1596,4.541240707819889,0.02307665729309297,1.0,5778.2529296875
ideal NEMA1e9,440_ComptonOnly,700,internal_core,14008.59765625,70.72750091552734,117.66434268086468,-72.10480193080103,-7.5,57231,195.09290378792724,1.0,0.74353950013233,1031.6422119140625
ideal NEMA1e9,440_ComptonOnly,700,internal_background,14008.59765625,70.72750091552734,117.66434268086468,-72.10480193080103,-7.5,57231,195.09290378792724,1.0,0.6548627473189478,929.4550170898438
ideal NEMA1e9,440_ComptonOnly,700,axial_ends,562531.0625,2840.142822265625,102.27463389889034,140.76895702124085,-58.5,1596,4.541240707819889,0.02307665729309297,0.09043657383948753,40907.2578125
ideal NEMA1e9,440_ComptonOnly,700,lateral_edge,562531.0625,2840.142822265625,102.27463389889034,140.76895702124085,-58.5,1596,4.541240707819889,0.02307665729309297,0.08714413752910927,55762.4375
ideal NEMA1e9,440_ComptonOnly,750,full,590630.375,2982.012451171875,102.27463389889034,140.76895702124085,-58.5,1596,4.541240707819889,0.02307665729309297,1.0,5641.111328125
ideal NEMA1e9,440_ComptonOnly,750,internal_core,14067.537109375,71.02507781982422,117.66434268086468,-72.10480193080103,-7.5,57231,195.09290378792724,1.0,0.7437512186240095,1085.1666259765625
ideal NEMA1e9,440_ComptonOnly,750,internal_background,14067.537109375,71.02507781982422,117.66434268086468,-72.10480193080103,-7.5,57231,195.09290378792724,1.0,0.6552572530662129,993.2371826171875
ideal NEMA1e9,440_ComptonOnly,750,axial_ends,590630.375,2982.012451171875,102.27463389889034,140.76895702124085,-58.5,1596,4.541240707819889,0.02307665729309297,0.09022179690247306,43690.1484375
ideal NEMA1e9,440_ComptonOnly,750,lateral_edge,590630.375,2982.012451171875,102.27463389889034,140.76895702124085,-58.5,1596,4.541240707819889,0.02307665729309297,0.08695517127822258,56667.69921875
ideal NEMA1e9,440_ComptonOnly,800,full,613597.8125,3097.971923828125,102.27463389889034,140.76895702124085,-58.5,1596,4.541240707819889,0.02307665729309297,1.0,5857.48779296875
ideal NEMA1e9,440_ComptonOnly,800,internal_core,14095.884765625,71.16820526123047,117.66434268086468,-72.10480193080103,-7.5,57231,195.09290378792724,1.0,0.7438791731996992,1127.5855712890625
ideal NEMA1e9,440_ComptonOnly,800,internal_background,14095.884765625,71.16820526123047,117.66434268086468,-72.10480193080103,-7.5,57231,195.09290378792724,1.0,0.6555473466574665,1057.9510498046875
ideal NEMA1e9,440_ComptonOnly,800,axial_ends,613597.8125,3097.971923828125,102.27463389889034,140.76895702124085,-58.5,1596,4.541240707819889,0.02307665729309297,0.09002685551779008,45258.23046875
ideal NEMA1e9,440_ComptonOnly,800,lateral_edge,613597.8125,3097.971923828125,102.27463389889034,140.76895702124085,-58.5,1596,4.541240707819889,0.02307665729309297,0.08677914047125086,57223.91015625
ideal NEMA1e9,440_ComptonOnly,850,full,632248.0,3192.134033203125,102.27463389889034,140.76895702124085,-58.5,1596,4.541240707819889,0.02307665729309297,1.0,5979.6923828125
ideal NEMA1e9,440_ComptonOnly,850,internal_core,14100.361328125,71.19080352783203,117.66434268086468,-72.10480193080103,-7.5,57231,195.09290378792724,1.0,0.7439573991770035,1180.62646484375
ideal NEMA1e9,440_ComptonOnly,850,internal_background,14100.361328125,71.19080352783203,117.66434268086468,-72.10480193080103,-7.5,57231,195.09290378792724,1.0,0.6557650175222622,1123.5640869140625
ideal NEMA1e9,440_ComptonOnly,850,axial_ends,632248.0,3192.134033203125,102.27463389889034,140.76895702124085,-58.5,1596,4.541240707819889,0.02307665729309297,0.08985098284570277,45949.28125
ideal NEMA1e9,440_ComptonOnly,850,lateral_edge,632248.0,3192.134033203125,102.27463389889034,140.76895702124085,-58.5,1596,4.541240707819889,0.02307665729309297,0.08661538577075471,58812.70703125
ideal NEMA1e9,440_ComptonOnly,900,full,647307.375,3268.166748046875,102.27463389889034,140.76895702124085,-58.5,1596,4.541240707819889,0.02307665729309297,1.0,6254.18359375
ideal NEMA1e9,440_ComptonOnly,900,internal_core,14086.07421875,71.11866760253906,117.66434268086468,-72.10480193080103,-7.5,57231,195.09290378792724,1.0,0.7440088423832895,1240.2760009765625
ideal NEMA1e9,440_ComptonOnly,900,internal_background,14086.07421875,71.11866760253906,117.66434268086468,-72.10480193080103,-7.5,57231,195.09290378792724,1.0,0.6559320949592954,1190.03662109375
ideal NEMA1e9,440_ComptonOnly,900,axial_ends,647307.375,3268.166748046875,102.27463389889034,140.76895702124085,-58.5,1596,4.541240707819889,0.02307665729309297,0.08969284060661357,48188.703125
ideal NEMA1e9,440_ComptonOnly,900,lateral_edge,647307.375,3268.166748046875,102.27463389889034,140.76895702124085,-58.5,1596,4.541240707819889,0.02307665729309297,0.08646342213760035,64512.2578125
ideal NEMA1e9,440_ComptonOnly,950,full,659403.625,3329.2392578125,102.27463389889034,140.76895702124085,-58.5,1596,4.541240707819889,0.02307665729309297,1.0,6077.8818359375
ideal NEMA1e9,440_ComptonOnly,950,internal_core,14056.9775390625,70.97176361083984,117.66434268086468,-72.10480193080103,-7.5,57231,195.09290378792724,1.0,0.7440486524323474,1298.2281494140625
ideal NEMA1e9,440_ComptonOnly,950,internal_background,14056.9775390625,70.97176361083984,117.66434268086468,-72.10480193080103,-7.5,57231,195.09290378792724,1.0,0.656063432112866,1257.3282470703125
ideal NEMA1e9,440_ComptonOnly,950,axial_ends,659403.625,3329.2392578125,102.27463389889034,140.76895702124085,-58.5,1596,4.541240707819889,0.02307665729309297,0.0895508743813881,51213.6328125
ideal NEMA1e9,440_ComptonOnly,950,lateral_edge,659403.625,3329.2392578125,102.27463389889034,140.76895702124085,-58.5,1596,4.541240707819889,0.02307665729309297,0.08632285190985162,70698.6953125
ideal NEMA1e9,440_ComptonOnly,1000,full,669067.4375,3378.030517578125,102.27463389889034,140.76895702124085,-58.5,1596,4.541240707819889,0.02307665729309297,1.0,6251.1025390625
ideal NEMA1e9,440_ComptonOnly,1000,internal_core,14016.1982421875,70.76587677001953,117.66434268086468,-72.10480193080103,-7.5,57231,195.09290378792724,1.0,0.744086527020875,1344.3184814453125
ideal NEMA1e9,440_ComptonOnly,1000,internal_background,14016.1982421875,70.76587677001953,117.66434268086468,-72.10480193080103,-7.5,57231,195.09290378792724,1.0,0.6561690422823526,1326.3665771484375
ideal NEMA1e9,440_ComptonOnly,1000,axial_ends,669067.4375,3378.030517578125,102.27463389889034,140.76895702124085,-58.5,1596,4.541240707819889,0.02307665729309297,0.08942359093619845,54256.87109375
ideal NEMA1e9,440_ComptonOnly,1000,lateral_edge,669067.4375,3378.030517578125,102.27463389889034,140.76895702124085,-58.5,1596,4.541240707819889,0.02307665729309297,0.08619327439981758,76054.7109375
ideal NEMA1e9,440_ComptonOnly,1050,full,676741.625,3416.7763671875,102.27463389889034,140.76895702124085,-58.5,1596,4.541240707819889,0.02307665729309297,1.0,6200.78662109375
ideal NEMA1e9,440_ComptonOnly,1050,internal_core,13966.234375,70.51361846923828,117.66434268086468,-72.10480193080103,-7.5,57231,195.09290378792724,1.0,0.7441284174739214,1394.7757568359375
ideal NEMA1e9,440_ComptonOnly,1050,internal_background,13966.234375,70.51361846923828,117.66434268086468,-72.10480193080103,-7.5,57231,195.09290378792724,1.0,0.65625561066436,1393.62646484375
ideal NEMA1e9,440_ComptonOnly,1050,axial_ends,676741.625,3416.7763671875,102.27463389889034,140.76895702124085,-58.5,1596,4.541240707819889,0.02307665729309297,0.08930965972461861,54360.48046875
ideal NEMA1e9,440_ComptonOnly,1050,lateral_edge,676741.625,3416.7763671875,102.27463389889034,140.76895702124085,-58.5,1596,4.541240707819889,0.02307665729309297,0.08607420061847967,75520.15625
ideal NEMA1e9,440_ComptonOnly,1100,full,682793.0,3447.328857421875,102.27463389889034,140.76895702124085,-58.5,1596,4.541240707819889,0.02307665729309297,1.0,6339.4345703125
ideal NEMA1e9,440_ComptonOnly,1100,internal_core,13909.1728515625,70.22551727294922,117.66434268086468,-72.10480193080103,-7.5,57231,195.09290378792724,1.0,0.7441777120989668,1465.1380615234375
ideal NEMA1e9,440_ComptonOnly,1100,internal_background,13909.1728515625,70.22551727294922,117.66434268086468,-72.10480193080103,-7.5,57231,195.09290378792724,1.0,0.6563275153456196,1463.3450927734375
ideal NEMA1e9,440_ComptonOnly,1100,axial_ends,682793.0,3447.328857421875,102.27463389889034,140.76895702124085,-58.5,1596,4.541240707819889,0.02307665729309297,0.08920794531207188,54305.5625
ideal NEMA1e9,440_ComptonOnly,1100,lateral_edge,682793.0,3447.328857421875,102.27463389889034,140.76895702124085,-58.5,1596,4.541240707819889,0.02307665729309297,0.08596506412833257,74860.6328125
ideal NEMA1e9,440_ComptonOnly,1150,full,687524.875,3471.219482421875,102.27463389889034,140.76895702124085,-58.5,1596,4.541240707819889,0.02307665729309297,1.0,5952.91845703125
ideal NEMA1e9,440_ComptonOnly,1150,internal_core,13846.712890625,69.91017150878906,117.66434268086468,-72.10480193080103,-7.5,57231,195.09290378792724,1.0,0.7442361109226285,1551.494384765625
ideal NEMA1e9,440_ComptonOnly,1150,internal_background,13846.712890625,69.91017150878906,117.66434268086468,-72.10480193080103,-7.5,57231,195.09290378792724,1.0,0.6563875867868537,1554.4429931640625
ideal NEMA1e9,440_ComptonOnly,1150,axial_ends,687524.875,3471.219482421875,102.27463389889034,140.76895702124085,-58.5,1596,4.541240707819889,0.02307665729309297,0.08911748338141183,54156.83984375
ideal NEMA1e9,440_ComptonOnly,1150,lateral_edge,687524.875,3471.219482421875,102.27463389889034,140.76895702124085,-58.5,1596,4.541240707819889,0.02307665729309297,0.08586522261241346,74279.8125
ideal NEMA1e9,440_ComptonOnly,1200,full,691186.0,3489.7041015625,102.27463389889034,140.76895702124085,-58.5,1596,4.541240707819889,0.02307665729309297,1.0,6043.53369140625
ideal NEMA1e9,440_ComptonOnly,1200,internal_core,13780.302734375,69.57487487792969,117.66434268086468,-72.10480193080103,-7.5,57231,195.09290378792724,1.0,0.7443041819309428,1612.4681396484375
ideal NEMA1e9,440_ComptonOnly,1200,internal_background,13780.302734375,69.57487487792969,117.66434268086468,-72.10480193080103,-7.5,57231,195.09290378792724,1.0,0.6564375786648252,1629.5450439453125
ideal NEMA1e9,440_ComptonOnly,1200,axial_ends,691186.0,3489.7041015625,102.27463389889034,140.76895702124085,-58.5,1596,4.541240707819889,0.02307665729309297,0.08903743025430244,53916.75
ideal NEMA1e9,440_ComptonOnly,1200,lateral_edge,691186.0,3489.7041015625,102.27463389889034,140.76895702124085,-58.5,1596,4.541240707819889,0.02307665729309297,0.08577399315830732,80493.8046875
ideal NEMA1e9,440_ComptonOnly,1250,full,693980.5625,3503.8134765625,102.27463389889034,140.76895702124085,-58.5,1596,4.541240707819889,0.02307665729309297,1.0,5864.4033203125
ideal NEMA1e9,440_ComptonOnly,1250,internal_core,13711.134765625,69.22565460205078,117.66434268086468,-72.10480193080103,-7.5,57231,195.09290378792724,1.0,0.7443818237872387,1686.348876953125
ideal NEMA1e9,440_ComptonOnly,1250,internal_background,13711.134765625,69.22565460205078,117.66434268086468,-72.10480193080103,-7.5,57231,195.09290378792724,1.0,0.6564785893186191,1700.565185546875
ideal NEMA1e9,440_ComptonOnly,1250,axial_ends,693980.5625,3503.8134765625,102.27463389889034,140.76895702124085,-58.5,1596,4.541240707819889,0.02307665729309297,0.08896703528342484,53611.4921875
ideal NEMA1e9,440_ComptonOnly,1250,lateral_edge,693980.5625,3503.8134765625,102.27463389889034,140.76895702124085,-58.5,1596,4.541240707819889,0.02307665729309297,0.08569067992416855,86777.4375
ideal NEMA1e9,440_ComptonOnly,1300,full,696076.1875,3514.393798828125,102.27463389889034,140.76895702124085,-58.5,1596,4.541240707819889,0.02307665729309297,1.0,5685.92138671875
ideal NEMA1e9,440_ComptonOnly,1300,internal_core,13640.240234375,68.86771392822266,117.66434268086468,-72.10480193080103,-7.5,57231,195.09290378792724,1.0,0.7444684384958836,1746.1279296875
ideal NEMA1e9,440_ComptonOnly,1300,internal_background,13640.240234375,68.86771392822266,117.66434268086468,-72.10480193080103,-7.5,57231,195.09290378792724,1.0,0.6565112218573484,1773.3172607421875
ideal NEMA1e9,440_ComptonOnly,1300,axial_ends,696076.1875,3514.393798828125,102.27463389889034,140.76895702124085,-58.5,1596,4.541240707819889,0.02307665729309297,0.08890559626408848,53250.66796875
ideal NEMA1e9,440_ComptonOnly,1300,lateral_edge,696076.1875,3514.393798828125,102.27463389889034,140.76895702124085,-58.5,1596,4.541240707819889,0.02307665729309297,0.08561459557589718,92997.3203125
ideal NEMA1e9,440_ComptonOnly,1350,full,697608.9375,3522.132568359375,102.27463389889034,140.76895702124085,-58.5,1596,4.541240707819889,0.02307665729309297,1.0,5559.1064453125
ideal NEMA1e9,440_ComptonOnly,1350,internal_core,13568.470703125,68.50536346435547,117.66434268086468,-72.10480193080103,-7.5,57231,195.09290378792724,1.0,0.7445632327008297,1801.447021484375
ideal NEMA1e9,440_ComptonOnly,1350,internal_background,13568.470703125,68.50536346435547,117.66434268086468,-72.10480193080103,-7.5,57231,195.09290378792724,1.0,0.6565358470041804,1848.8193359375
ideal NEMA1e9,440_ComptonOnly,1350,axial_ends,697608.9375,3522.132568359375,102.27463389889034,140.76895702124085,-58.5,1596,4.541240707819889,0.02307665729309297,0.08885246197625823,54093.9296875
ideal NEMA1e9,440_ComptonOnly,1350,lateral_edge,697608.9375,3522.132568359375,102.27463389889034,140.76895702124085,-58.5,1596,4.541240707819889,0.02307665729309297,0.08554508710825992,99066.8203125
ideal NEMA1e9,440_ComptonOnly,1400,full,698691.5,3527.598388671875,102.27463389889034,140.76895702124085,-58.5,1596,4.541240707819889,0.02307665729309297,1.0,5599.9228515625
ideal NEMA1e9,440_ComptonOnly,1400,internal_core,13496.5146484375,68.1420669555664,117.66434268086468,-72.10480193080103,-7.5,57231,195.09290378792724,1.0,0.7446652910106153,1856.827880859375
ideal NEMA1e9,440_ComptonOnly,1400,internal_background,13496.5146484375,68.1420669555664,117.66434268086468,-72.10480193080103,-7.5,57231,195.09290378792724,1.0,0.6565526777025908,1929.308837890625
ideal NEMA1e9,440_ComptonOnly,1400,axial_ends,698691.5,3527.598388671875,102.27463389889034,140.76895702124085,-58.5,1596,4.541240707819889,0.02307665729309297,0.08880700299282572,54939.6875
ideal NEMA1e9,440_ComptonOnly,1400,lateral_edge,698691.5,3527.598388671875,102.27463389889034,140.76895702124085,-58.5,1596,4.541240707819889,0.02307665729309297,0.0854815392040583,105048.6796875
ideal NEMA1e9,440_ComptonOnly,1450,full,699413.6875,3531.244384765625,102.27463389889034,140.76895702124085,-58.5,1596,4.541240707819889,0.02307665729309297,1.0,5640.5537109375
ideal NEMA1e9,440_ComptonOnly,1450,internal_core,13424.9208984375,67.78060150146484,117.66434268086468,-72.10480193080103,-7.5,57231,195.09290378792724,1.0,0.7447736524803694,1912.20703125
ideal NEMA1e9,440_ComptonOnly,1450,internal_background,13424.9208984375,67.78060150146484,117.66434268086468,-72.10480193080103,-7.5,57231,195.09290378792724,1.0,0.6565618463270688,2012.172119140625
ideal NEMA1e9,440_ComptonOnly,1450,axial_ends,699413.6875,3531.244384765625,102.27463389889034,140.76895702124085,-58.5,1596,4.541240707819889,0.02307665729309297,0.08876861719257849,55730.68359375
ideal NEMA1e9,440_ComptonOnly,1450,lateral_edge,699413.6875,3531.244384765625,102.27463389889034,140.76895702124085,-58.5,1596,4.541240707819889,0.02307665729309297,0.08542338299742869,110898.109375
ideal NEMA1e9,440_ComptonOnly,1500,full,699849.0625,3533.442626953125,102.27463389889034,140.76895702124085,-58.5,1596,4.541240707819889,0.02307665729309297,1.0,5675.17236328125
ideal NEMA1e9,440_ComptonOnly,1500,internal_core,13354.1875,67.42347717285156,117.66434268086468,-72.10480193080103,-7.5,57231,195.09290378792724,1.0,0.7448874055025035,1985.0755615234375
ideal NEMA1e9,440_ComptonOnly,1500,internal_background,13354.1875,67.42347717285156,117.66434268086468,-72.10480193080103,-7.5,57231,195.09290378792724,1.0,0.656563484161835,2097.426513671875
ideal NEMA1e9,440_ComptonOnly,1500,axial_ends,699849.0625,3533.442626953125,102.27463389889034,140.76895702124085,-58.5,1596,4.541240707819889,0.02307665729309297,0.0887367397085136,56495.04296875
ideal NEMA1e9,440_ComptonOnly,1500,lateral_edge,699849.0625,3533.442626953125,102.27463389889034,140.76895702124085,-58.5,1596,4.541240707819889,0.02307665729309297,0.08537010264180625,116576.0703125
ideal NEMA1e9,440_ComptonOnly,1550,full,700057.5625,3534.495361328125,102.27463389889034,140.76895702124085,-58.5,1596,4.541240707819889,0.02307665729309297,1.0,5707.74072265625
ideal NEMA1e9,440_ComptonOnly,1550,internal_core,13284.677734375,67.0725326538086,117.66434268086468,-72.10480193080103,-7.5,57231,195.09290378792724,1.0,0.7450056469027281,2051.924072265625
ideal NEMA1e9,440_ComptonOnly,1550,internal_background,13284.677734375,67.0725326538086,117.66434268086468,-72.10480193080103,-7.5,57231,195.09290378792724,1.0,0.6565576857166654,2175.324951171875
ideal NEMA1e9,440_ComptonOnly,1550,axial_ends,700057.5625,3534.495361328125,102.27463389889034,140.76895702124085,-58.5,1596,4.541240707819889,0.02307665729309297,0.08871081562971277,57235.92578125
ideal NEMA1e9,440_ComptonOnly,1550,lateral_edge,700057.5625,3534.495361328125,102.27463389889034,140.76895702124085,-58.5,1596,4.541240707819889,0.02307665729309297,0.08532121587421009,119303.109375
ideal NEMA1e9,440_ComptonOnly,1600,full,700087.6875,3534.6474609375,102.27463389889034,140.76895702124085,-58.5,1596,4.541240707819889,0.02307665729309297,1.0,5846.85791015625
ideal NEMA1e9,440_ComptonOnly,1600,internal_core,13216.69921875,66.72931671142578,117.66434268086468,-72.10480193080103,-7.5,57231,195.09290378792724,1.0,0.7451275831839113,2126.6611328125
ideal NEMA1e9,440_ComptonOnly,1600,internal_background,13216.69921875,66.72931671142578,117.66434268086468,-72.10480193080103,-7.5,57231,195.09290378792724,1.0,0.6565446150180283,2253.903076171875
ideal NEMA1e9,440_ComptonOnly,1600,axial_ends,700087.6875,3534.6474609375,102.27463389889034,140.76895702124085,-58.5,1596,4.541240707819889,0.02307665729309297,0.08869032669930028,58602.15625
ideal NEMA1e9,440_ComptonOnly,1600,lateral_edge,700087.6875,3534.6474609375,102.27463389889034,140.76895702124085,-58.5,1596,4.541240707819889,0.02307665729309297,0.08527628740934001,120078.2265625
ideal NEMA1e9,440_ComptonOnly,1650,full,699978.4375,3534.095947265625,102.27463389889034,140.76895702124085,-58.5,1596,4.541240707819889,0.02307665729309297,1.0,5697.77001953125
ideal NEMA1e9,440_ComptonOnly,1650,internal_core,13150.5,66.39508819580078,117.66434268086468,-72.10480193080103,-7.5,57231,195.09290378792724,1.0,0.7452524700773079,2220.35986328125
ideal NEMA1e9,440_ComptonOnly,1650,internal_background,13150.5,66.39508819580078,117.66434268086468,-72.10480193080103,-7.5,57231,195.09290378792724,1.0,0.6565244370374873,2359.234375
ideal NEMA1e9,440_ComptonOnly,1650,axial_ends,699978.4375,3534.095947265625,102.27463389889034,140.76895702124085,-58.5,1596,4.541240707819889,0.02307665729309297,0.08867479316982466,58799.72265625
ideal NEMA1e9,440_ComptonOnly,1650,lateral_edge,699978.4375,3534.095947265625,102.27463389889034,140.76895702124085,-58.5,1596,4.541240707819889,0.02307665729309297,0.08523493867189132,120742.125
ideal NEMA1e9,440_ComptonOnly,1700,full,699761.375,3533.0,102.27463389889034,140.76895702124085,-58.5,1596,4.541240707819889,0.02307665729309297,1.0,5513.9921875
ideal NEMA1e9,440_ComptonOnly,1700,internal_core,13086.25,66.07069396972656,117.66434268086468,-72.10480193080103,-7.5,57231,195.09290378792724,1.0,0.7453796515289095,2322.419921875
ideal NEMA1e9,440_ComptonOnly,1700,internal_background,13086.25,66.07069396972656,117.66434268086468,-72.10480193080103,-7.5,57231,195.09290378792724,1.0,0.6564973434310841,2451.513671875
ideal NEMA1e9,440_ComptonOnly,1700,axial_ends,699761.375,3533.0,102.27463389889034,140.76895702124085,-58.5,1596,4.541240707819889,0.02307665729309297,0.08866376396924215,58750.796875
ideal NEMA1e9,440_ComptonOnly,1700,lateral_edge,699761.375,3533.0,102.27463389889034,140.76895702124085,-58.5,1596,4.541240707819889,0.02307665729309297,0.08519681415753286,121305.953125
ideal NEMA1e9,440_ComptonOnly,1750,full,699461.75,3531.487060546875,102.27463389889034,140.76895702124085,-58.5,1596,4.541240707819889,0.02307665729309297,1.0,5345.2177734375
ideal NEMA1e9,440_ComptonOnly,1750,internal_core,13024.0986328125,65.75690460205078,117.66434268086468,-72.10480193080103,-7.5,57231,195.09290378792724,1.0,0.7455085590004873,2412.47900390625
ideal NEMA1e9,440_ComptonOnly,1750,internal_background,13024.0986328125,65.75690460205078,117.66434268086468,-72.10480193080103,-7.5,57231,195.09290378792724,1.0,0.6564635846421174,2542.345458984375
ideal NEMA1e9,440_ComptonOnly,1750,axial_ends,699461.75,3531.487060546875,102.27463389889034,140.76895702124085,-58.5,1596,4.541240707819889,0.02307665729309297,0.08865681158333806,58625.09765625
ideal NEMA1e9,440_ComptonOnly,1750,lateral_edge,699461.75,3531.487060546875,102.27463389889034,140.76895702124085,-58.5,1596,4.541240707819889,0.02307665729309297,0.08516158966390867,121779.671875
ideal NEMA1e9,440_ComptonOnly,1800,full,699100.6875,3529.664306640625,102.27463389889034,140.76895702124085,-58.5,1596,4.541240707819889,0.02307665729309297,1.0,5261.80322265625
ideal NEMA1e9,440_ComptonOnly,1800,internal_core,12964.1376953125,65.45417022705078,117.66434268086468,-72.10480193080103,-7.5,57231,195.09290378792724,1.0,0.74563867206594,2484.3125
ideal NEMA1e9,440_ComptonOnly,1800,internal_background,12964.1376953125,65.45417022705078,117.66434268086468,-72.10480193080103,-7.5,57231,195.09290378792724,1.0,0.6564233958613732,2634.79296875
ideal NEMA1e9,440_ComptonOnly,1800,axial_ends,699100.6875,3529.664306640625,102.27463389889034,140.76895702124085,-58.5,1596,4.541240707819889,0.02307665729309297,0.08865355350316632,58444.78515625
ideal NEMA1e9,440_ComptonOnly,1800,lateral_edge,699100.6875,3529.664306640625,102.27463389889034,140.76895702124085,-58.5,1596,4.541240707819889,0.02307665729309297,0.08512898267752557,122172.3671875
ideal NEMA1e9,440_ComptonOnly,1850,full,698694.625,3527.614013671875,102.27463389889034,140.76895702124085,-58.5,1596,4.541240707819889,0.02307665729309297,1.0,5214.99462890625
ideal NEMA1e9,440_ComptonOnly,1850,internal_core,12906.4267578125,65.16278839111328,117.66434268086468,-72.10480193080103,-7.5,57231,195.09290378792724,1.0,0.745769545557335,2555.936279296875
ideal NEMA1e9,440_ComptonOnly,1850,internal_background,12906.4267578125,65.16278839111328,117.66434268086468,-72.10480193080103,-7.5,57231,195.09290378792724,1.0,0.6563770476560802,2728.803466796875
ideal NEMA1e9,440_ComptonOnly,1850,axial_ends,698694.625,3527.614013671875,102.27463389889034,140.76895702124085,-58.5,1596,4.541240707819889,0.02307665729309297,0.08865363698968837,58226.36328125
ideal NEMA1e9,440_ComptonOnly,1850,lateral_edge,698694.625,3527.614013671875,102.27463389889034,140.76895702124085,-58.5,1596,4.541240707819889,0.02307665729309297,0.08509873444938583,122492.34375
ideal NEMA1e9,440_ComptonOnly,1900,full,698257.75,3525.408447265625,102.27463389889034,140.76895702124085,-58.5,1596,4.541240707819889,0.02307665729309297,1.0,5154.4365234375
ideal NEMA1e9,440_ComptonOnly,1900,internal_core,12851.0146484375,64.88302612304688,117.66434268086468,-72.10480193080103,-7.5,57231,195.09290378792724,1.0,0.7459008143551231,2660.63427734375
ideal NEMA1e9,440_ComptonOnly,1900,internal_background,12851.0146484375,64.88302612304688,117.66434268086468,-72.10480193080103,-7.5,57231,195.09290378792724,1.0,0.6563248426278238,2840.8994140625
ideal NEMA1e9,440_ComptonOnly,1900,axial_ends,698257.75,3525.408447265625,102.27463389889034,140.76895702124085,-58.5,1596,4.541240707819889,0.02307665729309297,0.08865672886773043,57973.31640625
ideal NEMA1e9,440_ComptonOnly,1900,lateral_edge,698257.75,3525.408447265625,102.27463389889034,140.76895702124085,-58.5,1596,4.541240707819889,0.02307665729309297,0.08507060750796804,122747.078125
ideal NEMA1e9,440_ComptonOnly,1950,full,697800.375,3523.09912109375,102.27463389889034,140.76895702124085,-58.5,1596,4.541240707819889,0.02307665729309297,1.0,5094.13525390625
ideal NEMA1e9,440_ComptonOnly,1950,internal_core,12797.904296875,64.61487579345703,117.66434268086468,-72.10480193080103,-7.5,57231,195.09290378792724,1.0,0.7460321706334819,2785.312744140625
ideal NEMA1e9,440_ComptonOnly,1950,internal_background,12797.904296875,64.61487579345703,117.66434268086468,-72.10480193080103,-7.5,57231,195.09290378792724,1.0,0.6562670919189606,2957.076171875
ideal NEMA1e9,440_ComptonOnly,1950,axial_ends,697800.375,3523.09912109375,102.27463389889034,140.76895702124085,-58.5,1596,4.541240707819889,0.02307665729309297,0.08866252710258092,57941.52734375
ideal NEMA1e9,440_ComptonOnly,1950,lateral_edge,697800.375,3523.09912109375,102.27463389889034,140.76895702124085,-58.5,1596,4.541240707819889,0.02307665729309297,0.08504438847440318,122943.4375
ideal NEMA1e9,440_ComptonOnly,2000,full,697330.9375,3520.72900390625,102.27463389889034,140.76895702124085,-58.5,1596,4.541240707819889,0.02307665729309297,1.0,5037.16015625
ideal NEMA1e9,440_ComptonOnly,2000,internal_core,12747.0986328125,64.35836791992188,117.66434268086468,-72.10480193080103,-7.5,57231,195.09290378792724,1.0,0.7461633153482162,2902.348876953125
ideal NEMA1e9,440_ComptonOnly,2000,internal_background,12747.0986328125,64.35836791992188,117.66434268086468,-72.10480193080103,-7.5,57231,195.09290378792724,1.0,0.6562040768480399,3064.84814453125
ideal NEMA1e9,440_ComptonOnly,2000,axial_ends,697330.9375,3520.72900390625,102.27463389889034,140.76895702124085,-58.5,1596,4.541240707819889,0.02307665729309297,0.08867076953778721,58110.23046875
ideal NEMA1e9,440_ComptonOnly,2000,lateral_edge,697330.9375,3520.72900390625,102.27463389889034,140.76895702124085,-58.5,1596,4.541240707819889,0.02307665729309297,0.08501989664537592,123037.7578125
ideal NEMA1e9,440_SinglePlusCompton,50,full,269.85772705078125,1.4660077095031738,-72.74613391789285,41.99999999999999,37.5,106078,158.33626974092513,1.0,1.0,109.81098937988281
ideal NEMA1e9,440_SinglePlusCompton,50,internal_core,217.91725158691406,1.1838399171829224,117.66434268086468,-72.10480193080103,-7.5,57231,195.09290378792724,1.0,0.3417657333263827,111.53114318847656
ideal NEMA1e9,440_SinglePlusCompton,50,internal_background,217.91725158691406,1.1838399171829224,117.66434268086468,-72.10480193080103,-7.5,57231,195.09290378792724,1.0,0.25719641562577666,109.95866394042969
ideal NEMA1e9,440_SinglePlusCompton,50,axial_ends,87.61988067626953,0.47599679231643677,-2.7554552980815446e-14,-150.0,55.5,126699,105.84076353961677,0.4991135021614922,0.21612718384514593,83.97628784179688
ideal NEMA1e9,440_SinglePlusCompton,50,lateral_edge,100.61637878417969,0.5466005802154541,11.768864359176781,-149.5376000599692,-1.5,63981,116.33510172484155,0.5486016739142787,0.12818635959288133,97.55149841308594
ideal NEMA1e9,440_SinglePlusCompton,100,full,495.3445129394531,2.690969228744507,-72.74613391789285,41.99999999999999,37.5,106078,158.33626974092513,1.0,1.0,156.90924072265625
ideal NEMA1e9,440_SinglePlusCompton,100,internal_core,391.4702453613281,2.1266701221466064,117.66434268086468,-72.10480193080103,-7.5,57231,195.09290378792724,1.0,0.3994868951561924,161.1599578857422
ideal NEMA1e9,440_SinglePlusCompton,100,internal_background,391.4702453613281,2.1266701221466064,117.66434268086468,-72.10480193080103,-7.5,57231,195.09290378792724,1.0,0.3109142071411889,155.63986206054688
ideal NEMA1e9,440_SinglePlusCompton,100,axial_ends,86.3006591796875,0.4688301086425781,7.4164078649987335,-22.825356391083687,-46.5,13281,135.71680263507906,1.0,0.18947730677307906,84.62408447265625
ideal NEMA1e9,440_SinglePlusCompton,100,lateral_edge,91.57025909423828,0.4974573254585266,21.587956175551835,-136.30099100212902,-1.5,63822,195.09290378792724,1.0,0.10100277210507361,89.07826232910156
ideal NEMA1e9,440_SinglePlusCompton,150,full,707.2615356445312,3.8422129154205322,-72.74613391789285,41.99999999999999,37.5,106078,158.33626974092513,1.0,1.0,201.05648803710938
ideal NEMA1e9,440_SinglePlusCompton,150,internal_core,575.5086059570312,3.126462459564209,117.66434268086468,-72.10480193080103,-7.5,57231,195.09290378792724,1.0,0.44549599235892845,207.9829864501953
ideal NEMA1e9,440_SinglePlusCompton,150,internal_background,575.5086059570312,3.126462459564209,117.66434268086468,-72.10480193080103,-7.5,57231,195.09290378792724,1.0,0.35311170217255344,200.248291015625
ideal NEMA1e9,440_SinglePlusCompton,150,axial_ends,151.60968017578125,0.8236227035522461,-231.3510865670048,-63.84884293600199,58.5,131696,1.9327916160870293,0.00996895082253595,0.16901265687950712,85.92770385742188
ideal NEMA1e9,440_SinglePlusCompton,150,lateral_edge,151.60968017578125,0.8236227035522461,-231.3510865670048,-63.84884293600199,58.5,131696,1.9327916160870293,0.00996895082253595,0.08498382042392194,79.28240966796875
ideal NEMA1e9,440_SinglePlusCompton,200,full,903.803466796875,4.909931182861328,-72.74613391789285,41.99999999999999,37.5,106078,158.33626974092513,1.0,1.0,240.02857971191406
ideal NEMA1e9,440_SinglePlusCompton,200,internal_core,765.1796264648438,4.156854152679443,117.66434268086468,-72.10480193080103,-7.5,57231,195.09290378792724,1.0,0.4820797940610892,250.64151000976562
ideal NEMA1e9,440_SinglePlusCompton,200,internal_background,765.1796264648438,4.156854152679443,117.66434268086468,-72.10480193080103,-7.5,57231,195.09290378792724,1.0,0.38676996329972274,238.94259643554688
ideal NEMA1e9,440_SinglePlusCompton,200,axial_ends,438.3078308105469,2.3811163902282715,-231.3510865670048,-63.84884293600199,58.5,131696,1.9327916160870293,0.00996895082253595,0.15341998777801444,86.6190185546875
ideal NEMA1e9,440_SinglePlusCompton,200,lateral_edge,438.3078308105469,2.3811163902282715,-231.3510865670048,-63.84884293600199,58.5,131696,1.9327916160870293,0.00996895082253595,0.07592127610627951,94.1043472290039
ideal NEMA1e9,440_SinglePlusCompton,250,full,1088.8018798828125,5.914938449859619,67.95742752749558,-49.37396119256776,31.5,99505,158.33626974092647,1.0,1.0,275.453857421875
ideal NEMA1e9,440_SinglePlusCompton,250,internal_core,958.0853881835938,5.2048187255859375,117.66434268086468,-72.10480193080103,-7.5,57231,195.09290378792724,1.0,0.5114746233249761,288.87164306640625
ideal NEMA1e9,440_SinglePlusCompton,250,internal_background,958.0853881835938,5.2048187255859375,117.66434268086468,-72.10480193080103,-7.5,57231,195.09290378792724,1.0,0.41405423253916934,272.3069152832031
ideal NEMA1e9,440_SinglePlusCompton,250,axial_ends,1073.1861572265625,5.830105781555176,-231.3510865670048,-63.84884293600199,58.5,131696,1.9327916160870293,0.00996895082253595,0.1415239801580712,171.7962646484375
ideal NEMA1e9,440_SinglePlusCompton,250,lateral_edge,1073.1861572265625,5.830105781555176,-231.3510865670048,-63.84884293600199,58.5,131696,1.9327916160870293,0.00996895082253595,0.07106638277495095,190.60842895507812
ideal NEMA1e9,440_SinglePlusCompton,300,full,2197.43359375,11.937602996826172,-231.3510865670048,-63.84884293600199,58.5,131696,1.9327916160870293,0.00996895082253595,1.0,309.4098205566406
ideal NEMA1e9,440_SinglePlusCompton,300,internal_core,1152.87744140625,6.263030529022217,117.66434268086468,-72.10480193080103,-7.5,57231,195.09290378792724,1.0,0.5355022963336962,324.7355041503906
ideal NEMA1e9,440_SinglePlusCompton,300,internal_background,1152.87744140625,6.263030529022217,117.66434268086468,-72.10480193080103,-7.5,57231,195.09290378792724,1.0,0.43659927098978807,300.9688415527344
ideal NEMA1e9,440_SinglePlusCompton,300,axial_ends,2197.43359375,11.937602996826172,-231.3510865670048,-63.84884293600199,58.5,131696,1.9327916160870293,0.00996895082253595,0.13235310832089922,289.0475158691406
ideal NEMA1e9,440_SinglePlusCompton,300,lateral_edge,2197.43359375,11.937602996826172,-231.3510865670048,-63.84884293600199,58.5,131696,1.9327916160870293,0.00996895082253595,0.06871920383218086,328.8110656738281
ideal NEMA1e9,440_SinglePlusCompton,350,full,3854.449951171875,20.93937873840332,-231.3510865670048,-63.84884293600199,58.5,131696,1.9327916160870293,0.00996895082253595,1.0,341.8541564941406
ideal NEMA1e9,440_SinglePlusCompton,350,internal_core,1348.6126708984375,7.326365947723389,117.66434268086468,-72.10480193080103,-7.5,57231,195.09290378792724,1.0,0.5555075163174635,357.1115417480469
ideal NEMA1e9,440_SinglePlusCompton,350,internal_background,1348.6126708984375,7.326365947723389,117.66434268086468,-72.10480193080103,-7.5,57231,195.09290378792724,1.0,0.45557420404244514,324.7870178222656
ideal NEMA1e9,440_SinglePlusCompton,350,axial_ends,3854.449951171875,20.93937873840332,-231.3510865670048,-63.84884293600199,58.5,131696,1.9327916160870293,0.00996895082253595,0.1251745963385938,438.671630859375
ideal NEMA1e9,440_SinglePlusCompton,350,lateral_edge,3854.449951171875,20.93937873840332,-231.3510865670048,-63.84884293600199,58.5,131696,1.9327916160870293,0.00996895082253595,0.06785750557002987,485.3860168457031
ideal NEMA1e9,440_SinglePlusCompton,400,full,5980.64892578125,32.48999786376953,-231.3510865670048,-63.84884293600199,58.5,131696,1.9327916160870293,0.00996895082253595,1.0,371.6423034667969
ideal NEMA1e9,440_SinglePlusCompton,400,internal_core,1544.48876953125,8.390466690063477,117.66434268086468,-72.10480193080103,-7.5,57231,195.09290378792724,1.0,0.5724493815248857,387.9185791015625
ideal NEMA1e9,440_SinglePlusCompton,400,internal_background,1544.48876953125,8.390466690063477,117.66434268086468,-72.10480193080103,-7.5,57231,195.09290378792724,1.0,0.4718015951333252,345.1332702636719
ideal NEMA1e9,440_SinglePlusCompton,400,axial_ends,5980.64892578125,32.48999786376953,-231.3510865670048,-63.84884293600199,58.5,131696,1.9327916160870293,0.00996895082253595,0.11946904950077124,602.6153564453125
ideal NEMA1e9,440_SinglePlusCompton,400,lateral_edge,5980.64892578125,32.48999786376953,-231.3510865670048,-63.84884293600199,58.5,131696,1.9327916160870293,0.00996895082253595,0.06787681027698271,664.2605590820312
ideal NEMA1e9,440_SinglePlusCompton,450,full,8451.51953125,45.913055419921875,-231.3510865670048,-63.84884293600199,58.5,131696,1.9327916160870293,0.00996895082253595,1.0,400.4664611816406
ideal NEMA1e9,440_SinglePlusCompton,450,internal_core,1739.7352294921875,9.451147079467773,117.66434268086468,-72.10480193080103,-7.5,57231,195.09290378792724,1.0,0.5870123160545067,417.02569580078125
ideal NEMA1e9,440_SinglePlusCompton,450,internal_background,1739.7352294921875,9.451147079467773,117.66434268086468,-72.10480193080103,-7.5,57231,195.09290378792724,1.0,0.4858672953924764,365.4811096191406
ideal NEMA1e9,440_SinglePlusCompton,450,axial_ends,8451.51953125,45.913055419921875,-231.3510865670048,-63.84884293600199,58.5,131696,1.9327916160870293,0.00996895082253595,0.11487737240715187,767.16259765625
ideal NEMA1e9,440_SinglePlusCompton,450,lateral_edge,8451.51953125,45.913055419921875,-231.3510865670048,-63.84884293600199,58.5,131696,1.9327916160870293,0.00996895082253595,0.06842124743163071,854.5370483398438
ideal NEMA1e9,440_SinglePlusCompton,500,full,11133.125,60.48093032836914,-231.3510865670048,-63.84884293600199,58.5,131696,1.9327916160870293,0.00996895082253595,1.0,432.7698669433594
ideal NEMA1e9,440_SinglePlusCompton,500,internal_core,1933.6209716796875,10.504435539245605,117.66434268086468,-72.10480193080103,-7.5,57231,195.09290378792724,1.0,0.5996932362694362,444.033935546875
ideal NEMA1e9,440_SinglePlusCompton,500,internal_background,1933.6209716796875,10.504435539245605,117.66434268086468,-72.10480193080103,-7.5,57231,195.09290378792724,1.0,0.4981990796762357,386.2432556152344
ideal NEMA1e9,440_SinglePlusCompton,500,axial_ends,11133.125,60.48093032836914,-231.3510865670048,-63.84884293600199,58.5,131696,1.9327916160870293,0.00996895082253595,0.11114869804960881,936.8175659179688
ideal NEMA1e9,440_SinglePlusCompton,500,lateral_edge,11133.125,60.48093032836914,-231.3510865670048,-63.84884293600199,58.5,131696,1.9327916160870293,0.00996895082253595,0.06927798286297913,1048.23193359375
ideal NEMA1e9,440_SinglePlusCompton,550,full,13912.4619140625,75.5797348022461,-231.3510865670048,-63.84884293600199,58.5,131696,1.9327916160870293,0.00996895082253595,1.0,471.4151306152344
ideal NEMA1e9,440_SinglePlusCompton,550,internal_core,2125.504638671875,11.546847343444824,117.66434268086468,-72.10480193080103,-7.5,57231,195.09290378792724,1.0,0.6108606659169953,470.54644775390625
ideal NEMA1e9,440_SinglePlusCompton,550,internal_background,2125.504638671875,11.546847343444824,117.66434268086468,-72.10480193080103,-7.5,57231,195.09290378792724,1.0,0.5091173270411364,401.5272521972656
ideal NEMA1e9,440_SinglePlusCompton,550,axial_ends,13912.4619140625,75.5797348022461,-231.3510865670048,-63.84884293600199,58.5,131696,1.9327916160870293,0.00996895082253595,0.10810211104262381,1167.2666015625
ideal NEMA1e9,440_SinglePlusCompton,550,lateral_edge,13912.4619140625,75.5797348022461,-231.3510865670048,-63.84884293600199,58.5,131696,1.9327916160870293,0.00996895082253595,0.0703155530236156,1273.3704833984375
ideal NEMA1e9,440_SinglePlusCompton,600,full,16706.66015625,90.75927734375,-231.3510865670048,-63.84884293600199,58.5,131696,1.9327916160870293,0.00996895082253595,1.0,497.9255065917969
ideal NEMA1e9,440_SinglePlusCompton,600,internal_core,2314.8759765625,12.575611114501953,117.66434268086468,-72.10480193080103,-7.5,57231,195.09290378792724,1.0,0.6207931271489081,496.8621826171875
ideal NEMA1e9,440_SinglePlusCompton,600,internal_background,2314.8759765625,12.575611114501953,117.66434268086468,-72.10480193080103,-7.5,57231,195.09290378792724,1.0,0.5188670239971643,418.6350402832031
ideal NEMA1e9,440_SinglePlusCompton,600,axial_ends,16706.66015625,90.75927734375,-231.3510865670048,-63.84884293600199,58.5,131696,1.9327916160870293,0.00996895082253595,0.10560231648595292,1395.1732177734375
ideal NEMA1e9,440_SinglePlusCompton,600,lateral_edge,16706.66015625,90.75927734375,-231.3510865670048,-63.84884293600199,58.5,131696,1.9327916160870293,0.00996895082253595,0.0714497365473868,1478.9781494140625
ideal NEMA1e9,440_SinglePlusCompton,650,full,19460.740234375,105.72087097167969,-231.3510865670048,-63.84884293600199,58.5,131696,1.9327916160870293,0.00996895082253595,1.0,531.5230712890625
ideal NEMA1e9,440_SinglePlusCompton,650,internal_core,2501.373779296875,13.588764190673828,117.66434268086468,-72.10480193080103,-7.5,57231,195.09290378792724,1.0,0.6297043446971367,523.1236572265625
ideal NEMA1e9,440_SinglePlusCompton,650,internal_background,2501.373779296875,13.588764190673828,117.66434268086468,-72.10480193080103,-7.5,57231,195.09290378792724,1.0,0.5276385304530344,435.4134826660156
ideal NEMA1e9,440_SinglePlusCompton,650,axial_ends,19460.740234375,105.72087097167969,-231.3510865670048,-63.84884293600199,58.5,131696,1.9327916160870293,0.00996895082253595,0.10354502254687764,1536.447021484375
ideal NEMA1e9,440_SinglePlusCompton,650,lateral_edge,19460.740234375,105.72087097167969,-231.3510865670048,-63.84884293600199,58.5,131696,1.9327916160870293,0.00996895082253595,0.07262499927922762,1655.768310546875
ideal NEMA1e9,440_SinglePlusCompton,700,full,22141.263671875,120.28286743164062,-231.3510865670048,-63.84884293600199,58.5,131696,1.9327916160870293,0.00996895082253595,1.0,571.8159790039062
ideal NEMA1e9,440_SinglePlusCompton,700,internal_core,2684.78076171875,14.585126876831055,117.66434268086468,-72.10480193080103,-7.5,57231,195.09290378792724,1.0,0.6377604087634189,546.849365234375
ideal NEMA1e9,440_SinglePlusCompton,700,internal_background,2684.78076171875,14.585126876831055,117.66434268086468,-72.10480193080103,-7.5,57231,195.09290378792724,1.0,0.5355817154807293,450.1455078125
ideal NEMA1e9,440_SinglePlusCompton,700,axial_ends,22141.263671875,120.28286743164062,-231.3510865670048,-63.84884293600199,58.5,131696,1.9327916160870293,0.00996895082253595,0.10184807424023704,1627.3780517578125
ideal NEMA1e9,440_SinglePlusCompton,700,lateral_edge,22141.263671875,120.28286743164062,-231.3510865670048,-63.84884293600199,58.5,131696,1.9327916160870293,0.00996895082253595,0.07380416673686625,1808.7889404296875
ideal NEMA1e9,440_SinglePlusCompton,750,full,24729.740234375,134.34481811523438,-231.3510865670048,-63.84884293600199,58.5,131696,1.9327916160870293,0.00996895082253595,1.0,609.6634521484375
ideal NEMA1e9,440_SinglePlusCompton,750,internal_core,2865.00244140625,15.56418514251709,117.66434268086468,-72.10480193080103,-7.5,57231,195.09290378792724,1.0,0.6450918466655712,571.8027954101562
ideal NEMA1e9,440_SinglePlusCompton,750,internal_background,2865.00244140625,15.56418514251709,117.66434268086468,-72.10480193080103,-7.5,57231,195.09290378792724,1.0,0.5428159424127991,468.1351623535156
ideal NEMA1e9,440_SinglePlusCompton,750,axial_ends,24729.740234375,134.34481811523438,-231.3510865670048,-63.84884293600199,58.5,131696,1.9327916160870293,0.00996895082253595,0.10044582440254927,1745.46875
ideal NEMA1e9,440_SinglePlusCompton,750,lateral_edge,24729.740234375,134.34481811523438,-231.3510865670048,-63.84884293600199,58.5,131696,1.9327916160870293,0.00996895082253595,0.07496236430229775,1947.5048828125
ideal NEMA1e9,440_SinglePlusCompton,800,full,27217.673828125,147.86058044433594,-231.3510865670048,-63.84884293600199,58.5,131696,1.9327916160870293,0.00996895082253595,1.0,658.9415893554688
ideal NEMA1e9,440_SinglePlusCompton,800,internal_core,3042.037841796875,16.52593231201172,117.66434268086468,-72.10480193080103,-7.5,57231,195.09290378792724,1.0,0.6518023737554456,595.8085327148438
ideal NEMA1e9,440_SinglePlusCompton,800,internal_background,3042.037841796875,16.52593231201172,117.66434268086468,-72.10480193080103,-7.5,57231,195.09290378792724,1.0,0.5494373479779096,488.34906005859375
ideal NEMA1e9,440_SinglePlusCompton,800,axial_ends,27217.673828125,147.86058044433594,-231.3510865670048,-63.84884293600199,58.5,131696,1.9327916160870293,0.00996895082253595,0.09928530935875603,1950.936767578125
ideal NEMA1e9,440_SinglePlusCompton,800,lateral_edge,27217.673828125,147.86058044433594,-231.3510865670048,-63.84884293600199,58.5,131696,1.9327916160870293,0.00996895082253595,0.07608321875752289,2062.807861328125
ideal NEMA1e9,440_SinglePlusCompton,850,full,29602.892578125,160.81832885742188,-231.3510865670048,-63.84884293600199,58.5,131696,1.9327916160870293,0.00996895082253595,1.0,725.8363647460938
ideal NEMA1e9,440_SinglePlusCompton,850,internal_core,3215.947265625,17.470699310302734,117.66434268086468,-72.10480193080103,-7.5,57231,195.09290378792724,1.0,0.6579752953809367,620.8597412109375
ideal NEMA1e9,440_SinglePlusCompton,850,internal_background,3215.947265625,17.470699310302734,117.66434268086468,-72.10480193080103,-7.5,57231,195.09290378792724,1.0,0.5555242274081179,507.3381652832031
ideal NEMA1e9,440_SinglePlusCompton,850,axial_ends,29602.892578125,160.81832885742188,-231.3510865670048,-63.84884293600199,58.5,131696,1.9327916160870293,0.00996895082253595,0.09832350882155905,2103.361083984375
ideal NEMA1e9,440_SinglePlusCompton,850,lateral_edge,29602.892578125,160.81832885742188,-231.3510865670048,-63.84884293600199,58.5,131696,1.9327916160870293,0.00996895082253595,0.07715632458167568,2296.137939453125
ideal NEMA1e9,440_SinglePlusCompton,900,full,31887.19921875,173.2278594970703,-231.3510865670048,-63.84884293600199,58.5,131696,1.9327916160870293,0.00996895082253595,1.0,773.7855834960938
ideal NEMA1e9,440_SinglePlusCompton,900,internal_core,3386.82763671875,18.399011611938477,117.66434268086468,-72.10480193080103,-7.5,57231,195.09290378792724,1.0,0.6636782772408948,643.8733520507812
ideal NEMA1e9,440_SinglePlusCompton,900,internal_background,3386.82763671875,18.399011611938477,117.66434268086468,-72.10480193080103,-7.5,57231,195.09290378792724,1.0,0.5611410431790755,529.9317016601562
ideal NEMA1e9,440_SinglePlusCompton,900,axial_ends,31887.19921875,173.2278594970703,-231.3510865670048,-63.84884293600199,58.5,131696,1.9327916160870293,0.00996895082253595,0.0975252939457261,2245.974365234375
ideal NEMA1e9,440_SinglePlusCompton,900,lateral_edge,31887.19921875,173.2278594970703,-231.3510865670048,-63.84884293600199,58.5,131696,1.9327916160870293,0.00996895082253595,0.07817548696094134,2492.01318359375
ideal NEMA1e9,440_SinglePlusCompton,950,full,34074.72265625,185.11163330078125,-231.3510865670048,-63.84884293600199,58.5,131696,1.9327916160870293,0.00996895082253595,1.0,838.32373046875
ideal NEMA1e9,440_SinglePlusCompton,950,internal_core,3554.78515625,19.311443328857422,117.66434268086468,-72.10480193080103,-7.5,57231,195.09290378792724,1.0,0.6689669037454073,666.5923461914062
ideal NEMA1e9,440_SinglePlusCompton,950,internal_background,3554.78515625,19.311443328857422,117.66434268086468,-72.10480193080103,-7.5,57231,195.09290378792724,1.0,0.5663414613059145,542.5835571289062
ideal NEMA1e9,440_SinglePlusCompton,950,axial_ends,34074.72265625,185.11163330078125,-231.3510865670048,-63.84884293600199,58.5,131696,1.9327916160870293,0.00996895082253595,0.096861856421107,2502.87353515625
ideal NEMA1e9,440_SinglePlusCompton,950,lateral_edge,34074.72265625,185.11163330078125,-231.3510865670048,-63.84884293600199,58.5,131696,1.9327916160870293,0.00996895082253595,0.07913747501880859,2864.89404296875
ideal NEMA1e9,440_SinglePlusCompton,1000,full,36170.90625,196.4991912841797,-231.3510865670048,-63.84884293600199,58.5,131696,1.9327916160870293,0.00996895082253595,1.0,899.0314331054688
ideal NEMA1e9,440_SinglePlusCompton,1000,internal_core,3719.931884765625,20.208606719970703,117.66434268086468,-72.10480193080103,-7.5,57231,195.09290378792724,1.0,0.673887337486853,689.2706298828125
ideal NEMA1e9,440_SinglePlusCompton,1000,internal_background,3719.931884765625,20.208606719970703,117.66434268086468,-72.10480193080103,-7.5,57231,195.09290378792724,1.0,0.5711706150172228,562.2412109375
ideal NEMA1e9,440_SinglePlusCompton,1000,axial_ends,36170.90625,196.4991912841797,-231.3510865670048,-63.84884293600199,58.5,131696,1.9327916160870293,0.00996895082253595,0.09630948583860395,2624.080810546875
ideal NEMA1e9,440_SinglePlusCompton,1000,lateral_edge,36170.90625,196.4991912841797,-231.3510865670048,-63.84884293600199,58.5,131696,1.9327916160870293,0.00996895082253595,0.08004112501539912,3067.210205078125
ideal NEMA1e9,440_SinglePlusCompton,1050,full,38181.94921875,207.42422485351562,-231.3510865670048,-63.84884293600199,58.5,131696,1.9327916160870293,0.00996895082253595,1.0,988.920166015625
ideal NEMA1e9,440_SinglePlusCompton,1050,internal_core,3882.374755859375,21.091081619262695,117.66434268086468,-72.10480193080103,-7.5,57231,195.09290378792724,1.0,0.6784783297774649,710.2409057617188
ideal NEMA1e9,440_SinglePlusCompton,1050,internal_background,3882.374755859375,21.091081619262695,117.66434268086468,-72.10480193080103,-7.5,57231,195.09290378792724,1.0,0.5756668355859929,584.9409790039062
ideal NEMA1e9,440_SinglePlusCompton,1050,axial_ends,38181.94921875,207.42422485351562,-231.3510865670048,-63.84884293600199,58.5,131696,1.9327916160870293,0.00996895082253595,0.09584861862488071,2856.146484375
ideal NEMA1e9,440_SinglePlusCompton,1050,lateral_edge,38181.94921875,207.42422485351562,-231.3510865670048,-63.84884293600199,58.5,131696,1.9327916160870293,0.00996895082253595,0.08088670967849917,3306.671142578125
ideal NEMA1e9,440_SinglePlusCompton,1100,full,40114.29296875,217.92172241210938,-231.3510865670048,-63.84884293600199,58.5,131696,1.9327916160870293,0.00996895082253595,1.0,1085.79541015625
ideal NEMA1e9,440_SinglePlusCompton,1100,internal_core,4042.210205078125,21.95939064025879,117.66434268086468,-72.10480193080103,-7.5,57231,195.09290378792724,1.0,0.6827727359620083,732.3809814453125
ideal NEMA1e9,440_SinglePlusCompton,1100,internal_background,4042.210205078125,21.95939064025879,117.66434268086468,-72.10480193080103,-7.5,57231,195.09290378792724,1.0,0.5798629790182291,607.7066040039062
ideal NEMA1e9,440_SinglePlusCompton,1100,axial_ends,40114.29296875,217.92172241210938,-231.3510865670048,-63.84884293600199,58.5,131696,1.9327916160870293,0.00996895082253595,0.09546306510424075,3249.241943359375
ideal NEMA1e9,440_SinglePlusCompton,1100,lateral_edge,40114.29296875,217.92172241210938,-231.3510865670048,-63.84884293600199,58.5,131696,1.9327916160870293,0.00996895082253595,0.08167547082493977,3659.55859375
ideal NEMA1e9,440_SinglePlusCompton,1150,full,41974.55078125,228.02761840820312,-231.3510865670048,-63.84884293600199,58.5,131696,1.9327916160870293,0.00996895082253595,1.0,1177.04345703125
ideal NEMA1e9,440_SinglePlusCompton,1150,internal_core,4199.49853515625,22.813861846923828,117.66434268086468,-72.10480193080103,-7.5,57231,195.09290378792724,1.0,0.6867986591303791,756.4828491210938
ideal NEMA1e9,440_SinglePlusCompton,1150,internal_background,4199.49853515625,22.813861846923828,117.66434268086468,-72.10480193080103,-7.5,57231,195.09290378792724,1.0,0.5837874271751589,630.5230102539062
ideal NEMA1e9,440_SinglePlusCompton,1150,axial_ends,41974.55078125,228.02761840820312,-231.3510865670048,-63.84884293600199,58.5,131696,1.9327916160870293,0.00996895082253595,0.09513942506771579,3476.44287109375
ideal NEMA1e9,440_SinglePlusCompton,1150,lateral_edge,41974.55078125,228.02761840820312,-231.3510865670048,-63.84884293600199,58.5,131696,1.9327916160870293,0.00996895082253595,0.08240930850327777,3996.01904296875
ideal NEMA1e9,440_SinglePlusCompton,1200,full,43768.87890625,237.77532958984375,-231.3510865670048,-63.84884293600199,58.5,131696,1.9327916160870293,0.00996895082253595,1.0,1261.854736328125
ideal NEMA1e9,440_SinglePlusCompton,1200,internal_core,4354.2939453125,23.6547908782959,117.66434268086468,-72.10480193080103,-7.5,57231,195.09290378792724,1.0,0.6905803558518786,780.0288696289062
ideal NEMA1e9,440_SinglePlusCompton,1200,internal_background,4354.2939453125,23.6547908782959,117.66434268086468,-72.10480193080103,-7.5,57231,195.09290378792724,1.0,0.5874648787850939,653.3733520507812
ideal NEMA1e9,440_SinglePlusCompton,1200,axial_ends,43768.87890625,237.77532958984375,-231.3510865670048,-63.84884293600199,58.5,131696,1.9327916160870293,0.00996895082253595,0.09486659745710736,3854.697998046875
ideal NEMA1e9,440_SinglePlusCompton,1200,lateral_edge,43768.87890625,237.77532958984375,-231.3510865670048,-63.84884293600199,58.5,131696,1.9327916160870293,0.00996895082253595,0.08309054739585434,4276.71923828125
ideal NEMA1e9,440_SinglePlusCompton,1250,full,45503.328125,247.19776916503906,-231.3510865670048,-63.84884293600199,58.5,131696,1.9327916160870293,0.00996895082253595,1.0,1346.0816650390625
ideal NEMA1e9,440_SinglePlusCompton,1250,internal_core,4506.634765625,24.482385635375977,117.66434268086468,-72.10480193080103,-7.5,57231,195.09290378792724,1.0,0.6941389396951289,808.365478515625
ideal NEMA1e9,440_SinglePlusCompton,1250,internal_background,4506.634765625,24.482385635375977,117.66434268086468,-72.10480193080103,-7.5,57231,195.09290378792724,1.0,0.5909169937828951,675.6664428710938
ideal NEMA1e9,440_SinglePlusCompton,1250,axial_ends,45503.328125,247.19776916503906,-231.3510865670048,-63.84884293600199,58.5,131696,1.9327916160870293,0.00996895082253595,0.0946353893833405,4087.52392578125
ideal NEMA1e9,440_SinglePlusCompton,1250,lateral_edge,45503.328125,247.19776916503906,-231.3510865670048,-63.84884293600199,58.5,131696,1.9327916160870293,0.00996895082253595,0.08372175863764106,4500.5478515625
ideal NEMA1e9,440_SinglePlusCompton,1300,full,47183.50390625,256.3253479003906,-231.3510865670048,-63.84884293600199,58.5,131696,1.9327916160870293,0.00996895082253595,1.0,1448.3302001953125
ideal NEMA1e9,440_SinglePlusCompton,1300,internal_core,4656.54248046875,25.296762466430664,117.66434268086468,-72.10480193080103,-7.5,57231,195.09290378792724,1.0,0.6974929355071505,833.4927978515625
ideal NEMA1e9,440_SinglePlusCompton,1300,internal_background,4656.54248046875,25.296762466430664,117.66434268086468,-72.10480193080103,-7.5,57231,195.09290378792724,1.0,0.5941628817573328,696.4619140625
ideal NEMA1e9,440_SinglePlusCompton,1300,axial_ends,47183.50390625,256.3253479003906,-231.3510865670048,-63.84884293600199,58.5,131696,1.9327916160870293,0.00996895082253595,0.09443817087575919,4366.6220703125
ideal NEMA1e9,440_SinglePlusCompton,1300,lateral_edge,47183.50390625,256.3253479003906,-231.3510865670048,-63.84884293600199,58.5,131696,1.9327916160870293,0.00996895082253595,0.0843056347519944,4693.1357421875
ideal NEMA1e9,440_SinglePlusCompton,1350,full,48814.7109375,265.1869201660156,-231.3510865670048,-63.84884293600199,58.5,131696,1.9327916160870293,0.00996895082253595,1.0,1528.18603515625
ideal NEMA1e9,440_SinglePlusCompton,1350,internal_core,4804.00732421875,26.097867965698242,117.66434268086468,-72.10480193080103,-7.5,57231,195.09290378792724,1.0,0.7006586755690114,861.722412109375
ideal NEMA1e9,440_SinglePlusCompton,1350,internal_background,4804.00732421875,26.097867965698242,117.66434268086468,-72.10480193080103,-7.5,57231,195.09290378792724,1.0,0.5972194743136161,717.07373046875
ideal NEMA1e9,440_SinglePlusCompton,1350,axial_ends,48814.7109375,265.1869201660156,-231.3510865670048,-63.84884293600199,58.5,131696,1.9327916160870293,0.00996895082253595,0.09426864895639793,4692.876953125
ideal NEMA1e9,440_SinglePlusCompton,1350,lateral_edge,48814.7109375,265.1869201660156,-231.3510865670048,-63.84884293600199,58.5,131696,1.9327916160870293,0.00996895082253595,0.08484493846657472,5088.85400390625
ideal NEMA1e9,440_SinglePlusCompton,1400,full,50401.62109375,273.8078308105469,-231.3510865670048,-63.84884293600199,58.5,131696,1.9327916160870293,0.00996895082253595,1.0,1631.0101318359375
ideal NEMA1e9,440_SinglePlusCompton,1400,internal_core,4949.03515625,26.88573455810547,117.66434268086468,-72.10480193080103,-7.5,57231,195.09290378792724,1.0,0.7036506600495335,888.718505859375
ideal NEMA1e9,440_SinglePlusCompton,1400,internal_background,4949.03515625,26.88573455810547,117.66434268086468,-72.10480193080103,-7.5,57231,195.09290378792724,1.0,0.6001018594817833,737.4874877929688
ideal NEMA1e9,440_SinglePlusCompton,1400,axial_ends,50401.62109375,273.8078308105469,-231.3510865670048,-63.84884293600199,58.5,131696,1.9327916160870293,0.00996895082253595,0.09412162015240867,4973.693359375
ideal NEMA1e9,440_SinglePlusCompton,1400,lateral_edge,50401.62109375,273.8078308105469,-231.3510865670048,-63.84884293600199,58.5,131696,1.9327916160870293,0.00996895082253595,0.08534241499846637,5624.11474609375
ideal NEMA1e9,440_SinglePlusCompton,1450,full,51948.61328125,282.2119140625,-231.3510865670048,-63.84884293600199,58.5,131696,1.9327916160870293,0.00996895082253595,1.0,1663.744384765625
ideal NEMA1e9,440_SinglePlusCompton,1450,internal_core,5091.61279296875,27.66029167175293,117.66434268086468,-72.10480193080103,-7.5,57231,195.09290378792724,1.0,0.7064818522554273,911.6270141601562
ideal NEMA1e9,440_SinglePlusCompton,1450,internal_background,5091.61279296875,27.66029167175293,117.66434268086468,-72.10480193080103,-7.5,57231,195.09290378792724,1.0,0.6028235446273922,757.6906127929688
ideal NEMA1e9,440_SinglePlusCompton,1450,axial_ends,51948.61328125,282.2119140625,-231.3510865670048,-63.84884293600199,58.5,131696,1.9327916160870293,0.00996895082253595,0.0939927958201201,5196.46044921875
ideal NEMA1e9,440_SinglePlusCompton,1450,lateral_edge,51948.61328125,282.2119140625,-231.3510865670048,-63.84884293600199,58.5,131696,1.9327916160870293,0.00996895082253595,0.08580075532482662,5979.89501953125
ideal NEMA1e9,440_SinglePlusCompton,1500,full,53459.5546875,290.4201354980469,-231.3510865670048,-63.84884293600199,58.5,131696,1.9327916160870293,0.00996895082253595,1.0,1692.8568115234375
ideal NEMA1e9,440_SinglePlusCompton,1500,internal_core,5231.70458984375,28.421342849731445,117.66434268086468,-72.10480193080103,-7.5,57231,195.09290378792724,1.0,0.7091638667819626,936.8255615234375
ideal NEMA1e9,440_SinglePlusCompton,1500,internal_background,5231.70458984375,28.421342849731445,117.66434268086468,-72.10480193080103,-7.5,57231,195.09290378792724,1.0,0.6053966641194437,777.671142578125
ideal NEMA1e9,440_SinglePlusCompton,1500,axial_ends,53459.5546875,290.4201354980469,-231.3510865670048,-63.84884293600199,58.5,131696,1.9327916160870293,0.00996895082253595,0.09387865893181432,5370.40283203125
ideal NEMA1e9,440_SinglePlusCompton,1500,lateral_edge,53459.5546875,290.4201354980469,-231.3510865670048,-63.84884293600199,58.5,131696,1.9327916160870293,0.00996895082253595,0.08622257806195215,6303.9814453125
ideal NEMA1e9,440_SinglePlusCompton,1550,full,54938.109375,298.4524230957031,-231.3510865670048,-63.84884293600199,58.5,131696,1.9327916160870293,0.00996895082253595,1.0,1800.6881103515625
ideal NEMA1e9,440_SinglePlusCompton,1550,internal_core,5369.29638671875,29.168813705444336,117.66434268086468,-72.10480193080103,-7.5,57231,195.09290378792724,1.0,0.7117072087847373,960.0743408203125
ideal NEMA1e9,440_SinglePlusCompton,1550,internal_background,5369.29638671875,29.168813705444336,117.66434268086468,-72.10480193080103,-7.5,57231,195.09290378792724,1.0,0.6078321815150096,797.4176635742188
ideal NEMA1e9,440_SinglePlusCompton,1550,axial_ends,54938.109375,298.4524230957031,-231.3510865670048,-63.84884293600199,58.5,131696,1.9327916160870293,0.00996895082253595,0.09377631347923768,5614.16650390625
ideal NEMA1e9,440_SinglePlusCompton,1550,lateral_edge,54938.109375,298.4524230957031,-231.3510865670048,-63.84884293600199,58.5,131696,1.9327916160870293,0.00996895082253595,0.08661038506545454,6753.0078125
ideal NEMA1e9,440_SinglePlusCompton,1600,full,56387.41796875,306.3258056640625,-231.3510865670048,-63.84884293600199,58.5,131696,1.9327916160870293,0.00996895082253595,1.0,1899.24365234375
ideal NEMA1e9,440_SinglePlusCompton,1600,internal_core,5504.3486328125,29.90248680114746,117.66434268086468,-72.10480193080103,-7.5,57231,195.09290378792724,1.0,0.7141213630723757,980.7074584960938
ideal NEMA1e9,440_SinglePlusCompton,1600,internal_background,5504.3486328125,29.90248680114746,117.66434268086468,-72.10480193080103,-7.5,57231,195.09290378792724,1.0,0.6101399949437906,816.921630859375
ideal NEMA1e9,440_SinglePlusCompton,1600,axial_ends,56387.41796875,306.3258056640625,-231.3510865670048,-63.84884293600199,58.5,131696,1.9327916160870293,0.00996895082253595,0.09368340469213443,5924.763671875
ideal NEMA1e9,440_SinglePlusCompton,1600,lateral_edge,56387.41796875,306.3258056640625,-231.3510865670048,-63.84884293600199,58.5,131696,1.9327916160870293,0.00996895082253595,0.08696657922651763,6901.90380859375
ideal NEMA1e9,440_SinglePlusCompton,1650,full,57810.1328125,314.05474853515625,-231.3510865670048,-63.84884293600199,58.5,131696,1.9327916160870293,0.00996895082253595,1.0,1954.0225830078125
ideal NEMA1e9,440_SinglePlusCompton,1650,internal_core,5636.8388671875,30.622243881225586,117.66434268086468,-72.10480193080103,-7.5,57231,195.09290378792724,1.0,0.7164149754323439,1000.78076171875
ideal NEMA1e9,440_SinglePlusCompton,1650,internal_background,5636.8388671875,30.622243881225586,117.66434268086468,-72.10480193080103,-7.5,57231,195.09290378792724,1.0,0.6123291067171616,836.17529296875
ideal NEMA1e9,440_SinglePlusCompton,1650,axial_ends,57810.1328125,314.05474853515625,-231.3510865670048,-63.84884293600199,58.5,131696,1.9327916160870293,0.00996895082253595,0.09359800135563867,6356.4404296875
ideal NEMA1e9,440_SinglePlusCompton,1650,lateral_edge,57810.1328125,314.05474853515625,-231.3510865670048,-63.84884293600199,58.5,131696,1.9327916160870293,0.00996895082253595,0.08729342582925076,7041.64208984375
ideal NEMA1e9,440_SinglePlusCompton,1700,full,59208.875,321.6534423828125,-231.3510865670048,-63.84884293600199,58.5,131696,1.9327916160870293,0.00996895082253595,1.0,2008.1256103515625
ideal NEMA1e9,440_SinglePlusCompton,1700,internal_core,5766.71240234375,31.327783584594727,117.66434268086468,-72.10480193080103,-7.5,57231,195.09290378792724,1.0,0.7185959210033038,1020.857177734375
ideal NEMA1e9,440_SinglePlusCompton,1700,internal_background,5766.71240234375,31.327783584594727,117.66434268086468,-72.10480193080103,-7.5,57231,195.09290378792724,1.0,0.6144077046913808,855.172119140625
ideal NEMA1e9,440_SinglePlusCompton,1700,axial_ends,59208.875,321.6534423828125,-231.3510865670048,-63.84884293600199,58.5,131696,1.9327916160870293,0.00996895082253595,0.09351855078485614,6582.61083984375
ideal NEMA1e9,440_SinglePlusCompton,1700,lateral_edge,59208.875,321.6534423828125,-231.3510865670048,-63.84884293600199,58.5,131696,1.9327916160870293,0.00996895082253595,0.08759307853944037,7172.88330078125
ideal NEMA1e9,440_SinglePlusCompton,1750,full,60585.8671875,329.13397216796875,-231.3510865670048,-63.84884293600199,58.5,131696,1.9327916160870293,0.00996895082253595,1.0,2057.5439453125
ideal NEMA1e9,440_SinglePlusCompton,1750,internal_core,5893.9375,32.01893615722656,117.66434268086468,-72.10480193080103,-7.5,57231,195.09290378792724,1.0,0.7206714122571207,1039.1007080078125
ideal NEMA1e9,440_SinglePlusCompton,1750,internal_background,5893.9375,32.01893615722656,117.66434268086468,-72.10480193080103,-7.5,57231,195.09290378792724,1.0,0.6163832615794725,877.4561767578125
ideal NEMA1e9,440_SinglePlusCompton,1750,axial_ends,60585.8671875,329.13397216796875,-231.3510865670048,-63.84884293600199,58.5,131696,1.9327916160870293,0.00996895082253595,0.09344378860477277,6789.26953125
ideal NEMA1e9,440_SinglePlusCompton,1750,lateral_edge,60585.8671875,329.13397216796875,-231.3510865670048,-63.84884293600199,58.5,131696,1.9327916160870293,0.00996895082253595,0.08786755108283549,7439.74609375
ideal NEMA1e9,440_SinglePlusCompton,1800,full,61943.2265625,336.5078430175781,-231.3510865670048,-63.84884293600199,58.5,131696,1.9327916160870293,0.00996895082253595,1.0,2134.006103515625
ideal NEMA1e9,440_SinglePlusCompton,1800,internal_core,6018.49267578125,32.695587158203125,117.66434268086468,-72.10480193080103,-7.5,57231,195.09290378792724,1.0,0.7226480787619195,1062.4219970703125
ideal NEMA1e9,440_SinglePlusCompton,1800,internal_background,6018.49267578125,32.695587158203125,117.66434268086468,-72.10480193080103,-7.5,57231,195.09290378792724,1.0,0.6182626178255948,898.8473510742188
ideal NEMA1e9,440_SinglePlusCompton,1800,axial_ends,61943.2265625,336.5078430175781,-231.3510865670048,-63.84884293600199,58.5,131696,1.9327916160870293,0.00996895082253595,0.09337270371029428,7103.56005859375
ideal NEMA1e9,440_SinglePlusCompton,1800,lateral_edge,61943.2265625,336.5078430175781,-231.3510865670048,-63.84884293600199,58.5,131696,1.9327916160870293,0.00996895082253595,0.08811873786903392,7616.37841796875
ideal NEMA1e9,440_SinglePlusCompton,1850,full,63282.671875,343.784423828125,-231.3510865670048,-63.84884293600199,58.5,131696,1.9327916160870293,0.00996895082253595,1.0,2146.724365234375
ideal NEMA1e9,440_SinglePlusCompton,1850,internal_core,6140.34814453125,33.357566833496094,117.66434268086468,-72.10480193080103,-7.5,57231,195.09290378792724,1.0,0.7245320137683814,1081.533447265625
ideal NEMA1e9,440_SinglePlusCompton,1850,internal_background,6140.34814453125,33.357566833496094,117.66434268086468,-72.10480193080103,-7.5,57231,195.09290378792724,1.0,0.6200520362110875,918.8527221679688
ideal NEMA1e9,440_SinglePlusCompton,1850,axial_ends,63282.671875,343.784423828125,-231.3510865670048,-63.84884293600199,58.5,131696,1.9327916160870293,0.00996895082253595,0.09330447996848909,7465.705078125
ideal NEMA1e9,440_SinglePlusCompton,1850,lateral_edge,63282.671875,343.784423828125,-231.3510865670048,-63.84884293600199,58.5,131696,1.9327916160870293,0.00996895082253595,0.08834840133787611,7790.4580078125
ideal NEMA1e9,440_SinglePlusCompton,1900,full,64605.75390625,350.9720764160156,-231.3510865670048,-63.84884293600199,58.5,131696,1.9327916160870293,0.00996895082253595,1.0,2184.093017578125
ideal NEMA1e9,440_SinglePlusCompton,1900,internal_core,6259.48095703125,34.0047607421875,117.66434268086468,-72.10480193080103,-7.5,57231,195.09290378792724,1.0,0.7263288505030616,1101.16845703125
ideal NEMA1e9,440_SinglePlusCompton,1900,internal_background,6259.48095703125,34.0047607421875,117.66434268086468,-72.10480193080103,-7.5,57231,195.09290378792724,1.0,0.6217572891569694,938.697509765625
ideal NEMA1e9,440_SinglePlusCompton,1900,axial_ends,64605.75390625,350.9720764160156,-231.3510865670048,-63.84884293600199,58.5,131696,1.9327916160870293,0.00996895082253595,0.09323848166593487,7661.40478515625
ideal NEMA1e9,440_SinglePlusCompton,1900,lateral_edge,64605.75390625,350.9720764160156,-231.3510865670048,-63.84884293600199,58.5,131696,1.9327916160870293,0.00996895082253595,0.08855819657641643,8112.34228515625
ideal NEMA1e9,440_SinglePlusCompton,1950,full,65913.46875,358.0762634277344,-231.3510865670048,-63.84884293600199,58.5,131696,1.9327916160870293,0.00996895082253595,1.0,2217.717529296875
ideal NEMA1e9,440_SinglePlusCompton,1950,internal_core,6375.84765625,34.636924743652344,117.66434268086468,-72.10480193080103,-7.5,57231,195.09290378792724,1.0,0.7280437996158079,1122.97900390625
ideal NEMA1e9,440_SinglePlusCompton,1950,internal_background,6375.84765625,34.636924743652344,117.66434268086468,-72.10480193080103,-7.5,57231,195.09290378792724,1.0,0.6233836896238366,958.3804321289062
ideal NEMA1e9,440_SinglePlusCompton,1950,axial_ends,65913.46875,358.0762634277344,-231.3510865670048,-63.84884293600199,58.5,131696,1.9327916160870293,0.00996895082253595,0.09317418988862299,7839.80126953125
ideal NEMA1e9,440_SinglePlusCompton,1950,lateral_edge,65913.46875,358.0762634277344,-231.3510865670048,-63.84884293600199,58.5,131696,1.9327916160870293,0.00996895082253595,0.08874963980223358,8472.46875
ideal NEMA1e9,440_SinglePlusCompton,2000,full,67207.5234375,365.10626220703125,-231.3510865670048,-63.84884293600199,58.5,131696,1.9327916160870293,0.00996895082253595,1.0,2286.7568359375
ideal NEMA1e9,440_SinglePlusCompton,2000,internal_core,6489.44970703125,35.25407028198242,117.66434268086468,-72.10480193080103,-7.5,57231,195.09290378792724,1.0,0.7296816921928838,1148.096923828125
ideal NEMA1e9,440_SinglePlusCompton,2000,internal_background,6489.44970703125,35.25407028198242,117.66434268086468,-72.10480193080103,-7.5,57231,195.09290378792724,1.0,0.6249361257149777,981.530029296875
ideal NEMA1e9,440_SinglePlusCompton,2000,axial_ends,67207.5234375,365.10626220703125,-231.3510865670048,-63.84884293600199,58.5,131696,1.9327916160870293,0.00996895082253595,0.09311120722557191,7985.0830078125
ideal NEMA1e9,440_SinglePlusCompton,2000,lateral_edge,67207.5234375,365.10626220703125,-231.3510865670048,-63.84884293600199,58.5,131696,1.9327916160870293,0.00996895082253595,0.08892415432688514,8938.720703125
circle Uniform1e9,440_ComptonOnly,100,full,4383.19482421875,55.3186149597168,0.0,-18.0,-1.5,24395,101.7876019763093,1.0,1.0,205.41893005371094
circle Uniform1e9,440_ComptonOnly,100,internal_core,4383.19482421875,55.3186149597168,0.0,-18.0,-1.5,24395,101.7876019763093,1.0,0.26998018510136634,127.43150329589844
circle Uniform1e9,440_ComptonOnly,100,internal_background,4383.19482421875,55.3186149597168,0.0,-18.0,-1.5,24395,101.7876019763093,1.0,0.26998018510136634,127.43150329589844
circle Uniform1e9,440_ComptonOnly,100,axial_ends,2940.197998046875,37.10710525512695,14.8328157299975,45.6507127821674,-49.5,4012,135.71680263507906,1.0,0.24945513990340656,314.6623229980469
circle Uniform1e9,440_ComptonOnly,100,lateral_edge,1157.7855224609375,14.61196517944336,-136.300991002129,21.5879561755519,28.5,38228,195.09290378792616,1.0,0.19877377118329487,342.26849365234375
circle Uniform1e9,440_ComptonOnly,500,full,18600.9765625,234.75575256347656,0.0,-18.0,-1.5,24395,101.7876019763093,1.0,1.0,648.5410766601562
circle Uniform1e9,440_ComptonOnly,500,internal_core,18600.9765625,234.75575256347656,0.0,-18.0,-1.5,24395,101.7876019763093,1.0,0.27040568167290213,336.5497131347656
circle Uniform1e9,440_ComptonOnly,500,internal_background,18600.9765625,234.75575256347656,0.0,-18.0,-1.5,24395,101.7876019763093,1.0,0.27040568167290213,336.5497131347656
circle Uniform1e9,440_ComptonOnly,500,axial_ends,10385.7578125,131.07464599609375,14.8328157299975,45.6507127821674,-49.5,4012,135.71680263507906,1.0,0.25589558065865564,882.6106567382812
circle Uniform1e9,440_ComptonOnly,500,lateral_edge,6480.3642578125,81.78617858886719,-136.300991002129,21.5879561755519,28.5,38228,195.09290378792616,1.0,0.19677146006206722,1075.201416015625
circle Uniform1e9,440_ComptonOnly,1000,full,34922.77734375,440.7469177246094,14.5623058987491,10.5801345412645,-10.5,20539,101.7876019763093,1.0,1.0,1278.083740234375
circle Uniform1e9,440_ComptonOnly,1000,internal_core,34922.77734375,440.7469177246094,14.5623058987491,10.5801345412645,-10.5,20539,101.7876019763093,1.0,0.2671678662933748,778.7305908203125
circle Uniform1e9,440_ComptonOnly,1000,internal_background,34922.77734375,440.7469177246094,14.5623058987491,10.5801345412645,-10.5,20539,101.7876019763093,1.0,0.2671678662933748,778.7305908203125
circle Uniform1e9,440_ComptonOnly,1000,axial_ends,14938.953125,188.5387725830078,14.8328157299975,45.6507127821674,-49.5,4012,135.71680263507906,1.0,0.2590141928924731,1472.321044921875
circle Uniform1e9,440_ComptonOnly,1000,lateral_edge,8758.9267578125,110.54303741455078,-136.300991002129,21.5879561755519,28.5,38228,195.09290378792616,1.0,0.19555640069833827,1994.912353515625
circle Uniform1e9,440_ComptonOnly,2000,full,62952.64453125,794.5010986328125,14.5623058987491,10.5801345412645,-10.5,20539,101.7876019763093,1.0,1.0,2870.67724609375
circle Uniform1e9,440_ComptonOnly,2000,internal_core,62952.64453125,794.5010986328125,14.5623058987491,10.5801345412645,-10.5,20539,101.7876019763093,1.0,0.26286136016275075,2034.0567626953125
circle Uniform1e9,440_ComptonOnly,2000,internal_background,62952.64453125,794.5010986328125,14.5623058987491,10.5801345412645,-10.5,20539,101.7876019763093,1.0,0.26286136016275075,2034.0567626953125
circle Uniform1e9,440_ComptonOnly,2000,axial_ends,16516.02734375,208.44241333007812,14.8328157299975,45.6507127821674,-49.5,4012,135.71680263507906,1.0,0.26041909288746073,2688.550537109375
circle Uniform1e9,440_ComptonOnly,2000,lateral_edge,9848.7412109375,124.29716491699219,-136.300991002129,21.5879561755519,28.5,38228,195.09290378792616,1.0,0.19202383460906433,3521.5869140625
circle Uniform1e9,440_ComptonOnly,5000,full,81748.5,1031.71630859375,14.5623058987491,10.5801345412645,-10.5,20539,101.7876019763093,1.0,1.0,7073.94580078125
circle Uniform1e9,440_ComptonOnly,5000,internal_core,81748.5,1031.71630859375,14.5623058987491,10.5801345412645,-10.5,20539,101.7876019763093,1.0,0.25645401520080113,6496.4345703125
circle Uniform1e9,440_ComptonOnly,5000,internal_background,81748.5,1031.71630859375,14.5623058987491,10.5801345412645,-10.5,20539,101.7876019763093,1.0,0.25645401520080113,6496.4345703125
circle Uniform1e9,440_ComptonOnly,5000,axial_ends,16772.880859375,211.68406677246094,-4.85410196624968,-3.52671151375484,58.5,49972,33.929200658769766,1.0,0.2558466427201951,7173.15869140625
circle Uniform1e9,440_ComptonOnly,5000,lateral_edge,9728.306640625,122.77720642089844,-136.300991002129,21.5879561755519,28.5,38228,195.09290378792616,1.0,0.18911442882426915,5541.8251953125
circle Uniform1e9,440_ComptonOnly,10000,full,82435.9453125,1040.392333984375,14.5623058987491,10.5801345412645,-10.5,20539,101.7876019763093,1.0,1.0,10883.734375
circle Uniform1e9,440_ComptonOnly,10000,internal_core,82435.9453125,1040.392333984375,14.5623058987491,10.5801345412645,-10.5,20539,101.7876019763093,1.0,0.255740720930826,11364.0947265625
circle Uniform1e9,440_ComptonOnly,10000,internal_background,82435.9453125,1040.392333984375,14.5623058987491,10.5801345412645,-10.5,20539,101.7876019763093,1.0,0.255740720930826,11364.0947265625
circle Uniform1e9,440_ComptonOnly,10000,axial_ends,39022.3515625,492.4860534667969,-4.85410196624968,-3.52671151375484,58.5,49972,33.929200658769766,1.0,0.2530623254454553,10931.14453125
circle Uniform1e9,440_ComptonOnly,10000,lateral_edge,10897.6650390625,137.5352325439453,-133.038652681625,-55.1064142605729,19.5,34472,203.5752039526186,1.0,0.18911815203765842,6566.970703125
circle Uniform1e9,440_SinglePlusCompton,100,full,433.1921081542969,5.273895740509033,0.0,-18.0,-1.5,24395,101.7876019763093,1.0,1.0,90.73477935791016
circle Uniform1e9,440_SinglePlusCompton,100,internal_core,433.1921081542969,5.273895740509033,0.0,-18.0,-1.5,24395,101.7876019763093,1.0,0.2614135142285526,86.14445495605469
circle Uniform1e9,440_SinglePlusCompton,100,internal_background,433.1921081542969,5.273895740509033,0.0,-18.0,-1.5,24395,101.7876019763093,1.0,0.2614135142285526,86.14445495605469
circle Uniform1e9,440_SinglePlusCompton,100,axial_ends,351.4192199707031,4.278351783752441,14.8328157299975,45.6507127821674,-49.5,4012,135.71680263507906,1.0,0.24814720251311947,108.104736328125
circle Uniform1e9,440_SinglePlusCompton,100,lateral_edge,194.36483764648438,2.3662939071655273,-133.650978628255,68.098574960932,58.5,51194,212.05750411731105,1.0,0.2085983320274542,113.7764892578125
circle Uniform1e9,440_SinglePlusCompton,500,full,1770.6474609375,21.556739807128906,0.0,-18.0,-1.5,24395,101.7876019763093,1.0,1.0,141.97906494140625
circle Uniform1e9,440_SinglePlusCompton,500,internal_core,1770.6474609375,21.556739807128906,0.0,-18.0,-1.5,24395,101.7876019763093,1.0,0.2662045158433788,108.66878509521484
circle Uniform1e9,440_SinglePlusCompton,500,internal_background,1770.6474609375,21.556739807128906,0.0,-18.0,-1.5,24395,101.7876019763093,1.0,0.2662045158433788,108.66878509521484
circle Uniform1e9,440_SinglePlusCompton,500,axial_ends,1416.251953125,17.24215316772461,14.8328157299975,45.6507127821674,-49.5,4012,135.71680263507906,1.0,0.2508952932337348,205.61032104492188
circle Uniform1e9,440_SinglePlusCompton,500,lateral_edge,564.587158203125,6.87356424331665,-133.650978628255,68.098574960932,58.5,51194,212.05750411731105,1.0,0.19897653682152525,222.9048614501953
circle Uniform1e9,440_SinglePlusCompton,1000,full,3341.527099609375,40.6814079284668,0.0,-18.0,-1.5,24395,101.7876019763093,1.0,1.0,201.96578979492188
circle Uniform1e9,440_SinglePlusCompton,1000,internal_core,3341.527099609375,40.6814079284668,0.0,-18.0,-1.5,24395,101.7876019763093,1.0,0.26751361113223054,141.1295623779297
circle Uniform1e9,440_SinglePlusCompton,1000,internal_background,3341.527099609375,40.6814079284668,0.0,-18.0,-1.5,24395,101.7876019763093,1.0,0.26751361113223054,141.1295623779297
circle Uniform1e9,440_SinglePlusCompton,1000,axial_ends,2658.51611328125,32.366092681884766,14.8328157299975,45.6507127821674,-49.5,4012,135.71680263507906,1.0,0.2531603624637132,324.8526611328125
circle Uniform1e9,440_SinglePlusCompton,1000,lateral_edge,944.4840087890625,11.498617172241211,-136.300991002129,21.5879561755519,28.5,38228,195.09290378792616,1.0,0.1960582154722174,343.26007080078125
circle Uniform1e9,440_SinglePlusCompton,2000,full,6138.25927734375,74.73021697998047,0.0,-18.0,-1.5,24395,101.7876019763093,1.0,1.0,330.03668212890625
circle Uniform1e9,440_SinglePlusCompton,2000,internal_core,6138.25927734375,74.73021697998047,0.0,-18.0,-1.5,24395,101.7876019763093,1.0,0.26848363510562867,223.05911254882812
circle Uniform1e9,440_SinglePlusCompton,2000,internal_background,6138.25927734375,74.73021697998047,0.0,-18.0,-1.5,24395,101.7876019763093,1.0,0.26848363510562867,223.05911254882812
circle Uniform1e9,440_SinglePlusCompton,2000,axial_ends,4892.85009765625,59.56798553466797,14.8328157299975,45.6507127821674,-49.5,4012,135.71680263507906,1.0,0.25579231321269813,496.6191101074219
circle Uniform1e9,440_SinglePlusCompton,2000,lateral_edge,2232.45458984375,27.17901039123535,-136.300991002129,21.5879561755519,28.5,38228,195.09290378792616,1.0,0.19422083943095084,518.2716674804688
circle Uniform1e9,440_SinglePlusCompton,5000,full,11067.712890625,134.7438201904297,0.0,-18.0,-1.5,24395,101.7876019763093,1.0,1.0,869.8685913085938
circle Uniform1e9,440_SinglePlusCompton,5000,internal_core,11067.712890625,134.7438201904297,0.0,-18.0,-1.5,24395,101.7876019763093,1.0,0.2672972899419525,638.329345703125
circle Uniform1e9,440_SinglePlusCompton,5000,internal_background,11067.712890625,134.7438201904297,0.0,-18.0,-1.5,24395,101.7876019763093,1.0,0.2672972899419525,638.329345703125
circle Uniform1e9,440_SinglePlusCompton,5000,axial_ends,9732.0830078125,118.48320770263672,14.8328157299975,45.6507127821674,-49.5,4012,135.71680263507906,1.0,0.26028601424370323,964.5494384765625
circle Uniform1e9,440_SinglePlusCompton,5000,lateral_edge,4543.70751953125,55.31734848022461,-136.300991002129,21.5879561755519,28.5,38228,195.09290378792616,1.0,0.19267227539813167,1174.6256103515625
circle Uniform1e9,440_SinglePlusCompton,10000,full,13319.3671875,162.15658569335938,0.0,-18.0,-1.5,24395,101.7876019763093,1.0,1.0,2353.080322265625
circle Uniform1e9,440_SinglePlusCompton,10000,internal_core,13319.3671875,162.15658569335938,0.0,-18.0,-1.5,24395,101.7876019763093,1.0,0.265528806651472,1991.5369873046875
circle Uniform1e9,440_SinglePlusCompton,10000,internal_background,13319.3671875,162.15658569335938,0.0,-18.0,-1.5,24395,101.7876019763093,1.0,0.265528806651472,1991.5369873046875
circle Uniform1e9,440_SinglePlusCompton,10000,axial_ends,12586.0849609375,153.229248046875,14.8328157299975,45.6507127821674,-49.5,4012,135.71680263507906,1.0,0.2634873539238143,2354.613037109375
circle Uniform1e9,440_SinglePlusCompton,10000,lateral_edge,5158.509765625,62.8022575378418,149.537600059969,-11.7688643591767,52.5,48677,212.05750411731105,1.0,0.18905869832520386,2533.697998046875
