group,dataset,worker,seed,view,event_id,legacy_row,ideal_row,global_legacy_row,global_ideal_row,reason,primary_mev,c1,c2,legacy_c1,legacy_c2
A_only,NEMA,0,30093001,1,11245,18,-1,18,-1,intermediate_or_same_crystal_interaction,0.44,4019,4019,4019,1677
A_only,NEMA,0,30093001,1,33316,32,-1,32,-1,intermediate_or_same_crystal_interaction,0.44,9526,9526,9526,2166
A_only,NEMA,0,30093001,1,133755,123,-1,123,-1,measured_pair_differs_from_primary,0.44,7683,7684,7683,1960
A_only,NEMA,0,30093001,1,220207,204,-1,204,-1,first_not_crystal_compton,0.44,1455,0,1455,550
A_only,NEMA,0,30093001,1,235151,217,-1,217,-1,intermediate_or_same_crystal_interaction,0.44,3002,3002,3002,1359
A_only,NEMA,0,30093001,1,415941,416,-1,416,-1,first_not_crystal_compton,0.44,0,0,1892,7772
A_only,NEMA,0,30093001,1,424857,424,-1,424,-1,first_not_crystal_compton,0.44,3353,0,3353,1563
A_only,NEMA,0,30093001,1,458528,463,-1,463,-1,intermediate_or_same_crystal_interaction,0.44,446,446,446,2127
A_only,NEMA,0,30093001,1,511040,518,-1,518,-1,measured_pair_differs_from_primary,0.44,387,1228,387,1248
A_only,NEMA,0,30093001,1,526077,535,-1,535,-1,first_not_crystal_compton,0.44,1976,0,7910,933
A_only,NEMA,0,30093001,1,562611,574,-1,574,-1,intermediate_or_same_crystal_interaction,0.44,1669,1669,1669,6405
A_only,NEMA,0,30093001,1,826526,851,-1,851,-1,intermediate_or_same_crystal_interaction,0.44,1698,0,1698,233
A_only,NEMA,0,30093001,1,1016110,1034,-1,1034,-1,intermediate_or_same_crystal_interaction,0.44,7590,7590,7590,2081
A_only,NEMA,0,30093001,1,1100718,1130,-1,1130,-1,intermediate_or_same_crystal_interaction,0.44,239,0,239,1837
A_only,NEMA,0,30093001,1,1312594,1356,-1,1356,-1,measured_pair_differs_from_primary,0.44,6139,6075,6139,701
A_only,NEMA,0,30093001,1,1556429,1584,-1,1584,-1,measured_pair_differs_from_primary,0.44,457,3813,457,3749
A_only,NEMA,0,30093001,1,1570538,1600,-1,1600,-1,measured_pair_differs_from_primary,0.44,1974,7923,1974,7924
A_only,NEMA,0,30093001,1,1745334,1759,-1,1759,-1,measured_pair_differs_from_primary,0.44,1722,386,1722,395
A_only,NEMA,0,30093001,1,1791712,1807,-1,1807,-1,intermediate_or_same_crystal_interaction,0.44,1611,1611,1611,8306
A_only,NEMA,0,30093001,1,2372373,2412,-1,2412,-1,first_energy_not_closed,0.44,806,1477,806,1477
A_only,NEMA,0,30093001,1,3128816,3163,-1,3163,-1,measured_pair_differs_from_primary,0.44,1933,9386,1933,9449
B_only,NEMA,0,30093001,1,3522148,-1,2187,-1,2187,accepted,0.44,3599,1446,0,0
B_only,NEMA,0,30093001,1,3881899,-1,2391,-1,2391,accepted,0.44,4842,714,0,0
A_only,NEMA,0,30093001,1,3921272,3908,-1,3908,-1,intermediate_or_same_crystal_interaction,0.44,46,0,46,1401
A_only,NEMA,0,30093001,1,4050449,4047,-1,4047,-1,first_not_crystal_compton,0.44,5528,0,5527,1706
A_only,NEMA,0,30093001,1,4133759,4125,-1,4125,-1,intermediate_or_same_crystal_interaction,0.44,3101,3101,3101,1412
A_only,NEMA,0,30093001,1,4519363,4533,-1,4533,-1,measured_pair_differs_from_primary,0.44,10331,10137,10331,1836
A_only,NEMA,0,30093001,1,4804559,4817,-1,4817,-1,measured_pair_differs_from_primary,0.44,3856,3920,3856,827
B_only,NEMA,0,30093001,1,4914271,-1,3080,-1,3080,accepted,0.44,9769,2186,0,0
A_only,NEMA,0,30093001,1,4995709,4995,-1,4995,-1,intermediate_or_same_crystal_interaction,0.44,849,0,849,158
B_only,NEMA,1,30093002,1,503091,-1,321,-1,3447,accepted,0.44,1109,8091,0,0
A_only,NEMA,1,30093002,1,774911,772,-1,5770,-1,first_not_crystal_compton,0.44,2121,0,2121,7329
A_only,NEMA,1,30093002,1,826892,826,-1,5824,-1,first_not_crystal_compton,0.44,195,0,822,7338
A_only,NEMA,1,30093002,1,975285,976,-1,5974,-1,first_not_crystal_compton,0.44,0,0,4270,1677
A_only,NEMA,1,30093002,1,1034375,1027,-1,6025,-1,measured_pair_differs_from_primary,0.44,827,5082,827,5081
A_only,NEMA,1,30093002,1,1276064,1278,-1,6276,-1,intermediate_or_same_crystal_interaction,0.44,670,0,670,5051
B_only,NEMA,1,30093002,1,1350465,-1,867,-1,3993,accepted,0.44,7542,871,0,0
A_only,NEMA,1,30093002,1,1506527,1523,-1,6521,-1,intermediate_or_same_crystal_interaction,0.44,445,0,445,9278
A_only,NEMA,1,30093002,1,1596225,1622,-1,6620,-1,measured_pair_differs_from_primary,0.44,8641,8577,8641,165
B_only,NEMA,1,30093002,1,1704696,-1,1108,-1,4234,accepted,0.44,1563,3783,0,0
A_only,NEMA,1,30093002,1,2023140,2024,-1,7022,-1,intermediate_or_same_crystal_interaction,0.44,1382,1382,1382,3817
A_only,NEMA,1,30093002,1,2037777,2038,-1,7036,-1,measured_pair_differs_from_primary,0.44,1071,4123,1071,4060
A_only,NEMA,1,30093002,1,2051781,2057,-1,7055,-1,measured_pair_differs_from_primary,0.44,807,2164,807,2182
A_only,NEMA,1,30093002,1,2092644,2100,-1,7098,-1,intermediate_or_same_crystal_interaction,0.44,2065,2065,2065,309
A_only,NEMA,1,30093002,1,2549309,2563,-1,7561,-1,intermediate_or_same_crystal_interaction,0.44,4122,4122,4122,353
A_only,NEMA,1,30093002,1,2571828,2588,-1,7586,-1,first_not_crystal_compton,0.44,8223,0,8223,215
A_only,NEMA,1,30093002,1,2606270,2619,-1,7617,-1,measured_pair_differs_from_primary,0.44,856,1871,856,7920
A_only,NEMA,1,30093002,1,3027297,3019,-1,8017,-1,intermediate_or_same_crystal_interaction,0.44,5987,5987,5987,1752
A_only,NEMA,1,30093002,1,3166474,3169,-1,8167,-1,intermediate_or_same_crystal_interaction,0.44,7729,7729,7729,1519
A_only,NEMA,1,30093002,1,3417783,3404,-1,8402,-1,measured_pair_differs_from_primary,0.44,2182,6888,2182,6824
A_only,NEMA,1,30093002,1,3503357,3477,-1,8475,-1,intermediate_or_same_crystal_interaction,0.44,1055,1055,1055,298
A_only,NEMA,1,30093002,1,3560208,3532,-1,8530,-1,first_not_crystal_compton,0.44,4082,0,4146,773
A_only,NEMA,1,30093002,1,4358574,4306,-1,9304,-1,intermediate_or_same_crystal_interaction,0.44,3742,3742,3742,1657
A_only,NEMA,1,30093002,1,4377237,4326,-1,9324,-1,intermediate_or_same_crystal_interaction,0.44,8880,8880,8880,1062
A_only,NEMA,1,30093002,1,4476300,4429,-1,9427,-1,intermediate_or_same_crystal_interaction,0.44,493,493,493,2127
A_only,NEMA,1,30093002,1,4494802,4448,-1,9446,-1,first_not_crystal_compton,0.44,395,0,1149,8869
A_only,NEMA,1,30093002,1,4528351,4482,-1,9480,-1,measured_pair_differs_from_primary,0.44,1416,1432,1416,9246
A_only,NEMA,1,30093002,1,4574440,4519,-1,9517,-1,measured_pair_differs_from_primary,0.44,5680,5489,5680,1377
A_only,NEMA,1,30093002,1,4652910,4605,-1,9603,-1,intermediate_or_same_crystal_interaction,0.44,1124,1124,1124,453
A_only,NEMA,1,30093002,1,4674669,4624,-1,9622,-1,measured_pair_differs_from_primary,0.44,10424,10425,10424,1229
A_only,NEMA,1,30093002,1,4779877,4733,-1,9731,-1,first_not_crystal_compton,0.44,0,0,5492,1134
A_only,NEMA,2,30093003,1,17475,14,-1,9979,-1,first_not_crystal_compton,0.44,1380,0,1380,769
A_only,NEMA,2,30093003,1,200795,205,-1,10170,-1,intermediate_or_same_crystal_interaction,0.44,3363,3363,3363,164
A_only,NEMA,2,30093003,1,284034,268,-1,10233,-1,intermediate_or_same_crystal_interaction,0.44,1736,0,1736,363
A_only,NEMA,2,30093003,1,306307,293,-1,10258,-1,intermediate_or_same_crystal_interaction,0.44,1112,0,1112,467
A_only,NEMA,2,30093003,1,472297,444,-1,10409,-1,intermediate_or_same_crystal_interaction,0.44,3681,3681,3681,1459
A_only,NEMA,2,30093003,1,544705,528,-1,10493,-1,first_not_crystal_compton,0.44,0,0,1333,3760
A_only,NEMA,2,30093003,1,786592,751,-1,10716,-1,measured_pair_differs_from_primary,0.44,291,4076,291,4013
A_only,NEMA,2,30093003,1,807871,775,-1,10740,-1,measured_pair_differs_from_primary,0.44,4300,1735,4300,892
A_only,NEMA,2,30093003,1,979535,974,-1,10939,-1,measured_pair_differs_from_primary,0.44,5934,1673,5934,747
A_only,NEMA,2,30093003,1,1071239,1058,-1,11023,-1,intermediate_or_same_crystal_interaction,0.44,819,0,819,3752
B_only,NEMA,2,30093003,1,1177378,-1,739,-1,7060,accepted,0.44,162,3050,0,0
A_only,NEMA,2,30093003,1,1355306,1343,-1,11308,-1,first_not_crystal_compton,0.44,0,0,6978,1984
A_only,NEMA,2,30093003,1,1454858,1438,-1,11403,-1,intermediate_or_same_crystal_interaction,0.44,566,566,566,1734
B_only,NEMA,2,30093003,1,1456705,-1,907,-1,7228,accepted,0.44,2064,8063,0,0
A_only,NEMA,2,30093003,1,1651832,1654,-1,11619,-1,intermediate_or_same_crystal_interaction,0.44,7149,7149,7149,1750
A_only,NEMA,2,30093003,1,1995647,1986,-1,11951,-1,first_not_crystal_compton,0.44,2001,0,8275,2075
A_only,NEMA,2,30093003,1,2061764,2058,-1,12023,-1,intermediate_or_same_crystal_interaction,0.44,4872,4872,4872,802
A_only,NEMA,2,30093003,1,2455229,2454,-1,12419,-1,first_not_crystal_compton,0.44,7199,0,7263,1913
A_only,NEMA,2,30093003,1,2514566,2524,-1,12489,-1,intermediate_or_same_crystal_interaction,0.44,9596,9596,9596,2176
A_only,NEMA,2,30093003,1,2534032,2555,-1,12520,-1,measured_pair_differs_from_primary,0.44,1141,6612,1141,6547
A_only,NEMA,2,30093003,1,2594388,2631,-1,12596,-1,first_not_crystal_compton,0.44,382,0,1107,9426
A_only,NEMA,2,30093003,1,3149383,3219,-1,13184,-1,measured_pair_differs_from_primary,0.44,8289,8353,8289,2116
A_only,NEMA,2,30093003,1,3229354,3300,-1,13265,-1,measured_pair_differs_from_primary,0.44,1384,4300,1384,4427
A_only,NEMA,2,30093003,1,3232617,3306,-1,13271,-1,intermediate_or_same_crystal_interaction,0.44,1457,0,1457,2397
A_only,NEMA,2,30093003,1,3274832,3346,-1,13311,-1,measured_pair_differs_from_primary,0.44,7378,7188,7378,1781
A_only,NEMA,2,30093003,1,3730212,3776,-1,13741,-1,first_not_crystal_compton,0.44,0,0,5751,1663
A_only,NEMA,2,30093003,1,3909021,3963,-1,13928,-1,first_not_crystal_compton,0.44,1153,0,2154,10412
A_only,NEMA,2,30093003,1,4242856,4271,-1,14236,-1,measured_pair_differs_from_primary,0.44,1681,9036,1681,9226
A_only,NEMA,2,30093003,1,4254886,4288,-1,14253,-1,first_not_crystal_compton,0.44,0,0,820,296
A_only,NEMA,2,30093003,1,4285112,4313,-1,14278,-1,first_not_crystal_compton,0.44,602,0,602,4369
A_only,NEMA,2,30093003,1,4330187,4357,-1,14322,-1,measured_pair_differs_from_primary,0.44,263,783,263,2414
A_only,NEMA,3,30093004,1,152323,143,-1,15142,-1,measured_pair_differs_from_primary,0.44,22,669,22,6210
A_only,NEMA,3,30093004,1,967374,940,-1,15939,-1,measured_pair_differs_from_primary,0.44,8288,2070,8288,2069
B_only,NEMA,3,30093004,1,977450,-1,618,-1,10114,accepted,0.44,3302,1413,0,0
A_only,NEMA,3,30093004,1,995865,979,-1,15978,-1,measured_pair_differs_from_primary,0.44,883,1676,883,4656
A_only,NEMA,3,30093004,1,1019178,1006,-1,16005,-1,intermediate_or_same_crystal_interaction,0.44,85,0,85,4626
A_only,NEMA,3,30093004,1,1368962,1347,-1,16346,-1,measured_pair_differs_from_primary,0.44,1900,6701,1900,6638
A_only,NEMA,3,30093004,1,1551190,1512,-1,16511,-1,intermediate_or_same_crystal_interaction,0.44,1568,1568,1568,779
A_only,NEMA,3,30093004,1,1551770,1514,-1,16513,-1,first_not_crystal_compton,0.44,0,0,1933,758
A_only,NEMA,3,30093004,1,1597516,1561,-1,16560,-1,first_not_crystal_compton,0.44,0,0,1730,725
A_only,NEMA,3,30093004,1,1678182,1654,-1,16653,-1,intermediate_or_same_crystal_interaction,0.44,755,755,755,119
A_only,NEMA,3,30093004,1,1798525,1763,-1,16762,-1,first_not_crystal_compton,0.44,0,0,2214,6206
A_only,NEMA,3,30093004,1,2083403,2065,-1,17064,-1,intermediate_or_same_crystal_interaction,0.44,4810,4810,4810,338
A_only,NEMA,3,30093004,1,2139218,2118,-1,17117,-1,measured_pair_differs_from_primary,0.44,387,1956,387,7042
A_only,NEMA,3,30093004,1,2322550,2294,-1,17293,-1,intermediate_or_same_crystal_interaction,0.44,1520,1520,1520,116
A_only,NEMA,3,30093004,1,2599746,2576,-1,17575,-1,intermediate_or_same_crystal_interaction,0.44,8974,8974,8974,924
A_only,NEMA,3,30093004,1,2645367,2635,-1,17634,-1,first_energy_not_closed,0.44,53,794,53,794
A_only,NEMA,3,30093004,1,2849235,2849,-1,17848,-1,intermediate_or_same_crystal_interaction,0.44,1744,1744,1744,5341
A_only,NEMA,3,30093004,1,2851216,2852,-1,17851,-1,first_energy_not_closed,0.44,886,1968,886,1968
A_only,NEMA,3,30093004,1,2857691,2867,-1,17866,-1,first_energy_not_closed,0.44,5960,1835,5960,1835
A_only,NEMA,3,30093004,1,2946567,2971,-1,17970,-1,intermediate_or_same_crystal_interaction,0.44,346,0,346,7545
A_only,NEMA,3,30093004,1,3664386,3681,-1,18680,-1,intermediate_or_same_crystal_interaction,0.44,4805,4805,4805,1508
A_only,NEMA,3,30093004,1,3692456,3708,-1,18707,-1,intermediate_or_same_crystal_interaction,0.44,1329,0,1329,9953
B_only,NEMA,3,30093004,1,3693410,-1,2319,-1,11815,accepted,0.44,3784,1592,0,0
A_only,NEMA,3,30093004,1,3848815,3876,-1,18875,-1,measured_pair_differs_from_primary,0.44,238,1868,238,7398
A_only,NEMA,3,30093004,1,3892741,3940,-1,18939,-1,intermediate_or_same_crystal_interaction,0.44,641,641,641,3425
A_only,NEMA,3,30093004,1,4140798,4218,-1,19217,-1,measured_pair_differs_from_primary,0.44,392,1151,392,1152
A_only,NEMA,3,30093004,1,4799794,4901,-1,19900,-1,intermediate_or_same_crystal_interaction,0.44,181,0,181,3731
A_only,NEMA,3,30093004,1,4823934,4931,-1,19930,-1,measured_pair_differs_from_primary,0.44,5112,4789,5112,1326
A_only,NEMA,4,30093005,1,640085,608,-1,20711,-1,intermediate_or_same_crystal_interaction,0.44,1039,1039,1039,377
A_only,NEMA,4,30093005,1,799652,776,-1,20879,-1,measured_pair_differs_from_primary,0.44,3999,4063,3999,1024
A_only,NEMA,4,30093005,1,985000,971,-1,21074,-1,first_not_crystal_compton,0.44,1073,0,1073,7081
A_only,NEMA,4,30093005,1,1127645,1109,-1,21212,-1,measured_pair_differs_from_primary,0.44,694,5204,694,5203
A_only,NEMA,4,30093005,1,1289470,1280,-1,21383,-1,first_not_crystal_compton,0.44,1949,0,1949,8494
A_only,NEMA,4,30093005,1,1406678,1416,-1,21519,-1,first_energy_not_closed,0.44,2212,9088,2212,9088
A_only,NEMA,4,30093005,1,1419920,1437,-1,21540,-1,intermediate_or_same_crystal_interaction,0.44,1309,1309,1309,3648
A_only,NEMA,4,30093005,1,1608194,1638,-1,21741,-1,intermediate_or_same_crystal_interaction,0.44,2190,2190,2190,8728
A_only,NEMA,4,30093005,1,1750908,1762,-1,21865,-1,measured_pair_differs_from_primary,0.44,1757,5508,1757,5507
A_only,NEMA,4,30093005,1,1823776,1832,-1,21935,-1,intermediate_or_same_crystal_interaction,0.44,1321,1321,1321,4181
A_only,NEMA,4,30093005,1,1887871,1898,-1,22001,-1,first_not_crystal_compton,0.44,0,0,1149,10300
A_only,NEMA,4,30093005,1,1915672,1926,-1,22029,-1,measured_pair_differs_from_primary,0.44,1096,6033,1096,5903
A_only,NEMA,4,30093005,1,2132123,2177,-1,22280,-1,intermediate_or_same_crystal_interaction,0.44,293,293,293,881
A_only,NEMA,4,30093005,1,2366070,2422,-1,22525,-1,intermediate_or_same_crystal_interaction,0.44,1405,1405,1405,25
A_only,NEMA,4,30093005,1,2446132,2501,-1,22604,-1,intermediate_or_same_crystal_interaction,0.44,712,0,712,1744
A_only,NEMA,4,30093005,1,2701720,2754,-1,22857,-1,intermediate_or_same_crystal_interaction,0.44,79,0,79,730
A_only,NEMA,4,30093005,1,3028302,3083,-1,23186,-1,intermediate_or_same_crystal_interaction,0.44,37,0,37,1798
A_only,NEMA,4,30093005,1,3378105,3464,-1,23567,-1,first_not_crystal_compton,0.44,8946,0,8946,2176
A_only,NEMA,4,30093005,1,3677341,3761,-1,23864,-1,first_energy_not_closed,0.44,2167,487,2167,487
A_only,NEMA,4,30093005,1,3734762,3814,-1,23917,-1,first_not_crystal_compton,0.44,0,0,1867,6088
A_only,NEMA,4,30093005,1,4032422,4111,-1,24214,-1,first_not_crystal_compton,0.44,0,0,9593,1266
A_only,NEMA,4,30093005,1,4239729,4302,-1,24405,-1,first_not_crystal_compton,0.44,891,0,7133,965
A_only,NEMA,4,30093005,1,4469033,4513,-1,24616,-1,measured_pair_differs_from_primary,0.44,7914,1880,7914,231
A_only,NEMA,4,30093005,1,4470024,4514,-1,24617,-1,measured_pair_differs_from_primary,0.44,7082,7276,7082,1170
A_only,NEMA,4,30093005,1,4722211,4756,-1,24859,-1,intermediate_or_same_crystal_interaction,0.44,264,0,264,8779
A_only,NEMA,4,30093005,1,4787918,4829,-1,24932,-1,first_not_crystal_compton,0.44,6478,0,6478,1980
A_only,NEMA,5,30093006,1,17851,17,-1,25148,-1,intermediate_or_same_crystal_interaction,0.44,1115,1115,1115,408
A_only,NEMA,5,30093006,1,48615,48,-1,25179,-1,intermediate_or_same_crystal_interaction,0.44,205,0,205,7334
A_only,NEMA,5,30093006,1,96673,93,-1,25224,-1,measured_pair_differs_from_primary,0.44,4394,1518,4394,694
A_only,NEMA,5,30093006,1,104584,103,-1,25234,-1,first_not_crystal_compton,0.44,0,0,7238,2035
A_only,NEMA,5,30093006,1,243558,238,-1,25369,-1,first_not_crystal_compton,0.44,1103,0,8844,2262
A_only,NEMA,5,30093006,1,411828,388,-1,25519,-1,measured_pair_differs_from_primary,0.44,873,1845,873,6783
A_only,NEMA,5,30093006,1,475657,440,-1,25571,-1,first_not_crystal_compton,0.44,0,0,8147,2107
A_only,NEMA,5,30093006,1,768383,724,-1,25855,-1,intermediate_or_same_crystal_interaction,0.44,1702,0,1702,129
A_only,NEMA,5,30093006,1,780452,743,-1,25874,-1,measured_pair_differs_from_primary,0.44,8521,805,8521,113
A_only,NEMA,5,30093006,1,928735,885,-1,26016,-1,measured_pair_differs_from_primary,0.44,5827,5764,5827,1581
A_only,NEMA,5,30093006,1,1032442,1001,-1,26132,-1,measured_pair_differs_from_primary,0.44,1537,4938,1537,5003
A_only,NEMA,5,30093006,1,1095645,1066,-1,26197,-1,measured_pair_differs_from_primary,0.44,1228,1239,1228,2102
A_only,NEMA,5,30093006,1,1190962,1174,-1,26305,-1,measured_pair_differs_from_primary,0.44,274,9697,274,9761
A_only,NEMA,5,30093006,1,1263626,1245,-1,26376,-1,measured_pair_differs_from_primary,0.44,941,8121,941,8252
B_only,NEMA,5,30093006,1,1910882,-1,1176,-1,17027,accepted,0.44,3943,1574,0,0
A_only,NEMA,5,30093006,1,2060500,2035,-1,27166,-1,first_not_crystal_compton,0.44,0,0,3721,307
A_only,NEMA,5,30093006,1,2376844,2341,-1,27472,-1,measured_pair_differs_from_primary,0.44,9438,9502,9438,1253
A_only,NEMA,5,30093006,1,2422595,2385,-1,27516,-1,first_energy_not_closed,0.44,1797,7129,1797,7129
A_only,NEMA,5,30093006,1,2479674,2436,-1,27567,-1,intermediate_or_same_crystal_interaction,0.44,1102,1102,1102,8377
A_only,NEMA,5,30093006,1,2623430,2600,-1,27731,-1,measured_pair_differs_from_primary,0.44,5501,5625,5501,1104
A_only,NEMA,5,30093006,1,3048384,3024,-1,28155,-1,measured_pair_differs_from_primary,0.44,815,1770,815,7128
A_only,NEMA,5,30093006,1,3075854,3056,-1,28187,-1,measured_pair_differs_from_primary,0.44,1938,8886,1938,9016
A_only,NEMA,5,30093006,1,3147424,3139,-1,28270,-1,intermediate_or_same_crystal_interaction,0.44,1329,1329,1329,766
A_only,NEMA,5,30093006,1,3171224,3160,-1,28291,-1,measured_pair_differs_from_primary,0.44,3309,3373,3309,807
A_only,NEMA,5,30093006,1,3379313,3367,-1,28498,-1,measured_pair_differs_from_primary,0.44,2016,1983,2016,3875
A_only,NEMA,5,30093006,1,3445651,3446,-1,28577,-1,intermediate_or_same_crystal_interaction,0.44,1741,0,1741,3620
A_only,NEMA,5,30093006,1,3807563,3831,-1,28962,-1,measured_pair_differs_from_primary,0.44,1920,9211,1920,9530
A_only,NEMA,5,30093006,1,3970475,4002,-1,29133,-1,first_energy_not_closed,0.44,1651,8589,1651,8909
A_only,NEMA,5,30093006,1,4087326,4115,-1,29246,-1,first_energy_not_closed,0.44,1535,199,1535,199
A_only,NEMA,5,30093006,1,4099427,4127,-1,29258,-1,measured_pair_differs_from_primary,0.44,7896,7956,7896,1099
A_only,NEMA,5,30093006,1,4371491,4408,-1,29539,-1,measured_pair_differs_from_primary,0.44,1465,1482,1465,4899
A_only,NEMA,5,30093006,1,4567852,4625,-1,29756,-1,intermediate_or_same_crystal_interaction,0.44,763,763,763,4984
B_only,NEMA,5,30093006,1,4970232,-1,3131,-1,18982,accepted,0.44,1720,7239,0,0
A_only,NEMA,6,30093007,1,68914,80,-1,30293,-1,intermediate_or_same_crystal_interaction,0.44,6663,6663,6663,774
A_only,NEMA,6,30093007,1,132936,135,-1,30348,-1,measured_pair_differs_from_primary,0.44,9795,9732,9795,397
A_only,NEMA,6,30093007,1,203727,201,-1,30414,-1,first_not_crystal_compton,0.44,0,0,2049,10302
B_only,NEMA,6,30093007,1,271190,-1,162,-1,19158,accepted,0.44,4506,1679,0,0
A_only,NEMA,6,30093007,1,308163,293,-1,30506,-1,intermediate_or_same_crystal_interaction,0.44,175,0,175,7279
A_only,NEMA,6,30093007,1,766721,731,-1,30944,-1,intermediate_or_same_crystal_interaction,0.44,9547,9547,9547,2077
A_only,NEMA,6,30093007,1,864219,838,-1,31051,-1,first_not_crystal_compton,0.44,0,0,8290,1993
A_only,NEMA,6,30093007,1,975962,960,-1,31173,-1,measured_pair_differs_from_primary,0.44,7384,7320,7384,894
A_only,NEMA,6,30093007,1,1194283,1192,-1,31405,-1,first_not_crystal_compton,0.44,208,0,208,7178
A_only,NEMA,6,30093007,1,1218195,1226,-1,31439,-1,intermediate_or_same_crystal_interaction,0.44,1818,1818,1818,926
A_only,NEMA,6,30093007,1,2074083,2056,-1,32269,-1,first_energy_not_closed,0.44,2041,7422,2041,7422
A_only,NEMA,6,30093007,1,2637559,2634,-1,32847,-1,measured_pair_differs_from_primary,0.44,8663,8728,8663,2167
A_only,NEMA,6,30093007,1,2638469,2636,-1,32849,-1,first_energy_not_closed,0.44,3106,569,3106,569
A_only,NEMA,6,30093007,1,2806917,2781,-1,32994,-1,intermediate_or_same_crystal_interaction,0.44,1790,1790,1790,8571
A_only,NEMA,6,30093007,1,3049329,3029,-1,33242,-1,intermediate_or_same_crystal_interaction,0.44,2389,2389,2389,12
A_only,NEMA,6,30093007,1,3079524,3057,-1,33270,-1,intermediate_or_same_crystal_interaction,0.44,575,575,575,2567
A_only,NEMA,6,30093007,1,3616427,3616,-1,33829,-1,intermediate_or_same_crystal_interaction,0.44,2196,2196,2196,6835
A_only,NEMA,6,30093007,1,3994914,4004,-1,34217,-1,measured_pair_differs_from_primary,0.44,1662,6976,1662,7040
A_only,NEMA,6,30093007,1,4027575,4032,-1,34245,-1,intermediate_or_same_crystal_interaction,0.44,2106,0,2106,9681
A_only,NEMA,6,30093007,1,4048462,4055,-1,34268,-1,measured_pair_differs_from_primary,0.44,1542,649,1542,5272
A_only,NEMA,6,30093007,1,4461687,4501,-1,34714,-1,first_not_crystal_compton,0.44,7121,0,7121,1876
A_only,NEMA,6,30093007,1,4491659,4528,-1,34741,-1,intermediate_or_same_crystal_interaction,0.44,4156,4156,4156,106
A_only,NEMA,6,30093007,1,4527553,4577,-1,34790,-1,first_not_crystal_compton,0.44,0,0,7363,1794
A_only,NEMA,6,30093007,1,4637095,4692,-1,34905,-1,measured_pair_differs_from_primary,0.44,2206,6618,2206,6425
A_only,NEMA,6,30093007,1,4719620,4768,-1,34981,-1,intermediate_or_same_crystal_interaction,0.44,964,0,964,1900
A_only,NEMA,6,30093007,1,4912743,4921,-1,35134,-1,intermediate_or_same_crystal_interaction,0.44,1246,1246,1246,2121
A_only,NEMA,6,30093007,1,4930689,4943,-1,35156,-1,intermediate_or_same_crystal_interaction,0.44,2288,2288,2288,7432
A_only,NEMA,6,30093007,1,4942813,4954,-1,35167,-1,measured_pair_differs_from_primary,0.44,1265,3361,1265,3297
A_only,NEMA,7,30093008,1,231623,245,-1,35457,-1,intermediate_or_same_crystal_interaction,0.44,163,0,163,6359
A_only,NEMA,7,30093008,1,282881,299,-1,35511,-1,measured_pair_differs_from_primary,0.44,4830,4895,4830,1753
A_only,NEMA,7,30093008,1,377573,388,-1,35600,-1,measured_pair_differs_from_primary,0.44,687,6152,687,6216
A_only,NEMA,7,30093008,1,457507,474,-1,35686,-1,measured_pair_differs_from_primary,0.44,952,961,952,9042
A_only,NEMA,7,30093008,1,482619,495,-1,35707,-1,measured_pair_differs_from_primary,0.44,77,826,77,7763
A_only,NEMA,7,30093008,1,559911,576,-1,35788,-1,measured_pair_differs_from_primary,0.44,4744,4809,4744,1636
A_only,NEMA,7,30093008,1,564200,579,-1,35791,-1,intermediate_or_same_crystal_interaction,0.44,1755,1755,1755,405
A_only,NEMA,7,30093008,1,609591,632,-1,35844,-1,first_not_crystal_compton,0.44,0,0,1750,6563
A_only,NEMA,7,30093008,1,715099,733,-1,35945,-1,intermediate_or_same_crystal_interaction,0.44,1006,0,1006,8215
A_only,NEMA,7,30093008,1,737155,750,-1,35962,-1,first_not_crystal_compton,0.44,272,0,925,1451
A_only,NEMA,7,30093008,1,861594,878,-1,36090,-1,measured_pair_differs_from_primary,0.44,1659,6259,1659,6389
A_only,NEMA,7,30093008,1,947323,974,-1,36186,-1,first_not_crystal_compton,0.44,0,0,1872,7140
A_only,NEMA,7,30093008,1,979090,999,-1,36211,-1,measured_pair_differs_from_primary,0.44,1839,8407,1839,8406
B_only,NEMA,7,30093008,1,1207408,-1,779,-1,22901,accepted,0.44,838,244,0,0
A_only,NEMA,7,30093008,1,1609088,1660,-1,36872,-1,measured_pair_differs_from_primary,0.44,1505,7490,1505,7618
A_only,NEMA,7,30093008,1,1740277,1797,-1,37009,-1,measured_pair_differs_from_primary,0.44,2082,9997,2082,9996
A_only,NEMA,7,30093008,1,1894371,1945,-1,37157,-1,intermediate_or_same_crystal_interaction,0.44,1967,1967,1967,8839
A_only,NEMA,7,30093008,1,2295023,2355,-1,37567,-1,first_not_crystal_compton,0.44,0,0,8251,1028
A_only,NEMA,7,30093008,1,3002967,3113,-1,38325,-1,intermediate_or_same_crystal_interaction,0.44,4895,0,4895,1502
A_only,NEMA,7,30093008,1,3096666,3223,-1,38435,-1,intermediate_or_same_crystal_interaction,0.44,1205,0,1205,7640
A_only,NEMA,7,30093008,1,3225749,3340,-1,38552,-1,first_not_crystal_compton,0.44,2835,0,2771,623
A_only,NEMA,7,30093008,1,3335293,3449,-1,38661,-1,measured_pair_differs_from_primary,0.44,1972,2793,1972,2475
A_only,NEMA,7,30093008,1,3381506,3494,-1,38706,-1,measured_pair_differs_from_primary,0.44,7321,7385,7321,2120
A_only,NEMA,7,30093008,1,3591160,3700,-1,38912,-1,measured_pair_differs_from_primary,0.44,1883,6504,1883,6440
A_only,NEMA,7,30093008,1,3879389,3987,-1,39199,-1,intermediate_or_same_crystal_interaction,0.44,1483,1483,1483,192
A_only,NEMA,7,30093008,1,4034002,4167,-1,39379,-1,intermediate_or_same_crystal_interaction,0.44,636,0,636,1653
A_only,NEMA,7,30093008,1,4111285,4253,-1,39465,-1,first_not_crystal_compton,0.44,530,0,530,4432
B_only,NEMA,7,30093008,1,4383371,-1,2836,-1,24958,accepted,0.44,3135,945,0,0
A_only,NEMA,7,30093008,1,4466516,4614,-1,39826,-1,intermediate_or_same_crystal_interaction,0.44,200,0,200,5853
A_only,NEMA,7,30093008,1,4470074,4617,-1,39829,-1,measured_pair_differs_from_primary,0.44,323,1622,323,4176
A_only,NEMA,7,30093008,1,4625138,4801,-1,40013,-1,measured_pair_differs_from_primary,0.44,6076,6139,6076,1858
A_only,NEMA,8,30093009,1,16594,22,-1,40390,-1,first_not_crystal_compton,0.44,860,0,860,8180
A_only,NEMA,8,30093009,1,115705,135,-1,40503,-1,measured_pair_differs_from_primary,0.44,3279,3215,3279,622
A_only,NEMA,8,30093009,1,148875,172,-1,40540,-1,first_energy_not_closed,0.44,4358,1591,4358,1591
A_only,NEMA,8,30093009,1,175030,199,-1,40567,-1,intermediate_or_same_crystal_interaction,0.44,3957,3957,3957,1566
A_only,NEMA,8,30093009,1,718687,741,-1,41109,-1,first_not_crystal_compton,0.44,0,0,4950,1478
A_only,NEMA,8,30093009,1,823928,841,-1,41209,-1,measured_pair_differs_from_primary,0.44,1166,9082,1166,9020
A_only,NEMA,8,30093009,1,1020071,1039,-1,41407,-1,intermediate_or_same_crystal_interaction,0.44,77,0,77,4346
B_only,NEMA,8,30093009,1,1194757,-1,753,-1,26104,accepted,0.44,1894,613,0,0
A_only,NEMA,8,30093009,1,1461518,1517,-1,41885,-1,first_energy_not_closed,0.44,115,4035,115,4035
A_only,NEMA,8,30093009,1,1489855,1550,-1,41918,-1,measured_pair_differs_from_primary,0.44,4587,1500,4587,631
A_only,NEMA,8,30093009,1,1552237,1622,-1,41990,-1,measured_pair_differs_from_primary,0.44,3231,3295,3231,1528
A_only,NEMA,8,30093009,1,1611739,1686,-1,42054,-1,intermediate_or_same_crystal_interaction,0.44,156,0,156,707
A_only,NEMA,8,30093009,1,1613046,1688,-1,42056,-1,intermediate_or_same_crystal_interaction,0.44,1647,1647,1647,5081
A_only,NEMA,8,30093009,1,1884992,1946,-1,42314,-1,measured_pair_differs_from_primary,0.44,6183,6312,6183,1158
A_only,NEMA,8,30093009,1,2458169,2548,-1,42916,-1,measured_pair_differs_from_primary,0.44,8432,8368,8432,1994
A_only,NEMA,8,30093009,1,2703110,2800,-1,43168,-1,measured_pair_differs_from_primary,0.44,1998,7604,1998,7603
A_only,NEMA,8,30093009,1,2812934,2921,-1,43289,-1,intermediate_or_same_crystal_interaction,0.44,1246,0,1246,5006
A_only,NEMA,8,30093009,1,2864722,2981,-1,43349,-1,measured_pair_differs_from_primary,0.44,190,1716,190,5870
A_only,NEMA,8,30093009,1,3207004,3330,-1,43698,-1,first_not_crystal_compton,0.44,0,0,1031,6913
A_only,NEMA,8,30093009,1,3219609,3340,-1,43708,-1,measured_pair_differs_from_primary,0.44,1658,7027,1658,7092
A_only,NEMA,8,30093009,1,3665857,3748,-1,44116,-1,measured_pair_differs_from_primary,0.44,5932,5996,5932,2028
A_only,NEMA,8,30093009,1,3744523,3822,-1,44190,-1,measured_pair_differs_from_primary,0.44,8489,8553,8489,2162
A_only,NEMA,8,30093009,1,3812837,3876,-1,44244,-1,measured_pair_differs_from_primary,0.44,7943,7879,7943,586
A_only,NEMA,8,30093009,1,4030846,4092,-1,44460,-1,first_energy_not_closed,0.44,2016,10092,2016,10092
A_only,NEMA,8,30093009,1,4226316,4268,-1,44636,-1,measured_pair_differs_from_primary,0.44,8750,2122,8750,1226
A_only,NEMA,8,30093009,1,4384814,4421,-1,44789,-1,first_energy_not_closed,0.44,1392,3832,1392,3832
A_only,NEMA,8,30093009,1,4926070,4914,-1,45282,-1,measured_pair_differs_from_primary,0.44,1543,1527,1543,2693
A_only,NEMA,9,30093010,1,293859,263,-1,45625,-1,intermediate_or_same_crystal_interaction,0.44,960,0,960,174
B_only,NEMA,9,30093010,1,698245,-1,431,-1,28834,accepted,0.44,6722,2051,0,0
A_only,NEMA,9,30093010,1,886720,852,-1,46214,-1,measured_pair_differs_from_primary,0.44,7798,7734,7798,1740
A_only,NEMA,9,30093010,1,1170713,1125,-1,46487,-1,intermediate_or_same_crystal_interaction,0.44,709,709,709,5762
A_only,NEMA,9,30093010,1,1259724,1197,-1,46559,-1,intermediate_or_same_crystal_interaction,0.44,263,0,263,4045
A_only,NEMA,9,30093010,1,1272163,1208,-1,46570,-1,measured_pair_differs_from_primary,0.44,2352,2416,2352,214
A_only,NEMA,9,30093010,1,1609700,1568,-1,46930,-1,first_not_crystal_compton,0.44,3824,0,3824,563
A_only,NEMA,9,30093010,1,1877897,1869,-1,47231,-1,measured_pair_differs_from_primary,0.44,830,1518,830,2676
A_only,NEMA,9,30093010,1,1930986,1931,-1,47293,-1,intermediate_or_same_crystal_interaction,0.44,2068,2068,2068,8271
A_only,NEMA,9,30093010,1,1950209,1954,-1,47316,-1,measured_pair_differs_from_primary,0.44,1508,4962,1508,5026
B_only,NEMA,9,30093010,1,1966532,-1,1248,-1,29651,accepted,0.44,1513,4063,0,0
A_only,NEMA,9,30093010,1,2072088,2063,-1,47425,-1,intermediate_or_same_crystal_interaction,0.44,968,968,968,2026
A_only,NEMA,9,30093010,1,2374580,2349,-1,47711,-1,first_not_crystal_compton,0.44,1227,0,9265,2140
A_only,NEMA,9,30093010,1,2617266,2587,-1,47949,-1,measured_pair_differs_from_primary,0.44,7723,7789,7723,2156
A_only,NEMA,9,30093010,1,2763133,2733,-1,48095,-1,intermediate_or_same_crystal_interaction,0.44,1460,0,1460,649
A_only,NEMA,9,30093010,1,2885215,2854,-1,48216,-1,measured_pair_differs_from_primary,0.44,1749,3755,1749,3692
A_only,NEMA,9,30093010,1,3078509,3051,-1,48413,-1,first_not_crystal_compton,0.44,0,0,573,1389
A_only,NEMA,9,30093010,1,3240966,3213,-1,48575,-1,intermediate_or_same_crystal_interaction,0.44,299,0,299,8291
A_only,NEMA,9,30093010,1,3316828,3296,-1,48658,-1,measured_pair_differs_from_primary,0.44,1894,8514,1894,8578
A_only,NEMA,9,30093010,1,3351843,3335,-1,48697,-1,intermediate_or_same_crystal_interaction,0.44,1348,1348,1348,78
A_only,NEMA,9,30093010,1,3554150,3518,-1,48880,-1,first_not_crystal_compton,0.44,0,0,1489,3946
B_only,NEMA,9,30093010,1,3684387,-1,2295,-1,30698,accepted,0.44,448,9889,0,0
A_only,NEMA,9,30093010,1,3936463,3931,-1,49293,-1,intermediate_or_same_crystal_interaction,0.44,250,0,250,1764
A_only,NEMA,9,30093010,1,4150024,4148,-1,49510,-1,first_not_crystal_compton,0.44,1750,0,5974,1722
A_only,NEMA,9,30093010,1,4308165,4280,-1,49642,-1,measured_pair_differs_from_primary,0.44,1996,1979,1996,7082
A_only,NEMA,9,30093010,1,4771031,4738,-1,50100,-1,first_not_crystal_compton,0.44,239,0,894,6933
A_only,NEMA,9,30093010,1,4822974,4788,-1,50150,-1,intermediate_or_same_crystal_interaction,0.44,832,832,832,6308
A_only,NEMA,0,30093011,2,50526,49,-1,49,-1,intermediate_or_same_crystal_interaction,0.44,2032,0,2032,8105
A_only,NEMA,0,30093011,2,181558,172,-1,172,-1,measured_pair_differs_from_primary,0.44,1910,6552,1910,6424
A_only,NEMA,0,30093011,2,239410,218,-1,218,-1,intermediate_or_same_crystal_interaction,0.44,810,0,810,57
A_only,NEMA,0,30093011,2,445900,430,-1,430,-1,first_energy_not_closed,0.44,511,9090,511,9090
A_only,NEMA,0,30093011,2,548342,537,-1,537,-1,measured_pair_differs_from_primary,0.44,1987,9046,1987,9110
A_only,NEMA,0,30093011,2,624127,614,-1,614,-1,intermediate_or_same_crystal_interaction,0.44,1994,1994,1994,8267
A_only,NEMA,0,30093011,2,661851,648,-1,648,-1,intermediate_or_same_crystal_interaction,0.44,9509,9509,9509,2263
A_only,NEMA,0,30093011,2,1063631,1056,-1,1056,-1,measured_pair_differs_from_primary,0.44,688,9659,688,9723
A_only,NEMA,0,30093011,2,1193869,1184,-1,1184,-1,measured_pair_differs_from_primary,0.44,1779,9749,1779,10069
A_only,NEMA,0,30093011,2,1262333,1244,-1,1244,-1,intermediate_or_same_crystal_interaction,0.44,952,952,952,6560
A_only,NEMA,0,30093011,2,1527315,1496,-1,1496,-1,first_not_crystal_compton,0.44,0,0,9021,377
A_only,NEMA,0,30093011,2,1829357,1795,-1,1795,-1,intermediate_or_same_crystal_interaction,0.44,1118,1118,1118,9838
A_only,NEMA,0,30093011,2,1924978,1880,-1,1880,-1,measured_pair_differs_from_primary,0.44,1885,6692,1885,6690
A_only,NEMA,0,30093011,2,1945301,1904,-1,1904,-1,first_energy_not_closed,0.44,1472,5920,1472,5920
A_only,NEMA,0,30093011,2,2080308,2037,-1,2037,-1,first_energy_not_closed,0.44,1628,6314,1628,6314
A_only,NEMA,0,30093011,2,2108372,2065,-1,2065,-1,first_not_crystal_compton,0.44,37,0,37,1943
A_only,NEMA,0,30093011,2,2146921,2095,-1,2095,-1,first_energy_not_closed,0.44,1499,5472,1499,5472
A_only,NEMA,0,30093011,2,2158574,2115,-1,2115,-1,first_not_crystal_compton,0.44,1237,0,9908,2238
A_only,NEMA,0,30093011,2,2205188,2151,-1,2151,-1,first_not_crystal_compton,0.44,7398,0,7398,1911
A_only,NEMA,0,30093011,2,2698743,2596,-1,2596,-1,measured_pair_differs_from_primary,0.44,3820,3755,3820,628
A_only,NEMA,0,30093011,2,2929172,2826,-1,2826,-1,first_not_crystal_compton,0.44,1795,0,6535,1666
A_only,NEMA,0,30093011,2,3085750,2989,-1,2989,-1,intermediate_or_same_crystal_interaction,0.44,94,0,94,1577
A_only,NEMA,0,30093011,2,3220044,3127,-1,3127,-1,measured_pair_differs_from_primary,0.44,7488,7487,7488,998
A_only,NEMA,0,30093011,2,3585718,3504,-1,3504,-1,intermediate_or_same_crystal_interaction,0.44,445,0,445,1227
A_only,NEMA,0,30093011,2,3855216,3775,-1,3775,-1,first_not_crystal_compton,0.44,817,0,817,4816
A_only,NEMA,0,30093011,2,4255591,4156,-1,4156,-1,first_not_crystal_compton,0.44,4882,0,4882,762
A_only,NEMA,0,30093011,2,4410585,4318,-1,4318,-1,measured_pair_differs_from_primary,0.44,898,6765,898,6766
A_only,NEMA,0,30093011,2,4596918,4512,-1,4512,-1,intermediate_or_same_crystal_interaction,0.44,8059,8059,8059,974
A_only,NEMA,0,30093011,2,4617558,4533,-1,4533,-1,intermediate_or_same_crystal_interaction,0.44,8569,8569,8569,1873
A_only,NEMA,0,30093011,2,4911879,4820,-1,4820,-1,first_not_crystal_compton,0.44,0,0,823,233
A_only,NEMA,0,30093011,2,4932159,4838,-1,4838,-1,measured_pair_differs_from_primary,0.44,4482,4547,4482,1980
A_only,NEMA,1,30093012,2,100157,92,-1,5000,-1,intermediate_or_same_crystal_interaction,0.44,922,922,922,1893
A_only,NEMA,1,30093012,2,269491,263,-1,5171,-1,intermediate_or_same_crystal_interaction,0.44,2192,2192,2192,9279
A_only,NEMA,1,30093012,2,377517,386,-1,5294,-1,intermediate_or_same_crystal_interaction,0.44,5842,5842,5842,296
A_only,NEMA,1,30093012,2,395936,404,-1,5312,-1,intermediate_or_same_crystal_interaction,0.44,796,0,796,394
A_only,NEMA,1,30093012,2,516357,524,-1,5432,-1,first_not_crystal_compton,0.44,0,0,6811,1916
A_only,NEMA,1,30093012,2,626854,635,-1,5543,-1,intermediate_or_same_crystal_interaction,0.44,8203,8203,8203,421
A_only,NEMA,1,30093012,2,686975,689,-1,5597,-1,measured_pair_differs_from_primary,0.44,1903,8638,1903,8767
A_only,NEMA,1,30093012,2,850385,866,-1,5774,-1,measured_pair_differs_from_primary,0.44,940,5790,940,5791
A_only,NEMA,1,30093012,2,1147030,1162,-1,6070,-1,first_energy_not_closed,0.44,2085,9649,2085,9649
A_only,NEMA,1,30093012,2,1694593,1691,-1,6599,-1,intermediate_or_same_crystal_interaction,0.44,3287,3287,3287,636
A_only,NEMA,1,30093012,2,2447716,2459,-1,7367,-1,intermediate_or_same_crystal_interaction,0.44,7645,7645,7645,463
A_only,NEMA,1,30093012,2,2516467,2530,-1,7438,-1,intermediate_or_same_crystal_interaction,0.44,774,774,774,4196
A_only,NEMA,1,30093012,2,2801668,2846,-1,7754,-1,first_not_crystal_compton,0.44,0,0,5167,1661
A_only,NEMA,1,30093012,2,2816793,2859,-1,7767,-1,measured_pair_differs_from_primary,0.44,7148,7337,7148,2160
A_only,NEMA,1,30093012,2,2924306,2959,-1,7867,-1,measured_pair_differs_from_primary,0.44,1676,7858,1676,7922
A_only,NEMA,1,30093012,2,3075966,3094,-1,8002,-1,intermediate_or_same_crystal_interaction,0.44,4653,4653,4653,1639
A_only,NEMA,1,30093012,2,3100227,3117,-1,8025,-1,first_not_crystal_compton,0.44,0,0,8003,1009
A_only,NEMA,1,30093012,2,3188572,3210,-1,8118,-1,measured_pair_differs_from_primary,0.44,3837,3901,3837,1111
A_only,NEMA,1,30093012,2,3211062,3230,-1,8138,-1,first_not_crystal_compton,0.44,0,0,731,1977
A_only,NEMA,1,30093012,2,3735955,3776,-1,8684,-1,intermediate_or_same_crystal_interaction,0.44,1139,1139,1139,2061
A_only,NEMA,1,30093012,2,3835235,3873,-1,8781,-1,first_not_crystal_compton,0.44,111,0,2832,956
A_only,NEMA,1,30093012,2,4067231,4086,-1,8994,-1,measured_pair_differs_from_primary,0.44,4149,4085,4149,1420
A_only,NEMA,1,30093012,2,4219325,4229,-1,9137,-1,measured_pair_differs_from_primary,0.44,9740,1035,9740,1674
A_only,NEMA,1,30093012,2,4425439,4457,-1,9365,-1,measured_pair_differs_from_primary,0.44,1102,1989,1102,7449
A_only,NEMA,1,30093012,2,4507493,4541,-1,9449,-1,first_not_crystal_compton,0.44,1836,0,1836,8839
A_only,NEMA,1,30093012,2,4579194,4621,-1,9529,-1,measured_pair_differs_from_primary,0.44,6660,1877,6660,952
B_only,NEMA,1,30093012,2,4881768,-1,3053,-1,6147,accepted,0.44,5112,1361,0,0
A_only,NEMA,1,30093012,2,4990038,5010,-1,9918,-1,measured_pair_differs_from_primary,0.44,6234,6298,6234,1976
A_only,NEMA,2,30093013,2,75757,93,-1,10019,-1,first_not_crystal_compton,0.44,0,0,4290,1488
A_only,NEMA,2,30093013,2,308014,347,-1,10273,-1,measured_pair_differs_from_primary,0.44,2116,6622,2116,6495
A_only,NEMA,2,30093013,2,418069,486,-1,10412,-1,intermediate_or_same_crystal_interaction,0.44,720,720,720,2595
A_only,NEMA,2,30093013,2,429036,502,-1,10428,-1,measured_pair_differs_from_primary,0.44,6632,6696,6632,1883
A_only,NEMA,2,30093013,2,495031,576,-1,10502,-1,measured_pair_differs_from_primary,0.44,4472,4473,4472,1504
A_only,NEMA,2,30093013,2,672031,732,-1,10658,-1,measured_pair_differs_from_primary,0.44,872,1716,872,5367
B_only,NEMA,2,30093013,2,813094,-1,545,-1,6770,accepted,0.44,652,4972,0,0
B_only,NEMA,2,30093013,2,913459,-1,604,-1,6829,accepted,0.44,124,1586,0,0
A_only,NEMA,2,30093013,2,1017443,1067,-1,10993,-1,intermediate_or_same_crystal_interaction,0.44,155,0,155,4644
A_only,NEMA,2,30093013,2,1129809,1179,-1,11105,-1,measured_pair_differs_from_primary,0.44,774,3559,774,3494
A_only,NEMA,2,30093013,2,1580758,1616,-1,11542,-1,intermediate_or_same_crystal_interaction,0.44,6564,0,6564,1711
A_only,NEMA,2,30093013,2,1584765,1619,-1,11545,-1,intermediate_or_same_crystal_interaction,0.44,728,728,728,1403
A_only,NEMA,2,30093013,2,1817577,1895,-1,11821,-1,intermediate_or_same_crystal_interaction,0.44,1537,1537,1537,5063
A_only,NEMA,2,30093013,2,1908138,1982,-1,11908,-1,intermediate_or_same_crystal_interaction,0.44,737,0,737,138
A_only,NEMA,2,30093013,2,1984782,2058,-1,11984,-1,measured_pair_differs_from_primary,0.44,47,844,47,855
A_only,NEMA,2,30093013,2,2064238,2155,-1,12081,-1,measured_pair_differs_from_primary,0.44,2152,8028,2152,7835
A_only,NEMA,2,30093013,2,2127884,2214,-1,12140,-1,measured_pair_differs_from_primary,0.44,488,6024,488,5895
A_only,NEMA,2,30093013,2,2377256,2479,-1,12405,-1,measured_pair_differs_from_primary,0.44,1754,1739,1754,659
A_only,NEMA,2,30093013,2,2383643,2488,-1,12414,-1,measured_pair_differs_from_primary,0.44,5481,5611,5481,992
A_only,NEMA,2,30093013,2,2636420,2740,-1,12666,-1,first_not_crystal_compton,0.44,0,0,3047,1403
A_only,NEMA,2,30093013,2,2750166,2863,-1,12789,-1,measured_pair_differs_from_primary,0.44,6644,1587,6644,581
A_only,NEMA,2,30093013,2,2873692,2971,-1,12897,-1,measured_pair_differs_from_primary,0.44,1906,6202,1906,6138
A_only,NEMA,2,30093013,2,3169935,3272,-1,13198,-1,first_not_crystal_compton,0.44,826,0,826,1484
A_only,NEMA,2,30093013,2,3191965,3297,-1,13223,-1,first_not_crystal_compton,0.44,1292,0,1292,4090
A_only,NEMA,2,30093013,2,3340476,3432,-1,13358,-1,first_not_crystal_compton,0.44,1814,0,6348,1656
A_only,NEMA,2,30093013,2,3592865,3712,-1,13638,-1,intermediate_or_same_crystal_interaction,0.44,173,0,173,613
A_only,NEMA,2,30093013,2,4116512,4235,-1,14161,-1,intermediate_or_same_crystal_interaction,0.44,87,0,87,1668
A_only,NEMA,2,30093013,2,4129673,4256,-1,14182,-1,intermediate_or_same_crystal_interaction,0.44,7976,7976,7976,1791
A_only,NEMA,2,30093013,2,4329203,4474,-1,14400,-1,measured_pair_differs_from_primary,0.44,6497,6436,6497,1774
A_only,NEMA,2,30093013,2,4554656,4684,-1,14610,-1,measured_pair_differs_from_primary,0.44,2166,5740,2166,5676
A_only,NEMA,2,30093013,2,4815099,4931,-1,14857,-1,measured_pair_differs_from_primary,0.44,7579,1884,7579,1885
A_only,NEMA,2,30093013,2,4850804,4982,-1,14908,-1,intermediate_or_same_crystal_interaction,0.44,862,862,862,1857
A_only,NEMA,2,30093013,2,4893253,5017,-1,14943,-1,measured_pair_differs_from_primary,0.44,3866,3930,3866,847
A_only,NEMA,3,30093014,2,57399,56,-1,15109,-1,measured_pair_differs_from_primary,0.44,831,3693,831,3629
A_only,NEMA,3,30093014,2,96875,91,-1,15144,-1,measured_pair_differs_from_primary,0.44,1453,3583,1453,3584
B_only,NEMA,3,30093014,2,256014,-1,143,-1,9529,accepted,0.44,8107,349,0,0
A_only,NEMA,3,30093014,2,347532,341,-1,15394,-1,intermediate_or_same_crystal_interaction,0.44,769,769,769,2598
A_only,NEMA,3,30093014,2,364864,356,-1,15409,-1,intermediate_or_same_crystal_interaction,0.44,1090,1090,1090,402
A_only,NEMA,3,30093014,2,407752,399,-1,15452,-1,intermediate_or_same_crystal_interaction,0.44,288,0,288,6929
A_only,NEMA,3,30093014,2,798551,771,-1,15824,-1,first_not_crystal_compton,0.44,0,0,639,3214
A_only,NEMA,3,30093014,2,856310,834,-1,15887,-1,intermediate_or_same_crystal_interaction,0.44,1442,0,1442,42
A_only,NEMA,3,30093014,2,1176722,1170,-1,16223,-1,first_not_crystal_compton,0.44,385,0,385,6387
A_only,NEMA,3,30093014,2,1691341,1716,-1,16769,-1,intermediate_or_same_crystal_interaction,0.44,1951,0,1951,1117
A_only,NEMA,3,30093014,2,2041993,2073,-1,17126,-1,first_not_crystal_compton,0.44,0,0,2097,8361
A_only,NEMA,3,30093014,2,2177851,2229,-1,17282,-1,measured_pair_differs_from_primary,0.44,2551,2550,2551,1370
A_only,NEMA,3,30093014,2,2205320,2256,-1,17309,-1,first_not_crystal_compton,0.44,0,0,949,1747
A_only,NEMA,3,30093014,2,2206300,2257,-1,17310,-1,intermediate_or_same_crystal_interaction,0.44,335,0,335,866
A_only,NEMA,3,30093014,2,2328607,2381,-1,17434,-1,first_energy_not_closed,0.44,186,1507,186,1507
A_only,NEMA,3,30093014,2,2769976,2866,-1,17919,-1,measured_pair_differs_from_primary,0.44,1730,1192,1730,1209
A_only,NEMA,3,30093014,2,2843175,2934,-1,17987,-1,intermediate_or_same_crystal_interaction,0.44,1772,1772,1772,274
A_only,NEMA,3,30093014,2,2866754,2950,-1,18003,-1,measured_pair_differs_from_primary,0.44,782,6832,782,6833
A_only,NEMA,3,30093014,2,2871508,2957,-1,18010,-1,intermediate_or_same_crystal_interaction,0.44,1122,0,1122,7604
A_only,NEMA,3,30093014,2,2982264,3077,-1,18130,-1,measured_pair_differs_from_primary,0.44,2232,9570,2232,9446
A_only,NEMA,3,30093014,2,3043723,3128,-1,18181,-1,intermediate_or_same_crystal_interaction,0.44,8584,8584,8584,1619
A_only,NEMA,3,30093014,2,3310045,3395,-1,18448,-1,first_not_crystal_compton,0.44,642,0,1360,4144
A_only,NEMA,3,30093014,2,3657925,3747,-1,18800,-1,first_not_crystal_compton,0.44,0,0,7713,2133
A_only,NEMA,3,30093014,2,3998894,4083,-1,19136,-1,measured_pair_differs_from_primary,0.44,1681,3824,1681,3566
A_only,NEMA,3,30093014,2,4162112,4252,-1,19305,-1,measured_pair_differs_from_primary,0.44,7313,7314,7313,997
A_only,NEMA,3,30093014,2,4609421,4725,-1,19778,-1,measured_pair_differs_from_primary,0.44,1507,747,1507,196
A_only,NEMA,3,30093014,2,4643434,4765,-1,19818,-1,measured_pair_differs_from_primary,0.44,4253,1497,4253,658
B_only,NEMA,3,30093014,2,4751096,-1,3079,-1,12465,accepted,0.44,6370,910,0,0
A_only,NEMA,3,30093014,2,4777020,4886,-1,19939,-1,intermediate_or_same_crystal_interaction,0.44,2245,0,2245,9730
A_only,NEMA,3,30093014,2,4985565,5106,-1,20159,-1,intermediate_or_same_crystal_interaction,0.44,6636,0,6636,674
A_only,NEMA,4,30093015,2,194303,204,-1,20377,-1,measured_pair_differs_from_primary,0.44,6395,6394,6395,1828
A_only,NEMA,4,30093015,2,255208,270,-1,20443,-1,first_not_crystal_compton,0.44,0,0,1230,10455
A_only,NEMA,4,30093015,2,435606,466,-1,20639,-1,measured_pair_differs_from_primary,0.44,9713,9712,9713,2205
A_only,NEMA,4,30093015,2,462057,494,-1,20667,-1,measured_pair_differs_from_primary,0.44,6479,6415,6479,1436
A_only,NEMA,4,30093015,2,797362,832,-1,21005,-1,measured_pair_differs_from_primary,0.44,4750,4751,4750,173
A_only,NEMA,4,30093015,2,864166,895,-1,21068,-1,intermediate_or_same_crystal_interaction,0.44,3251,3251,3251,1532
A_only,NEMA,4,30093015,2,1177252,1221,-1,21394,-1,intermediate_or_same_crystal_interaction,0.44,496,0,496,5964
A_only,NEMA,4,30093015,2,1253106,1280,-1,21453,-1,measured_pair_differs_from_primary,0.44,761,4108,761,3981
A_only,NEMA,4,30093015,2,1400002,1432,-1,21605,-1,measured_pair_differs_from_primary,0.44,887,888,887,1421
A_only,NEMA,4,30093015,2,1626999,1680,-1,21853,-1,measured_pair_differs_from_primary,0.44,680,8819,680,8884
A_only,NEMA,4,30093015,2,1675644,1741,-1,21914,-1,measured_pair_differs_from_primary,0.44,5039,5103,5039,1716
A_only,NEMA,4,30093015,2,1831285,1896,-1,22069,-1,intermediate_or_same_crystal_interaction,0.44,3076,3076,3076,1395
A_only,NEMA,4,30093015,2,2095190,2135,-1,22308,-1,measured_pair_differs_from_primary,0.44,4042,4046,4042,1482
A_only,NEMA,4,30093015,2,2260081,2302,-1,22475,-1,first_not_crystal_compton,0.44,793,0,5292,1642
A_only,NEMA,4,30093015,2,2418362,2449,-1,22622,-1,intermediate_or_same_crystal_interaction,0.44,339,0,339,2052
A_only,NEMA,4,30093015,2,2620336,2634,-1,22807,-1,measured_pair_differs_from_primary,0.44,4344,1494,4344,1480
A_only,NEMA,4,30093015,2,2719452,2725,-1,22898,-1,intermediate_or_same_crystal_interaction,0.44,6063,6063,6063,1974
A_only,NEMA,4,30093015,2,2810424,2813,-1,22986,-1,measured_pair_differs_from_primary,0.44,6906,1770,6906,111
A_only,NEMA,4,30093015,2,2986472,2970,-1,23143,-1,measured_pair_differs_from_primary,0.44,305,1738,305,5343
A_only,NEMA,4,30093015,2,3085090,3065,-1,23238,-1,intermediate_or_same_crystal_interaction,0.44,5347,5347,5347,1709
A_only,NEMA,4,30093015,2,3251811,3243,-1,23416,-1,intermediate_or_same_crystal_interaction,0.44,5957,5957,5957,1754
A_only,NEMA,4,30093015,2,3337495,3325,-1,23498,-1,measured_pair_differs_from_primary,0.44,3189,3445,3189,1587
A_only,NEMA,4,30093015,2,3492432,3505,-1,23678,-1,intermediate_or_same_crystal_interaction,0.44,1218,1218,1218,1997
A_only,NEMA,4,30093015,2,3841289,3852,-1,24025,-1,measured_pair_differs_from_primary,0.44,79,7821,79,8014
A_only,NEMA,4,30093015,2,3894497,3898,-1,24071,-1,measured_pair_differs_from_primary,0.44,5726,5917,5726,1768
A_only,NEMA,4,30093015,2,3945572,3949,-1,24122,-1,measured_pair_differs_from_primary,0.44,7821,7948,7821,2145
A_only,NEMA,4,30093015,2,3949840,3956,-1,24129,-1,intermediate_or_same_crystal_interaction,0.44,568,568,568,5526
A_only,NEMA,4,30093015,2,4258510,4284,-1,24457,-1,intermediate_or_same_crystal_interaction,0.44,2020,0,2020,1050
A_only,NEMA,4,30093015,2,4599730,4633,-1,24806,-1,intermediate_or_same_crystal_interaction,0.44,427,0,427,1252
A_only,NEMA,4,30093015,2,4811359,4851,-1,25024,-1,measured_pair_differs_from_primary,0.44,1782,7277,1782,7343
A_only,NEMA,4,30093015,2,4875974,4921,-1,25094,-1,intermediate_or_same_crystal_interaction,0.44,716,0,716,1798
A_only,NEMA,4,30093015,2,4901650,4944,-1,25117,-1,first_not_crystal_compton,0.44,949,0,1907,6102
A_only,NEMA,4,30093015,2,4953034,5008,-1,25181,-1,intermediate_or_same_crystal_interaction,0.44,162,162,162,1713
A_only,NEMA,5,30093016,2,305269,337,-1,25560,-1,first_not_crystal_compton,0.44,722,0,1546,4756
A_only,NEMA,5,30093016,2,306342,338,-1,25561,-1,measured_pair_differs_from_primary,0.44,290,737,290,721
A_only,NEMA,5,30093016,2,517390,550,-1,25773,-1,measured_pair_differs_from_primary,0.44,2144,8553,2144,8423
A_only,NEMA,5,30093016,2,660000,702,-1,25925,-1,intermediate_or_same_crystal_interaction,0.44,1187,1187,1187,2117
A_only,NEMA,5,30093016,2,1300528,1354,-1,26577,-1,intermediate_or_same_crystal_interaction,0.44,3624,3624,3624,1432
A_only,NEMA,5,30093016,2,1441147,1486,-1,26709,-1,intermediate_or_same_crystal_interaction,0.44,4417,4417,4417,1522
A_only,NEMA,5,30093016,2,1766880,1819,-1,27042,-1,intermediate_or_same_crystal_interaction,0.44,371,0,371,6829
A_only,NEMA,5,30093016,2,1853318,1911,-1,27134,-1,intermediate_or_same_crystal_interaction,0.44,720,720,720,5799
A_only,NEMA,5,30093016,2,2007747,2087,-1,27310,-1,first_not_crystal_compton,0.44,0,0,4082,1613
A_only,NEMA,5,30093016,2,2265947,2349,-1,27572,-1,first_not_crystal_compton,0.44,0,0,1152,8732
B_only,NEMA,5,30093016,2,2310859,-1,1530,-1,17300,accepted,0.44,1186,6722,0,0
A_only,NEMA,5,30093016,2,2480877,2535,-1,27758,-1,measured_pair_differs_from_primary,0.44,1764,7138,1764,7204
A_only,NEMA,5,30093016,2,2609087,2668,-1,27891,-1,first_not_crystal_compton,0.44,999,0,999,2970
A_only,NEMA,5,30093016,2,2939479,2971,-1,28194,-1,first_energy_not_closed,0.44,1959,8711,1959,8711
A_only,NEMA,5,30093016,2,3052706,3071,-1,28294,-1,measured_pair_differs_from_primary,0.44,646,4512,646,4577
A_only,NEMA,5,30093016,2,3230161,3252,-1,28475,-1,measured_pair_differs_from_primary,0.44,5615,5806,5615,1187
A_only,NEMA,5,30093016,2,3248795,3265,-1,28488,-1,measured_pair_differs_from_primary,0.44,5657,5656,5657,1764
A_only,NEMA,5,30093016,2,3294906,3319,-1,28542,-1,first_not_crystal_compton,0.44,8325,0,8325,1734
A_only,NEMA,5,30093016,2,3411535,3425,-1,28648,-1,first_not_crystal_compton,0.44,0,0,2226,8873
A_only,NEMA,5,30093016,2,3501126,3522,-1,28745,-1,first_energy_not_closed,0.44,2469,1357,2469,1357
A_only,NEMA,5,30093016,2,3846312,3856,-1,29079,-1,measured_pair_differs_from_primary,0.44,8179,8115,8179,1968
A_only,NEMA,5,30093016,2,3894084,3903,-1,29126,-1,measured_pair_differs_from_primary,0.44,2020,10255,2020,10319
A_only,NEMA,5,30093016,2,4144708,4143,-1,29366,-1,intermediate_or_same_crystal_interaction,0.44,1430,1430,1430,227
A_only,NEMA,5,30093016,2,4190128,4189,-1,29412,-1,measured_pair_differs_from_primary,0.44,1998,6448,1998,6316
A_only,NEMA,5,30093016,2,4205824,4207,-1,29430,-1,measured_pair_differs_from_primary,0.44,7787,7851,7787,1225
A_only,NEMA,5,30093016,2,4633518,4615,-1,29838,-1,first_not_crystal_compton,0.44,4327,0,4327,543
A_only,NEMA,5,30093016,2,4681950,4662,-1,29885,-1,intermediate_or_same_crystal_interaction,0.44,291,291,291,2979
A_only,NEMA,5,30093016,2,4704725,4689,-1,29912,-1,intermediate_or_same_crystal_interaction,0.44,5625,5625,5625,942
A_only,NEMA,5,30093016,2,4750619,4761,-1,29984,-1,intermediate_or_same_crystal_interaction,0.44,2149,2149,2149,4771
A_only,NEMA,5,30093016,2,4850221,4861,-1,30084,-1,intermediate_or_same_crystal_interaction,0.44,78,0,78,3037
A_only,NEMA,6,30093017,2,248053,275,-1,30483,-1,intermediate_or_same_crystal_interaction,0.44,4053,4053,4053,159
A_only,NEMA,6,30093017,2,328416,365,-1,30573,-1,measured_pair_differs_from_primary,0.44,9757,9372,9757,858
A_only,NEMA,6,30093017,2,337854,373,-1,30581,-1,measured_pair_differs_from_primary,0.44,9911,9847,9911,2088
A_only,NEMA,6,30093017,2,433459,470,-1,30678,-1,measured_pair_differs_from_primary,0.44,1634,697,1634,5
A_only,NEMA,6,30093017,2,1199921,1195,-1,31403,-1,intermediate_or_same_crystal_interaction,0.44,9676,9676,9676,2163
A_only,NEMA,6,30093017,2,1213353,1209,-1,31417,-1,measured_pair_differs_from_primary,0.44,7536,2024,7536,2041
A_only,NEMA,6,30093017,2,1324188,1328,-1,31536,-1,measured_pair_differs_from_primary,0.44,5499,5561,5499,1768
A_only,NEMA,6,30093017,2,1376080,1376,-1,31584,-1,intermediate_or_same_crystal_interaction,0.44,3725,3725,3725,1476
A_only,NEMA,6,30093017,2,1393854,1390,-1,31598,-1,measured_pair_differs_from_primary,0.44,4691,4628,4691,1375
A_only,NEMA,6,30093017,2,1703915,1700,-1,31908,-1,measured_pair_differs_from_primary,0.44,4761,4760,4761,1690
A_only,NEMA,6,30093017,2,1877999,1890,-1,32098,-1,intermediate_or_same_crystal_interaction,0.44,9528,9528,9528,1100
B_only,NEMA,6,30093017,2,2237820,-1,1401,-1,20346,accepted,0.44,2077,7509,0,0
A_only,NEMA,6,30093017,2,2482473,2509,-1,32717,-1,intermediate_or_same_crystal_interaction,0.44,2744,2744,2744,1454
B_only,NEMA,6,30093017,2,2526034,-1,1584,-1,20529,accepted,0.44,390,6527,0,0
A_only,NEMA,6,30093017,2,2588949,2615,-1,32823,-1,first_not_crystal_compton,0.44,2022,0,2022,6809
A_only,NEMA,6,30093017,2,2661312,2696,-1,32904,-1,measured_pair_differs_from_primary,0.44,2000,8458,2000,8141
A_only,NEMA,6,30093017,2,2685505,2723,-1,32931,-1,first_not_crystal_compton,0.44,2140,0,2140,1039
A_only,NEMA,6,30093017,2,2688280,2725,-1,32933,-1,intermediate_or_same_crystal_interaction,0.44,285,0,285,8857
A_only,NEMA,6,30093017,2,3028745,3071,-1,33279,-1,first_not_crystal_compton,0.44,0,0,1499,700
A_only,NEMA,6,30093017,2,3068848,3114,-1,33322,-1,measured_pair_differs_from_primary,0.44,848,9101,848,9165
A_only,NEMA,6,30093017,2,3190255,3226,-1,33434,-1,measured_pair_differs_from_primary,0.44,2263,9604,2263,9602
A_only,NEMA,6,30093017,2,3403351,3433,-1,33641,-1,first_not_crystal_compton,0.44,317,0,1862,8266
A_only,NEMA,6,30093017,2,3554112,3576,-1,33784,-1,intermediate_or_same_crystal_interaction,0.44,1580,1580,1580,3775
A_only,NEMA,6,30093017,2,3645122,3654,-1,33862,-1,measured_pair_differs_from_primary,0.44,1867,8238,1867,8239
A_only,NEMA,6,30093017,2,4403923,4474,-1,34682,-1,first_not_crystal_compton,0.44,0,0,2582,1770
A_only,NEMA,6,30093017,2,4545185,4615,-1,34823,-1,first_not_crystal_compton,0.44,0,0,8079,2070
A_only,NEMA,6,30093017,2,4625603,4698,-1,34906,-1,intermediate_or_same_crystal_interaction,0.44,670,0,670,4396
A_only,NEMA,6,30093017,2,4729123,4823,-1,35031,-1,intermediate_or_same_crystal_interaction,0.44,7039,7039,7039,1933
A_only,NEMA,6,30093017,2,4744454,4840,-1,35048,-1,intermediate_or_same_crystal_interaction,0.44,1191,1191,1191,7863
A_only,NEMA,6,30093017,2,4832011,4941,-1,35149,-1,measured_pair_differs_from_primary,0.44,651,7590,651,7654
A_only,NEMA,7,30093018,2,88100,85,-1,35409,-1,measured_pair_differs_from_primary,0.44,768,767,768,1580
A_only,NEMA,7,30093018,2,459862,472,-1,35796,-1,intermediate_or_same_crystal_interaction,0.44,1007,0,1007,4951
A_only,NEMA,7,30093018,2,550468,574,-1,35898,-1,first_not_crystal_compton,0.44,5498,0,5498,2141
A_only,NEMA,7,30093018,2,968467,1010,-1,36334,-1,intermediate_or_same_crystal_interaction,0.44,205,0,205,942
A_only,NEMA,7,30093018,2,1214416,1248,-1,36572,-1,first_not_crystal_compton,0.44,325,0,1929,9077
B_only,NEMA,7,30093018,2,1304324,-1,851,-1,23001,accepted,0.44,2326,1290,0,0
A_only,NEMA,7,30093018,2,1572953,1622,-1,36946,-1,measured_pair_differs_from_primary,0.44,7448,7386,7448,1726
A_only,NEMA,7,30093018,2,1726359,1778,-1,37102,-1,intermediate_or_same_crystal_interaction,0.44,313,313,313,1078
B_only,NEMA,7,30093018,2,2099251,-1,1361,-1,23511,accepted,0.44,1050,2367,0,0
A_only,NEMA,7,30093018,2,2263201,2296,-1,37620,-1,intermediate_or_same_crystal_interaction,0.44,1046,1046,1046,8356
A_only,NEMA,7,30093018,2,2436453,2474,-1,37798,-1,measured_pair_differs_from_primary,0.44,474,4247,474,4119
A_only,NEMA,7,30093018,2,2591790,2639,-1,37963,-1,intermediate_or_same_crystal_interaction,0.44,231,231,231,4555
A_only,NEMA,7,30093018,2,2618015,2663,-1,37987,-1,intermediate_or_same_crystal_interaction,0.44,218,0,218,8528
A_only,NEMA,7,30093018,2,2702225,2744,-1,38068,-1,first_not_crystal_compton,0.44,1582,0,1582,992
A_only,NEMA,7,30093018,2,2784624,2842,-1,38166,-1,first_energy_not_closed,0.44,1650,4760,1650,4760
A_only,NEMA,7,30093018,2,2794205,2850,-1,38174,-1,measured_pair_differs_from_primary,0.44,444,8550,444,8486
A_only,NEMA,7,30093018,2,2807538,2863,-1,38187,-1,measured_pair_differs_from_primary,0.44,2086,2085,2086,7064
A_only,NEMA,7,30093018,2,2884404,2934,-1,38258,-1,measured_pair_differs_from_primary,0.44,7649,7584,7649,1815
A_only,NEMA,7,30093018,2,2969009,3024,-1,38348,-1,measured_pair_differs_from_primary,0.44,1552,2480,1552,2353
A_only,NEMA,7,30093018,2,3057189,3118,-1,38442,-1,first_not_crystal_compton,0.44,0,0,3674,1616
A_only,NEMA,7,30093018,2,3120350,3179,-1,38503,-1,measured_pair_differs_from_primary,0.44,10446,10447,10446,2278
A_only,NEMA,7,30093018,2,3196171,3263,-1,38587,-1,first_energy_not_closed,0.44,2111,4969,2111,4969
A_only,NEMA,7,30093018,2,3251559,3319,-1,38643,-1,measured_pair_differs_from_primary,0.44,4589,4462,4589,1332
A_only,NEMA,7,30093018,2,3359081,3425,-1,38749,-1,measured_pair_differs_from_primary,0.44,1399,3564,1399,3568
A_only,NEMA,7,30093018,2,3579314,3661,-1,38985,-1,measured_pair_differs_from_primary,0.44,1626,4077,1626,4013
A_only,NEMA,7,30093018,2,4335727,4413,-1,39737,-1,intermediate_or_same_crystal_interaction,0.44,2234,2234,2234,8917
A_only,NEMA,7,30093018,2,4397891,4486,-1,39810,-1,first_not_crystal_compton,0.44,0,0,8331,2091
A_only,NEMA,7,30093018,2,4424773,4512,-1,39836,-1,measured_pair_differs_from_primary,0.44,5219,5220,5219,1643
A_only,NEMA,7,30093018,2,4523906,4612,-1,39936,-1,intermediate_or_same_crystal_interaction,0.44,6735,6735,6735,1953
A_only,NEMA,7,30093018,2,4587935,4671,-1,39995,-1,first_not_crystal_compton,0.44,199,0,199,1133
A_only,NEMA,7,30093018,2,4691525,4763,-1,40087,-1,measured_pair_differs_from_primary,0.44,2803,2866,2803,1419
A_only,NEMA,7,30093018,2,4856198,4932,-1,40256,-1,intermediate_or_same_crystal_interaction,0.44,224,0,224,7853
A_only,NEMA,8,30093019,2,235667,226,-1,40620,-1,intermediate_or_same_crystal_interaction,0.44,1051,1051,1051,7725
B_only,NEMA,8,30093019,2,841266,-1,577,-1,25974,accepted,0.44,2159,9380,0,0
A_only,NEMA,8,30093019,2,980298,989,-1,41383,-1,measured_pair_differs_from_primary,0.44,2106,919,2106,909
B_only,NEMA,8,30093019,2,1457927,-1,977,-1,26374,accepted,0.44,457,7792,0,0
A_only,NEMA,8,30093019,2,1601309,1614,-1,42008,-1,measured_pair_differs_from_primary,0.44,1968,1982,1968,7780
A_only,NEMA,8,30093019,2,1651749,1665,-1,42059,-1,first_not_crystal_compton,0.44,0,0,2154,7961
A_only,NEMA,8,30093019,2,1802578,1822,-1,42216,-1,measured_pair_differs_from_primary,0.44,5038,1803,5038,963
B_only,NEMA,8,30093019,2,1851298,-1,1218,-1,26615,accepted,0.44,1544,2714,0,0
A_only,NEMA,8,30093019,2,1870302,1902,-1,42296,-1,first_not_crystal_compton,0.44,8448,0,8512,2143
A_only,NEMA,8,30093019,2,2085146,2109,-1,42503,-1,first_not_crystal_compton,0.44,0,0,8294,1973
A_only,NEMA,8,30093019,2,2169978,2181,-1,42575,-1,measured_pair_differs_from_primary,0.44,4519,4583,4519,1674
A_only,NEMA,8,30093019,2,2289524,2316,-1,42710,-1,measured_pair_differs_from_primary,0.44,1867,8185,1867,8251
A_only,NEMA,8,30093019,2,2406758,2423,-1,42817,-1,intermediate_or_same_crystal_interaction,0.44,198,0,198,847
A_only,NEMA,8,30093019,2,3062292,3134,-1,43528,-1,first_energy_not_closed,0.44,1686,296,1686,296
A_only,NEMA,8,30093019,2,3242639,3308,-1,43702,-1,measured_pair_differs_from_primary,0.44,1777,5886,1777,5824
A_only,NEMA,8,30093019,2,3591343,3661,-1,44055,-1,measured_pair_differs_from_primary,0.44,2192,132,2192,560
A_only,NEMA,8,30093019,2,4145506,4193,-1,44587,-1,measured_pair_differs_from_primary,0.44,6021,2076,6021,2153
A_only,NEMA,8,30093019,2,4295474,4336,-1,44730,-1,first_energy_not_closed,0.44,4688,628,4688,628
A_only,NEMA,8,30093019,2,4383245,4417,-1,44811,-1,measured_pair_differs_from_primary,0.44,1490,2550,1490,2488
A_only,NEMA,8,30093019,2,4501874,4560,-1,44954,-1,measured_pair_differs_from_primary,0.44,1812,898,1812,260
A_only,NEMA,8,30093019,2,4636836,4695,-1,45089,-1,intermediate_or_same_crystal_interaction,0.44,632,632,632,4580
A_only,NEMA,8,30093019,2,4699832,4757,-1,45151,-1,first_not_crystal_compton,0.44,9262,0,9262,1271
A_only,NEMA,8,30093019,2,4742218,4803,-1,45197,-1,first_not_crystal_compton,0.44,0,0,9735,1147
A_only,NEMA,8,30093019,2,4791115,4847,-1,45241,-1,intermediate_or_same_crystal_interaction,0.44,1382,1382,1382,2462
A_only,NEMA,9,30093020,2,97927,105,-1,45569,-1,first_not_crystal_compton,0.44,0,0,6698,2107
A_only,NEMA,9,30093020,2,226587,236,-1,45700,-1,first_not_crystal_compton,0.44,0,0,644,7909
A_only,NEMA,9,30093020,2,378545,398,-1,45862,-1,measured_pair_differs_from_primary,0.44,1386,4197,1386,4326
A_only,NEMA,9,30093020,2,417880,434,-1,45898,-1,first_not_crystal_compton,0.44,121,0,1571,212
A_only,NEMA,9,30093020,2,433779,445,-1,45909,-1,measured_pair_differs_from_primary,0.44,1099,7625,1099,7562
A_only,NEMA,9,30093020,2,483539,511,-1,45975,-1,measured_pair_differs_from_primary,0.44,6032,6097,6032,2058
A_only,NEMA,9,30093020,2,496148,533,-1,45997,-1,intermediate_or_same_crystal_interaction,0.44,1333,1333,1333,2418
A_only,NEMA,9,30093020,2,629108,668,-1,46132,-1,intermediate_or_same_crystal_interaction,0.44,7258,7258,7258,1712
B_only,NEMA,9,30093020,2,1278535,-1,817,-1,29453,accepted,0.44,2173,7771,0,0
A_only,NEMA,9,30093020,2,2138102,2197,-1,47661,-1,measured_pair_differs_from_primary,0.44,3550,599,3550,51
A_only,NEMA,9,30093020,2,2558844,2620,-1,48084,-1,intermediate_or_same_crystal_interaction,0.44,7654,0,7654,1809
A_only,NEMA,9,30093020,2,2753845,2822,-1,48286,-1,measured_pair_differs_from_primary,0.44,6866,6930,6866,1972
A_only,NEMA,9,30093020,2,2833378,2906,-1,48370,-1,measured_pair_differs_from_primary,0.44,122,675,122,1478
A_only,NEMA,9,30093020,2,2860623,2927,-1,48391,-1,first_not_crystal_compton,0.44,2236,0,2236,8564
A_only,NEMA,9,30093020,2,2884511,2948,-1,48412,-1,measured_pair_differs_from_primary,0.44,1087,1383,1087,1353
A_only,NEMA,9,30093020,2,3097489,3177,-1,48641,-1,measured_pair_differs_from_primary,0.44,716,717,716,1930
A_only,NEMA,9,30093020,2,3105403,3183,-1,48647,-1,first_not_crystal_compton,0.44,0,0,10126,2218
A_only,NEMA,9,30093020,2,3330389,3392,-1,48856,-1,measured_pair_differs_from_primary,0.44,1764,7398,1764,7463
A_only,NEMA,9,30093020,2,3596564,3667,-1,49131,-1,measured_pair_differs_from_primary,0.44,6349,6413,6349,293
A_only,NEMA,9,30093020,2,3748393,3808,-1,49272,-1,first_not_crystal_compton,0.44,3424,0,3424,1312
A_only,NEMA,9,30093020,2,4004707,4074,-1,49538,-1,first_not_crystal_compton,0.44,386,0,2038,7190
A_only,NEMA,9,30093020,2,4174235,4251,-1,49715,-1,first_not_crystal_compton,0.44,422,0,422,5210
A_only,NEMA,9,30093020,2,4275488,4353,-1,49817,-1,measured_pair_differs_from_primary,0.44,960,1819,960,6182
A_only,NEMA,9,30093020,2,4821463,4928,-1,50392,-1,measured_pair_differs_from_primary,0.44,1883,9542,1883,9605
A_only,NEMA,9,30093020,2,4995616,5099,-1,50563,-1,measured_pair_differs_from_primary,0.44,764,6369,764,6498
A_only,NEMA,0,30093021,3,317301,330,-1,330,-1,measured_pair_differs_from_primary,0.44,6244,1958,6244,1103
A_only,NEMA,0,30093021,3,324367,336,-1,336,-1,measured_pair_differs_from_primary,0.44,7642,1926,7642,1908
A_only,NEMA,0,30093021,3,546218,581,-1,581,-1,intermediate_or_same_crystal_interaction,0.44,613,0,613,3593
A_only,NEMA,0,30093021,3,680743,750,-1,750,-1,intermediate_or_same_crystal_interaction,0.44,2101,2101,2101,8682
A_only,NEMA,0,30093021,3,746290,825,-1,825,-1,first_energy_not_closed,0.44,9928,1265,9928,1265
A_only,NEMA,0,30093021,3,824524,901,-1,901,-1,first_not_crystal_compton,0.44,0,0,6372,1712
A_only,NEMA,0,30093021,3,1222119,1283,-1,1283,-1,measured_pair_differs_from_primary,0.44,1696,5163,1696,5162
A_only,NEMA,0,30093021,3,1237688,1294,-1,1294,-1,intermediate_or_same_crystal_interaction,0.44,8725,8725,8725,2231
A_only,NEMA,0,30093021,3,1249671,1309,-1,1309,-1,measured_pair_differs_from_primary,0.44,4896,4895,4896,1652
A_only,NEMA,0,30093021,3,1459376,1515,-1,1515,-1,measured_pair_differs_from_primary,0.44,5382,5447,5382,1799
A_only,NEMA,0,30093021,3,1678819,1725,-1,1725,-1,intermediate_or_same_crystal_interaction,0.44,187,187,187,808
A_only,NEMA,0,30093021,3,1699044,1756,-1,1756,-1,measured_pair_differs_from_primary,0.44,409,1000,409,1633
A_only,NEMA,0,30093021,3,1856239,1906,-1,1906,-1,measured_pair_differs_from_primary,0.44,5341,5276,5341,1540
A_only,NEMA,0,30093021,3,2100454,2146,-1,2146,-1,first_not_crystal_compton,0.44,0,0,10375,2133
A_only,NEMA,0,30093021,3,2153801,2203,-1,2203,-1,first_not_crystal_compton,0.44,0,0,4320,1128
A_only,NEMA,0,30093021,3,2326786,2391,-1,2391,-1,measured_pair_differs_from_primary,0.44,1774,6976,1774,7350
A_only,NEMA,0,30093021,3,2426251,2503,-1,2503,-1,first_not_crystal_compton,0.44,759,0,759,4816
A_only,NEMA,0,30093021,3,2459351,2540,-1,2540,-1,measured_pair_differs_from_primary,0.44,3189,1389,3189,11
A_only,NEMA,0,30093021,3,2597648,2688,-1,2688,-1,intermediate_or_same_crystal_interaction,0.44,1435,1435,1435,4211
A_only,NEMA,0,30093021,3,3176475,3297,-1,3297,-1,intermediate_or_same_crystal_interaction,0.44,1506,0,1506,5410
A_only,NEMA,0,30093021,3,3224835,3343,-1,3343,-1,measured_pair_differs_from_primary,0.44,4391,1675,4391,894
A_only,NEMA,0,30093021,3,3393736,3498,-1,3498,-1,measured_pair_differs_from_primary,0.44,580,582,580,1391
A_only,NEMA,0,30093021,3,3432387,3532,-1,3532,-1,intermediate_or_same_crystal_interaction,0.44,1354,1354,1354,675
A_only,NEMA,0,30093021,3,3702781,3782,-1,3782,-1,first_not_crystal_compton,0.44,0,0,4348,660
A_only,NEMA,0,30093021,3,3855186,3936,-1,3936,-1,first_not_crystal_compton,0.44,0,0,949,4868
A_only,NEMA,0,30093021,3,4170259,4259,-1,4259,-1,measured_pair_differs_from_primary,0.44,1916,6816,1916,6814
A_only,NEMA,0,30093021,3,4301943,4391,-1,4391,-1,first_not_crystal_compton,0.44,0,0,533,47
A_only,NEMA,0,30093021,3,4556543,4658,-1,4658,-1,intermediate_or_same_crystal_interaction,0.44,7665,7665,7665,2096
A_only,NEMA,0,30093021,3,4718203,4828,-1,4828,-1,intermediate_or_same_crystal_interaction,0.44,2310,0,2310,1491
A_only,NEMA,0,30093021,3,4961349,5092,-1,5092,-1,intermediate_or_same_crystal_interaction,0.44,1583,1583,1583,5417
A_only,NEMA,1,30093022,3,51081,59,-1,5188,-1,first_not_crystal_compton,0.44,2009,0,2009,8246
A_only,NEMA,1,30093022,3,137779,152,-1,5281,-1,measured_pair_differs_from_primary,0.44,746,3078,746,3014
A_only,NEMA,1,30093022,3,275868,317,-1,5446,-1,intermediate_or_same_crystal_interaction,0.44,3633,3633,3633,1398
A_only,NEMA,1,30093022,3,622796,710,-1,5839,-1,measured_pair_differs_from_primary,0.44,4338,4274,4338,1361
A_only,NEMA,1,30093022,3,759470,867,-1,5996,-1,intermediate_or_same_crystal_interaction,0.44,7377,0,7377,1125
A_only,NEMA,1,30093022,3,917875,1033,-1,6162,-1,intermediate_or_same_crystal_interaction,0.44,817,0,817,8910
A_only,NEMA,1,30093022,3,1271443,1365,-1,6494,-1,intermediate_or_same_crystal_interaction,0.44,405,405,405,705
A_only,NEMA,1,30093022,3,1321732,1415,-1,6544,-1,intermediate_or_same_crystal_interaction,0.44,1314,1314,1314,4926
A_only,NEMA,1,30093022,3,1353091,1447,-1,6576,-1,measured_pair_differs_from_primary,0.44,1002,5666,1002,5603
A_only,NEMA,1,30093022,3,1729447,1842,-1,6971,-1,intermediate_or_same_crystal_interaction,0.44,469,0,469,7089
A_only,NEMA,1,30093022,3,1920671,2035,-1,7164,-1,intermediate_or_same_crystal_interaction,0.44,768,768,768,102
A_only,NEMA,1,30093022,3,2314134,2430,-1,7559,-1,first_not_crystal_compton,0.44,1648,0,1648,5257
A_only,NEMA,1,30093022,3,2588835,2708,-1,7837,-1,intermediate_or_same_crystal_interaction,0.44,1941,0,1941,1226
A_only,NEMA,1,30093022,3,2596147,2721,-1,7850,-1,intermediate_or_same_crystal_interaction,0.44,5516,5516,5516,1794
A_only,NEMA,1,30093022,3,2635143,2765,-1,7894,-1,measured_pair_differs_from_primary,0.44,3745,3746,3745,1828
A_only,NEMA,1,30093022,3,2747040,2905,-1,8034,-1,measured_pair_differs_from_primary,0.44,1717,3272,1717,3207
A_only,NEMA,1,30093022,3,2845906,3014,-1,8143,-1,measured_pair_differs_from_primary,0.44,1483,5523,1483,5648
A_only,NEMA,1,30093022,3,2987064,3160,-1,8289,-1,first_not_crystal_compton,0.44,0,0,1451,6107
A_only,NEMA,1,30093022,3,3221290,3409,-1,8538,-1,measured_pair_differs_from_primary,0.44,4447,1500,4447,633
A_only,NEMA,1,30093022,3,3325049,3516,-1,8645,-1,measured_pair_differs_from_primary,0.44,589,3506,589,3508
A_only,NEMA,1,30093022,3,3420791,3609,-1,8738,-1,measured_pair_differs_from_primary,0.44,1576,9435,1576,9688
A_only,NEMA,1,30093022,3,3731195,3923,-1,9052,-1,measured_pair_differs_from_primary,0.44,5357,1563,5357,695
B_only,NEMA,1,30093022,3,3806951,-1,2528,-1,5701,accepted,0.44,4942,1350,0,0
A_only,NEMA,1,30093022,3,3864382,4053,-1,9182,-1,measured_pair_differs_from_primary,0.44,8150,8086,8150,1024
A_only,NEMA,1,30093022,3,3921920,4119,-1,9248,-1,intermediate_or_same_crystal_interaction,0.44,9404,9404,9404,2271
A_only,NEMA,1,30093022,3,4016776,4199,-1,9328,-1,intermediate_or_same_crystal_interaction,0.44,660,660,660,176
A_only,NEMA,1,30093022,3,4355292,4562,-1,9691,-1,intermediate_or_same_crystal_interaction,0.44,1016,0,1016,494
A_only,NEMA,1,30093022,3,4528956,4738,-1,9867,-1,first_not_crystal_compton,0.44,1375,0,1375,1043
A_only,NEMA,1,30093022,3,4669873,4902,-1,10031,-1,measured_pair_differs_from_primary,0.44,10116,1052,10116,292
A_only,NEMA,1,30093022,3,4698726,4931,-1,10060,-1,measured_pair_differs_from_primary,0.44,656,676,656,282
A_only,NEMA,1,30093022,3,4893797,5150,-1,10279,-1,first_not_crystal_compton,0.44,1490,0,4182,1518
A_only,NEMA,1,30093022,3,4949124,5217,-1,10346,-1,measured_pair_differs_from_primary,0.44,8736,8799,8736,2151
A_only,NEMA,2,30093023,3,44718,39,-1,10441,-1,intermediate_or_same_crystal_interaction,0.44,772,772,772,4689
A_only,NEMA,2,30093023,3,205245,200,-1,10602,-1,intermediate_or_same_crystal_interaction,0.44,44,44,44,3013
A_only,NEMA,2,30093023,3,333029,352,-1,10754,-1,first_not_crystal_compton,0.44,0,0,2099,7515
A_only,NEMA,2,30093023,3,463230,495,-1,10897,-1,measured_pair_differs_from_primary,0.44,5968,5967,5968,1777
A_only,NEMA,2,30093023,3,665793,689,-1,11091,-1,first_not_crystal_compton,0.44,0,0,2744,36
A_only,NEMA,2,30093023,3,668836,691,-1,11093,-1,intermediate_or_same_crystal_interaction,0.44,1553,1553,1553,3892
A_only,NEMA,2,30093023,3,840265,902,-1,11304,-1,intermediate_or_same_crystal_interaction,0.44,3337,0,3337,809
A_only,NEMA,2,30093023,3,987384,1074,-1,11476,-1,intermediate_or_same_crystal_interaction,0.44,1616,1616,1616,4413
A_only,NEMA,2,30093023,3,1018116,1101,-1,11503,-1,first_not_crystal_compton,0.44,812,0,812,1867
A_only,NEMA,2,30093023,3,1020674,1103,-1,11505,-1,measured_pair_differs_from_primary,0.44,9058,8994,9058,1092
A_only,NEMA,2,30093023,3,1129112,1235,-1,11637,-1,first_not_crystal_compton,0.44,1417,0,1417,3420
A_only,NEMA,2,30093023,3,1158107,1265,-1,11667,-1,first_not_crystal_compton,0.44,245,0,1859,6148
A_only,NEMA,2,30093023,3,1343761,1445,-1,11847,-1,measured_pair_differs_from_primary,0.44,1553,1574,1553,7397
A_only,NEMA,2,30093023,3,1446258,1532,-1,11934,-1,measured_pair_differs_from_primary,0.44,825,272,825,294
A_only,NEMA,2,30093023,3,1472365,1559,-1,11961,-1,intermediate_or_same_crystal_interaction,0.44,1844,0,1844,9643
A_only,NEMA,2,30093023,3,1729068,1824,-1,12226,-1,measured_pair_differs_from_primary,0.44,6077,1663,6077,744
A_only,NEMA,2,30093023,3,1776309,1873,-1,12275,-1,measured_pair_differs_from_primary,0.44,1947,1930,1947,5600
A_only,NEMA,2,30093023,3,1814152,1916,-1,12318,-1,first_energy_not_closed,0.44,87,3634,87,3634
A_only,NEMA,2,30093023,3,1862832,1959,-1,12361,-1,intermediate_or_same_crystal_interaction,0.44,4609,0,4609,783
A_only,NEMA,2,30093023,3,2047274,2176,-1,12578,-1,measured_pair_differs_from_primary,0.44,3305,3370,3305,744
A_only,NEMA,2,30093023,3,2145752,2277,-1,12679,-1,measured_pair_differs_from_primary,0.44,6775,6774,6775,1710
A_only,NEMA,2,30093023,3,2148745,2281,-1,12683,-1,measured_pair_differs_from_primary,0.44,1794,7305,1794,7369
A_only,NEMA,2,30093023,3,2187800,2323,-1,12725,-1,measured_pair_differs_from_primary,0.44,2056,4947,2056,4819
A_only,NEMA,2,30093023,3,2286744,2425,-1,12827,-1,intermediate_or_same_crystal_interaction,0.44,988,0,988,8265
A_only,NEMA,2,30093023,3,2296705,2443,-1,12845,-1,measured_pair_differs_from_primary,0.44,3722,3723,3722,68
A_only,NEMA,2,30093023,3,2336469,2488,-1,12890,-1,measured_pair_differs_from_primary,0.44,776,5470,776,5471
B_only,NEMA,2,30093023,3,2423749,-1,1597,-1,8093,accepted,0.44,757,3409,0,0
A_only,NEMA,2,30093023,3,2942921,3075,-1,13477,-1,first_not_crystal_compton,0.44,3,0,514,3554
A_only,NEMA,2,30093023,3,3085911,3205,-1,13607,-1,first_not_crystal_compton,0.44,0,0,999,371
A_only,NEMA,2,30093023,3,3855262,3994,-1,14396,-1,measured_pair_differs_from_primary,0.44,10209,10079,10209,1114
A_only,NEMA,2,30093023,3,3940500,4091,-1,14493,-1,first_not_crystal_compton,0.44,979,0,7859,1085
A_only,NEMA,2,30093023,3,4093194,4272,-1,14674,-1,measured_pair_differs_from_primary,0.44,8236,2152,8236,1139
A_only,NEMA,2,30093023,3,4316971,4514,-1,14916,-1,intermediate_or_same_crystal_interaction,0.44,802,802,802,7412
A_only,NEMA,2,30093023,3,4336908,4533,-1,14935,-1,measured_pair_differs_from_primary,0.44,1362,2518,1362,2517
A_only,NEMA,2,30093023,3,4562234,4741,-1,15143,-1,intermediate_or_same_crystal_interaction,0.44,1985,1985,1985,8771
A_only,NEMA,2,30093023,3,4621483,4808,-1,15210,-1,measured_pair_differs_from_primary,0.44,910,1987,910,10015
A_only,NEMA,2,30093023,3,4626878,4815,-1,15217,-1,measured_pair_differs_from_primary,0.44,3660,3531,3660,1298
A_only,NEMA,3,30093024,3,60640,64,-1,15670,-1,measured_pair_differs_from_primary,0.44,2094,9059,2094,9060
A_only,NEMA,3,30093024,3,129875,142,-1,15748,-1,measured_pair_differs_from_primary,0.44,1371,2708,1371,2642
A_only,NEMA,3,30093024,3,233328,247,-1,15853,-1,measured_pair_differs_from_primary,0.44,3826,3827,3826,128
A_only,NEMA,3,30093024,3,272846,285,-1,15891,-1,intermediate_or_same_crystal_interaction,0.44,217,217,217,4059
A_only,NEMA,3,30093024,3,278717,292,-1,15898,-1,first_energy_not_closed,0.44,1643,9480,1643,9480
A_only,NEMA,3,30093024,3,492357,516,-1,16122,-1,measured_pair_differs_from_primary,0.44,2099,9695,2099,9758
B_only,NEMA,3,30093024,3,563576,-1,364,-1,10083,accepted,0.44,858,1878,0,0
A_only,NEMA,3,30093024,3,804700,847,-1,16453,-1,first_not_crystal_compton,0.44,0,0,1867,9125
A_only,NEMA,3,30093024,3,925164,953,-1,16559,-1,measured_pair_differs_from_primary,0.44,7917,7918,7917,1981
A_only,NEMA,3,30093024,3,982322,1013,-1,16619,-1,measured_pair_differs_from_primary,0.44,9213,9276,9213,2210
A_only,NEMA,3,30093024,3,1007277,1047,-1,16653,-1,intermediate_or_same_crystal_interaction,0.44,790,790,790,203
A_only,NEMA,3,30093024,3,1344209,1398,-1,17004,-1,first_energy_not_closed,0.44,1364,576,1364,576
A_only,NEMA,3,30093024,3,1506331,1561,-1,17167,-1,first_not_crystal_compton,0.44,2058,0,2058,8233
A_only,NEMA,3,30093024,3,1961411,2014,-1,17620,-1,measured_pair_differs_from_primary,0.44,7415,7350,7415,1806
A_only,NEMA,3,30093024,3,2378505,2471,-1,18077,-1,measured_pair_differs_from_primary,0.44,1621,2702,1621,2638
A_only,NEMA,3,30093024,3,2450337,2560,-1,18166,-1,first_energy_not_closed,0.44,1708,6181,1708,6181
A_only,NEMA,3,30093024,3,2538556,2653,-1,18259,-1,measured_pair_differs_from_primary,0.44,5082,5466,5082,2054
A_only,NEMA,3,30093024,3,3600379,3718,-1,19324,-1,first_not_crystal_compton,0.44,0,0,8824,1888
A_only,NEMA,3,30093024,3,3801390,3926,-1,19532,-1,first_not_crystal_compton,0.44,0,0,4583,564
B_only,NEMA,3,30093024,3,3859190,-1,2488,-1,12207,accepted,0.44,1054,375,0,0
A_only,NEMA,3,30093024,3,3956005,4076,-1,19682,-1,measured_pair_differs_from_primary,0.44,5454,5519,5454,1072
A_only,NEMA,3,30093024,3,4263680,4397,-1,20003,-1,intermediate_or_same_crystal_interaction,0.44,2107,2107,2107,2351
A_only,NEMA,3,30093024,3,4285458,4416,-1,20022,-1,first_not_crystal_compton,0.44,7664,0,7664,1920
A_only,NEMA,3,30093024,3,4294591,4426,-1,20032,-1,first_not_crystal_compton,0.44,1891,0,1891,6599
A_only,NEMA,3,30093024,3,4519748,4640,-1,20246,-1,first_not_crystal_compton,0.44,4453,0,4453,1576
A_only,NEMA,3,30093024,3,4527540,4649,-1,20255,-1,measured_pair_differs_from_primary,0.44,5259,5196,5259,1491
A_only,NEMA,3,30093024,3,4590109,4719,-1,20325,-1,intermediate_or_same_crystal_interaction,0.44,8756,8756,8756,2141
A_only,NEMA,3,30093024,3,4619133,4754,-1,20360,-1,measured_pair_differs_from_primary,0.44,198,739,198,3054
A_only,NEMA,3,30093024,3,4742265,4874,-1,20480,-1,measured_pair_differs_from_primary,0.44,6123,6252,6123,1933
A_only,NEMA,3,30093024,3,4854407,5008,-1,20614,-1,measured_pair_differs_from_primary,0.44,1464,4668,1464,4864
A_only,NEMA,4,30093025,3,231589,235,-1,21006,-1,first_not_crystal_compton,0.44,1833,0,1833,5746
A_only,NEMA,4,30093025,3,247412,252,-1,21023,-1,intermediate_or_same_crystal_interaction,0.44,200,0,200,7599
A_only,NEMA,4,30093025,3,300594,299,-1,21070,-1,intermediate_or_same_crystal_interaction,0.44,318,0,318,1834
A_only,NEMA,4,30093025,3,732712,710,-1,21481,-1,intermediate_or_same_crystal_interaction,0.44,2271,2271,2271,1169
A_only,NEMA,4,30093025,3,887883,867,-1,21638,-1,first_not_crystal_compton,0.44,8191,0,8191,2080
A_only,NEMA,4,30093025,3,940291,925,-1,21696,-1,intermediate_or_same_crystal_interaction,0.44,2025,2025,2025,5640
A_only,NEMA,4,30093025,3,1189818,1186,-1,21957,-1,intermediate_or_same_crystal_interaction,0.44,289,0,289,1198
A_only,NEMA,4,30093025,3,1797070,1827,-1,22598,-1,intermediate_or_same_crystal_interaction,0.44,451,0,451,9460
A_only,NEMA,4,30093025,3,1995927,2037,-1,22808,-1,first_not_crystal_compton,0.44,0,0,8345,1062
A_only,NEMA,4,30093025,3,2170867,2212,-1,22983,-1,measured_pair_differs_from_primary,0.44,584,1802,584,8670
A_only,NEMA,4,30093025,3,2214502,2267,-1,23038,-1,first_not_crystal_compton,0.44,0,0,1378,2381
A_only,NEMA,4,30093025,3,2454988,2497,-1,23268,-1,first_not_crystal_compton,0.44,7401,0,7401,1941
A_only,NEMA,4,30093025,3,2471060,2518,-1,23289,-1,first_not_crystal_compton,0.44,0,0,8358,2057
A_only,NEMA,4,30093025,3,3044763,3141,-1,23912,-1,intermediate_or_same_crystal_interaction,0.44,1181,1181,1181,2293
A_only,NEMA,4,30093025,3,3126735,3207,-1,23978,-1,measured_pair_differs_from_primary,0.44,1092,1929,1092,6376
B_only,NEMA,4,30093025,3,3456196,-1,2233,-1,15211,accepted,0.44,2238,9324,0,0
A_only,NEMA,4,30093025,3,3800058,3874,-1,24645,-1,first_energy_not_closed,0.44,10467,1663,10467,1663
A_only,NEMA,4,30093025,3,4071278,4174,-1,24945,-1,intermediate_or_same_crystal_interaction,0.44,6475,6475,6475,1789
A_only,NEMA,4,30093025,3,4083189,4188,-1,24959,-1,measured_pair_differs_from_primary,0.44,2998,2870,2998,583
A_only,NEMA,4,30093025,3,4127807,4229,-1,25000,-1,first_not_crystal_compton,0.44,0,0,8798,1063
A_only,NEMA,4,30093025,3,4269287,4401,-1,25172,-1,measured_pair_differs_from_primary,0.44,2824,1491,2824,1492
A_only,NEMA,4,30093025,3,4385878,4511,-1,25282,-1,intermediate_or_same_crystal_interaction,0.44,1176,0,1176,8809
A_only,NEMA,4,30093025,3,4422885,4540,-1,25311,-1,measured_pair_differs_from_primary,0.44,1325,3800,1325,3865
A_only,NEMA,4,30093025,3,4576356,4698,-1,25469,-1,first_not_crystal_compton,0.44,862,0,1736,1225
A_only,NEMA,4,30093025,3,4580266,4703,-1,25474,-1,intermediate_or_same_crystal_interaction,0.44,2659,2659,2659,1386
A_only,NEMA,4,30093025,3,4691101,4826,-1,25597,-1,measured_pair_differs_from_primary,0.44,4196,4321,4196,1620
A_only,NEMA,4,30093025,3,4842153,4974,-1,25745,-1,intermediate_or_same_crystal_interaction,0.44,1010,0,1010,6280
A_only,NEMA,4,30093025,3,4880758,5013,-1,25784,-1,measured_pair_differs_from_primary,0.44,6728,6922,6728,2008
A_only,NEMA,5,30093026,3,179546,200,-1,26107,-1,first_not_crystal_compton,0.44,701,0,1500,3241
B_only,NEMA,5,30093026,3,245563,-1,177,-1,16366,accepted,0.44,9438,2179,0,0
A_only,NEMA,5,30093026,3,253205,276,-1,26183,-1,measured_pair_differs_from_primary,0.44,5389,5390,5389,884
A_only,NEMA,5,30093026,3,298047,326,-1,26233,-1,measured_pair_differs_from_primary,0.44,927,9480,927,9671
A_only,NEMA,5,30093026,3,328541,350,-1,26257,-1,measured_pair_differs_from_primary,0.44,3950,783,3950,794
A_only,NEMA,5,30093026,3,463435,496,-1,26403,-1,intermediate_or_same_crystal_interaction,0.44,1434,1434,1434,603
A_only,NEMA,5,30093026,3,708668,738,-1,26645,-1,measured_pair_differs_from_primary,0.44,1673,5354,1673,5291
A_only,NEMA,5,30093026,3,1222810,1276,-1,27183,-1,measured_pair_differs_from_primary,0.44,1746,1747,1746,4960
A_only,NEMA,5,30093026,3,1247589,1306,-1,27213,-1,first_not_crystal_compton,0.44,0,0,8069,1990
A_only,NEMA,5,30093026,3,1331845,1403,-1,27310,-1,first_not_crystal_compton,0.44,3782,0,3782,282
A_only,NEMA,5,30093026,3,1609319,1680,-1,27587,-1,first_not_crystal_compton,0.44,791,0,1596,5236
A_only,NEMA,5,30093026,3,1613285,1684,-1,27591,-1,intermediate_or_same_crystal_interaction,0.44,1049,0,1049,8404
A_only,NEMA,5,30093026,3,1666423,1724,-1,27631,-1,intermediate_or_same_crystal_interaction,0.44,2238,2238,2238,9287
A_only,NEMA,5,30093026,3,2099670,2147,-1,28054,-1,measured_pair_differs_from_primary,0.44,312,3933,312,3804
A_only,NEMA,5,30093026,3,2144361,2177,-1,28084,-1,first_not_crystal_compton,0.44,0,0,7536,1676
A_only,NEMA,5,30093026,3,2722384,2829,-1,28736,-1,measured_pair_differs_from_primary,0.44,4516,1476,4516,1442
A_only,NEMA,5,30093026,3,2986249,3117,-1,29024,-1,first_not_crystal_compton,0.44,6757,0,6758,2085
A_only,NEMA,5,30093026,3,3119235,3244,-1,29151,-1,first_not_crystal_compton,0.44,0,0,1752,10273
B_only,NEMA,5,30093026,3,3185184,-1,2105,-1,18294,accepted,0.44,2235,9928,0,0
A_only,NEMA,5,30093026,3,3245667,3398,-1,29305,-1,intermediate_or_same_crystal_interaction,0.44,473,0,473,2020
A_only,NEMA,5,30093026,3,3318078,3473,-1,29380,-1,first_not_crystal_compton,0.44,0,0,2189,8950
A_only,NEMA,5,30093026,3,3566772,3727,-1,29634,-1,measured_pair_differs_from_primary,0.44,328,1910,328,7305
A_only,NEMA,5,30093026,3,3799912,3978,-1,29885,-1,first_not_crystal_compton,0.44,1681,0,1681,5934
B_only,NEMA,5,30093026,3,4033755,-1,2690,-1,18879,accepted,0.44,5845,1687,0,0
A_only,NEMA,5,30093026,3,4495620,4704,-1,30611,-1,intermediate_or_same_crystal_interaction,0.44,346,346,346,1401
A_only,NEMA,5,30093026,3,4686236,4899,-1,30806,-1,intermediate_or_same_crystal_interaction,0.44,939,0,939,8068
A_only,NEMA,5,30093026,3,4799953,4997,-1,30904,-1,first_not_crystal_compton,0.44,0,0,1903,6164
A_only,NEMA,6,30093027,3,80004,76,-1,31191,-1,intermediate_or_same_crystal_interaction,0.44,8909,8909,8909,1022
A_only,NEMA,6,30093027,3,316183,314,-1,31429,-1,measured_pair_differs_from_primary,0.44,5819,5883,5819,1968
A_only,NEMA,6,30093027,3,323825,320,-1,31435,-1,intermediate_or_same_crystal_interaction,0.44,838,0,838,5680
A_only,NEMA,6,30093027,3,464834,478,-1,31593,-1,intermediate_or_same_crystal_interaction,0.44,8303,0,8303,1187
A_only,NEMA,6,30093027,3,514679,538,-1,31653,-1,measured_pair_differs_from_primary,0.44,1078,1934,1078,7020
A_only,NEMA,6,30093027,3,574158,591,-1,31706,-1,first_not_crystal_compton,0.44,8322,0,8322,2117
A_only,NEMA,6,30093027,3,897987,894,-1,32009,-1,first_not_crystal_compton,0.44,2078,0,8677,2100
A_only,NEMA,6,30093027,3,931198,932,-1,32047,-1,intermediate_or_same_crystal_interaction,0.44,801,0,801,4511
A_only,NEMA,6,30093027,3,1015142,1028,-1,32143,-1,measured_pair_differs_from_primary,0.44,609,7606,609,7607
A_only,NEMA,6,30093027,3,1664915,1704,-1,32819,-1,measured_pair_differs_from_primary,0.44,7126,6997,7126,1617
A_only,NEMA,6,30093027,3,1883581,1939,-1,33054,-1,intermediate_or_same_crystal_interaction,0.44,1530,1530,1530,3888
A_only,NEMA,6,30093027,3,1915006,1982,-1,33097,-1,intermediate_or_same_crystal_interaction,0.44,210,210,210,883
B_only,NEMA,6,30093027,3,2093707,-1,1312,-1,20803,accepted,0.44,1041,197,0,0
A_only,NEMA,6,30093027,3,2234412,2297,-1,33412,-1,measured_pair_differs_from_primary,0.44,1988,7140,1988,7077
A_only,NEMA,6,30093027,3,2303450,2363,-1,33478,-1,intermediate_or_same_crystal_interaction,0.44,9344,9344,9344,2176
A_only,NEMA,6,30093027,3,2474613,2543,-1,33658,-1,intermediate_or_same_crystal_interaction,0.44,1920,1920,1920,933
A_only,NEMA,6,30093027,3,2510727,2585,-1,33700,-1,intermediate_or_same_crystal_interaction,0.44,5565,5565,5565,860
A_only,NEMA,6,30093027,3,2660186,2743,-1,33858,-1,first_energy_not_closed,0.44,2363,1317,2363,1317
B_only,NEMA,6,30093027,3,2804121,-1,1778,-1,21269,accepted,0.44,1494,717,0,0
A_only,NEMA,6,30093027,3,3825246,3956,-1,35071,-1,intermediate_or_same_crystal_interaction,0.44,5601,5601,5601,1071
A_only,NEMA,6,30093027,3,3893119,4026,-1,35141,-1,intermediate_or_same_crystal_interaction,0.44,1198,1198,1198,10208
A_only,NEMA,6,30093027,3,3959657,4094,-1,35209,-1,intermediate_or_same_crystal_interaction,0.44,2315,2315,2315,515
A_only,NEMA,6,30093027,3,4092448,4215,-1,35330,-1,intermediate_or_same_crystal_interaction,0.44,1901,1901,1901,5843
A_only,NEMA,6,30093027,3,4210639,4340,-1,35455,-1,intermediate_or_same_crystal_interaction,0.44,762,0,762,8009
A_only,NEMA,6,30093027,3,4374026,4505,-1,35620,-1,measured_pair_differs_from_primary,0.44,1827,1826,1827,1020
A_only,NEMA,6,30093027,3,4447308,4574,-1,35689,-1,intermediate_or_same_crystal_interaction,0.44,2227,2227,2227,9439
A_only,NEMA,6,30093027,3,4710755,4839,-1,35954,-1,intermediate_or_same_crystal_interaction,0.44,262,0,262,8726
A_only,NEMA,6,30093027,3,4901645,5034,-1,36149,-1,measured_pair_differs_from_primary,0.44,6093,6092,6093,1776
A_only,NEMA,7,30093028,3,69374,84,-1,36349,-1,first_energy_not_closed,0.44,1427,3103,1427,3103
A_only,NEMA,7,30093028,3,160236,178,-1,36443,-1,intermediate_or_same_crystal_interaction,0.44,201,201,201,3578
A_only,NEMA,7,30093028,3,280816,299,-1,36564,-1,measured_pair_differs_from_primary,0.44,200,922,200,921
A_only,NEMA,7,30093028,3,285983,306,-1,36571,-1,intermediate_or_same_crystal_interaction,0.44,5335,5335,5335,1734
A_only,NEMA,7,30093028,3,562637,604,-1,36869,-1,intermediate_or_same_crystal_interaction,0.44,1887,1887,1887,342
A_only,NEMA,7,30093028,3,1804882,1893,-1,38158,-1,intermediate_or_same_crystal_interaction,0.44,200,0,200,7233
A_only,NEMA,7,30093028,3,2263614,2345,-1,38610,-1,measured_pair_differs_from_primary,0.44,583,7997,583,8061
A_only,NEMA,7,30093028,3,2382961,2468,-1,38733,-1,measured_pair_differs_from_primary,0.44,7026,7089,7026,1058
A_only,NEMA,7,30093028,3,2519923,2604,-1,38869,-1,intermediate_or_same_crystal_interaction,0.44,5460,5460,5460,684
A_only,NEMA,7,30093028,3,2707879,2786,-1,39051,-1,intermediate_or_same_crystal_interaction,0.44,58,58,58,634
A_only,NEMA,7,30093028,3,2764116,2847,-1,39112,-1,measured_pair_differs_from_primary,0.44,2392,2455,2392,1382
A_only,NEMA,7,30093028,3,2829952,2914,-1,39179,-1,measured_pair_differs_from_primary,0.44,7120,7248,7120,2198
A_only,NEMA,7,30093028,3,2933011,3017,-1,39282,-1,first_not_crystal_compton,0.44,0,0,1635,4957
A_only,NEMA,7,30093028,3,2954137,3034,-1,39299,-1,measured_pair_differs_from_primary,0.44,1942,6867,1942,6802
A_only,NEMA,7,30093028,3,2959938,3040,-1,39305,-1,intermediate_or_same_crystal_interaction,0.44,393,0,393,1712
A_only,NEMA,7,30093028,3,3336482,3458,-1,39723,-1,measured_pair_differs_from_primary,0.44,6349,6348,6349,1777
A_only,NEMA,7,30093028,3,3371641,3496,-1,39761,-1,first_not_crystal_compton,0.44,125,0,125,3201
A_only,NEMA,7,30093028,3,3420404,3546,-1,39811,-1,intermediate_or_same_crystal_interaction,0.44,378,0,378,914
A_only,NEMA,7,30093028,3,3737028,3863,-1,40128,-1,measured_pair_differs_from_primary,0.44,2652,2651,2652,1337
A_only,NEMA,7,30093028,3,3816794,3947,-1,40212,-1,measured_pair_differs_from_primary,0.44,9229,9230,9229,2039
A_only,NEMA,7,30093028,3,4296225,4436,-1,40701,-1,first_not_crystal_compton,0.44,0,0,1961,5684
A_only,NEMA,7,30093028,3,4593492,4719,-1,40984,-1,measured_pair_differs_from_primary,0.44,1841,6067,1841,6003
A_only,NEMA,7,30093028,3,4783347,4910,-1,41175,-1,measured_pair_differs_from_primary,0.44,1590,4722,1590,4721
A_only,NEMA,8,30093029,3,184709,169,-1,41565,-1,first_not_crystal_compton,0.44,379,0,379,1201
A_only,NEMA,8,30093029,3,464848,475,-1,41871,-1,first_not_crystal_compton,0.44,183,0,1562,5525
A_only,NEMA,8,30093029,3,905147,912,-1,42308,-1,first_not_crystal_compton,0.44,1911,0,1911,860
A_only,NEMA,8,30093029,3,928219,942,-1,42338,-1,intermediate_or_same_crystal_interaction,0.44,6868,6868,6868,442
A_only,NEMA,8,30093029,3,1013256,1018,-1,42414,-1,first_not_crystal_compton,0.44,2179,0,2179,9484
A_only,NEMA,8,30093029,3,1083227,1077,-1,42473,-1,measured_pair_differs_from_primary,0.44,7778,821,7778,129
A_only,NEMA,8,30093029,3,1150418,1141,-1,42537,-1,first_not_crystal_compton,0.44,0,0,1711,7230
B_only,NEMA,8,30093029,3,1198139,-1,759,-1,26624,accepted,0.44,228,9634,0,0
A_only,NEMA,8,30093029,3,1272464,1271,-1,42667,-1,intermediate_or_same_crystal_interaction,0.44,2129,2129,2129,8555
A_only,NEMA,8,30093029,3,1463088,1459,-1,42855,-1,intermediate_or_same_crystal_interaction,0.44,172,0,172,5411
B_only,NEMA,8,30093029,3,1497562,-1,958,-1,26823,accepted,0.44,5134,805,0,0
A_only,NEMA,8,30093029,3,1681588,1710,-1,43106,-1,intermediate_or_same_crystal_interaction,0.44,3297,0,3297,584
A_only,NEMA,8,30093029,3,1760332,1811,-1,43207,-1,measured_pair_differs_from_primary,0.44,7635,1681,7635,1682
A_only,NEMA,8,30093029,3,1996455,2044,-1,43440,-1,measured_pair_differs_from_primary,0.44,5926,5990,5926,1805
A_only,NEMA,8,30093029,3,2101734,2168,-1,43564,-1,measured_pair_differs_from_primary,0.44,9276,9273,9276,2277
A_only,NEMA,8,30093029,3,2121803,2190,-1,43586,-1,intermediate_or_same_crystal_interaction,0.44,370,0,370,6369
A_only,NEMA,8,30093029,3,2472865,2555,-1,43951,-1,measured_pair_differs_from_primary,0.44,6861,6732,6861,1667
A_only,NEMA,8,30093029,3,2653841,2749,-1,44145,-1,measured_pair_differs_from_primary,0.44,1633,7753,1633,8329
A_only,NEMA,8,30093029,3,2726672,2832,-1,44228,-1,measured_pair_differs_from_primary,0.44,2082,2081,2082,8452
A_only,NEMA,8,30093029,3,2745754,2842,-1,44238,-1,intermediate_or_same_crystal_interaction,0.44,978,0,978,6085
A_only,NEMA,8,30093029,3,2949017,3046,-1,44442,-1,measured_pair_differs_from_primary,0.44,2078,8648,2078,8642
A_only,NEMA,8,30093029,3,3181652,3288,-1,44684,-1,measured_pair_differs_from_primary,0.44,6424,6617,6424,2227
A_only,NEMA,8,30093029,3,3351453,3463,-1,44859,-1,intermediate_or_same_crystal_interaction,0.44,273,273,273,1371
A_only,NEMA,8,30093029,3,3405693,3512,-1,44908,-1,measured_pair_differs_from_primary,0.44,1877,6545,1877,6482
A_only,NEMA,8,30093029,3,3664195,3758,-1,45154,-1,first_not_crystal_compton,0.44,0,0,1094,430
A_only,NEMA,8,30093029,3,3787251,3874,-1,45270,-1,measured_pair_differs_from_primary,0.44,367,9514,367,9578
A_only,NEMA,8,30093029,3,3874583,3982,-1,45378,-1,measured_pair_differs_from_primary,0.44,1554,6062,1554,6125
A_only,NEMA,8,30093029,3,3879184,3983,-1,45379,-1,measured_pair_differs_from_primary,0.44,751,8215,751,8280
A_only,NEMA,8,30093029,3,3893995,3991,-1,45387,-1,intermediate_or_same_crystal_interaction,0.44,5525,5525,5525,1706
A_only,NEMA,8,30093029,3,4272591,4375,-1,45771,-1,intermediate_or_same_crystal_interaction,0.44,471,0,471,5786
A_only,NEMA,8,30093029,3,4550874,4668,-1,46064,-1,first_not_crystal_compton,0.44,0,0,2132,8217
A_only,NEMA,8,30093029,3,4990685,5094,-1,46490,-1,intermediate_or_same_crystal_interaction,0.44,1000,1000,1000,265
A_only,NEMA,9,30093030,3,91285,109,-1,46610,-1,first_not_crystal_compton,0.44,0,0,10224,1967
A_only,NEMA,9,30093030,3,399659,401,-1,46902,-1,measured_pair_differs_from_primary,0.44,2201,5111,2201,4604
B_only,NEMA,9,30093030,3,430254,-1,284,-1,29311,accepted,0.44,847,7849,0,0
A_only,NEMA,9,30093030,3,469672,480,-1,46981,-1,first_not_crystal_compton,0.44,8389,0,8389,2019
A_only,NEMA,9,30093030,3,807578,821,-1,47322,-1,first_not_crystal_compton,0.44,0,0,7010,1044
A_only,NEMA,9,30093030,3,892680,898,-1,47399,-1,measured_pair_differs_from_primary,0.44,1603,2428,1603,2429
B_only,NEMA,9,30093030,3,1080401,-1,702,-1,29729,accepted,0.44,166,3519,0,0
A_only,NEMA,9,30093030,3,1135414,1139,-1,47640,-1,measured_pair_differs_from_primary,0.44,4838,4712,4838,1439
A_only,NEMA,9,30093030,3,1234974,1222,-1,47723,-1,intermediate_or_same_crystal_interaction,0.44,939,0,939,8306
A_only,NEMA,9,30093030,3,1277739,1285,-1,47786,-1,intermediate_or_same_crystal_interaction,0.44,6578,6578,6578,1087
B_only,NEMA,9,30093030,3,1433302,-1,931,-1,29958,accepted,0.44,534,4785,0,0
B_only,NEMA,9,30093030,3,1436356,-1,935,-1,29962,accepted,0.44,339,808,0,0
A_only,NEMA,9,30093030,3,1641779,1654,-1,48155,-1,first_not_crystal_compton,0.44,1611,0,1611,4966
A_only,NEMA,9,30093030,3,1705719,1703,-1,48204,-1,intermediate_or_same_crystal_interaction,0.44,309,0,309,1700
A_only,NEMA,9,30093030,3,1759417,1748,-1,48249,-1,first_not_crystal_compton,0.44,0,0,9342,2122
A_only,NEMA,9,30093030,3,2597779,2623,-1,49124,-1,measured_pair_differs_from_primary,0.44,1022,1037,1022,8306
A_only,NEMA,9,30093030,3,2823646,2854,-1,49355,-1,measured_pair_differs_from_primary,0.44,5989,765,5989,101
A_only,NEMA,9,30093030,3,3080472,3109,-1,49610,-1,first_not_crystal_compton,0.44,0,0,1976,7726
A_only,NEMA,9,30093030,3,3284933,3324,-1,49825,-1,intermediate_or_same_crystal_interaction,0.44,709,709,709,2757
A_only,NEMA,9,30093030,3,3381679,3436,-1,49937,-1,measured_pair_differs_from_primary,0.44,1114,2106,1114,8992
A_only,NEMA,9,30093030,3,4250990,4323,-1,50824,-1,intermediate_or_same_crystal_interaction,0.44,1803,1803,1803,6883
A_only,NEMA,9,30093030,3,4263765,4330,-1,50831,-1,measured_pair_differs_from_primary,0.44,1860,7545,1860,7609
A_only,NEMA,9,30093030,3,4688056,4788,-1,51289,-1,measured_pair_differs_from_primary,0.44,5247,5183,5247,1789
A_only,NEMA,9,30093030,3,4820815,4922,-1,51423,-1,measured_pair_differs_from_primary,0.44,2724,2853,2724,1496
A_only,NEMA,9,30093030,3,4873788,4987,-1,51488,-1,intermediate_or_same_crystal_interaction,0.44,1697,1697,1697,115
A_only,NEMA,9,30093030,3,4874780,4988,-1,51489,-1,intermediate_or_same_crystal_interaction,0.44,2172,2172,2172,8777
A_only,NEMA,9,30093030,3,4916200,5031,-1,51532,-1,intermediate_or_same_crystal_interaction,0.44,1968,1968,1968,296
A_only,NEMA,9,30093030,3,4924172,5041,-1,51542,-1,first_not_crystal_compton,0.44,352,0,352,6332
A_only,NEMA,9,30093030,3,4929328,5049,-1,51550,-1,first_energy_not_closed,0.44,1167,8125,1167,8125
A_only,NEMA,0,30093031,4,93068,114,-1,114,-1,measured_pair_differs_from_primary,0.44,2025,9010,2025,9077
A_only,NEMA,0,30093031,4,191464,209,-1,209,-1,first_not_crystal_compton,0.44,2014,0,2014,7842
A_only,NEMA,0,30093031,4,224637,247,-1,247,-1,first_energy_not_closed,0.44,662,179,662,179
A_only,NEMA,0,30093031,4,608850,603,-1,603,-1,intermediate_or_same_crystal_interaction,0.44,1551,1551,1551,2865
B_only,NEMA,0,30093031,4,665566,-1,420,-1,420,accepted,0.44,3343,1639,0,0
A_only,NEMA,0,30093031,4,832228,836,-1,836,-1,measured_pair_differs_from_primary,0.44,1758,3380,1758,2996
A_only,NEMA,0,30093031,4,843866,849,-1,849,-1,measured_pair_differs_from_primary,0.44,8608,8545,8608,2030
A_only,NEMA,0,30093031,4,881488,894,-1,894,-1,first_not_crystal_compton,0.44,1753,0,1753,7020
A_only,NEMA,0,30093031,4,1035183,1047,-1,1047,-1,measured_pair_differs_from_primary,0.44,2278,8149,2278,8021
A_only,NEMA,0,30093031,4,1065287,1083,-1,1083,-1,intermediate_or_same_crystal_interaction,0.44,5346,5346,5346,1585
A_only,NEMA,0,30093031,4,1125645,1152,-1,1152,-1,first_not_crystal_compton,0.44,0,0,1465,4659
B_only,NEMA,0,30093031,4,1898145,-1,1224,-1,1224,accepted,0.44,8503,1819,0,0
A_only,NEMA,0,30093031,4,1903268,1950,-1,1950,-1,intermediate_or_same_crystal_interaction,0.44,3286,3286,3286,531
A_only,NEMA,0,30093031,4,1904691,1952,-1,1952,-1,intermediate_or_same_crystal_interaction,0.44,1844,1844,1844,852
A_only,NEMA,0,30093031,4,1970461,2018,-1,2018,-1,intermediate_or_same_crystal_interaction,0.44,4083,4083,4083,712
A_only,NEMA,0,30093031,4,2047211,2104,-1,2104,-1,first_energy_not_closed,0.44,1362,658,1362,658
A_only,NEMA,0,30093031,4,3278455,3409,-1,3409,-1,intermediate_or_same_crystal_interaction,0.44,1911,0,1911,958
A_only,NEMA,0,30093031,4,3339923,3475,-1,3475,-1,measured_pair_differs_from_primary,0.44,5199,5200,5199,1655
A_only,NEMA,0,30093031,4,3812912,3965,-1,3965,-1,measured_pair_differs_from_primary,0.44,1437,3915,1437,3973
B_only,NEMA,0,30093031,4,4226045,-1,2760,-1,2760,accepted,0.44,6703,1942,0,0
A_only,NEMA,0,30093031,4,4230730,4419,-1,4419,-1,intermediate_or_same_crystal_interaction,0.44,6226,0,6226,937
A_only,NEMA,0,30093031,4,4253066,4445,-1,4445,-1,measured_pair_differs_from_primary,0.44,8338,8339,8338,2204
A_only,NEMA,0,30093031,4,4427880,4633,-1,4633,-1,intermediate_or_same_crystal_interaction,0.44,2009,2009,2009,7324
B_only,NEMA,0,30093031,4,4438287,-1,2901,-1,2901,accepted,0.44,3928,1491,0,0
A_only,NEMA,0,30093031,4,4444771,4650,-1,4650,-1,intermediate_or_same_crystal_interaction,0.44,1093,0,1093,9720
A_only,NEMA,0,30093031,4,4907474,5136,-1,5136,-1,measured_pair_differs_from_primary,0.44,366,354,366,3937
A_only,NEMA,1,30093032,4,75766,77,-1,5289,-1,measured_pair_differs_from_primary,0.44,5739,1668,5739,1689
A_only,NEMA,1,30093032,4,103485,110,-1,5322,-1,measured_pair_differs_from_primary,0.44,1846,9938,1846,10001
A_only,NEMA,1,30093032,4,460357,482,-1,5694,-1,intermediate_or_same_crystal_interaction,0.44,1413,1413,1413,3355
A_only,NEMA,1,30093032,4,476915,500,-1,5712,-1,first_not_crystal_compton,0.44,184,0,184,6792
A_only,NEMA,1,30093032,4,800869,828,-1,6040,-1,measured_pair_differs_from_primary,0.44,5124,5190,5124,1734
A_only,NEMA,1,30093032,4,839979,861,-1,6073,-1,intermediate_or_same_crystal_interaction,0.44,691,691,691,90
A_only,NEMA,1,30093032,4,879715,899,-1,6111,-1,intermediate_or_same_crystal_interaction,0.44,759,0,759,202
A_only,NEMA,1,30093032,4,1349405,1436,-1,6648,-1,intermediate_or_same_crystal_interaction,0.44,6869,6869,6869,1033
A_only,NEMA,1,30093032,4,1647078,1743,-1,6955,-1,first_not_crystal_compton,0.44,0,0,2276,9698
B_only,NEMA,1,30093032,4,1659728,-1,1109,-1,4367,accepted,0.44,1724,6552,0,0
A_only,NEMA,1,30093032,4,1785089,1883,-1,7095,-1,intermediate_or_same_crystal_interaction,0.44,337,0,337,7745
A_only,NEMA,1,30093032,4,1786761,1886,-1,7098,-1,intermediate_or_same_crystal_interaction,0.44,2132,2132,2132,7645
A_only,NEMA,1,30093032,4,2019877,2167,-1,7379,-1,first_not_crystal_compton,0.44,1298,0,1298,53
A_only,NEMA,1,30093032,4,2527860,2680,-1,7892,-1,intermediate_or_same_crystal_interaction,0.44,2054,0,2054,9095
A_only,NEMA,1,30093032,4,2681978,2821,-1,8033,-1,intermediate_or_same_crystal_interaction,0.44,10491,10491,10491,2238
A_only,NEMA,1,30093032,4,3094792,3271,-1,8483,-1,first_not_crystal_compton,0.44,280,0,1866,9272
A_only,NEMA,1,30093032,4,3180516,3349,-1,8561,-1,intermediate_or_same_crystal_interaction,0.44,1301,1301,1301,668
A_only,NEMA,1,30093032,4,3319993,3494,-1,8706,-1,measured_pair_differs_from_primary,0.44,6741,6678,6741,1643
A_only,NEMA,1,30093032,4,3326700,3500,-1,8712,-1,intermediate_or_same_crystal_interaction,0.44,534,0,534,131
A_only,NEMA,1,30093032,4,3402247,3585,-1,8797,-1,intermediate_or_same_crystal_interaction,0.44,922,0,922,7929
A_only,NEMA,1,30093032,4,3486145,3665,-1,8877,-1,intermediate_or_same_crystal_interaction,0.44,1608,1608,1608,814
A_only,NEMA,1,30093032,4,3496542,3679,-1,8891,-1,measured_pair_differs_from_primary,0.44,3672,3673,3672,1400
A_only,NEMA,1,30093032,4,3704622,3898,-1,9110,-1,measured_pair_differs_from_primary,0.44,3673,3674,3673,1418
A_only,NEMA,1,30093032,4,4308878,4511,-1,9723,-1,intermediate_or_same_crystal_interaction,0.44,504,0,504,1955
A_only,NEMA,1,30093032,4,4489171,4714,-1,9926,-1,first_not_crystal_compton,0.44,117,0,634,4949
A_only,NEMA,1,30093032,4,4567130,4805,-1,10017,-1,measured_pair_differs_from_primary,0.44,1555,1577,1555,1210
A_only,NEMA,1,30093032,4,4577919,4819,-1,10031,-1,measured_pair_differs_from_primary,0.44,3723,3660,3723,518
B_only,NEMA,1,30093032,4,4671053,-1,3130,-1,6388,accepted,0.44,4556,746,0,0
A_only,NEMA,1,30093032,4,4756858,5028,-1,10240,-1,intermediate_or_same_crystal_interaction,0.44,5874,5874,5874,1751
A_only,NEMA,1,30093032,4,4779190,5052,-1,10264,-1,measured_pair_differs_from_primary,0.44,3830,3831,3830,703
A_only,NEMA,2,30093033,4,156225,170,-1,10650,-1,measured_pair_differs_from_primary,0.44,9268,9330,9268,2184
A_only,NEMA,2,30093033,4,273949,281,-1,10761,-1,intermediate_or_same_crystal_interaction,0.44,3305,0,3305,209
A_only,NEMA,2,30093033,4,323464,333,-1,10813,-1,intermediate_or_same_crystal_interaction,0.44,693,693,693,5567
A_only,NEMA,2,30093033,4,437188,452,-1,10932,-1,measured_pair_differs_from_primary,0.44,341,9762,341,9698
A_only,NEMA,2,30093033,4,521276,547,-1,11027,-1,measured_pair_differs_from_primary,0.44,2857,2921,2857,758
A_only,NEMA,2,30093033,4,703136,732,-1,11212,-1,measured_pair_differs_from_primary,0.44,1209,6548,1209,6419
B_only,NEMA,2,30093033,4,763541,-1,474,-1,7081,accepted,0.44,2358,541,0,0
A_only,NEMA,2,30093033,4,878434,914,-1,11394,-1,intermediate_or_same_crystal_interaction,0.44,1717,0,1717,6009
A_only,NEMA,2,30093033,4,1001566,1039,-1,11519,-1,first_not_crystal_compton,0.44,0,0,1999,6181
A_only,NEMA,2,30093033,4,1104496,1162,-1,11642,-1,measured_pair_differs_from_primary,0.44,178,1734,178,6238
A_only,NEMA,2,30093033,4,1211313,1261,-1,11741,-1,first_not_crystal_compton,0.44,2186,0,9446,2157
A_only,NEMA,2,30093033,4,1354437,1421,-1,11901,-1,measured_pair_differs_from_primary,0.44,1769,7929,1769,7994
A_only,NEMA,2,30093033,4,1417033,1487,-1,11967,-1,measured_pair_differs_from_primary,0.44,6116,6052,6116,1300
A_only,NEMA,2,30093033,4,1457371,1533,-1,12013,-1,intermediate_or_same_crystal_interaction,0.44,924,924,924,6556
B_only,NEMA,2,30093033,4,1674813,-1,1076,-1,7683,accepted,0.44,7548,990,0,0
A_only,NEMA,2,30093033,4,1791064,1887,-1,12367,-1,measured_pair_differs_from_primary,0.44,1405,1404,1405,3332
A_only,NEMA,2,30093033,4,1829665,1927,-1,12407,-1,measured_pair_differs_from_primary,0.44,1398,3676,1398,3741
B_only,NEMA,2,30093033,4,2034985,-1,1331,-1,7938,accepted,0.44,3173,1585,0,0
A_only,NEMA,2,30093033,4,2138924,2279,-1,12759,-1,intermediate_or_same_crystal_interaction,0.44,9998,9998,9998,2276
A_only,NEMA,2,30093033,4,2274525,2422,-1,12902,-1,intermediate_or_same_crystal_interaction,0.44,1109,1109,1109,6587
A_only,NEMA,2,30093033,4,2472769,2628,-1,13108,-1,first_not_crystal_compton,0.44,0,0,6190,1772
A_only,NEMA,2,30093033,4,3194984,3399,-1,13879,-1,intermediate_or_same_crystal_interaction,0.44,7848,7848,7848,1914
A_only,NEMA,2,30093033,4,3659947,3889,-1,14369,-1,measured_pair_differs_from_primary,0.44,3601,3602,3601,675
A_only,NEMA,2,30093033,4,4124563,4394,-1,14874,-1,measured_pair_differs_from_primary,0.44,3997,3869,3997,1303
B_only,NEMA,2,30093033,4,4203373,-1,2757,-1,9364,accepted,0.44,7646,1815,0,0
A_only,NEMA,2,30093033,4,4296774,4565,-1,15045,-1,first_not_crystal_compton,0.44,399,0,399,1083
A_only,NEMA,2,30093033,4,4549015,4840,-1,15320,-1,measured_pair_differs_from_primary,0.44,28,3836,28,3901
A_only,NEMA,2,30093033,4,4669293,4955,-1,15435,-1,first_not_crystal_compton,0.44,1627,0,1627,9065
A_only,NEMA,2,30093033,4,4716136,5010,-1,15490,-1,intermediate_or_same_crystal_interaction,0.44,809,0,809,1399
A_only,NEMA,2,30093033,4,4811346,5107,-1,15587,-1,intermediate_or_same_crystal_interaction,0.44,2050,2050,2050,6754
B_only,NEMA,2,30093033,4,4885375,-1,3208,-1,9815,accepted,0.44,6225,754,0,0
A_only,NEMA,3,30093034,4,56110,53,-1,15846,-1,measured_pair_differs_from_primary,0.44,5882,5883,5882,1728
A_only,NEMA,3,30093034,4,97143,95,-1,15888,-1,intermediate_or_same_crystal_interaction,0.44,4048,4048,4048,543
A_only,NEMA,3,30093034,4,147582,139,-1,15932,-1,intermediate_or_same_crystal_interaction,0.44,1187,1187,1187,2250
A_only,NEMA,3,30093034,4,157973,152,-1,15945,-1,measured_pair_differs_from_primary,0.44,2100,3058,2100,2994
A_only,NEMA,3,30093034,4,324022,344,-1,16137,-1,first_energy_not_closed,0.44,7761,1072,7761,1072
A_only,NEMA,3,30093034,4,374479,396,-1,16189,-1,intermediate_or_same_crystal_interaction,0.44,1384,1384,1384,683
A_only,NEMA,3,30093034,4,422765,452,-1,16245,-1,intermediate_or_same_crystal_interaction,0.44,1039,0,1039,395
A_only,NEMA,3,30093034,4,466159,497,-1,16290,-1,measured_pair_differs_from_primary,0.44,15,1628,15,5360
A_only,NEMA,3,30093034,4,649090,689,-1,16482,-1,first_energy_not_closed,0.44,1084,8669,1084,8669
A_only,NEMA,3,30093034,4,728189,793,-1,16586,-1,intermediate_or_same_crystal_interaction,0.44,141,0,141,3121
A_only,NEMA,3,30093034,4,958121,1007,-1,16800,-1,first_energy_not_closed,0.44,445,2010,445,2010
A_only,NEMA,3,30093034,4,977024,1027,-1,16820,-1,first_not_crystal_compton,0.44,1830,0,6783,1875
A_only,NEMA,3,30093034,4,1212284,1250,-1,17043,-1,intermediate_or_same_crystal_interaction,0.44,707,0,707,7859
A_only,NEMA,3,30093034,4,1361352,1413,-1,17206,-1,intermediate_or_same_crystal_interaction,0.44,2203,2203,2203,8496
A_only,NEMA,3,30093034,4,1705840,1781,-1,17574,-1,intermediate_or_same_crystal_interaction,0.44,301,0,301,1978
A_only,NEMA,3,30093034,4,2099556,2205,-1,17998,-1,measured_pair_differs_from_primary,0.44,4396,4395,4396,810
A_only,NEMA,3,30093034,4,2417317,2548,-1,18341,-1,intermediate_or_same_crystal_interaction,0.44,341,0,341,4756
A_only,NEMA,3,30093034,4,2486729,2619,-1,18412,-1,first_not_crystal_compton,0.44,55,0,56,3377
A_only,NEMA,3,30093034,4,2581580,2704,-1,18497,-1,measured_pair_differs_from_primary,0.44,2869,2868,2869,647
A_only,NEMA,3,30093034,4,2932870,3070,-1,18863,-1,measured_pair_differs_from_primary,0.44,246,9607,246,9671
B_only,NEMA,3,30093034,4,3070395,-1,2014,-1,11911,accepted,0.44,1399,3214,0,0
A_only,NEMA,3,30093034,4,3222729,3367,-1,19160,-1,measured_pair_differs_from_primary,0.44,7008,6878,7008,740
A_only,NEMA,3,30093034,4,3353546,3489,-1,19282,-1,first_energy_not_closed,0.44,9675,2136,9675,2136
A_only,NEMA,3,30093034,4,3465961,3606,-1,19399,-1,first_not_crystal_compton,0.44,673,0,1494,3020
A_only,NEMA,3,30093034,4,3836418,4004,-1,19797,-1,first_not_crystal_compton,0.44,0,0,4614,2000
A_only,NEMA,3,30093034,4,4028215,4197,-1,19990,-1,measured_pair_differs_from_primary,0.44,3687,3752,3687,1503
A_only,NEMA,3,30093034,4,4076391,4253,-1,20046,-1,measured_pair_differs_from_primary,0.44,2005,1944,2005,6900
A_only,NEMA,3,30093034,4,4250358,4435,-1,20228,-1,first_not_crystal_compton,0.44,0,0,1952,10116
A_only,NEMA,3,30093034,4,4302649,4485,-1,20278,-1,intermediate_or_same_crystal_interaction,0.44,7352,7352,7352,411
A_only,NEMA,3,30093034,4,4611058,4833,-1,20626,-1,first_not_crystal_compton,0.44,1552,0,1552,6827
A_only,NEMA,4,30093035,4,23905,24,-1,21027,-1,intermediate_or_same_crystal_interaction,0.44,2105,2105,2105,5948
A_only,NEMA,4,30093035,4,178935,174,-1,21177,-1,intermediate_or_same_crystal_interaction,0.44,1079,0,1079,6599
A_only,NEMA,4,30093035,4,251663,262,-1,21265,-1,measured_pair_differs_from_primary,0.44,5480,5545,5480,1906
A_only,NEMA,4,30093035,4,409640,406,-1,21409,-1,intermediate_or_same_crystal_interaction,0.44,578,0,578,3467
A_only,NEMA,4,30093035,4,423732,419,-1,21422,-1,intermediate_or_same_crystal_interaction,0.44,1818,1818,1818,8165
A_only,NEMA,4,30093035,4,930217,949,-1,21952,-1,first_energy_not_closed,0.44,1620,665,1620,665
A_only,NEMA,4,30093035,4,1077330,1116,-1,22119,-1,measured_pair_differs_from_primary,0.44,2010,7867,2010,7804
A_only,NEMA,4,30093035,4,1355406,1408,-1,22411,-1,first_not_crystal_compton,0.44,0,0,777,1670
A_only,NEMA,4,30093035,4,1365571,1419,-1,22422,-1,first_not_crystal_compton,0.44,2044,0,8620,2225
A_only,NEMA,4,30093035,4,1545396,1591,-1,22594,-1,intermediate_or_same_crystal_interaction,0.44,415,415,415,9275
A_only,NEMA,4,30093035,4,1780609,1832,-1,22835,-1,first_not_crystal_compton,0.44,0,0,9950,1082
A_only,NEMA,4,30093035,4,2025576,2088,-1,23091,-1,intermediate_or_same_crystal_interaction,0.44,510,0,510,2008
A_only,NEMA,4,30093035,4,2080881,2152,-1,23155,-1,intermediate_or_same_crystal_interaction,0.44,5607,0,5607,1750
A_only,NEMA,4,30093035,4,2118891,2189,-1,23192,-1,measured_pair_differs_from_primary,0.44,3041,1530,3041,795
A_only,NEMA,4,30093035,4,2183917,2260,-1,23263,-1,intermediate_or_same_crystal_interaction,0.44,1592,1592,1592,7782
A_only,NEMA,4,30093035,4,2502317,2662,-1,23665,-1,intermediate_or_same_crystal_interaction,0.44,920,920,920,3570
A_only,NEMA,4,30093035,4,2525094,2691,-1,23694,-1,intermediate_or_same_crystal_interaction,0.44,9348,9348,9348,1778
A_only,NEMA,4,30093035,4,2614731,2776,-1,23779,-1,intermediate_or_same_crystal_interaction,0.44,2996,0,2996,1538
A_only,NEMA,4,30093035,4,2639615,2804,-1,23807,-1,measured_pair_differs_from_primary,0.44,1760,10034,1760,10226
A_only,NEMA,4,30093035,4,2684198,2847,-1,23850,-1,first_energy_not_closed,0.44,1231,7771,1231,7771
A_only,NEMA,4,30093035,4,2776402,2945,-1,23948,-1,measured_pair_differs_from_primary,0.44,1994,9136,1994,9201
A_only,NEMA,4,30093035,4,2813215,2969,-1,23972,-1,first_not_crystal_compton,0.44,0,0,1081,4824
B_only,NEMA,4,30093035,4,2814344,-1,1876,-1,15064,accepted,0.44,795,1353,0,0
A_only,NEMA,4,30093035,4,2939605,3084,-1,24087,-1,intermediate_or_same_crystal_interaction,0.44,1933,1933,1933,856
A_only,NEMA,4,30093035,4,2960644,3098,-1,24101,-1,intermediate_or_same_crystal_interaction,0.44,1122,1122,1122,4723
A_only,NEMA,4,30093035,4,2998898,3146,-1,24149,-1,first_not_crystal_compton,0.44,1680,0,1680,4415
A_only,NEMA,4,30093035,4,3230615,3362,-1,24365,-1,first_not_crystal_compton,0.44,0,0,1831,904
A_only,NEMA,4,30093035,4,3232854,3367,-1,24370,-1,intermediate_or_same_crystal_interaction,0.44,9757,9757,9757,2083
A_only,NEMA,4,30093035,4,3655867,3847,-1,24850,-1,intermediate_or_same_crystal_interaction,0.44,102,0,102,4490
A_only,NEMA,4,30093035,4,3780881,3996,-1,24999,-1,measured_pair_differs_from_primary,0.44,1802,6901,1802,6967
A_only,NEMA,4,30093035,4,3832639,4052,-1,25055,-1,intermediate_or_same_crystal_interaction,0.44,968,0,968,2021
A_only,NEMA,4,30093035,4,3894281,4103,-1,25106,-1,intermediate_or_same_crystal_interaction,0.44,6376,0,6376,120
A_only,NEMA,4,30093035,4,3943297,4151,-1,25154,-1,measured_pair_differs_from_primary,0.44,5383,1614,5383,1615
A_only,NEMA,4,30093035,4,3996283,4208,-1,25211,-1,first_not_crystal_compton,0.44,1023,0,1023,363
A_only,NEMA,4,30093035,4,4069267,4281,-1,25284,-1,intermediate_or_same_crystal_interaction,0.44,410,0,410,8550
A_only,NEMA,4,30093035,4,4164585,4383,-1,25386,-1,measured_pair_differs_from_primary,0.44,393,5251,393,5187
A_only,NEMA,4,30093035,4,4317979,4531,-1,25534,-1,first_not_crystal_compton,0.44,1108,0,1108,9848
A_only,NEMA,4,30093035,4,4675043,4906,-1,25909,-1,intermediate_or_same_crystal_interaction,0.44,250,0,250,9219
A_only,NEMA,4,30093035,4,4860770,5088,-1,26091,-1,first_not_crystal_compton,0.44,228,0,228,7405
A_only,NEMA,5,30093036,4,237145,261,-1,26504,-1,first_not_crystal_compton,0.44,0,0,5305,1389
B_only,NEMA,5,30093036,4,382104,-1,263,-1,16800,accepted,0.44,1237,6972,0,0
A_only,NEMA,5,30093036,4,567180,591,-1,26834,-1,first_not_crystal_compton,0.44,0,0,8460,1152
A_only,NEMA,5,30093036,4,875515,907,-1,27150,-1,measured_pair_differs_from_primary,0.44,2074,9605,2074,9669
A_only,NEMA,5,30093036,4,957731,996,-1,27239,-1,first_not_crystal_compton,0.44,7034,0,7034,265
A_only,NEMA,5,30093036,4,1229249,1293,-1,27536,-1,measured_pair_differs_from_primary,0.44,5470,5469,5470,1702
A_only,NEMA,5,30093036,4,1250584,1322,-1,27565,-1,first_not_crystal_compton,0.44,1253,0,10257,2118
A_only,NEMA,5,30093036,4,1269395,1339,-1,27582,-1,first_not_crystal_compton,0.44,0,0,2655,1528
A_only,NEMA,5,30093036,4,1336555,1413,-1,27656,-1,intermediate_or_same_crystal_interaction,0.44,1374,1374,1374,3246
A_only,NEMA,5,30093036,4,1815590,1903,-1,28146,-1,measured_pair_differs_from_primary,0.44,1835,7856,1835,7922
A_only,NEMA,5,30093036,4,1816311,1904,-1,28147,-1,measured_pair_differs_from_primary,0.44,4987,5176,4987,1786
A_only,NEMA,5,30093036,4,1889678,1972,-1,28215,-1,first_not_crystal_compton,0.44,1880,0,7396,231
A_only,NEMA,5,30093036,4,2110849,2216,-1,28459,-1,first_not_crystal_compton,0.44,0,0,5546,1018
A_only,NEMA,5,30093036,4,2140349,2249,-1,28492,-1,measured_pair_differs_from_primary,0.44,2982,1499,2982,798
A_only,NEMA,5,30093036,4,2779289,2952,-1,29195,-1,first_energy_not_closed,0.44,3100,161,3100,161
B_only,NEMA,5,30093036,4,2911575,-1,1891,-1,18428,accepted,0.44,8812,1857,0,0
A_only,NEMA,5,30093036,4,3105078,3254,-1,29497,-1,first_not_crystal_compton,0.44,1575,0,4413,607
A_only,NEMA,5,30093036,4,3342107,3523,-1,29766,-1,first_not_crystal_compton,0.44,0,0,8745,2088
A_only,NEMA,5,30093036,4,3444517,3613,-1,29856,-1,intermediate_or_same_crystal_interaction,0.44,513,0,513,1324
A_only,NEMA,5,30093036,4,3589330,3767,-1,30010,-1,measured_pair_differs_from_primary,0.44,328,1754,328,5466
B_only,NEMA,5,30093036,4,3599394,-1,2363,-1,18900,accepted,0.44,9,1541,0,0
A_only,NEMA,5,30093036,4,3614009,3790,-1,30033,-1,intermediate_or_same_crystal_interaction,0.44,5731,0,5731,18
A_only,NEMA,5,30093036,4,3844260,4030,-1,30273,-1,first_energy_not_closed,0.44,24,771,24,771
A_only,NEMA,5,30093036,4,3948513,4147,-1,30390,-1,intermediate_or_same_crystal_interaction,0.44,549,549,549,5470
A_only,NEMA,5,30093036,4,4141832,4346,-1,30589,-1,measured_pair_differs_from_primary,0.44,1084,9264,1084,9328
A_only,NEMA,5,30093036,4,4185991,4400,-1,30643,-1,measured_pair_differs_from_primary,0.44,1702,5719,1702,5851
B_only,NEMA,5,30093036,4,4194021,-1,2755,-1,19292,accepted,0.44,1194,8924,0,0
A_only,NEMA,5,30093036,4,4201572,4413,-1,30656,-1,first_not_crystal_compton,0.44,0,0,1435,4067
A_only,NEMA,5,30093036,4,4323809,4551,-1,30794,-1,first_not_crystal_compton,0.44,0,0,2193,9125
A_only,NEMA,5,30093036,4,4382017,4613,-1,30856,-1,first_energy_not_closed,0.44,854,4749,854,4749
A_only,NEMA,5,30093036,4,4562490,4785,-1,31028,-1,first_not_crystal_compton,0.44,0,0,2235,936
A_only,NEMA,5,30093036,4,4748133,4986,-1,31229,-1,measured_pair_differs_from_primary,0.44,10048,10047,10048,2251
A_only,NEMA,6,30093037,4,218267,251,-1,31738,-1,measured_pair_differs_from_primary,0.44,4575,4509,4575,1424
A_only,NEMA,6,30093037,4,636936,699,-1,32186,-1,first_not_crystal_compton,0.44,0,0,7626,2019
A_only,NEMA,6,30093037,4,991117,1071,-1,32558,-1,measured_pair_differs_from_primary,0.44,321,322,321,1004
A_only,NEMA,6,30093037,4,1101462,1179,-1,32666,-1,first_not_crystal_compton,0.44,641,0,1390,3495
A_only,NEMA,6,30093037,4,1238285,1333,-1,32820,-1,measured_pair_differs_from_primary,0.44,5505,5506,5505,837
A_only,NEMA,6,30093037,4,1319634,1423,-1,32910,-1,measured_pair_differs_from_primary,0.44,1638,6479,1638,6928
A_only,NEMA,6,30093037,4,1325543,1429,-1,32916,-1,measured_pair_differs_from_primary,0.44,1628,4643,1628,4578
A_only,NEMA,6,30093037,4,1829650,1990,-1,33477,-1,measured_pair_differs_from_primary,0.44,7715,7843,7715,2059
A_only,NEMA,6,30093037,4,1926577,2098,-1,33585,-1,measured_pair_differs_from_primary,0.44,5001,1858,5001,1873
A_only,NEMA,6,30093037,4,1995271,2163,-1,33650,-1,first_not_crystal_compton,0.44,442,0,1237,2212
A_only,NEMA,6,30093037,4,2041274,2211,-1,33698,-1,measured_pair_differs_from_primary,0.44,1155,5500,1155,5309
A_only,NEMA,6,30093037,4,2076438,2246,-1,33733,-1,measured_pair_differs_from_primary,0.44,660,5167,660,5294
A_only,NEMA,6,30093037,4,2079114,2249,-1,33736,-1,measured_pair_differs_from_primary,0.44,1876,6537,1876,6473
A_only,NEMA,6,30093037,4,2172177,2361,-1,33848,-1,first_not_crystal_compton,0.44,630,0,1421,4131
A_only,NEMA,6,30093037,4,2307924,2505,-1,33992,-1,first_energy_not_closed,0.44,1163,7956,1163,7956
A_only,NEMA,6,30093037,4,2391209,2597,-1,34084,-1,measured_pair_differs_from_primary,0.44,3961,3960,3961,1672
A_only,NEMA,6,30093037,4,2399534,2613,-1,34100,-1,measured_pair_differs_from_primary,0.44,6323,6130,6323,1345
A_only,NEMA,6,30093037,4,2493144,2707,-1,34194,-1,measured_pair_differs_from_primary,0.44,1452,1465,1452,6238
A_only,NEMA,6,30093037,4,2574658,2807,-1,34294,-1,first_not_crystal_compton,0.44,0,0,2041,8401
A_only,NEMA,6,30093037,4,2933418,3190,-1,34677,-1,first_not_crystal_compton,0.44,468,0,2220,9952
A_only,NEMA,6,30093037,4,3150088,3390,-1,34877,-1,first_not_crystal_compton,0.44,0,0,5102,1900
A_only,NEMA,6,30093037,4,3168400,3408,-1,34895,-1,intermediate_or_same_crystal_interaction,0.44,311,0,311,8407
A_only,NEMA,6,30093037,4,3380562,3629,-1,35116,-1,intermediate_or_same_crystal_interaction,0.44,1010,0,1010,6451
A_only,NEMA,6,30093037,4,3410018,3661,-1,35148,-1,first_not_crystal_compton,0.44,0,0,8179,842
A_only,NEMA,6,30093037,4,3491933,3747,-1,35234,-1,intermediate_or_same_crystal_interaction,0.44,897,0,897,8727
A_only,NEMA,6,30093037,4,3643115,3896,-1,35383,-1,intermediate_or_same_crystal_interaction,0.44,5722,5722,5722,1091
A_only,NEMA,6,30093037,4,3876431,4124,-1,35611,-1,intermediate_or_same_crystal_interaction,0.44,5704,5704,5704,1706
A_only,NEMA,6,30093037,4,3883622,4134,-1,35621,-1,measured_pair_differs_from_primary,0.44,1484,2774,1484,2773
A_only,NEMA,6,30093037,4,3998050,4257,-1,35744,-1,measured_pair_differs_from_primary,0.44,447,1823,447,1803
A_only,NEMA,6,30093037,4,4067289,4321,-1,35808,-1,measured_pair_differs_from_primary,0.44,3215,3279,3215,1580
A_only,NEMA,6,30093037,4,4417122,4725,-1,36212,-1,intermediate_or_same_crystal_interaction,0.44,1783,1783,1783,8721
A_only,NEMA,6,30093037,4,4687328,5026,-1,36513,-1,measured_pair_differs_from_primary,0.44,5926,1636,5926,1622
A_only,NEMA,6,30093037,4,4865384,5206,-1,36693,-1,intermediate_or_same_crystal_interaction,0.44,2951,2951,2951,1320
A_only,NEMA,7,30093038,4,149834,162,-1,36985,-1,intermediate_or_same_crystal_interaction,0.44,10066,10066,10066,2120
A_only,NEMA,7,30093038,4,161836,173,-1,36996,-1,first_not_crystal_compton,0.44,8587,0,8713,1251
A_only,NEMA,7,30093038,4,237695,261,-1,37084,-1,intermediate_or_same_crystal_interaction,0.44,558,0,558,3858
A_only,NEMA,7,30093038,4,326802,356,-1,37179,-1,measured_pair_differs_from_primary,0.44,1458,1459,1458,3620
B_only,NEMA,7,30093038,4,445006,-1,285,-1,23440,accepted,0.44,2238,8788,0,0
A_only,NEMA,7,30093038,4,676062,743,-1,37566,-1,intermediate_or_same_crystal_interaction,0.44,5472,0,5472,2127
A_only,NEMA,7,30093038,4,860904,911,-1,37734,-1,measured_pair_differs_from_primary,0.44,1529,4973,1529,5039
A_only,NEMA,7,30093038,4,1161380,1235,-1,38058,-1,intermediate_or_same_crystal_interaction,0.44,1573,1573,1573,676
A_only,NEMA,7,30093038,4,1216561,1313,-1,38136,-1,intermediate_or_same_crystal_interaction,0.44,2405,2405,2405,1471
A_only,NEMA,7,30093038,4,1262013,1356,-1,38179,-1,first_not_crystal_compton,0.44,0,0,1714,287
A_only,NEMA,7,30093038,4,1307005,1395,-1,38218,-1,intermediate_or_same_crystal_interaction,0.44,9040,9040,9040,2056
A_only,NEMA,7,30093038,4,1307073,1396,-1,38219,-1,measured_pair_differs_from_primary,0.44,6639,6448,6639,1677
A_only,NEMA,7,30093038,4,1817251,1894,-1,38717,-1,intermediate_or_same_crystal_interaction,0.44,1520,1520,1520,4092
A_only,NEMA,7,30093038,4,1869140,1955,-1,38778,-1,measured_pair_differs_from_primary,0.44,7892,7956,7892,470
A_only,NEMA,7,30093038,4,1869971,1958,-1,38781,-1,intermediate_or_same_crystal_interaction,0.44,870,0,870,4472
A_only,NEMA,7,30093038,4,1967501,2063,-1,38886,-1,measured_pair_differs_from_primary,0.44,222,231,222,2258
A_only,NEMA,7,30093038,4,2011077,2114,-1,38937,-1,intermediate_or_same_crystal_interaction,0.44,3649,3649,3649,186
A_only,NEMA,7,30093038,4,2069635,2169,-1,38992,-1,intermediate_or_same_crystal_interaction,0.44,310,0,310,6156
A_only,NEMA,7,30093038,4,2071599,2172,-1,38995,-1,intermediate_or_same_crystal_interaction,0.44,2882,2882,2882,1411
A_only,NEMA,7,30093038,4,2382329,2481,-1,39304,-1,intermediate_or_same_crystal_interaction,0.44,6155,6155,6155,1654
A_only,NEMA,7,30093038,4,2438448,2536,-1,39359,-1,intermediate_or_same_crystal_interaction,0.44,5671,5671,5671,1628
A_only,NEMA,7,30093038,4,2633667,2741,-1,39564,-1,measured_pair_differs_from_primary,0.44,185,197,185,8085
A_only,NEMA,7,30093038,4,2721190,2845,-1,39668,-1,intermediate_or_same_crystal_interaction,0.44,7999,7999,7999,2022
A_only,NEMA,7,30093038,4,2768540,2891,-1,39714,-1,first_not_crystal_compton,0.44,0,0,5909,1570
A_only,NEMA,7,30093038,4,2989155,3109,-1,39932,-1,measured_pair_differs_from_primary,0.44,7464,7400,7464,1754
A_only,NEMA,7,30093038,4,3059905,3176,-1,39999,-1,intermediate_or_same_crystal_interaction,0.44,8344,0,8344,2124
A_only,NEMA,7,30093038,4,3270013,3404,-1,40227,-1,first_not_crystal_compton,0.44,519,0,519,1419
A_only,NEMA,7,30093038,4,3349457,3493,-1,40316,-1,first_not_crystal_compton,0.44,860,0,860,1768
A_only,NEMA,7,30093038,4,3537137,3681,-1,40504,-1,first_not_crystal_compton,0.44,346,0,2077,8463
A_only,NEMA,7,30093038,4,3857733,4033,-1,40856,-1,measured_pair_differs_from_primary,0.44,1146,8288,1146,8226
A_only,NEMA,7,30093038,4,3969825,4148,-1,40971,-1,measured_pair_differs_from_primary,0.44,593,4707,593,4771
A_only,NEMA,7,30093038,4,4463414,4663,-1,41486,-1,first_not_crystal_compton,0.44,7867,0,7932,491
A_only,NEMA,7,30093038,4,4485737,4692,-1,41515,-1,first_not_crystal_compton,0.44,0,0,1063,8352
A_only,NEMA,7,30093038,4,4533437,4733,-1,41556,-1,intermediate_or_same_crystal_interaction,0.44,6040,6040,6040,1748
A_only,NEMA,7,30093038,4,4959007,5153,-1,41976,-1,intermediate_or_same_crystal_interaction,0.44,8848,8848,8848,2161
A_only,NEMA,8,30093039,4,66221,76,-1,42105,-1,measured_pair_differs_from_primary,0.44,2195,2196,2195,9699
B_only,NEMA,8,30093039,4,92895,-1,61,-1,26419,accepted,0.44,10093,2293,0,0
A_only,NEMA,8,30093039,4,331030,355,-1,42384,-1,measured_pair_differs_from_primary,0.44,1003,8952,1003,9016
A_only,NEMA,8,30093039,4,1062838,1067,-1,43096,-1,first_not_crystal_compton,0.44,0,0,3985,1458
A_only,NEMA,8,30093039,4,1452529,1485,-1,43514,-1,intermediate_or_same_crystal_interaction,0.44,8445,8445,8445,275
A_only,NEMA,8,30093039,4,1692482,1761,-1,43790,-1,intermediate_or_same_crystal_interaction,0.44,2251,2251,2251,8742
A_only,NEMA,8,30093039,4,1821458,1889,-1,43918,-1,first_not_crystal_compton,0.44,915,0,7334,1788
A_only,NEMA,8,30093039,4,2009135,2074,-1,44103,-1,first_not_crystal_compton,0.44,0,0,4588,85
A_only,NEMA,8,30093039,4,2107659,2176,-1,44205,-1,intermediate_or_same_crystal_interaction,0.44,6740,6740,6740,1765
A_only,NEMA,8,30093039,4,2120921,2190,-1,44219,-1,intermediate_or_same_crystal_interaction,0.44,2107,2107,2107,1061
A_only,NEMA,8,30093039,4,2172303,2234,-1,44263,-1,first_not_crystal_compton,0.44,0,0,7689,2018
A_only,NEMA,8,30093039,4,2193602,2261,-1,44290,-1,measured_pair_differs_from_primary,0.44,1785,7875,1785,7937
A_only,NEMA,8,30093039,4,2295481,2352,-1,44381,-1,intermediate_or_same_crystal_interaction,0.44,849,0,849,5746
A_only,NEMA,8,30093039,4,2426686,2502,-1,44531,-1,first_energy_not_closed,0.44,920,8678,920,8678
A_only,NEMA,8,30093039,4,2457569,2534,-1,44563,-1,intermediate_or_same_crystal_interaction,0.44,2782,2782,2782,1432
A_only,NEMA,8,30093039,4,2538124,2621,-1,44650,-1,intermediate_or_same_crystal_interaction,0.44,688,0,688,3921
A_only,NEMA,8,30093039,4,2644438,2737,-1,44766,-1,measured_pair_differs_from_primary,0.44,2003,6162,2003,6034
A_only,NEMA,8,30093039,4,2650906,2743,-1,44772,-1,measured_pair_differs_from_primary,0.44,1946,4283,1946,4156
A_only,NEMA,8,30093039,4,2969787,3101,-1,45130,-1,measured_pair_differs_from_primary,0.44,733,3751,733,3688
A_only,NEMA,8,30093039,4,3061557,3207,-1,45236,-1,first_energy_not_closed,0.44,388,941,388,941
A_only,NEMA,8,30093039,4,3190912,3347,-1,45376,-1,measured_pair_differs_from_primary,0.44,1357,9202,1357,9266
A_only,NEMA,8,30093039,4,3230109,3387,-1,45416,-1,intermediate_or_same_crystal_interaction,0.44,666,666,666,93
A_only,NEMA,8,30093039,4,3307158,3478,-1,45507,-1,intermediate_or_same_crystal_interaction,0.44,531,0,531,4053
A_only,NEMA,8,30093039,4,3358636,3536,-1,45565,-1,intermediate_or_same_crystal_interaction,0.44,9663,9663,9663,1810
A_only,NEMA,8,30093039,4,3457038,3669,-1,45698,-1,measured_pair_differs_from_primary,0.44,8224,8225,8224,1003
A_only,NEMA,8,30093039,4,3605134,3818,-1,45847,-1,measured_pair_differs_from_primary,0.44,6759,6565,6759,1637
A_only,NEMA,8,30093039,4,3882312,4126,-1,46155,-1,measured_pair_differs_from_primary,0.44,871,4064,871,4000
A_only,NEMA,8,30093039,4,3890128,4134,-1,46163,-1,first_not_crystal_compton,0.44,196,0,1656,981
A_only,NEMA,8,30093039,4,3957300,4206,-1,46235,-1,intermediate_or_same_crystal_interaction,0.44,8277,0,8277,317
A_only,NEMA,8,30093039,4,4550400,4812,-1,46841,-1,intermediate_or_same_crystal_interaction,0.44,1461,0,1461,532
A_only,NEMA,8,30093039,4,4880949,5144,-1,47173,-1,intermediate_or_same_crystal_interaction,0.44,4101,4101,4101,1637
A_only,NEMA,9,30093040,4,827350,926,-1,48225,-1,intermediate_or_same_crystal_interaction,0.44,1064,0,1064,2655
A_only,NEMA,9,30093040,4,1055828,1140,-1,48439,-1,first_not_crystal_compton,0.44,3358,0,3422,1416
A_only,NEMA,9,30093040,4,1064236,1148,-1,48447,-1,intermediate_or_same_crystal_interaction,0.44,10026,10026,10026,2101
B_only,NEMA,9,30093040,4,1102410,-1,762,-1,30451,accepted,0.44,1624,5345,0,0
A_only,NEMA,9,30093040,4,1208610,1318,-1,48617,-1,intermediate_or_same_crystal_interaction,0.44,555,0,555,6224
A_only,NEMA,9,30093040,4,1248069,1355,-1,48654,-1,first_not_crystal_compton,0.44,0,0,5485,1035
A_only,NEMA,9,30093040,4,1275987,1376,-1,48675,-1,first_not_crystal_compton,0.44,0,0,4535,966
A_only,NEMA,9,30093040,4,1291325,1397,-1,48696,-1,intermediate_or_same_crystal_interaction,0.44,2854,2854,2854,1855
A_only,NEMA,9,30093040,4,1980948,2155,-1,49454,-1,measured_pair_differs_from_primary,0.44,9714,9778,9714,1605
A_only,NEMA,9,30093040,4,2010496,2179,-1,49478,-1,measured_pair_differs_from_primary,0.44,5783,5974,5783,2130
A_only,NEMA,9,30093040,4,2177152,2356,-1,49655,-1,first_not_crystal_compton,0.44,1917,0,1917,9463
A_only,NEMA,9,30093040,4,2260887,2433,-1,49732,-1,measured_pair_differs_from_primary,0.44,5017,5080,5017,835
A_only,NEMA,9,30093040,4,2468674,2645,-1,49944,-1,intermediate_or_same_crystal_interaction,0.44,997,0,997,8752
A_only,NEMA,9,30093040,4,2588577,2751,-1,50050,-1,intermediate_or_same_crystal_interaction,0.44,6278,6278,6278,1442
A_only,NEMA,9,30093040,4,2727528,2903,-1,50202,-1,measured_pair_differs_from_primary,0.44,7012,7142,7012,2126
A_only,NEMA,9,30093040,4,2854820,3043,-1,50342,-1,measured_pair_differs_from_primary,0.44,81,9676,81,9804
A_only,NEMA,9,30093040,4,2921753,3110,-1,50409,-1,measured_pair_differs_from_primary,0.44,1092,4193,1092,4001
A_only,NEMA,9,30093040,4,2963124,3152,-1,50451,-1,intermediate_or_same_crystal_interaction,0.44,7273,7273,7273,1821
A_only,NEMA,9,30093040,4,3147349,3346,-1,50645,-1,measured_pair_differs_from_primary,0.44,4980,5043,4980,1863
A_only,NEMA,9,30093040,4,3294349,3516,-1,50815,-1,measured_pair_differs_from_primary,0.44,80,6672,80,6736
A_only,NEMA,9,30093040,4,3317100,3539,-1,50838,-1,intermediate_or_same_crystal_interaction,0.44,6035,0,6035,301
A_only,NEMA,9,30093040,4,3421945,3633,-1,50932,-1,first_not_crystal_compton,0.44,500,0,500,1274
A_only,NEMA,9,30093040,4,3538097,3765,-1,51064,-1,measured_pair_differs_from_primary,0.44,1505,7262,1505,7391
A_only,NEMA,9,30093040,4,3559775,3790,-1,51089,-1,first_not_crystal_compton,0.44,0,0,8328,2287
A_only,NEMA,9,30093040,4,3561596,3791,-1,51090,-1,measured_pair_differs_from_primary,0.44,3175,3304,3175,1549
A_only,NEMA,9,30093040,4,3836961,4074,-1,51373,-1,first_not_crystal_compton,0.44,857,0,857,8113
A_only,NEMA,9,30093040,4,4102706,4341,-1,51640,-1,measured_pair_differs_from_primary,0.44,5100,1299,5100,1281
A_only,NEMA,9,30093040,4,4202092,4449,-1,51748,-1,measured_pair_differs_from_primary,0.44,1568,7987,1568,8051
A_only,NEMA,9,30093040,4,4329058,4615,-1,51914,-1,first_energy_not_closed,0.44,916,254,916,254
A_only,NEMA,9,30093040,4,4387111,4679,-1,51978,-1,first_not_crystal_compton,0.44,1970,0,1970,961
A_only,NEMA,9,30093040,4,4404440,4698,-1,51997,-1,measured_pair_differs_from_primary,0.44,754,5052,754,5054
A_only,NEMA,9,30093040,4,4495358,4794,-1,52093,-1,measured_pair_differs_from_primary,0.44,3357,3293,3357,567
A_only,NEMA,9,30093040,4,4563704,4878,-1,52177,-1,intermediate_or_same_crystal_interaction,0.44,1977,1977,1977,8738
A_only,NEMA,9,30093040,4,4586548,4901,-1,52200,-1,first_not_crystal_compton,0.44,0,0,2043,6834
A_only,NEMA,9,30093040,4,4594252,4910,-1,52209,-1,first_not_crystal_compton,0.44,7898,0,7962,2025
A_only,NEMA,9,30093040,4,4761239,5116,-1,52415,-1,intermediate_or_same_crystal_interaction,0.44,7109,0,7109,881
A_only,NEMA,9,30093040,4,4788906,5138,-1,52437,-1,measured_pair_differs_from_primary,0.44,8651,1126,8651,1127
A_only,NEMA,9,30093040,4,4805865,5151,-1,52450,-1,intermediate_or_same_crystal_interaction,0.44,9522,9522,9522,1210
B_only,NEMA,0,30093041,5,52875,-1,52,-1,52,accepted,0.44,1967,895,0,0
A_only,NEMA,0,30093041,5,119830,138,-1,138,-1,intermediate_or_same_crystal_interaction,0.44,238,0,238,907
A_only,NEMA,0,30093041,5,145824,161,-1,161,-1,measured_pair_differs_from_primary,0.44,2103,8151,2103,8089
A_only,NEMA,0,30093041,5,246387,270,-1,270,-1,first_not_crystal_compton,0.44,1956,0,7756,1046
A_only,NEMA,0,30093041,5,431762,469,-1,469,-1,measured_pair_differs_from_primary,0.44,20,2510,20,2509
A_only,NEMA,0,30093041,5,532123,563,-1,563,-1,measured_pair_differs_from_primary,0.44,2199,8578,2199,8513
A_only,NEMA,0,30093041,5,668029,710,-1,710,-1,intermediate_or_same_crystal_interaction,0.44,1008,1008,1008,7842
A_only,NEMA,0,30093041,5,732178,783,-1,783,-1,intermediate_or_same_crystal_interaction,0.44,440,0,440,1115
A_only,NEMA,0,30093041,5,896827,960,-1,960,-1,intermediate_or_same_crystal_interaction,0.44,1243,1243,1243,370
A_only,NEMA,0,30093041,5,1006034,1072,-1,1072,-1,first_not_crystal_compton,0.44,0,0,1344,2725
A_only,NEMA,0,30093041,5,1592734,1738,-1,1738,-1,intermediate_or_same_crystal_interaction,0.44,6869,6869,6869,1648
A_only,NEMA,0,30093041,5,1677834,1834,-1,1834,-1,intermediate_or_same_crystal_interaction,0.44,5273,5273,5273,1532
B_only,NEMA,0,30093041,5,2180458,-1,1548,-1,1548,accepted,0.44,1688,623,0,0
A_only,NEMA,0,30093041,5,2185642,2450,-1,2450,-1,measured_pair_differs_from_primary,0.44,1907,7593,1907,7658
A_only,NEMA,0,30093041,5,2274071,2536,-1,2536,-1,measured_pair_differs_from_primary,0.44,5128,5129,5128,1439
A_only,NEMA,0,30093041,5,2727313,3037,-1,3037,-1,intermediate_or_same_crystal_interaction,0.44,126,126,126,2078
A_only,NEMA,0,30093041,5,2746551,3061,-1,3061,-1,measured_pair_differs_from_primary,0.44,6996,1849,6996,1848
A_only,NEMA,0,30093041,5,2983915,3310,-1,3310,-1,intermediate_or_same_crystal_interaction,0.44,1841,0,1841,10114
A_only,NEMA,0,30093041,5,3430653,3770,-1,3770,-1,intermediate_or_same_crystal_interaction,0.44,2283,2283,2283,9971
A_only,NEMA,0,30093041,5,3474076,3827,-1,3827,-1,intermediate_or_same_crystal_interaction,0.44,1684,1684,1684,5705
A_only,NEMA,0,30093041,5,3494357,3847,-1,3847,-1,intermediate_or_same_crystal_interaction,0.44,25,0,25,6169
A_only,NEMA,0,30093041,5,3497408,3850,-1,3850,-1,intermediate_or_same_crystal_interaction,0.44,359,0,359,3334
A_only,NEMA,0,30093041,5,3521924,3882,-1,3882,-1,intermediate_or_same_crystal_interaction,0.44,7223,0,7223,1865
A_only,NEMA,0,30093041,5,3751180,4145,-1,4145,-1,first_not_crystal_compton,0.44,947,0,947,2164
A_only,NEMA,0,30093041,5,3777097,4170,-1,4170,-1,first_not_crystal_compton,0.44,1514,0,1514,130
A_only,NEMA,0,30093041,5,3781642,4175,-1,4175,-1,intermediate_or_same_crystal_interaction,0.44,324,0,324,6125
A_only,NEMA,0,30093041,5,4114433,4511,-1,4511,-1,measured_pair_differs_from_primary,0.44,1487,5348,1487,5479
A_only,NEMA,0,30093041,5,4159001,4562,-1,4562,-1,measured_pair_differs_from_primary,0.44,499,8254,499,8192
A_only,NEMA,0,30093041,5,4359866,4776,-1,4776,-1,first_not_crystal_compton,0.44,946,0,946,8939
A_only,NEMA,0,30093041,5,4445766,4867,-1,4867,-1,intermediate_or_same_crystal_interaction,0.44,3353,3353,3353,1430
A_only,NEMA,0,30093041,5,4813229,5286,-1,5286,-1,measured_pair_differs_from_primary,0.44,5595,5594,5595,1834
B_only,NEMA,0,30093041,5,4866410,-1,3330,-1,3330,accepted,0.44,2125,9078,0,0
A_only,NEMA,0,30093041,5,4972844,5462,-1,5462,-1,intermediate_or_same_crystal_interaction,0.44,7449,7449,7449,1940
A_only,NEMA,1,30093042,5,113499,130,-1,5619,-1,measured_pair_differs_from_primary,0.44,2003,7158,2003,7095
A_only,NEMA,1,30093042,5,202483,232,-1,5721,-1,first_energy_not_closed,0.44,523,1534,523,1534
A_only,NEMA,1,30093042,5,519238,578,-1,6067,-1,first_not_crystal_compton,0.44,415,0,415,1084
A_only,NEMA,1,30093042,5,570901,635,-1,6124,-1,intermediate_or_same_crystal_interaction,0.44,2217,2217,2217,8856
A_only,NEMA,1,30093042,5,984159,1105,-1,6594,-1,measured_pair_differs_from_primary,0.44,3788,3917,3788,826
A_only,NEMA,1,30093042,5,991789,1109,-1,6598,-1,measured_pair_differs_from_primary,0.44,6764,6702,6764,1773
A_only,NEMA,1,30093042,5,1154907,1317,-1,6806,-1,intermediate_or_same_crystal_interaction,0.44,890,890,890,9453
A_only,NEMA,1,30093042,5,1200849,1380,-1,6869,-1,intermediate_or_same_crystal_interaction,0.44,774,774,774,5741
A_only,NEMA,1,30093042,5,1266979,1440,-1,6929,-1,first_not_crystal_compton,0.44,3542,0,3542,1412
A_only,NEMA,1,30093042,5,1276263,1451,-1,6940,-1,measured_pair_differs_from_primary,0.44,2810,2935,2810,1561
A_only,NEMA,1,30093042,5,1348644,1531,-1,7020,-1,first_energy_not_closed,0.44,877,4162,877,4162
A_only,NEMA,1,30093042,5,1522855,1708,-1,7197,-1,first_not_crystal_compton,0.44,1973,0,8096,842
A_only,NEMA,1,30093042,5,1784966,1957,-1,7446,-1,first_energy_not_closed,0.44,1591,75,1591,75
A_only,NEMA,1,30093042,5,2190412,2370,-1,7859,-1,intermediate_or_same_crystal_interaction,0.44,1461,1461,1461,4373
A_only,NEMA,1,30093042,5,2246463,2435,-1,7924,-1,first_energy_not_closed,0.44,1461,4624,1461,4624
A_only,NEMA,1,30093042,5,2393122,2595,-1,8084,-1,measured_pair_differs_from_primary,0.44,1977,6898,1977,6836
A_only,NEMA,1,30093042,5,2769482,3009,-1,8498,-1,measured_pair_differs_from_primary,0.44,4963,4898,4963,1475
A_only,NEMA,1,30093042,5,2847279,3102,-1,8591,-1,first_not_crystal_compton,0.44,375,0,8723,1985
A_only,NEMA,1,30093042,5,3018704,3283,-1,8772,-1,measured_pair_differs_from_primary,0.44,5285,5350,5285,1935
A_only,NEMA,1,30093042,5,3053970,3327,-1,8816,-1,intermediate_or_same_crystal_interaction,0.44,394,0,394,1037
A_only,NEMA,1,30093042,5,3092886,3369,-1,8858,-1,measured_pair_differs_from_primary,0.44,1429,6556,1429,6685
A_only,NEMA,1,30093042,5,3410197,3722,-1,9211,-1,measured_pair_differs_from_primary,0.44,10072,2096,10072,2111
A_only,NEMA,1,30093042,5,3464935,3801,-1,9290,-1,measured_pair_differs_from_primary,0.44,152,1820,152,7564
A_only,NEMA,1,30093042,5,4212883,4647,-1,10136,-1,measured_pair_differs_from_primary,0.44,7902,2006,7902,1121
A_only,NEMA,1,30093042,5,4299154,4730,-1,10219,-1,measured_pair_differs_from_primary,0.44,2845,2844,2845,1339
A_only,NEMA,1,30093042,5,4660551,5130,-1,10619,-1,first_not_crystal_compton,0.44,1969,0,1969,722
A_only,NEMA,1,30093042,5,4757828,5230,-1,10719,-1,intermediate_or_same_crystal_interaction,0.44,1950,0,1950,8084
A_only,NEMA,1,30093042,5,4870802,5349,-1,10838,-1,intermediate_or_same_crystal_interaction,0.44,1934,1934,1934,903
A_only,NEMA,1,30093042,5,4945870,5439,-1,10928,-1,intermediate_or_same_crystal_interaction,0.44,5159,0,5159,1647
A_only,NEMA,2,30093043,5,49191,54,-1,11050,-1,measured_pair_differs_from_primary,0.44,761,7597,761,7728
A_only,NEMA,2,30093043,5,162767,205,-1,11201,-1,first_not_crystal_compton,0.44,1002,0,1995,9107
A_only,NEMA,2,30093043,5,301632,358,-1,11354,-1,measured_pair_differs_from_primary,0.44,3910,3909,3910,600
A_only,NEMA,2,30093043,5,368692,441,-1,11437,-1,measured_pair_differs_from_primary,0.44,487,2262,487,10065
A_only,NEMA,2,30093043,5,370590,443,-1,11439,-1,first_energy_not_closed,0.44,2451,1287,2451,1287
A_only,NEMA,2,30093043,5,813179,933,-1,11929,-1,intermediate_or_same_crystal_interaction,0.44,1271,1271,1271,469
A_only,NEMA,2,30093043,5,1063629,1222,-1,12218,-1,measured_pair_differs_from_primary,0.44,8757,8692,8757,1599
A_only,NEMA,2,30093043,5,1126960,1286,-1,12282,-1,measured_pair_differs_from_primary,0.44,1525,5126,1525,5190
A_only,NEMA,2,30093043,5,1394449,1576,-1,12572,-1,measured_pair_differs_from_primary,0.44,367,7050,367,6986
A_only,NEMA,2,30093043,5,1445506,1636,-1,12632,-1,measured_pair_differs_from_primary,0.44,224,4170,224,4169
A_only,NEMA,2,30093043,5,1841353,2085,-1,13081,-1,intermediate_or_same_crystal_interaction,0.44,331,0,331,1025
B_only,NEMA,2,30093043,5,1968994,-1,1366,-1,8230,accepted,0.44,9635,2166,0,0
A_only,NEMA,2,30093043,5,2099702,2352,-1,13348,-1,first_not_crystal_compton,0.44,2081,0,2081,1071
A_only,NEMA,2,30093043,5,2727491,3004,-1,14000,-1,first_energy_not_closed,0.44,343,4400,343,4400
B_only,NEMA,2,30093043,5,2879520,-1,1938,-1,8802,accepted,0.44,1741,6702,0,0
A_only,NEMA,2,30093043,5,3016186,3316,-1,14312,-1,measured_pair_differs_from_primary,0.44,375,1928,375,7077
A_only,NEMA,2,30093043,5,3076464,3396,-1,14392,-1,first_not_crystal_compton,0.44,549,0,549,3641
A_only,NEMA,2,30093043,5,3475874,3859,-1,14855,-1,intermediate_or_same_crystal_interaction,0.44,6587,6587,6587,793
A_only,NEMA,2,30093043,5,4296483,4726,-1,15722,-1,intermediate_or_same_crystal_interaction,0.44,296,0,296,8713
A_only,NEMA,2,30093043,5,4429084,4870,-1,15866,-1,intermediate_or_same_crystal_interaction,0.44,186,0,186,634
B_only,NEMA,2,30093043,5,4626806,-1,3160,-1,10024,accepted,0.44,2259,473,0,0
A_only,NEMA,2,30093043,5,4980438,5426,-1,16422,-1,intermediate_or_same_crystal_interaction,0.44,2198,2198,2198,9869
A_only,NEMA,2,30093043,5,4985254,5428,-1,16424,-1,first_not_crystal_compton,0.44,0,0,816,5363
A_only,NEMA,3,30093044,5,82912,97,-1,16538,-1,measured_pair_differs_from_primary,0.44,940,924,940,2149
A_only,NEMA,3,30093044,5,235694,250,-1,16691,-1,measured_pair_differs_from_primary,0.44,1836,7046,1836,7045
A_only,NEMA,3,30093044,5,264070,291,-1,16732,-1,measured_pair_differs_from_primary,0.44,6252,6316,6252,491
A_only,NEMA,3,30093044,5,308976,351,-1,16792,-1,first_not_crystal_compton,0.44,1254,0,10455,279
A_only,NEMA,3,30093044,5,445854,485,-1,16926,-1,measured_pair_differs_from_primary,0.44,327,5487,327,5423
A_only,NEMA,3,30093044,5,486590,533,-1,16974,-1,intermediate_or_same_crystal_interaction,0.44,1316,1316,1316,2686
A_only,NEMA,3,30093044,5,566717,616,-1,17057,-1,first_not_crystal_compton,0.44,450,0,450,8434
A_only,NEMA,3,30093044,5,600474,657,-1,17098,-1,intermediate_or_same_crystal_interaction,0.44,737,737,737,5844
A_only,NEMA,3,30093044,5,741443,792,-1,17233,-1,first_not_crystal_compton,0.44,174,0,174,828
A_only,NEMA,3,30093044,5,1334814,1410,-1,17851,-1,first_not_crystal_compton,0.44,0,0,2098,1150
A_only,NEMA,3,30093044,5,1351484,1423,-1,17864,-1,intermediate_or_same_crystal_interaction,0.44,6354,6354,6354,1545
A_only,NEMA,3,30093044,5,1623017,1731,-1,18172,-1,intermediate_or_same_crystal_interaction,0.44,9774,9774,9774,1037
A_only,NEMA,3,30093044,5,2072518,2164,-1,18605,-1,measured_pair_differs_from_primary,0.44,4918,4853,4918,1532
B_only,NEMA,3,30093044,5,2093711,-1,1372,-1,11633,accepted,0.44,7307,1911,0,0
A_only,NEMA,3,30093044,5,2103602,2195,-1,18636,-1,measured_pair_differs_from_primary,0.44,2588,1340,2588,51
A_only,NEMA,3,30093044,5,2269739,2374,-1,18815,-1,first_energy_not_closed,0.44,7168,1768,7168,1768
A_only,NEMA,3,30093044,5,2297240,2407,-1,18848,-1,intermediate_or_same_crystal_interaction,0.44,1636,1636,1636,259
A_only,NEMA,3,30093044,5,2434767,2585,-1,19026,-1,first_energy_not_closed,0.44,220,571,220,571
A_only,NEMA,3,30093044,5,2483969,2635,-1,19076,-1,measured_pair_differs_from_primary,0.44,6064,6127,6064,1826
A_only,NEMA,3,30093044,5,2509607,2667,-1,19108,-1,first_not_crystal_compton,0.44,283,0,283,4497
A_only,NEMA,3,30093044,5,2543372,2701,-1,19142,-1,measured_pair_differs_from_primary,0.44,5535,5536,5535,1870
A_only,NEMA,3,30093044,5,2611810,2759,-1,19200,-1,intermediate_or_same_crystal_interaction,0.44,7807,7807,7807,346
A_only,NEMA,3,30093044,5,2706310,2858,-1,19299,-1,measured_pair_differs_from_primary,0.44,8395,8462,8395,2077
A_only,NEMA,3,30093044,5,2741954,2905,-1,19346,-1,measured_pair_differs_from_primary,0.44,337,4728,337,4544
A_only,NEMA,3,30093044,5,2763875,2930,-1,19371,-1,intermediate_or_same_crystal_interaction,0.44,303,303,303,1097
A_only,NEMA,3,30093044,5,2814176,2987,-1,19428,-1,measured_pair_differs_from_primary,0.44,1923,5730,1923,5478
A_only,NEMA,3,30093044,5,2867483,3047,-1,19488,-1,first_not_crystal_compton,0.44,0,0,2204,1173
A_only,NEMA,3,30093044,5,3020285,3217,-1,19658,-1,measured_pair_differs_from_primary,0.44,7924,7986,7924,2110
A_only,NEMA,3,30093044,5,3061860,3262,-1,19703,-1,measured_pair_differs_from_primary,0.44,6408,6218,6408,1565
A_only,NEMA,3,30093044,5,3105180,3313,-1,19754,-1,measured_pair_differs_from_primary,0.44,7556,7559,7556,1908
A_only,NEMA,3,30093044,5,3138503,3350,-1,19791,-1,intermediate_or_same_crystal_interaction,0.44,185,0,185,853
A_only,NEMA,3,30093044,5,3405863,3644,-1,20085,-1,intermediate_or_same_crystal_interaction,0.44,8364,8364,8364,426
A_only,NEMA,3,30093044,5,3625816,3885,-1,20326,-1,intermediate_or_same_crystal_interaction,0.44,1518,1518,1518,9124
A_only,NEMA,3,30093044,5,3660712,3928,-1,20369,-1,measured_pair_differs_from_primary,0.44,277,1752,277,5672
A_only,NEMA,3,30093044,5,3763075,4035,-1,20476,-1,first_not_crystal_compton,0.44,0,0,1743,904
A_only,NEMA,3,30093044,5,3799445,4076,-1,20517,-1,measured_pair_differs_from_primary,0.44,8638,8701,8638,2175
A_only,NEMA,3,30093044,5,3902102,4178,-1,20619,-1,intermediate_or_same_crystal_interaction,0.44,1390,0,1390,2494
B_only,NEMA,3,30093044,5,4234363,-1,2833,-1,13094,accepted,0.44,1832,995,0,0
A_only,NEMA,3,30093044,5,4279355,4593,-1,21034,-1,intermediate_or_same_crystal_interaction,0.44,39,0,39,666
A_only,NEMA,3,30093044,5,4303534,4616,-1,21057,-1,first_not_crystal_compton,0.44,216,0,1630,725
A_only,NEMA,3,30093044,5,4530907,4823,-1,21264,-1,first_not_crystal_compton,0.44,218,0,1685,5963
B_only,NEMA,3,30093044,5,4612832,-1,3074,-1,13335,accepted,0.44,9740,2232,0,0
A_only,NEMA,3,30093044,5,4696416,5017,-1,21458,-1,measured_pair_differs_from_primary,0.44,1620,3900,1620,3903
A_only,NEMA,3,30093044,5,4734598,5063,-1,21504,-1,intermediate_or_same_crystal_interaction,0.44,1579,0,1579,6946
A_only,NEMA,3,30093044,5,4921214,5269,-1,21710,-1,intermediate_or_same_crystal_interaction,0.44,136,136,136,1669
A_only,NEMA,4,30093045,5,281800,308,-1,22096,-1,intermediate_or_same_crystal_interaction,0.44,779,0,779,4329
A_only,NEMA,4,30093045,5,344361,378,-1,22166,-1,intermediate_or_same_crystal_interaction,0.44,731,0,731,2730
A_only,NEMA,4,30093045,5,484761,525,-1,22313,-1,measured_pair_differs_from_primary,0.44,9520,9519,9520,2178
A_only,NEMA,4,30093045,5,574795,596,-1,22384,-1,measured_pair_differs_from_primary,0.44,5256,5257,5256,34
A_only,NEMA,4,30093045,5,752844,788,-1,22576,-1,measured_pair_differs_from_primary,0.44,783,1653,783,5640
B_only,NEMA,4,30093045,5,961627,-1,659,-1,14266,accepted,0.44,1567,4906,0,0
A_only,NEMA,4,30093045,5,1027007,1092,-1,22880,-1,measured_pair_differs_from_primary,0.44,1405,3453,1405,3517
A_only,NEMA,4,30093045,5,1099173,1165,-1,22953,-1,first_not_crystal_compton,0.44,0,0,3917,1678
A_only,NEMA,4,30093045,5,1112332,1181,-1,22969,-1,measured_pair_differs_from_primary,0.44,8465,8529,8465,2242
A_only,NEMA,4,30093045,5,1178328,1250,-1,23038,-1,first_not_crystal_compton,0.44,0,0,6530,1746
A_only,NEMA,4,30093045,5,1192943,1262,-1,23050,-1,first_not_crystal_compton,0.44,297,0,297,1876
A_only,NEMA,4,30093045,5,1302422,1369,-1,23157,-1,measured_pair_differs_from_primary,0.44,1706,6597,1706,6660
A_only,NEMA,4,30093045,5,1387561,1483,-1,23271,-1,first_not_crystal_compton,0.44,668,0,668,5174
A_only,NEMA,4,30093045,5,1510420,1610,-1,23398,-1,first_not_crystal_compton,0.44,0,0,1310,201
A_only,NEMA,4,30093045,5,1968861,2121,-1,23909,-1,measured_pair_differs_from_primary,0.44,2188,2172,2188,6979
A_only,NEMA,4,30093045,5,2341619,2518,-1,24306,-1,measured_pair_differs_from_primary,0.44,6381,6316,6381,1623
A_only,NEMA,4,30093045,5,2341804,2519,-1,24307,-1,measured_pair_differs_from_primary,0.44,89,3916,89,3979
A_only,NEMA,4,30093045,5,2378574,2562,-1,24350,-1,measured_pair_differs_from_primary,0.44,4671,1454,4671,1437
A_only,NEMA,4,30093045,5,2483143,2675,-1,24463,-1,measured_pair_differs_from_primary,0.44,2513,2578,2513,1547
A_only,NEMA,4,30093045,5,2580365,2783,-1,24571,-1,measured_pair_differs_from_primary,0.44,2063,8604,2063,8603
A_only,NEMA,4,30093045,5,2696962,2903,-1,24691,-1,measured_pair_differs_from_primary,0.44,852,1947,852,9893
A_only,NEMA,4,30093045,5,2940422,3188,-1,24976,-1,measured_pair_differs_from_primary,0.44,2022,10003,2022,10066
A_only,NEMA,4,30093045,5,3200722,3484,-1,25272,-1,intermediate_or_same_crystal_interaction,0.44,6458,6458,6458,246
A_only,NEMA,4,30093045,5,3277872,3567,-1,25355,-1,measured_pair_differs_from_primary,0.44,7902,7838,7902,1542
A_only,NEMA,4,30093045,5,3540375,3835,-1,25623,-1,intermediate_or_same_crystal_interaction,0.44,463,463,463,6751
A_only,NEMA,4,30093045,5,3570037,3870,-1,25658,-1,measured_pair_differs_from_primary,0.44,6631,6567,6631,1631
A_only,NEMA,4,30093045,5,3626781,3936,-1,25724,-1,first_not_crystal_compton,0.44,0,0,10206,2223
A_only,NEMA,4,30093045,5,3636189,3944,-1,25732,-1,intermediate_or_same_crystal_interaction,0.44,513,513,513,4354
A_only,NEMA,4,30093045,5,3652554,3955,-1,25743,-1,first_not_crystal_compton,0.44,9897,0,9898,2264
A_only,NEMA,4,30093045,5,3933321,4268,-1,26056,-1,first_not_crystal_compton,0.44,6779,0,6779,378
A_only,NEMA,4,30093045,5,4209070,4571,-1,26359,-1,intermediate_or_same_crystal_interaction,0.44,2081,2081,2081,1059
A_only,NEMA,4,30093045,5,4335243,4736,-1,26524,-1,measured_pair_differs_from_primary,0.44,5507,5380,5507,92
A_only,NEMA,4,30093045,5,4354426,4752,-1,26540,-1,first_not_crystal_compton,0.44,0,0,8154,1903
A_only,NEMA,4,30093045,5,4878310,5328,-1,27116,-1,measured_pair_differs_from_primary,0.44,1065,4938,1065,4810
B_only,NEMA,5,30093046,5,108026,-1,87,-1,17163,accepted,0.44,6731,1351,0,0
A_only,NEMA,5,30093046,5,149699,165,-1,27423,-1,intermediate_or_same_crystal_interaction,0.44,9952,9952,9952,2148
A_only,NEMA,5,30093046,5,310868,316,-1,27574,-1,measured_pair_differs_from_primary,0.44,1058,8635,1058,8636
A_only,NEMA,5,30093046,5,473248,498,-1,27756,-1,measured_pair_differs_from_primary,0.44,8429,8430,8429,2065
A_only,NEMA,5,30093046,5,644657,685,-1,27943,-1,intermediate_or_same_crystal_interaction,0.44,6172,6172,6172,839
A_only,NEMA,5,30093046,5,817174,876,-1,28134,-1,measured_pair_differs_from_primary,0.44,1289,2658,1289,2723
A_only,NEMA,5,30093046,5,878369,946,-1,28204,-1,measured_pair_differs_from_primary,0.44,1992,5652,1992,5523
A_only,NEMA,5,30093046,5,922613,997,-1,28255,-1,measured_pair_differs_from_primary,0.44,912,8883,912,9077
A_only,NEMA,5,30093046,5,956918,1040,-1,28298,-1,first_energy_not_closed,0.44,267,1240,267,1240
A_only,NEMA,5,30093046,5,1213564,1332,-1,28590,-1,measured_pair_differs_from_primary,0.44,7493,1755,7493,1740
A_only,NEMA,5,30093046,5,1424954,1571,-1,28829,-1,intermediate_or_same_crystal_interaction,0.44,3941,3941,3941,734
A_only,NEMA,5,30093046,5,1504534,1663,-1,28921,-1,first_not_crystal_compton,0.44,811,0,1693,5364
A_only,NEMA,5,30093046,5,1621962,1785,-1,29043,-1,measured_pair_differs_from_primary,0.44,6568,6567,6568,1684
A_only,NEMA,5,30093046,5,1774522,1948,-1,29206,-1,first_not_crystal_compton,0.44,0,0,633,4630
A_only,NEMA,5,30093046,5,1846183,2028,-1,29286,-1,first_not_crystal_compton,0.44,0,0,1768,6968
A_only,NEMA,5,30093046,5,1964939,2141,-1,29399,-1,measured_pair_differs_from_primary,0.44,1557,4943,1557,5007
A_only,NEMA,5,30093046,5,1975858,2154,-1,29412,-1,measured_pair_differs_from_primary,0.44,20,4372,20,4497
A_only,NEMA,5,30093046,5,2222596,2429,-1,29687,-1,intermediate_or_same_crystal_interaction,0.44,7812,7812,7812,2244
A_only,NEMA,5,30093046,5,2283753,2504,-1,29762,-1,first_not_crystal_compton,0.44,0,0,2006,7903
A_only,NEMA,5,30093046,5,2389013,2627,-1,29885,-1,first_not_crystal_compton,0.44,0,0,2243,398
A_only,NEMA,5,30093046,5,2695037,2975,-1,30233,-1,measured_pair_differs_from_primary,0.44,7500,1211,7500,1226
A_only,NEMA,5,30093046,5,2895852,3217,-1,30475,-1,measured_pair_differs_from_primary,0.44,1192,8213,1192,8085
A_only,NEMA,5,30093046,5,3130727,3483,-1,30741,-1,first_energy_not_closed,0.44,492,8744,492,8744
A_only,NEMA,5,30093046,5,3136787,3489,-1,30747,-1,measured_pair_differs_from_primary,0.44,7855,7791,7855,955
B_only,NEMA,5,30093046,5,3375993,-1,2371,-1,19447,accepted,0.44,947,5347,0,0
A_only,NEMA,5,30093046,5,3376137,3734,-1,30992,-1,first_not_crystal_compton,0.44,107,0,106,2552
A_only,NEMA,5,30093046,5,3500250,3867,-1,31125,-1,first_energy_not_closed,0.44,1117,300,1117,300
A_only,NEMA,5,30093046,5,3602612,3979,-1,31237,-1,measured_pair_differs_from_primary,0.44,835,4693,835,4694
B_only,NEMA,5,30093046,5,3608607,-1,2545,-1,19621,accepted,0.44,1483,3677,0,0
A_only,NEMA,5,30093046,5,3622538,3998,-1,31256,-1,measured_pair_differs_from_primary,0.44,1540,5217,1540,5218
A_only,NEMA,5,30093046,5,3956264,4396,-1,31654,-1,measured_pair_differs_from_primary,0.44,1687,6256,1687,6323
A_only,NEMA,5,30093046,5,3966927,4410,-1,31668,-1,first_not_crystal_compton,0.44,0,0,1888,5944
B_only,NEMA,5,30093046,5,4057310,-1,2877,-1,19953,accepted,0.44,152,1655,0,0
A_only,NEMA,5,30093046,5,4179358,4627,-1,31885,-1,measured_pair_differs_from_primary,0.44,1306,1325,1306,6184
A_only,NEMA,5,30093046,5,4206964,4653,-1,31911,-1,first_not_crystal_compton,0.44,6360,0,6360,744
A_only,NEMA,5,30093046,5,4306645,4760,-1,32018,-1,intermediate_or_same_crystal_interaction,0.44,8332,8332,8332,1970
A_only,NEMA,5,30093046,5,4382145,4836,-1,32094,-1,measured_pair_differs_from_primary,0.44,1848,5125,1848,4997
A_only,NEMA,5,30093046,5,4410336,4872,-1,32130,-1,first_not_crystal_compton,0.44,629,0,1403,4007
A_only,NEMA,5,30093046,5,4448348,4926,-1,32184,-1,first_not_crystal_compton,0.44,1205,0,1205,310
A_only,NEMA,5,30093046,5,4508708,5006,-1,32264,-1,first_not_crystal_compton,0.44,1511,0,1511,5654
A_only,NEMA,5,30093046,5,4597420,5086,-1,32344,-1,intermediate_or_same_crystal_interaction,0.44,1034,1034,1034,7523
A_only,NEMA,5,30093046,5,4710971,5208,-1,32466,-1,measured_pair_differs_from_primary,0.44,8679,2205,8679,488
A_only,NEMA,6,30093047,5,16921,15,-1,32828,-1,intermediate_or_same_crystal_interaction,0.44,5337,5337,5337,970
A_only,NEMA,6,30093047,5,62672,72,-1,32885,-1,intermediate_or_same_crystal_interaction,0.44,2440,2440,2440,715
A_only,NEMA,6,30093047,5,176518,215,-1,33028,-1,measured_pair_differs_from_primary,0.44,6764,6699,6764,1748
A_only,NEMA,6,30093047,5,199865,240,-1,33053,-1,measured_pair_differs_from_primary,0.44,2158,8068,2158,8067
A_only,NEMA,6,30093047,5,317569,376,-1,33189,-1,first_energy_not_closed,0.44,159,590,159,590
A_only,NEMA,6,30093047,5,683931,747,-1,33560,-1,measured_pair_differs_from_primary,0.44,1925,8935,1925,8936
A_only,NEMA,6,30093047,5,846416,911,-1,33724,-1,measured_pair_differs_from_primary,0.44,5079,5143,5079,1724
A_only,NEMA,6,30093047,5,907531,972,-1,33785,-1,measured_pair_differs_from_primary,0.44,8550,8549,8550,1971
A_only,NEMA,6,30093047,5,1125322,1215,-1,34028,-1,intermediate_or_same_crystal_interaction,0.44,994,994,994,9601
A_only,NEMA,6,30093047,5,1204662,1294,-1,34107,-1,measured_pair_differs_from_primary,0.44,8369,8304,8369,1820
A_only,NEMA,6,30093047,5,1356780,1476,-1,34289,-1,intermediate_or_same_crystal_interaction,0.44,1434,1434,1434,5623
A_only,NEMA,6,30093047,5,1426894,1546,-1,34359,-1,intermediate_or_same_crystal_interaction,0.44,3932,3932,3932,673
A_only,NEMA,6,30093047,5,1514624,1647,-1,34460,-1,measured_pair_differs_from_primary,0.44,1939,6941,1939,6942
A_only,NEMA,6,30093047,5,1600887,1730,-1,34543,-1,intermediate_or_same_crystal_interaction,0.44,115,0,115,4122
A_only,NEMA,6,30093047,5,1627290,1762,-1,34575,-1,intermediate_or_same_crystal_interaction,0.44,1156,0,1156,7629
A_only,NEMA,6,30093047,5,1792679,1967,-1,34780,-1,intermediate_or_same_crystal_interaction,0.44,22,0,22,5606
A_only,NEMA,6,30093047,5,1805756,1986,-1,34799,-1,measured_pair_differs_from_primary,0.44,2253,4513,2253,4449
A_only,NEMA,6,30093047,5,1824051,2006,-1,34819,-1,measured_pair_differs_from_primary,0.44,10327,10330,10327,2303
A_only,NEMA,6,30093047,5,1844561,2021,-1,34834,-1,measured_pair_differs_from_primary,0.44,9438,9501,9438,2257
A_only,NEMA,6,30093047,5,2319301,2554,-1,35367,-1,first_not_crystal_compton,0.44,1744,0,1744,7295
A_only,NEMA,6,30093047,5,2690671,2942,-1,35755,-1,intermediate_or_same_crystal_interaction,0.44,1527,1527,1527,747
A_only,NEMA,6,30093047,5,2914214,3177,-1,35990,-1,first_energy_not_closed,0.44,566,2040,566,2040
A_only,NEMA,6,30093047,5,3070761,3340,-1,36153,-1,first_energy_not_closed,0.44,154,1983,154,1983
A_only,NEMA,6,30093047,5,3205510,3492,-1,36305,-1,intermediate_or_same_crystal_interaction,0.44,155,155,155,4784
A_only,NEMA,6,30093047,5,3225992,3516,-1,36329,-1,intermediate_or_same_crystal_interaction,0.44,1753,1753,1753,6037
A_only,NEMA,6,30093047,5,3494525,3823,-1,36636,-1,measured_pair_differs_from_primary,0.44,493,9375,493,9312
A_only,NEMA,6,30093047,5,3889608,4263,-1,37076,-1,first_not_crystal_compton,0.44,0,0,8381,2112
A_only,NEMA,6,30093047,5,3910428,4288,-1,37101,-1,measured_pair_differs_from_primary,0.44,882,7765,882,7829
A_only,NEMA,6,30093047,5,3980731,4364,-1,37177,-1,intermediate_or_same_crystal_interaction,0.44,1141,0,1141,1965
A_only,NEMA,6,30093047,5,4340156,4756,-1,37569,-1,first_not_crystal_compton,0.44,929,0,6822,2082
A_only,NEMA,6,30093047,5,4444649,4875,-1,37688,-1,intermediate_or_same_crystal_interaction,0.44,1546,1546,1546,3642
A_only,NEMA,6,30093047,5,4659621,5104,-1,37917,-1,intermediate_or_same_crystal_interaction,0.44,7303,0,7303,926
A_only,NEMA,6,30093047,5,4801837,5250,-1,38063,-1,intermediate_or_same_crystal_interaction,0.44,965,965,965,9219
A_only,NEMA,6,30093047,5,4858508,5311,-1,38124,-1,measured_pair_differs_from_primary,0.44,2177,8852,2177,8853
A_only,NEMA,6,30093047,5,4941070,5393,-1,38206,-1,measured_pair_differs_from_primary,0.44,3264,3199,3264,1331
A_only,NEMA,6,30093047,5,4982166,5450,-1,38263,-1,first_not_crystal_compton,0.44,0,0,2221,9484
A_only,NEMA,7,30093048,5,27122,28,-1,38312,-1,measured_pair_differs_from_primary,0.44,6452,6515,6452,1932
A_only,NEMA,7,30093048,5,60628,62,-1,38346,-1,intermediate_or_same_crystal_interaction,0.44,450,450,450,1190
A_only,NEMA,7,30093048,5,135862,146,-1,38430,-1,measured_pair_differs_from_primary,0.44,446,9577,446,9576
A_only,NEMA,7,30093048,5,136340,147,-1,38431,-1,intermediate_or_same_crystal_interaction,0.44,8323,8323,8323,1987
A_only,NEMA,7,30093048,5,193041,214,-1,38498,-1,first_not_crystal_compton,0.44,0,0,6742,1754
A_only,NEMA,7,30093048,5,567027,621,-1,38905,-1,measured_pair_differs_from_primary,0.44,1372,2687,1372,2688
A_only,NEMA,7,30093048,5,645183,696,-1,38980,-1,first_not_crystal_compton,0.44,423,0,10283,1075
A_only,NEMA,7,30093048,5,656407,711,-1,38995,-1,first_not_crystal_compton,0.44,0,0,1126,6093
B_only,NEMA,7,30093048,5,660893,-1,445,-1,24502,accepted,0.44,1121,8171,0,0
A_only,NEMA,7,30093048,5,680831,733,-1,39017,-1,measured_pair_differs_from_primary,0.44,8329,2106,8329,489
B_only,NEMA,7,30093048,5,689092,-1,462,-1,24519,accepted,0.44,149,4678,0,0
A_only,NEMA,7,30093048,5,826630,885,-1,39169,-1,first_not_crystal_compton,0.44,0,0,9452,2062
A_only,NEMA,7,30093048,5,915530,985,-1,39269,-1,intermediate_or_same_crystal_interaction,0.44,1506,0,1506,4752
A_only,NEMA,7,30093048,5,950144,1029,-1,39313,-1,intermediate_or_same_crystal_interaction,0.44,2458,2458,2458,1367
A_only,NEMA,7,30093048,5,1044471,1144,-1,39428,-1,measured_pair_differs_from_primary,0.44,8652,8588,8652,278
A_only,NEMA,7,30093048,5,1315576,1470,-1,39754,-1,measured_pair_differs_from_primary,0.44,957,5591,957,5526
A_only,NEMA,7,30093048,5,1365911,1524,-1,39808,-1,intermediate_or_same_crystal_interaction,0.44,1347,1347,1347,162
A_only,NEMA,7,30093048,5,2155835,2408,-1,40692,-1,intermediate_or_same_crystal_interaction,0.44,6306,0,6306,1753
A_only,NEMA,7,30093048,5,2160284,2411,-1,40695,-1,first_not_crystal_compton,0.44,10147,0,10147,2187
A_only,NEMA,7,30093048,5,2195798,2456,-1,40740,-1,measured_pair_differs_from_primary,0.44,1642,5182,1642,5183
A_only,NEMA,7,30093048,5,2456672,2735,-1,41019,-1,intermediate_or_same_crystal_interaction,0.44,8474,0,8474,2245
A_only,NEMA,7,30093048,5,2462160,2743,-1,41027,-1,measured_pair_differs_from_primary,0.44,963,6636,963,6637
A_only,NEMA,7,30093048,5,2486775,2770,-1,41054,-1,intermediate_or_same_crystal_interaction,0.44,527,527,527,3679
A_only,NEMA,7,30093048,5,2533334,2808,-1,41092,-1,first_not_crystal_compton,0.44,0,0,8212,2054
A_only,NEMA,7,30093048,5,2818097,3114,-1,41398,-1,intermediate_or_same_crystal_interaction,0.44,2003,2003,2003,7696
A_only,NEMA,7,30093048,5,2886204,3202,-1,41486,-1,first_not_crystal_compton,0.44,10087,0,10087,2111
A_only,NEMA,7,30093048,5,2935670,3256,-1,41540,-1,intermediate_or_same_crystal_interaction,0.44,325,0,325,2968
A_only,NEMA,7,30093048,5,3246260,3567,-1,41851,-1,intermediate_or_same_crystal_interaction,0.44,4270,4270,4270,1515
A_only,NEMA,7,30093048,5,3365143,3679,-1,41963,-1,intermediate_or_same_crystal_interaction,0.44,388,388,388,1075
A_only,NEMA,7,30093048,5,3367447,3681,-1,41965,-1,intermediate_or_same_crystal_interaction,0.44,323,0,323,2463
A_only,NEMA,7,30093048,5,3432828,3753,-1,42037,-1,first_not_crystal_compton,0.44,0,0,1226,505
A_only,NEMA,7,30093048,5,3633903,3956,-1,42240,-1,first_not_crystal_compton,0.44,7337,0,7337,1882
A_only,NEMA,7,30093048,5,3798750,4126,-1,42410,-1,first_not_crystal_compton,0.44,1389,0,1389,3640
A_only,NEMA,7,30093048,5,3989462,4341,-1,42625,-1,measured_pair_differs_from_primary,0.44,597,3853,597,3854
A_only,NEMA,7,30093048,5,4052214,4408,-1,42692,-1,measured_pair_differs_from_primary,0.44,5473,5285,5473,1590
A_only,NEMA,7,30093048,5,4136105,4501,-1,42785,-1,intermediate_or_same_crystal_interaction,0.44,1489,1489,1489,9172
A_only,NEMA,7,30093048,5,4165580,4531,-1,42815,-1,first_not_crystal_compton,0.44,0,0,626,180
A_only,NEMA,7,30093048,5,4201697,4577,-1,42861,-1,measured_pair_differs_from_primary,0.44,6671,6606,6671,1556
A_only,NEMA,7,30093048,5,4287728,4677,-1,42961,-1,measured_pair_differs_from_primary,0.44,1758,6518,1758,6519
A_only,NEMA,7,30093048,5,4319095,4718,-1,43002,-1,first_not_crystal_compton,0.44,1761,0,1761,8451
A_only,NEMA,7,30093048,5,4584807,5004,-1,43288,-1,intermediate_or_same_crystal_interaction,0.44,6232,6232,6232,902
A_only,NEMA,7,30093048,5,4721906,5154,-1,43438,-1,intermediate_or_same_crystal_interaction,0.44,496,496,496,6248
A_only,NEMA,7,30093048,5,4898034,5338,-1,43622,-1,measured_pair_differs_from_primary,0.44,881,2996,881,2866
A_only,NEMA,7,30093048,5,4950179,5401,-1,43685,-1,measured_pair_differs_from_primary,0.44,9539,9538,9539,2160
A_only,NEMA,8,30093049,5,462678,527,-1,44267,-1,intermediate_or_same_crystal_interaction,0.44,1001,1001,1001,196
B_only,NEMA,8,30093049,5,561302,-1,402,-1,27866,accepted,0.44,734,5972,0,0
A_only,NEMA,8,30093049,5,696845,784,-1,44524,-1,measured_pair_differs_from_primary,0.44,107,1372,107,2476
A_only,NEMA,8,30093049,5,950651,1061,-1,44801,-1,intermediate_or_same_crystal_interaction,0.44,1267,0,1267,10206
A_only,NEMA,8,30093049,5,978239,1092,-1,44832,-1,measured_pair_differs_from_primary,0.44,1157,8381,1157,8382
A_only,NEMA,8,30093049,5,1094131,1223,-1,44963,-1,measured_pair_differs_from_primary,0.44,7850,7785,7850,1908
A_only,NEMA,8,30093049,5,1111071,1244,-1,44984,-1,intermediate_or_same_crystal_interaction,0.44,8386,8386,8386,1079
A_only,NEMA,8,30093049,5,1132282,1268,-1,45008,-1,measured_pair_differs_from_primary,0.44,4545,4419,4545,557
A_only,NEMA,8,30093049,5,1274646,1433,-1,45173,-1,intermediate_or_same_crystal_interaction,0.44,1762,1762,1762,6705
A_only,NEMA,8,30093049,5,1372753,1546,-1,45286,-1,intermediate_or_same_crystal_interaction,0.44,29,0,29,5478
B_only,NEMA,8,30093049,5,1600287,-1,1125,-1,28589,accepted,0.44,5,4435,0,0
A_only,NEMA,8,30093049,5,1690521,1915,-1,45655,-1,intermediate_or_same_crystal_interaction,0.44,1983,1983,1983,1042
A_only,NEMA,8,30093049,5,2033662,2291,-1,46031,-1,first_not_crystal_compton,0.44,0,0,7009,1751
A_only,NEMA,8,30093049,5,2396493,2651,-1,46391,-1,intermediate_or_same_crystal_interaction,0.44,1881,1881,1881,864
A_only,NEMA,8,30093049,5,2449094,2710,-1,46450,-1,measured_pair_differs_from_primary,0.44,8583,8648,8583,2200
A_only,NEMA,8,30093049,5,2617622,2894,-1,46634,-1,first_not_crystal_compton,0.44,1947,0,1947,7925
A_only,NEMA,8,30093049,5,2968101,3259,-1,46999,-1,measured_pair_differs_from_primary,0.44,805,7652,805,7846
B_only,NEMA,8,30093049,5,2998767,-1,2103,-1,29567,accepted,0.44,736,1397,0,0
A_only,NEMA,8,30093049,5,3068175,3361,-1,47101,-1,intermediate_or_same_crystal_interaction,0.44,1421,0,1421,165
B_only,NEMA,8,30093049,5,3695215,-1,2566,-1,30030,accepted,0.44,2667,782,0,0
A_only,NEMA,8,30093049,5,3913215,4249,-1,47989,-1,measured_pair_differs_from_primary,0.44,5508,5445,5508,75
A_only,NEMA,8,30093049,5,4386999,4782,-1,48522,-1,first_not_crystal_compton,0.44,179,0,179,4141
A_only,NEMA,8,30093049,5,4400250,4804,-1,48544,-1,intermediate_or_same_crystal_interaction,0.44,1101,1101,1101,10389
A_only,NEMA,8,30093049,5,4682796,5121,-1,48861,-1,first_not_crystal_compton,0.44,4836,0,4836,595
A_only,NEMA,8,30093049,5,4692356,5133,-1,48873,-1,intermediate_or_same_crystal_interaction,0.44,218,0,218,1817
A_only,NEMA,8,30093049,5,4734814,5181,-1,48921,-1,measured_pair_differs_from_primary,0.44,9133,9259,9133,2238
A_only,NEMA,8,30093049,5,4807860,5271,-1,49011,-1,intermediate_or_same_crystal_interaction,0.44,849,0,849,4585
A_only,NEMA,8,30093049,5,4884959,5351,-1,49091,-1,first_not_crystal_compton,0.44,10153,0,10217,270
A_only,NEMA,9,30093050,5,248297,272,-1,49466,-1,measured_pair_differs_from_primary,0.44,1676,4791,1676,4727
A_only,NEMA,9,30093050,5,296001,327,-1,49521,-1,intermediate_or_same_crystal_interaction,0.44,1579,0,1579,5323
A_only,NEMA,9,30093050,5,444658,510,-1,49704,-1,intermediate_or_same_crystal_interaction,0.44,5714,5714,5714,1738
A_only,NEMA,9,30093050,5,511056,592,-1,49786,-1,intermediate_or_same_crystal_interaction,0.44,1048,1048,1048,427
A_only,NEMA,9,30093050,5,666162,773,-1,49967,-1,intermediate_or_same_crystal_interaction,0.44,826,826,826,316
A_only,NEMA,9,30093050,5,863100,980,-1,50174,-1,first_not_crystal_compton,0.44,6111,0,6111,1724
A_only,NEMA,9,30093050,5,1243256,1389,-1,50583,-1,first_not_crystal_compton,0.44,678,0,4859,1573
A_only,NEMA,9,30093050,5,1312262,1466,-1,50660,-1,first_not_crystal_compton,0.44,8970,0,8969,2139
A_only,NEMA,9,30093050,5,1441401,1606,-1,50800,-1,first_not_crystal_compton,0.44,0,0,1474,4305
A_only,NEMA,9,30093050,5,1543863,1724,-1,50918,-1,intermediate_or_same_crystal_interaction,0.44,9288,9288,9288,2037
A_only,NEMA,9,30093050,5,1664301,1848,-1,51042,-1,first_not_crystal_compton,0.44,4444,0,4444,703
A_only,NEMA,9,30093050,5,1767450,1957,-1,51151,-1,measured_pair_differs_from_primary,0.44,2202,7052,2202,6923
A_only,NEMA,9,30093050,5,2090392,2307,-1,51501,-1,intermediate_or_same_crystal_interaction,0.44,1395,1395,1395,668
A_only,NEMA,9,30093050,5,2178181,2399,-1,51593,-1,intermediate_or_same_crystal_interaction,0.44,3044,3044,3044,1311
A_only,NEMA,9,30093050,5,2191030,2411,-1,51605,-1,first_not_crystal_compton,0.44,0,0,4684,1319
A_only,NEMA,9,30093050,5,2363789,2580,-1,51774,-1,intermediate_or_same_crystal_interaction,0.44,299,0,299,5299
A_only,NEMA,9,30093050,5,2611440,2894,-1,52088,-1,first_not_crystal_compton,0.44,1841,0,1841,7592
A_only,NEMA,9,30093050,5,2613454,2897,-1,52091,-1,measured_pair_differs_from_primary,0.44,1903,7638,1903,7637
A_only,NEMA,9,30093050,5,2618815,2903,-1,52097,-1,first_not_crystal_compton,0.44,1981,0,1981,1156
A_only,NEMA,9,30093050,5,2630940,2919,-1,52113,-1,intermediate_or_same_crystal_interaction,0.44,5543,5543,5543,1711
A_only,NEMA,9,30093050,5,2659789,2951,-1,52145,-1,measured_pair_differs_from_primary,0.44,1598,4240,1598,4239
A_only,NEMA,9,30093050,5,2785545,3099,-1,52293,-1,measured_pair_differs_from_primary,0.44,10424,10423,10424,2267
A_only,NEMA,9,30093050,5,2861215,3194,-1,52388,-1,measured_pair_differs_from_primary,0.44,1571,5495,1571,5560
A_only,NEMA,9,30093050,5,3085775,3427,-1,52621,-1,intermediate_or_same_crystal_interaction,0.44,578,578,578,4636
A_only,NEMA,9,30093050,5,3097186,3437,-1,52631,-1,measured_pair_differs_from_primary,0.44,580,141,580,147
A_only,NEMA,9,30093050,5,3161569,3520,-1,52714,-1,first_energy_not_closed,0.44,93,4432,93,4432
A_only,NEMA,9,30093050,5,3172232,3530,-1,52724,-1,first_not_crystal_compton,0.44,0,0,8686,2096
A_only,NEMA,9,30093050,5,3357971,3739,-1,52933,-1,measured_pair_differs_from_primary,0.44,1363,5246,1363,5502
A_only,NEMA,9,30093050,5,3459848,3859,-1,53053,-1,intermediate_or_same_crystal_interaction,0.44,6516,6516,6516,1870
A_only,NEMA,9,30093050,5,3721437,4155,-1,53349,-1,measured_pair_differs_from_primary,0.44,1228,6812,1228,6682
A_only,NEMA,9,30093050,5,3903148,4357,-1,53551,-1,measured_pair_differs_from_primary,0.44,1075,1839,1075,5281
A_only,NEMA,9,30093050,5,3913672,4367,-1,53561,-1,measured_pair_differs_from_primary,0.44,1417,5539,1417,5732
A_only,NEMA,9,30093050,5,4024023,4482,-1,53676,-1,first_not_crystal_compton,0.44,991,0,991,8052
A_only,NEMA,9,30093050,5,4867928,5310,-1,54504,-1,intermediate_or_same_crystal_interaction,0.44,6017,0,6017,1954
A_only,NEMA,0,30093051,6,50922,57,-1,57,-1,first_not_crystal_compton,0.44,2208,0,2208,10048
A_only,NEMA,0,30093051,6,92996,101,-1,101,-1,intermediate_or_same_crystal_interaction,0.44,1488,0,1488,2742
A_only,NEMA,0,30093051,6,167397,180,-1,180,-1,measured_pair_differs_from_primary,0.44,665,7051,665,7113
A_only,NEMA,0,30093051,6,197109,210,-1,210,-1,intermediate_or_same_crystal_interaction,0.44,234,234,234,1642
A_only,NEMA,0,30093051,6,250711,273,-1,273,-1,measured_pair_differs_from_primary,0.44,1330,5345,1330,5408
A_only,NEMA,0,30093051,6,259792,285,-1,285,-1,measured_pair_differs_from_primary,0.44,5566,5502,5566,1485
A_only,NEMA,0,30093051,6,362691,382,-1,382,-1,measured_pair_differs_from_primary,0.44,4111,4365,4111,1730
A_only,NEMA,0,30093051,6,414443,446,-1,446,-1,intermediate_or_same_crystal_interaction,0.44,677,677,677,174
A_only,NEMA,0,30093051,6,482558,517,-1,517,-1,measured_pair_differs_from_primary,0.44,1467,5502,1467,5567
A_only,NEMA,0,30093051,6,533886,573,-1,573,-1,intermediate_or_same_crystal_interaction,0.44,3927,0,3927,938
B_only,NEMA,0,30093051,6,993138,-1,674,-1,674,accepted,0.44,932,8099,0,0
B_only,NEMA,0,30093051,6,1161965,-1,812,-1,812,accepted,0.44,1157,2123,0,0
A_only,NEMA,0,30093051,6,1208947,1341,-1,1341,-1,first_not_crystal_compton,0.44,5357,0,5357,1679
A_only,NEMA,0,30093051,6,1226874,1365,-1,1365,-1,first_not_crystal_compton,0.44,0,0,1248,2213
A_only,NEMA,0,30093051,6,1303879,1438,-1,1438,-1,first_not_crystal_compton,0.44,239,0,239,5697
A_only,NEMA,0,30093051,6,1650839,1806,-1,1806,-1,measured_pair_differs_from_primary,0.44,1551,7178,1551,7241
A_only,NEMA,0,30093051,6,1731429,1901,-1,1901,-1,first_energy_not_closed,0.44,1400,3314,1400,3314
A_only,NEMA,0,30093051,6,1914282,2111,-1,2111,-1,intermediate_or_same_crystal_interaction,0.44,1631,1631,1631,5659
A_only,NEMA,0,30093051,6,1983404,2184,-1,2184,-1,intermediate_or_same_crystal_interaction,0.44,883,0,883,9869
A_only,NEMA,0,30093051,6,1984136,2186,-1,2186,-1,first_not_crystal_compton,0.44,316,0,2070,9814
A_only,NEMA,0,30093051,6,2052142,2255,-1,2255,-1,measured_pair_differs_from_primary,0.44,9652,9393,9652,1982
B_only,NEMA,0,30093051,6,2196968,-1,1508,-1,1508,accepted,0.44,824,2216,0,0
A_only,NEMA,0,30093051,6,2291210,2513,-1,2513,-1,measured_pair_differs_from_primary,0.44,3884,3883,3884,1380
A_only,NEMA,0,30093051,6,2413485,2659,-1,2659,-1,intermediate_or_same_crystal_interaction,0.44,6314,0,6314,1052
A_only,NEMA,0,30093051,6,2633249,2881,-1,2881,-1,intermediate_or_same_crystal_interaction,0.44,5508,5508,5508,1619
A_only,NEMA,0,30093051,6,2809427,3064,-1,3064,-1,measured_pair_differs_from_primary,0.44,7815,7565,7815,1858
B_only,NEMA,0,30093051,6,2865214,-1,1959,-1,1959,accepted,0.44,2194,1044,0,0
A_only,NEMA,0,30093051,6,2865561,3127,-1,3127,-1,intermediate_or_same_crystal_interaction,0.44,8255,0,8255,2256
A_only,NEMA,0,30093051,6,2875466,3139,-1,3139,-1,intermediate_or_same_crystal_interaction,0.44,7655,7655,7655,1797
A_only,NEMA,0,30093051,6,2988739,3269,-1,3269,-1,measured_pair_differs_from_primary,0.44,367,9594,367,9595
B_only,NEMA,0,30093051,6,3114708,-1,2152,-1,2152,accepted,0.44,2205,10456,0,0
B_only,NEMA,0,30093051,6,3122172,-1,2156,-1,2156,accepted,0.44,9180,274,0,0
A_only,NEMA,0,30093051,6,3171630,3465,-1,3465,-1,measured_pair_differs_from_primary,0.44,285,737,285,1366
A_only,NEMA,0,30093051,6,3223118,3525,-1,3525,-1,intermediate_or_same_crystal_interaction,0.44,2286,2286,2286,1193
B_only,NEMA,0,30093051,6,3313440,-1,2299,-1,2299,accepted,0.44,5341,584,0,0
A_only,NEMA,0,30093051,6,3410894,3730,-1,3730,-1,first_not_crystal_compton,0.44,725,0,725,6546
A_only,NEMA,0,30093051,6,3470156,3789,-1,3789,-1,intermediate_or_same_crystal_interaction,0.44,6337,0,6337,1162
A_only,NEMA,0,30093051,6,3584462,3884,-1,3884,-1,first_not_crystal_compton,0.44,826,0,4841,1599
A_only,NEMA,0,30093051,6,3642672,3951,-1,3951,-1,measured_pair_differs_from_primary,0.44,9118,9119,9118,714
A_only,NEMA,0,30093051,6,3781937,4092,-1,4092,-1,intermediate_or_same_crystal_interaction,0.44,733,0,733,2654
A_only,NEMA,0,30093051,6,3783046,4095,-1,4095,-1,measured_pair_differs_from_primary,0.44,1480,6478,1480,6542
A_only,NEMA,0,30093051,6,3910744,4243,-1,4243,-1,first_not_crystal_compton,0.44,0,0,1503,4343
A_only,NEMA,0,30093051,6,4086918,4431,-1,4431,-1,measured_pair_differs_from_primary,0.44,2931,2932,2931,1363
A_only,NEMA,0,30093051,6,4129199,4468,-1,4468,-1,first_not_crystal_compton,0.44,1625,0,5082,1425
A_only,NEMA,0,30093051,6,4191229,4551,-1,4551,-1,measured_pair_differs_from_primary,0.44,5478,5479,5478,1682
A_only,NEMA,0,30093051,6,4326526,4709,-1,4709,-1,first_not_crystal_compton,0.44,0,0,2187,9373
A_only,NEMA,0,30093051,6,4347202,4736,-1,4736,-1,first_not_crystal_compton,0.44,0,0,8837,1898
A_only,NEMA,0,30093051,6,4480819,4887,-1,4887,-1,measured_pair_differs_from_primary,0.44,2258,1067,2258,1053
A_only,NEMA,0,30093051,6,4687023,5113,-1,5113,-1,measured_pair_differs_from_primary,0.44,508,1119,508,1853
A_only,NEMA,1,30093052,6,97236,107,-1,5602,-1,intermediate_or_same_crystal_interaction,0.44,1665,1665,1665,7830
A_only,NEMA,1,30093052,6,314009,360,-1,5855,-1,intermediate_or_same_crystal_interaction,0.44,4938,4938,4938,1633
A_only,NEMA,1,30093052,6,324017,375,-1,5870,-1,intermediate_or_same_crystal_interaction,0.44,1709,1709,1709,5596
A_only,NEMA,1,30093052,6,508897,595,-1,6090,-1,first_not_crystal_compton,0.44,0,0,3166,1626
A_only,NEMA,1,30093052,6,582181,670,-1,6165,-1,measured_pair_differs_from_primary,0.44,5157,1656,5157,824
A_only,NEMA,1,30093052,6,991822,1143,-1,6638,-1,intermediate_or_same_crystal_interaction,0.44,344,0,344,3602
A_only,NEMA,1,30093052,6,1074185,1239,-1,6734,-1,first_not_crystal_compton,0.44,263,0,6966,1825
A_only,NEMA,1,30093052,6,1227424,1418,-1,6913,-1,first_not_crystal_compton,0.44,0,0,5129,213
A_only,NEMA,1,30093052,6,1243272,1430,-1,6925,-1,measured_pair_differs_from_primary,0.44,1811,7544,1811,7547
A_only,NEMA,1,30093052,6,1314644,1494,-1,6989,-1,intermediate_or_same_crystal_interaction,0.44,1906,1906,1906,6587
A_only,NEMA,1,30093052,6,1573508,1758,-1,7253,-1,measured_pair_differs_from_primary,0.44,2013,8957,2013,9021
A_only,NEMA,1,30093052,6,1675183,1858,-1,7353,-1,measured_pair_differs_from_primary,0.44,1508,2580,1508,2453
A_only,NEMA,1,30093052,6,1712983,1895,-1,7390,-1,first_not_crystal_compton,0.44,369,0,8016,790
A_only,NEMA,1,30093052,6,1837319,2033,-1,7528,-1,measured_pair_differs_from_primary,0.44,1914,1153,1914,494
A_only,NEMA,1,30093052,6,2115755,2376,-1,7871,-1,measured_pair_differs_from_primary,0.44,747,735,747,2694
B_only,NEMA,1,30093052,6,2172757,-1,1513,-1,4996,accepted,0.44,721,6447,0,0
B_only,NEMA,1,30093052,6,2401385,-1,1671,-1,5154,accepted,0.44,7150,1759,0,0
A_only,NEMA,1,30093052,6,2597262,2908,-1,8403,-1,measured_pair_differs_from_primary,0.44,557,1427,557,4556
A_only,NEMA,1,30093052,6,2602278,2912,-1,8407,-1,measured_pair_differs_from_primary,0.44,1288,3563,1288,3627
B_only,NEMA,1,30093052,6,2674210,-1,1864,-1,5347,accepted,0.44,2102,8594,0,0
B_only,NEMA,1,30093052,6,2682643,-1,1868,-1,5351,accepted,0.44,519,2683,0,0
A_only,NEMA,1,30093052,6,2705291,3025,-1,8520,-1,measured_pair_differs_from_primary,0.44,38,6230,38,6359
A_only,NEMA,1,30093052,6,2726904,3053,-1,8548,-1,first_not_crystal_compton,0.44,387,0,387,7202
A_only,NEMA,1,30093052,6,2825484,3147,-1,8642,-1,intermediate_or_same_crystal_interaction,0.44,1625,1625,1625,5401
A_only,NEMA,1,30093052,6,2825972,3148,-1,8643,-1,intermediate_or_same_crystal_interaction,0.44,1719,1719,1719,760
A_only,NEMA,1,30093052,6,2923438,3265,-1,8760,-1,intermediate_or_same_crystal_interaction,0.44,5888,5888,5888,1773
A_only,NEMA,1,30093052,6,3172785,3529,-1,9024,-1,first_not_crystal_compton,0.44,0,0,886,5708
A_only,NEMA,1,30093052,6,3208600,3580,-1,9075,-1,intermediate_or_same_crystal_interaction,0.44,307,0,307,6876
A_only,NEMA,1,30093052,6,3416146,3824,-1,9319,-1,intermediate_or_same_crystal_interaction,0.44,8633,0,8633,1915
A_only,NEMA,1,30093052,6,3422275,3831,-1,9326,-1,intermediate_or_same_crystal_interaction,0.44,282,282,282,1850
A_only,NEMA,1,30093052,6,3430342,3842,-1,9337,-1,intermediate_or_same_crystal_interaction,0.44,415,0,415,1201
A_only,NEMA,1,30093052,6,3482878,3897,-1,9392,-1,first_not_crystal_compton,0.44,782,0,4130,695
A_only,NEMA,1,30093052,6,3677764,4126,-1,9621,-1,intermediate_or_same_crystal_interaction,0.44,599,0,599,4112
A_only,NEMA,1,30093052,6,4434813,4917,-1,10412,-1,intermediate_or_same_crystal_interaction,0.44,1332,1332,1332,2342
A_only,NEMA,1,30093052,6,4499750,4987,-1,10482,-1,measured_pair_differs_from_primary,0.44,6502,6566,6502,1035
A_only,NEMA,1,30093052,6,4523776,5020,-1,10515,-1,intermediate_or_same_crystal_interaction,0.44,1827,1827,1827,7466
A_only,NEMA,1,30093052,6,4625200,5155,-1,10650,-1,intermediate_or_same_crystal_interaction,0.44,6336,0,6336,974
A_only,NEMA,1,30093052,6,4724555,5273,-1,10768,-1,first_not_crystal_compton,0.44,0,0,6472,1319
A_only,NEMA,1,30093052,6,4880700,5463,-1,10958,-1,intermediate_or_same_crystal_interaction,0.44,2047,2047,2047,1040
A_only,NEMA,1,30093052,6,4907196,5490,-1,10985,-1,measured_pair_differs_from_primary,0.44,9186,8929,9186,1673
A_only,NEMA,2,30093053,6,144532,170,-1,11255,-1,intermediate_or_same_crystal_interaction,0.44,379,379,379,1440
A_only,NEMA,2,30093053,6,361126,416,-1,11501,-1,measured_pair_differs_from_primary,0.44,9084,9019,9084,1770
A_only,NEMA,2,30093053,6,469045,520,-1,11605,-1,measured_pair_differs_from_primary,0.44,4138,652,4138,91
A_only,NEMA,2,30093053,6,668129,744,-1,11829,-1,measured_pair_differs_from_primary,0.44,662,4099,662,4098
A_only,NEMA,2,30093053,6,930398,1031,-1,12116,-1,intermediate_or_same_crystal_interaction,0.44,813,813,813,4150
A_only,NEMA,2,30093053,6,1074868,1183,-1,12268,-1,intermediate_or_same_crystal_interaction,0.44,385,0,385,8836
A_only,NEMA,2,30093053,6,1406975,1535,-1,12620,-1,intermediate_or_same_crystal_interaction,0.44,5318,5318,5318,802
A_only,NEMA,2,30093053,6,1420220,1552,-1,12637,-1,measured_pair_differs_from_primary,0.44,9344,9407,9344,1184
A_only,NEMA,2,30093053,6,1447527,1588,-1,12673,-1,intermediate_or_same_crystal_interaction,0.44,2896,2896,2896,599
A_only,NEMA,2,30093053,6,1506293,1658,-1,12743,-1,measured_pair_differs_from_primary,0.44,1985,8999,1985,9129
A_only,NEMA,2,30093053,6,1564693,1713,-1,12798,-1,intermediate_or_same_crystal_interaction,0.44,1879,0,1879,5972
A_only,NEMA,2,30093053,6,1845668,2024,-1,13109,-1,measured_pair_differs_from_primary,0.44,1955,4517,1955,4326
B_only,NEMA,2,30093053,6,1862983,-1,1268,-1,8176,accepted,0.44,725,5555,0,0
A_only,NEMA,2,30093053,6,2105579,2323,-1,13408,-1,measured_pair_differs_from_primary,0.44,7305,7432,7305,2000
A_only,NEMA,2,30093053,6,2423921,2706,-1,13791,-1,intermediate_or_same_crystal_interaction,0.44,52,0,52,3696
B_only,NEMA,2,30093053,6,2488639,-1,1728,-1,8636,accepted,0.44,2147,10227,0,0
A_only,NEMA,2,30093053,6,2556193,2852,-1,13937,-1,first_not_crystal_compton,0.44,1933,0,1933,293
A_only,NEMA,2,30093053,6,2592191,2887,-1,13972,-1,first_not_crystal_compton,0.44,0,0,3512,918
A_only,NEMA,2,30093053,6,2705901,3011,-1,14096,-1,measured_pair_differs_from_primary,0.44,4064,4192,4064,1672
A_only,NEMA,2,30093053,6,2786225,3089,-1,14174,-1,first_not_crystal_compton,0.44,7817,0,7817,1861
A_only,NEMA,2,30093053,6,3191270,3564,-1,14649,-1,intermediate_or_same_crystal_interaction,0.44,1561,1561,1561,6170
A_only,NEMA,2,30093053,6,3212690,3594,-1,14679,-1,measured_pair_differs_from_primary,0.44,10481,881,10481,159
A_only,NEMA,2,30093053,6,3342657,3738,-1,14823,-1,first_not_crystal_compton,0.44,1509,0,1509,3586
A_only,NEMA,2,30093053,6,3704118,4135,-1,15220,-1,measured_pair_differs_from_primary,0.44,2144,9318,2144,9381
A_only,NEMA,2,30093053,6,3767925,4203,-1,15288,-1,first_not_crystal_compton,0.44,0,0,7312,1921
A_only,NEMA,2,30093053,6,4219367,4696,-1,15781,-1,intermediate_or_same_crystal_interaction,0.44,1446,1446,1446,3930
A_only,NEMA,2,30093053,6,4290215,4778,-1,15863,-1,measured_pair_differs_from_primary,0.44,6407,6408,6407,1819
A_only,NEMA,2,30093053,6,4756671,5294,-1,16379,-1,intermediate_or_same_crystal_interaction,0.44,6192,6192,6192,1846
A_only,NEMA,2,30093053,6,4814654,5357,-1,16442,-1,intermediate_or_same_crystal_interaction,0.44,549,549,549,420
A_only,NEMA,2,30093053,6,4882738,5441,-1,16526,-1,intermediate_or_same_crystal_interaction,0.44,1038,1038,1038,7387
A_only,NEMA,3,30093054,6,57528,61,-1,16720,-1,first_energy_not_closed,0.44,26,1381,26,1381
A_only,NEMA,3,30093054,6,120314,138,-1,16797,-1,measured_pair_differs_from_primary,0.44,415,1196,415,2193
B_only,NEMA,3,30093054,6,404317,-1,290,-1,10690,accepted,0.44,1568,5099,0,0
A_only,NEMA,3,30093054,6,1190621,1379,-1,18038,-1,intermediate_or_same_crystal_interaction,0.44,705,0,705,1735
A_only,NEMA,3,30093054,6,1248144,1437,-1,18096,-1,intermediate_or_same_crystal_interaction,0.44,1644,1644,1644,721
A_only,NEMA,3,30093054,6,1273102,1467,-1,18126,-1,intermediate_or_same_crystal_interaction,0.44,1656,1656,1656,712
A_only,NEMA,3,30093054,6,1509666,1723,-1,18382,-1,measured_pair_differs_from_primary,0.44,1610,5176,1610,5241
A_only,NEMA,3,30093054,6,1676693,1923,-1,18582,-1,measured_pair_differs_from_primary,0.44,7503,7502,7503,1876
B_only,NEMA,3,30093054,6,1702732,-1,1214,-1,11614,accepted,0.44,1483,113,0,0
B_only,NEMA,3,30093054,6,1785302,-1,1267,-1,11667,accepted,0.44,2069,7940,0,0
A_only,NEMA,3,30093054,6,2155036,2468,-1,19127,-1,first_not_crystal_compton,0.44,2070,0,2070,8274
A_only,NEMA,3,30093054,6,2219011,2536,-1,19195,-1,intermediate_or_same_crystal_interaction,0.44,6421,6421,6421,1891
A_only,NEMA,3,30093054,6,2387724,2721,-1,19380,-1,first_not_crystal_compton,0.44,1414,0,1414,4
A_only,NEMA,3,30093054,6,2442189,2786,-1,19445,-1,first_not_crystal_compton,0.44,0,0,1567,675
A_only,NEMA,3,30093054,6,2485789,2832,-1,19491,-1,intermediate_or_same_crystal_interaction,0.44,1594,0,1594,953
A_only,NEMA,3,30093054,6,2633416,3012,-1,19671,-1,measured_pair_differs_from_primary,0.44,2351,2415,2351,1454
A_only,NEMA,3,30093054,6,2638878,3022,-1,19681,-1,measured_pair_differs_from_primary,0.44,1156,8507,1156,8508
A_only,NEMA,3,30093054,6,2664891,3050,-1,19709,-1,first_not_crystal_compton,0.44,432,0,2210,1072
A_only,NEMA,3,30093054,6,3062438,3495,-1,20154,-1,measured_pair_differs_from_primary,0.44,414,10140,414,10141
A_only,NEMA,3,30093054,6,3094194,3525,-1,20184,-1,intermediate_or_same_crystal_interaction,0.44,2118,0,2118,10138
A_only,NEMA,3,30093054,6,3305005,3766,-1,20425,-1,measured_pair_differs_from_primary,0.44,6509,6573,6509,2011
A_only,NEMA,3,30093054,6,3797354,4313,-1,20972,-1,measured_pair_differs_from_primary,0.44,1974,2007,1974,9594
A_only,NEMA,3,30093054,6,3811958,4324,-1,20983,-1,measured_pair_differs_from_primary,0.44,8277,8276,8277,2052
A_only,NEMA,3,30093054,6,3969020,4487,-1,21146,-1,measured_pair_differs_from_primary,0.44,302,5228,302,5164
B_only,NEMA,3,30093054,6,4134852,-1,2897,-1,13297,accepted,0.44,1738,4139,0,0
A_only,NEMA,3,30093054,6,4206140,4754,-1,21413,-1,measured_pair_differs_from_primary,0.44,971,1698,971,1680
A_only,NEMA,3,30093054,6,4433321,5021,-1,21680,-1,intermediate_or_same_crystal_interaction,0.44,776,776,776,2659
A_only,NEMA,3,30093054,6,4725916,5365,-1,22024,-1,intermediate_or_same_crystal_interaction,0.44,1878,1878,1878,5057
A_only,NEMA,3,30093054,6,4789533,5440,-1,22099,-1,first_not_crystal_compton,0.44,788,0,5452,1009
A_only,NEMA,3,30093054,6,4802250,5455,-1,22114,-1,measured_pair_differs_from_primary,0.44,4896,4833,4896,1533
A_only,NEMA,3,30093054,6,4829275,5498,-1,22157,-1,measured_pair_differs_from_primary,0.44,7548,1978,7548,1995
A_only,NEMA,4,30093055,6,96496,125,-1,22489,-1,measured_pair_differs_from_primary,0.44,6482,6546,6482,434
A_only,NEMA,4,30093055,6,422615,491,-1,22855,-1,measured_pair_differs_from_primary,0.44,1723,1709,1723,67
A_only,NEMA,4,30093055,6,428982,500,-1,22864,-1,first_not_crystal_compton,0.44,895,0,895,9435
A_only,NEMA,4,30093055,6,527619,613,-1,22977,-1,intermediate_or_same_crystal_interaction,0.44,4133,4133,4133,116
A_only,NEMA,4,30093055,6,739635,843,-1,23207,-1,intermediate_or_same_crystal_interaction,0.44,4577,4577,4577,1568
A_only,NEMA,4,30093055,6,747681,854,-1,23218,-1,measured_pair_differs_from_primary,0.44,6505,6441,6505,748
A_only,NEMA,4,30093055,6,1385801,1544,-1,23908,-1,intermediate_or_same_crystal_interaction,0.44,1992,1992,1992,1140
A_only,NEMA,4,30093055,6,1928520,2159,-1,24523,-1,first_not_crystal_compton,0.44,111,0,111,800
A_only,NEMA,4,30093055,6,2004515,2248,-1,24612,-1,intermediate_or_same_crystal_interaction,0.44,6577,6577,6577,1783
A_only,NEMA,4,30093055,6,2076500,2316,-1,24680,-1,first_not_crystal_compton,0.44,0,0,1739,7148
A_only,NEMA,4,30093055,6,2194201,2437,-1,24801,-1,first_not_crystal_compton,0.44,1172,0,1172,8099
A_only,NEMA,4,30093055,6,2457580,2715,-1,25079,-1,measured_pair_differs_from_primary,0.44,1862,5386,1862,5258
A_only,NEMA,4,30093055,6,2537343,2801,-1,25165,-1,first_not_crystal_compton,0.44,9112,0,9112,485
A_only,NEMA,4,30093055,6,2734876,3002,-1,25366,-1,intermediate_or_same_crystal_interaction,0.44,212,212,212,5882
A_only,NEMA,4,30093055,6,3127116,3446,-1,25810,-1,measured_pair_differs_from_primary,0.44,10335,10334,10335,2259
A_only,NEMA,4,30093055,6,3415430,3797,-1,26161,-1,measured_pair_differs_from_primary,0.44,3,4,3,1297
A_only,NEMA,4,30093055,6,3568016,3988,-1,26352,-1,intermediate_or_same_crystal_interaction,0.44,7581,7581,7581,1987
A_only,NEMA,4,30093055,6,3778896,4216,-1,26580,-1,intermediate_or_same_crystal_interaction,0.44,1888,1888,1888,8057
A_only,NEMA,4,30093055,6,3813085,4263,-1,26627,-1,first_not_crystal_compton,0.44,0,0,1822,387
A_only,NEMA,4,30093055,6,3870983,4323,-1,26687,-1,intermediate_or_same_crystal_interaction,0.44,1016,0,1016,5531
A_only,NEMA,4,30093055,6,4079544,4549,-1,26913,-1,measured_pair_differs_from_primary,0.44,5554,1660,5554,138
A_only,NEMA,4,30093055,6,4116138,4596,-1,26960,-1,intermediate_or_same_crystal_interaction,0.44,304,0,304,1018
A_only,NEMA,4,30093055,6,4414836,4929,-1,27293,-1,measured_pair_differs_from_primary,0.44,7897,7961,7897,1131
A_only,NEMA,4,30093055,6,4664535,5179,-1,27543,-1,first_not_crystal_compton,0.44,172,0,1595,817
A_only,NEMA,4,30093055,6,4670381,5185,-1,27549,-1,measured_pair_differs_from_primary,0.44,2110,7436,2110,7112
A_only,NEMA,4,30093055,6,4682181,5195,-1,27559,-1,first_not_crystal_compton,0.44,1834,0,1834,6489
A_only,NEMA,4,30093055,6,4747282,5267,-1,27631,-1,measured_pair_differs_from_primary,0.44,8528,1975,8528,1994
A_only,NEMA,4,30093055,6,4946225,5488,-1,27852,-1,measured_pair_differs_from_primary,0.44,7735,7733,7735,1957
A_only,NEMA,4,30093055,6,4970304,5518,-1,27882,-1,measured_pair_differs_from_primary,0.44,1299,4774,1299,5098
A_only,NEMA,5,30093056,6,196466,211,-1,28126,-1,intermediate_or_same_crystal_interaction,0.44,163,163,163,2977
A_only,NEMA,5,30093056,6,204945,224,-1,28139,-1,intermediate_or_same_crystal_interaction,0.44,8838,8838,8838,2073
A_only,NEMA,5,30093056,6,814210,918,-1,28833,-1,measured_pair_differs_from_primary,0.44,1516,4659,1516,4723
A_only,NEMA,5,30093056,6,1048524,1202,-1,29117,-1,measured_pair_differs_from_primary,0.44,8650,1070,8650,359
A_only,NEMA,5,30093056,6,1331268,1549,-1,29464,-1,intermediate_or_same_crystal_interaction,0.44,693,693,693,6128
A_only,NEMA,5,30093056,6,1364274,1586,-1,29501,-1,first_not_crystal_compton,0.44,1567,0,1567,3759
A_only,NEMA,5,30093056,6,1653415,1925,-1,29840,-1,measured_pair_differs_from_primary,0.44,2034,5961,2034,5897
B_only,NEMA,5,30093056,6,1835557,-1,1353,-1,18798,accepted,0.44,10379,982,0,0
A_only,NEMA,5,30093056,6,1958693,2279,-1,30194,-1,first_not_crystal_compton,0.44,2961,0,2961,1385
A_only,NEMA,5,30093056,6,2115541,2442,-1,30357,-1,intermediate_or_same_crystal_interaction,0.44,10462,10462,10462,2294
A_only,NEMA,5,30093056,6,2366831,2717,-1,30632,-1,intermediate_or_same_crystal_interaction,0.44,2222,2222,2222,505
A_only,NEMA,5,30093056,6,2455532,2822,-1,30737,-1,first_not_crystal_compton,0.44,0,0,4726,1036
A_only,NEMA,5,30093056,6,2754059,3168,-1,31083,-1,first_not_crystal_compton,0.44,165,0,1556,707
A_only,NEMA,5,30093056,6,2859423,3303,-1,31218,-1,measured_pair_differs_from_primary,0.44,9231,1638,9231,1624
A_only,NEMA,5,30093056,6,2901531,3342,-1,31257,-1,intermediate_or_same_crystal_interaction,0.44,251,0,251,2120
A_only,NEMA,5,30093056,6,3197219,3661,-1,31576,-1,intermediate_or_same_crystal_interaction,0.44,2096,2096,2096,9441
A_only,NEMA,5,30093056,6,3515765,4029,-1,31944,-1,intermediate_or_same_crystal_interaction,0.44,1085,0,1085,2141
A_only,NEMA,5,30093056,6,3604813,4134,-1,32049,-1,measured_pair_differs_from_primary,0.44,732,6735,732,6863
A_only,NEMA,5,30093056,6,3759172,4309,-1,32224,-1,measured_pair_differs_from_primary,0.44,483,840,483,6140
A_only,NEMA,5,30093056,6,3783307,4335,-1,32250,-1,first_not_crystal_compton,0.44,7035,0,7035,2095
A_only,NEMA,5,30093056,6,3844353,4399,-1,32314,-1,first_not_crystal_compton,0.44,0,0,6698,1932
A_only,NEMA,5,30093056,6,4028637,4592,-1,32507,-1,intermediate_or_same_crystal_interaction,0.44,292,0,292,7843
A_only,NEMA,5,30093056,6,4277658,4868,-1,32783,-1,measured_pair_differs_from_primary,0.44,5543,5672,5543,1769
A_only,NEMA,5,30093056,6,4283550,4875,-1,32790,-1,first_not_crystal_compton,0.44,884,0,5995,1515
A_only,NEMA,5,30093056,6,4593239,5204,-1,33119,-1,measured_pair_differs_from_primary,0.44,7140,7075,7140,1477
A_only,NEMA,5,30093056,6,4682574,5312,-1,33227,-1,measured_pair_differs_from_primary,0.44,968,1961,968,8411
A_only,NEMA,5,30093056,6,4712511,5338,-1,33253,-1,measured_pair_differs_from_primary,0.44,1208,277,1208,267
A_only,NEMA,5,30093056,6,4912119,5540,-1,33455,-1,measured_pair_differs_from_primary,0.44,268,3808,268,3680
A_only,NEMA,6,30093057,6,310506,357,-1,33906,-1,measured_pair_differs_from_primary,0.44,7499,7563,7499,2037
A_only,NEMA,6,30093057,6,405157,450,-1,33999,-1,intermediate_or_same_crystal_interaction,0.44,4873,4873,4873,1617
A_only,NEMA,6,30093057,6,502519,556,-1,34105,-1,intermediate_or_same_crystal_interaction,0.44,690,0,690,6129
A_only,NEMA,6,30093057,6,669233,741,-1,34290,-1,measured_pair_differs_from_primary,0.44,783,771,783,50
A_only,NEMA,6,30093057,6,699734,774,-1,34323,-1,first_not_crystal_compton,0.44,2125,0,2125,8628
A_only,NEMA,6,30093057,6,708226,781,-1,34330,-1,intermediate_or_same_crystal_interaction,0.44,529,0,529,3560
B_only,NEMA,6,30093057,6,797089,-1,568,-1,21560,accepted,0.44,2032,7025,0,0
A_only,NEMA,6,30093057,6,823594,913,-1,34462,-1,first_not_crystal_compton,0.44,0,0,10284,2281
A_only,NEMA,6,30093057,6,883936,990,-1,34539,-1,measured_pair_differs_from_primary,0.44,2026,7711,2026,7326
A_only,NEMA,6,30093057,6,918970,1035,-1,34584,-1,intermediate_or_same_crystal_interaction,0.44,3385,3385,3385,749
A_only,NEMA,6,30093057,6,950118,1066,-1,34615,-1,intermediate_or_same_crystal_interaction,0.44,5514,5514,5514,825
A_only,NEMA,6,30093057,6,1188914,1346,-1,34895,-1,intermediate_or_same_crystal_interaction,0.44,7815,7815,7815,1924
A_only,NEMA,6,30093057,6,1305168,1469,-1,35018,-1,first_energy_not_closed,0.44,268,5469,268,5469
A_only,NEMA,6,30093057,6,1333178,1502,-1,35051,-1,measured_pair_differs_from_primary,0.44,1653,1639,1653,3703
A_only,NEMA,6,30093057,6,1451305,1647,-1,35196,-1,measured_pair_differs_from_primary,0.44,1553,4117,1553,4115
B_only,NEMA,6,30093057,6,1663233,-1,1200,-1,22192,accepted,0.44,2099,900,0,0
A_only,NEMA,6,30093057,6,1739689,1967,-1,35516,-1,measured_pair_differs_from_primary,0.44,6579,6707,6579,2029
B_only,NEMA,6,30093057,6,1832819,-1,1315,-1,22307,accepted,0.44,388,2169,0,0
A_only,NEMA,6,30093057,6,2326288,2601,-1,36150,-1,first_not_crystal_compton,0.44,0,0,6448,1889
A_only,NEMA,6,30093057,6,2466526,2765,-1,36314,-1,first_not_crystal_compton,0.44,0,0,1687,6227
A_only,NEMA,6,30093057,6,2525151,2831,-1,36380,-1,measured_pair_differs_from_primary,0.44,3607,3737,3607,1586
A_only,NEMA,6,30093057,6,2566565,2869,-1,36418,-1,first_not_crystal_compton,0.44,0,0,8342,2011
A_only,NEMA,6,30093057,6,2623794,2945,-1,36494,-1,first_not_crystal_compton,0.44,0,0,3760,1640
A_only,NEMA,6,30093057,6,2740095,3081,-1,36630,-1,first_energy_not_closed,0.44,799,144,799,144
B_only,NEMA,6,30093057,6,3054361,-1,2124,-1,23116,accepted,0.44,1739,4700,0,0
A_only,NEMA,6,30093057,6,3150865,3513,-1,37062,-1,first_not_crystal_compton,0.44,1143,0,1143,9900
A_only,NEMA,6,30093057,6,3251267,3635,-1,37184,-1,first_not_crystal_compton,0.44,1035,0,1035,1863
A_only,NEMA,6,30093057,6,3603771,4017,-1,37566,-1,measured_pair_differs_from_primary,0.44,9358,9359,9358,1152
A_only,NEMA,6,30093057,6,3704008,4123,-1,37672,-1,first_not_crystal_compton,0.44,1010,0,1010,331
A_only,NEMA,6,30093057,6,3819239,4262,-1,37811,-1,measured_pair_differs_from_primary,0.44,1832,6740,1832,6743
A_only,NEMA,6,30093057,6,3872980,4323,-1,37872,-1,measured_pair_differs_from_primary,0.44,6758,1857,6758,857
A_only,NEMA,6,30093057,6,3972084,4444,-1,37993,-1,first_not_crystal_compton,0.44,0,0,8054,2033
B_only,NEMA,6,30093057,6,4114444,-1,2865,-1,23857,accepted,0.44,917,3659,0,0
A_only,NEMA,6,30093057,6,4218952,4720,-1,38269,-1,intermediate_or_same_crystal_interaction,0.44,7886,7886,7886,2155
A_only,NEMA,6,30093057,6,4283074,4785,-1,38334,-1,first_energy_not_closed,0.44,1015,8450,1015,8450
A_only,NEMA,6,30093057,6,4444708,4972,-1,38521,-1,first_not_crystal_compton,0.44,2153,0,2153,5067
A_only,NEMA,6,30093057,6,4496270,5030,-1,38579,-1,measured_pair_differs_from_primary,0.44,1192,8068,1192,8003
A_only,NEMA,6,30093057,6,4687513,5266,-1,38815,-1,first_not_crystal_compton,0.44,2148,0,9362,2189
A_only,NEMA,6,30093057,6,4690575,5274,-1,38823,-1,measured_pair_differs_from_primary,0.44,8978,9105,8978,2218
A_only,NEMA,6,30093057,6,4731927,5309,-1,38858,-1,measured_pair_differs_from_primary,0.44,8913,8914,8913,2054
A_only,NEMA,6,30093057,6,4845081,5419,-1,38968,-1,measured_pair_differs_from_primary,0.44,5406,5405,5406,1620
A_only,NEMA,6,30093057,6,4876664,5460,-1,39009,-1,first_not_crystal_compton,0.44,0,0,4435,1953
A_only,NEMA,6,30093057,6,4993486,5592,-1,39141,-1,measured_pair_differs_from_primary,0.44,1645,2713,1645,2519
A_only,NEMA,7,30093058,6,57146,60,-1,39208,-1,measured_pair_differs_from_primary,0.44,7092,7028,7092,1407
A_only,NEMA,7,30093058,6,201265,219,-1,39367,-1,measured_pair_differs_from_primary,0.44,3279,3344,3279,1365
A_only,NEMA,7,30093058,6,394937,440,-1,39588,-1,measured_pair_differs_from_primary,0.44,1428,5037,1428,5100
A_only,NEMA,7,30093058,6,533911,579,-1,39727,-1,first_not_crystal_compton,0.44,1036,0,1992,6132
B_only,NEMA,7,30093058,6,624478,-1,417,-1,24910,accepted,0.44,1838,898,0,0
B_only,NEMA,7,30093058,6,644625,-1,429,-1,24922,accepted,0.44,2287,10021,0,0
A_only,NEMA,7,30093058,6,787895,861,-1,40009,-1,intermediate_or_same_crystal_interaction,0.44,6516,6516,6516,1829
A_only,NEMA,7,30093058,6,876286,992,-1,40140,-1,measured_pair_differs_from_primary,0.44,4398,4460,4398,930
A_only,NEMA,7,30093058,6,962067,1096,-1,40244,-1,measured_pair_differs_from_primary,0.44,883,2076,883,10258
A_only,NEMA,7,30093058,6,1145848,1308,-1,40456,-1,intermediate_or_same_crystal_interaction,0.44,6922,6922,6922,1235
A_only,NEMA,7,30093058,6,1200959,1378,-1,40526,-1,intermediate_or_same_crystal_interaction,0.44,6,0,6,3340
A_only,NEMA,7,30093058,6,1205029,1384,-1,40532,-1,measured_pair_differs_from_primary,0.44,216,794,216,4382
A_only,NEMA,7,30093058,6,1241865,1420,-1,40568,-1,intermediate_or_same_crystal_interaction,0.44,5083,5083,5083,1672
A_only,NEMA,7,30093058,6,1255856,1435,-1,40583,-1,intermediate_or_same_crystal_interaction,0.44,8739,8739,8739,2171
A_only,NEMA,7,30093058,6,1375901,1579,-1,40727,-1,measured_pair_differs_from_primary,0.44,529,1451,529,1465
A_only,NEMA,7,30093058,6,1675836,1923,-1,41071,-1,measured_pair_differs_from_primary,0.44,1084,7556,1084,7554
A_only,NEMA,7,30093058,6,1681570,1928,-1,41076,-1,measured_pair_differs_from_primary,0.44,1458,1459,1458,4079
B_only,NEMA,7,30093058,6,1884539,-1,1357,-1,25850,accepted,0.44,574,4179,0,0
A_only,NEMA,7,30093058,6,1973690,2229,-1,41377,-1,intermediate_or_same_crystal_interaction,0.44,3243,3243,3243,630
A_only,NEMA,7,30093058,6,1989755,2250,-1,41398,-1,first_not_crystal_compton,0.44,1727,0,1727,9436
A_only,NEMA,7,30093058,6,2032601,2311,-1,41459,-1,intermediate_or_same_crystal_interaction,0.44,7710,7710,7710,2024
A_only,NEMA,7,30093058,6,2124515,2408,-1,41556,-1,intermediate_or_same_crystal_interaction,0.44,451,0,451,1030
A_only,NEMA,7,30093058,6,2411548,2763,-1,41911,-1,intermediate_or_same_crystal_interaction,0.44,512,0,512,8950
A_only,NEMA,7,30093058,6,2495462,2868,-1,42016,-1,intermediate_or_same_crystal_interaction,0.44,8630,8630,8630,2202
A_only,NEMA,7,30093058,6,2534985,2907,-1,42055,-1,first_not_crystal_compton,0.44,0,0,7283,200
A_only,NEMA,7,30093058,6,2573801,2961,-1,42109,-1,intermediate_or_same_crystal_interaction,0.44,10305,0,10305,2173
A_only,NEMA,7,30093058,6,2665032,3062,-1,42210,-1,first_not_crystal_compton,0.44,0,0,1934,8108
A_only,NEMA,7,30093058,6,2676923,3076,-1,42224,-1,intermediate_or_same_crystal_interaction,0.44,2119,2119,2119,10414
A_only,NEMA,7,30093058,6,3177112,3652,-1,42800,-1,measured_pair_differs_from_primary,0.44,6100,1800,6100,299
A_only,NEMA,7,30093058,6,3254280,3730,-1,42878,-1,measured_pair_differs_from_primary,0.44,4898,4901,4898,1574
A_only,NEMA,7,30093058,6,3289535,3776,-1,42924,-1,first_not_crystal_compton,0.44,1634,0,5064,1836
A_only,NEMA,7,30093058,6,3308480,3798,-1,42946,-1,measured_pair_differs_from_primary,0.44,1581,1119,1581,1131
A_only,NEMA,7,30093058,6,3378217,3867,-1,43015,-1,intermediate_or_same_crystal_interaction,0.44,2202,2202,2202,1264
A_only,NEMA,7,30093058,6,3476453,3965,-1,43113,-1,first_not_crystal_compton,0.44,188,0,188,5808
A_only,NEMA,7,30093058,6,3589379,4107,-1,43255,-1,intermediate_or_same_crystal_interaction,0.44,6919,0,6919,2222
A_only,NEMA,7,30093058,6,3605032,4124,-1,43272,-1,measured_pair_differs_from_primary,0.44,2152,7311,2152,7181
A_only,NEMA,7,30093058,6,3790522,4331,-1,43479,-1,intermediate_or_same_crystal_interaction,0.44,386,0,386,963
A_only,NEMA,7,30093058,6,3835214,4379,-1,43527,-1,intermediate_or_same_crystal_interaction,0.44,1746,1746,1746,896
B_only,NEMA,7,30093058,6,4086221,-1,2946,-1,27439,accepted,0.44,8473,2109,0,0
B_only,NEMA,7,30093058,6,4233872,-1,3055,-1,27548,accepted,0.44,570,1407,0,0
A_only,NEMA,7,30093058,6,4732198,5406,-1,44554,-1,measured_pair_differs_from_primary,0.44,569,1398,569,3790
A_only,NEMA,7,30093058,6,4750475,5421,-1,44569,-1,intermediate_or_same_crystal_interaction,0.44,8616,8616,8616,406
A_only,NEMA,7,30093058,6,4969554,5653,-1,44801,-1,intermediate_or_same_crystal_interaction,0.44,1428,1428,1428,3566
A_only,NEMA,8,30093059,6,10564,8,-1,44847,-1,measured_pair_differs_from_primary,0.44,1029,6568,1029,6506
A_only,NEMA,8,30093059,6,234545,245,-1,45084,-1,intermediate_or_same_crystal_interaction,0.44,4064,4064,4064,603
B_only,NEMA,8,30093059,6,276349,-1,187,-1,28276,accepted,0.44,4842,1515,0,0
A_only,NEMA,8,30093059,6,287468,294,-1,45133,-1,first_not_crystal_compton,0.44,2043,0,2144,10223
A_only,NEMA,8,30093059,6,413960,437,-1,45276,-1,intermediate_or_same_crystal_interaction,0.44,9109,9109,9109,298
A_only,NEMA,8,30093059,6,539898,577,-1,45416,-1,measured_pair_differs_from_primary,0.44,207,4564,207,4565
A_only,NEMA,8,30093059,6,620805,674,-1,45513,-1,intermediate_or_same_crystal_interaction,0.44,4196,4196,4196,1618
A_only,NEMA,8,30093059,6,684951,736,-1,45575,-1,first_not_crystal_compton,0.44,0,0,1862,6253
B_only,NEMA,8,30093059,6,782045,-1,525,-1,28614,accepted,0.44,548,2519,0,0
A_only,NEMA,8,30093059,6,1084664,1151,-1,45990,-1,measured_pair_differs_from_primary,0.44,1733,3943,1733,3753
A_only,NEMA,8,30093059,6,1320412,1416,-1,46255,-1,measured_pair_differs_from_primary,0.44,390,970,390,3755
A_only,NEMA,8,30093059,6,1562279,1695,-1,46534,-1,first_not_crystal_compton,0.44,0,0,2062,9209
A_only,NEMA,8,30093059,6,1680494,1817,-1,46656,-1,intermediate_or_same_crystal_interaction,0.44,317,317,317,4929
A_only,NEMA,8,30093059,6,1776237,1924,-1,46763,-1,first_not_crystal_compton,0.44,0,0,1082,8681
A_only,NEMA,8,30093059,6,1809203,1966,-1,46805,-1,measured_pair_differs_from_primary,0.44,1616,5018,1616,5020
A_only,NEMA,8,30093059,6,2218579,2421,-1,47260,-1,measured_pair_differs_from_primary,0.44,1103,7773,1103,7709
A_only,NEMA,8,30093059,6,2370610,2609,-1,47448,-1,first_not_crystal_compton,0.44,0,0,7284,1824
A_only,NEMA,8,30093059,6,2396189,2641,-1,47480,-1,measured_pair_differs_from_primary,0.44,4760,1189,4760,1203
A_only,NEMA,8,30093059,6,2608778,2890,-1,47729,-1,measured_pair_differs_from_primary,0.44,3114,3113,3114,1541
A_only,NEMA,8,30093059,6,2678227,2980,-1,47819,-1,intermediate_or_same_crystal_interaction,0.44,1697,0,1697,5422
A_only,NEMA,8,30093059,6,2876588,3173,-1,48012,-1,intermediate_or_same_crystal_interaction,0.44,1469,0,1469,4771
A_only,NEMA,8,30093059,6,3097208,3430,-1,48269,-1,measured_pair_differs_from_primary,0.44,7523,7652,7523,1240
A_only,NEMA,8,30093059,6,3109458,3450,-1,48289,-1,intermediate_or_same_crystal_interaction,0.44,9186,9186,9186,2037
A_only,NEMA,8,30093059,6,3190093,3537,-1,48376,-1,first_not_crystal_compton,0.44,0,0,1513,740
A_only,NEMA,8,30093059,6,3858419,4288,-1,49127,-1,measured_pair_differs_from_primary,0.44,499,7749,499,7621
A_only,NEMA,8,30093059,6,4010303,4462,-1,49301,-1,measured_pair_differs_from_primary,0.44,1004,2044,1004,9684
A_only,NEMA,8,30093059,6,4023542,4480,-1,49319,-1,measured_pair_differs_from_primary,0.44,1057,1926,1057,6155
A_only,NEMA,8,30093059,6,4377151,4890,-1,49729,-1,measured_pair_differs_from_primary,0.44,1523,4197,1523,4135
A_only,NEMA,8,30093059,6,4495719,5003,-1,49842,-1,intermediate_or_same_crystal_interaction,0.44,3087,3087,3087,1308
A_only,NEMA,8,30093059,6,4751673,5272,-1,50111,-1,first_not_crystal_compton,0.44,853,0,5806,706
A_only,NEMA,8,30093059,6,4809149,5343,-1,50182,-1,measured_pair_differs_from_primary,0.44,4016,4079,4016,762
B_only,NEMA,8,30093059,6,4965250,-1,3441,-1,31530,accepted,0.44,786,1628,0,0
A_only,NEMA,9,30093060,6,123792,138,-1,50519,-1,measured_pair_differs_from_primary,0.44,6831,6895,6831,1040
A_only,NEMA,9,30093060,6,229735,256,-1,50637,-1,measured_pair_differs_from_primary,0.44,1123,7974,1123,7910
A_only,NEMA,9,30093060,6,265989,290,-1,50671,-1,measured_pair_differs_from_primary,0.44,7418,1786,7418,1769
A_only,NEMA,9,30093060,6,308883,335,-1,50716,-1,measured_pair_differs_from_primary,0.44,2549,2938,2549,1485
A_only,NEMA,9,30093060,6,610635,681,-1,51062,-1,measured_pair_differs_from_primary,0.44,1726,6357,1726,6420
A_only,NEMA,9,30093060,6,772482,851,-1,51232,-1,first_not_crystal_compton,0.44,0,0,7800,1905
A_only,NEMA,9,30093060,6,1302681,1427,-1,51808,-1,measured_pair_differs_from_primary,0.44,1352,3105,1352,3107
B_only,NEMA,9,30093060,6,1363756,-1,937,-1,32500,accepted,0.44,273,6232,0,0
A_only,NEMA,9,30093060,6,1695761,1867,-1,52248,-1,intermediate_or_same_crystal_interaction,0.44,200,200,200,4111
A_only,NEMA,9,30093060,6,1696473,1869,-1,52250,-1,intermediate_or_same_crystal_interaction,0.44,182,0,182,948
A_only,NEMA,9,30093060,6,1782115,1966,-1,52347,-1,measured_pair_differs_from_primary,0.44,1558,8050,1558,8115
A_only,NEMA,9,30093060,6,1864965,2052,-1,52433,-1,measured_pair_differs_from_primary,0.44,5093,5159,5093,1728
A_only,NEMA,9,30093060,6,1931278,2142,-1,52523,-1,measured_pair_differs_from_primary,0.44,1019,9385,1019,9386
A_only,NEMA,9,30093060,6,1964171,2172,-1,52553,-1,first_not_crystal_compton,0.44,0,0,697,6041
A_only,NEMA,9,30093060,6,2001843,2214,-1,52595,-1,intermediate_or_same_crystal_interaction,0.44,1495,1495,1495,2405
A_only,NEMA,9,30093060,6,2260710,2514,-1,52895,-1,first_energy_not_closed,0.44,1368,4003,1368,4195
A_only,NEMA,9,30093060,6,2280645,2538,-1,52919,-1,measured_pair_differs_from_primary,0.44,10492,10493,10492,2211
A_only,NEMA,9,30093060,6,2553351,2843,-1,53224,-1,first_not_crystal_compton,0.44,5085,0,5085,1510
A_only,NEMA,9,30093060,6,2924071,3242,-1,53623,-1,measured_pair_differs_from_primary,0.44,1752,4950,1752,4820
A_only,NEMA,9,30093060,6,2960678,3283,-1,53664,-1,first_not_crystal_compton,0.44,0,0,5974,2021
A_only,NEMA,9,30093060,6,2977787,3302,-1,53683,-1,intermediate_or_same_crystal_interaction,0.44,2030,0,2030,7844
A_only,NEMA,9,30093060,6,3264815,3632,-1,54013,-1,first_not_crystal_compton,0.44,626,0,626,6776
A_only,NEMA,9,30093060,6,3349751,3729,-1,54110,-1,measured_pair_differs_from_primary,0.44,1805,6236,1805,6171
A_only,NEMA,9,30093060,6,3406723,3787,-1,54168,-1,measured_pair_differs_from_primary,0.44,6998,7062,6998,2076
A_only,NEMA,9,30093060,6,3636195,4020,-1,54401,-1,measured_pair_differs_from_primary,0.44,1813,1795,1813,5013
A_only,NEMA,9,30093060,6,3856886,4272,-1,54653,-1,measured_pair_differs_from_primary,0.44,4446,4510,4446,2028
A_only,NEMA,9,30093060,6,4293540,4774,-1,55155,-1,measured_pair_differs_from_primary,0.44,192,8213,192,8719
A_only,NEMA,9,30093060,6,4408690,4900,-1,55281,-1,measured_pair_differs_from_primary,0.44,1490,3370,1490,3371
A_only,NEMA,9,30093060,6,4440444,4941,-1,55322,-1,intermediate_or_same_crystal_interaction,0.44,1419,1419,1419,747
A_only,NEMA,9,30093060,6,4492760,4993,-1,55374,-1,intermediate_or_same_crystal_interaction,0.44,565,565,565,4443
A_only,NEMA,9,30093060,6,4606749,5119,-1,55500,-1,intermediate_or_same_crystal_interaction,0.44,261,0,261,4634
A_only,NEMA,9,30093060,6,4706394,5215,-1,55596,-1,measured_pair_differs_from_primary,0.44,3593,3655,3593,1505
A_only,NEMA,9,30093060,6,4736559,5251,-1,55632,-1,first_not_crystal_compton,0.44,7143,0,7143,2198
A_only,NEMA,9,30093060,6,4986843,5545,-1,55926,-1,first_not_crystal_compton,0.44,1438,0,3376,554
A_only,NEMA,0,30093061,7,176613,226,-1,226,-1,first_energy_not_closed,0.44,1959,6492,1959,6492
A_only,NEMA,0,30093061,7,422099,490,-1,490,-1,intermediate_or_same_crystal_interaction,0.44,7776,0,7776,1914
A_only,NEMA,0,30093061,7,555796,640,-1,640,-1,first_not_crystal_compton,0.44,0,0,1497,3421
A_only,NEMA,0,30093061,7,587986,690,-1,690,-1,intermediate_or_same_crystal_interaction,0.44,6274,6274,6274,959
A_only,NEMA,0,30093061,7,657440,771,-1,771,-1,measured_pair_differs_from_primary,0.44,5864,1825,5864,377
A_only,NEMA,0,30093061,7,664632,782,-1,782,-1,first_not_crystal_compton,0.44,5476,0,2005,6502
A_only,NEMA,0,30093061,7,698391,830,-1,830,-1,intermediate_or_same_crystal_interaction,0.44,3129,3129,3129,546
A_only,NEMA,0,30093061,7,1099028,1283,-1,1283,-1,first_not_crystal_compton,0.44,0,0,1885,876
A_only,NEMA,0,30093061,7,1186032,1369,-1,1369,-1,measured_pair_differs_from_primary,0.44,5565,5563,5565,1619
A_only,NEMA,0,30093061,7,1250695,1448,-1,1448,-1,intermediate_or_same_crystal_interaction,0.44,1297,1297,1297,8381
A_only,NEMA,0,30093061,7,1442610,1679,-1,1679,-1,intermediate_or_same_crystal_interaction,0.44,1600,1600,1600,7277
A_only,NEMA,0,30093061,7,1461455,1707,-1,1707,-1,first_not_crystal_compton,0.44,0,0,8485,699
A_only,NEMA,0,30093061,7,1522694,1775,-1,1775,-1,measured_pair_differs_from_primary,0.44,7300,1104,7300,436
A_only,NEMA,0,30093061,7,1548358,1807,-1,1807,-1,first_not_crystal_compton,0.44,336,0,7299,976
A_only,NEMA,0,30093061,7,1608722,1873,-1,1873,-1,measured_pair_differs_from_primary,0.44,8764,8699,8764,1066
A_only,NEMA,0,30093061,7,1616947,1886,-1,1886,-1,measured_pair_differs_from_primary,0.44,1245,1234,1245,5238
A_only,NEMA,0,30093061,7,1679074,1969,-1,1969,-1,first_not_crystal_compton,0.44,1416,0,1416,4383
A_only,NEMA,0,30093061,7,1711655,2014,-1,2014,-1,measured_pair_differs_from_primary,0.44,2272,7091,2272,7027
A_only,NEMA,0,30093061,7,1761587,2067,-1,2067,-1,measured_pair_differs_from_primary,0.44,2278,10299,2278,10300
A_only,NEMA,0,30093061,7,1788095,2106,-1,2106,-1,measured_pair_differs_from_primary,0.44,1914,6929,1914,6862
A_only,NEMA,0,30093061,7,1804239,2129,-1,2129,-1,intermediate_or_same_crystal_interaction,0.44,4894,4894,4894,1594
A_only,NEMA,0,30093061,7,2147946,2531,-1,2531,-1,first_not_crystal_compton,0.44,265,0,265,3839
A_only,NEMA,0,30093061,7,2197412,2598,-1,2598,-1,intermediate_or_same_crystal_interaction,0.44,6011,6011,6011,1049
A_only,NEMA,0,30093061,7,2258881,2665,-1,2665,-1,first_energy_not_closed,0.44,1880,7151,1880,7151
A_only,NEMA,0,30093061,7,2277629,2690,-1,2690,-1,measured_pair_differs_from_primary,0.44,995,1975,995,8174
A_only,NEMA,0,30093061,7,2545987,2964,-1,2964,-1,intermediate_or_same_crystal_interaction,0.44,7183,7183,7183,1566
A_only,NEMA,0,30093061,7,2556670,2978,-1,2978,-1,measured_pair_differs_from_primary,0.44,10222,10158,10222,1739
A_only,NEMA,0,30093061,7,3903701,4467,-1,4467,-1,first_not_crystal_compton,0.44,0,0,718,2322
A_only,NEMA,0,30093061,7,3918121,4477,-1,4477,-1,first_not_crystal_compton,0.44,268,0,1865,6545
A_only,NEMA,0,30093061,7,4003110,4570,-1,4570,-1,intermediate_or_same_crystal_interaction,0.44,1678,1678,1678,6308
A_only,NEMA,0,30093061,7,4108246,4695,-1,4695,-1,measured_pair_differs_from_primary,0.44,7079,7142,7079,1943
B_only,NEMA,0,30093061,7,4414259,-1,3157,-1,3157,accepted,0.44,5345,1653,0,0
A_only,NEMA,0,30093061,7,4466921,5095,-1,5095,-1,measured_pair_differs_from_primary,0.44,4319,1638,4319,1708
B_only,NEMA,0,30093061,7,4576380,-1,3279,-1,3279,accepted,0.44,1598,2727,0,0
A_only,NEMA,0,30093061,7,4633586,5311,-1,5311,-1,first_energy_not_closed,0.44,304,1714,304,1714
A_only,NEMA,0,30093061,7,4764394,5470,-1,5470,-1,intermediate_or_same_crystal_interaction,0.44,429,0,429,1968
A_only,NEMA,0,30093061,7,4782337,5489,-1,5489,-1,measured_pair_differs_from_primary,0.44,5033,1559,5033,1558
A_only,NEMA,0,30093061,7,4820256,5537,-1,5537,-1,first_energy_not_closed,0.44,5282,1769,5282,333
A_only,NEMA,0,30093061,7,4909905,5641,-1,5641,-1,first_not_crystal_compton,0.44,0,0,5856,1895
A_only,NEMA,1,30093062,7,521404,573,-1,6314,-1,measured_pair_differs_from_primary,0.44,5715,1684,5715,1683
A_only,NEMA,1,30093062,7,583469,645,-1,6386,-1,first_not_crystal_compton,0.44,301,0,6250,63
A_only,NEMA,1,30093062,7,718829,798,-1,6539,-1,intermediate_or_same_crystal_interaction,0.44,843,843,843,238
A_only,NEMA,1,30093062,7,748466,830,-1,6571,-1,first_not_crystal_compton,0.44,0,0,1089,9204
A_only,NEMA,1,30093062,7,966075,1078,-1,6819,-1,measured_pair_differs_from_primary,0.44,966,967,966,1844
A_only,NEMA,1,30093062,7,1364990,1528,-1,7269,-1,first_not_crystal_compton,0.44,5775,0,5775,641
A_only,NEMA,1,30093062,7,1735376,1975,-1,7716,-1,measured_pair_differs_from_primary,0.44,8605,8541,8605,376
A_only,NEMA,1,30093062,7,1907552,2158,-1,7899,-1,intermediate_or_same_crystal_interaction,0.44,218,218,218,8600
A_only,NEMA,1,30093062,7,1927046,2184,-1,7925,-1,first_not_crystal_compton,0.44,116,0,116,713
A_only,NEMA,1,30093062,7,1982362,2250,-1,7991,-1,measured_pair_differs_from_primary,0.44,1000,5929,1000,6055
A_only,NEMA,1,30093062,7,2032745,2303,-1,8044,-1,measured_pair_differs_from_primary,0.44,2235,9360,2235,9359
A_only,NEMA,1,30093062,7,2174719,2467,-1,8208,-1,intermediate_or_same_crystal_interaction,0.44,7489,7489,7489,1843
A_only,NEMA,1,30093062,7,2190723,2482,-1,8223,-1,intermediate_or_same_crystal_interaction,0.44,966,0,966,7454
A_only,NEMA,1,30093062,7,2485471,2837,-1,8578,-1,first_not_crystal_compton,0.44,1831,0,1831,5373
A_only,NEMA,1,30093062,7,2536051,2889,-1,8630,-1,intermediate_or_same_crystal_interaction,0.44,968,0,968,2047
A_only,NEMA,1,30093062,7,2577016,2938,-1,8679,-1,measured_pair_differs_from_primary,0.44,892,9903,892,10097
A_only,NEMA,1,30093062,7,2589459,2953,-1,8694,-1,measured_pair_differs_from_primary,0.44,717,3962,717,3899
A_only,NEMA,1,30093062,7,2798847,3190,-1,8931,-1,intermediate_or_same_crystal_interaction,0.44,1990,0,1990,5666
A_only,NEMA,1,30093062,7,2945146,3350,-1,9091,-1,first_not_crystal_compton,0.44,0,0,9090,2051
A_only,NEMA,1,30093062,7,2953724,3357,-1,9098,-1,measured_pair_differs_from_primary,0.44,1774,5160,1774,5095
A_only,NEMA,1,30093062,7,2980417,3383,-1,9124,-1,measured_pair_differs_from_primary,0.44,714,1663,714,6196
A_only,NEMA,1,30093062,7,3091299,3512,-1,9253,-1,measured_pair_differs_from_primary,0.44,1587,3855,1587,3789
A_only,NEMA,1,30093062,7,3298511,3736,-1,9477,-1,measured_pair_differs_from_primary,0.44,1125,8892,1125,8893
A_only,NEMA,1,30093062,7,3326104,3765,-1,9506,-1,first_not_crystal_compton,0.44,0,0,1663,78
A_only,NEMA,1,30093062,7,3352657,3795,-1,9536,-1,intermediate_or_same_crystal_interaction,0.44,4212,4212,4212,1518
A_only,NEMA,1,30093062,7,3420030,3872,-1,9613,-1,intermediate_or_same_crystal_interaction,0.44,1951,1951,1951,935
A_only,NEMA,1,30093062,7,3697374,4171,-1,9912,-1,measured_pair_differs_from_primary,0.44,2904,2905,2904,1889
A_only,NEMA,1,30093062,7,3832164,4315,-1,10056,-1,first_not_crystal_compton,0.44,0,0,1564,1193
A_only,NEMA,1,30093062,7,3858120,4343,-1,10084,-1,measured_pair_differs_from_primary,0.44,4319,4384,4319,1743
B_only,NEMA,1,30093062,7,3998955,-1,2813,-1,6422,accepted,0.44,351,1039,0,0
A_only,NEMA,1,30093062,7,4418335,4954,-1,10695,-1,measured_pair_differs_from_primary,0.44,1332,5291,1332,5417
A_only,NEMA,1,30093062,7,4630728,5181,-1,10922,-1,first_not_crystal_compton,0.44,2022,0,8535,959
A_only,NEMA,1,30093062,7,4665576,5219,-1,10960,-1,intermediate_or_same_crystal_interaction,0.44,1151,1151,1151,1902
A_only,NEMA,1,30093062,7,4799777,5374,-1,11115,-1,intermediate_or_same_crystal_interaction,0.44,218,218,218,696
A_only,NEMA,1,30093062,7,4845997,5415,-1,11156,-1,first_not_crystal_compton,0.44,160,0,5269,170
A_only,NEMA,1,30093062,7,4878771,5457,-1,11198,-1,measured_pair_differs_from_primary,0.44,9192,8806,9192,1444
A_only,NEMA,1,30093062,7,4984090,5587,-1,11328,-1,first_not_crystal_compton,0.44,973,0,973,6997
A_only,NEMA,2,30093063,7,193498,220,-1,11567,-1,intermediate_or_same_crystal_interaction,0.44,2271,2271,2271,9209
A_only,NEMA,2,30093063,7,283889,337,-1,11684,-1,intermediate_or_same_crystal_interaction,0.44,1499,1499,1499,872
B_only,NEMA,2,30093063,7,564676,-1,398,-1,7522,accepted,0.44,954,7214,0,0
A_only,NEMA,2,30093063,7,651669,750,-1,12097,-1,measured_pair_differs_from_primary,0.44,2283,9242,2283,9241
A_only,NEMA,2,30093063,7,724981,843,-1,12190,-1,measured_pair_differs_from_primary,0.44,1009,5087,1009,5024
A_only,NEMA,2,30093063,7,855785,997,-1,12344,-1,intermediate_or_same_crystal_interaction,0.44,6737,6737,6737,75
A_only,NEMA,2,30093063,7,858933,1003,-1,12350,-1,measured_pair_differs_from_primary,0.44,700,6369,700,6496
A_only,NEMA,2,30093063,7,886777,1030,-1,12377,-1,intermediate_or_same_crystal_interaction,0.44,1150,0,1150,7753
B_only,NEMA,2,30093063,7,919645,-1,640,-1,7764,accepted,0.44,941,10078,0,0
B_only,NEMA,2,30093063,7,1235039,-1,865,-1,7989,accepted,0.44,1244,8514,0,0
A_only,NEMA,2,30093063,7,1274891,1467,-1,12814,-1,intermediate_or_same_crystal_interaction,0.44,679,679,679,3053
A_only,NEMA,2,30093063,7,1375701,1585,-1,12932,-1,first_not_crystal_compton,0.44,3484,0,3484,1343
A_only,NEMA,2,30093063,7,1429482,1648,-1,12995,-1,measured_pair_differs_from_primary,0.44,8486,8424,8486,2030
A_only,NEMA,2,30093063,7,1615513,1854,-1,13201,-1,measured_pair_differs_from_primary,0.44,9260,2095,9260,1069
A_only,NEMA,2,30093063,7,1709519,1941,-1,13288,-1,measured_pair_differs_from_primary,0.44,2022,7996,2022,7998
A_only,NEMA,2,30093063,7,1730518,1967,-1,13314,-1,intermediate_or_same_crystal_interaction,0.44,2239,2239,2239,1218
A_only,NEMA,2,30093063,7,1832629,2090,-1,13437,-1,first_not_crystal_compton,0.44,5868,0,5868,1760
A_only,NEMA,2,30093063,7,1862195,2123,-1,13470,-1,measured_pair_differs_from_primary,0.44,5590,1734,5590,881
A_only,NEMA,2,30093063,7,2126413,2436,-1,13783,-1,measured_pair_differs_from_primary,0.44,1744,4790,1744,4726
A_only,NEMA,2,30093063,7,2133088,2446,-1,13793,-1,intermediate_or_same_crystal_interaction,0.44,750,750,750,162
A_only,NEMA,2,30093063,7,2143419,2458,-1,13805,-1,measured_pair_differs_from_primary,0.44,1146,2053,1146,7634
A_only,NEMA,2,30093063,7,2169653,2493,-1,13840,-1,intermediate_or_same_crystal_interaction,0.44,1191,0,1191,225
A_only,NEMA,2,30093063,7,2227486,2554,-1,13901,-1,measured_pair_differs_from_primary,0.44,8333,1849,8333,1833
B_only,NEMA,2,30093063,7,2338948,-1,1669,-1,8793,accepted,0.44,1759,9084,0,0
A_only,NEMA,2,30093063,7,2447638,2821,-1,14168,-1,first_not_crystal_compton,0.44,0,0,7857,1969
B_only,NEMA,2,30093063,7,2475182,-1,1760,-1,8884,accepted,0.44,295,8356,0,0
A_only,NEMA,2,30093063,7,2610669,2983,-1,14330,-1,first_not_crystal_compton,0.44,1989,0,7956,2074
A_only,NEMA,2,30093063,7,2614055,2987,-1,14334,-1,first_not_crystal_compton,0.44,7388,0,7388,939
A_only,NEMA,2,30093063,7,2914823,3310,-1,14657,-1,measured_pair_differs_from_primary,0.44,2480,2479,2480,1304
A_only,NEMA,2,30093063,7,3029908,3466,-1,14813,-1,first_not_crystal_compton,0.44,953,0,953,156
A_only,NEMA,2,30093063,7,3534741,4033,-1,15380,-1,measured_pair_differs_from_primary,0.44,2984,3046,2984,1564
A_only,NEMA,2,30093063,7,3577442,4081,-1,15428,-1,measured_pair_differs_from_primary,0.44,1909,8339,1909,8340
A_only,NEMA,2,30093063,7,3650865,4158,-1,15505,-1,measured_pair_differs_from_primary,0.44,2128,8326,2128,8136
A_only,NEMA,2,30093063,7,3747192,4252,-1,15599,-1,intermediate_or_same_crystal_interaction,0.44,506,0,506,1191
A_only,NEMA,2,30093063,7,3855002,4384,-1,15731,-1,measured_pair_differs_from_primary,0.44,1638,2777,1638,2584
A_only,NEMA,2,30093063,7,3865870,4391,-1,15738,-1,intermediate_or_same_crystal_interaction,0.44,1942,1942,1942,7303
A_only,NEMA,2,30093063,7,4064681,4624,-1,15971,-1,intermediate_or_same_crystal_interaction,0.44,1852,1852,1852,7076
A_only,NEMA,2,30093063,7,4388361,5010,-1,16357,-1,intermediate_or_same_crystal_interaction,0.44,1477,0,1477,2606
A_only,NEMA,2,30093063,7,4572352,5198,-1,16545,-1,measured_pair_differs_from_primary,0.44,7663,7727,7663,1236
A_only,NEMA,2,30093063,7,4614481,5245,-1,16592,-1,first_not_crystal_compton,0.44,0,0,1283,3109
A_only,NEMA,2,30093063,7,4643894,5281,-1,16628,-1,intermediate_or_same_crystal_interaction,0.44,141,0,141,1261
A_only,NEMA,2,30093063,7,4818275,5459,-1,16806,-1,intermediate_or_same_crystal_interaction,0.44,1804,0,1804,5729
A_only,NEMA,2,30093063,7,4952481,5636,-1,16983,-1,intermediate_or_same_crystal_interaction,0.44,1487,1487,1487,3973
A_only,NEMA,3,30093064,7,7231,8,-1,17043,-1,intermediate_or_same_crystal_interaction,0.44,1461,1461,1461,823
A_only,NEMA,3,30093064,7,170227,188,-1,17223,-1,first_not_crystal_compton,0.44,0,0,581,1340
A_only,NEMA,3,30093064,7,192450,220,-1,17255,-1,measured_pair_differs_from_primary,0.44,791,1975,791,1993
A_only,NEMA,3,30093064,7,339123,383,-1,17418,-1,first_not_crystal_compton,0.44,1013,0,1966,7717
A_only,NEMA,3,30093064,7,353302,400,-1,17435,-1,first_not_crystal_compton,0.44,174,0,174,5679
A_only,NEMA,3,30093064,7,422750,464,-1,17499,-1,intermediate_or_same_crystal_interaction,0.44,1561,1561,1561,5122
A_only,NEMA,3,30093064,7,576321,657,-1,17692,-1,intermediate_or_same_crystal_interaction,0.44,1170,0,1170,2203
A_only,NEMA,3,30093064,7,617968,698,-1,17733,-1,measured_pair_differs_from_primary,0.44,6682,6936,6682,2197
A_only,NEMA,3,30093064,7,852676,990,-1,18025,-1,first_not_crystal_compton,0.44,1548,0,1548,4598
A_only,NEMA,3,30093064,7,1026376,1174,-1,18209,-1,intermediate_or_same_crystal_interaction,0.44,1035,0,1035,5475
A_only,NEMA,3,30093064,7,1150926,1321,-1,18356,-1,first_not_crystal_compton,0.44,0,0,612,6448
A_only,NEMA,3,30093064,7,1187234,1364,-1,18399,-1,intermediate_or_same_crystal_interaction,0.44,2181,2181,2181,8208
A_only,NEMA,3,30093064,7,1350809,1548,-1,18583,-1,intermediate_or_same_crystal_interaction,0.44,6680,6680,6680,302
A_only,NEMA,3,30093064,7,1477764,1681,-1,18716,-1,first_energy_not_closed,0.44,1738,869,1738,869
A_only,NEMA,3,30093064,7,1519031,1728,-1,18763,-1,intermediate_or_same_crystal_interaction,0.44,4516,4516,4516,1736
A_only,NEMA,3,30093064,7,1558251,1761,-1,18796,-1,measured_pair_differs_from_primary,0.44,2071,7385,2071,7260
A_only,NEMA,3,30093064,7,1691433,1920,-1,18955,-1,first_not_crystal_compton,0.44,2149,0,2149,7483
A_only,NEMA,3,30093064,7,1818793,2071,-1,19106,-1,first_not_crystal_compton,0.44,0,0,4085,273
A_only,NEMA,3,30093064,7,1858006,2133,-1,19168,-1,measured_pair_differs_from_primary,0.44,987,1783,987,5660
A_only,NEMA,3,30093064,7,2034141,2333,-1,19368,-1,first_not_crystal_compton,0.44,1035,0,1960,6794
A_only,NEMA,3,30093064,7,2074751,2382,-1,19417,-1,measured_pair_differs_from_primary,0.44,1790,3897,1790,3387
A_only,NEMA,3,30093064,7,2187924,2523,-1,19558,-1,intermediate_or_same_crystal_interaction,0.44,2038,2038,2038,6207
A_only,NEMA,3,30093064,7,2213486,2548,-1,19583,-1,first_not_crystal_compton,0.44,1536,0,1536,4218
A_only,NEMA,3,30093064,7,2526778,2908,-1,19943,-1,intermediate_or_same_crystal_interaction,0.44,7854,7854,7854,1255
A_only,NEMA,3,30093064,7,2570712,2953,-1,19988,-1,intermediate_or_same_crystal_interaction,0.44,950,0,950,2061
A_only,NEMA,3,30093064,7,2693856,3110,-1,20145,-1,measured_pair_differs_from_primary,0.44,5779,5780,5779,1659
A_only,NEMA,3,30093064,7,2834672,3255,-1,20290,-1,first_not_crystal_compton,0.44,6227,0,6227,1781
A_only,NEMA,3,30093064,7,2961289,3398,-1,20433,-1,first_not_crystal_compton,0.44,0,0,1510,4438
A_only,NEMA,3,30093064,7,3250569,3729,-1,20764,-1,first_not_crystal_compton,0.44,0,0,1595,4705
A_only,NEMA,3,30093064,7,3394199,3900,-1,20935,-1,measured_pair_differs_from_primary,0.44,1989,9912,1989,10111
A_only,NEMA,3,30093064,7,3402937,3911,-1,20946,-1,intermediate_or_same_crystal_interaction,0.44,3287,3287,3287,74
A_only,NEMA,3,30093064,7,3581909,4111,-1,21146,-1,measured_pair_differs_from_primary,0.44,2008,9909,2008,10104
A_only,NEMA,3,30093064,7,3770177,4324,-1,21359,-1,intermediate_or_same_crystal_interaction,0.44,1597,1597,1597,5486
A_only,NEMA,3,30093064,7,4133044,4726,-1,21761,-1,first_not_crystal_compton,0.44,891,0,891,2004
A_only,NEMA,3,30093064,7,4154721,4751,-1,21786,-1,measured_pair_differs_from_primary,0.44,5645,5581,5645,1505
A_only,NEMA,3,30093064,7,4175258,4770,-1,21805,-1,intermediate_or_same_crystal_interaction,0.44,2088,0,2088,9536
A_only,NEMA,3,30093064,7,4226640,4841,-1,21876,-1,return_to_first_crystal,0.44,985,1879,985,1879
A_only,NEMA,3,30093064,7,4236101,4855,-1,21890,-1,intermediate_or_same_crystal_interaction,0.44,152,0,152,3767
A_only,NEMA,3,30093064,7,4254262,4872,-1,21907,-1,measured_pair_differs_from_primary,0.44,6563,1726,6563,772
A_only,NEMA,3,30093064,7,4310384,4928,-1,21963,-1,first_not_crystal_compton,0.44,0,0,9838,2044
A_only,NEMA,3,30093064,7,4476995,5117,-1,22152,-1,intermediate_or_same_crystal_interaction,0.44,2878,2878,2878,1394
A_only,NEMA,3,30093064,7,4761126,5449,-1,22484,-1,measured_pair_differs_from_primary,0.44,3388,1362,3388,109
A_only,NEMA,3,30093064,7,4808754,5509,-1,22544,-1,measured_pair_differs_from_primary,0.44,7694,1824,7694,831
A_only,NEMA,3,30093064,7,4877448,5588,-1,22623,-1,first_energy_not_closed,0.44,1602,695,1602,695
A_only,NEMA,4,30093065,7,7249,9,-1,22782,-1,intermediate_or_same_crystal_interaction,0.44,1525,1525,1525,3353
A_only,NEMA,4,30093065,7,419868,500,-1,23273,-1,first_energy_not_closed,0.44,1657,825,1657,825
A_only,NEMA,4,30093065,7,436170,519,-1,23292,-1,intermediate_or_same_crystal_interaction,0.44,823,823,823,77
A_only,NEMA,4,30093065,7,449974,538,-1,23311,-1,measured_pair_differs_from_primary,0.44,4765,4959,4765,944
A_only,NEMA,4,30093065,7,574791,650,-1,23423,-1,intermediate_or_same_crystal_interaction,0.44,1889,1889,1889,1267
A_only,NEMA,4,30093065,7,620325,707,-1,23480,-1,first_not_crystal_compton,0.44,0,0,5429,919
A_only,NEMA,4,30093065,7,1042669,1132,-1,23905,-1,intermediate_or_same_crystal_interaction,0.44,1910,0,1910,253
A_only,NEMA,4,30093065,7,1484719,1658,-1,24431,-1,first_not_crystal_compton,0.44,9355,0,2149,8592
A_only,NEMA,4,30093065,7,1513131,1693,-1,24466,-1,first_energy_not_closed,0.44,703,190,703,190
A_only,NEMA,4,30093065,7,1588772,1774,-1,24547,-1,measured_pair_differs_from_primary,0.44,963,6582,963,6520
A_only,NEMA,4,30093065,7,1673489,1881,-1,24654,-1,intermediate_or_same_crystal_interaction,0.44,6826,6826,6826,1912
A_only,NEMA,4,30093065,7,1717025,1936,-1,24709,-1,measured_pair_differs_from_primary,0.44,1055,4695,1055,4631
A_only,NEMA,4,30093065,7,1792838,2016,-1,24789,-1,measured_pair_differs_from_primary,0.44,1586,5790,1586,5853
A_only,NEMA,4,30093065,7,2015623,2285,-1,25058,-1,intermediate_or_same_crystal_interaction,0.44,414,0,414,942
A_only,NEMA,4,30093065,7,2082700,2373,-1,25146,-1,measured_pair_differs_from_primary,0.44,1130,1725,1130,1712
A_only,NEMA,4,30093065,7,2301633,2650,-1,25423,-1,intermediate_or_same_crystal_interaction,0.44,3692,3692,3692,748
A_only,NEMA,4,30093065,7,2506266,2904,-1,25677,-1,intermediate_or_same_crystal_interaction,0.44,1379,1379,1379,3512
A_only,NEMA,4,30093065,7,2543660,2944,-1,25717,-1,intermediate_or_same_crystal_interaction,0.44,47,47,47,542
A_only,NEMA,4,30093065,7,2583107,2998,-1,25771,-1,measured_pair_differs_from_primary,0.44,820,4344,820,4282
A_only,NEMA,4,30093065,7,2612381,3040,-1,25813,-1,intermediate_or_same_crystal_interaction,0.44,1874,1874,1874,5053
A_only,NEMA,4,30093065,7,2629175,3056,-1,25829,-1,intermediate_or_same_crystal_interaction,0.44,1202,1202,1202,8334
A_only,NEMA,4,30093065,7,2767977,3224,-1,25997,-1,measured_pair_differs_from_primary,0.44,5584,5648,5584,1816
A_only,NEMA,4,30093065,7,2812063,3273,-1,26046,-1,intermediate_or_same_crystal_interaction,0.44,1986,1986,1986,5534
A_only,NEMA,4,30093065,7,2986846,3475,-1,26248,-1,first_not_crystal_compton,0.44,0,0,881,5280
A_only,NEMA,4,30093065,7,3094684,3588,-1,26361,-1,first_not_crystal_compton,0.44,0,0,990,7081
A_only,NEMA,4,30093065,7,3369494,3882,-1,26655,-1,first_not_crystal_compton,0.44,1101,0,8833,1079
A_only,NEMA,4,30093065,7,3469396,4012,-1,26785,-1,intermediate_or_same_crystal_interaction,0.44,877,0,877,1937
A_only,NEMA,4,30093065,7,3540813,4095,-1,26868,-1,measured_pair_differs_from_primary,0.44,1618,4295,1618,4231
A_only,NEMA,4,30093065,7,3649548,4209,-1,26982,-1,measured_pair_differs_from_primary,0.44,1347,2679,1347,2678
A_only,NEMA,4,30093065,7,3693151,4251,-1,27024,-1,intermediate_or_same_crystal_interaction,0.44,160,0,160,582
A_only,NEMA,4,30093065,7,3791201,4359,-1,27132,-1,measured_pair_differs_from_primary,0.44,1334,3879,1334,3941
A_only,NEMA,4,30093065,7,4006090,4600,-1,27373,-1,measured_pair_differs_from_primary,0.44,1773,2934,1773,2870
A_only,NEMA,4,30093065,7,4178072,4795,-1,27568,-1,first_not_crystal_compton,0.44,0,0,4878,192
A_only,NEMA,4,30093065,7,4296604,4935,-1,27708,-1,intermediate_or_same_crystal_interaction,0.44,630,630,630,1366
A_only,NEMA,4,30093065,7,4307892,4951,-1,27724,-1,measured_pair_differs_from_primary,0.44,4238,1459,4238,65
A_only,NEMA,4,30093065,7,4375493,5032,-1,27805,-1,intermediate_or_same_crystal_interaction,0.44,1105,0,1105,8577
A_only,NEMA,4,30093065,7,4391074,5059,-1,27832,-1,first_energy_not_closed,0.44,2168,8071,2168,8071
A_only,NEMA,4,30093065,7,4416466,5085,-1,27858,-1,intermediate_or_same_crystal_interaction,0.44,1157,1157,1157,2139
A_only,NEMA,4,30093065,7,4567306,5239,-1,28012,-1,measured_pair_differs_from_primary,0.44,724,1755,724,7257
A_only,NEMA,4,30093065,7,4635953,5310,-1,28083,-1,first_not_crystal_compton,0.44,0,0,3251,665
A_only,NEMA,4,30093065,7,4789355,5491,-1,28264,-1,measured_pair_differs_from_primary,0.44,1922,9094,1922,9157
A_only,NEMA,4,30093065,7,4941589,5658,-1,28431,-1,intermediate_or_same_crystal_interaction,0.44,804,0,804,8919
A_only,NEMA,4,30093065,7,4943813,5664,-1,28437,-1,measured_pair_differs_from_primary,0.44,6690,6625,6690,579
A_only,NEMA,5,30093066,7,15403,12,-1,28522,-1,first_not_crystal_compton,0.44,0,0,1902,6312
A_only,NEMA,5,30093066,7,280141,300,-1,28810,-1,measured_pair_differs_from_primary,0.44,1773,933,1773,931
A_only,NEMA,5,30093066,7,306141,334,-1,28844,-1,intermediate_or_same_crystal_interaction,0.44,89,89,89,595
A_only,NEMA,5,30093066,7,311293,338,-1,28848,-1,measured_pair_differs_from_primary,0.44,2077,7276,2077,6834
A_only,NEMA,5,30093066,7,725175,811,-1,29321,-1,intermediate_or_same_crystal_interaction,0.44,6906,6906,6906,2013
A_only,NEMA,5,30093066,7,1292812,1451,-1,29961,-1,measured_pair_differs_from_primary,0.44,7824,7888,7824,2121
A_only,NEMA,5,30093066,7,1815647,2043,-1,30553,-1,measured_pair_differs_from_primary,0.44,9574,9575,9574,2207
A_only,NEMA,5,30093066,7,1818066,2044,-1,30554,-1,intermediate_or_same_crystal_interaction,0.44,338,0,338,8651
A_only,NEMA,5,30093066,7,1902287,2135,-1,30645,-1,measured_pair_differs_from_primary,0.44,4681,1619,4681,788
A_only,NEMA,5,30093066,7,2067210,2310,-1,30820,-1,measured_pair_differs_from_primary,0.44,3179,3241,3179,695
A_only,NEMA,5,30093066,7,2340213,2609,-1,31119,-1,measured_pair_differs_from_primary,0.44,10278,10214,10278,434
A_only,NEMA,5,30093066,7,2531714,2821,-1,31331,-1,intermediate_or_same_crystal_interaction,0.44,903,903,903,1843
A_only,NEMA,5,30093066,7,2777347,3123,-1,31633,-1,intermediate_or_same_crystal_interaction,0.44,9424,9424,9424,2128
A_only,NEMA,5,30093066,7,2778633,3124,-1,31634,-1,intermediate_or_same_crystal_interaction,0.44,9008,9008,9008,2239
A_only,NEMA,5,30093066,7,2790299,3137,-1,31647,-1,measured_pair_differs_from_primary,0.44,4967,1637,4967,1636
A_only,NEMA,5,30093066,7,2861222,3211,-1,31721,-1,first_not_crystal_compton,0.44,0,0,1011,355
A_only,NEMA,5,30093066,7,2937526,3289,-1,31799,-1,first_energy_not_closed,0.44,9417,1994,9417,1994
A_only,NEMA,5,30093066,7,3013237,3393,-1,31903,-1,measured_pair_differs_from_primary,0.44,1827,5844,1827,5778
A_only,NEMA,5,30093066,7,3423548,3857,-1,32367,-1,intermediate_or_same_crystal_interaction,0.44,8616,8616,8616,2062
A_only,NEMA,5,30093066,7,3461281,3903,-1,32413,-1,intermediate_or_same_crystal_interaction,0.44,6890,6890,6890,1874
A_only,NEMA,5,30093066,7,3859014,4385,-1,32895,-1,measured_pair_differs_from_primary,0.44,8729,8730,8729,1919
A_only,NEMA,5,30093066,7,3986170,4530,-1,33040,-1,intermediate_or_same_crystal_interaction,0.44,10446,10446,10446,2276
A_only,NEMA,5,30093066,7,4070595,4609,-1,33119,-1,measured_pair_differs_from_primary,0.44,270,4699,270,4634
A_only,NEMA,5,30093066,7,4085514,4631,-1,33141,-1,measured_pair_differs_from_primary,0.44,1776,2824,1776,2760
A_only,NEMA,5,30093066,7,4203782,4750,-1,33260,-1,measured_pair_differs_from_primary,0.44,5461,5460,5461,1648
A_only,NEMA,5,30093066,7,4337610,4913,-1,33423,-1,measured_pair_differs_from_primary,0.44,2155,8915,2155,8914
A_only,NEMA,5,30093066,7,4380100,4954,-1,33464,-1,first_not_crystal_compton,0.44,351,0,7738,2255
A_only,NEMA,5,30093066,7,4664907,5301,-1,33811,-1,measured_pair_differs_from_primary,0.44,2541,2735,2541,772
B_only,NEMA,5,30093066,7,4772474,-1,3350,-1,21186,accepted,0.44,6050,1715,0,0
A_only,NEMA,5,30093066,7,4853166,5509,-1,34019,-1,measured_pair_differs_from_primary,0.44,1711,7630,1711,7757
A_only,NEMA,5,30093066,7,4854608,5513,-1,34023,-1,intermediate_or_same_crystal_interaction,0.44,1091,0,1091,10075
A_only,NEMA,5,30093066,7,4877629,5534,-1,34044,-1,measured_pair_differs_from_primary,0.44,1786,4186,1786,4057
A_only,NEMA,5,30093066,7,4925343,5590,-1,34100,-1,first_not_crystal_compton,0.44,3142,0,3078,952
A_only,NEMA,6,30093067,7,150609,168,-1,34344,-1,first_energy_not_closed,0.44,1928,9157,1928,9157
A_only,NEMA,6,30093067,7,313879,358,-1,34534,-1,measured_pair_differs_from_primary,0.44,7643,2026,7643,1228
A_only,NEMA,6,30093067,7,532184,641,-1,34817,-1,measured_pair_differs_from_primary,0.44,1694,6126,1694,6190
A_only,NEMA,6,30093067,7,776790,916,-1,35092,-1,intermediate_or_same_crystal_interaction,0.44,545,545,545,45
A_only,NEMA,6,30093067,7,846428,1009,-1,35185,-1,intermediate_or_same_crystal_interaction,0.44,7327,7327,7327,1885
A_only,NEMA,6,30093067,7,996197,1186,-1,35362,-1,first_energy_not_closed,0.44,885,1818,885,1818
A_only,NEMA,6,30093067,7,1030759,1232,-1,35408,-1,intermediate_or_same_crystal_interaction,0.44,617,0,617,1339
A_only,NEMA,6,30093067,7,1038690,1241,-1,35417,-1,intermediate_or_same_crystal_interaction,0.44,6895,6895,6895,933
A_only,NEMA,6,30093067,7,1093619,1297,-1,35473,-1,measured_pair_differs_from_primary,0.44,1858,6561,1858,6559
A_only,NEMA,6,30093067,7,1102114,1305,-1,35481,-1,measured_pair_differs_from_primary,0.44,1809,6059,1809,5926
A_only,NEMA,6,30093067,7,1290333,1520,-1,35696,-1,measured_pair_differs_from_primary,0.44,1330,1346,1330,5468
A_only,NEMA,6,30093067,7,1443428,1703,-1,35879,-1,measured_pair_differs_from_primary,0.44,4179,1476,4179,130
A_only,NEMA,6,30093067,7,1611439,1915,-1,36091,-1,intermediate_or_same_crystal_interaction,0.44,941,0,941,9978
A_only,NEMA,6,30093067,7,1829570,2142,-1,36318,-1,measured_pair_differs_from_primary,0.44,206,5858,206,5604
A_only,NEMA,6,30093067,7,1855868,2164,-1,36340,-1,intermediate_or_same_crystal_interaction,0.44,1780,1780,1780,5798
A_only,NEMA,6,30093067,7,1876758,2189,-1,36365,-1,first_not_crystal_compton,0.44,0,0,791,2078
A_only,NEMA,6,30093067,7,1974218,2313,-1,36489,-1,measured_pair_differs_from_primary,0.44,6421,6548,6421,1953
A_only,NEMA,6,30093067,7,2104974,2425,-1,36601,-1,measured_pair_differs_from_primary,0.44,742,3987,742,3921
A_only,NEMA,6,30093067,7,2223943,2570,-1,36746,-1,first_not_crystal_compton,0.44,4487,0,4487,649
A_only,NEMA,6,30093067,7,2344517,2712,-1,36888,-1,first_not_crystal_compton,0.44,253,0,928,1951
A_only,NEMA,6,30093067,7,2709905,3105,-1,37281,-1,first_not_crystal_compton,0.44,6194,0,6194,2126
A_only,NEMA,6,30093067,7,2769112,3179,-1,37355,-1,intermediate_or_same_crystal_interaction,0.44,1592,1592,1592,6960
A_only,NEMA,6,30093067,7,2784961,3191,-1,37367,-1,intermediate_or_same_crystal_interaction,0.44,2212,2212,2212,503
A_only,NEMA,6,30093067,7,2895318,3317,-1,37493,-1,first_not_crystal_compton,0.44,0,0,649,156
A_only,NEMA,6,30093067,7,3181679,3638,-1,37814,-1,intermediate_or_same_crystal_interaction,0.44,2899,2899,2899,1380
A_only,NEMA,6,30093067,7,3383162,3860,-1,38036,-1,measured_pair_differs_from_primary,0.44,2009,7263,2009,7134
A_only,NEMA,6,30093067,7,3443360,3939,-1,38115,-1,first_not_crystal_compton,0.44,1820,0,1820,929
A_only,NEMA,6,30093067,7,3446433,3941,-1,38117,-1,measured_pair_differs_from_primary,0.44,6502,741,6502,1374
A_only,NEMA,6,30093067,7,3552955,4045,-1,38221,-1,measured_pair_differs_from_primary,0.44,1714,6173,1714,6172
B_only,NEMA,6,30093067,7,3752219,-1,2628,-1,23976,accepted,0.44,852,1710,0,0
A_only,NEMA,6,30093067,7,3897320,4424,-1,38600,-1,measured_pair_differs_from_primary,0.44,5487,5551,5487,1053
A_only,NEMA,6,30093067,7,3927464,4461,-1,38637,-1,measured_pair_differs_from_primary,0.44,6870,7063,6870,2021
A_only,NEMA,6,30093067,7,3970808,4518,-1,38694,-1,intermediate_or_same_crystal_interaction,0.44,1917,1917,1917,6448
A_only,NEMA,6,30093067,7,4204370,4833,-1,39009,-1,measured_pair_differs_from_primary,0.44,842,4179,842,4113
A_only,NEMA,6,30093067,7,4325922,4962,-1,39138,-1,first_not_crystal_compton,0.44,1753,0,1753,891
B_only,NEMA,6,30093067,7,4392552,-1,3141,-1,24489,accepted,0.44,696,3817,0,0
A_only,NEMA,6,30093067,7,4647522,5338,-1,39514,-1,measured_pair_differs_from_primary,0.44,4004,3876,4004,1356
A_only,NEMA,6,30093067,7,4826426,5558,-1,39734,-1,intermediate_or_same_crystal_interaction,0.44,1897,1897,1897,5067
A_only,NEMA,6,30093067,7,4942070,5670,-1,39846,-1,measured_pair_differs_from_primary,0.44,6551,6424,6551,711
A_only,NEMA,7,30093068,7,34295,41,-1,39953,-1,first_not_crystal_compton,0.44,0,0,7400,1902
A_only,NEMA,7,30093068,7,106262,136,-1,40048,-1,measured_pair_differs_from_primary,0.44,5350,2019,5350,2035
A_only,NEMA,7,30093068,7,120437,159,-1,40071,-1,measured_pair_differs_from_primary,0.44,522,1367,522,3522
A_only,NEMA,7,30093068,7,462539,513,-1,40425,-1,first_not_crystal_compton,0.44,1431,0,1431,2658
A_only,NEMA,7,30093068,7,593470,664,-1,40576,-1,intermediate_or_same_crystal_interaction,0.44,347,0,347,7544
A_only,NEMA,7,30093068,7,599372,672,-1,40584,-1,measured_pair_differs_from_primary,0.44,1062,1060,1062,8732
A_only,NEMA,7,30093068,7,747847,847,-1,40759,-1,intermediate_or_same_crystal_interaction,0.44,4643,4643,4643,263
B_only,NEMA,7,30093068,7,896094,-1,671,-1,25604,accepted,0.44,442,2098,0,0
A_only,NEMA,7,30093068,7,1279154,1498,-1,41410,-1,intermediate_or_same_crystal_interaction,0.44,6690,6690,6690,1825
A_only,NEMA,7,30093068,7,1396549,1617,-1,41529,-1,measured_pair_differs_from_primary,0.44,74,88,74,914
A_only,NEMA,7,30093068,7,1424717,1658,-1,41570,-1,intermediate_or_same_crystal_interaction,0.44,794,794,794,1344
A_only,NEMA,7,30093068,7,1716008,1993,-1,41905,-1,intermediate_or_same_crystal_interaction,0.44,275,0,275,8242
A_only,NEMA,7,30093068,7,2021049,2344,-1,42256,-1,intermediate_or_same_crystal_interaction,0.44,2140,0,2140,10490
A_only,NEMA,7,30093068,7,2043936,2367,-1,42279,-1,measured_pair_differs_from_primary,0.44,4516,1629,4516,831
A_only,NEMA,7,30093068,7,2063709,2389,-1,42301,-1,measured_pair_differs_from_primary,0.44,6677,6549,6677,734
A_only,NEMA,7,30093068,7,2140644,2488,-1,42400,-1,first_not_crystal_compton,0.44,0,0,1833,5242
A_only,NEMA,7,30093068,7,2295629,2685,-1,42597,-1,intermediate_or_same_crystal_interaction,0.44,1429,1429,1429,707
A_only,NEMA,7,30093068,7,2424774,2859,-1,42771,-1,first_not_crystal_compton,0.44,7353,0,7353,1123
A_only,NEMA,7,30093068,7,2534888,2982,-1,42894,-1,first_energy_not_closed,0.44,1738,6706,1738,6706
A_only,NEMA,7,30093068,7,2634964,3082,-1,42994,-1,measured_pair_differs_from_primary,0.44,945,9927,945,9990
A_only,NEMA,7,30093068,7,2637190,3086,-1,42998,-1,first_not_crystal_compton,0.44,0,0,1174,2164
A_only,NEMA,7,30093068,7,2711211,3182,-1,43094,-1,intermediate_or_same_crystal_interaction,0.44,2065,0,2065,946
A_only,NEMA,7,30093068,7,3035281,3569,-1,43481,-1,measured_pair_differs_from_primary,0.44,1549,6329,1549,6393
A_only,NEMA,7,30093068,7,3170319,3715,-1,43627,-1,measured_pair_differs_from_primary,0.44,994,4308,994,4117
A_only,NEMA,7,30093068,7,3324042,3903,-1,43815,-1,measured_pair_differs_from_primary,0.44,2205,2224,2205,9927
A_only,NEMA,7,30093068,7,3388759,3983,-1,43895,-1,first_energy_not_closed,0.44,610,4887,610,4887
A_only,NEMA,7,30093068,7,3452398,4052,-1,43964,-1,measured_pair_differs_from_primary,0.44,8925,8928,8925,2083
A_only,NEMA,7,30093068,7,3465580,4068,-1,43980,-1,measured_pair_differs_from_primary,0.44,267,2080,267,2098
A_only,NEMA,7,30093068,7,3594448,4223,-1,44135,-1,intermediate_or_same_crystal_interaction,0.44,6700,6700,6700,1784
A_only,NEMA,7,30093068,7,3615054,4247,-1,44159,-1,intermediate_or_same_crystal_interaction,0.44,158,0,158,9981
A_only,NEMA,7,30093068,7,3716357,4374,-1,44286,-1,intermediate_or_same_crystal_interaction,0.44,1631,1631,1631,5164
A_only,NEMA,7,30093068,7,3777452,4452,-1,44364,-1,intermediate_or_same_crystal_interaction,0.44,64,0,64,4786
A_only,NEMA,7,30093068,7,4150558,4911,-1,44823,-1,measured_pair_differs_from_primary,0.44,2013,7863,2013,7799
A_only,NEMA,8,30093069,7,338145,425,-1,46243,-1,first_energy_not_closed,0.44,401,6704,401,6704
A_only,NEMA,8,30093069,7,504893,617,-1,46435,-1,first_energy_not_closed,0.44,1341,4412,1341,4412
A_only,NEMA,8,30093069,7,771787,966,-1,46784,-1,first_not_crystal_compton,0.44,0,0,1611,6116
A_only,NEMA,8,30093069,7,892170,1074,-1,46892,-1,intermediate_or_same_crystal_interaction,0.44,2198,2198,2198,9111
A_only,NEMA,8,30093069,7,1060291,1257,-1,47075,-1,first_not_crystal_compton,0.44,133,0,4022,239
A_only,NEMA,8,30093069,7,1063126,1259,-1,47077,-1,first_not_crystal_compton,0.44,236,0,236,1836
A_only,NEMA,8,30093069,7,1130176,1340,-1,47158,-1,intermediate_or_same_crystal_interaction,0.44,777,0,777,8271
A_only,NEMA,8,30093069,7,1134435,1343,-1,47161,-1,measured_pair_differs_from_primary,0.44,1383,5603,1383,5668
A_only,NEMA,8,30093069,7,1466065,1711,-1,47529,-1,first_not_crystal_compton,0.44,648,0,648,6037
A_only,NEMA,8,30093069,7,1641663,1906,-1,47724,-1,intermediate_or_same_crystal_interaction,0.44,858,858,858,3270
A_only,NEMA,8,30093069,7,2015010,2296,-1,48114,-1,intermediate_or_same_crystal_interaction,0.44,1005,1005,1005,8143
A_only,NEMA,8,30093069,7,2349485,2699,-1,48517,-1,intermediate_or_same_crystal_interaction,0.44,5253,5253,5253,1683
A_only,NEMA,8,30093069,7,2491322,2837,-1,48655,-1,first_not_crystal_compton,0.44,1132,0,1132,8612
A_only,NEMA,8,30093069,7,2504187,2854,-1,48672,-1,measured_pair_differs_from_primary,0.44,7154,7089,7154,1824
A_only,NEMA,8,30093069,7,2505085,2855,-1,48673,-1,measured_pair_differs_from_primary,0.44,814,3262,814,3198
A_only,NEMA,8,30093069,7,2546180,2909,-1,48727,-1,measured_pair_differs_from_primary,0.44,766,1643,766,5622
A_only,NEMA,8,30093069,7,3071286,3485,-1,49303,-1,measured_pair_differs_from_primary,0.44,1012,9273,1012,9338
A_only,NEMA,8,30093069,7,3323521,3793,-1,49611,-1,measured_pair_differs_from_primary,0.44,5517,5454,5517,1608
A_only,NEMA,8,30093069,7,3368732,3863,-1,49681,-1,intermediate_or_same_crystal_interaction,0.44,903,903,903,243
A_only,NEMA,8,30093069,7,3441231,3944,-1,49762,-1,measured_pair_differs_from_primary,0.44,8177,7988,8177,971
A_only,NEMA,8,30093069,7,3455288,3954,-1,49772,-1,intermediate_or_same_crystal_interaction,0.44,858,0,858,8772
A_only,NEMA,8,30093069,7,3456121,3958,-1,49776,-1,measured_pair_differs_from_primary,0.44,5281,5410,5281,1678
A_only,NEMA,8,30093069,7,3544914,4065,-1,49883,-1,intermediate_or_same_crystal_interaction,0.44,909,0,909,4435
A_only,NEMA,8,30093069,7,3598866,4127,-1,49945,-1,measured_pair_differs_from_primary,0.44,6293,6356,6293,425
A_only,NEMA,8,30093069,7,3683579,4225,-1,50043,-1,measured_pair_differs_from_primary,0.44,3299,3297,3299,1427
A_only,NEMA,8,30093069,7,3773943,4339,-1,50157,-1,measured_pair_differs_from_primary,0.44,4795,4730,4795,1326
A_only,NEMA,8,30093069,7,3814541,4385,-1,50203,-1,intermediate_or_same_crystal_interaction,0.44,415,415,415,602
A_only,NEMA,8,30093069,7,3943776,4537,-1,50355,-1,first_not_crystal_compton,0.44,1407,0,1407,2431
A_only,NEMA,8,30093069,7,4093280,4710,-1,50528,-1,intermediate_or_same_crystal_interaction,0.44,3440,3440,3440,1404
A_only,NEMA,8,30093069,7,4223801,4854,-1,50672,-1,first_not_crystal_compton,0.44,0,0,1116,1952
A_only,NEMA,8,30093069,7,4271504,4901,-1,50719,-1,measured_pair_differs_from_primary,0.44,8596,8403,8596,1862
A_only,NEMA,8,30093069,7,4334105,4964,-1,50782,-1,measured_pair_differs_from_primary,0.44,2301,9083,2301,8956
A_only,NEMA,8,30093069,7,4526177,5176,-1,50994,-1,measured_pair_differs_from_primary,0.44,468,1081,468,5460
A_only,NEMA,8,30093069,7,4778806,5473,-1,51291,-1,measured_pair_differs_from_primary,0.44,6093,1706,6093,846
A_only,NEMA,9,30093070,7,152388,165,-1,51698,-1,measured_pair_differs_from_primary,0.44,1830,5411,1830,5345
A_only,NEMA,9,30093070,7,218453,257,-1,51790,-1,intermediate_or_same_crystal_interaction,0.44,1518,1518,1518,8446
B_only,NEMA,9,30093070,7,223626,-1,163,-1,32417,accepted,0.44,1550,5038,0,0
A_only,NEMA,9,30093070,7,425994,501,-1,52034,-1,first_not_crystal_compton,0.44,0,0,790,3491
A_only,NEMA,9,30093070,7,914692,1068,-1,52601,-1,first_not_crystal_compton,0.44,0,0,2183,9644
A_only,NEMA,9,30093070,7,1194410,1370,-1,52903,-1,intermediate_or_same_crystal_interaction,0.44,4375,0,4375,1513
A_only,NEMA,9,30093070,7,1202029,1378,-1,52911,-1,measured_pair_differs_from_primary,0.44,944,5861,944,5733
A_only,NEMA,9,30093070,7,1361680,1532,-1,53065,-1,measured_pair_differs_from_primary,0.44,2988,3053,2988,1394
A_only,NEMA,9,30093070,7,1723759,1988,-1,53521,-1,first_not_crystal_compton,0.44,0,0,1468,606
A_only,NEMA,9,30093070,7,1800269,2074,-1,53607,-1,first_not_crystal_compton,0.44,5977,0,6813,993
A_only,NEMA,9,30093070,7,1821675,2096,-1,53629,-1,intermediate_or_same_crystal_interaction,0.44,336,336,336,6858
A_only,NEMA,9,30093070,7,1834056,2111,-1,53644,-1,measured_pair_differs_from_primary,0.44,248,1711,248,5352
B_only,NEMA,9,30093070,7,1860654,-1,1355,-1,33609,accepted,0.44,8805,2021,0,0
A_only,NEMA,9,30093070,7,1915970,2207,-1,53740,-1,measured_pair_differs_from_primary,0.44,939,8376,939,8441
A_only,NEMA,9,30093070,7,1921986,2211,-1,53744,-1,measured_pair_differs_from_primary,0.44,7082,7401,7082,2059
A_only,NEMA,9,30093070,7,1922898,2214,-1,53747,-1,measured_pair_differs_from_primary,0.44,4759,4823,4759,1687
A_only,NEMA,9,30093070,7,2046420,2357,-1,53890,-1,first_not_crystal_compton,0.44,0,0,1866,3768
A_only,NEMA,9,30093070,7,2054934,2366,-1,53899,-1,measured_pair_differs_from_primary,0.44,5136,1962,5136,1976
A_only,NEMA,9,30093070,7,2093268,2409,-1,53942,-1,intermediate_or_same_crystal_interaction,0.44,1343,1343,1343,592
A_only,NEMA,9,30093070,7,2505580,2873,-1,54406,-1,measured_pair_differs_from_primary,0.44,3585,935,3585,936
A_only,NEMA,9,30093070,7,2660975,3038,-1,54571,-1,measured_pair_differs_from_primary,0.44,767,273,767,1788
A_only,NEMA,9,30093070,7,2737432,3131,-1,54664,-1,intermediate_or_same_crystal_interaction,0.44,1017,1017,1017,7137
A_only,NEMA,9,30093070,7,2985859,3437,-1,54970,-1,first_not_crystal_compton,0.44,0,0,2096,8488
B_only,NEMA,9,30093070,7,3227416,-1,2309,-1,34563,accepted,0.44,1123,1949,0,0
A_only,NEMA,9,30093070,7,3236375,3725,-1,55258,-1,first_not_crystal_compton,0.44,1094,0,8671,996
B_only,NEMA,9,30093070,7,3354531,-1,2403,-1,34657,accepted,0.44,458,7593,0,0
A_only,NEMA,9,30093070,7,4104446,4667,-1,56200,-1,measured_pair_differs_from_primary,0.44,1700,3757,1700,3563
A_only,NEMA,9,30093070,7,4277660,4853,-1,56386,-1,first_not_crystal_compton,0.44,93,0,93,5281
A_only,NEMA,9,30093070,7,4304197,4887,-1,56420,-1,measured_pair_differs_from_primary,0.44,9820,9821,9820,2100
A_only,NEMA,9,30093070,7,4737751,5348,-1,56881,-1,intermediate_or_same_crystal_interaction,0.44,947,947,947,217
A_only,NEMA,9,30093070,7,4902457,5545,-1,57078,-1,intermediate_or_same_crystal_interaction,0.44,804,804,804,80
B_only,NEMA,0,30093071,8,58518,-1,40,-1,40,accepted,0.44,9546,489,0,0
A_only,NEMA,0,30093071,8,1054859,1196,-1,1196,-1,intermediate_or_same_crystal_interaction,0.44,2106,0,2106,483
A_only,NEMA,0,30093071,8,1056872,1202,-1,1202,-1,first_not_crystal_compton,0.44,1672,0,1672,186
A_only,NEMA,0,30093071,8,1198599,1359,-1,1359,-1,measured_pair_differs_from_primary,0.44,9110,2139,9110,2140
A_only,NEMA,0,30093071,8,1212954,1376,-1,1376,-1,measured_pair_differs_from_primary,0.44,2126,6051,2126,5860
A_only,NEMA,0,30093071,8,1548641,1746,-1,1746,-1,first_not_crystal_compton,0.44,0,0,8087,1900
A_only,NEMA,0,30093071,8,1578305,1780,-1,1780,-1,measured_pair_differs_from_primary,0.44,3606,1622,3606,1636
B_only,NEMA,0,30093071,8,1983220,-1,1402,-1,1402,accepted,0.44,4215,1672,0,0
A_only,NEMA,0,30093071,8,2059731,2329,-1,2329,-1,first_not_crystal_compton,0.44,1850,0,6790,474
A_only,NEMA,0,30093071,8,2358902,2661,-1,2661,-1,measured_pair_differs_from_primary,0.44,1542,3411,1542,3347
B_only,NEMA,0,30093071,8,2744790,-1,1944,-1,1944,accepted,0.44,4792,834,0,0
A_only,NEMA,0,30093071,8,2812090,3194,-1,3194,-1,intermediate_or_same_crystal_interaction,0.44,1011,1011,1011,1765
A_only,NEMA,0,30093071,8,3185690,3601,-1,3601,-1,first_not_crystal_compton,0.44,0,0,2977,1448
A_only,NEMA,0,30093071,8,3580570,4045,-1,4045,-1,intermediate_or_same_crystal_interaction,0.44,452,0,452,1030
A_only,NEMA,0,30093071,8,3804546,4320,-1,4320,-1,first_energy_not_closed,0.44,2183,1196,2183,1196
A_only,NEMA,0,30093071,8,3900908,4435,-1,4435,-1,measured_pair_differs_from_primary,0.44,9,549,9,3372
A_only,NEMA,0,30093071,8,4633470,5254,-1,5254,-1,measured_pair_differs_from_primary,0.44,5505,5506,5505,1669
A_only,NEMA,0,30093071,8,4838845,5489,-1,5489,-1,measured_pair_differs_from_primary,0.44,7462,2159,7462,2193
A_only,NEMA,0,30093071,8,4906664,5562,-1,5562,-1,first_energy_not_closed,0.44,6630,1000,6630,1000
B_only,NEMA,1,30093072,8,48581,-1,29,-1,3539,accepted,0.44,1618,4190,0,0
A_only,NEMA,1,30093072,8,108980,110,-1,5772,-1,measured_pair_differs_from_primary,0.44,2183,7209,2183,7145
A_only,NEMA,1,30093072,8,419918,463,-1,6125,-1,measured_pair_differs_from_primary,0.44,5672,1653,5672,178
A_only,NEMA,1,30093072,8,587248,648,-1,6310,-1,first_not_crystal_compton,0.44,807,0,1623,737
A_only,NEMA,1,30093072,8,857289,935,-1,6597,-1,first_not_crystal_compton,0.44,135,0,135,4340
A_only,NEMA,1,30093072,8,858108,936,-1,6598,-1,intermediate_or_same_crystal_interaction,0.44,1602,1602,1602,751
A_only,NEMA,1,30093072,8,1066431,1161,-1,6823,-1,intermediate_or_same_crystal_interaction,0.44,8477,0,8477,289
A_only,NEMA,1,30093072,8,1277043,1398,-1,7060,-1,intermediate_or_same_crystal_interaction,0.44,1090,0,1090,211
A_only,NEMA,1,30093072,8,1525717,1700,-1,7362,-1,first_energy_not_closed,0.44,2004,8160,2004,8160
A_only,NEMA,1,30093072,8,1554929,1726,-1,7388,-1,intermediate_or_same_crystal_interaction,0.44,8409,8409,8409,1848
A_only,NEMA,1,30093072,8,1745183,1966,-1,7628,-1,measured_pair_differs_from_primary,0.44,323,764,323,1383
B_only,NEMA,1,30093072,8,1867761,-1,1342,-1,4852,accepted,0.44,1132,2069,0,0
A_only,NEMA,1,30093072,8,1995498,2248,-1,7910,-1,measured_pair_differs_from_primary,0.44,2144,2125,2144,8184
A_only,NEMA,1,30093072,8,2631202,2974,-1,8636,-1,intermediate_or_same_crystal_interaction,0.44,10163,10163,10163,1098
A_only,NEMA,1,30093072,8,2812387,3190,-1,8852,-1,first_not_crystal_compton,0.44,0,0,2078,9568
B_only,NEMA,1,30093072,8,3194914,-1,2303,-1,5813,accepted,0.44,10421,2297,0,0
B_only,NEMA,1,30093072,8,3446794,-1,2482,-1,5992,accepted,0.44,477,6711,0,0
A_only,NEMA,1,30093072,8,3819160,4281,-1,9943,-1,first_not_crystal_compton,0.44,930,0,930,349
A_only,NEMA,1,30093072,8,3821038,4282,-1,9944,-1,intermediate_or_same_crystal_interaction,0.44,8190,8190,8190,819
A_only,NEMA,1,30093072,8,3849304,4319,-1,9981,-1,intermediate_or_same_crystal_interaction,0.44,1012,0,1012,5865
A_only,NEMA,1,30093072,8,3859687,4335,-1,9997,-1,measured_pair_differs_from_primary,0.44,1219,1220,1219,9762
A_only,NEMA,1,30093072,8,3902729,4383,-1,10045,-1,first_not_crystal_compton,0.44,1644,0,1644,5482
A_only,NEMA,1,30093072,8,3926376,4411,-1,10073,-1,first_not_crystal_compton,0.44,625,0,625,3909
A_only,NEMA,1,30093072,8,4421670,5014,-1,10676,-1,measured_pair_differs_from_primary,0.44,1932,7972,1932,7971
A_only,NEMA,1,30093072,8,4502235,5098,-1,10760,-1,intermediate_or_same_crystal_interaction,0.44,447,0,447,10286
A_only,NEMA,1,30093072,8,4934726,5558,-1,11220,-1,intermediate_or_same_crystal_interaction,0.44,3239,3239,3239,1419
A_only,NEMA,2,30093073,8,61771,91,-1,11367,-1,intermediate_or_same_crystal_interaction,0.44,147,0,147,3002
A_only,NEMA,2,30093073,8,195465,238,-1,11514,-1,measured_pair_differs_from_primary,0.44,1761,7180,1761,7303
A_only,NEMA,2,30093073,8,437713,515,-1,11791,-1,intermediate_or_same_crystal_interaction,0.44,5132,5132,5132,709
A_only,NEMA,2,30093073,8,818412,942,-1,12218,-1,measured_pair_differs_from_primary,0.44,817,837,817,1855
A_only,NEMA,2,30093073,8,910499,1056,-1,12332,-1,first_energy_not_closed,0.44,1796,5602,1796,5602
A_only,NEMA,2,30093073,8,913280,1059,-1,12335,-1,first_energy_not_closed,0.44,883,285,883,285
A_only,NEMA,2,30093073,8,1024030,1189,-1,12465,-1,measured_pair_differs_from_primary,0.44,8789,8788,8789,2034
A_only,NEMA,2,30093073,8,1044781,1219,-1,12495,-1,first_not_crystal_compton,0.44,0,0,7678,866
A_only,NEMA,2,30093073,8,1155244,1341,-1,12617,-1,first_not_crystal_compton,0.44,0,0,550,3122
A_only,NEMA,2,30093073,8,1205056,1400,-1,12676,-1,measured_pair_differs_from_primary,0.44,2042,7353,2042,7290
A_only,NEMA,2,30093073,8,1205397,1402,-1,12678,-1,measured_pair_differs_from_primary,0.44,556,9803,556,9931
A_only,NEMA,2,30093073,8,1318038,1538,-1,12814,-1,measured_pair_differs_from_primary,0.44,8274,8211,8274,1993
A_only,NEMA,2,30093073,8,1414657,1649,-1,12925,-1,intermediate_or_same_crystal_interaction,0.44,661,661,661,3993
A_only,NEMA,2,30093073,8,1438888,1670,-1,12946,-1,intermediate_or_same_crystal_interaction,0.44,4261,4261,4261,189
A_only,NEMA,2,30093073,8,1517105,1747,-1,13023,-1,measured_pair_differs_from_primary,0.44,1726,2833,1726,2769
A_only,NEMA,2,30093073,8,1608330,1853,-1,13129,-1,first_not_crystal_compton,0.44,5086,0,5086,811
A_only,NEMA,2,30093073,8,1760961,2027,-1,13303,-1,measured_pair_differs_from_primary,0.44,1947,4408,1947,4345
A_only,NEMA,2,30093073,8,2007047,2304,-1,13580,-1,first_not_crystal_compton,0.44,10469,0,10469,2061
A_only,NEMA,2,30093073,8,2386247,2732,-1,14008,-1,intermediate_or_same_crystal_interaction,0.44,3141,3141,3141,1443
A_only,NEMA,2,30093073,8,2441316,2796,-1,14072,-1,intermediate_or_same_crystal_interaction,0.44,411,0,411,10412
B_only,NEMA,2,30093073,8,2455121,-1,1762,-1,8827,accepted,0.44,5136,1616,0,0
A_only,NEMA,2,30093073,8,2502359,2868,-1,14144,-1,measured_pair_differs_from_primary,0.44,1470,1469,1470,4256
A_only,NEMA,2,30093073,8,2873100,3303,-1,14579,-1,first_not_crystal_compton,0.44,332,0,7483,909
A_only,NEMA,2,30093073,8,2971645,3401,-1,14677,-1,measured_pair_differs_from_primary,0.44,1070,1766,1070,4120
A_only,NEMA,2,30093073,8,3216472,3668,-1,14944,-1,measured_pair_differs_from_primary,0.44,7400,7335,7400,239
A_only,NEMA,2,30093073,8,3292618,3756,-1,15032,-1,intermediate_or_same_crystal_interaction,0.44,7227,7227,7227,1933
A_only,NEMA,2,30093073,8,3297009,3762,-1,15038,-1,intermediate_or_same_crystal_interaction,0.44,5412,0,5412,173
A_only,NEMA,2,30093073,8,3375323,3864,-1,15140,-1,first_energy_not_closed,0.44,714,8263,714,8263
A_only,NEMA,2,30093073,8,3396142,3891,-1,15167,-1,first_not_crystal_compton,0.44,0,0,1834,5212
A_only,NEMA,2,30093073,8,3484802,4001,-1,15277,-1,intermediate_or_same_crystal_interaction,0.44,3796,3796,3796,1531
A_only,NEMA,2,30093073,8,3625605,4179,-1,15455,-1,intermediate_or_same_crystal_interaction,0.44,500,0,500,5947
A_only,NEMA,2,30093073,8,4195198,4843,-1,16119,-1,intermediate_or_same_crystal_interaction,0.44,632,0,632,1471
A_only,NEMA,2,30093073,8,4701054,5454,-1,16730,-1,measured_pair_differs_from_primary,0.44,22,36,22,602
A_only,NEMA,2,30093073,8,4916737,5715,-1,16991,-1,intermediate_or_same_crystal_interaction,0.44,992,992,992,1699
A_only,NEMA,3,30093074,8,336506,385,-1,17461,-1,intermediate_or_same_crystal_interaction,0.44,223,0,223,5902
A_only,NEMA,3,30093074,8,435016,495,-1,17571,-1,measured_pair_differs_from_primary,0.44,265,8535,265,8534
A_only,NEMA,3,30093074,8,664762,753,-1,17829,-1,measured_pair_differs_from_primary,0.44,1893,5318,1893,5061
A_only,NEMA,3,30093074,8,834023,937,-1,18013,-1,measured_pair_differs_from_primary,0.44,1021,8547,1021,8548
A_only,NEMA,3,30093074,8,839159,943,-1,18019,-1,first_not_crystal_compton,0.44,618,0,1371,3107
A_only,NEMA,3,30093074,8,855835,964,-1,18040,-1,measured_pair_differs_from_primary,0.44,5615,5550,5615,1581
A_only,NEMA,3,30093074,8,1273869,1432,-1,18508,-1,intermediate_or_same_crystal_interaction,0.44,5321,5321,5321,1635
A_only,NEMA,3,30093074,8,1484274,1681,-1,18757,-1,measured_pair_differs_from_primary,0.44,5556,5492,5556,750
A_only,NEMA,3,30093074,8,1495715,1696,-1,18772,-1,measured_pair_differs_from_primary,0.44,1607,7374,1607,7630
A_only,NEMA,3,30093074,8,1517940,1724,-1,18800,-1,first_not_crystal_compton,0.44,4658,0,4659,1418
B_only,NEMA,3,30093074,8,1647751,-1,1213,-1,11875,accepted,0.44,2028,774,0,0
A_only,NEMA,3,30093074,8,1897244,2153,-1,19229,-1,first_not_crystal_compton,0.44,0,0,662,1624
A_only,NEMA,3,30093074,8,1901361,2156,-1,19232,-1,measured_pair_differs_from_primary,0.44,1896,8545,1896,8738
A_only,NEMA,3,30093074,8,2146451,2435,-1,19511,-1,measured_pair_differs_from_primary,0.44,3245,3244,3245,1396
A_only,NEMA,3,30093074,8,2269286,2558,-1,19634,-1,intermediate_or_same_crystal_interaction,0.44,4272,4272,4272,1401
A_only,NEMA,3,30093074,8,2273735,2562,-1,19638,-1,intermediate_or_same_crystal_interaction,0.44,259,0,259,1353
A_only,NEMA,3,30093074,8,2416259,2721,-1,19797,-1,measured_pair_differs_from_primary,0.44,2217,7131,2217,7068
A_only,NEMA,3,30093074,8,2444010,2760,-1,19836,-1,intermediate_or_same_crystal_interaction,0.44,1339,1339,1339,6861
A_only,NEMA,3,30093074,8,2485331,2813,-1,19889,-1,measured_pair_differs_from_primary,0.44,2123,883,2123,872
B_only,NEMA,3,30093074,8,2682001,-1,1943,-1,12605,accepted,0.44,605,4723,0,0
A_only,NEMA,3,30093074,8,2697890,3074,-1,20150,-1,intermediate_or_same_crystal_interaction,0.44,720,720,720,250
A_only,NEMA,3,30093074,8,2949088,3342,-1,20418,-1,intermediate_or_same_crystal_interaction,0.44,850,850,850,4609
A_only,NEMA,3,30093074,8,3005945,3410,-1,20486,-1,intermediate_or_same_crystal_interaction,0.44,2007,0,2007,1132
A_only,NEMA,3,30093074,8,3117876,3541,-1,20617,-1,measured_pair_differs_from_primary,0.44,340,1864,340,6605
A_only,NEMA,3,30093074,8,3179430,3604,-1,20680,-1,intermediate_or_same_crystal_interaction,0.44,757,757,757,1738
A_only,NEMA,3,30093074,8,3705254,4182,-1,21258,-1,intermediate_or_same_crystal_interaction,0.44,927,927,927,3298
A_only,NEMA,3,30093074,8,3759686,4239,-1,21315,-1,intermediate_or_same_crystal_interaction,0.44,1696,1696,1696,5607
A_only,NEMA,3,30093074,8,3834778,4319,-1,21395,-1,intermediate_or_same_crystal_interaction,0.44,179,0,179,1431
A_only,NEMA,3,30093074,8,3838918,4326,-1,21402,-1,intermediate_or_same_crystal_interaction,0.44,10108,0,10108,1123
A_only,NEMA,3,30093074,8,4188974,4669,-1,21745,-1,intermediate_or_same_crystal_interaction,0.44,1380,1380,1380,5061
A_only,NEMA,3,30093074,8,4192313,4673,-1,21749,-1,intermediate_or_same_crystal_interaction,0.44,1786,1786,1786,1157
A_only,NEMA,3,30093074,8,4363022,4849,-1,21925,-1,measured_pair_differs_from_primary,0.44,5329,5523,5329,1822
A_only,NEMA,3,30093074,8,4803068,5333,-1,22409,-1,intermediate_or_same_crystal_interaction,0.44,7164,7164,7164,855
A_only,NEMA,3,30093074,8,4823545,5360,-1,22436,-1,first_not_crystal_compton,0.44,0,0,2214,9616
A_only,NEMA,4,30093075,8,43693,49,-1,22678,-1,measured_pair_differs_from_primary,0.44,5514,5450,5514,1578
A_only,NEMA,4,30093075,8,70981,68,-1,22697,-1,intermediate_or_same_crystal_interaction,0.44,415,415,415,1138
A_only,NEMA,4,30093075,8,249571,281,-1,22910,-1,measured_pair_differs_from_primary,0.44,190,7312,190,7375
A_only,NEMA,4,30093075,8,335513,385,-1,23014,-1,measured_pair_differs_from_primary,0.44,4320,4319,4320,1527
A_only,NEMA,4,30093075,8,377615,438,-1,23067,-1,intermediate_or_same_crystal_interaction,0.44,5141,5141,5141,1667
A_only,NEMA,4,30093075,8,653701,767,-1,23396,-1,first_not_crystal_compton,0.44,0,0,7625,1000
A_only,NEMA,4,30093075,8,1040577,1212,-1,23841,-1,measured_pair_differs_from_primary,0.44,3504,3632,3504,1002
A_only,NEMA,4,30093075,8,1232150,1415,-1,24044,-1,first_not_crystal_compton,0.44,0,0,1563,3804
A_only,NEMA,4,30093075,8,1545848,1774,-1,24403,-1,first_not_crystal_compton,0.44,2004,0,2004,6738
A_only,NEMA,4,30093075,8,1625890,1861,-1,24490,-1,intermediate_or_same_crystal_interaction,0.44,1544,0,1544,5034
A_only,NEMA,4,30093075,8,1735220,1996,-1,24625,-1,first_not_crystal_compton,0.44,0,0,1260,398
A_only,NEMA,4,30093075,8,1798243,2080,-1,24709,-1,first_not_crystal_compton,0.44,0,0,4775,737
A_only,NEMA,4,30093075,8,1902329,2212,-1,24841,-1,first_not_crystal_compton,0.44,0,0,2228,9399
A_only,NEMA,4,30093075,8,1964995,2289,-1,24918,-1,intermediate_or_same_crystal_interaction,0.44,4448,4448,4448,602
A_only,NEMA,4,30093075,8,2172305,2534,-1,25163,-1,measured_pair_differs_from_primary,0.44,978,5670,978,5669
A_only,NEMA,4,30093075,8,2316200,2683,-1,25312,-1,measured_pair_differs_from_primary,0.44,4238,4303,4238,1597
B_only,NEMA,4,30093075,8,2474644,-1,1783,-1,15956,accepted,0.44,1526,5064,0,0
A_only,NEMA,4,30093075,8,2900901,3305,-1,25934,-1,measured_pair_differs_from_primary,0.44,2051,9175,2051,9176
A_only,NEMA,4,30093075,8,2911061,3317,-1,25946,-1,intermediate_or_same_crystal_interaction,0.44,955,0,955,7929
A_only,NEMA,4,30093075,8,2942473,3342,-1,25971,-1,first_not_crystal_compton,0.44,811,0,1609,109
A_only,NEMA,4,30093075,8,2977118,3368,-1,25997,-1,measured_pair_differs_from_primary,0.44,2203,1180,2203,424
A_only,NEMA,4,30093075,8,2987360,3378,-1,26007,-1,measured_pair_differs_from_primary,0.44,8584,8585,8584,1987
A_only,NEMA,4,30093075,8,3085378,3491,-1,26120,-1,measured_pair_differs_from_primary,0.44,82,6422,82,6486
A_only,NEMA,4,30093075,8,3168632,3583,-1,26212,-1,measured_pair_differs_from_primary,0.44,1728,8109,1728,8491
A_only,NEMA,4,30093075,8,3532093,4004,-1,26633,-1,intermediate_or_same_crystal_interaction,0.44,6805,6805,6805,13
A_only,NEMA,4,30093075,8,3630842,4114,-1,26743,-1,measured_pair_differs_from_primary,0.44,6166,6167,6166,1699
A_only,NEMA,4,30093075,8,3693775,4183,-1,26812,-1,first_not_crystal_compton,0.44,2842,0,2778,1400
A_only,NEMA,4,30093075,8,3765639,4265,-1,26894,-1,intermediate_or_same_crystal_interaction,0.44,90,0,90,3973
A_only,NEMA,4,30093075,8,3950094,4476,-1,27105,-1,intermediate_or_same_crystal_interaction,0.44,1867,0,1867,5115
A_only,NEMA,4,30093075,8,4098333,4638,-1,27267,-1,first_not_crystal_compton,0.44,4947,0,4947,282
A_only,NEMA,4,30093075,8,4195751,4739,-1,27368,-1,measured_pair_differs_from_primary,0.44,9430,9365,9430,1081
B_only,NEMA,4,30093075,8,4309862,-1,3048,-1,17221,accepted,0.44,2170,9890,0,0
A_only,NEMA,4,30093075,8,4492798,5101,-1,27730,-1,measured_pair_differs_from_primary,0.44,224,1935,224,9461
A_only,NEMA,4,30093075,8,4504083,5119,-1,27748,-1,measured_pair_differs_from_primary,0.44,1841,5026,1841,4897
A_only,NEMA,4,30093075,8,4708963,5363,-1,27992,-1,intermediate_or_same_crystal_interaction,0.44,858,0,858,7867
A_only,NEMA,5,30093076,8,42095,52,-1,28378,-1,measured_pair_differs_from_primary,0.44,4465,4528,4465,347
B_only,NEMA,5,30093076,8,56661,-1,47,-1,17796,accepted,0.44,3543,1442,0,0
A_only,NEMA,5,30093076,8,145131,182,-1,28508,-1,intermediate_or_same_crystal_interaction,0.44,4334,4334,4334,1497
A_only,NEMA,5,30093076,8,172034,212,-1,28538,-1,measured_pair_differs_from_primary,0.44,955,9817,955,10134
A_only,NEMA,5,30093076,8,296806,347,-1,28673,-1,first_not_crystal_compton,0.44,1897,0,7564,955
A_only,NEMA,5,30093076,8,336938,381,-1,28707,-1,intermediate_or_same_crystal_interaction,0.44,225,0,225,3366
A_only,NEMA,5,30093076,8,376827,425,-1,28751,-1,first_not_crystal_compton,0.44,0,0,6416,1852
A_only,NEMA,5,30093076,8,572284,618,-1,28944,-1,measured_pair_differs_from_primary,0.44,1624,6240,1624,6304
B_only,NEMA,5,30093076,8,600666,-1,405,-1,18154,accepted,0.44,1417,4146,0,0
A_only,NEMA,5,30093076,8,662674,719,-1,29045,-1,measured_pair_differs_from_primary,0.44,1339,1352,1339,941
A_only,NEMA,5,30093076,8,703337,754,-1,29080,-1,measured_pair_differs_from_primary,0.44,846,6755,846,6821
A_only,NEMA,5,30093076,8,865326,927,-1,29253,-1,first_not_crystal_compton,0.44,0,0,1563,4680
A_only,NEMA,5,30093076,8,1030977,1117,-1,29443,-1,measured_pair_differs_from_primary,0.44,5108,5174,5108,1981
A_only,NEMA,5,30093076,8,1059349,1151,-1,29477,-1,measured_pair_differs_from_primary,0.44,8789,8855,8789,2230
B_only,NEMA,5,30093076,8,1436347,-1,964,-1,18713,accepted,0.44,706,4248,0,0
A_only,NEMA,5,30093076,8,1447624,1568,-1,29894,-1,measured_pair_differs_from_primary,0.44,2190,8398,2190,8332
A_only,NEMA,5,30093076,8,1626644,1744,-1,30070,-1,measured_pair_differs_from_primary,0.44,3991,3992,3991,1432
A_only,NEMA,5,30093076,8,1683207,1804,-1,30130,-1,measured_pair_differs_from_primary,0.44,7725,1967,7725,1078
A_only,NEMA,5,30093076,8,1686170,1808,-1,30134,-1,first_not_crystal_compton,0.44,689,0,4009,622
A_only,NEMA,5,30093076,8,1692124,1815,-1,30141,-1,intermediate_or_same_crystal_interaction,0.44,961,961,961,6517
A_only,NEMA,5,30093076,8,1747211,1876,-1,30202,-1,measured_pair_differs_from_primary,0.44,952,8583,952,8646
B_only,NEMA,5,30093076,8,1885463,-1,1248,-1,18997,accepted,0.44,1011,469,0,0
A_only,NEMA,5,30093076,8,1924632,2058,-1,30384,-1,intermediate_or_same_crystal_interaction,0.44,1683,1683,1683,4823
A_only,NEMA,5,30093076,8,2067141,2221,-1,30547,-1,first_not_crystal_compton,0.44,5022,0,5022,1714
A_only,NEMA,5,30093076,8,2372982,2575,-1,30901,-1,measured_pair_differs_from_primary,0.44,741,1494,741,3282
A_only,NEMA,5,30093076,8,2625736,2852,-1,31178,-1,measured_pair_differs_from_primary,0.44,1995,7135,1995,7070
A_only,NEMA,5,30093076,8,2631577,2860,-1,31186,-1,first_not_crystal_compton,0.44,0,0,6016,856
A_only,NEMA,5,30093076,8,2690941,2942,-1,31268,-1,first_not_crystal_compton,0.44,520,0,520,3015
A_only,NEMA,5,30093076,8,3114465,3399,-1,31725,-1,intermediate_or_same_crystal_interaction,0.44,873,873,873,328
A_only,NEMA,5,30093076,8,3166279,3457,-1,31783,-1,first_not_crystal_compton,0.44,0,0,2024,7329
A_only,NEMA,5,30093076,8,3430164,3735,-1,32061,-1,first_not_crystal_compton,0.44,1755,0,1755,6163
A_only,NEMA,5,30093076,8,3500336,3802,-1,32128,-1,first_not_crystal_compton,0.44,837,0,837,7238
A_only,NEMA,5,30093076,8,3593571,3899,-1,32225,-1,measured_pair_differs_from_primary,0.44,713,8957,713,9021
A_only,NEMA,5,30093076,8,3766926,4094,-1,32420,-1,measured_pair_differs_from_primary,0.44,1790,6894,1790,6958
A_only,NEMA,5,30093076,8,3826223,4156,-1,32482,-1,first_not_crystal_compton,0.44,5600,0,5600,866
A_only,NEMA,5,30093076,8,3864865,4197,-1,32523,-1,first_not_crystal_compton,0.44,0,0,3363,1415
A_only,NEMA,5,30093076,8,3967100,4319,-1,32645,-1,measured_pair_differs_from_primary,0.44,661,4645,661,4644
A_only,NEMA,5,30093076,8,3967679,4321,-1,32647,-1,first_not_crystal_compton,0.44,0,0,2191,970
A_only,NEMA,5,30093076,8,4203475,4566,-1,32892,-1,measured_pair_differs_from_primary,0.44,8748,8684,8748,849
A_only,NEMA,5,30093076,8,4292626,4677,-1,33003,-1,measured_pair_differs_from_primary,0.44,3754,3753,3754,1444
A_only,NEMA,5,30093076,8,4323279,4711,-1,33037,-1,measured_pair_differs_from_primary,0.44,7976,7975,7976,1928
A_only,NEMA,5,30093076,8,4555125,4971,-1,33297,-1,measured_pair_differs_from_primary,0.44,3436,3500,3436,1749
A_only,NEMA,5,30093076,8,4702487,5158,-1,33484,-1,measured_pair_differs_from_primary,0.44,6548,6479,6548,1982
A_only,NEMA,5,30093076,8,4889915,5364,-1,33690,-1,first_not_crystal_compton,0.44,9096,0,9095,1764
A_only,NEMA,6,30093077,8,99016,116,-1,33940,-1,measured_pair_differs_from_primary,0.44,1836,9698,1836,9955
A_only,NEMA,6,30093077,8,289490,339,-1,34163,-1,measured_pair_differs_from_primary,0.44,8997,8996,8997,1056
A_only,NEMA,6,30093077,8,298772,347,-1,34171,-1,measured_pair_differs_from_primary,0.44,4398,904,4398,314
A_only,NEMA,6,30093077,8,452304,526,-1,34350,-1,first_not_crystal_compton,0.44,8964,0,8964,2182
A_only,NEMA,6,30093077,8,548125,630,-1,34454,-1,first_not_crystal_compton,0.44,0,0,4122,1399
A_only,NEMA,6,30093077,8,650417,725,-1,34549,-1,first_not_crystal_compton,0.44,0,0,1005,10
A_only,NEMA,6,30093077,8,718356,817,-1,34641,-1,measured_pair_differs_from_primary,0.44,3602,3603,3602,519
A_only,NEMA,6,30093077,8,759803,862,-1,34686,-1,measured_pair_differs_from_primary,0.44,3144,1382,3144,579
A_only,NEMA,6,30093077,8,839316,952,-1,34776,-1,intermediate_or_same_crystal_interaction,0.44,984,984,984,323
A_only,NEMA,6,30093077,8,1108288,1247,-1,35071,-1,first_energy_not_closed,0.44,205,1343,205,1343
A_only,NEMA,6,30093077,8,1164514,1309,-1,35133,-1,measured_pair_differs_from_primary,0.44,1667,1687,1667,1042
A_only,NEMA,6,30093077,8,1219948,1368,-1,35192,-1,measured_pair_differs_from_primary,0.44,8695,8757,8695,949
A_only,NEMA,6,30093077,8,1317231,1476,-1,35300,-1,measured_pair_differs_from_primary,0.44,1651,4380,1651,4253
A_only,NEMA,6,30093077,8,1375724,1533,-1,35357,-1,measured_pair_differs_from_primary,0.44,5623,5559,5623,1515
A_only,NEMA,6,30093077,8,1739972,1962,-1,35786,-1,intermediate_or_same_crystal_interaction,0.44,8567,8567,8567,316
A_only,NEMA,6,30093077,8,1896102,2149,-1,35973,-1,intermediate_or_same_crystal_interaction,0.44,129,0,129,8237
A_only,NEMA,6,30093077,8,1938981,2190,-1,36014,-1,intermediate_or_same_crystal_interaction,0.44,8448,8448,8448,2032
A_only,NEMA,6,30093077,8,2037752,2299,-1,36123,-1,intermediate_or_same_crystal_interaction,0.44,9904,9904,9904,1237
A_only,NEMA,6,30093077,8,2066031,2340,-1,36164,-1,intermediate_or_same_crystal_interaction,0.44,2045,0,2045,10411
A_only,NEMA,6,30093077,8,2188985,2498,-1,36322,-1,measured_pair_differs_from_primary,0.44,2820,2884,2820,1380
A_only,NEMA,6,30093077,8,2224908,2533,-1,36357,-1,first_not_crystal_compton,0.44,1207,0,1207,6335
A_only,NEMA,6,30093077,8,2367801,2692,-1,36516,-1,measured_pair_differs_from_primary,0.44,615,614,615,4993
A_only,NEMA,6,30093077,8,2393976,2728,-1,36552,-1,first_not_crystal_compton,0.44,7142,0,7142,733
A_only,NEMA,6,30093077,8,2555517,2908,-1,36732,-1,intermediate_or_same_crystal_interaction,0.44,5310,5310,5310,1824
A_only,NEMA,6,30093077,8,2663078,3025,-1,36849,-1,first_not_crystal_compton,0.44,259,0,1833,6680
A_only,NEMA,6,30093077,8,2905024,3308,-1,37132,-1,measured_pair_differs_from_primary,0.44,9073,1645,9073,1628
A_only,NEMA,6,30093077,8,3059091,3487,-1,37311,-1,intermediate_or_same_crystal_interaction,0.44,9212,9212,9212,2014
A_only,NEMA,6,30093077,8,3101516,3535,-1,37359,-1,intermediate_or_same_crystal_interaction,0.44,1287,1287,1287,5585
A_only,NEMA,6,30093077,8,3271419,3727,-1,37551,-1,intermediate_or_same_crystal_interaction,0.44,5822,5822,5822,1742
A_only,NEMA,6,30093077,8,3530537,4034,-1,37858,-1,first_not_crystal_compton,0.44,5198,0,5198,836
A_only,NEMA,6,30093077,8,3586507,4099,-1,37923,-1,first_energy_not_closed,0.44,1444,542,1444,542
A_only,NEMA,6,30093077,8,3607030,4126,-1,37950,-1,intermediate_or_same_crystal_interaction,0.44,1721,1721,1721,915
A_only,NEMA,6,30093077,8,3710166,4252,-1,38076,-1,first_not_crystal_compton,0.44,0,0,4504,1351
A_only,NEMA,6,30093077,8,3930021,4502,-1,38326,-1,first_not_crystal_compton,0.44,0,0,2046,7412
A_only,NEMA,6,30093077,8,3986105,4560,-1,38384,-1,measured_pair_differs_from_primary,0.44,106,3807,106,3675
A_only,NEMA,6,30093077,8,4023823,4607,-1,38431,-1,intermediate_or_same_crystal_interaction,0.44,353,0,353,9621
A_only,NEMA,6,30093077,8,4184396,4793,-1,38617,-1,measured_pair_differs_from_primary,0.44,8037,8163,8037,2081
A_only,NEMA,6,30093077,8,4290145,4918,-1,38742,-1,measured_pair_differs_from_primary,0.44,1568,757,1568,141
A_only,NEMA,6,30093077,8,4445085,5115,-1,38939,-1,first_not_crystal_compton,0.44,795,0,795,2034
A_only,NEMA,6,30093077,8,4672360,5368,-1,39192,-1,intermediate_or_same_crystal_interaction,0.44,7101,7101,7101,1856
A_only,NEMA,6,30093077,8,4688413,5386,-1,39210,-1,intermediate_or_same_crystal_interaction,0.44,636,0,636,6044
A_only,NEMA,6,30093077,8,4726895,5434,-1,39258,-1,intermediate_or_same_crystal_interaction,0.44,287,287,287,6504
B_only,NEMA,6,30093077,8,4783795,-1,3475,-1,24656,accepted,0.44,629,1523,0,0
A_only,NEMA,6,30093077,8,4985115,5714,-1,39538,-1,measured_pair_differs_from_primary,0.44,5554,5427,5554,1469
A_only,NEMA,7,30093078,8,112544,149,-1,39707,-1,intermediate_or_same_crystal_interaction,0.44,968,0,968,1439
A_only,NEMA,7,30093078,8,254620,326,-1,39884,-1,measured_pair_differs_from_primary,0.44,495,1093,495,5451
A_only,NEMA,7,30093078,8,258606,328,-1,39886,-1,measured_pair_differs_from_primary,0.44,1852,4565,1852,4501
A_only,NEMA,7,30093078,8,571419,642,-1,40200,-1,first_not_crystal_compton,0.44,0,0,1666,5898
A_only,NEMA,7,30093078,8,796352,906,-1,40464,-1,intermediate_or_same_crystal_interaction,0.44,2040,0,2040,7979
A_only,NEMA,7,30093078,8,929433,1048,-1,40606,-1,intermediate_or_same_crystal_interaction,0.44,8534,8534,8534,337
B_only,NEMA,7,30093078,8,1038144,-1,730,-1,25529,accepted,0.44,72,4126,0,0
A_only,NEMA,7,30093078,8,1216044,1364,-1,40922,-1,intermediate_or_same_crystal_interaction,0.44,1202,1202,1202,466
A_only,NEMA,7,30093078,8,1233816,1389,-1,40947,-1,measured_pair_differs_from_primary,0.44,1807,713,1807,703
A_only,NEMA,7,30093078,8,1366548,1553,-1,41111,-1,intermediate_or_same_crystal_interaction,0.44,7567,7567,7567,1939
A_only,NEMA,7,30093078,8,1460282,1671,-1,41229,-1,first_not_crystal_compton,0.44,0,0,2413,599
A_only,NEMA,7,30093078,8,1506704,1732,-1,41290,-1,measured_pair_differs_from_primary,0.44,1496,4305,1496,4304
A_only,NEMA,7,30093078,8,1835190,2101,-1,41659,-1,intermediate_or_same_crystal_interaction,0.44,139,0,139,7782
A_only,NEMA,7,30093078,8,1900717,2188,-1,41746,-1,measured_pair_differs_from_primary,0.44,5347,5346,5347,1605
A_only,NEMA,7,30093078,8,1974765,2267,-1,41825,-1,measured_pair_differs_from_primary,0.44,7262,7260,7262,1954
A_only,NEMA,7,30093078,8,2103285,2399,-1,41957,-1,intermediate_or_same_crystal_interaction,0.44,7506,7506,7506,1513
A_only,NEMA,7,30093078,8,2111758,2416,-1,41974,-1,measured_pair_differs_from_primary,0.44,8472,8410,8472,1977
B_only,NEMA,7,30093078,8,2145383,-1,1534,-1,26333,accepted,0.44,4175,1582,0,0
A_only,NEMA,7,30093078,8,2195159,2498,-1,42056,-1,measured_pair_differs_from_primary,0.44,3735,3671,3735,566
A_only,NEMA,7,30093078,8,2213137,2517,-1,42075,-1,measured_pair_differs_from_primary,0.44,1493,6433,1493,6497
A_only,NEMA,7,30093078,8,2294549,2612,-1,42170,-1,intermediate_or_same_crystal_interaction,0.44,388,0,388,2037
A_only,NEMA,7,30093078,8,2658909,2973,-1,42531,-1,intermediate_or_same_crystal_interaction,0.44,1422,0,1422,5310
A_only,NEMA,7,30093078,8,2716432,3039,-1,42597,-1,measured_pair_differs_from_primary,0.44,1611,4990,1611,4991
A_only,NEMA,7,30093078,8,2831051,3180,-1,42738,-1,measured_pair_differs_from_primary,0.44,387,8413,387,8348
A_only,NEMA,7,30093078,8,2842826,3193,-1,42751,-1,first_not_crystal_compton,0.44,1918,0,1918,7986
A_only,NEMA,7,30093078,8,3196035,3610,-1,43168,-1,intermediate_or_same_crystal_interaction,0.44,1495,1495,1495,4692
A_only,NEMA,7,30093078,8,3228964,3651,-1,43209,-1,intermediate_or_same_crystal_interaction,0.44,140,140,140,1002
A_only,NEMA,7,30093078,8,3406309,3847,-1,43405,-1,intermediate_or_same_crystal_interaction,0.44,2243,2243,2243,10319
A_only,NEMA,7,30093078,8,3575883,4021,-1,43579,-1,intermediate_or_same_crystal_interaction,0.44,191,191,191,3826
A_only,NEMA,7,30093078,8,3654297,4123,-1,43681,-1,measured_pair_differs_from_primary,0.44,4269,700,4269,151
A_only,NEMA,7,30093078,8,3762104,4238,-1,43796,-1,first_not_crystal_compton,0.44,7840,0,7840,1976
A_only,NEMA,7,30093078,8,3836163,4325,-1,43883,-1,intermediate_or_same_crystal_interaction,0.44,2120,2120,2120,8808
A_only,NEMA,7,30093078,8,3946014,4455,-1,44013,-1,first_not_crystal_compton,0.44,798,0,798,1447
A_only,NEMA,7,30093078,8,4357461,4913,-1,44471,-1,measured_pair_differs_from_primary,0.44,1310,4809,1310,5127
A_only,NEMA,7,30093078,8,4394364,4966,-1,44524,-1,intermediate_or_same_crystal_interaction,0.44,5385,0,5385,1542
A_only,NEMA,7,30093078,8,4506063,5111,-1,44669,-1,first_not_crystal_compton,0.44,0,0,4458,1660
A_only,NEMA,7,30093078,8,4882368,5527,-1,45085,-1,intermediate_or_same_crystal_interaction,0.44,6414,6414,6414,1833
A_only,NEMA,8,30093079,8,352166,427,-1,45659,-1,intermediate_or_same_crystal_interaction,0.44,134,134,134,8701
A_only,NEMA,8,30093079,8,444806,547,-1,45779,-1,intermediate_or_same_crystal_interaction,0.44,4902,0,4902,720
A_only,NEMA,8,30093079,8,534129,635,-1,45867,-1,first_not_crystal_compton,0.44,92,0,1435,3520
A_only,NEMA,8,30093079,8,581987,679,-1,45911,-1,first_not_crystal_compton,0.44,0,0,7129,278
A_only,NEMA,8,30093079,8,909944,1058,-1,46290,-1,intermediate_or_same_crystal_interaction,0.44,628,628,628,1686
A_only,NEMA,8,30093079,8,1129547,1311,-1,46543,-1,measured_pair_differs_from_primary,0.44,5841,5840,5841,1618
A_only,NEMA,8,30093079,8,1313715,1548,-1,46780,-1,intermediate_or_same_crystal_interaction,0.44,907,907,907,446
B_only,NEMA,8,30093079,8,1562093,-1,1126,-1,29472,accepted,0.44,794,1905,0,0
A_only,NEMA,8,30093079,8,1636811,1919,-1,47151,-1,first_not_crystal_compton,0.44,5958,0,5958,1019
A_only,NEMA,8,30093079,8,1998255,2339,-1,47571,-1,first_energy_not_closed,0.44,214,1921,214,1921
A_only,NEMA,8,30093079,8,2204382,2587,-1,47819,-1,measured_pair_differs_from_primary,0.44,6733,1706,6733,754
A_only,NEMA,8,30093079,8,2481551,2905,-1,48137,-1,intermediate_or_same_crystal_interaction,0.44,2497,2497,2497,1298
A_only,NEMA,8,30093079,8,2536296,2973,-1,48205,-1,intermediate_or_same_crystal_interaction,0.44,337,337,337,761
A_only,NEMA,8,30093079,8,2584719,3012,-1,48244,-1,first_not_crystal_compton,0.44,421,0,2146,6416
A_only,NEMA,8,30093079,8,2672805,3118,-1,48350,-1,measured_pair_differs_from_primary,0.44,3116,3057,3116,215
A_only,NEMA,8,30093079,8,2937399,3407,-1,48639,-1,measured_pair_differs_from_primary,0.44,5861,5796,5861,1638
A_only,NEMA,8,30093079,8,3221663,3764,-1,48996,-1,first_not_crystal_compton,0.44,2666,0,2666,617
A_only,NEMA,8,30093079,8,3289914,3845,-1,49077,-1,measured_pair_differs_from_primary,0.44,818,2770,818,2579
A_only,NEMA,8,30093079,8,3305659,3867,-1,49099,-1,first_not_crystal_compton,0.44,0,0,3163,1874
A_only,NEMA,8,30093079,8,3810878,4511,-1,49743,-1,measured_pair_differs_from_primary,0.44,345,906,345,3760
A_only,NEMA,8,30093079,8,3913465,4617,-1,49849,-1,measured_pair_differs_from_primary,0.44,10149,10085,10149,1835
A_only,NEMA,8,30093079,8,3929784,4629,-1,49861,-1,intermediate_or_same_crystal_interaction,0.44,4533,4533,4533,176
A_only,NEMA,8,30093079,8,3933994,4640,-1,49872,-1,measured_pair_differs_from_primary,0.44,769,6138,769,6203
A_only,NEMA,8,30093079,8,4039258,4755,-1,49987,-1,intermediate_or_same_crystal_interaction,0.44,9627,9627,9627,363
B_only,NEMA,8,30093079,8,4047179,-1,2984,-1,31330,accepted,0.44,714,6272,0,0
A_only,NEMA,8,30093079,8,4089377,4799,-1,50031,-1,first_not_crystal_compton,0.44,0,0,8908,1002
A_only,NEMA,8,30093079,8,4235775,4959,-1,50191,-1,measured_pair_differs_from_primary,0.44,322,885,322,4671
A_only,NEMA,8,30093079,8,4520729,5271,-1,50503,-1,measured_pair_differs_from_primary,0.44,1208,9991,1208,9990
A_only,NEMA,8,30093079,8,4534700,5291,-1,50523,-1,intermediate_or_same_crystal_interaction,0.44,1663,0,1663,3831
A_only,NEMA,8,30093079,8,4629463,5403,-1,50635,-1,first_not_crystal_compton,0.44,0,0,9369,1411
A_only,NEMA,8,30093079,8,4808181,5600,-1,50832,-1,first_not_crystal_compton,0.44,0,0,606,1480
A_only,NEMA,9,30093080,8,297865,345,-1,51397,-1,first_energy_not_closed,0.44,967,1990,967,1990
A_only,NEMA,9,30093080,8,382539,436,-1,51488,-1,intermediate_or_same_crystal_interaction,0.44,1392,0,1392,4090
A_only,NEMA,9,30093080,8,614007,690,-1,51742,-1,measured_pair_differs_from_primary,0.44,5202,5139,5202,593
A_only,NEMA,9,30093080,8,988460,1124,-1,52176,-1,measured_pair_differs_from_primary,0.44,4377,4572,4377,1806
A_only,NEMA,9,30093080,8,1246163,1418,-1,52470,-1,measured_pair_differs_from_primary,0.44,2142,9572,2142,9636
A_only,NEMA,9,30093080,8,1246896,1419,-1,52471,-1,measured_pair_differs_from_primary,0.44,7628,7629,7628,1824
A_only,NEMA,9,30093080,8,1718120,1936,-1,52988,-1,intermediate_or_same_crystal_interaction,0.44,1737,1737,1737,840
A_only,NEMA,9,30093080,8,1795894,2026,-1,53078,-1,intermediate_or_same_crystal_interaction,0.44,958,958,958,8392
A_only,NEMA,9,30093080,8,1904376,2152,-1,53204,-1,intermediate_or_same_crystal_interaction,0.44,754,0,754,2779
B_only,NEMA,9,30093080,8,2127344,-1,1481,-1,33502,accepted,0.44,7092,1809,0,0
A_only,NEMA,9,30093080,8,2636989,2977,-1,54029,-1,intermediate_or_same_crystal_interaction,0.44,5536,5536,5536,842
A_only,NEMA,9,30093080,8,2787748,3176,-1,54228,-1,first_not_crystal_compton,0.44,6205,0,6205,909
A_only,NEMA,9,30093080,8,2893013,3294,-1,54346,-1,intermediate_or_same_crystal_interaction,0.44,7551,0,7551,744
A_only,NEMA,9,30093080,8,3007477,3427,-1,54479,-1,first_not_crystal_compton,0.44,2252,0,2252,9439
A_only,NEMA,9,30093080,8,3135655,3585,-1,54637,-1,measured_pair_differs_from_primary,0.44,8598,8599,8598,2100
A_only,NEMA,9,30093080,8,3510731,3997,-1,55049,-1,intermediate_or_same_crystal_interaction,0.44,4212,4212,4212,1588
A_only,NEMA,9,30093080,8,3517712,4008,-1,55060,-1,intermediate_or_same_crystal_interaction,0.44,1923,1923,1923,839
A_only,NEMA,9,30093080,8,3849925,4373,-1,55425,-1,measured_pair_differs_from_primary,0.44,6047,5465,6047,1432
A_only,NEMA,9,30093080,8,3923114,4472,-1,55524,-1,first_not_crystal_compton,0.44,0,0,5264,1649
A_only,NEMA,9,30093080,8,3971870,4529,-1,55581,-1,intermediate_or_same_crystal_interaction,0.44,911,0,911,1888
A_only,NEMA,9,30093080,8,3977072,4536,-1,55588,-1,intermediate_or_same_crystal_interaction,0.44,991,0,991,5961
A_only,NEMA,9,30093080,8,4221420,4809,-1,55861,-1,measured_pair_differs_from_primary,0.44,5665,5664,5665,1665
A_only,NEMA,9,30093080,8,4241568,4836,-1,55888,-1,measured_pair_differs_from_primary,0.44,1305,3077,1305,3204
A_only,NEMA,9,30093080,8,4302162,4906,-1,55958,-1,first_not_crystal_compton,0.44,0,0,7947,949
A_only,NEMA,9,30093080,8,4371603,4988,-1,56040,-1,first_not_crystal_compton,0.44,484,0,2090,9142
A_only,NEMA,9,30093080,8,4538669,5181,-1,56233,-1,intermediate_or_same_crystal_interaction,0.44,9571,0,9571,1086
A_only,NEMA,9,30093080,8,4602713,5232,-1,56284,-1,intermediate_or_same_crystal_interaction,0.44,7673,7673,7673,1886
A_only,NEMA,9,30093080,8,4661239,5300,-1,56352,-1,first_not_crystal_compton,0.44,5873,0,5873,1742
A_only,NEMA,9,30093080,8,4746631,5379,-1,56431,-1,measured_pair_differs_from_primary,0.44,5306,5305,5306,1562
B_only,NEMA,9,30093080,8,4760733,-1,3345,-1,35366,accepted,0.44,3626,1344,0,0
A_only,NEMA,9,30093080,8,4790888,5430,-1,56482,-1,intermediate_or_same_crystal_interaction,0.44,470,0,470,1189
A_only,NEMA,9,30093080,8,4952957,5630,-1,56682,-1,intermediate_or_same_crystal_interaction,0.44,9486,9486,9486,1155
A_only,NEMA,9,30093080,8,4971072,5647,-1,56699,-1,measured_pair_differs_from_primary,0.44,6901,6643,6901,1760
A_only,NEMA,9,30093080,8,4998828,5673,-1,56725,-1,intermediate_or_same_crystal_interaction,0.44,2141,0,2141,10413
A_only,NEMA,0,30093081,9,44484,48,-1,48,-1,intermediate_or_same_crystal_interaction,0.44,9633,9633,9633,1225
A_only,NEMA,0,30093081,9,127689,139,-1,139,-1,first_not_crystal_compton,0.44,4713,0,4777,931
A_only,NEMA,0,30093081,9,298004,340,-1,340,-1,first_not_crystal_compton,0.44,2256,0,10111,1755
A_only,NEMA,0,30093081,9,615852,728,-1,728,-1,first_not_crystal_compton,0.44,918,0,918,1965
A_only,NEMA,0,30093081,9,754001,895,-1,895,-1,intermediate_or_same_crystal_interaction,0.44,10201,10201,10201,1045
A_only,NEMA,0,30093081,9,1281678,1487,-1,1487,-1,measured_pair_differs_from_primary,0.44,5220,5221,5220,1610
A_only,NEMA,0,30093081,9,1345265,1561,-1,1561,-1,intermediate_or_same_crystal_interaction,0.44,5175,0,5175,1771
A_only,NEMA,0,30093081,9,1711384,1966,-1,1966,-1,measured_pair_differs_from_primary,0.44,1477,5206,1477,5270
A_only,NEMA,0,30093081,9,1983291,2249,-1,2249,-1,first_not_crystal_compton,0.44,1077,0,2065,1129
A_only,NEMA,0,30093081,9,2065651,2351,-1,2351,-1,measured_pair_differs_from_primary,0.44,555,1413,555,3916
A_only,NEMA,0,30093081,9,2116601,2416,-1,2416,-1,measured_pair_differs_from_primary,0.44,1319,4407,1319,4534
A_only,NEMA,0,30093081,9,2585300,2964,-1,2964,-1,measured_pair_differs_from_primary,0.44,8666,8732,8666,2101
B_only,NEMA,0,30093081,9,2798968,-1,1956,-1,1956,accepted,0.44,1910,369,0,0
A_only,NEMA,0,30093081,9,2840562,3236,-1,3236,-1,intermediate_or_same_crystal_interaction,0.44,1679,1679,1679,5568
A_only,NEMA,0,30093081,9,2934260,3352,-1,3352,-1,measured_pair_differs_from_primary,0.44,4956,5085,4956,1839
A_only,NEMA,0,30093081,9,3002863,3435,-1,3435,-1,measured_pair_differs_from_primary,0.44,8418,8419,8418,1143
B_only,NEMA,0,30093081,9,3145463,-1,2204,-1,2204,accepted,0.44,4560,1624,0,0
A_only,NEMA,0,30093081,9,3620567,4115,-1,4115,-1,intermediate_or_same_crystal_interaction,0.44,1781,1781,1781,6809
A_only,NEMA,0,30093081,9,3676677,4195,-1,4195,-1,measured_pair_differs_from_primary,0.44,9090,1961,9090,1945
A_only,NEMA,0,30093081,9,3805002,4350,-1,4350,-1,intermediate_or_same_crystal_interaction,0.44,3318,3318,3318,543
A_only,NEMA,0,30093081,9,3873511,4428,-1,4428,-1,measured_pair_differs_from_primary,0.44,865,1965,865,9258
A_only,NEMA,0,30093081,9,4158565,4745,-1,4745,-1,intermediate_or_same_crystal_interaction,0.44,9737,9737,9737,2055
A_only,NEMA,0,30093081,9,4318719,4907,-1,4907,-1,first_not_crystal_compton,0.44,771,0,1645,4068
A_only,NEMA,0,30093081,9,4500092,5109,-1,5109,-1,measured_pair_differs_from_primary,0.44,7589,7525,7589,188
B_only,NEMA,0,30093081,9,4627969,-1,3318,-1,3318,accepted,0.44,1199,480,0,0
A_only,NEMA,0,30093081,9,4665035,5303,-1,5303,-1,first_not_crystal_compton,0.44,352,0,1087,8655
A_only,NEMA,0,30093081,9,4718326,5374,-1,5374,-1,measured_pair_differs_from_primary,0.44,6477,6478,6477,1785
A_only,NEMA,0,30093081,9,4802511,5467,-1,5467,-1,intermediate_or_same_crystal_interaction,0.44,1979,1979,1979,8628
A_only,NEMA,0,30093081,9,4862363,5534,-1,5534,-1,measured_pair_differs_from_primary,0.44,944,932,944,4436
A_only,NEMA,0,30093081,9,4930818,5606,-1,5606,-1,intermediate_or_same_crystal_interaction,0.44,213,0,213,7844
A_only,NEMA,1,30093082,9,57266,69,-1,5758,-1,measured_pair_differs_from_primary,0.44,6900,6901,6900,1983
A_only,NEMA,1,30093082,9,160812,199,-1,5888,-1,measured_pair_differs_from_primary,0.44,4692,4818,4692,1733
A_only,NEMA,1,30093082,9,558583,648,-1,6337,-1,intermediate_or_same_crystal_interaction,0.44,1734,1734,1734,308
A_only,NEMA,1,30093082,9,574519,667,-1,6356,-1,measured_pair_differs_from_primary,0.44,1990,9523,1990,9587
A_only,NEMA,1,30093082,9,644208,744,-1,6433,-1,intermediate_or_same_crystal_interaction,0.44,1970,1970,1970,7428
A_only,NEMA,1,30093082,9,664428,768,-1,6457,-1,intermediate_or_same_crystal_interaction,0.44,2222,2222,2222,9125
A_only,NEMA,1,30093082,9,757256,861,-1,6550,-1,measured_pair_differs_from_primary,0.44,2749,2812,2749,260
A_only,NEMA,1,30093082,9,1333232,1504,-1,7193,-1,measured_pair_differs_from_primary,0.44,1894,5131,1894,5067
A_only,NEMA,1,30093082,9,1477258,1675,-1,7364,-1,first_not_crystal_compton,0.44,1069,0,8535,2001
A_only,NEMA,1,30093082,9,1494895,1695,-1,7384,-1,measured_pair_differs_from_primary,0.44,7797,7861,7797,2029
A_only,NEMA,1,30093082,9,1546824,1757,-1,7446,-1,intermediate_or_same_crystal_interaction,0.44,1132,0,1132,2186
A_only,NEMA,1,30093082,9,1904158,2167,-1,7856,-1,measured_pair_differs_from_primary,0.44,8585,2022,8585,1039
A_only,NEMA,1,30093082,9,2050698,2314,-1,8003,-1,measured_pair_differs_from_primary,0.44,2297,9904,2297,9841
A_only,NEMA,1,30093082,9,2582563,2917,-1,8606,-1,intermediate_or_same_crystal_interaction,0.44,4241,4241,4241,1522
A_only,NEMA,1,30093082,9,2769040,3123,-1,8812,-1,intermediate_or_same_crystal_interaction,0.44,531,531,531,4159
B_only,NEMA,1,30093082,9,2828470,-1,2004,-1,5595,accepted,0.44,7670,1932,0,0
A_only,NEMA,1,30093082,9,2853363,3229,-1,8918,-1,measured_pair_differs_from_primary,0.44,127,795,127,7346
A_only,NEMA,1,30093082,9,3097984,3480,-1,9169,-1,intermediate_or_same_crystal_interaction,0.44,1544,1544,1544,766
A_only,NEMA,1,30093082,9,3156731,3546,-1,9235,-1,intermediate_or_same_crystal_interaction,0.44,1088,1088,1088,8295
A_only,NEMA,1,30093082,9,3271800,3668,-1,9357,-1,measured_pair_differs_from_primary,0.44,1806,7341,1806,7404
A_only,NEMA,1,30093082,9,3304927,3708,-1,9397,-1,measured_pair_differs_from_primary,0.44,5536,5601,5536,1739
A_only,NEMA,1,30093082,9,3333300,3731,-1,9420,-1,intermediate_or_same_crystal_interaction,0.44,6364,6364,6364,2001
A_only,NEMA,1,30093082,9,3492164,3884,-1,9573,-1,first_not_crystal_compton,0.44,1477,0,3537,1567
A_only,NEMA,1,30093082,9,3530526,3925,-1,9614,-1,measured_pair_differs_from_primary,0.44,6685,848,6685,184
A_only,NEMA,1,30093082,9,3683006,4087,-1,9776,-1,first_not_crystal_compton,0.44,106,0,642,6607
A_only,NEMA,1,30093082,9,3774142,4178,-1,9867,-1,intermediate_or_same_crystal_interaction,0.44,6784,6784,6784,1792
B_only,NEMA,1,30093082,9,3871328,-1,2676,-1,6267,accepted,0.44,816,192,0,0
A_only,NEMA,1,30093082,9,3887181,4312,-1,10001,-1,measured_pair_differs_from_primary,0.44,2254,9635,2254,9634
A_only,NEMA,1,30093082,9,3917138,4350,-1,10039,-1,measured_pair_differs_from_primary,0.44,6265,2203,6265,2223
A_only,NEMA,1,30093082,9,4014289,4462,-1,10151,-1,measured_pair_differs_from_primary,0.44,967,3119,967,2927
A_only,NEMA,1,30093082,9,4087973,4537,-1,10226,-1,intermediate_or_same_crystal_interaction,0.44,789,789,789,1795
A_only,NEMA,1,30093082,9,4111512,4562,-1,10251,-1,first_energy_not_closed,0.44,526,2059,526,2059
A_only,NEMA,1,30093082,9,4309214,4774,-1,10463,-1,measured_pair_differs_from_primary,0.44,1523,4309,1523,4310
B_only,NEMA,1,30093082,9,4469814,-1,3086,-1,6677,accepted,0.44,9813,2198,0,0
A_only,NEMA,1,30093082,9,4548972,5048,-1,10737,-1,measured_pair_differs_from_primary,0.44,6122,6250,6122,2078
A_only,NEMA,1,30093082,9,4573125,5069,-1,10758,-1,intermediate_or_same_crystal_interaction,0.44,2060,2060,2060,8149
A_only,NEMA,1,30093082,9,4736841,5244,-1,10933,-1,intermediate_or_same_crystal_interaction,0.44,861,861,861,1627
A_only,NEMA,1,30093082,9,4885505,5395,-1,11084,-1,measured_pair_differs_from_primary,0.44,1693,4268,1693,4141
A_only,NEMA,2,30093083,9,63941,73,-1,11279,-1,intermediate_or_same_crystal_interaction,0.44,2155,0,2155,481
A_only,NEMA,2,30093083,9,108028,128,-1,11334,-1,measured_pair_differs_from_primary,0.44,1462,3856,1462,3792
A_only,NEMA,2,30093083,9,217345,284,-1,11490,-1,intermediate_or_same_crystal_interaction,0.44,7903,7903,7903,2222
A_only,NEMA,2,30093083,9,229647,297,-1,11503,-1,measured_pair_differs_from_primary,0.44,96,5577,96,5641
A_only,NEMA,2,30093083,9,243323,314,-1,11520,-1,measured_pair_differs_from_primary,0.44,1298,3650,1298,3842
A_only,NEMA,2,30093083,9,345428,428,-1,11634,-1,measured_pair_differs_from_primary,0.44,997,1598,997,1583
B_only,NEMA,2,30093083,9,665706,-1,510,-1,7553,accepted,0.44,3114,1478,0,0
A_only,NEMA,2,30093083,9,1099100,1292,-1,12498,-1,intermediate_or_same_crystal_interaction,0.44,3446,3446,3446,866
A_only,NEMA,2,30093083,9,1151521,1354,-1,12560,-1,intermediate_or_same_crystal_interaction,0.44,1512,1512,1512,3669
A_only,NEMA,2,30093083,9,1164664,1367,-1,12573,-1,intermediate_or_same_crystal_interaction,0.44,8663,8663,8663,2041
A_only,NEMA,2,30093083,9,1363635,1613,-1,12819,-1,measured_pair_differs_from_primary,0.44,1522,2513,1522,2322
A_only,NEMA,2,30093083,9,1545194,1838,-1,13044,-1,intermediate_or_same_crystal_interaction,0.44,8287,0,8287,875
A_only,NEMA,2,30093083,9,1628473,1924,-1,13130,-1,measured_pair_differs_from_primary,0.44,2255,7504,2255,7503
A_only,NEMA,2,30093083,9,1751250,2067,-1,13273,-1,measured_pair_differs_from_primary,0.44,4153,4217,4153,1699
A_only,NEMA,2,30093083,9,1774803,2092,-1,13298,-1,measured_pair_differs_from_primary,0.44,605,255,605,264
A_only,NEMA,2,30093083,9,1792488,2115,-1,13321,-1,first_not_crystal_compton,0.44,0,0,4442,1768
B_only,NEMA,2,30093083,9,1855988,-1,1421,-1,8464,accepted,0.44,1972,1117,0,0
A_only,NEMA,2,30093083,9,2096806,2498,-1,13704,-1,intermediate_or_same_crystal_interaction,0.44,1695,1695,1695,5691
A_only,NEMA,2,30093083,9,2126206,2544,-1,13750,-1,measured_pair_differs_from_primary,0.44,1491,3307,1491,3244
A_only,NEMA,2,30093083,9,2167715,2609,-1,13815,-1,measured_pair_differs_from_primary,0.44,5151,1629,5151,1630
A_only,NEMA,2,30093083,9,2362624,2833,-1,14039,-1,measured_pair_differs_from_primary,0.44,10036,9971,10036,2206
A_only,NEMA,2,30093083,9,2595851,3089,-1,14295,-1,intermediate_or_same_crystal_interaction,0.44,381,0,381,9394
A_only,NEMA,2,30093083,9,2635941,3135,-1,14341,-1,first_energy_not_closed,0.44,8798,1700,8798,1700
A_only,NEMA,2,30093083,9,3138491,3712,-1,14918,-1,intermediate_or_same_crystal_interaction,0.44,1124,1124,1124,7397
A_only,NEMA,2,30093083,9,3193483,3776,-1,14982,-1,measured_pair_differs_from_primary,0.44,781,7778,781,7842
A_only,NEMA,2,30093083,9,3416219,4036,-1,15242,-1,measured_pair_differs_from_primary,0.44,7205,7267,7205,2019
A_only,NEMA,2,30093083,9,3711619,4367,-1,15573,-1,measured_pair_differs_from_primary,0.44,6005,2013,6005,2029
A_only,NEMA,2,30093083,9,3780552,4442,-1,15648,-1,measured_pair_differs_from_primary,0.44,1780,7457,1780,7522
A_only,NEMA,2,30093083,9,4083643,4758,-1,15964,-1,first_not_crystal_compton,0.44,0,0,1717,1278
A_only,NEMA,2,30093083,9,4147917,4839,-1,16045,-1,measured_pair_differs_from_primary,0.44,409,1932,409,6830
A_only,NEMA,2,30093083,9,4449293,5182,-1,16388,-1,intermediate_or_same_crystal_interaction,0.44,386,0,386,7199
A_only,NEMA,2,30093083,9,4804584,5557,-1,16763,-1,measured_pair_differs_from_primary,0.44,2163,6137,2163,6010
A_only,NEMA,2,30093083,9,4854836,5614,-1,16820,-1,measured_pair_differs_from_primary,0.44,9474,9540,9474,2262
A_only,NEMA,2,30093083,9,4943908,5714,-1,16920,-1,intermediate_or_same_crystal_interaction,0.44,4959,4959,4959,1657
A_only,NEMA,2,30093083,9,4964666,5734,-1,16940,-1,measured_pair_differs_from_primary,0.44,874,9677,874,10060
A_only,NEMA,3,30093084,9,817691,865,-1,17838,-1,intermediate_or_same_crystal_interaction,0.44,4843,4843,4843,1770
A_only,NEMA,3,30093084,9,822827,870,-1,17843,-1,measured_pair_differs_from_primary,0.44,6978,6979,6978,994
A_only,NEMA,3,30093084,9,860547,910,-1,17883,-1,intermediate_or_same_crystal_interaction,0.44,9063,9063,9063,2123
A_only,NEMA,3,30093084,9,1487552,1615,-1,18588,-1,first_not_crystal_compton,0.44,0,0,10121,1190
A_only,NEMA,3,30093084,9,1609302,1742,-1,18715,-1,intermediate_or_same_crystal_interaction,0.44,2289,2289,2289,9563
A_only,NEMA,3,30093084,9,1613656,1749,-1,18722,-1,first_not_crystal_compton,0.44,1565,0,1565,4425
A_only,NEMA,3,30093084,9,1659943,1802,-1,18775,-1,first_not_crystal_compton,0.44,0,0,862,6539
A_only,NEMA,3,30093084,9,1682738,1825,-1,18798,-1,first_not_crystal_compton,0.44,584,0,584,5670
A_only,NEMA,3,30093084,9,1906461,2078,-1,19051,-1,intermediate_or_same_crystal_interaction,0.44,235,0,235,7071
A_only,NEMA,3,30093084,9,2295548,2533,-1,19506,-1,measured_pair_differs_from_primary,0.44,1623,5414,1623,5415
A_only,NEMA,3,30093084,9,2484218,2746,-1,19719,-1,measured_pair_differs_from_primary,0.44,7879,7881,7879,1024
A_only,NEMA,3,30093084,9,2998198,3333,-1,20306,-1,measured_pair_differs_from_primary,0.44,557,4012,557,4076
A_only,NEMA,3,30093084,9,3054799,3385,-1,20358,-1,first_not_crystal_compton,0.44,895,0,895,5300
A_only,NEMA,3,30093084,9,3158605,3507,-1,20480,-1,first_not_crystal_compton,0.44,0,0,7451,1727
A_only,NEMA,3,30093084,9,3231441,3576,-1,20549,-1,measured_pair_differs_from_primary,0.44,9805,9742,9805,1950
A_only,NEMA,3,30093084,9,3327587,3687,-1,20660,-1,measured_pair_differs_from_primary,0.44,5613,5548,5613,187
A_only,NEMA,3,30093084,9,3384346,3768,-1,20741,-1,measured_pair_differs_from_primary,0.44,544,4701,544,4829
A_only,NEMA,3,30093084,9,3515632,3917,-1,20890,-1,intermediate_or_same_crystal_interaction,0.44,312,312,312,984
A_only,NEMA,3,30093084,9,3604522,4014,-1,20987,-1,measured_pair_differs_from_primary,0.44,16,37,16,699
A_only,NEMA,3,30093084,9,4117860,4628,-1,21601,-1,first_not_crystal_compton,0.44,0,0,6737,976
A_only,NEMA,3,30093084,9,4328085,4871,-1,21844,-1,first_not_crystal_compton,0.44,0,0,1652,4529
A_only,NEMA,3,30093084,9,4378901,4934,-1,21907,-1,measured_pair_differs_from_primary,0.44,4751,4752,4751,1547
A_only,NEMA,3,30093084,9,4444467,5020,-1,21993,-1,first_not_crystal_compton,0.44,924,0,5905,1946
A_only,NEMA,3,30093084,9,4503187,5084,-1,22057,-1,measured_pair_differs_from_primary,0.44,3744,3745,3744,1568
A_only,NEMA,3,30093084,9,4574709,5165,-1,22138,-1,intermediate_or_same_crystal_interaction,0.44,996,996,996,5775
A_only,NEMA,3,30093084,9,4685970,5280,-1,22253,-1,measured_pair_differs_from_primary,0.44,648,1730,648,7811
A_only,NEMA,3,30093084,9,4805105,5427,-1,22400,-1,measured_pair_differs_from_primary,0.44,1725,7062,1725,7126
A_only,NEMA,3,30093084,9,4846040,5474,-1,22447,-1,first_not_crystal_compton,0.44,1366,0,1366,578
A_only,NEMA,3,30093084,9,4876565,5513,-1,22486,-1,intermediate_or_same_crystal_interaction,0.44,3879,3879,3879,1403
A_only,NEMA,3,30093084,9,4926594,5570,-1,22543,-1,measured_pair_differs_from_primary,0.44,3647,3646,3647,1531
A_only,NEMA,3,30093084,9,4993281,5634,-1,22607,-1,first_not_crystal_compton,0.44,0,0,968,327
A_only,NEMA,4,30093085,9,90801,100,-1,22712,-1,intermediate_or_same_crystal_interaction,0.44,2702,2702,2702,539
A_only,NEMA,4,30093085,9,306820,359,-1,22971,-1,measured_pair_differs_from_primary,0.44,3565,3629,3565,1739
A_only,NEMA,4,30093085,9,328479,381,-1,22993,-1,measured_pair_differs_from_primary,0.44,4119,4056,4119,1492
A_only,NEMA,4,30093085,9,426425,501,-1,23113,-1,first_not_crystal_compton,0.44,0,0,8137,2114
A_only,NEMA,4,30093085,9,493017,574,-1,23186,-1,intermediate_or_same_crystal_interaction,0.44,2073,2073,2073,1176
A_only,NEMA,4,30093085,9,507507,590,-1,23202,-1,first_not_crystal_compton,0.44,756,0,756,1862
A_only,NEMA,4,30093085,9,645602,767,-1,23379,-1,intermediate_or_same_crystal_interaction,0.44,815,0,815,1758
A_only,NEMA,4,30093085,9,660629,778,-1,23390,-1,measured_pair_differs_from_primary,0.44,1080,1782,1080,1768
A_only,NEMA,4,30093085,9,819788,970,-1,23582,-1,first_not_crystal_compton,0.44,7928,0,7928,2156
A_only,NEMA,4,30093085,9,905870,1078,-1,23690,-1,intermediate_or_same_crystal_interaction,0.44,7912,7912,7912,1944
A_only,NEMA,4,30093085,9,952390,1127,-1,23739,-1,intermediate_or_same_crystal_interaction,0.44,816,816,816,1678
A_only,NEMA,4,30093085,9,1067806,1284,-1,23896,-1,measured_pair_differs_from_primary,0.44,6971,1872,6971,322
A_only,NEMA,4,30093085,9,1186051,1434,-1,24046,-1,first_energy_not_closed,0.44,660,116,660,116
A_only,NEMA,4,30093085,9,1397942,1691,-1,24303,-1,measured_pair_differs_from_primary,0.44,61,10097,61,10161
A_only,NEMA,4,30093085,9,1527856,1831,-1,24443,-1,intermediate_or_same_crystal_interaction,0.44,231,0,231,6537
A_only,NEMA,4,30093085,9,1580486,1887,-1,24499,-1,intermediate_or_same_crystal_interaction,0.44,1571,1571,1571,3718
A_only,NEMA,4,30093085,9,1659107,1981,-1,24593,-1,measured_pair_differs_from_primary,0.44,2162,9309,2162,9247
A_only,NEMA,4,30093085,9,1677388,2008,-1,24620,-1,measured_pair_differs_from_primary,0.44,911,5804,911,5807
A_only,NEMA,4,30093085,9,1989640,2332,-1,24944,-1,first_not_crystal_compton,0.44,0,0,1873,5779
A_only,NEMA,4,30093085,9,2372590,2742,-1,25354,-1,intermediate_or_same_crystal_interaction,0.44,10447,10447,10447,2270
B_only,NEMA,4,30093085,9,2429406,-1,1792,-1,16113,accepted,0.44,9084,1126,0,0
A_only,NEMA,4,30093085,9,2582300,2968,-1,25580,-1,first_not_crystal_compton,0.44,0,0,2134,8649
A_only,NEMA,4,30093085,9,2747912,3159,-1,25771,-1,intermediate_or_same_crystal_interaction,0.44,1677,1677,1677,4939
A_only,NEMA,4,30093085,9,2792074,3204,-1,25816,-1,intermediate_or_same_crystal_interaction,0.44,1086,0,1086,6897
A_only,NEMA,4,30093085,9,2833962,3258,-1,25870,-1,measured_pair_differs_from_primary,0.44,4428,4300,4428,1445
A_only,NEMA,4,30093085,9,2958777,3397,-1,26009,-1,measured_pair_differs_from_primary,0.44,1510,4599,1510,4600
A_only,NEMA,4,30093085,9,3019975,3459,-1,26071,-1,measured_pair_differs_from_primary,0.44,1928,5542,1928,5479
A_only,NEMA,4,30093085,9,3048767,3479,-1,26091,-1,measured_pair_differs_from_primary,0.44,7672,1106,7672,422
A_only,NEMA,4,30093085,9,3079709,3524,-1,26136,-1,intermediate_or_same_crystal_interaction,0.44,4381,4381,4381,1413
A_only,NEMA,4,30093085,9,3212726,3663,-1,26275,-1,first_not_crystal_compton,0.44,1070,0,1070,1957
B_only,NEMA,4,30093085,9,3226744,-1,2335,-1,16656,accepted,0.44,6946,1858,0,0
A_only,NEMA,4,30093085,9,3286764,3744,-1,26356,-1,measured_pair_differs_from_primary,0.44,6527,6591,6527,1934
A_only,NEMA,4,30093085,9,3306952,3765,-1,26377,-1,intermediate_or_same_crystal_interaction,0.44,1260,0,1260,9110
A_only,NEMA,4,30093085,9,3475077,3992,-1,26604,-1,measured_pair_differs_from_primary,0.44,5485,5040,5485,1518
B_only,NEMA,4,30093085,9,3858603,-1,2798,-1,17119,accepted,0.44,901,1709,0,0
A_only,NEMA,4,30093085,9,3932346,4475,-1,27087,-1,first_not_crystal_compton,0.44,9833,0,9833,2189
A_only,NEMA,4,30093085,9,3938077,4480,-1,27092,-1,intermediate_or_same_crystal_interaction,0.44,1095,0,1095,5092
A_only,NEMA,4,30093085,9,4124158,4694,-1,27306,-1,intermediate_or_same_crystal_interaction,0.44,201,201,201,1055
A_only,NEMA,4,30093085,9,4517527,5123,-1,27735,-1,measured_pair_differs_from_primary,0.44,2298,2282,2298,8188
B_only,NEMA,4,30093085,9,4549513,-1,3283,-1,17604,accepted,0.44,717,1789,0,0
A_only,NEMA,4,30093085,9,4905488,5565,-1,28177,-1,measured_pair_differs_from_primary,0.44,1668,1687,1668,9745
B_only,NEMA,4,30093085,9,4999535,-1,3600,-1,17921,accepted,0.44,1980,6992,0,0
A_only,NEMA,5,30093086,9,8405,9,-1,28304,-1,first_not_crystal_compton,0.44,884,0,1803,6087
A_only,NEMA,5,30093086,9,30532,36,-1,28331,-1,intermediate_or_same_crystal_interaction,0.44,1070,0,1070,7245
B_only,NEMA,5,30093086,9,309575,-1,187,-1,18109,accepted,0.44,1726,4044,0,0
A_only,NEMA,5,30093086,9,457154,518,-1,28813,-1,first_not_crystal_compton,0.44,1111,0,1111,6777
A_only,NEMA,5,30093086,9,782562,900,-1,29195,-1,measured_pair_differs_from_primary,0.44,9685,9686,9685,2266
A_only,NEMA,5,30093086,9,804451,921,-1,29216,-1,measured_pair_differs_from_primary,0.44,4750,4751,4750,655
A_only,NEMA,5,30093086,9,980211,1138,-1,29433,-1,first_not_crystal_compton,0.44,0,0,8233,1237
A_only,NEMA,5,30093086,9,1134988,1321,-1,29616,-1,measured_pair_differs_from_primary,0.44,1130,2132,1130,9366
A_only,NEMA,5,30093086,9,1187302,1381,-1,29676,-1,first_not_crystal_compton,0.44,9219,0,9219,1973
A_only,NEMA,5,30093086,9,1217522,1416,-1,29711,-1,measured_pair_differs_from_primary,0.44,10297,10233,10297,2126
A_only,NEMA,5,30093086,9,1273951,1480,-1,29775,-1,first_not_crystal_compton,0.44,701,0,4278,90
A_only,NEMA,5,30093086,9,1324319,1542,-1,29837,-1,first_not_crystal_compton,0.44,2031,0,2031,7917
A_only,NEMA,5,30093086,9,1521140,1777,-1,30072,-1,first_not_crystal_compton,0.44,0,0,1542,5644
A_only,NEMA,5,30093086,9,1702391,1983,-1,30278,-1,first_not_crystal_compton,0.44,0,0,1421,2527
A_only,NEMA,5,30093086,9,1738223,2029,-1,30324,-1,measured_pair_differs_from_primary,0.44,1901,7829,1901,7764
A_only,NEMA,5,30093086,9,1956709,2256,-1,30551,-1,measured_pair_differs_from_primary,0.44,7917,7918,7917,1159
A_only,NEMA,5,30093086,9,2069529,2380,-1,30675,-1,intermediate_or_same_crystal_interaction,0.44,7719,7719,7719,2200
A_only,NEMA,5,30093086,9,2234435,2579,-1,30874,-1,measured_pair_differs_from_primary,0.44,6062,6127,6062,1873
A_only,NEMA,5,30093086,9,2286543,2647,-1,30942,-1,measured_pair_differs_from_primary,0.44,5167,1838,5167,1137
A_only,NEMA,5,30093086,9,2288677,2651,-1,30946,-1,first_not_crystal_compton,0.44,1159,0,1159,7928
A_only,NEMA,5,30093086,9,2353156,2716,-1,31011,-1,measured_pair_differs_from_primary,0.44,7344,7343,7344,1897
A_only,NEMA,5,30093086,9,2467693,2842,-1,31137,-1,first_not_crystal_compton,0.44,0,0,7017,1965
A_only,NEMA,5,30093086,9,2545634,2941,-1,31236,-1,intermediate_or_same_crystal_interaction,0.44,4199,4199,4199,1577
A_only,NEMA,5,30093086,9,2557578,2962,-1,31257,-1,first_not_crystal_compton,0.44,130,0,1508,4383
A_only,NEMA,5,30093086,9,2679314,3109,-1,31404,-1,measured_pair_differs_from_primary,0.44,9013,2143,9013,1170
A_only,NEMA,5,30093086,9,2730095,3173,-1,31468,-1,intermediate_or_same_crystal_interaction,0.44,6076,6076,6076,2197
A_only,NEMA,5,30093086,9,2771085,3228,-1,31523,-1,measured_pair_differs_from_primary,0.44,838,6488,838,6552
A_only,NEMA,5,30093086,9,2871943,3342,-1,31637,-1,measured_pair_differs_from_primary,0.44,1731,8842,1731,9227
A_only,NEMA,5,30093086,9,3134757,3663,-1,31958,-1,measured_pair_differs_from_primary,0.44,1979,2894,1979,2765
A_only,NEMA,5,30093086,9,3139368,3674,-1,31969,-1,intermediate_or_same_crystal_interaction,0.44,1813,1813,1813,3330
A_only,NEMA,5,30093086,9,3207345,3752,-1,32047,-1,intermediate_or_same_crystal_interaction,0.44,5101,0,5101,724
A_only,NEMA,5,30093086,9,3268613,3826,-1,32121,-1,first_energy_not_closed,0.44,7173,1008,7173,1008
A_only,NEMA,5,30093086,9,3292467,3856,-1,32151,-1,intermediate_or_same_crystal_interaction,0.44,331,0,331,1081
A_only,NEMA,5,30093086,9,3429923,4008,-1,32303,-1,measured_pair_differs_from_primary,0.44,4429,4494,4429,932
A_only,NEMA,5,30093086,9,3524802,4119,-1,32414,-1,intermediate_or_same_crystal_interaction,0.44,246,0,246,837
A_only,NEMA,5,30093086,9,3565404,4175,-1,32470,-1,first_energy_not_closed,0.44,839,1893,839,1893
A_only,NEMA,5,30093086,9,4024778,4653,-1,32948,-1,measured_pair_differs_from_primary,0.44,1501,3298,1501,3167
A_only,NEMA,5,30093086,9,4072885,4702,-1,32997,-1,intermediate_or_same_crystal_interaction,0.44,3913,3913,3913,1299
A_only,NEMA,5,30093086,9,4113630,4758,-1,33053,-1,measured_pair_differs_from_primary,0.44,918,934,918,364
A_only,NEMA,5,30093086,9,4197615,4859,-1,33154,-1,measured_pair_differs_from_primary,0.44,191,903,191,9541
A_only,NEMA,5,30093086,9,4200023,4860,-1,33155,-1,first_not_crystal_compton,0.44,559,0,2607,1387
A_only,NEMA,5,30093086,9,4299642,4971,-1,33266,-1,intermediate_or_same_crystal_interaction,0.44,7733,7733,7733,2188
A_only,NEMA,5,30093086,9,4369727,5058,-1,33353,-1,first_not_crystal_compton,0.44,4786,0,4786,1658
A_only,NEMA,5,30093086,9,4551124,5256,-1,33551,-1,first_not_crystal_compton,0.44,264,0,905,1978
A_only,NEMA,5,30093086,9,4564902,5269,-1,33564,-1,measured_pair_differs_from_primary,0.44,7660,7657,7660,1055
A_only,NEMA,5,30093086,9,4662141,5376,-1,33671,-1,intermediate_or_same_crystal_interaction,0.44,1723,1723,1723,3411
A_only,NEMA,5,30093086,9,4665041,5382,-1,33677,-1,measured_pair_differs_from_primary,0.44,2024,6687,2024,6623
A_only,NEMA,5,30093086,9,4903055,5653,-1,33948,-1,intermediate_or_same_crystal_interaction,0.44,1014,1014,1014,2302
A_only,NEMA,5,30093086,9,4942010,5700,-1,33995,-1,first_energy_not_closed,0.44,696,1453,696,1453
A_only,NEMA,6,30093087,9,47375,67,-1,34125,-1,first_not_crystal_compton,0.44,0,0,743,4327
A_only,NEMA,6,30093087,9,86225,120,-1,34178,-1,intermediate_or_same_crystal_interaction,0.44,1638,1638,1638,6556
A_only,NEMA,6,30093087,9,193477,271,-1,34329,-1,measured_pair_differs_from_primary,0.44,36,697,36,6734
A_only,NEMA,6,30093087,9,276387,359,-1,34417,-1,measured_pair_differs_from_primary,0.44,1600,4113,1600,4047
A_only,NEMA,6,30093087,9,461924,549,-1,34607,-1,first_not_crystal_compton,0.44,0,0,3432,731
A_only,NEMA,6,30093087,9,669282,794,-1,34852,-1,measured_pair_differs_from_primary,0.44,52,8265,52,8650
A_only,NEMA,6,30093087,9,697278,822,-1,34880,-1,measured_pair_differs_from_primary,0.44,105,646,105,645
A_only,NEMA,6,30093087,9,738991,858,-1,34916,-1,measured_pair_differs_from_primary,0.44,5931,5930,5931,1693
A_only,NEMA,6,30093087,9,850658,969,-1,35027,-1,intermediate_or_same_crystal_interaction,0.44,135,135,135,4773
A_only,NEMA,6,30093087,9,899188,1035,-1,35093,-1,measured_pair_differs_from_primary,0.44,557,1476,557,4940
A_only,NEMA,6,30093087,9,906781,1044,-1,35102,-1,first_not_crystal_compton,0.44,4357,0,4293,1442
A_only,NEMA,6,30093087,9,927112,1068,-1,35126,-1,measured_pair_differs_from_primary,0.44,763,1491,763,3365
A_only,NEMA,6,30093087,9,1110973,1279,-1,35337,-1,intermediate_or_same_crystal_interaction,0.44,136,0,136,3503
A_only,NEMA,6,30093087,9,1174277,1340,-1,35398,-1,first_energy_not_closed,0.44,151,624,151,624
A_only,NEMA,6,30093087,9,1265951,1449,-1,35507,-1,intermediate_or_same_crystal_interaction,0.44,158,0,158,2836
B_only,NEMA,6,30093087,9,1484911,-1,1039,-1,22536,accepted,0.44,8024,228,0,0
A_only,NEMA,6,30093087,9,1725432,1985,-1,36043,-1,measured_pair_differs_from_primary,0.44,4777,4841,4777,1694
A_only,NEMA,6,30093087,9,1857497,2148,-1,36206,-1,first_not_crystal_compton,0.44,2707,0,2707,1396
A_only,NEMA,6,30093087,9,1946715,2251,-1,36309,-1,intermediate_or_same_crystal_interaction,0.44,1322,1322,1322,3492
A_only,NEMA,6,30093087,9,2029735,2346,-1,36404,-1,measured_pair_differs_from_primary,0.44,6566,1299,6566,1281
A_only,NEMA,6,30093087,9,2225319,2550,-1,36608,-1,first_not_crystal_compton,0.44,0,0,2254,6105
A_only,NEMA,6,30093087,9,2676338,3067,-1,37125,-1,measured_pair_differs_from_primary,0.44,257,848,257,1655
B_only,NEMA,6,30093087,9,2729489,-1,1929,-1,23426,accepted,0.44,2545,1450,0,0
A_only,NEMA,6,30093087,9,3054038,3481,-1,37539,-1,intermediate_or_same_crystal_interaction,0.44,8488,0,8488,1003
A_only,NEMA,6,30093087,9,3136575,3561,-1,37619,-1,measured_pair_differs_from_primary,0.44,1658,4050,1658,4049
A_only,NEMA,6,30093087,9,3370271,3875,-1,37933,-1,first_not_crystal_compton,0.44,1824,0,1824,7526
A_only,NEMA,6,30093087,9,3476490,3969,-1,38027,-1,first_not_crystal_compton,0.44,2026,0,2026,9137
A_only,NEMA,6,30093087,9,3518090,4016,-1,38074,-1,measured_pair_differs_from_primary,0.44,8647,2179,8647,1231
A_only,NEMA,6,30093087,9,3566485,4064,-1,38122,-1,intermediate_or_same_crystal_interaction,0.44,6817,0,6817,2019
A_only,NEMA,6,30093087,9,3586169,4093,-1,38151,-1,intermediate_or_same_crystal_interaction,0.44,316,0,316,1056
A_only,NEMA,6,30093087,9,3658917,4185,-1,38243,-1,measured_pair_differs_from_primary,0.44,10276,10146,10276,2136
A_only,NEMA,6,30093087,9,3668382,4200,-1,38258,-1,measured_pair_differs_from_primary,0.44,6301,6364,6301,1864
A_only,NEMA,6,30093087,9,3734551,4281,-1,38339,-1,intermediate_or_same_crystal_interaction,0.44,1891,1891,1891,5877
A_only,NEMA,6,30093087,9,3792263,4350,-1,38408,-1,measured_pair_differs_from_primary,0.44,515,2855,515,2987
A_only,NEMA,6,30093087,9,3867512,4440,-1,38498,-1,intermediate_or_same_crystal_interaction,0.44,277,0,277,5590
A_only,NEMA,6,30093087,9,3927003,4505,-1,38563,-1,intermediate_or_same_crystal_interaction,0.44,1028,0,1028,5869
A_only,NEMA,6,30093087,9,4161994,4782,-1,38840,-1,measured_pair_differs_from_primary,0.44,2190,10145,2190,10144
A_only,NEMA,6,30093087,9,4326328,4963,-1,39021,-1,measured_pair_differs_from_primary,0.44,738,1869,738,8865
A_only,NEMA,6,30093087,9,4354733,5001,-1,39059,-1,measured_pair_differs_from_primary,0.44,1937,5519,1937,5328
A_only,NEMA,6,30093087,9,4636733,5337,-1,39395,-1,measured_pair_differs_from_primary,0.44,1632,4190,1632,4188
A_only,NEMA,6,30093087,9,4781294,5491,-1,39549,-1,first_not_crystal_compton,0.44,9116,0,9116,2281
A_only,NEMA,6,30093087,9,4820424,5542,-1,39600,-1,measured_pair_differs_from_primary,0.44,4558,4622,4558,1652
A_only,NEMA,6,30093087,9,4927921,5671,-1,39729,-1,measured_pair_differs_from_primary,0.44,448,8579,448,8578
A_only,NEMA,6,30093087,9,4934263,5682,-1,39740,-1,measured_pair_differs_from_primary,0.44,2578,2577,2578,1302
A_only,NEMA,6,30093087,9,4950858,5699,-1,39757,-1,first_not_crystal_compton,0.44,0,0,7016,1830
A_only,NEMA,7,30093088,9,140824,152,-1,39980,-1,intermediate_or_same_crystal_interaction,0.44,230,0,230,5118
A_only,NEMA,7,30093088,9,296092,309,-1,40137,-1,intermediate_or_same_crystal_interaction,0.44,1728,0,1728,5227
A_only,NEMA,7,30093088,9,316686,326,-1,40154,-1,measured_pair_differs_from_primary,0.44,354,6835,354,6836
A_only,NEMA,7,30093088,9,510624,544,-1,40372,-1,intermediate_or_same_crystal_interaction,0.44,1598,0,1598,800
A_only,NEMA,7,30093088,9,518979,557,-1,40385,-1,intermediate_or_same_crystal_interaction,0.44,5730,5730,5730,673
A_only,NEMA,7,30093088,9,672310,742,-1,40570,-1,measured_pair_differs_from_primary,0.44,5329,5394,5329,1691
A_only,NEMA,7,30093088,9,811563,899,-1,40727,-1,measured_pair_differs_from_primary,0.44,1516,7970,1516,8098
A_only,NEMA,7,30093088,9,936186,1041,-1,40869,-1,intermediate_or_same_crystal_interaction,0.44,530,530,530,56
A_only,NEMA,7,30093088,9,1377121,1525,-1,41353,-1,measured_pair_differs_from_primary,0.44,2084,7163,2084,7100
A_only,NEMA,7,30093088,9,1485828,1641,-1,41469,-1,first_not_crystal_compton,0.44,925,0,925,7400
A_only,NEMA,7,30093088,9,1516281,1682,-1,41510,-1,intermediate_or_same_crystal_interaction,0.44,2196,0,2196,9043
A_only,NEMA,7,30093088,9,1808516,2007,-1,41835,-1,measured_pair_differs_from_primary,0.44,4780,4843,4780,1786
A_only,NEMA,7,30093088,9,1914268,2141,-1,41969,-1,measured_pair_differs_from_primary,0.44,1691,7463,1691,7591
A_only,NEMA,7,30093088,9,2894143,3235,-1,43063,-1,first_not_crystal_compton,0.44,7919,0,7919,427
B_only,NEMA,7,30093088,9,3394702,-1,2399,-1,27498,accepted,0.44,2,529,0,0
B_only,NEMA,7,30093088,9,3459108,-1,2443,-1,27542,accepted,0.44,6476,1686,0,0
A_only,NEMA,7,30093088,9,3491648,3889,-1,43717,-1,intermediate_or_same_crystal_interaction,0.44,2150,2150,2150,8600
A_only,NEMA,7,30093088,9,3626514,4047,-1,43875,-1,measured_pair_differs_from_primary,0.44,2233,7649,2233,7396
A_only,NEMA,7,30093088,9,3674859,4102,-1,43930,-1,measured_pair_differs_from_primary,0.44,584,1755,584,9246
A_only,NEMA,7,30093088,9,3695818,4129,-1,43957,-1,measured_pair_differs_from_primary,0.44,1989,7560,1989,7559
A_only,NEMA,7,30093088,9,3778105,4223,-1,44051,-1,measured_pair_differs_from_primary,0.44,3209,3210,3209,586
A_only,NEMA,7,30093088,9,3851144,4311,-1,44139,-1,measured_pair_differs_from_primary,0.44,1330,1329,1330,3237
A_only,NEMA,7,30093088,9,3935828,4397,-1,44225,-1,intermediate_or_same_crystal_interaction,0.44,955,0,955,5772
A_only,NEMA,7,30093088,9,4309910,4831,-1,44659,-1,first_not_crystal_compton,0.44,0,0,4737,1665
A_only,NEMA,7,30093088,9,4502264,5052,-1,44880,-1,measured_pair_differs_from_primary,0.44,1306,3877,1306,3942
A_only,NEMA,7,30093088,9,4541174,5085,-1,44913,-1,first_not_crystal_compton,0.44,1396,0,1396,7977
A_only,NEMA,7,30093088,9,4558877,5102,-1,44930,-1,measured_pair_differs_from_primary,0.44,1050,1946,1050,7262
A_only,NEMA,7,30093088,9,4645896,5197,-1,45025,-1,measured_pair_differs_from_primary,0.44,5026,5091,5026,1726
A_only,NEMA,7,30093088,9,4807142,5391,-1,45219,-1,measured_pair_differs_from_primary,0.44,3203,1606,3203,1622
B_only,NEMA,7,30093088,9,4953390,-1,3544,-1,28643,accepted,0.44,8674,2108,0,0
A_only,NEMA,8,30093089,9,147991,152,-1,45598,-1,intermediate_or_same_crystal_interaction,0.44,1907,1907,1907,8475
A_only,NEMA,8,30093089,9,158210,164,-1,45610,-1,measured_pair_differs_from_primary,0.44,5208,5207,5208,1603
A_only,NEMA,8,30093089,9,339997,362,-1,45808,-1,first_not_crystal_compton,0.44,0,0,2300,10281
A_only,NEMA,8,30093089,9,374950,398,-1,45844,-1,first_not_crystal_compton,0.44,1705,0,1705,4875
A_only,NEMA,8,30093089,9,431666,457,-1,45903,-1,measured_pair_differs_from_primary,0.44,5474,1686,5474,1684
A_only,NEMA,8,30093089,9,473473,496,-1,45942,-1,intermediate_or_same_crystal_interaction,0.44,835,0,835,7336
B_only,NEMA,8,30093089,9,612066,-1,400,-1,29082,accepted,0.44,7734,1905,0,0
A_only,NEMA,8,30093089,9,634047,707,-1,46153,-1,intermediate_or_same_crystal_interaction,0.44,606,0,606,1371
A_only,NEMA,8,30093089,9,759412,852,-1,46298,-1,first_not_crystal_compton,0.44,1093,0,2023,8672
A_only,NEMA,8,30093089,9,871537,994,-1,46440,-1,intermediate_or_same_crystal_interaction,0.44,4502,4502,4502,1710
B_only,NEMA,8,30093089,9,1235394,-1,879,-1,29561,accepted,0.44,5154,1492,0,0
A_only,NEMA,8,30093089,9,1387683,1606,-1,47052,-1,intermediate_or_same_crystal_interaction,0.44,1193,0,1193,8336
A_only,NEMA,8,30093089,9,1841520,2101,-1,47547,-1,measured_pair_differs_from_primary,0.44,2164,10329,2164,10394
A_only,NEMA,8,30093089,9,1928920,2193,-1,47639,-1,measured_pair_differs_from_primary,0.44,7914,7913,7914,1930
A_only,NEMA,8,30093089,9,2170191,2472,-1,47918,-1,first_energy_not_closed,0.44,446,6134,446,6134
A_only,NEMA,8,30093089,9,2303832,2610,-1,48056,-1,first_not_crystal_compton,0.44,8414,0,8414,2053
A_only,NEMA,8,30093089,9,2332278,2651,-1,48097,-1,first_not_crystal_compton,0.44,1961,0,1961,8900
A_only,NEMA,8,30093089,9,2375396,2707,-1,48153,-1,intermediate_or_same_crystal_interaction,0.44,120,120,120,861
A_only,NEMA,8,30093089,9,2578257,2938,-1,48384,-1,measured_pair_differs_from_primary,0.44,1380,3438,1380,3439
A_only,NEMA,8,30093089,9,2711959,3112,-1,48558,-1,intermediate_or_same_crystal_interaction,0.44,5906,5906,5906,2177
A_only,NEMA,8,30093089,9,2766580,3189,-1,48635,-1,intermediate_or_same_crystal_interaction,0.44,7375,7375,7375,933
A_only,NEMA,8,30093089,9,2791529,3219,-1,48665,-1,first_not_crystal_compton,0.44,0,0,829,2326
B_only,NEMA,8,30093089,9,2875142,-1,2090,-1,30772,accepted,0.44,6706,1902,0,0
A_only,NEMA,8,30093089,9,2893294,3314,-1,48760,-1,measured_pair_differs_from_primary,0.44,2004,9430,2004,9492
A_only,NEMA,8,30093089,9,2973609,3394,-1,48840,-1,first_not_crystal_compton,0.44,230,0,1803,6125
A_only,NEMA,8,30093089,9,3077077,3511,-1,48957,-1,intermediate_or_same_crystal_interaction,0.44,777,0,777,100
A_only,NEMA,8,30093089,9,3263155,3715,-1,49161,-1,first_not_crystal_compton,0.44,2100,0,2100,1003
A_only,NEMA,8,30093089,9,3285055,3732,-1,49178,-1,measured_pair_differs_from_primary,0.44,7760,7824,7760,2296
A_only,NEMA,8,30093089,9,3569442,4057,-1,49503,-1,first_not_crystal_compton,0.44,688,0,688,4067
A_only,NEMA,8,30093089,9,3637877,4133,-1,49579,-1,intermediate_or_same_crystal_interaction,0.44,87,87,87,617
A_only,NEMA,8,30093089,9,3736848,4229,-1,49675,-1,first_not_crystal_compton,0.44,1711,0,1711,341
A_only,NEMA,8,30093089,9,3825692,4355,-1,49801,-1,first_not_crystal_compton,0.44,710,0,710,1466
A_only,NEMA,8,30093089,9,3827575,4358,-1,49804,-1,measured_pair_differs_from_primary,0.44,171,652,171,4572
A_only,NEMA,8,30093089,9,4350174,4964,-1,50410,-1,intermediate_or_same_crystal_interaction,0.44,140,0,140,1706
A_only,NEMA,8,30093089,9,4507634,5150,-1,50596,-1,first_not_crystal_compton,0.44,0,0,2193,1151
A_only,NEMA,8,30093089,9,4542018,5196,-1,50642,-1,intermediate_or_same_crystal_interaction,0.44,1773,1773,1773,904
A_only,NEMA,8,30093089,9,4720717,5390,-1,50836,-1,intermediate_or_same_crystal_interaction,0.44,2069,2069,2069,8111
A_only,NEMA,8,30093089,9,4747637,5418,-1,50864,-1,measured_pair_differs_from_primary,0.44,9374,9309,9374,1091
A_only,NEMA,8,30093089,9,4752896,5425,-1,50871,-1,intermediate_or_same_crystal_interaction,0.44,6107,6107,6107,1865
A_only,NEMA,8,30093089,9,4850296,5541,-1,50987,-1,intermediate_or_same_crystal_interaction,0.44,201,0,201,918
B_only,NEMA,8,30093089,9,4890373,-1,3510,-1,32192,accepted,0.44,1422,4074,0,0
A_only,NEMA,8,30093089,9,4896612,5594,-1,51040,-1,measured_pair_differs_from_primary,0.44,8344,1687,8344,598
A_only,NEMA,8,30093089,9,4970672,5676,-1,51122,-1,first_not_crystal_compton,0.44,1189,0,1189,2039
A_only,NEMA,9,30093090,9,174501,193,-1,51348,-1,first_not_crystal_compton,0.44,1075,0,9058,1801
A_only,NEMA,9,30093090,9,263540,280,-1,51435,-1,intermediate_or_same_crystal_interaction,0.44,6660,0,6660,221
A_only,NEMA,9,30093090,9,306082,327,-1,51482,-1,measured_pair_differs_from_primary,0.44,2851,2915,2851,1659
A_only,NEMA,9,30093090,9,386415,433,-1,51588,-1,intermediate_or_same_crystal_interaction,0.44,1950,1950,1950,8767
A_only,NEMA,9,30093090,9,532232,600,-1,51755,-1,intermediate_or_same_crystal_interaction,0.44,1816,1816,1816,6027
A_only,NEMA,9,30093090,9,673740,767,-1,51922,-1,intermediate_or_same_crystal_interaction,0.44,228,0,228,8507
A_only,NEMA,9,30093090,9,1318756,1503,-1,52658,-1,intermediate_or_same_crystal_interaction,0.44,4943,4943,4943,1495
A_only,NEMA,9,30093090,9,1433693,1632,-1,52787,-1,first_not_crystal_compton,0.44,0,0,4956,1462
A_only,NEMA,9,30093090,9,1441433,1642,-1,52797,-1,intermediate_or_same_crystal_interaction,0.44,5762,5762,5762,1865
A_only,NEMA,9,30093090,9,1534711,1752,-1,52907,-1,intermediate_or_same_crystal_interaction,0.44,8111,8111,8111,617
A_only,NEMA,9,30093090,9,1612037,1842,-1,52997,-1,measured_pair_differs_from_primary,0.44,5405,5341,5405,1564
A_only,NEMA,9,30093090,9,1906839,2205,-1,53360,-1,measured_pair_differs_from_primary,0.44,2871,1393,2871,678
A_only,NEMA,9,30093090,9,1907701,2208,-1,53363,-1,intermediate_or_same_crystal_interaction,0.44,1342,0,1342,3111
A_only,NEMA,9,30093090,9,2298418,2634,-1,53789,-1,intermediate_or_same_crystal_interaction,0.44,213,0,213,2068
A_only,NEMA,9,30093090,9,2341431,2694,-1,53849,-1,measured_pair_differs_from_primary,0.44,2893,3084,2893,1618
A_only,NEMA,9,30093090,9,2361079,2715,-1,53870,-1,first_not_crystal_compton,0.44,716,0,716,5764
A_only,NEMA,9,30093090,9,2433355,2795,-1,53950,-1,measured_pair_differs_from_primary,0.44,1044,9969,1044,10160
A_only,NEMA,9,30093090,9,2596450,3004,-1,54159,-1,intermediate_or_same_crystal_interaction,0.44,799,0,799,5622
A_only,NEMA,9,30093090,9,2654010,3075,-1,54230,-1,measured_pair_differs_from_primary,0.44,9718,9526,9718,678
A_only,NEMA,9,30093090,9,2748511,3178,-1,54333,-1,measured_pair_differs_from_primary,0.44,6692,1791,6692,845
A_only,NEMA,9,30093090,9,3232670,3719,-1,54874,-1,intermediate_or_same_crystal_interaction,0.44,8579,8579,8579,1985
A_only,NEMA,9,30093090,9,3349706,3846,-1,55001,-1,measured_pair_differs_from_primary,0.44,1361,3994,1361,4055
B_only,NEMA,9,30093090,9,3478609,-1,2550,-1,34811,accepted,0.44,1152,1968,0,0
A_only,NEMA,9,30093090,9,3568086,4083,-1,55238,-1,intermediate_or_same_crystal_interaction,0.44,2152,2152,2152,8852
A_only,NEMA,9,30093090,9,3702643,4246,-1,55401,-1,measured_pair_differs_from_primary,0.44,570,1823,570,9531
A_only,NEMA,9,30093090,9,3764654,4310,-1,55465,-1,intermediate_or_same_crystal_interaction,0.44,4711,4711,4711,1629
A_only,NEMA,9,30093090,9,4063328,4664,-1,55819,-1,intermediate_or_same_crystal_interaction,0.44,439,0,439,8784
A_only,NEMA,9,30093090,9,4180903,4787,-1,55942,-1,intermediate_or_same_crystal_interaction,0.44,128,128,128,9283
B_only,NEMA,9,30093090,9,4199929,-1,3075,-1,35336,accepted,0.44,1709,6284,0,0
B_only,NEMA,9,30093090,9,4258979,-1,3113,-1,35374,accepted,0.44,1872,1128,0,0
A_only,NEMA,9,30093090,9,4950930,5618,-1,56773,-1,measured_pair_differs_from_primary,0.44,9969,9905,9969,1080
A_only,NEMA,9,30093090,9,4977912,5642,-1,56797,-1,measured_pair_differs_from_primary,0.44,5557,5558,5557,1572
A_only,NEMA,0,30093091,10,301789,351,-1,351,-1,measured_pair_differs_from_primary,0.44,1249,7331,1249,7266
A_only,NEMA,0,30093091,10,418496,476,-1,476,-1,measured_pair_differs_from_primary,0.44,746,9580,746,9775
A_only,NEMA,0,30093091,10,772677,869,-1,869,-1,intermediate_or_same_crystal_interaction,0.44,455,0,455,1058
A_only,NEMA,0,30093091,10,1003405,1110,-1,1110,-1,first_not_crystal_compton,0.44,0,0,6781,1762
A_only,NEMA,0,30093091,10,1524155,1673,-1,1673,-1,intermediate_or_same_crystal_interaction,0.44,6846,6846,6846,1887
A_only,NEMA,0,30093091,10,1532111,1677,-1,1677,-1,measured_pair_differs_from_primary,0.44,1425,1458,1425,271
A_only,NEMA,0,30093091,10,1587275,1754,-1,1754,-1,measured_pair_differs_from_primary,0.44,1571,4129,1571,4062
A_only,NEMA,0,30093091,10,1729570,1925,-1,1925,-1,intermediate_or_same_crystal_interaction,0.44,1856,1856,1856,7080
A_only,NEMA,0,30093091,10,1792790,2004,-1,2004,-1,intermediate_or_same_crystal_interaction,0.44,10418,10418,10418,2189
A_only,NEMA,0,30093091,10,1867846,2084,-1,2084,-1,intermediate_or_same_crystal_interaction,0.44,5478,5478,5478,1658
A_only,NEMA,0,30093091,10,2038045,2292,-1,2292,-1,measured_pair_differs_from_primary,0.44,1934,8893,1934,9151
A_only,NEMA,0,30093091,10,2077085,2333,-1,2333,-1,measured_pair_differs_from_primary,0.44,119,848,119,8971
A_only,NEMA,0,30093091,10,2080152,2340,-1,2340,-1,measured_pair_differs_from_primary,0.44,2381,2316,2381,1301
A_only,NEMA,0,30093091,10,2144632,2421,-1,2421,-1,intermediate_or_same_crystal_interaction,0.44,4084,4084,4084,72
A_only,NEMA,0,30093091,10,2173638,2444,-1,2444,-1,intermediate_or_same_crystal_interaction,0.44,369,0,369,1020
A_only,NEMA,0,30093091,10,2219860,2481,-1,2481,-1,first_not_crystal_compton,0.44,1367,0,1367,3493
A_only,NEMA,0,30093091,10,2285703,2547,-1,2547,-1,intermediate_or_same_crystal_interaction,0.44,2980,2980,2980,1392
A_only,NEMA,0,30093091,10,2309497,2582,-1,2582,-1,intermediate_or_same_crystal_interaction,0.44,3656,3656,3656,925
A_only,NEMA,0,30093091,10,2374993,2674,-1,2674,-1,measured_pair_differs_from_primary,0.44,6451,6388,6451,1774
A_only,NEMA,0,30093091,10,2438966,2760,-1,2760,-1,measured_pair_differs_from_primary,0.44,1638,6932,1638,6996
A_only,NEMA,0,30093091,10,2743037,3089,-1,3089,-1,measured_pair_differs_from_primary,0.44,6296,1673,6296,174
A_only,NEMA,0,30093091,10,2816487,3191,-1,3191,-1,intermediate_or_same_crystal_interaction,0.44,1524,1524,1524,4616
A_only,NEMA,0,30093091,10,3259363,3705,-1,3705,-1,intermediate_or_same_crystal_interaction,0.44,387,387,387,816
A_only,NEMA,0,30093091,10,3388328,3850,-1,3850,-1,measured_pair_differs_from_primary,0.44,1456,1470,1456,4666
A_only,NEMA,0,30093091,10,3733738,4200,-1,4200,-1,intermediate_or_same_crystal_interaction,0.44,173,0,173,1825
A_only,NEMA,0,30093091,10,4099949,4583,-1,4583,-1,measured_pair_differs_from_primary,0.44,1898,8905,1898,8968
A_only,NEMA,0,30093091,10,4229920,4714,-1,4714,-1,first_not_crystal_compton,0.44,0,0,2152,1099
A_only,NEMA,0,30093091,10,4284481,4774,-1,4774,-1,first_not_crystal_compton,0.44,238,0,7527,1587
A_only,NEMA,0,30093091,10,4297255,4789,-1,4789,-1,intermediate_or_same_crystal_interaction,0.44,5146,5146,5146,1768
A_only,NEMA,0,30093091,10,4350565,4858,-1,4858,-1,first_not_crystal_compton,0.44,0,0,1743,6393
A_only,NEMA,0,30093091,10,4479244,4996,-1,4996,-1,measured_pair_differs_from_primary,0.44,1838,8268,1838,8522
A_only,NEMA,0,30093091,10,4540944,5064,-1,5064,-1,intermediate_or_same_crystal_interaction,0.44,1746,0,1746,7652
A_only,NEMA,0,30093091,10,4784139,5333,-1,5333,-1,first_not_crystal_compton,0.44,9651,0,9715,2080
A_only,NEMA,1,30093092,10,12,0,-1,5577,-1,measured_pair_differs_from_primary,0.44,1635,8087,1635,8604
A_only,NEMA,1,30093092,10,94453,90,-1,5667,-1,intermediate_or_same_crystal_interaction,0.44,9213,0,9213,2041
A_only,NEMA,1,30093092,10,240911,250,-1,5827,-1,intermediate_or_same_crystal_interaction,0.44,5319,5319,5319,1539
A_only,NEMA,1,30093092,10,423164,469,-1,6046,-1,intermediate_or_same_crystal_interaction,0.44,9130,9130,9130,2057
A_only,NEMA,1,30093092,10,789716,870,-1,6447,-1,measured_pair_differs_from_primary,0.44,1948,9003,1948,9004
A_only,NEMA,1,30093092,10,862801,943,-1,6520,-1,measured_pair_differs_from_primary,0.44,1649,1651,1649,5174
A_only,NEMA,1,30093092,10,1173376,1291,-1,6868,-1,measured_pair_differs_from_primary,0.44,8349,8284,8349,1955
A_only,NEMA,1,30093092,10,1499211,1668,-1,7245,-1,intermediate_or_same_crystal_interaction,0.44,1465,1465,1465,657
A_only,NEMA,1,30093092,10,1565162,1746,-1,7323,-1,intermediate_or_same_crystal_interaction,0.44,934,0,934,9013
A_only,NEMA,1,30093092,10,1894881,2143,-1,7720,-1,intermediate_or_same_crystal_interaction,0.44,1035,1035,1035,250
A_only,NEMA,1,30093092,10,2005605,2297,-1,7874,-1,measured_pair_differs_from_primary,0.44,7630,7632,7630,1899
A_only,NEMA,1,30093092,10,2217207,2525,-1,8102,-1,intermediate_or_same_crystal_interaction,0.44,2169,2169,2169,914
A_only,NEMA,1,30093092,10,2328569,2666,-1,8243,-1,intermediate_or_same_crystal_interaction,0.44,7173,7173,7173,2036
A_only,NEMA,1,30093092,10,2457653,2798,-1,8375,-1,measured_pair_differs_from_primary,0.44,1463,4627,1463,4626
A_only,NEMA,1,30093092,10,2832627,3231,-1,8808,-1,intermediate_or_same_crystal_interaction,0.44,462,0,462,10402
A_only,NEMA,1,30093092,10,2989725,3411,-1,8988,-1,measured_pair_differs_from_primary,0.44,10412,10347,10412,2203
A_only,NEMA,1,30093092,10,3149598,3597,-1,9174,-1,intermediate_or_same_crystal_interaction,0.44,192,192,192,655
A_only,NEMA,1,30093092,10,3227197,3680,-1,9257,-1,intermediate_or_same_crystal_interaction,0.44,1947,1947,1947,479
A_only,NEMA,1,30093092,10,3272702,3724,-1,9301,-1,intermediate_or_same_crystal_interaction,0.44,6440,6440,6440,1855
A_only,NEMA,1,30093092,10,3531883,4022,-1,9599,-1,intermediate_or_same_crystal_interaction,0.44,7318,7318,7318,940
A_only,NEMA,1,30093092,10,4099292,4659,-1,10236,-1,intermediate_or_same_crystal_interaction,0.44,10390,10390,10390,2202
B_only,NEMA,1,30093092,10,4153688,-1,3034,-1,6511,accepted,0.44,2149,8334,0,0
A_only,NEMA,1,30093092,10,4213267,4768,-1,10345,-1,first_not_crystal_compton,0.44,0,0,7564,1735
B_only,NEMA,1,30093092,10,4341894,-1,3159,-1,6636,accepted,0.44,1025,2031,0,0
A_only,NEMA,1,30093092,10,4669301,5278,-1,10855,-1,intermediate_or_same_crystal_interaction,0.44,8829,8829,8829,2015
A_only,NEMA,1,30093092,10,4782418,5392,-1,10969,-1,intermediate_or_same_crystal_interaction,0.44,196,0,196,1601
A_only,NEMA,1,30093092,10,4796462,5407,-1,10984,-1,measured_pair_differs_from_primary,0.44,1428,7478,1428,7607
B_only,NEMA,1,30093092,10,4809759,-1,3490,-1,6967,accepted,0.44,295,5863,0,0
A_only,NEMA,1,30093092,10,4855495,5481,-1,11058,-1,first_not_crystal_compton,0.44,0,0,2167,9196
A_only,NEMA,1,30093092,10,4968942,5586,-1,11163,-1,first_not_crystal_compton,0.44,1699,0,1699,4666
A_only,NEMA,2,30093093,10,340135,394,-1,11592,-1,intermediate_or_same_crystal_interaction,0.44,340,0,340,937
A_only,NEMA,2,30093093,10,445373,528,-1,11726,-1,intermediate_or_same_crystal_interaction,0.44,1217,1217,1217,3938
A_only,NEMA,2,30093093,10,664953,779,-1,11977,-1,first_not_crystal_compton,0.44,0,0,8163,1988
A_only,NEMA,2,30093093,10,691493,813,-1,12011,-1,measured_pair_differs_from_primary,0.44,4906,5097,4906,1854
A_only,NEMA,2,30093093,10,888484,1037,-1,12235,-1,measured_pair_differs_from_primary,0.44,9687,9688,9687,2113
A_only,NEMA,2,30093093,10,948730,1113,-1,12311,-1,measured_pair_differs_from_primary,0.44,9469,9405,9469,313
A_only,NEMA,2,30093093,10,1221853,1420,-1,12618,-1,first_not_crystal_compton,0.44,0,0,921,1725
A_only,NEMA,2,30093093,10,1285398,1487,-1,12685,-1,first_not_crystal_compton,0.44,0,0,8224,1844
A_only,NEMA,2,30093093,10,1288349,1490,-1,12688,-1,first_not_crystal_compton,0.44,0,0,6450,1700
A_only,NEMA,2,30093093,10,1437590,1658,-1,12856,-1,measured_pair_differs_from_primary,0.44,1064,1812,1064,5256
A_only,NEMA,2,30093093,10,1452354,1679,-1,12877,-1,measured_pair_differs_from_primary,0.44,9872,9551,9872,1425
A_only,NEMA,2,30093093,10,1520910,1752,-1,12950,-1,measured_pair_differs_from_primary,0.44,905,9119,905,9182
A_only,NEMA,2,30093093,10,1636039,1892,-1,13090,-1,measured_pair_differs_from_primary,0.44,2207,9874,2207,9934
B_only,NEMA,2,30093093,10,2242522,-1,1654,-1,8746,accepted,0.44,9220,1927,0,0
A_only,NEMA,2,30093093,10,2388453,2759,-1,13957,-1,first_not_crystal_compton,0.44,1084,0,1084,6970
A_only,NEMA,2,30093093,10,2398311,2770,-1,13968,-1,intermediate_or_same_crystal_interaction,0.44,964,0,964,376
A_only,NEMA,2,30093093,10,2414889,2789,-1,13987,-1,first_not_crystal_compton,0.44,726,0,1577,4212
A_only,NEMA,2,30093093,10,2562511,2941,-1,14139,-1,measured_pair_differs_from_primary,0.44,7316,7189,7316,1568
A_only,NEMA,2,30093093,10,2659357,3046,-1,14244,-1,first_not_crystal_compton,0.44,0,0,6287,1030
A_only,NEMA,2,30093093,10,2706897,3087,-1,14285,-1,measured_pair_differs_from_primary,0.44,5413,5477,5413,978
A_only,NEMA,2,30093093,10,2746658,3133,-1,14331,-1,intermediate_or_same_crystal_interaction,0.44,865,0,865,6051
A_only,NEMA,2,30093093,10,2808813,3197,-1,14395,-1,first_not_crystal_compton,0.44,819,0,819,8599
A_only,NEMA,2,30093093,10,2881589,3280,-1,14478,-1,intermediate_or_same_crystal_interaction,0.44,1912,1912,1912,9643
A_only,NEMA,2,30093093,10,3082829,3496,-1,14694,-1,intermediate_or_same_crystal_interaction,0.44,821,821,821,1522
A_only,NEMA,2,30093093,10,3096797,3512,-1,14710,-1,measured_pair_differs_from_primary,0.44,918,1804,918,6226
B_only,NEMA,2,30093093,10,3309735,-1,2382,-1,9474,accepted,0.44,2009,7089,0,0
A_only,NEMA,2,30093093,10,3516260,3991,-1,15189,-1,intermediate_or_same_crystal_interaction,0.44,766,766,766,1410
A_only,NEMA,2,30093093,10,3572774,4050,-1,15248,-1,intermediate_or_same_crystal_interaction,0.44,83,0,83,559
B_only,NEMA,2,30093093,10,3587062,-1,2588,-1,9680,accepted,0.44,1826,7775,0,0
A_only,NEMA,2,30093093,10,3672896,4164,-1,15362,-1,first_not_crystal_compton,0.44,0,0,3074,59
A_only,NEMA,2,30093093,10,3732313,4224,-1,15422,-1,measured_pair_differs_from_primary,0.44,2182,9232,2182,9168
B_only,NEMA,2,30093093,10,3879456,-1,2781,-1,9873,accepted,0.44,1165,478,0,0
A_only,NEMA,2,30093093,10,4004923,4543,-1,15741,-1,intermediate_or_same_crystal_interaction,0.44,875,0,875,5503
A_only,NEMA,2,30093093,10,4010061,4550,-1,15748,-1,first_not_crystal_compton,0.44,379,0,379,3896
A_only,NEMA,2,30093093,10,4025201,4564,-1,15762,-1,intermediate_or_same_crystal_interaction,0.44,1080,1080,1080,306
A_only,NEMA,2,30093093,10,4061345,4602,-1,15800,-1,intermediate_or_same_crystal_interaction,0.44,34,0,34,545
A_only,NEMA,2,30093093,10,4062524,4606,-1,15804,-1,measured_pair_differs_from_primary,0.44,3286,3287,3286,1457
A_only,NEMA,2,30093093,10,4088380,4639,-1,15837,-1,measured_pair_differs_from_primary,0.44,6131,1756,6131,139
A_only,NEMA,2,30093093,10,4123927,4694,-1,15892,-1,measured_pair_differs_from_primary,0.44,149,768,149,5981
A_only,NEMA,2,30093093,10,4441196,5051,-1,16249,-1,measured_pair_differs_from_primary,0.44,1735,8172,1735,8365
A_only,NEMA,2,30093093,10,4764909,5449,-1,16647,-1,first_not_crystal_compton,0.44,0,0,1495,6497
A_only,NEMA,2,30093093,10,4872641,5574,-1,16772,-1,measured_pair_differs_from_primary,0.44,5311,1975,5311,1992
A_only,NEMA,3,30093094,10,126511,154,-1,17068,-1,measured_pair_differs_from_primary,0.44,4064,1429,4064,35
A_only,NEMA,3,30093094,10,273593,302,-1,17216,-1,intermediate_or_same_crystal_interaction,0.44,5407,5407,5407,1496
A_only,NEMA,3,30093094,10,478322,535,-1,17449,-1,measured_pair_differs_from_primary,0.44,8476,8348,8476,1913
A_only,NEMA,3,30093094,10,479067,536,-1,17450,-1,intermediate_or_same_crystal_interaction,0.44,999,999,999,7988
A_only,NEMA,3,30093094,10,521263,581,-1,17495,-1,first_not_crystal_compton,0.44,184,0,1624,4368
A_only,NEMA,3,30093094,10,611954,680,-1,17594,-1,measured_pair_differs_from_primary,0.44,2233,8584,2233,8329
A_only,NEMA,3,30093094,10,793258,860,-1,17774,-1,measured_pair_differs_from_primary,0.44,1165,7788,1165,7724
A_only,NEMA,3,30093094,10,881689,966,-1,17880,-1,intermediate_or_same_crystal_interaction,0.44,1265,1265,1265,2183
A_only,NEMA,3,30093094,10,961533,1053,-1,17967,-1,measured_pair_differs_from_primary,0.44,382,6146,382,6081
A_only,NEMA,3,30093094,10,1084945,1181,-1,18095,-1,measured_pair_differs_from_primary,0.44,6160,6161,6160,1725
A_only,NEMA,3,30093094,10,1529289,1666,-1,18580,-1,measured_pair_differs_from_primary,0.44,249,890,249,6307
A_only,NEMA,3,30093094,10,1755510,1914,-1,18828,-1,first_not_crystal_compton,0.44,9091,0,9026,2105
B_only,NEMA,3,30093094,10,2259088,-1,1581,-1,12272,accepted,0.44,112,661,0,0
A_only,NEMA,3,30093094,10,2319437,2558,-1,19472,-1,intermediate_or_same_crystal_interaction,0.44,1050,1050,1050,376
A_only,NEMA,3,30093094,10,2426755,2663,-1,19577,-1,first_energy_not_closed,0.44,2611,675,2611,675
A_only,NEMA,3,30093094,10,2438764,2671,-1,19585,-1,measured_pair_differs_from_primary,0.44,1409,4289,1409,4353
A_only,NEMA,3,30093094,10,2744435,2999,-1,19913,-1,measured_pair_differs_from_primary,0.44,829,3077,829,3012
A_only,NEMA,3,30093094,10,3158121,3502,-1,20416,-1,intermediate_or_same_crystal_interaction,0.44,164,0,164,1562
B_only,NEMA,3,30093094,10,3490481,-1,2449,-1,13140,accepted,0.44,4798,1645,0,0
A_only,NEMA,3,30093094,10,3567400,3976,-1,20890,-1,measured_pair_differs_from_primary,0.44,1557,1539,1557,554
B_only,NEMA,3,30093094,10,3772393,-1,2628,-1,13319,accepted,0.44,2087,426,0,0
A_only,NEMA,3,30093094,10,3896112,4343,-1,21257,-1,measured_pair_differs_from_primary,0.44,6099,6101,6099,831
A_only,NEMA,3,30093094,10,3907202,4357,-1,21271,-1,first_not_crystal_compton,0.44,1925,0,7437,1118
B_only,NEMA,3,30093094,10,4095294,-1,2868,-1,13559,accepted,0.44,1014,7513,0,0
A_only,NEMA,3,30093094,10,4118285,4622,-1,21536,-1,measured_pair_differs_from_primary,0.44,5677,1789,5677,956
A_only,NEMA,3,30093094,10,4182196,4678,-1,21592,-1,intermediate_or_same_crystal_interaction,0.44,862,862,862,187
A_only,NEMA,3,30093094,10,4467736,4981,-1,21895,-1,measured_pair_differs_from_primary,0.44,63,4283,63,4348
A_only,NEMA,3,30093094,10,4510793,5032,-1,21946,-1,first_not_crystal_compton,0.44,6,0,2401,1292
A_only,NEMA,3,30093094,10,4612062,5151,-1,22065,-1,measured_pair_differs_from_primary,0.44,2003,10417,2003,10481
A_only,NEMA,3,30093094,10,4855800,5436,-1,22350,-1,first_not_crystal_compton,0.44,10028,0,10092,2142
A_only,NEMA,3,30093094,10,4856668,5438,-1,22352,-1,measured_pair_differs_from_primary,0.44,1019,9888,1019,10018
A_only,NEMA,3,30093094,10,4995681,5603,-1,22517,-1,intermediate_or_same_crystal_interaction,0.44,56,56,56,4210
A_only,NEMA,4,30093095,10,65546,85,-1,22609,-1,measured_pair_differs_from_primary,0.44,5296,1739,5296,869
A_only,NEMA,4,30093095,10,106959,122,-1,22646,-1,measured_pair_differs_from_primary,0.44,2635,2637,2635,1399
A_only,NEMA,4,30093095,10,255362,295,-1,22819,-1,first_not_crystal_compton,0.44,809,0,4961,151
A_only,NEMA,4,30093095,10,303790,361,-1,22885,-1,measured_pair_differs_from_primary,0.44,5718,1652,5718,732
A_only,NEMA,4,30093095,10,448987,522,-1,23046,-1,first_not_crystal_compton,0.44,627,0,627,5093
A_only,NEMA,4,30093095,10,495527,569,-1,23093,-1,intermediate_or_same_crystal_interaction,0.44,4692,4692,4692,601
A_only,NEMA,4,30093095,10,681637,803,-1,23327,-1,measured_pair_differs_from_primary,0.44,8038,2004,8038,1068
A_only,NEMA,4,30093095,10,737624,867,-1,23391,-1,intermediate_or_same_crystal_interaction,0.44,940,940,940,10483
A_only,NEMA,4,30093095,10,782040,913,-1,23437,-1,measured_pair_differs_from_primary,0.44,1320,3534,1320,3535
A_only,NEMA,4,30093095,10,998269,1146,-1,23670,-1,intermediate_or_same_crystal_interaction,0.44,1441,0,1441,566
A_only,NEMA,4,30093095,10,1032974,1185,-1,23709,-1,intermediate_or_same_crystal_interaction,0.44,817,0,817,1668
A_only,NEMA,4,30093095,10,1549578,1773,-1,24297,-1,measured_pair_differs_from_primary,0.44,5666,5410,5666,1450
A_only,NEMA,4,30093095,10,1567941,1797,-1,24321,-1,first_not_crystal_compton,0.44,423,0,10159,1275
A_only,NEMA,4,30093095,10,1613985,1855,-1,24379,-1,intermediate_or_same_crystal_interaction,0.44,8184,8184,8184,1016
A_only,NEMA,4,30093095,10,1663459,1911,-1,24435,-1,first_not_crystal_compton,0.44,0,0,2797,1292
A_only,NEMA,4,30093095,10,1706723,1967,-1,24491,-1,measured_pair_differs_from_primary,0.44,6861,6798,6861,1692
B_only,NEMA,4,30093095,10,1766479,-1,1290,-1,15481,accepted,0.44,633,1391,0,0
A_only,NEMA,4,30093095,10,2295655,2668,-1,25192,-1,measured_pair_differs_from_primary,0.44,7050,6985,7050,1810
A_only,NEMA,4,30093095,10,2380375,2743,-1,25267,-1,intermediate_or_same_crystal_interaction,0.44,190,0,190,5221
A_only,NEMA,4,30093095,10,2549999,2929,-1,25453,-1,first_not_crystal_compton,0.44,1038,0,8167,1092
A_only,NEMA,4,30093095,10,2559153,2947,-1,25471,-1,measured_pair_differs_from_primary,0.44,1736,4444,1736,4380
A_only,NEMA,4,30093095,10,2568881,2960,-1,25484,-1,measured_pair_differs_from_primary,0.44,1738,8286,1738,8350
A_only,NEMA,4,30093095,10,2574637,2965,-1,25489,-1,intermediate_or_same_crystal_interaction,0.44,193,193,193,7234
A_only,NEMA,4,30093095,10,2828560,3227,-1,25751,-1,first_energy_not_closed,0.44,253,4540,253,4540
A_only,NEMA,4,30093095,10,2963099,3370,-1,25894,-1,measured_pair_differs_from_primary,0.44,2133,5155,2133,4964
A_only,NEMA,4,30093095,10,3059833,3490,-1,26014,-1,intermediate_or_same_crystal_interaction,0.44,277,0,277,1600
A_only,NEMA,4,30093095,10,3130099,3570,-1,26094,-1,measured_pair_differs_from_primary,0.44,7110,7174,7110,1955
A_only,NEMA,4,30093095,10,3597794,4119,-1,26643,-1,measured_pair_differs_from_primary,0.44,1546,4967,1546,5032
A_only,NEMA,4,30093095,10,3729644,4243,-1,26767,-1,intermediate_or_same_crystal_interaction,0.44,310,0,310,769
A_only,NEMA,4,30093095,10,3891611,4433,-1,26957,-1,intermediate_or_same_crystal_interaction,0.44,1917,0,1917,6559
A_only,NEMA,4,30093095,10,4312866,4911,-1,27435,-1,measured_pair_differs_from_primary,0.44,1810,5633,1810,5569
A_only,NEMA,4,30093095,10,4534987,5147,-1,27671,-1,measured_pair_differs_from_primary,0.44,819,6076,819,6078
A_only,NEMA,4,30093095,10,4751471,5412,-1,27936,-1,measured_pair_differs_from_primary,0.44,1627,832,1627,845
A_only,NEMA,4,30093095,10,4785891,5452,-1,27976,-1,measured_pair_differs_from_primary,0.44,5153,5089,5153,89
A_only,NEMA,4,30093095,10,4956500,5656,-1,28180,-1,measured_pair_differs_from_primary,0.44,7980,7978,7980,1973
A_only,NEMA,4,30093095,10,4959616,5661,-1,28185,-1,first_not_crystal_compton,0.44,2043,0,2043,1133
A_only,NEMA,5,30093096,10,138772,166,-1,28395,-1,intermediate_or_same_crystal_interaction,0.44,4564,4564,4564,1509
B_only,NEMA,5,30093096,10,396681,-1,280,-1,18087,accepted,0.44,9252,2039,0,0
A_only,NEMA,5,30093096,10,778877,856,-1,29085,-1,intermediate_or_same_crystal_interaction,0.44,265,0,265,5437
A_only,NEMA,5,30093096,10,881002,975,-1,29204,-1,measured_pair_differs_from_primary,0.44,1648,6567,1648,6894
A_only,NEMA,5,30093096,10,993410,1098,-1,29327,-1,intermediate_or_same_crystal_interaction,0.44,854,0,854,8217
A_only,NEMA,5,30093096,10,1046166,1154,-1,29383,-1,intermediate_or_same_crystal_interaction,0.44,1295,1295,1295,3621
A_only,NEMA,5,30093096,10,1232686,1358,-1,29587,-1,first_not_crystal_compton,0.44,2019,0,2019,7686
A_only,NEMA,5,30093096,10,1274615,1409,-1,29638,-1,first_not_crystal_compton,0.44,2104,0,2104,9122
A_only,NEMA,5,30093096,10,1344424,1481,-1,29710,-1,measured_pair_differs_from_primary,0.44,1655,5981,1655,6045
A_only,NEMA,5,30093096,10,1386795,1517,-1,29746,-1,measured_pair_differs_from_primary,0.44,5726,5790,5726,1839
B_only,NEMA,5,30093096,10,1552044,-1,1098,-1,18905,accepted,0.44,2643,1442,0,0
A_only,NEMA,5,30093096,10,1676348,1837,-1,30066,-1,measured_pair_differs_from_primary,0.44,1304,3915,1304,4043
A_only,NEMA,5,30093096,10,1760804,1924,-1,30153,-1,measured_pair_differs_from_primary,0.44,8685,8622,8685,2046
A_only,NEMA,5,30093096,10,1784451,1952,-1,30181,-1,measured_pair_differs_from_primary,0.44,1561,3415,1561,3161
A_only,NEMA,5,30093096,10,1800322,1972,-1,30201,-1,measured_pair_differs_from_primary,0.44,9520,9521,9520,2274
B_only,NEMA,5,30093096,10,1901522,-1,1327,-1,19134,accepted,0.44,2188,9459,0,0
A_only,NEMA,5,30093096,10,1928049,2101,-1,30330,-1,intermediate_or_same_crystal_interaction,0.44,1702,1702,1702,5007
A_only,NEMA,5,30093096,10,1942014,2119,-1,30348,-1,measured_pair_differs_from_primary,0.44,163,3157,163,2902
A_only,NEMA,5,30093096,10,2003010,2187,-1,30416,-1,intermediate_or_same_crystal_interaction,0.44,1184,0,1184,4752
A_only,NEMA,5,30093096,10,2330829,2562,-1,30791,-1,first_energy_not_closed,0.44,40,1635,40,1635
A_only,NEMA,5,30093096,10,2415647,2662,-1,30891,-1,intermediate_or_same_crystal_interaction,0.44,1203,0,1203,6348
A_only,NEMA,5,30093096,10,2547256,2797,-1,31026,-1,measured_pair_differs_from_primary,0.44,1669,4199,1669,4072
A_only,NEMA,5,30093096,10,2599767,2860,-1,31089,-1,measured_pair_differs_from_primary,0.44,8459,8650,8459,2232
B_only,NEMA,5,30093096,10,2600478,-1,1828,-1,19635,accepted,0.44,124,566,0,0
A_only,NEMA,5,30093096,10,2839504,3134,-1,31363,-1,first_not_crystal_compton,0.44,0,0,1485,5428
A_only,NEMA,5,30093096,10,2855753,3152,-1,31381,-1,intermediate_or_same_crystal_interaction,0.44,10359,10359,10359,512
A_only,NEMA,5,30093096,10,3041830,3374,-1,31603,-1,intermediate_or_same_crystal_interaction,0.44,1060,0,1060,6829
A_only,NEMA,5,30093096,10,3109213,3464,-1,31693,-1,intermediate_or_same_crystal_interaction,0.44,1070,1070,1070,1738
A_only,NEMA,5,30093096,10,3191148,3548,-1,31777,-1,intermediate_or_same_crystal_interaction,0.44,168,0,168,6857
A_only,NEMA,5,30093096,10,3301712,3662,-1,31891,-1,intermediate_or_same_crystal_interaction,0.44,546,0,546,219
A_only,NEMA,5,30093096,10,3467534,3860,-1,32089,-1,measured_pair_differs_from_primary,0.44,1995,8686,1995,8750
A_only,NEMA,5,30093096,10,3756394,4189,-1,32418,-1,intermediate_or_same_crystal_interaction,0.44,1917,1917,1917,670
B_only,NEMA,5,30093096,10,3842138,-1,2722,-1,20529,accepted,0.44,1176,9666,0,0
A_only,NEMA,5,30093096,10,3873311,4323,-1,32552,-1,measured_pair_differs_from_primary,0.44,1386,3767,1386,3831
A_only,NEMA,5,30093096,10,3923429,4386,-1,32615,-1,first_not_crystal_compton,0.44,0,0,9124,1039
A_only,NEMA,5,30093096,10,4341823,4888,-1,33117,-1,intermediate_or_same_crystal_interaction,0.44,955,955,955,2153
A_only,NEMA,5,30093096,10,4645836,5238,-1,33467,-1,intermediate_or_same_crystal_interaction,0.44,8226,8226,8226,1964
A_only,NEMA,5,30093096,10,4737435,5333,-1,33562,-1,measured_pair_differs_from_primary,0.44,1340,2700,1340,2699
A_only,NEMA,5,30093096,10,4780879,5384,-1,33613,-1,intermediate_or_same_crystal_interaction,0.44,245,245,245,3931
A_only,NEMA,6,30093097,10,35234,36,-1,33904,-1,intermediate_or_same_crystal_interaction,0.44,1675,0,1675,263
A_only,NEMA,6,30093097,10,322154,338,-1,34206,-1,measured_pair_differs_from_primary,0.44,373,9311,373,9377
A_only,NEMA,6,30093097,10,343662,362,-1,34230,-1,measured_pair_differs_from_primary,0.44,1082,7455,1082,7391
A_only,NEMA,6,30093097,10,465450,496,-1,34364,-1,intermediate_or_same_crystal_interaction,0.44,1611,1611,1611,6492
A_only,NEMA,6,30093097,10,470986,504,-1,34372,-1,intermediate_or_same_crystal_interaction,0.44,1361,1361,1361,10097
A_only,NEMA,6,30093097,10,508866,550,-1,34418,-1,first_not_crystal_compton,0.44,113,0,4715,1589
A_only,NEMA,6,30093097,10,629040,685,-1,34553,-1,measured_pair_differs_from_primary,0.44,6166,1735,6166,850
A_only,NEMA,6,30093097,10,733968,805,-1,34673,-1,intermediate_or_same_crystal_interaction,0.44,729,0,729,3995
A_only,NEMA,6,30093097,10,2031229,2165,-1,36033,-1,intermediate_or_same_crystal_interaction,0.44,582,582,582,67
A_only,NEMA,6,30093097,10,2077273,2210,-1,36078,-1,intermediate_or_same_crystal_interaction,0.44,6222,6222,6222,1962
A_only,NEMA,6,30093097,10,2128799,2262,-1,36130,-1,intermediate_or_same_crystal_interaction,0.44,2264,2264,2264,1228
A_only,NEMA,6,30093097,10,2218227,2358,-1,36226,-1,first_not_crystal_compton,0.44,0,0,2123,1092
A_only,NEMA,6,30093097,10,2240274,2383,-1,36251,-1,measured_pair_differs_from_primary,0.44,9757,9756,9757,2091
A_only,NEMA,6,30093097,10,2282038,2439,-1,36307,-1,intermediate_or_same_crystal_interaction,0.44,362,0,362,10024
A_only,NEMA,6,30093097,10,2793377,2974,-1,36842,-1,intermediate_or_same_crystal_interaction,0.44,826,0,826,88
A_only,NEMA,6,30093097,10,2827302,3013,-1,36881,-1,intermediate_or_same_crystal_interaction,0.44,195,0,195,1225
A_only,NEMA,6,30093097,10,2920846,3105,-1,36973,-1,intermediate_or_same_crystal_interaction,0.44,954,0,954,7835
A_only,NEMA,6,30093097,10,3014206,3204,-1,37072,-1,measured_pair_differs_from_primary,0.44,8624,8430,8624,807
A_only,NEMA,6,30093097,10,3113232,3326,-1,37194,-1,first_not_crystal_compton,0.44,1853,0,1853,9367
A_only,NEMA,6,30093097,10,3263928,3500,-1,37368,-1,first_not_crystal_compton,0.44,2109,0,2109,960
A_only,NEMA,6,30093097,10,3294316,3527,-1,37395,-1,first_not_crystal_compton,0.44,0,0,8398,2129
B_only,NEMA,6,30093097,10,3336656,-1,2222,-1,23582,accepted,0.44,1608,7088,0,0
A_only,NEMA,6,30093097,10,3423528,3663,-1,37531,-1,intermediate_or_same_crystal_interaction,0.44,7852,7852,7852,1016
B_only,NEMA,6,30093097,10,3673499,-1,2455,-1,23815,accepted,0.44,5774,1640,0,0
A_only,NEMA,6,30093097,10,3707288,3974,-1,37842,-1,first_not_crystal_compton,0.44,663,0,663,3128
A_only,NEMA,6,30093097,10,3743108,4012,-1,37880,-1,measured_pair_differs_from_primary,0.44,963,9058,963,9123
A_only,NEMA,6,30093097,10,4092832,4402,-1,38270,-1,first_not_crystal_compton,0.44,0,0,8486,1767
A_only,NEMA,6,30093097,10,4106954,4414,-1,38282,-1,measured_pair_differs_from_primary,0.44,2242,2243,2242,10127
A_only,NEMA,6,30093097,10,4145799,4461,-1,38329,-1,intermediate_or_same_crystal_interaction,0.44,1858,0,1858,5303
B_only,NEMA,6,30093097,10,4298971,-1,2902,-1,24262,accepted,0.44,809,4619,0,0
A_only,NEMA,6,30093097,10,4403237,4757,-1,38625,-1,first_not_crystal_compton,0.44,0,0,7345,1944
A_only,NEMA,6,30093097,10,4707625,5104,-1,38972,-1,intermediate_or_same_crystal_interaction,0.44,605,0,605,3473
A_only,NEMA,6,30093097,10,4761820,5158,-1,39026,-1,measured_pair_differs_from_primary,0.44,9635,2189,9635,2174
A_only,NEMA,6,30093097,10,4947378,5372,-1,39240,-1,measured_pair_differs_from_primary,0.44,1036,7314,1036,7249
A_only,NEMA,7,30093098,10,93678,104,-1,39406,-1,measured_pair_differs_from_primary,0.44,2030,7386,2030,7253
B_only,NEMA,7,30093098,10,101553,-1,76,-1,24848,accepted,0.44,1649,5193,0,0
A_only,NEMA,7,30093098,10,393105,454,-1,39756,-1,intermediate_or_same_crystal_interaction,0.44,1420,0,1420,3891
A_only,NEMA,7,30093098,10,486436,563,-1,39865,-1,measured_pair_differs_from_primary,0.44,2027,7132,2027,7002
A_only,NEMA,7,30093098,10,535491,626,-1,39928,-1,measured_pair_differs_from_primary,0.44,3161,3289,3161,898
A_only,NEMA,7,30093098,10,628965,711,-1,40013,-1,measured_pair_differs_from_primary,0.44,10487,10423,10487,825
A_only,NEMA,7,30093098,10,926777,1014,-1,40316,-1,measured_pair_differs_from_primary,0.44,142,6612,142,6675
A_only,NEMA,7,30093098,10,1017049,1116,-1,40418,-1,first_not_crystal_compton,0.44,0,0,1492,530
A_only,NEMA,7,30093098,10,1189048,1300,-1,40602,-1,measured_pair_differs_from_primary,0.44,8613,8549,8613,1597
A_only,NEMA,7,30093098,10,1312847,1458,-1,40760,-1,measured_pair_differs_from_primary,0.44,7234,7170,7234,1847
A_only,NEMA,7,30093098,10,1345572,1505,-1,40807,-1,first_not_crystal_compton,0.44,0,0,3122,1408
A_only,NEMA,7,30093098,10,1789801,1994,-1,41296,-1,first_not_crystal_compton,0.44,1932,0,7539,2244
A_only,NEMA,7,30093098,10,1878052,2098,-1,41400,-1,first_not_crystal_compton,0.44,4271,0,4271,1601
A_only,NEMA,7,30093098,10,2227116,2459,-1,41761,-1,intermediate_or_same_crystal_interaction,0.44,5339,0,5339,725
A_only,NEMA,7,30093098,10,2977607,3283,-1,42585,-1,intermediate_or_same_crystal_interaction,0.44,243,243,243,1704
A_only,NEMA,7,30093098,10,3029367,3353,-1,42655,-1,intermediate_or_same_crystal_interaction,0.44,1780,1780,1780,4552
A_only,NEMA,7,30093098,10,3094089,3442,-1,42744,-1,measured_pair_differs_from_primary,0.44,908,7602,908,7792
A_only,NEMA,7,30093098,10,3470821,3827,-1,43129,-1,intermediate_or_same_crystal_interaction,0.44,4685,4685,4685,1083
A_only,NEMA,7,30093098,10,3534315,3911,-1,43213,-1,measured_pair_differs_from_primary,0.44,1855,6582,1855,6583
A_only,NEMA,7,30093098,10,3787436,4190,-1,43492,-1,measured_pair_differs_from_primary,0.44,8284,8413,8284,2187
A_only,NEMA,7,30093098,10,3862786,4269,-1,43571,-1,intermediate_or_same_crystal_interaction,0.44,458,0,458,7714
A_only,NEMA,7,30093098,10,3969144,4401,-1,43703,-1,intermediate_or_same_crystal_interaction,0.44,4767,4767,4767,1879
A_only,NEMA,7,30093098,10,4034047,4465,-1,43767,-1,measured_pair_differs_from_primary,0.44,1909,7348,1909,7351
A_only,NEMA,7,30093098,10,4127672,4584,-1,43886,-1,measured_pair_differs_from_primary,0.44,31,4533,31,4597
A_only,NEMA,7,30093098,10,4440925,4928,-1,44230,-1,measured_pair_differs_from_primary,0.44,936,1978,936,9124
B_only,NEMA,7,30093098,10,4442186,-1,3124,-1,27896,accepted,0.44,838,1372,0,0
A_only,NEMA,7,30093098,10,4461279,4953,-1,44255,-1,intermediate_or_same_crystal_interaction,0.44,7196,7196,7196,1879
A_only,NEMA,7,30093098,10,4607754,5099,-1,44401,-1,intermediate_or_same_crystal_interaction,0.44,1982,0,1982,8829
A_only,NEMA,7,30093098,10,4610860,5102,-1,44404,-1,intermediate_or_same_crystal_interaction,0.44,3007,0,3007,1510
A_only,NEMA,7,30093098,10,4977882,5479,-1,44781,-1,measured_pair_differs_from_primary,0.44,8289,8355,8289,2112
A_only,NEMA,8,30093099,10,214778,255,-1,45060,-1,measured_pair_differs_from_primary,0.44,9580,9516,9580,2044
A_only,NEMA,8,30093099,10,289057,331,-1,45136,-1,measured_pair_differs_from_primary,0.44,7288,7287,7288,1915
A_only,NEMA,8,30093099,10,570634,666,-1,45471,-1,intermediate_or_same_crystal_interaction,0.44,8857,8857,8857,1009
A_only,NEMA,8,30093099,10,1168461,1314,-1,46119,-1,intermediate_or_same_crystal_interaction,0.44,7389,7389,7389,1816
A_only,NEMA,8,30093099,10,1294274,1464,-1,46269,-1,first_not_crystal_compton,0.44,1227,0,2253,9362
A_only,NEMA,8,30093099,10,1364197,1551,-1,46356,-1,measured_pair_differs_from_primary,0.44,1896,1041,1896,1042
A_only,NEMA,8,30093099,10,1682745,1908,-1,46713,-1,measured_pair_differs_from_primary,0.44,1510,3015,1510,2950
B_only,NEMA,8,30093099,10,1729077,-1,1221,-1,29477,accepted,0.44,225,1894,0,0
A_only,NEMA,8,30093099,10,1866008,2127,-1,46932,-1,intermediate_or_same_crystal_interaction,0.44,4896,4896,4896,1887
A_only,NEMA,8,30093099,10,1880538,2148,-1,46953,-1,measured_pair_differs_from_primary,0.44,1830,3301,1830,3237
A_only,NEMA,8,30093099,10,2511261,2857,-1,47662,-1,measured_pair_differs_from_primary,0.44,5812,5811,5812,1926
B_only,NEMA,8,30093099,10,2897983,-1,2070,-1,30326,accepted,0.44,1023,1927,0,0
A_only,NEMA,8,30093099,10,3164995,3571,-1,48376,-1,measured_pair_differs_from_primary,0.44,6298,6362,6298,1910
A_only,NEMA,8,30093099,10,3200559,3615,-1,48420,-1,intermediate_or_same_crystal_interaction,0.44,3308,3308,3308,1437
A_only,NEMA,8,30093099,10,3571870,4028,-1,48833,-1,measured_pair_differs_from_primary,0.44,1957,7190,1957,7126
A_only,NEMA,8,30093099,10,3655584,4126,-1,48931,-1,intermediate_or_same_crystal_interaction,0.44,5140,5140,5140,8
A_only,NEMA,8,30093099,10,3802707,4289,-1,49094,-1,intermediate_or_same_crystal_interaction,0.44,238,0,238,1023
A_only,NEMA,8,30093099,10,3946407,4456,-1,49261,-1,measured_pair_differs_from_primary,0.44,702,1661,702,6325
A_only,NEMA,8,30093099,10,3972967,4481,-1,49286,-1,intermediate_or_same_crystal_interaction,0.44,133,0,133,4200
A_only,NEMA,8,30093099,10,3989165,4500,-1,49305,-1,measured_pair_differs_from_primary,0.44,858,1800,858,6888
A_only,NEMA,8,30093099,10,4047219,4574,-1,49379,-1,measured_pair_differs_from_primary,0.44,1202,1189,1202,1927
A_only,NEMA,8,30093099,10,4142736,4698,-1,49503,-1,intermediate_or_same_crystal_interaction,0.44,9931,9931,9931,2243
A_only,NEMA,8,30093099,10,4311510,4892,-1,49697,-1,intermediate_or_same_crystal_interaction,0.44,1560,1560,1560,5216
A_only,NEMA,8,30093099,10,4328887,4919,-1,49724,-1,first_not_crystal_compton,0.44,1056,0,8537,1942
A_only,NEMA,8,30093099,10,4415974,5016,-1,49821,-1,intermediate_or_same_crystal_interaction,0.44,1942,1942,1942,6939
A_only,NEMA,8,30093099,10,4522011,5159,-1,49964,-1,measured_pair_differs_from_primary,0.44,1636,4966,1636,5038
B_only,NEMA,8,30093099,10,4578903,-1,3282,-1,31538,accepted,0.44,9627,1168,0,0
A_only,NEMA,8,30093099,10,4628480,5283,-1,50088,-1,measured_pair_differs_from_primary,0.44,281,808,281,1544
A_only,NEMA,8,30093099,10,4718452,5382,-1,50187,-1,measured_pair_differs_from_primary,0.44,6611,6610,6611,1558
A_only,NEMA,8,30093099,10,4800571,5471,-1,50276,-1,first_energy_not_closed,0.44,2131,1080,2131,1080
A_only,NEMA,8,30093099,10,4832347,5506,-1,50311,-1,intermediate_or_same_crystal_interaction,0.44,84,0,84,4012
A_only,NEMA,8,30093099,10,4882426,5563,-1,50368,-1,intermediate_or_same_crystal_interaction,0.44,10418,10418,10418,2225
A_only,NEMA,9,30093100,10,102908,95,-1,50589,-1,first_not_crystal_compton,0.44,1698,0,5882,873
A_only,NEMA,9,30093100,10,210734,220,-1,50714,-1,first_not_crystal_compton,0.44,1637,0,1637,4807
A_only,NEMA,9,30093100,10,296426,320,-1,50814,-1,measured_pair_differs_from_primary,0.44,868,8471,868,8599
A_only,NEMA,9,30093100,10,308629,336,-1,50830,-1,intermediate_or_same_crystal_interaction,0.44,1874,0,1874,9269
B_only,NEMA,9,30093100,10,369837,-1,244,-1,32078,accepted,0.44,6063,1843,0,0
A_only,NEMA,9,30093100,10,521410,567,-1,51061,-1,intermediate_or_same_crystal_interaction,0.44,8854,0,8854,2265
A_only,NEMA,9,30093100,10,725562,790,-1,51284,-1,intermediate_or_same_crystal_interaction,0.44,4674,4674,4674,1556
A_only,NEMA,9,30093100,10,871598,966,-1,51460,-1,first_not_crystal_compton,0.44,700,0,3951,1483
A_only,NEMA,9,30093100,10,1009922,1119,-1,51613,-1,first_not_crystal_compton,0.44,4693,0,4693,1743
A_only,NEMA,9,30093100,10,1049639,1162,-1,51656,-1,measured_pair_differs_from_primary,0.44,8208,8271,8208,2257
A_only,NEMA,9,30093100,10,1256882,1408,-1,51902,-1,measured_pair_differs_from_primary,0.44,1834,1835,1834,7304
A_only,NEMA,9,30093100,10,1349903,1518,-1,52012,-1,measured_pair_differs_from_primary,0.44,1156,8034,1156,7970
A_only,NEMA,9,30093100,10,1351600,1521,-1,52015,-1,measured_pair_differs_from_primary,0.44,7265,2026,7265,2042
A_only,NEMA,9,30093100,10,1695831,1934,-1,52428,-1,measured_pair_differs_from_primary,0.44,1238,9212,1238,9149
A_only,NEMA,9,30093100,10,1716640,1948,-1,52442,-1,measured_pair_differs_from_primary,0.44,8854,8921,8854,2101
A_only,NEMA,9,30093100,10,1835452,2101,-1,52595,-1,measured_pair_differs_from_primary,0.44,7128,7193,7128,1993
A_only,NEMA,9,30093100,10,1848687,2119,-1,52613,-1,first_not_crystal_compton,0.44,4761,0,4761,1469
B_only,NEMA,9,30093100,10,1865104,-1,1331,-1,33165,accepted,0.44,355,1812,0,0
B_only,NEMA,9,30093100,10,1988599,-1,1416,-1,33250,accepted,0.44,2278,9835,0,0
A_only,NEMA,9,30093100,10,2078484,2385,-1,52879,-1,measured_pair_differs_from_primary,0.44,9220,9285,9220,2179
A_only,NEMA,9,30093100,10,2209249,2529,-1,53023,-1,measured_pair_differs_from_primary,0.44,1994,10141,1994,10269
A_only,NEMA,9,30093100,10,2241671,2563,-1,53057,-1,intermediate_or_same_crystal_interaction,0.44,456,0,456,10253
A_only,NEMA,9,30093100,10,2732164,3109,-1,53603,-1,measured_pair_differs_from_primary,0.44,2918,2982,2918,1545
A_only,NEMA,9,30093100,10,3073198,3462,-1,53956,-1,intermediate_or_same_crystal_interaction,0.44,6084,0,6084,739
A_only,NEMA,9,30093100,10,3164074,3558,-1,54052,-1,measured_pair_differs_from_primary,0.44,3633,3697,3633,863
A_only,NEMA,9,30093100,10,3166023,3562,-1,54056,-1,intermediate_or_same_crystal_interaction,0.44,300,0,300,8247
A_only,NEMA,9,30093100,10,3208166,3607,-1,54101,-1,measured_pair_differs_from_primary,0.44,2073,9529,2073,9530
A_only,NEMA,9,30093100,10,3233644,3630,-1,54124,-1,intermediate_or_same_crystal_interaction,0.44,7090,7090,7090,1975
A_only,NEMA,9,30093100,10,3243881,3640,-1,54134,-1,intermediate_or_same_crystal_interaction,0.44,5414,0,5414,169
B_only,NEMA,9,30093100,10,3350162,-1,2361,-1,34195,accepted,0.44,1094,7805,0,0
A_only,NEMA,9,30093100,10,3351320,3767,-1,54261,-1,first_not_crystal_compton,0.44,1011,0,7574,1986
A_only,NEMA,9,30093100,10,3464249,3916,-1,54410,-1,first_not_crystal_compton,0.44,1387,0,1387,10046
A_only,NEMA,9,30093100,10,3737656,4243,-1,54737,-1,intermediate_or_same_crystal_interaction,0.44,2125,2125,2125,1175
A_only,NEMA,9,30093100,10,3961345,4497,-1,54991,-1,first_energy_not_closed,0.44,716,9347,716,9347
A_only,NEMA,9,30093100,10,4007442,4559,-1,55053,-1,measured_pair_differs_from_primary,0.44,2163,8609,2163,8546
A_only,NEMA,9,30093100,10,4094037,4663,-1,55157,-1,measured_pair_differs_from_primary,0.44,5277,1789,5277,1790
A_only,NEMA,9,30093100,10,4311658,4882,-1,55376,-1,measured_pair_differs_from_primary,0.44,1543,6345,1543,6535
A_only,NEMA,9,30093100,10,4436116,5008,-1,55502,-1,intermediate_or_same_crystal_interaction,0.44,7203,7203,7203,1959
A_only,NEMA,9,30093100,10,4448368,5021,-1,55515,-1,measured_pair_differs_from_primary,0.44,7766,7702,7766,583
A_only,NEMA,9,30093100,10,4474673,5047,-1,55541,-1,measured_pair_differs_from_primary,0.44,7517,7516,7517,217
A_only,NEMA,9,30093100,10,4519989,5101,-1,55595,-1,first_not_crystal_compton,0.44,0,0,7604,2100
A_only,NEMA,9,30093100,10,4551925,5134,-1,55628,-1,first_not_crystal_compton,0.44,7325,0,7325,1960
A_only,NEMA,9,30093100,10,4652860,5247,-1,55741,-1,first_not_crystal_compton,0.44,0,0,3050,1785
A_only,NEMA,9,30093100,10,4665427,5265,-1,55759,-1,measured_pair_differs_from_primary,0.44,7846,7845,7846,1799
A_only,NEMA,9,30093100,10,4700339,5302,-1,55796,-1,measured_pair_differs_from_primary,0.44,206,914,206,1998
A_only,NEMA,9,30093100,10,4709815,5311,-1,55805,-1,measured_pair_differs_from_primary,0.44,4487,4426,4487,1484
A_only,NEMA,9,30093100,10,4753142,5356,-1,55850,-1,measured_pair_differs_from_primary,0.44,10100,10037,10100,2174
A_only,NEMA,9,30093100,10,4937570,5558,-1,56052,-1,intermediate_or_same_crystal_interaction,0.44,890,890,890,392
A_only,NEMA,9,30093100,10,4983570,5608,-1,56102,-1,first_not_crystal_compton,0.44,0,0,3019,1446
B_only,NEMA,0,30093101,11,23238,-1,18,-1,18,accepted,0.44,696,165,0,0
A_only,NEMA,0,30093101,11,237723,273,-1,273,-1,intermediate_or_same_crystal_interaction,0.44,9634,9634,9634,2060
A_only,NEMA,0,30093101,11,337205,398,-1,398,-1,intermediate_or_same_crystal_interaction,0.44,1080,1080,1080,392
A_only,NEMA,0,30093101,11,399404,466,-1,466,-1,measured_pair_differs_from_primary,0.44,7422,1935,7422,1016
A_only,NEMA,0,30093101,11,490455,561,-1,561,-1,first_not_crystal_compton,0.44,604,0,604,3485
A_only,NEMA,0,30093101,11,666943,775,-1,775,-1,measured_pair_differs_from_primary,0.44,7670,1882,7670,968
A_only,NEMA,0,30093101,11,1074705,1270,-1,1270,-1,measured_pair_differs_from_primary,0.44,1163,5953,1163,5889
A_only,NEMA,0,30093101,11,1103340,1310,-1,1310,-1,first_not_crystal_compton,0.44,1647,0,4989,1601
A_only,NEMA,0,30093101,11,1293715,1509,-1,1509,-1,first_not_crystal_compton,0.44,10193,0,10193,2219
A_only,NEMA,0,30093101,11,1742656,2047,-1,2047,-1,intermediate_or_same_crystal_interaction,0.44,2286,2286,2286,101
A_only,NEMA,0,30093101,11,1807634,2103,-1,2103,-1,measured_pair_differs_from_primary,0.44,676,3356,676,3291
A_only,NEMA,0,30093101,11,2127896,2452,-1,2452,-1,measured_pair_differs_from_primary,0.44,315,1976,315,8178
A_only,NEMA,0,30093101,11,2312557,2645,-1,2645,-1,intermediate_or_same_crystal_interaction,0.44,2014,2014,2014,10491
A_only,NEMA,0,30093101,11,3317136,3763,-1,3763,-1,intermediate_or_same_crystal_interaction,0.44,658,0,658,6899
A_only,NEMA,0,30093101,11,3322084,3768,-1,3768,-1,measured_pair_differs_from_primary,0.44,1900,830,1900,814
A_only,NEMA,0,30093101,11,3859954,4320,-1,4320,-1,measured_pair_differs_from_primary,0.44,2138,9525,2138,9653
A_only,NEMA,0,30093101,11,3876005,4338,-1,4338,-1,measured_pair_differs_from_primary,0.44,1821,7331,1821,7395
A_only,NEMA,0,30093101,11,4103028,4574,-1,4574,-1,measured_pair_differs_from_primary,0.44,10010,10007,10010,2233
A_only,NEMA,0,30093101,11,4154342,4634,-1,4634,-1,measured_pair_differs_from_primary,0.44,1985,6875,1985,6622
A_only,NEMA,0,30093101,11,4272739,4765,-1,4765,-1,measured_pair_differs_from_primary,0.44,3154,1415,3154,638
A_only,NEMA,0,30093101,11,4283522,4780,-1,4780,-1,measured_pair_differs_from_primary,0.44,3298,3171,3298,1296
A_only,NEMA,0,30093101,11,4428942,4958,-1,4958,-1,measured_pair_differs_from_primary,0.44,2040,9389,2040,9390
A_only,NEMA,0,30093101,11,4602699,5147,-1,5147,-1,intermediate_or_same_crystal_interaction,0.44,409,0,409,9260
A_only,NEMA,0,30093101,11,4838324,5429,-1,5429,-1,intermediate_or_same_crystal_interaction,0.44,370,0,370,961
A_only,NEMA,1,30093102,11,53550,56,-1,5638,-1,measured_pair_differs_from_primary,0.44,707,1447,707,2786
A_only,NEMA,1,30093102,11,153807,180,-1,5762,-1,intermediate_or_same_crystal_interaction,0.44,339,0,339,7547
A_only,NEMA,1,30093102,11,237322,269,-1,5851,-1,measured_pair_differs_from_primary,0.44,1109,1842,1109,5433
A_only,NEMA,1,30093102,11,241695,275,-1,5857,-1,intermediate_or_same_crystal_interaction,0.44,4204,4204,4204,557
A_only,NEMA,1,30093102,11,365859,409,-1,5991,-1,first_not_crystal_compton,0.44,2190,0,2190,1075
A_only,NEMA,1,30093102,11,435430,472,-1,6054,-1,intermediate_or_same_crystal_interaction,0.44,968,968,968,1854
A_only,NEMA,1,30093102,11,564895,609,-1,6191,-1,first_energy_not_closed,0.44,1325,22,1325,22
A_only,NEMA,1,30093102,11,743812,799,-1,6381,-1,intermediate_or_same_crystal_interaction,0.44,2278,2278,2278,9678
A_only,NEMA,1,30093102,11,972415,1057,-1,6639,-1,measured_pair_differs_from_primary,0.44,1731,1746,1731,1012
B_only,NEMA,1,30093102,11,1170283,-1,811,-1,4337,accepted,0.44,1097,1839,0,0
A_only,NEMA,1,30093102,11,1534164,1688,-1,7270,-1,measured_pair_differs_from_primary,0.44,1002,5342,1002,5278
A_only,NEMA,1,30093102,11,1945085,2166,-1,7748,-1,first_energy_not_closed,0.44,1246,2100,1246,2100
A_only,NEMA,1,30093102,11,1951362,2178,-1,7760,-1,measured_pair_differs_from_primary,0.44,8822,8757,8822,900
A_only,NEMA,1,30093102,11,2011677,2250,-1,7832,-1,measured_pair_differs_from_primary,0.44,1909,1151,1909,1152
A_only,NEMA,1,30093102,11,2397359,2669,-1,8251,-1,first_not_crystal_compton,0.44,0,0,1419,4533
A_only,NEMA,1,30093102,11,2545140,2818,-1,8400,-1,measured_pair_differs_from_primary,0.44,2037,8674,2037,8677
A_only,NEMA,1,30093102,11,2562119,2844,-1,8426,-1,intermediate_or_same_crystal_interaction,0.44,1267,1267,1267,9992
B_only,NEMA,1,30093102,11,2813061,-1,1965,-1,5491,accepted,0.44,1928,1041,0,0
A_only,NEMA,1,30093102,11,2815723,3126,-1,8708,-1,first_not_crystal_compton,0.44,1060,0,1076,385
A_only,NEMA,1,30093102,11,2894190,3210,-1,8792,-1,measured_pair_differs_from_primary,0.44,6736,6866,6736,2144
A_only,NEMA,1,30093102,11,3005114,3339,-1,8921,-1,first_not_crystal_compton,0.44,3493,0,3493,1488
A_only,NEMA,1,30093102,11,3073293,3431,-1,9013,-1,intermediate_or_same_crystal_interaction,0.44,2109,2109,2109,1208
A_only,NEMA,1,30093102,11,3082748,3443,-1,9025,-1,measured_pair_differs_from_primary,0.44,749,279,749,294
A_only,NEMA,1,30093102,11,3497417,3904,-1,9486,-1,first_energy_not_closed,0.44,1032,7229,1032,7229
A_only,NEMA,1,30093102,11,3664981,4080,-1,9662,-1,measured_pair_differs_from_primary,0.44,516,6043,516,6107
A_only,NEMA,1,30093102,11,3721663,4152,-1,9734,-1,measured_pair_differs_from_primary,0.44,1911,7508,1911,7570
A_only,NEMA,1,30093102,11,3764540,4205,-1,9787,-1,first_not_crystal_compton,0.44,1010,0,7625,951
A_only,NEMA,1,30093102,11,3843705,4307,-1,9889,-1,measured_pair_differs_from_primary,0.44,2049,5927,2049,5863
A_only,NEMA,1,30093102,11,3945517,4405,-1,9987,-1,first_not_crystal_compton,0.44,1232,0,1232,9123
A_only,NEMA,1,30093102,11,4297022,4803,-1,10385,-1,intermediate_or_same_crystal_interaction,0.44,1664,1664,1664,6327
A_only,NEMA,1,30093102,11,4334797,4844,-1,10426,-1,measured_pair_differs_from_primary,0.44,236,7484,236,7549
A_only,NEMA,1,30093102,11,4393231,4897,-1,10479,-1,measured_pair_differs_from_primary,0.44,2053,9888,2053,10017
A_only,NEMA,1,30093102,11,4419387,4923,-1,10505,-1,intermediate_or_same_crystal_interaction,0.44,233,0,233,4250
A_only,NEMA,1,30093102,11,4439277,4951,-1,10533,-1,first_not_crystal_compton,0.44,0,0,562,3492
A_only,NEMA,1,30093102,11,4560826,5079,-1,10661,-1,measured_pair_differs_from_primary,0.44,1660,1659,1660,6532
A_only,NEMA,1,30093102,11,4605757,5135,-1,10717,-1,measured_pair_differs_from_primary,0.44,7744,7679,7744,1789
A_only,NEMA,1,30093102,11,4613272,5147,-1,10729,-1,intermediate_or_same_crystal_interaction,0.44,2215,2215,2215,9417
A_only,NEMA,1,30093102,11,4655332,5187,-1,10769,-1,intermediate_or_same_crystal_interaction,0.44,5770,0,5770,1725
A_only,NEMA,1,30093102,11,4795575,5364,-1,10946,-1,measured_pair_differs_from_primary,0.44,350,896,350,4395
A_only,NEMA,1,30093102,11,4846094,5405,-1,10987,-1,intermediate_or_same_crystal_interaction,0.44,222,222,222,900
A_only,NEMA,1,30093102,11,4886038,5450,-1,11032,-1,intermediate_or_same_crystal_interaction,0.44,1196,0,1196,2021
A_only,NEMA,2,30093103,11,88884,110,-1,11261,-1,first_not_crystal_compton,0.44,471,0,471,1222
A_only,NEMA,2,30093103,11,130602,167,-1,11318,-1,first_not_crystal_compton,0.44,1710,0,1710,962
A_only,NEMA,2,30093103,11,147830,184,-1,11335,-1,first_not_crystal_compton,0.44,4666,0,4666,1554
A_only,NEMA,2,30093103,11,605347,717,-1,11868,-1,intermediate_or_same_crystal_interaction,0.44,9266,9266,9266,988
A_only,NEMA,2,30093103,11,664918,778,-1,11929,-1,intermediate_or_same_crystal_interaction,0.44,5502,5502,5502,364
A_only,NEMA,2,30093103,11,1017651,1213,-1,12364,-1,first_not_crystal_compton,0.44,0,0,2101,9387
A_only,NEMA,2,30093103,11,1159200,1388,-1,12539,-1,intermediate_or_same_crystal_interaction,0.44,7060,7060,7060,1925
A_only,NEMA,2,30093103,11,1240936,1482,-1,12633,-1,first_not_crystal_compton,0.44,1808,0,6462,1935
A_only,NEMA,2,30093103,11,1365991,1619,-1,12770,-1,intermediate_or_same_crystal_interaction,0.44,133,0,133,7967
A_only,NEMA,2,30093103,11,1436051,1700,-1,12851,-1,intermediate_or_same_crystal_interaction,0.44,53,0,53,2446
A_only,NEMA,2,30093103,11,1591178,1872,-1,13023,-1,first_not_crystal_compton,0.44,1113,0,2069,9941
A_only,NEMA,2,30093103,11,1659634,1946,-1,13097,-1,first_energy_not_closed,0.44,1708,4445,1708,4445
A_only,NEMA,2,30093103,11,1718376,1999,-1,13150,-1,measured_pair_differs_from_primary,0.44,1510,3013,1510,2755
A_only,NEMA,2,30093103,11,2099533,2425,-1,13576,-1,intermediate_or_same_crystal_interaction,0.44,629,629,629,3792
B_only,NEMA,2,30093103,11,2113187,-1,1558,-1,8602,accepted,0.44,605,6757,0,0
A_only,NEMA,2,30093103,11,2116292,2446,-1,13597,-1,first_not_crystal_compton,0.44,2337,0,2337,1602
A_only,NEMA,2,30093103,11,2253764,2613,-1,13764,-1,intermediate_or_same_crystal_interaction,0.44,6426,6426,6426,1782
A_only,NEMA,2,30093103,11,2474594,2865,-1,14016,-1,intermediate_or_same_crystal_interaction,0.44,1725,1725,1725,966
A_only,NEMA,2,30093103,11,2598238,3036,-1,14187,-1,first_not_crystal_compton,0.44,170,0,1705,8071
A_only,NEMA,2,30093103,11,2705226,3151,-1,14302,-1,measured_pair_differs_from_primary,0.44,1547,6276,1547,6402
A_only,NEMA,2,30093103,11,2743167,3188,-1,14339,-1,measured_pair_differs_from_primary,0.44,1518,2594,1518,2463
A_only,NEMA,2,30093103,11,2847524,3296,-1,14447,-1,measured_pair_differs_from_primary,0.44,626,7196,626,7261
A_only,NEMA,2,30093103,11,3032061,3506,-1,14657,-1,measured_pair_differs_from_primary,0.44,7873,7745,7873,1597
A_only,NEMA,2,30093103,11,3186442,3683,-1,14834,-1,first_not_crystal_compton,0.44,0,0,1924,8214
B_only,NEMA,2,30093103,11,3338935,-1,2464,-1,9508,accepted,0.44,6972,1235,0,0
A_only,NEMA,2,30093103,11,3597060,4173,-1,15324,-1,first_not_crystal_compton,0.44,0,0,2202,8854
A_only,NEMA,2,30093103,11,4142910,4792,-1,15943,-1,first_not_crystal_compton,0.44,0,0,3330,584
A_only,NEMA,2,30093103,11,4278965,4945,-1,16096,-1,first_not_crystal_compton,0.44,7332,0,7332,957
A_only,NEMA,2,30093103,11,4310974,4981,-1,16132,-1,intermediate_or_same_crystal_interaction,0.44,1830,1830,1830,744
A_only,NEMA,2,30093103,11,4446484,5128,-1,16279,-1,intermediate_or_same_crystal_interaction,0.44,216,0,216,1902
A_only,NEMA,2,30093103,11,4458341,5140,-1,16291,-1,measured_pair_differs_from_primary,0.44,1700,4340,1700,4019
A_only,NEMA,2,30093103,11,4524101,5219,-1,16370,-1,intermediate_or_same_crystal_interaction,0.44,4489,4489,4489,1509
A_only,NEMA,2,30093103,11,4554490,5249,-1,16400,-1,first_not_crystal_compton,0.44,1332,0,1332,2351
A_only,NEMA,2,30093103,11,4737014,5450,-1,16601,-1,first_energy_not_closed,0.44,1247,10375,1247,10375
A_only,NEMA,2,30093103,11,4906983,5632,-1,16783,-1,first_energy_not_closed,0.44,1525,670,1525,670
B_only,NEMA,2,30093103,11,4947254,-1,3606,-1,10650,accepted,0.44,1055,1992,0,0
A_only,NEMA,2,30093103,11,4972991,5710,-1,16861,-1,measured_pair_differs_from_primary,0.44,5855,5982,5855,1909
A_only,NEMA,3,30093104,11,325384,377,-1,17274,-1,first_not_crystal_compton,0.44,5351,0,5351,676
A_only,NEMA,3,30093104,11,395792,450,-1,17347,-1,measured_pair_differs_from_primary,0.44,6709,6644,6709,766
B_only,NEMA,3,30093104,11,619858,-1,448,-1,11144,accepted,0.44,5625,1647,0,0
A_only,NEMA,3,30093104,11,634881,740,-1,17637,-1,measured_pair_differs_from_primary,0.44,5855,5854,5855,1839
A_only,NEMA,3,30093104,11,651181,761,-1,17658,-1,measured_pair_differs_from_primary,0.44,6273,6403,6273,1956
A_only,NEMA,3,30093104,11,739147,864,-1,17761,-1,first_not_crystal_compton,0.44,0,0,1673,4246
A_only,NEMA,3,30093104,11,810639,943,-1,17840,-1,intermediate_or_same_crystal_interaction,0.44,6698,6698,6698,1746
A_only,NEMA,3,30093104,11,1000816,1163,-1,18060,-1,measured_pair_differs_from_primary,0.44,4921,2130,4921,2129
A_only,NEMA,3,30093104,11,1235502,1454,-1,18351,-1,measured_pair_differs_from_primary,0.44,914,4376,914,4312
A_only,NEMA,3,30093104,11,1312810,1535,-1,18432,-1,measured_pair_differs_from_primary,0.44,9680,9620,9680,2143
B_only,NEMA,3,30093104,11,1475245,-1,1070,-1,11766,accepted,0.44,1985,5643,0,0
A_only,NEMA,3,30093104,11,1622460,1897,-1,18794,-1,measured_pair_differs_from_primary,0.44,341,2094,341,8585
A_only,NEMA,3,30093104,11,1676885,1955,-1,18852,-1,measured_pair_differs_from_primary,0.44,2032,8503,2032,8567
A_only,NEMA,3,30093104,11,1948855,2256,-1,19153,-1,first_not_crystal_compton,0.44,7786,0,7784,2009
A_only,NEMA,3,30093104,11,2008865,2320,-1,19217,-1,measured_pair_differs_from_primary,0.44,5670,5735,5670,1028
A_only,NEMA,3,30093104,11,2535298,2900,-1,19797,-1,measured_pair_differs_from_primary,0.44,2282,9797,2282,9729
A_only,NEMA,3,30093104,11,2900863,3301,-1,20198,-1,measured_pair_differs_from_primary,0.44,9604,9477,9604,2001
A_only,NEMA,3,30093104,11,3087712,3539,-1,20436,-1,measured_pair_differs_from_primary,0.44,2019,8848,2019,8977
A_only,NEMA,3,30093104,11,3122965,3576,-1,20473,-1,measured_pair_differs_from_primary,0.44,1626,4661,1626,4662
A_only,NEMA,3,30093104,11,3145108,3612,-1,20509,-1,first_not_crystal_compton,0.44,0,0,724,333
A_only,NEMA,3,30093104,11,3181431,3656,-1,20553,-1,intermediate_or_same_crystal_interaction,0.44,198,198,198,1379
A_only,NEMA,3,30093104,11,3203896,3678,-1,20575,-1,first_not_crystal_compton,0.44,463,0,463,8625
A_only,NEMA,3,30093104,11,3902556,4488,-1,21385,-1,first_not_crystal_compton,0.44,6263,0,6263,779
A_only,NEMA,3,30093104,11,3917466,4510,-1,21407,-1,measured_pair_differs_from_primary,0.44,2259,10330,2259,10332
A_only,NEMA,3,30093104,11,3917603,4511,-1,21408,-1,intermediate_or_same_crystal_interaction,0.44,8177,8177,8177,2043
A_only,NEMA,3,30093104,11,3973222,4588,-1,21485,-1,intermediate_or_same_crystal_interaction,0.44,3105,3105,3105,916
A_only,NEMA,3,30093104,11,4055963,4682,-1,21579,-1,first_not_crystal_compton,0.44,0,0,2119,10278
A_only,NEMA,3,30093104,11,4190426,4827,-1,21724,-1,first_not_crystal_compton,0.44,6556,0,6556,1839
A_only,NEMA,3,30093104,11,4230435,4877,-1,21774,-1,first_not_crystal_compton,0.44,182,0,752,5571
A_only,NEMA,3,30093104,11,4295290,4946,-1,21843,-1,measured_pair_differs_from_primary,0.44,5913,5914,5913,1675
A_only,NEMA,3,30093104,11,4496719,5175,-1,22072,-1,first_not_crystal_compton,0.44,586,0,586,26
A_only,NEMA,3,30093104,11,4517572,5194,-1,22091,-1,measured_pair_differs_from_primary,0.44,988,8534,988,8533
A_only,NEMA,3,30093104,11,4542739,5209,-1,22106,-1,intermediate_or_same_crystal_interaction,0.44,984,0,984,9300
A_only,NEMA,3,30093104,11,4584849,5252,-1,22149,-1,intermediate_or_same_crystal_interaction,0.44,181,0,181,940
A_only,NEMA,3,30093104,11,4667674,5333,-1,22230,-1,intermediate_or_same_crystal_interaction,0.44,891,0,891,7075
A_only,NEMA,3,30093104,11,4808440,5473,-1,22370,-1,measured_pair_differs_from_primary,0.44,282,283,282,4020
A_only,NEMA,3,30093104,11,4883003,5567,-1,22464,-1,measured_pair_differs_from_primary,0.44,6563,6627,6563,1880
A_only,NEMA,4,30093105,11,83948,101,-1,22698,-1,first_not_crystal_compton,0.44,0,0,944,5177
A_only,NEMA,4,30093105,11,174957,201,-1,22798,-1,measured_pair_differs_from_primary,0.44,344,5298,344,5235
A_only,NEMA,4,30093105,11,348477,398,-1,22995,-1,first_energy_not_closed,0.44,40,647,40,647
A_only,NEMA,4,30093105,11,448323,506,-1,23103,-1,measured_pair_differs_from_primary,0.44,414,1022,414,5744
A_only,NEMA,4,30093105,11,514025,582,-1,23179,-1,intermediate_or_same_crystal_interaction,0.44,6760,6760,6760,833
A_only,NEMA,4,30093105,11,868942,969,-1,23566,-1,measured_pair_differs_from_primary,0.44,3050,3051,3050,1346
A_only,NEMA,4,30093105,11,955131,1076,-1,23673,-1,intermediate_or_same_crystal_interaction,0.44,398,0,398,706
B_only,NEMA,4,30093105,11,1042498,-1,723,-1,14995,accepted,0.44,1600,4827,0,0
A_only,NEMA,4,30093105,11,1142552,1256,-1,23853,-1,measured_pair_differs_from_primary,0.44,903,1661,903,4346
A_only,NEMA,4,30093105,11,1398150,1514,-1,24111,-1,intermediate_or_same_crystal_interaction,0.44,606,0,606,4537
A_only,NEMA,4,30093105,11,1486812,1609,-1,24206,-1,intermediate_or_same_crystal_interaction,0.44,1022,1022,1022,6210
A_only,NEMA,4,30093105,11,1492166,1615,-1,24212,-1,measured_pair_differs_from_primary,0.44,343,6269,343,6206
A_only,NEMA,4,30093105,11,1583897,1715,-1,24312,-1,intermediate_or_same_crystal_interaction,0.44,9809,0,9809,2164
A_only,NEMA,4,30093105,11,1716390,1884,-1,24481,-1,measured_pair_differs_from_primary,0.44,899,6626,899,6562
A_only,NEMA,4,30093105,11,1797172,1966,-1,24563,-1,intermediate_or_same_crystal_interaction,0.44,1638,1638,1638,7297
B_only,NEMA,4,30093105,11,1869509,-1,1266,-1,15538,accepted,0.44,9748,2257,0,0
A_only,NEMA,4,30093105,11,1869992,2041,-1,24638,-1,measured_pair_differs_from_primary,0.44,1589,1601,1589,334
B_only,NEMA,4,30093105,11,1873281,-1,1270,-1,15542,accepted,0.44,1236,9207,0,0
A_only,NEMA,4,30093105,11,2020035,2219,-1,24816,-1,measured_pair_differs_from_primary,0.44,7182,7183,7182,985
A_only,NEMA,4,30093105,11,2060451,2255,-1,24852,-1,measured_pair_differs_from_primary,0.44,10157,10156,10157,2218
B_only,NEMA,4,30093105,11,2131120,-1,1455,-1,15727,accepted,0.44,5793,1966,0,0
A_only,NEMA,4,30093105,11,2142739,2354,-1,24951,-1,measured_pair_differs_from_primary,0.44,554,3539,554,3603
A_only,NEMA,4,30093105,11,2171202,2386,-1,24983,-1,intermediate_or_same_crystal_interaction,0.44,3857,3857,3857,1581
A_only,NEMA,4,30093105,11,2182576,2402,-1,24999,-1,measured_pair_differs_from_primary,0.44,1803,7370,1803,7367
A_only,NEMA,4,30093105,11,2289542,2512,-1,25109,-1,intermediate_or_same_crystal_interaction,0.44,625,0,625,2501
A_only,NEMA,4,30093105,11,2358309,2593,-1,25190,-1,intermediate_or_same_crystal_interaction,0.44,1376,1376,1376,3834
A_only,NEMA,4,30093105,11,2546245,2810,-1,25407,-1,intermediate_or_same_crystal_interaction,0.44,1073,0,1073,8500
A_only,NEMA,4,30093105,11,2604346,2873,-1,25470,-1,first_not_crystal_compton,0.44,642,0,1422,3499
A_only,NEMA,4,30093105,11,2656560,2930,-1,25527,-1,measured_pair_differs_from_primary,0.44,10363,10043,10363,2144
A_only,NEMA,4,30093105,11,2844797,3168,-1,25765,-1,intermediate_or_same_crystal_interaction,0.44,163,0,163,532
A_only,NEMA,4,30093105,11,3027829,3383,-1,25980,-1,measured_pair_differs_from_primary,0.44,1559,5529,1559,5594
A_only,NEMA,4,30093105,11,3028212,3384,-1,25981,-1,measured_pair_differs_from_primary,0.44,6906,7030,6906,2091
A_only,NEMA,4,30093105,11,3043931,3400,-1,25997,-1,first_not_crystal_compton,0.44,0,0,1883,221
A_only,NEMA,4,30093105,11,3099592,3464,-1,26061,-1,intermediate_or_same_crystal_interaction,0.44,1012,1012,1012,340
A_only,NEMA,4,30093105,11,3454352,3837,-1,26434,-1,measured_pair_differs_from_primary,0.44,996,4977,996,4914
A_only,NEMA,4,30093105,11,3577929,3975,-1,26572,-1,first_not_crystal_compton,0.44,1548,0,4267,1491
A_only,NEMA,4,30093105,11,3750712,4166,-1,26763,-1,intermediate_or_same_crystal_interaction,0.44,363,363,363,991
A_only,NEMA,4,30093105,11,3810374,4239,-1,26836,-1,intermediate_or_same_crystal_interaction,0.44,2066,0,2066,7393
A_only,NEMA,4,30093105,11,4024315,4511,-1,27108,-1,first_not_crystal_compton,0.44,6196,0,6196,1789
A_only,NEMA,4,30093105,11,4224504,4710,-1,27307,-1,measured_pair_differs_from_primary,0.44,4642,4641,4642,1460
A_only,NEMA,4,30093105,11,4260769,4749,-1,27346,-1,measured_pair_differs_from_primary,0.44,1070,5862,1070,5735
A_only,NEMA,4,30093105,11,4482782,5043,-1,27640,-1,measured_pair_differs_from_primary,0.44,9140,9139,9140,2074
A_only,NEMA,4,30093105,11,4850964,5454,-1,28051,-1,first_not_crystal_compton,0.44,0,0,1383,4210
B_only,NEMA,4,30093105,11,4972012,-1,3562,-1,17834,accepted,0.44,3611,1356,0,0
A_only,NEMA,5,30093106,11,42826,53,-1,28262,-1,intermediate_or_same_crystal_interaction,0.44,1704,1704,1704,3523
A_only,NEMA,5,30093106,11,125676,130,-1,28339,-1,intermediate_or_same_crystal_interaction,0.44,350,0,350,8652
A_only,NEMA,5,30093106,11,225807,244,-1,28453,-1,first_not_crystal_compton,0.44,9094,0,9157,2182
A_only,NEMA,5,30093106,11,248006,262,-1,28471,-1,first_energy_not_closed,0.44,3010,536,3010,536
A_only,NEMA,5,30093106,11,373306,391,-1,28600,-1,intermediate_or_same_crystal_interaction,0.44,800,800,800,9
A_only,NEMA,5,30093106,11,404344,430,-1,28639,-1,intermediate_or_same_crystal_interaction,0.44,3117,3117,3117,1281
A_only,NEMA,5,30093106,11,601956,627,-1,28836,-1,first_not_crystal_compton,0.44,0,0,5707,899
A_only,NEMA,5,30093106,11,688225,730,-1,28939,-1,measured_pair_differs_from_primary,0.44,2004,6303,2004,6239
A_only,NEMA,5,30093106,11,786011,847,-1,29056,-1,first_not_crystal_compton,0.44,650,0,2898,1291
A_only,NEMA,5,30093106,11,848620,916,-1,29125,-1,intermediate_or_same_crystal_interaction,0.44,2059,2059,2059,1128
A_only,NEMA,5,30093106,11,1221596,1287,-1,29496,-1,measured_pair_differs_from_primary,0.44,9450,9387,9450,2048
B_only,NEMA,5,30093106,11,1365014,-1,883,-1,18738,accepted,0.44,1490,4165,0,0
A_only,NEMA,5,30093106,11,1399967,1462,-1,29671,-1,measured_pair_differs_from_primary,0.44,1049,9768,1049,9832
A_only,NEMA,5,30093106,11,1403400,1467,-1,29676,-1,measured_pair_differs_from_primary,0.44,1989,8905,1989,8967
A_only,NEMA,5,30093106,11,1426617,1491,-1,29700,-1,measured_pair_differs_from_primary,0.44,6594,6467,6594,1472
A_only,NEMA,5,30093106,11,1897246,1986,-1,30195,-1,measured_pair_differs_from_primary,0.44,8812,2152,8812,1244
B_only,NEMA,5,30093106,11,2154739,-1,1419,-1,19274,accepted,0.44,1046,7063,0,0
B_only,NEMA,5,30093106,11,2244020,-1,1478,-1,19333,accepted,0.44,2096,8985,0,0
A_only,NEMA,5,30093106,11,2480958,2690,-1,30899,-1,measured_pair_differs_from_primary,0.44,8180,8181,8180,1063
A_only,NEMA,5,30093106,11,2616450,2839,-1,31048,-1,intermediate_or_same_crystal_interaction,0.44,2187,2187,2187,8594
A_only,NEMA,5,30093106,11,2624176,2852,-1,31061,-1,intermediate_or_same_crystal_interaction,0.44,1842,1842,1842,9527
A_only,NEMA,5,30093106,11,2820194,3078,-1,31287,-1,measured_pair_differs_from_primary,0.44,2626,1320,2626,3
B_only,NEMA,5,30093106,11,2954780,-1,1991,-1,19846,accepted,0.44,1522,623,0,0
A_only,NEMA,5,30093106,11,3225507,3538,-1,31747,-1,intermediate_or_same_crystal_interaction,0.44,353,353,353,8337
A_only,NEMA,5,30093106,11,3450469,3781,-1,31990,-1,intermediate_or_same_crystal_interaction,0.44,730,730,730,165
A_only,NEMA,5,30093106,11,3488056,3820,-1,32029,-1,first_not_crystal_compton,0.44,0,0,1518,56
A_only,NEMA,5,30093106,11,3582938,3913,-1,32122,-1,first_not_crystal_compton,0.44,327,0,6394,1758
A_only,NEMA,5,30093106,11,4377175,4790,-1,32999,-1,measured_pair_differs_from_primary,0.44,2119,8369,2119,8307
A_only,NEMA,5,30093106,11,4517356,4940,-1,33149,-1,measured_pair_differs_from_primary,0.44,3849,1691,3849,979
A_only,NEMA,6,30093107,11,18708,27,-1,33699,-1,measured_pair_differs_from_primary,0.44,8777,8841,8777,2233
A_only,NEMA,6,30093107,11,25573,44,-1,33716,-1,first_not_crystal_compton,0.44,857,0,857,6825
A_only,NEMA,6,30093107,11,322460,378,-1,34050,-1,first_not_crystal_compton,0.44,325,0,325,1076
A_only,NEMA,6,30093107,11,462987,553,-1,34225,-1,first_not_crystal_compton,0.44,7148,0,7085,1980
A_only,NEMA,6,30093107,11,667578,803,-1,34475,-1,intermediate_or_same_crystal_interaction,0.44,1540,0,1540,791
A_only,NEMA,6,30093107,11,733333,879,-1,34551,-1,measured_pair_differs_from_primary,0.44,4622,4623,4622,1494
A_only,NEMA,6,30093107,11,927345,1099,-1,34771,-1,measured_pair_differs_from_primary,0.44,3944,3881,3944,631
A_only,NEMA,6,30093107,11,1021712,1198,-1,34870,-1,intermediate_or_same_crystal_interaction,0.44,9873,9873,9873,414
A_only,NEMA,6,30093107,11,1075324,1256,-1,34928,-1,first_not_crystal_compton,0.44,5027,0,4962,1585
A_only,NEMA,6,30093107,11,1276151,1491,-1,35163,-1,intermediate_or_same_crystal_interaction,0.44,397,0,397,1000
A_only,NEMA,6,30093107,11,1306512,1519,-1,35191,-1,intermediate_or_same_crystal_interaction,0.44,168,0,168,7794
A_only,NEMA,6,30093107,11,1635952,1883,-1,35555,-1,intermediate_or_same_crystal_interaction,0.44,1642,0,1642,4816
A_only,NEMA,6,30093107,11,1769774,2043,-1,35715,-1,measured_pair_differs_from_primary,0.44,2083,6960,2083,6832
A_only,NEMA,6,30093107,11,1936118,2220,-1,35892,-1,measured_pair_differs_from_primary,0.44,2884,2886,2884,1342
A_only,NEMA,6,30093107,11,2069386,2356,-1,36028,-1,measured_pair_differs_from_primary,0.44,3754,1512,3754,1491
B_only,NEMA,6,30093107,11,2155176,-1,1524,-1,22771,accepted,0.44,422,9093,0,0
A_only,NEMA,6,30093107,11,2192999,2496,-1,36168,-1,intermediate_or_same_crystal_interaction,0.44,518,518,518,1356
A_only,NEMA,6,30093107,11,2247918,2581,-1,36253,-1,intermediate_or_same_crystal_interaction,0.44,338,0,338,8560
A_only,NEMA,6,30093107,11,2593025,2951,-1,36623,-1,first_energy_not_closed,0.44,705,4659,705,4659
A_only,NEMA,6,30093107,11,2887073,3276,-1,36948,-1,measured_pair_differs_from_primary,0.44,3459,1566,3459,1585
A_only,NEMA,6,30093107,11,2944940,3345,-1,37017,-1,measured_pair_differs_from_primary,0.44,1685,1665,1685,6086
A_only,NEMA,6,30093107,11,3016489,3427,-1,37099,-1,intermediate_or_same_crystal_interaction,0.44,4820,0,4820,636
A_only,NEMA,6,30093107,11,3218910,3671,-1,37343,-1,intermediate_or_same_crystal_interaction,0.44,1214,1214,1214,2235
A_only,NEMA,6,30093107,11,3257628,3708,-1,37380,-1,measured_pair_differs_from_primary,0.44,2273,10415,2273,10478
A_only,NEMA,6,30093107,11,3450225,3933,-1,37605,-1,first_not_crystal_compton,0.44,0,0,4082,1627
B_only,NEMA,6,30093107,11,3496954,-1,2474,-1,23721,accepted,0.44,7075,2239,0,0
A_only,NEMA,6,30093107,11,3614285,4118,-1,37790,-1,intermediate_or_same_crystal_interaction,0.44,151,0,151,2255
A_only,NEMA,6,30093107,11,3651438,4158,-1,37830,-1,measured_pair_differs_from_primary,0.44,2471,2472,2471,633
A_only,NEMA,6,30093107,11,3705922,4221,-1,37893,-1,first_not_crystal_compton,0.44,1235,0,10213,2205
A_only,NEMA,6,30093107,11,3796778,4336,-1,38008,-1,intermediate_or_same_crystal_interaction,0.44,1483,1483,1483,10378
A_only,NEMA,6,30093107,11,4060782,4612,-1,38284,-1,intermediate_or_same_crystal_interaction,0.44,7,0,7,3906
A_only,NEMA,6,30093107,11,4140204,4709,-1,38381,-1,measured_pair_differs_from_primary,0.44,2649,2585,2649,1305
A_only,NEMA,6,30093107,11,4215670,4788,-1,38460,-1,intermediate_or_same_crystal_interaction,0.44,4692,4692,4692,1690
A_only,NEMA,6,30093107,11,4216267,4789,-1,38461,-1,first_not_crystal_compton,0.44,6928,0,6928,1600
A_only,NEMA,6,30093107,11,4251069,4831,-1,38503,-1,measured_pair_differs_from_primary,0.44,1699,7344,1699,7471
A_only,NEMA,6,30093107,11,4308981,4914,-1,38586,-1,measured_pair_differs_from_primary,0.44,1481,4710,1481,5091
A_only,NEMA,6,30093107,11,4695112,5375,-1,39047,-1,measured_pair_differs_from_primary,0.44,162,8691,162,8755
A_only,NEMA,6,30093107,11,4899549,5600,-1,39272,-1,intermediate_or_same_crystal_interaction,0.44,977,977,977,174
A_only,NEMA,7,30093108,11,27393,38,-1,39422,-1,measured_pair_differs_from_primary,0.44,847,8179,847,8180
A_only,NEMA,7,30093108,11,212672,261,-1,39645,-1,first_not_crystal_compton,0.44,1606,0,1606,5638
A_only,NEMA,7,30093108,11,447441,552,-1,39936,-1,measured_pair_differs_from_primary,0.44,2461,1622,2461,1652
A_only,NEMA,7,30093108,11,527366,648,-1,40032,-1,first_energy_not_closed,0.44,873,4537,873,4537
A_only,NEMA,7,30093108,11,605646,723,-1,40107,-1,intermediate_or_same_crystal_interaction,0.44,685,0,685,5838
A_only,NEMA,7,30093108,11,670902,789,-1,40173,-1,first_not_crystal_compton,0.44,1165,0,1165,3160
A_only,NEMA,7,30093108,11,773558,898,-1,40282,-1,first_energy_not_closed,0.44,1723,6406,1723,6406
A_only,NEMA,7,30093108,11,798393,933,-1,40317,-1,measured_pair_differs_from_primary,0.44,933,4477,933,4413
A_only,NEMA,7,30093108,11,798944,936,-1,40320,-1,intermediate_or_same_crystal_interaction,0.44,855,0,855,6129
A_only,NEMA,7,30093108,11,1119734,1285,-1,40669,-1,first_not_crystal_compton,0.44,9008,0,9008,2083
A_only,NEMA,7,30093108,11,1290276,1473,-1,40857,-1,measured_pair_differs_from_primary,0.44,9976,9912,9976,1226
A_only,NEMA,7,30093108,11,1480610,1650,-1,41034,-1,measured_pair_differs_from_primary,0.44,5845,5909,5845,211
A_only,NEMA,7,30093108,11,1553104,1729,-1,41113,-1,measured_pair_differs_from_primary,0.44,4380,4187,4380,1353
A_only,NEMA,7,30093108,11,1598436,1776,-1,41160,-1,first_not_crystal_compton,0.44,0,0,9130,2143
A_only,NEMA,7,30093108,11,1636700,1814,-1,41198,-1,first_not_crystal_compton,0.44,0,0,2974,1638
A_only,NEMA,7,30093108,11,1922642,2166,-1,41550,-1,measured_pair_differs_from_primary,0.44,3012,3077,3012,1428
A_only,NEMA,7,30093108,11,2085207,2357,-1,41741,-1,first_not_crystal_compton,0.44,956,0,1904,7788
A_only,NEMA,7,30093108,11,2187869,2488,-1,41872,-1,first_not_crystal_compton,0.44,283,0,987,5208
A_only,NEMA,7,30093108,11,2202416,2509,-1,41893,-1,intermediate_or_same_crystal_interaction,0.44,6152,6152,6152,732
B_only,NEMA,7,30093108,11,2743316,-1,1933,-1,26748,accepted,0.44,1713,7521,0,0
A_only,NEMA,7,30093108,11,2750787,3107,-1,42491,-1,measured_pair_differs_from_primary,0.44,6450,6449,6450,1901
A_only,NEMA,7,30093108,11,2881970,3264,-1,42648,-1,measured_pair_differs_from_primary,0.44,1486,4926,1486,4990
A_only,NEMA,7,30093108,11,2925547,3331,-1,42715,-1,measured_pair_differs_from_primary,0.44,6114,1839,6114,362
A_only,NEMA,7,30093108,11,3024161,3434,-1,42818,-1,first_not_crystal_compton,0.44,0,0,5984,1709
A_only,NEMA,7,30093108,11,3088381,3491,-1,42875,-1,measured_pair_differs_from_primary,0.44,7226,7354,7226,1170
A_only,NEMA,7,30093108,11,3128340,3523,-1,42907,-1,first_not_crystal_compton,0.44,4718,0,4718,197
B_only,NEMA,7,30093108,11,3410203,-1,2397,-1,27212,accepted,0.44,2028,6365,0,0
A_only,NEMA,7,30093108,11,3731951,4171,-1,43555,-1,measured_pair_differs_from_primary,0.44,2101,3125,2101,2932
A_only,NEMA,7,30093108,11,3879304,4334,-1,43718,-1,first_not_crystal_compton,0.44,921,0,1832,6412
A_only,NEMA,7,30093108,11,3892768,4347,-1,43731,-1,intermediate_or_same_crystal_interaction,0.44,669,669,669,6566
A_only,NEMA,7,30093108,11,4123658,4615,-1,43999,-1,intermediate_or_same_crystal_interaction,0.44,1857,0,1857,7408
A_only,NEMA,7,30093108,11,4158385,4659,-1,44043,-1,measured_pair_differs_from_primary,0.44,2081,7330,2081,7265
A_only,NEMA,7,30093108,11,4310562,4814,-1,44198,-1,measured_pair_differs_from_primary,0.44,8818,8944,8818,1246
A_only,NEMA,7,30093108,11,4567505,5107,-1,44491,-1,intermediate_or_same_crystal_interaction,0.44,1617,0,1617,581
A_only,NEMA,7,30093108,11,4924716,5443,-1,44827,-1,intermediate_or_same_crystal_interaction,0.44,4422,0,4422,514
A_only,NEMA,7,30093108,11,4944693,5469,-1,44853,-1,measured_pair_differs_from_primary,0.44,1913,4437,1913,4180
A_only,NEMA,8,30093109,11,274587,304,-1,45227,-1,measured_pair_differs_from_primary,0.44,33,1464,33,4247
A_only,NEMA,8,30093109,11,662913,750,-1,45673,-1,measured_pair_differs_from_primary,0.44,9505,9439,9505,2051
A_only,NEMA,8,30093109,11,686492,780,-1,45703,-1,intermediate_or_same_crystal_interaction,0.44,762,0,762,1339
A_only,NEMA,8,30093109,11,1232480,1420,-1,46343,-1,first_energy_not_closed,0.44,2082,7608,2082,7608
B_only,NEMA,8,30093109,11,1309249,-1,958,-1,29229,accepted,0.44,333,869,0,0
A_only,NEMA,8,30093109,11,1326112,1517,-1,46440,-1,intermediate_or_same_crystal_interaction,0.44,693,693,693,1391
A_only,NEMA,8,30093109,11,1330856,1524,-1,46447,-1,intermediate_or_same_crystal_interaction,0.44,2191,0,2191,7927
A_only,NEMA,8,30093109,11,1340019,1531,-1,46454,-1,intermediate_or_same_crystal_interaction,0.44,1913,1913,1913,3577
A_only,NEMA,8,30093109,11,1586376,1791,-1,46714,-1,intermediate_or_same_crystal_interaction,0.44,1533,0,1533,642
A_only,NEMA,8,30093109,11,1777025,1995,-1,46918,-1,first_not_crystal_compton,0.44,2225,0,2225,8483
A_only,NEMA,8,30093109,11,2010877,2248,-1,47171,-1,first_energy_not_closed,0.44,2195,6628,2195,6628
A_only,NEMA,8,30093109,11,2356711,2637,-1,47560,-1,intermediate_or_same_crystal_interaction,0.44,3342,0,3342,736
A_only,NEMA,8,30093109,11,2566312,2886,-1,47809,-1,measured_pair_differs_from_primary,0.44,7421,7550,7421,1683
A_only,NEMA,8,30093109,11,2689200,2998,-1,47921,-1,first_not_crystal_compton,0.44,1928,0,7391,375
A_only,NEMA,8,30093109,11,2748211,3071,-1,47994,-1,first_not_crystal_compton,0.44,6250,0,6250,1809
A_only,NEMA,8,30093109,11,2769380,3089,-1,48012,-1,measured_pair_differs_from_primary,0.44,9334,9906,9334,2026
A_only,NEMA,8,30093109,11,3032600,3372,-1,48295,-1,measured_pair_differs_from_primary,0.44,2095,7968,2095,7904
A_only,NEMA,8,30093109,11,3176811,3529,-1,48452,-1,intermediate_or_same_crystal_interaction,0.44,7715,0,7715,2075
A_only,NEMA,8,30093109,11,3283731,3651,-1,48574,-1,first_energy_not_closed,0.44,1993,7644,1993,7644
A_only,NEMA,8,30093109,11,3693418,4113,-1,49036,-1,measured_pair_differs_from_primary,0.44,9549,9488,9549,1108
A_only,NEMA,8,30093109,11,3707238,4126,-1,49049,-1,intermediate_or_same_crystal_interaction,0.44,2083,2083,2083,1213
B_only,NEMA,8,30093109,11,3802536,-1,2658,-1,30929,accepted,0.44,8429,2015,0,0
A_only,NEMA,8,30093109,11,3978082,4396,-1,49319,-1,measured_pair_differs_from_primary,0.44,6804,6933,6804,1992
A_only,NEMA,8,30093109,11,4081166,4525,-1,49448,-1,measured_pair_differs_from_primary,0.44,1613,6627,1613,6752
B_only,NEMA,8,30093109,11,4261298,-1,2975,-1,31246,accepted,0.44,946,9100,0,0
A_only,NEMA,8,30093109,11,4522967,5018,-1,49941,-1,measured_pair_differs_from_primary,0.44,8306,8370,8306,2272
A_only,NEMA,8,30093109,11,4831348,5371,-1,50294,-1,intermediate_or_same_crystal_interaction,0.44,184,0,184,582
B_only,NEMA,9,30093110,11,52261,-1,32,-1,31826,accepted,0.44,1446,4501,0,0
A_only,NEMA,9,30093110,11,59930,73,-1,50546,-1,measured_pair_differs_from_primary,0.44,402,1019,402,7239
A_only,NEMA,9,30093110,11,244978,265,-1,50738,-1,measured_pair_differs_from_primary,0.44,1799,2497,1799,2433
A_only,NEMA,9,30093110,11,390603,463,-1,50936,-1,measured_pair_differs_from_primary,0.44,6664,6537,6664,1702
A_only,NEMA,9,30093110,11,565600,649,-1,51122,-1,intermediate_or_same_crystal_interaction,0.44,9552,0,9552,2260
A_only,NEMA,9,30093110,11,970340,1092,-1,51565,-1,measured_pair_differs_from_primary,0.44,497,2025,497,2007
A_only,NEMA,9,30093110,11,1064622,1193,-1,51666,-1,measured_pair_differs_from_primary,0.44,8568,8630,8568,2133
A_only,NEMA,9,30093110,11,1255759,1414,-1,51887,-1,first_not_crystal_compton,0.44,0,0,139,5477
A_only,NEMA,9,30093110,11,1448781,1640,-1,52113,-1,first_not_crystal_compton,0.44,0,0,846,3982
A_only,NEMA,9,30093110,11,1500504,1699,-1,52172,-1,measured_pair_differs_from_primary,0.44,9676,9231,9676,1551
A_only,NEMA,9,30093110,11,1503133,1704,-1,52177,-1,intermediate_or_same_crystal_interaction,0.44,2110,2110,2110,9676
A_only,NEMA,9,30093110,11,1509849,1717,-1,52190,-1,first_not_crystal_compton,0.44,0,0,7634,966
A_only,NEMA,9,30093110,11,1651113,1866,-1,52339,-1,first_not_crystal_compton,0.44,659,0,659,63
A_only,NEMA,9,30093110,11,1788926,2051,-1,52524,-1,intermediate_or_same_crystal_interaction,0.44,1450,1450,1450,3476
A_only,NEMA,9,30093110,11,1930506,2224,-1,52697,-1,intermediate_or_same_crystal_interaction,0.44,1943,0,1943,6106
A_only,NEMA,9,30093110,11,2053505,2355,-1,52828,-1,measured_pair_differs_from_primary,0.44,3524,3523,3524,1353
A_only,NEMA,9,30093110,11,2341928,2680,-1,53153,-1,measured_pair_differs_from_primary,0.44,2607,922,2607,937
A_only,NEMA,9,30093110,11,2455344,2808,-1,53281,-1,intermediate_or_same_crystal_interaction,0.44,1041,1041,1041,7629
A_only,NEMA,9,30093110,11,2462107,2812,-1,53285,-1,measured_pair_differs_from_primary,0.44,4640,4961,4640,1240
A_only,NEMA,9,30093110,11,3320324,3779,-1,54252,-1,intermediate_or_same_crystal_interaction,0.44,1934,1934,1934,5799
A_only,NEMA,9,30093110,11,3397774,3875,-1,54348,-1,intermediate_or_same_crystal_interaction,0.44,1672,1672,1672,9370
A_only,NEMA,9,30093110,11,3735863,4265,-1,54738,-1,measured_pair_differs_from_primary,0.44,3560,3622,3560,1445
A_only,NEMA,9,30093110,11,3854539,4406,-1,54879,-1,intermediate_or_same_crystal_interaction,0.44,4128,4128,4128,1585
A_only,NEMA,9,30093110,11,3957553,4530,-1,55003,-1,measured_pair_differs_from_primary,0.44,1003,7657,1003,7656
A_only,NEMA,9,30093110,11,4125633,4733,-1,55206,-1,measured_pair_differs_from_primary,0.44,5460,5461,5460,30
A_only,NEMA,9,30093110,11,4137737,4748,-1,55221,-1,intermediate_or_same_crystal_interaction,0.44,357,0,357,8597
A_only,NEMA,9,30093110,11,4235152,4883,-1,55356,-1,intermediate_or_same_crystal_interaction,0.44,1642,0,1642,4062
A_only,NEMA,9,30093110,11,4323489,4999,-1,55472,-1,first_not_crystal_compton,0.44,2014,0,2014,200
A_only,NEMA,9,30093110,11,4387155,5059,-1,55532,-1,measured_pair_differs_from_primary,0.44,2543,2607,2543,1630
A_only,NEMA,9,30093110,11,4476234,5169,-1,55642,-1,first_not_crystal_compton,0.44,0,0,2054,1118
A_only,NEMA,9,30093110,11,4530108,5223,-1,55696,-1,intermediate_or_same_crystal_interaction,0.44,1564,1564,1564,3676
A_only,NEMA,9,30093110,11,4530551,5225,-1,55698,-1,measured_pair_differs_from_primary,0.44,9267,9202,9267,2043
A_only,NEMA,9,30093110,11,4803009,5540,-1,56013,-1,first_not_crystal_compton,0.44,0,0,1894,765
A_only,NEMA,9,30093110,11,4896179,5633,-1,56106,-1,measured_pair_differs_from_primary,0.44,6178,6114,6178,1723
A_only,NEMA,9,30093110,11,4976449,5730,-1,56203,-1,measured_pair_differs_from_primary,0.44,4008,4073,4008,286
A_only,NEMA,0,30093111,12,261673,300,-1,300,-1,intermediate_or_same_crystal_interaction,0.44,641,641,641,5185
A_only,NEMA,0,30093111,12,340452,395,-1,395,-1,measured_pair_differs_from_primary,0.44,2149,2135,2149,6348
A_only,NEMA,0,30093111,12,346406,407,-1,407,-1,first_not_crystal_compton,0.44,645,0,645,5388
A_only,NEMA,0,30093111,12,546963,645,-1,645,-1,measured_pair_differs_from_primary,0.44,1277,2094,1277,7299
A_only,NEMA,0,30093111,12,695501,790,-1,790,-1,first_not_crystal_compton,0.44,1035,0,1991,7876
A_only,NEMA,0,30093111,12,908813,1050,-1,1050,-1,first_not_crystal_compton,0.44,1007,0,1952,9990
A_only,NEMA,0,30093111,12,1274401,1468,-1,1468,-1,measured_pair_differs_from_primary,0.44,1547,1530,1547,2435
A_only,NEMA,0,30093111,12,1349516,1543,-1,1543,-1,measured_pair_differs_from_primary,0.44,6315,6697,6315,2260
A_only,NEMA,0,30093111,12,1574446,1792,-1,1792,-1,intermediate_or_same_crystal_interaction,0.44,9995,9995,9995,1171
A_only,NEMA,0,30093111,12,1796829,2034,-1,2034,-1,measured_pair_differs_from_primary,0.44,4217,4281,4217,190
B_only,NEMA,0,30093111,12,1896292,-1,1314,-1,1314,accepted,0.44,2266,1177,0,0
A_only,NEMA,0,30093111,12,2491899,2791,-1,2791,-1,first_not_crystal_compton,0.44,0,0,870,3624
B_only,NEMA,0,30093111,12,2612634,-1,1769,-1,1769,accepted,0.44,993,242,0,0
A_only,NEMA,0,30093111,12,2655706,2953,-1,2953,-1,measured_pair_differs_from_primary,0.44,1233,6706,1233,6579
A_only,NEMA,0,30093111,12,2699028,3005,-1,3005,-1,intermediate_or_same_crystal_interaction,0.44,794,794,794,1832
A_only,NEMA,0,30093111,12,2736910,3058,-1,3058,-1,measured_pair_differs_from_primary,0.44,6824,6759,6824,1668
A_only,NEMA,0,30093111,12,2819810,3156,-1,3156,-1,first_not_crystal_compton,0.44,1261,0,1261,9390
A_only,NEMA,0,30093111,12,2854055,3189,-1,3189,-1,intermediate_or_same_crystal_interaction,0.44,5420,5420,5420,1038
A_only,NEMA,0,30093111,12,2924198,3274,-1,3274,-1,measured_pair_differs_from_primary,0.44,9122,9121,9122,2147
A_only,NEMA,0,30093111,12,2953686,3302,-1,3302,-1,measured_pair_differs_from_primary,0.44,237,1524,237,3587
A_only,NEMA,0,30093111,12,3065542,3448,-1,3448,-1,first_not_crystal_compton,0.44,0,0,9345,2211
A_only,NEMA,0,30093111,12,3549652,3977,-1,3977,-1,intermediate_or_same_crystal_interaction,0.44,1141,0,1141,8591
A_only,NEMA,0,30093111,12,3856178,4343,-1,4343,-1,intermediate_or_same_crystal_interaction,0.44,1610,0,1610,663
A_only,NEMA,0,30093111,12,3908033,4391,-1,4391,-1,measured_pair_differs_from_primary,0.44,1926,4639,1926,4576
A_only,NEMA,0,30093111,12,3960999,4452,-1,4452,-1,measured_pair_differs_from_primary,0.44,5853,5981,5853,2007
A_only,NEMA,0,30093111,12,4063875,4578,-1,4578,-1,measured_pair_differs_from_primary,0.44,3836,3835,3836,1454
A_only,NEMA,0,30093111,12,4183933,4706,-1,4706,-1,measured_pair_differs_from_primary,0.44,362,969,362,5614
A_only,NEMA,0,30093111,12,4225929,4758,-1,4758,-1,first_not_crystal_compton,0.44,0,0,1713,4518
A_only,NEMA,0,30093111,12,4307907,4850,-1,4850,-1,first_not_crystal_compton,0.44,0,0,1851,5604
A_only,NEMA,0,30093111,12,4452224,5023,-1,5023,-1,first_not_crystal_compton,0.44,0,0,553,3935
A_only,NEMA,0,30093111,12,4474632,5050,-1,5050,-1,measured_pair_differs_from_primary,0.44,2205,8773,2205,8772
A_only,NEMA,0,30093111,12,4494626,5074,-1,5074,-1,first_not_crystal_compton,0.44,2014,0,2014,9003
A_only,NEMA,0,30093111,12,4513656,5094,-1,5094,-1,first_not_crystal_compton,0.44,766,0,766,216
A_only,NEMA,0,30093111,12,4635405,5233,-1,5233,-1,measured_pair_differs_from_primary,0.44,5273,5274,5273,1760
A_only,NEMA,0,30093111,12,4683789,5300,-1,5300,-1,measured_pair_differs_from_primary,0.44,1461,4401,1461,4402
A_only,NEMA,0,30093111,12,4924048,5596,-1,5596,-1,first_energy_not_closed,0.44,503,10212,503,10212
A_only,NEMA,1,30093112,12,62133,71,-1,5748,-1,measured_pair_differs_from_primary,0.44,7938,8003,7938,2213
A_only,NEMA,1,30093112,12,182454,191,-1,5868,-1,intermediate_or_same_crystal_interaction,0.44,293,0,293,7499
A_only,NEMA,1,30093112,12,291855,313,-1,5990,-1,intermediate_or_same_crystal_interaction,0.44,625,0,625,21
A_only,NEMA,1,30093112,12,457200,515,-1,6192,-1,intermediate_or_same_crystal_interaction,0.44,1257,1257,1257,10175
A_only,NEMA,1,30093112,12,461084,520,-1,6197,-1,first_energy_not_closed,0.44,33,5578,33,5578
A_only,NEMA,1,30093112,12,544120,622,-1,6299,-1,measured_pair_differs_from_primary,0.44,2004,7677,2004,7552
A_only,NEMA,1,30093112,12,612324,689,-1,6366,-1,first_not_crystal_compton,0.44,2109,0,2109,8795
A_only,NEMA,1,30093112,12,617170,700,-1,6377,-1,first_not_crystal_compton,0.44,1392,0,1392,6674
A_only,NEMA,1,30093112,12,675194,773,-1,6450,-1,first_not_crystal_compton,0.44,0,0,1308,710
A_only,NEMA,1,30093112,12,1103751,1224,-1,6901,-1,intermediate_or_same_crystal_interaction,0.44,5468,5468,5468,1897
A_only,NEMA,1,30093112,12,1158400,1294,-1,6971,-1,measured_pair_differs_from_primary,0.44,6904,6966,6904,1945
A_only,NEMA,1,30093112,12,1225074,1366,-1,7043,-1,measured_pair_differs_from_primary,0.44,6901,1975,6901,1992
A_only,NEMA,1,30093112,12,1247450,1390,-1,7067,-1,intermediate_or_same_crystal_interaction,0.44,1024,0,1024,9057
A_only,NEMA,1,30093112,12,1295239,1438,-1,7115,-1,measured_pair_differs_from_primary,0.44,7281,7345,7281,2064
B_only,NEMA,1,30093112,12,1412315,-1,976,-1,4487,accepted,0.44,863,4424,0,0
A_only,NEMA,1,30093112,12,1777295,2003,-1,7680,-1,intermediate_or_same_crystal_interaction,0.44,8602,8602,8602,428
B_only,NEMA,1,30093112,12,2176164,-1,1547,-1,5058,accepted,0.44,2188,1199,0,0
A_only,NEMA,1,30093112,12,2362320,2673,-1,8350,-1,measured_pair_differs_from_primary,0.44,1763,3480,1763,3416
A_only,NEMA,1,30093112,12,2589319,2921,-1,8598,-1,intermediate_or_same_crystal_interaction,0.44,1155,1155,1155,2254
A_only,NEMA,1,30093112,12,2608656,2935,-1,8612,-1,first_not_crystal_compton,0.44,607,0,2363,1331
A_only,NEMA,1,30093112,12,2739560,3078,-1,8755,-1,measured_pair_differs_from_primary,0.44,7221,7222,7221,1874
A_only,NEMA,1,30093112,12,2882590,3247,-1,8924,-1,intermediate_or_same_crystal_interaction,0.44,1649,1649,1649,6004
A_only,NEMA,1,30093112,12,2943333,3318,-1,8995,-1,measured_pair_differs_from_primary,0.44,6396,1124,6396,2238
A_only,NEMA,1,30093112,12,3063091,3455,-1,9132,-1,measured_pair_differs_from_primary,0.44,5063,1322,5063,1300
A_only,NEMA,1,30093112,12,3113789,3501,-1,9178,-1,first_not_crystal_compton,0.44,1561,0,4430,1653
A_only,NEMA,1,30093112,12,3293532,3690,-1,9367,-1,measured_pair_differs_from_primary,0.44,264,3258,264,3131
A_only,NEMA,1,30093112,12,3334755,3746,-1,9423,-1,first_not_crystal_compton,0.44,315,0,7048,2289
A_only,NEMA,1,30093112,12,3374475,3792,-1,9469,-1,measured_pair_differs_from_primary,0.44,8945,8944,8945,2153
A_only,NEMA,1,30093112,12,3459239,3881,-1,9558,-1,measured_pair_differs_from_primary,0.44,1274,8143,1274,8079
A_only,NEMA,1,30093112,12,3849165,4313,-1,9990,-1,first_not_crystal_compton,0.44,1895,0,7569,2095
A_only,NEMA,1,30093112,12,3900690,4366,-1,10043,-1,intermediate_or_same_crystal_interaction,0.44,937,937,937,4940
A_only,NEMA,1,30093112,12,4002562,4483,-1,10160,-1,intermediate_or_same_crystal_interaction,0.44,7774,7774,7774,1742
A_only,NEMA,1,30093112,12,4030926,4521,-1,10198,-1,measured_pair_differs_from_primary,0.44,1620,6474,1620,6538
B_only,NEMA,1,30093112,12,4385557,-1,3051,-1,6562,accepted,0.44,1455,4544,0,0
A_only,NEMA,1,30093112,12,4715963,5287,-1,10964,-1,intermediate_or_same_crystal_interaction,0.44,100,0,100,527
A_only,NEMA,1,30093112,12,4744194,5328,-1,11005,-1,first_not_crystal_compton,0.44,0,0,808,9651
A_only,NEMA,2,30093113,12,223014,234,-1,11531,-1,first_not_crystal_compton,0.44,0,0,3114,1532
A_only,NEMA,2,30093113,12,520694,585,-1,11882,-1,measured_pair_differs_from_primary,0.44,1750,6809,1750,6874
A_only,NEMA,2,30093113,12,550498,623,-1,11920,-1,intermediate_or_same_crystal_interaction,0.44,1891,1891,1891,6219
A_only,NEMA,2,30093113,12,571314,640,-1,11937,-1,intermediate_or_same_crystal_interaction,0.44,1227,1227,1227,479
A_only,NEMA,2,30093113,12,1111288,1249,-1,12546,-1,first_energy_not_closed,0.44,2185,1197,2185,1197
A_only,NEMA,2,30093113,12,1194985,1341,-1,12638,-1,measured_pair_differs_from_primary,0.44,731,1689,731,6616
B_only,NEMA,2,30093113,12,1204426,-1,840,-1,7844,accepted,0.44,1642,4529,0,0
B_only,NEMA,2,30093113,12,1238055,-1,863,-1,7867,accepted,0.44,1273,425,0,0
A_only,NEMA,2,30093113,12,1378820,1549,-1,12846,-1,first_not_crystal_compton,0.44,5842,0,5842,808
A_only,NEMA,2,30093113,12,1690264,1878,-1,13175,-1,measured_pair_differs_from_primary,0.44,728,9357,728,9486
A_only,NEMA,2,30093113,12,1720908,1925,-1,13222,-1,intermediate_or_same_crystal_interaction,0.44,164,0,164,554
A_only,NEMA,2,30093113,12,1743423,1940,-1,13237,-1,measured_pair_differs_from_primary,0.44,5592,5399,5592,1350
A_only,NEMA,2,30093113,12,1788173,1987,-1,13284,-1,intermediate_or_same_crystal_interaction,0.44,252,0,252,954
A_only,NEMA,2,30093113,12,2016363,2233,-1,13530,-1,intermediate_or_same_crystal_interaction,0.44,840,840,840,6467
A_only,NEMA,2,30093113,12,2019485,2237,-1,13534,-1,intermediate_or_same_crystal_interaction,0.44,8750,8750,8750,1122
A_only,NEMA,2,30093113,12,2124786,2350,-1,13647,-1,measured_pair_differs_from_primary,0.44,5067,5068,5067,1736
A_only,NEMA,2,30093113,12,2197426,2427,-1,13724,-1,first_not_crystal_compton,0.44,784,0,1663,4787
A_only,NEMA,2,30093113,12,2212335,2448,-1,13745,-1,measured_pair_differs_from_primary,0.44,5049,1462,5049,1448
A_only,NEMA,2,30093113,12,2257130,2494,-1,13791,-1,intermediate_or_same_crystal_interaction,0.44,7288,7288,7288,1736
A_only,NEMA,2,30093113,12,2626159,2931,-1,14228,-1,intermediate_or_same_crystal_interaction,0.44,1586,1586,1586,5101
A_only,NEMA,2,30093113,12,2635241,2944,-1,14241,-1,first_not_crystal_compton,0.44,0,0,2438,1284
A_only,NEMA,2,30093113,12,2646035,2954,-1,14251,-1,first_not_crystal_compton,0.44,0,0,7400,1857
A_only,NEMA,2,30093113,12,2705980,3016,-1,14313,-1,first_not_crystal_compton,0.44,0,0,8859,272
B_only,NEMA,2,30093113,12,3056674,-1,2157,-1,9161,accepted,0.44,950,6882,0,0
A_only,NEMA,2,30093113,12,3419844,3790,-1,15087,-1,intermediate_or_same_crystal_interaction,0.44,10343,10343,10343,2212
A_only,NEMA,2,30093113,12,3658940,4057,-1,15354,-1,first_not_crystal_compton,0.44,985,0,1909,272
A_only,NEMA,2,30093113,12,3678613,4079,-1,15376,-1,first_energy_not_closed,0.44,124,687,124,687
A_only,NEMA,2,30093113,12,3753513,4153,-1,15450,-1,measured_pair_differs_from_primary,0.44,323,341,323,1089
A_only,NEMA,2,30093113,12,3943493,4354,-1,15651,-1,first_not_crystal_compton,0.44,0,0,1928,6809
A_only,NEMA,2,30093113,12,3953648,4371,-1,15668,-1,intermediate_or_same_crystal_interaction,0.44,1976,1976,1976,1024
A_only,NEMA,2,30093113,12,4651297,5104,-1,16401,-1,intermediate_or_same_crystal_interaction,0.44,1213,1213,1213,6094
A_only,NEMA,3,30093114,12,278043,326,-1,17093,-1,first_energy_not_closed,0.44,1178,9102,1178,9102
A_only,NEMA,3,30093114,12,293272,345,-1,17112,-1,intermediate_or_same_crystal_interaction,0.44,4063,4063,4063,1599
B_only,NEMA,3,30093114,12,297904,-1,221,-1,10677,accepted,0.44,82,6520,0,0
A_only,NEMA,3,30093114,12,420213,478,-1,17245,-1,intermediate_or_same_crystal_interaction,0.44,702,0,702,1817
A_only,NEMA,3,30093114,12,531772,583,-1,17350,-1,measured_pair_differs_from_primary,0.44,2131,8143,2131,8080
A_only,NEMA,3,30093114,12,629780,684,-1,17451,-1,first_not_crystal_compton,0.44,713,0,713,9554
A_only,NEMA,3,30093114,12,961423,1069,-1,17836,-1,intermediate_or_same_crystal_interaction,0.44,5676,5676,5676,1676
A_only,NEMA,3,30093114,12,967271,1074,-1,17841,-1,intermediate_or_same_crystal_interaction,0.44,7219,7219,7219,18
A_only,NEMA,3,30093114,12,973241,1082,-1,17849,-1,measured_pair_differs_from_primary,0.44,5021,1477,5021,554
A_only,NEMA,3,30093114,12,979596,1093,-1,17860,-1,intermediate_or_same_crystal_interaction,0.44,2067,2067,2067,10426
A_only,NEMA,3,30093114,12,1036587,1155,-1,17922,-1,measured_pair_differs_from_primary,0.44,375,5373,375,5247
A_only,NEMA,3,30093114,12,1222134,1357,-1,18124,-1,intermediate_or_same_crystal_interaction,0.44,7927,0,7927,902
A_only,NEMA,3,30093114,12,1388487,1536,-1,18303,-1,intermediate_or_same_crystal_interaction,0.44,7359,7359,7359,1872
A_only,NEMA,3,30093114,12,1923440,2132,-1,18899,-1,first_not_crystal_compton,0.44,0,0,1519,3483
A_only,NEMA,3,30093114,12,2088813,2298,-1,19065,-1,first_not_crystal_compton,0.44,1003,0,1003,5342
A_only,NEMA,3,30093114,12,2146012,2353,-1,19120,-1,intermediate_or_same_crystal_interaction,0.44,1132,0,1132,2143
A_only,NEMA,3,30093114,12,2203363,2425,-1,19192,-1,intermediate_or_same_crystal_interaction,0.44,1190,0,1190,476
A_only,NEMA,3,30093114,12,2507545,2756,-1,19523,-1,measured_pair_differs_from_primary,0.44,2109,6866,2109,6674
A_only,NEMA,3,30093114,12,2590045,2861,-1,19628,-1,measured_pair_differs_from_primary,0.44,5870,5934,5870,1828
A_only,NEMA,3,30093114,12,2745614,3042,-1,19809,-1,intermediate_or_same_crystal_interaction,0.44,8320,8320,8320,2088
A_only,NEMA,3,30093114,12,2995942,3310,-1,20077,-1,intermediate_or_same_crystal_interaction,0.44,8260,0,8260,2003
A_only,NEMA,3,30093114,12,3304666,3688,-1,20455,-1,intermediate_or_same_crystal_interaction,0.44,7814,0,7814,998
A_only,NEMA,3,30093114,12,3399682,3795,-1,20562,-1,intermediate_or_same_crystal_interaction,0.44,949,0,949,1795
A_only,NEMA,3,30093114,12,3457394,3868,-1,20635,-1,intermediate_or_same_crystal_interaction,0.44,1620,1620,1620,203
A_only,NEMA,3,30093114,12,3641496,4067,-1,20834,-1,first_energy_not_closed,0.44,33,6818,33,6818
A_only,NEMA,3,30093114,12,3729193,4163,-1,20930,-1,measured_pair_differs_from_primary,0.44,3561,3625,3561,1674
A_only,NEMA,3,30093114,12,3739090,4180,-1,20947,-1,first_not_crystal_compton,0.44,1821,0,1821,6547
A_only,NEMA,3,30093114,12,3849918,4294,-1,21061,-1,first_not_crystal_compton,0.44,1762,0,1762,4472
A_only,NEMA,3,30093114,12,3854305,4295,-1,21062,-1,measured_pair_differs_from_primary,0.44,5988,5862,5988,692
B_only,NEMA,3,30093114,12,4211191,-1,3022,-1,13478,accepted,0.44,9836,2170,0,0
A_only,NEMA,3,30093114,12,4220947,4728,-1,21495,-1,intermediate_or_same_crystal_interaction,0.44,140,140,140,550
A_only,NEMA,3,30093114,12,4457782,5017,-1,21784,-1,intermediate_or_same_crystal_interaction,0.44,840,840,840,8800
A_only,NEMA,3,30093114,12,4638269,5225,-1,21992,-1,first_energy_not_closed,0.44,3578,1827,3578,1827
A_only,NEMA,3,30093114,12,4703652,5312,-1,22079,-1,intermediate_or_same_crystal_interaction,0.44,1469,1469,1469,737
A_only,NEMA,3,30093114,12,4786917,5404,-1,22171,-1,intermediate_or_same_crystal_interaction,0.44,10447,10447,10447,2149
A_only,NEMA,3,30093114,12,4872474,5493,-1,22260,-1,measured_pair_differs_from_primary,0.44,6362,6426,6362,509
A_only,NEMA,3,30093114,12,4881718,5511,-1,22278,-1,first_not_crystal_compton,0.44,0,0,1723,6628
A_only,NEMA,3,30093114,12,4885552,5514,-1,22281,-1,intermediate_or_same_crystal_interaction,0.44,1770,0,1770,6329
A_only,NEMA,4,30093115,12,729830,792,-1,23224,-1,measured_pair_differs_from_primary,0.44,7960,7833,7960,721
A_only,NEMA,4,30093115,12,1368228,1529,-1,23961,-1,foreign_energy_in_first_crystal,0.44,317,952,317,952
A_only,NEMA,4,30093115,12,1433343,1594,-1,24026,-1,measured_pair_differs_from_primary,0.44,7954,7953,7954,2198
A_only,NEMA,4,30093115,12,1592641,1771,-1,24203,-1,measured_pair_differs_from_primary,0.44,7763,7698,7763,1936
A_only,NEMA,4,30093115,12,2143519,2410,-1,24842,-1,measured_pair_differs_from_primary,0.44,3769,3768,3769,1478
A_only,NEMA,4,30093115,12,2551506,2915,-1,25347,-1,intermediate_or_same_crystal_interaction,0.44,257,0,257,1397
A_only,NEMA,4,30093115,12,2553017,2916,-1,25348,-1,intermediate_or_same_crystal_interaction,0.44,27,0,27,2649
A_only,NEMA,4,30093115,12,2592951,2973,-1,25405,-1,first_energy_not_closed,0.44,3794,1384,3794,1384
A_only,NEMA,4,30093115,12,2811618,3227,-1,25659,-1,first_not_crystal_compton,0.44,0,0,4432,164
A_only,NEMA,4,30093115,12,3444043,3954,-1,26386,-1,intermediate_or_same_crystal_interaction,0.44,1258,1258,1258,2033
A_only,NEMA,4,30093115,12,3689579,4225,-1,26657,-1,first_energy_not_closed,0.44,335,848,335,848
A_only,NEMA,4,30093115,12,3859179,4408,-1,26840,-1,measured_pair_differs_from_primary,0.44,1109,1933,1109,7029
A_only,NEMA,4,30093115,12,3928163,4495,-1,26927,-1,first_not_crystal_compton,0.44,0,0,2136,10122
A_only,NEMA,4,30093115,12,3949135,4529,-1,26961,-1,measured_pair_differs_from_primary,0.44,2126,2086,2126,8286
A_only,NEMA,4,30093115,12,3961691,4549,-1,26981,-1,first_not_crystal_compton,0.44,1655,0,1655,855
A_only,NEMA,4,30093115,12,4287050,4898,-1,27330,-1,intermediate_or_same_crystal_interaction,0.44,785,785,785,294
A_only,NEMA,4,30093115,12,4413022,5046,-1,27478,-1,intermediate_or_same_crystal_interaction,0.44,2126,2126,2126,9777
A_only,NEMA,4,30093115,12,4416920,5052,-1,27484,-1,measured_pair_differs_from_primary,0.44,38,1569,38,5553
A_only,NEMA,4,30093115,12,4621313,5284,-1,27716,-1,measured_pair_differs_from_primary,0.44,329,6314,329,6250
B_only,NEMA,4,30093115,12,4686245,-1,3403,-1,17463,accepted,0.44,1009,1746,0,0
A_only,NEMA,4,30093115,12,4700796,5367,-1,27799,-1,intermediate_or_same_crystal_interaction,0.44,914,0,914,239
A_only,NEMA,4,30093115,12,4827368,5512,-1,27944,-1,measured_pair_differs_from_primary,0.44,394,2225,394,10088
B_only,NEMA,5,30093116,12,140906,-1,99,-1,17774,accepted,0.44,3838,1456,0,0
A_only,NEMA,5,30093116,12,180058,216,-1,28328,-1,measured_pair_differs_from_primary,0.44,849,1607,849,4372
A_only,NEMA,5,30093116,12,598046,718,-1,28830,-1,intermediate_or_same_crystal_interaction,0.44,2163,2163,2163,1165
A_only,NEMA,5,30093116,12,769574,909,-1,29021,-1,measured_pair_differs_from_primary,0.44,2132,8204,2132,8140
A_only,NEMA,5,30093116,12,792941,929,-1,29041,-1,intermediate_or_same_crystal_interaction,0.44,8402,8402,8402,2076
A_only,NEMA,5,30093116,12,873332,1044,-1,29156,-1,intermediate_or_same_crystal_interaction,0.44,4587,0,4587,1883
B_only,NEMA,5,30093116,12,1228095,-1,921,-1,18596,accepted,0.44,2970,1537,0,0
A_only,NEMA,5,30093116,12,1264194,1509,-1,29621,-1,measured_pair_differs_from_primary,0.44,1791,6623,1791,6558
A_only,NEMA,5,30093116,12,1277305,1523,-1,29635,-1,intermediate_or_same_crystal_interaction,0.44,9429,9429,9429,2236
A_only,NEMA,5,30093116,12,1338167,1586,-1,29698,-1,first_not_crystal_compton,0.44,688,0,1481,4423
A_only,NEMA,5,30093116,12,1778879,2078,-1,30190,-1,intermediate_or_same_crystal_interaction,0.44,404,404,404,7796
A_only,NEMA,5,30093116,12,1988966,2318,-1,30430,-1,first_not_crystal_compton,0.44,197,0,197,4427
A_only,NEMA,5,30093116,12,2017539,2360,-1,30472,-1,first_not_crystal_compton,0.44,1630,0,1630,5614
A_only,NEMA,5,30093116,12,2169432,2531,-1,30643,-1,measured_pair_differs_from_primary,0.44,1469,3632,1469,3502
A_only,NEMA,5,30093116,12,2313555,2705,-1,30817,-1,intermediate_or_same_crystal_interaction,0.44,8538,8538,8538,1993
A_only,NEMA,5,30093116,12,2355308,2763,-1,30875,-1,measured_pair_differs_from_primary,0.44,4658,4657,4658,221
A_only,NEMA,5,30093116,12,2461162,2882,-1,30994,-1,intermediate_or_same_crystal_interaction,0.44,955,955,955,352
A_only,NEMA,5,30093116,12,2597132,3010,-1,31122,-1,measured_pair_differs_from_primary,0.44,1611,5533,1611,5592
A_only,NEMA,5,30093116,12,2767195,3192,-1,31304,-1,measured_pair_differs_from_primary,0.44,2120,9555,2120,9618
A_only,NEMA,5,30093116,12,2961682,3387,-1,31499,-1,intermediate_or_same_crystal_interaction,0.44,1700,1700,1700,4389
A_only,NEMA,5,30093116,12,3062421,3496,-1,31608,-1,measured_pair_differs_from_primary,0.44,1795,4504,1795,4186
A_only,NEMA,5,30093116,12,3159721,3598,-1,31710,-1,intermediate_or_same_crystal_interaction,0.44,2025,2025,2025,377
A_only,NEMA,5,30093116,12,3402391,3866,-1,31978,-1,intermediate_or_same_crystal_interaction,0.44,1487,0,1487,949
B_only,NEMA,5,30093116,12,3427428,-1,2437,-1,20112,accepted,0.44,653,1479,0,0
A_only,NEMA,5,30093116,12,3496060,3977,-1,32089,-1,measured_pair_differs_from_primary,0.44,5667,5603,5667,1568
A_only,NEMA,5,30093116,12,3774945,4296,-1,32408,-1,intermediate_or_same_crystal_interaction,0.44,6683,6683,6683,964
A_only,NEMA,5,30093116,12,3810026,4349,-1,32461,-1,measured_pair_differs_from_primary,0.44,1988,5556,1988,5368
A_only,NEMA,5,30093116,12,3915927,4493,-1,32605,-1,intermediate_or_same_crystal_interaction,0.44,359,0,359,1182
A_only,NEMA,5,30093116,12,3990869,4562,-1,32674,-1,intermediate_or_same_crystal_interaction,0.44,1199,1199,1199,7856
A_only,NEMA,5,30093116,12,4012070,4588,-1,32700,-1,measured_pair_differs_from_primary,0.44,7986,2014,7986,389
A_only,NEMA,5,30093116,12,4136818,4734,-1,32846,-1,measured_pair_differs_from_primary,0.44,985,9006,985,9071
A_only,NEMA,5,30093116,12,4229916,4832,-1,32944,-1,measured_pair_differs_from_primary,0.44,4478,4414,4478,607
A_only,NEMA,5,30093116,12,4660102,5317,-1,33429,-1,measured_pair_differs_from_primary,0.44,1615,543,1615,528
A_only,NEMA,5,30093116,12,4703982,5359,-1,33471,-1,first_not_crystal_compton,0.44,0,0,8593,1994
A_only,NEMA,5,30093116,12,4734939,5396,-1,33508,-1,intermediate_or_same_crystal_interaction,0.44,1808,1808,1808,907
A_only,NEMA,6,30093117,12,12717,13,-1,33787,-1,first_not_crystal_compton,0.44,893,0,893,1854
A_only,NEMA,6,30093117,12,20020,23,-1,33797,-1,intermediate_or_same_crystal_interaction,0.44,737,0,737,6890
B_only,NEMA,6,30093117,12,63991,-1,53,-1,21307,accepted,0.44,6194,1928,0,0
A_only,NEMA,6,30093117,12,88480,95,-1,33869,-1,first_not_crystal_compton,0.44,1196,0,1196,9568
A_only,NEMA,6,30093117,12,152759,159,-1,33933,-1,intermediate_or_same_crystal_interaction,0.44,551,0,551,1286
A_only,NEMA,6,30093117,12,250198,266,-1,34040,-1,first_not_crystal_compton,0.44,6147,0,6147,1850
A_only,NEMA,6,30093117,12,253424,270,-1,34044,-1,intermediate_or_same_crystal_interaction,0.44,370,0,370,1841
A_only,NEMA,6,30093117,12,395558,442,-1,34216,-1,first_not_crystal_compton,0.44,1607,0,1607,2700
A_only,NEMA,6,30093117,12,511615,572,-1,34346,-1,measured_pair_differs_from_primary,0.44,1728,7604,1728,7795
A_only,NEMA,6,30093117,12,557646,628,-1,34402,-1,first_not_crystal_compton,0.44,0,0,1276,8965
A_only,NEMA,6,30093117,12,575236,649,-1,34423,-1,measured_pair_differs_from_primary,0.44,8174,8237,8174,2022
A_only,NEMA,6,30093117,12,728664,823,-1,34597,-1,measured_pair_differs_from_primary,0.44,1693,3560,1693,3049
B_only,NEMA,6,30093117,12,795709,-1,572,-1,21826,accepted,0.44,3214,1376,0,0
A_only,NEMA,6,30093117,12,888431,1010,-1,34784,-1,intermediate_or_same_crystal_interaction,0.44,3120,3120,3120,1571
A_only,NEMA,6,30093117,12,968049,1113,-1,34887,-1,measured_pair_differs_from_primary,0.44,773,1769,773,7069
A_only,NEMA,6,30093117,12,1043663,1203,-1,34977,-1,intermediate_or_same_crystal_interaction,0.44,4710,4710,4710,1568
A_only,NEMA,6,30093117,12,1674175,1926,-1,35700,-1,first_energy_not_closed,0.44,2194,9340,2194,9340
B_only,NEMA,6,30093117,12,1818437,-1,1330,-1,22584,accepted,0.44,265,1171,0,0
A_only,NEMA,6,30093117,12,1834773,2100,-1,35874,-1,measured_pair_differs_from_primary,0.44,8180,8245,8180,2113
A_only,NEMA,6,30093117,12,1908222,2194,-1,35968,-1,intermediate_or_same_crystal_interaction,0.44,2164,2164,2164,8214
A_only,NEMA,6,30093117,12,2162767,2451,-1,36225,-1,intermediate_or_same_crystal_interaction,0.44,1546,1546,1546,39
B_only,NEMA,6,30093117,12,2250188,-1,1618,-1,22872,accepted,0.44,5022,839,0,0
A_only,NEMA,6,30093117,12,2576476,2950,-1,36724,-1,measured_pair_differs_from_primary,0.44,3985,4048,3985,730
A_only,NEMA,6,30093117,12,2709241,3103,-1,36877,-1,intermediate_or_same_crystal_interaction,0.44,773,0,773,506
B_only,NEMA,6,30093117,12,2778953,-1,2046,-1,23300,accepted,0.44,2079,6753,0,0
A_only,NEMA,6,30093117,12,2801864,3232,-1,37006,-1,intermediate_or_same_crystal_interaction,0.44,1626,1626,1626,4502
A_only,NEMA,6,30093117,12,3036588,3480,-1,37254,-1,intermediate_or_same_crystal_interaction,0.44,5865,5865,5865,294
A_only,NEMA,6,30093117,12,3250414,3747,-1,37521,-1,first_energy_not_closed,0.44,9712,440,9712,440
A_only,NEMA,6,30093117,12,3286555,3790,-1,37564,-1,first_not_crystal_compton,0.44,1496,0,1496,6564
A_only,NEMA,6,30093117,12,3320305,3833,-1,37607,-1,first_not_crystal_compton,0.44,0,0,5590,94
A_only,NEMA,6,30093117,12,3353891,3870,-1,37644,-1,first_not_crystal_compton,0.44,1822,0,1822,5004
B_only,NEMA,6,30093117,12,3922612,-1,2872,-1,24126,accepted,0.44,1519,7606,0,0
B_only,NEMA,6,30093117,12,3949574,-1,2893,-1,24147,accepted,0.44,1865,7195,0,0
A_only,NEMA,6,30093117,12,4017325,4642,-1,38416,-1,first_energy_not_closed,0.44,539,3631,539,3631
A_only,NEMA,6,30093117,12,4075035,4693,-1,38467,-1,measured_pair_differs_from_primary,0.44,3412,3476,3412,1770
A_only,NEMA,6,30093117,12,4147513,4785,-1,38559,-1,first_not_crystal_compton,0.44,0,0,2647,1325
A_only,NEMA,6,30093117,12,4312584,4992,-1,38766,-1,first_not_crystal_compton,0.44,0,0,622,4195
A_only,NEMA,6,30093117,12,4423619,5122,-1,38896,-1,intermediate_or_same_crystal_interaction,0.44,3801,3801,3801,698
A_only,NEMA,6,30093117,12,4469881,5186,-1,38960,-1,measured_pair_differs_from_primary,0.44,9041,9043,9041,2167
A_only,NEMA,6,30093117,12,4471218,5190,-1,38964,-1,intermediate_or_same_crystal_interaction,0.44,727,0,727,6500
A_only,NEMA,6,30093117,12,4471573,5192,-1,38966,-1,measured_pair_differs_from_primary,0.44,1837,5541,1837,5479
A_only,NEMA,6,30093117,12,4533964,5259,-1,39033,-1,measured_pair_differs_from_primary,0.44,7657,2275,7657,2288
A_only,NEMA,6,30093117,12,4572372,5301,-1,39075,-1,first_not_crystal_compton,0.44,0,0,7045,2001
A_only,NEMA,6,30093117,12,4891048,5660,-1,39434,-1,intermediate_or_same_crystal_interaction,0.44,10131,10131,10131,2263
A_only,NEMA,7,30093118,12,5054,5,-1,39601,-1,intermediate_or_same_crystal_interaction,0.44,8707,8707,8707,1927
A_only,NEMA,7,30093118,12,245022,275,-1,39871,-1,measured_pair_differs_from_primary,0.44,1539,5157,1539,5158
A_only,NEMA,7,30093118,12,341971,380,-1,39976,-1,measured_pair_differs_from_primary,0.44,3489,3426,3489,1318
A_only,NEMA,7,30093118,12,358112,397,-1,39993,-1,first_not_crystal_compton,0.44,0,0,5170,1373
A_only,NEMA,7,30093118,12,384049,438,-1,40034,-1,intermediate_or_same_crystal_interaction,0.44,2154,0,2154,179
A_only,NEMA,7,30093118,12,447608,510,-1,40106,-1,first_energy_not_closed,0.44,7689,1870,7689,1870
A_only,NEMA,7,30093118,12,793469,896,-1,40492,-1,first_not_crystal_compton,0.44,2009,0,2009,6818
A_only,NEMA,7,30093118,12,834148,932,-1,40528,-1,measured_pair_differs_from_primary,0.44,3993,4057,3993,941
A_only,NEMA,7,30093118,12,846234,944,-1,40540,-1,measured_pair_differs_from_primary,0.44,1718,3156,1718,3092
A_only,NEMA,7,30093118,12,1209122,1350,-1,40946,-1,measured_pair_differs_from_primary,0.44,1025,10021,1025,10085
B_only,NEMA,7,30093118,12,1332969,-1,917,-1,25869,accepted,0.44,208,8859,0,0
A_only,NEMA,7,30093118,12,1606969,1800,-1,41396,-1,intermediate_or_same_crystal_interaction,0.44,127,0,127,613
A_only,NEMA,7,30093118,12,1624806,1815,-1,41411,-1,measured_pair_differs_from_primary,0.44,1845,2417,1845,2353
A_only,NEMA,7,30093118,12,1664270,1868,-1,41464,-1,first_not_crystal_compton,0.44,1787,0,1787,974
A_only,NEMA,7,30093118,12,1800621,2003,-1,41599,-1,measured_pair_differs_from_primary,0.44,4149,3958,4149,522
A_only,NEMA,7,30093118,12,1868216,2068,-1,41664,-1,measured_pair_differs_from_primary,0.44,1431,7748,1431,7812
A_only,NEMA,7,30093118,12,2046196,2275,-1,41871,-1,intermediate_or_same_crystal_interaction,0.44,110,0,110,2731
A_only,NEMA,7,30093118,12,2228021,2480,-1,42076,-1,intermediate_or_same_crystal_interaction,0.44,2168,2168,2168,8286
A_only,NEMA,7,30093118,12,2245272,2503,-1,42099,-1,first_not_crystal_compton,0.44,1682,0,1682,7739
A_only,NEMA,7,30093118,12,2458723,2770,-1,42366,-1,intermediate_or_same_crystal_interaction,0.44,230,0,230,701
A_only,NEMA,7,30093118,12,2483766,2798,-1,42394,-1,first_not_crystal_compton,0.44,1750,0,5276,1795
A_only,NEMA,7,30093118,12,2765894,3135,-1,42731,-1,intermediate_or_same_crystal_interaction,0.44,133,133,133,7156
A_only,NEMA,7,30093118,12,2785059,3153,-1,42749,-1,measured_pair_differs_from_primary,0.44,1545,5172,1545,5173
A_only,NEMA,7,30093118,12,2977920,3364,-1,42960,-1,intermediate_or_same_crystal_interaction,0.44,1661,1661,1661,5174
B_only,NEMA,7,30093118,12,2987644,-1,2119,-1,27071,accepted,0.44,1769,935,0,0
A_only,NEMA,7,30093118,12,3095671,3516,-1,43112,-1,measured_pair_differs_from_primary,0.44,1473,1474,1473,114
B_only,NEMA,7,30093118,12,3417511,-1,2449,-1,27401,accepted,0.44,8367,1016,0,0
A_only,NEMA,7,30093118,12,4098505,4628,-1,44224,-1,measured_pair_differs_from_primary,0.44,1189,5372,1189,5309
B_only,NEMA,7,30093118,12,4100431,-1,2949,-1,27901,accepted,0.44,1165,5071,0,0
A_only,NEMA,7,30093118,12,4321420,4882,-1,44478,-1,measured_pair_differs_from_primary,0.44,1717,3446,1717,3254
A_only,NEMA,7,30093118,12,4455453,5010,-1,44606,-1,first_not_crystal_compton,0.44,2038,0,2038,7049
A_only,NEMA,7,30093118,12,4517335,5084,-1,44680,-1,first_not_crystal_compton,0.44,2163,0,9613,2001
A_only,NEMA,7,30093118,12,4912073,5516,-1,45112,-1,first_not_crystal_compton,0.44,0,0,655,1398
A_only,NEMA,8,30093119,12,26143,27,-1,45246,-1,measured_pair_differs_from_primary,0.44,9768,1950,9768,1932
A_only,NEMA,8,30093119,12,56373,60,-1,45279,-1,measured_pair_differs_from_primary,0.44,7621,7560,7621,1769
A_only,NEMA,8,30093119,12,91620,95,-1,45314,-1,intermediate_or_same_crystal_interaction,0.44,3746,3746,3746,1400
A_only,NEMA,8,30093119,12,100218,109,-1,45328,-1,intermediate_or_same_crystal_interaction,0.44,7413,0,7413,1969
A_only,NEMA,8,30093119,12,181293,200,-1,45419,-1,measured_pair_differs_from_primary,0.44,851,1866,851,7950
A_only,NEMA,8,30093119,12,436049,491,-1,45710,-1,measured_pair_differs_from_primary,0.44,2083,7880,2083,7879
A_only,NEMA,8,30093119,12,723278,815,-1,46034,-1,intermediate_or_same_crystal_interaction,0.44,367,0,367,9089
A_only,NEMA,8,30093119,12,983349,1093,-1,46312,-1,first_not_crystal_compton,0.44,0,0,2065,8496
A_only,NEMA,8,30093119,12,1172041,1301,-1,46520,-1,first_not_crystal_compton,0.44,1638,0,1638,811
A_only,NEMA,8,30093119,12,1295739,1458,-1,46677,-1,measured_pair_differs_from_primary,0.44,4443,4377,4443,1539
A_only,NEMA,8,30093119,12,1305424,1470,-1,46689,-1,first_not_crystal_compton,0.44,5942,0,5942,1631
A_only,NEMA,8,30093119,12,1312369,1485,-1,46704,-1,measured_pair_differs_from_primary,0.44,1437,7275,1437,7403
B_only,NEMA,8,30093119,12,1319798,-1,952,-1,29488,accepted,0.44,6245,188,0,0
A_only,NEMA,8,30093119,12,1703672,1899,-1,47118,-1,measured_pair_differs_from_primary,0.44,3799,3798,3799,1411
A_only,NEMA,8,30093119,12,1777990,1982,-1,47201,-1,measured_pair_differs_from_primary,0.44,9170,2096,9170,2097
A_only,NEMA,8,30093119,12,1845548,2057,-1,47276,-1,measured_pair_differs_from_primary,0.44,140,862,140,8881
A_only,NEMA,8,30093119,12,1923748,2165,-1,47384,-1,measured_pair_differs_from_primary,0.44,1959,6086,1959,6021
A_only,NEMA,8,30093119,12,1971425,2215,-1,47434,-1,measured_pair_differs_from_primary,0.44,1512,1529,1512,773
B_only,NEMA,8,30093119,12,2111368,-1,1510,-1,30046,accepted,0.44,1201,8714,0,0
A_only,NEMA,8,30093119,12,2612913,2979,-1,48198,-1,measured_pair_differs_from_primary,0.44,782,1597,782,4625
A_only,NEMA,8,30093119,12,2795872,3184,-1,48403,-1,first_not_crystal_compton,0.44,894,0,894,4444
A_only,NEMA,8,30093119,12,2903260,3300,-1,48519,-1,first_not_crystal_compton,0.44,0,0,1666,7908
A_only,NEMA,8,30093119,12,2956268,3360,-1,48579,-1,intermediate_or_same_crystal_interaction,0.44,1097,1097,1097,5733
A_only,NEMA,8,30093119,12,2984361,3404,-1,48623,-1,intermediate_or_same_crystal_interaction,0.44,489,0,489,6941
A_only,NEMA,8,30093119,12,3062100,3502,-1,48721,-1,first_energy_not_closed,0.44,1249,9145,1249,9082
A_only,NEMA,8,30093119,12,3096910,3535,-1,48754,-1,intermediate_or_same_crystal_interaction,0.44,1310,1310,1310,4331
A_only,NEMA,8,30093119,12,3233665,3687,-1,48906,-1,intermediate_or_same_crystal_interaction,0.44,319,0,319,3323
A_only,NEMA,8,30093119,12,3660475,4152,-1,49371,-1,first_not_crystal_compton,0.44,2124,0,2124,8048
A_only,NEMA,8,30093119,12,3782213,4293,-1,49512,-1,measured_pair_differs_from_primary,0.44,1013,5448,1013,5319
A_only,NEMA,8,30093119,12,3833664,4352,-1,49571,-1,measured_pair_differs_from_primary,0.44,1207,9894,1207,9895
A_only,NEMA,8,30093119,12,4342584,4936,-1,50155,-1,intermediate_or_same_crystal_interaction,0.44,872,872,872,4325
A_only,NEMA,8,30093119,12,4556378,5161,-1,50380,-1,first_not_crystal_compton,0.44,0,0,149,7901
A_only,NEMA,8,30093119,12,4653029,5274,-1,50493,-1,first_not_crystal_compton,0.44,2222,0,9886,2303
A_only,NEMA,8,30093119,12,4721260,5357,-1,50576,-1,intermediate_or_same_crystal_interaction,0.44,2228,2228,2228,10238
A_only,NEMA,8,30093119,12,4730658,5375,-1,50594,-1,intermediate_or_same_crystal_interaction,0.44,1177,1177,1177,2102
A_only,NEMA,8,30093119,12,4811291,5489,-1,50708,-1,intermediate_or_same_crystal_interaction,0.44,3914,0,3914,1737
A_only,NEMA,8,30093119,12,4884488,5587,-1,50806,-1,first_not_crystal_compton,0.44,0,0,2087,7921
A_only,NEMA,8,30093119,12,4989097,5719,-1,50938,-1,first_not_crystal_compton,0.44,0,0,8641,1315
A_only,NEMA,9,30093120,12,27726,19,-1,50969,-1,measured_pair_differs_from_primary,0.44,766,3767,766,3704
A_only,NEMA,9,30093120,12,71835,74,-1,51024,-1,intermediate_or_same_crystal_interaction,0.44,236,0,236,6603
A_only,NEMA,9,30093120,12,224788,239,-1,51189,-1,measured_pair_differs_from_primary,0.44,2525,2781,2525,1047
A_only,NEMA,9,30093120,12,326202,352,-1,51302,-1,measured_pair_differs_from_primary,0.44,4580,4516,4580,1359
A_only,NEMA,9,30093120,12,540843,620,-1,51570,-1,intermediate_or_same_crystal_interaction,0.44,1275,1275,1275,2269
A_only,NEMA,9,30093120,12,554592,637,-1,51587,-1,measured_pair_differs_from_primary,0.44,3061,2998,3061,1332
A_only,NEMA,9,30093120,12,722415,829,-1,51779,-1,first_not_crystal_compton,0.44,9322,0,9322,2110
A_only,NEMA,9,30093120,12,951598,1090,-1,52040,-1,first_not_crystal_compton,0.44,0,0,636,8527
A_only,NEMA,9,30093120,12,1003794,1165,-1,52115,-1,measured_pair_differs_from_primary,0.44,8801,989,8801,1003
A_only,NEMA,9,30093120,12,1424758,1621,-1,52571,-1,intermediate_or_same_crystal_interaction,0.44,2003,2003,2003,6996
A_only,NEMA,9,30093120,12,1528620,1737,-1,52687,-1,intermediate_or_same_crystal_interaction,0.44,1680,0,1680,3449
A_only,NEMA,9,30093120,12,2150818,2437,-1,53387,-1,first_energy_not_closed,0.44,981,336,981,336
A_only,NEMA,9,30093120,12,2182847,2472,-1,53422,-1,first_not_crystal_compton,0.44,0,0,1748,6472
A_only,NEMA,9,30093120,12,2188720,2478,-1,53428,-1,intermediate_or_same_crystal_interaction,0.44,862,862,862,197
A_only,NEMA,9,30093120,12,2254435,2557,-1,53507,-1,first_not_crystal_compton,0.44,0,0,1519,693
A_only,NEMA,9,30093120,12,2407095,2721,-1,53671,-1,measured_pair_differs_from_primary,0.44,7921,7984,7921,2099
A_only,NEMA,9,30093120,12,2445414,2760,-1,53710,-1,first_not_crystal_compton,0.44,339,0,7250,1411
A_only,NEMA,9,30093120,12,2510739,2849,-1,53799,-1,measured_pair_differs_from_primary,0.44,1214,9185,1214,9121
A_only,NEMA,9,30093120,12,2708970,3072,-1,54022,-1,measured_pair_differs_from_primary,0.44,8793,1688,8793,157
A_only,NEMA,9,30093120,12,2759794,3121,-1,54071,-1,intermediate_or_same_crystal_interaction,0.44,1863,1863,1863,5152
A_only,NEMA,9,30093120,12,2812150,3175,-1,54125,-1,measured_pair_differs_from_primary,0.44,7447,7512,7447,2085
B_only,NEMA,9,30093120,12,2855683,-1,2029,-1,34135,accepted,0.44,265,2860,0,0
A_only,NEMA,9,30093120,12,2963087,3364,-1,54314,-1,first_energy_not_closed,0.44,2393,673,2393,673
A_only,NEMA,9,30093120,12,3125852,3544,-1,54494,-1,intermediate_or_same_crystal_interaction,0.44,1062,1062,1062,384
A_only,NEMA,9,30093120,12,3151525,3575,-1,54525,-1,measured_pair_differs_from_primary,0.44,408,1896,408,6608
A_only,NEMA,9,30093120,12,3439528,3934,-1,54884,-1,first_not_crystal_compton,0.44,1885,0,1885,6620
A_only,NEMA,9,30093120,12,3514930,4013,-1,54963,-1,intermediate_or_same_crystal_interaction,0.44,8664,8664,8664,2077
A_only,NEMA,9,30093120,12,3535550,4041,-1,54991,-1,first_energy_not_closed,0.44,640,1576,640,1576
A_only,NEMA,9,30093120,12,3672054,4205,-1,55155,-1,first_not_crystal_compton,0.44,0,0,1617,888
B_only,NEMA,9,30093120,12,3772632,-1,2731,-1,34837,accepted,0.44,388,2276,0,0
A_only,NEMA,9,30093120,12,4161826,4795,-1,55745,-1,intermediate_or_same_crystal_interaction,0.44,9994,9994,9994,1261
A_only,NEMA,9,30093120,12,4213420,4855,-1,55805,-1,intermediate_or_same_crystal_interaction,0.44,1660,1660,1660,758
A_only,NEMA,9,30093120,12,4387449,5039,-1,55989,-1,intermediate_or_same_crystal_interaction,0.44,773,0,773,9628
A_only,NEMA,9,30093120,12,4468602,5120,-1,56070,-1,measured_pair_differs_from_primary,0.44,3958,4022,3958,1549
B_only,NEMA,9,30093120,12,4680282,-1,3379,-1,35485,accepted,0.44,2532,1640,0,0
A_only,NEMA,9,30093120,12,4854724,5557,-1,56507,-1,intermediate_or_same_crystal_interaction,0.44,573,573,573,3128
A_only,NEMA,9,30093120,12,4959119,5684,-1,56634,-1,first_not_crystal_compton,0.44,747,0,747,1346
A_only,NEMA,0,30093121,13,57664,62,-1,62,-1,intermediate_or_same_crystal_interaction,0.44,1627,1627,1627,4566
A_only,NEMA,0,30093121,13,281639,332,-1,332,-1,measured_pair_differs_from_primary,0.44,7871,2081,7871,1209
A_only,NEMA,0,30093121,13,327013,381,-1,381,-1,intermediate_or_same_crystal_interaction,0.44,565,0,565,1627
A_only,NEMA,0,30093121,13,339030,400,-1,400,-1,first_not_crystal_compton,0.44,0,0,5569,1655
A_only,NEMA,0,30093121,13,457900,544,-1,544,-1,intermediate_or_same_crystal_interaction,0.44,1272,1272,1272,494
A_only,NEMA,0,30093121,13,536018,639,-1,639,-1,intermediate_or_same_crystal_interaction,0.44,343,0,343,1975
A_only,NEMA,0,30093121,13,627849,725,-1,725,-1,measured_pair_differs_from_primary,0.44,3886,3949,3886,1584
A_only,NEMA,0,30093121,13,693926,815,-1,815,-1,measured_pair_differs_from_primary,0.44,8792,8858,8792,2282
A_only,NEMA,0,30093121,13,755053,869,-1,869,-1,measured_pair_differs_from_primary,0.44,3624,3623,3624,1417
A_only,NEMA,0,30093121,13,1124495,1295,-1,1295,-1,first_not_crystal_compton,0.44,0,0,9465,2303
A_only,NEMA,0,30093121,13,1324648,1524,-1,1524,-1,measured_pair_differs_from_primary,0.44,559,4682,559,4746
A_only,NEMA,0,30093121,13,1372778,1586,-1,1586,-1,intermediate_or_same_crystal_interaction,0.44,3817,0,3817,860
A_only,NEMA,0,30093121,13,1397681,1613,-1,1613,-1,first_not_crystal_compton,0.44,0,0,2103,1221
A_only,NEMA,0,30093121,13,1443282,1665,-1,1665,-1,first_not_crystal_compton,0.44,0,0,2019,9550
A_only,NEMA,0,30093121,13,1531947,1775,-1,1775,-1,first_energy_not_closed,0.44,1976,7008,1976,7008
A_only,NEMA,0,30093121,13,1816654,2092,-1,2092,-1,measured_pair_differs_from_primary,0.44,9545,9289,9545,1970
A_only,NEMA,0,30093121,13,1828016,2110,-1,2110,-1,intermediate_or_same_crystal_interaction,0.44,1079,1079,1079,7013
A_only,NEMA,0,30093121,13,2265761,2571,-1,2571,-1,measured_pair_differs_from_primary,0.44,299,1670,299,4811
A_only,NEMA,0,30093121,13,2559261,2921,-1,2921,-1,measured_pair_differs_from_primary,0.44,1756,4239,1756,4107
A_only,NEMA,0,30093121,13,2931686,3334,-1,3334,-1,measured_pair_differs_from_primary,0.44,4967,4966,4967,687
A_only,NEMA,0,30093121,13,3062459,3469,-1,3469,-1,measured_pair_differs_from_primary,0.44,8050,2028,8050,1140
A_only,NEMA,0,30093121,13,3339304,3784,-1,3784,-1,first_not_crystal_compton,0.44,0,0,1414,21
A_only,NEMA,0,30093121,13,3587994,4059,-1,4059,-1,measured_pair_differs_from_primary,0.44,913,1713,913,4724
A_only,NEMA,0,30093121,13,3609519,4085,-1,4085,-1,measured_pair_differs_from_primary,0.44,1595,3989,1595,3798
A_only,NEMA,0,30093121,13,3625732,4106,-1,4106,-1,measured_pair_differs_from_primary,0.44,5141,5077,5141,1305
A_only,NEMA,0,30093121,13,3668423,4161,-1,4161,-1,measured_pair_differs_from_primary,0.44,6110,6111,6110,902
A_only,NEMA,0,30093121,13,3864338,4395,-1,4395,-1,measured_pair_differs_from_primary,0.44,38,9814,38,9878
A_only,NEMA,0,30093121,13,3901127,4445,-1,4445,-1,intermediate_or_same_crystal_interaction,0.44,370,0,370,6837
A_only,NEMA,0,30093121,13,3915368,4469,-1,4469,-1,first_not_crystal_compton,0.44,1086,0,2083,8149
A_only,NEMA,0,30093121,13,4135997,4734,-1,4734,-1,first_not_crystal_compton,0.44,825,0,825,1393
A_only,NEMA,0,30093121,13,4182401,4784,-1,4784,-1,first_not_crystal_compton,0.44,895,0,895,1657
A_only,NEMA,0,30093121,13,4390603,5039,-1,5039,-1,measured_pair_differs_from_primary,0.44,4755,4691,4755,1545
A_only,NEMA,0,30093121,13,4412689,5070,-1,5070,-1,measured_pair_differs_from_primary,0.44,7412,7475,7412,2204
A_only,NEMA,0,30093121,13,4415741,5072,-1,5072,-1,measured_pair_differs_from_primary,0.44,1895,6503,1895,6377
A_only,NEMA,0,30093121,13,4497905,5146,-1,5146,-1,intermediate_or_same_crystal_interaction,0.44,8441,8441,8441,1995
A_only,NEMA,0,30093121,13,4858845,5545,-1,5545,-1,first_not_crystal_compton,0.44,2223,0,2223,6036
A_only,NEMA,1,30093122,13,103343,123,-1,5829,-1,intermediate_or_same_crystal_interaction,0.44,730,0,730,88
A_only,NEMA,1,30093122,13,172721,200,-1,5906,-1,intermediate_or_same_crystal_interaction,0.44,5400,5400,5400,1864
A_only,NEMA,1,30093122,13,182403,206,-1,5912,-1,measured_pair_differs_from_primary,0.44,2279,9489,2279,9424
A_only,NEMA,1,30093122,13,340915,389,-1,6095,-1,measured_pair_differs_from_primary,0.44,1623,7785,1623,7850
A_only,NEMA,1,30093122,13,369763,425,-1,6131,-1,intermediate_or_same_crystal_interaction,0.44,1142,1142,1142,7969
A_only,NEMA,1,30093122,13,545611,647,-1,6353,-1,intermediate_or_same_crystal_interaction,0.44,383,0,383,4638
A_only,NEMA,1,30093122,13,907408,1089,-1,6795,-1,measured_pair_differs_from_primary,0.44,1944,7741,1944,7742
A_only,NEMA,1,30093122,13,1130849,1359,-1,7065,-1,measured_pair_differs_from_primary,0.44,7244,7180,7244,1690
A_only,NEMA,1,30093122,13,1186836,1432,-1,7138,-1,first_not_crystal_compton,0.44,0,0,573,4283
A_only,NEMA,1,30093122,13,1640627,1940,-1,7646,-1,measured_pair_differs_from_primary,0.44,6650,6585,6650,1689
A_only,NEMA,1,30093122,13,2003541,2338,-1,8044,-1,intermediate_or_same_crystal_interaction,0.44,6632,6632,6632,814
A_only,NEMA,1,30093122,13,2018227,2361,-1,8067,-1,intermediate_or_same_crystal_interaction,0.44,8981,8981,8981,1117
B_only,NEMA,1,30093122,13,2286342,-1,1717,-1,5250,accepted,0.44,2551,1332,0,0
A_only,NEMA,1,30093122,13,2348794,2718,-1,8424,-1,first_not_crystal_compton,0.44,0,0,7157,1931
A_only,NEMA,1,30093122,13,2398693,2769,-1,8475,-1,first_not_crystal_compton,0.44,242,0,242,3088
A_only,NEMA,1,30093122,13,2416281,2793,-1,8499,-1,measured_pair_differs_from_primary,0.44,9948,9883,9948,2131
A_only,NEMA,1,30093122,13,2459442,2844,-1,8550,-1,measured_pair_differs_from_primary,0.44,1478,1479,1478,4543
B_only,NEMA,1,30093122,13,2735009,-1,2025,-1,5558,accepted,0.44,899,10084,0,0
A_only,NEMA,1,30093122,13,2812456,3219,-1,8925,-1,first_not_crystal_compton,0.44,0,0,4943,691
B_only,NEMA,1,30093122,13,2857972,-1,2106,-1,5639,accepted,0.44,1650,5464,0,0
A_only,NEMA,1,30093122,13,2950111,3395,-1,9101,-1,measured_pair_differs_from_primary,0.44,2105,9729,2105,9859
B_only,NEMA,1,30093122,13,3332117,-1,2454,-1,5987,accepted,0.44,9779,2150,0,0
A_only,NEMA,1,30093122,13,3343060,3847,-1,9553,-1,measured_pair_differs_from_primary,0.44,9350,9415,9350,2218
A_only,NEMA,1,30093122,13,3398655,3897,-1,9603,-1,measured_pair_differs_from_primary,0.44,1213,3183,1213,3055
A_only,NEMA,1,30093122,13,3456605,3964,-1,9670,-1,measured_pair_differs_from_primary,0.44,4637,4636,4637,1582
A_only,NEMA,1,30093122,13,3898678,4442,-1,10148,-1,measured_pair_differs_from_primary,0.44,7992,8051,7992,1099
A_only,NEMA,1,30093122,13,3901793,4449,-1,10155,-1,measured_pair_differs_from_primary,0.44,8875,2059,8875,1025
A_only,NEMA,1,30093122,13,4572495,5203,-1,10909,-1,intermediate_or_same_crystal_interaction,0.44,7929,7929,7929,1931
A_only,NEMA,1,30093122,13,4587259,5217,-1,10923,-1,measured_pair_differs_from_primary,0.44,3622,3623,3622,1502
A_only,NEMA,1,30093122,13,4774084,5420,-1,11126,-1,intermediate_or_same_crystal_interaction,0.44,1875,1875,1875,7652
A_only,NEMA,1,30093122,13,4883423,5544,-1,11250,-1,measured_pair_differs_from_primary,0.44,1710,6028,1710,6090
A_only,NEMA,1,30093122,13,4994207,5683,-1,11389,-1,intermediate_or_same_crystal_interaction,0.44,8869,8869,8869,1120
A_only,NEMA,2,30093123,13,410876,463,-1,11857,-1,measured_pair_differs_from_primary,0.44,1666,4548,1666,4483
A_only,NEMA,2,30093123,13,457970,522,-1,11916,-1,measured_pair_differs_from_primary,0.44,1319,2847,1319,2910
A_only,NEMA,2,30093123,13,548784,629,-1,12023,-1,measured_pair_differs_from_primary,0.44,992,7386,992,7384
A_only,NEMA,2,30093123,13,667184,779,-1,12173,-1,first_not_crystal_compton,0.44,1658,0,1658,5845
B_only,NEMA,2,30093123,13,806438,-1,579,-1,7748,accepted,0.44,2223,9690,0,0
A_only,NEMA,2,30093123,13,1068386,1259,-1,12653,-1,intermediate_or_same_crystal_interaction,0.44,229,0,229,7153
A_only,NEMA,2,30093123,13,1130707,1323,-1,12717,-1,measured_pair_differs_from_primary,0.44,1925,6538,1925,6473
A_only,NEMA,2,30093123,13,1141781,1340,-1,12734,-1,intermediate_or_same_crystal_interaction,0.44,488,488,488,8742
A_only,NEMA,2,30093123,13,1200376,1424,-1,12818,-1,measured_pair_differs_from_primary,0.44,5169,5039,5169,537
A_only,NEMA,2,30093123,13,1550604,1780,-1,13174,-1,intermediate_or_same_crystal_interaction,0.44,496,0,496,8482
A_only,NEMA,2,30093123,13,1647102,1893,-1,13287,-1,measured_pair_differs_from_primary,0.44,8100,8033,8100,1730
A_only,NEMA,2,30093123,13,1776293,2034,-1,13428,-1,intermediate_or_same_crystal_interaction,0.44,717,0,717,4125
A_only,NEMA,2,30093123,13,1887167,2165,-1,13559,-1,intermediate_or_same_crystal_interaction,0.44,236,236,236,915
A_only,NEMA,2,30093123,13,1981475,2277,-1,13671,-1,intermediate_or_same_crystal_interaction,0.44,4332,0,4332,103
A_only,NEMA,2,30093123,13,2243682,2555,-1,13949,-1,measured_pair_differs_from_primary,0.44,5489,5680,5489,2073
A_only,NEMA,2,30093123,13,2339118,2654,-1,14048,-1,first_not_crystal_compton,0.44,8916,0,8915,1233
A_only,NEMA,2,30093123,13,2632399,2977,-1,14371,-1,measured_pair_differs_from_primary,0.44,4433,4369,4433,1283
A_only,NEMA,2,30093123,13,2689785,3047,-1,14441,-1,first_not_crystal_compton,0.44,1848,0,1848,5977
B_only,NEMA,2,30093123,13,2749940,-1,1936,-1,9105,accepted,0.44,812,4685,0,0
A_only,NEMA,2,30093123,13,2791681,3138,-1,14532,-1,intermediate_or_same_crystal_interaction,0.44,399,0,399,1072
A_only,NEMA,2,30093123,13,2816504,3169,-1,14563,-1,measured_pair_differs_from_primary,0.44,737,851,737,327
A_only,NEMA,2,30093123,13,2945670,3323,-1,14717,-1,intermediate_or_same_crystal_interaction,0.44,1170,0,1170,6099
A_only,NEMA,2,30093123,13,2980803,3382,-1,14776,-1,measured_pair_differs_from_primary,0.44,325,827,325,793
A_only,NEMA,2,30093123,13,3164061,3603,-1,14997,-1,measured_pair_differs_from_primary,0.44,1417,721,1417,220
A_only,NEMA,2,30093123,13,3797425,4306,-1,15700,-1,intermediate_or_same_crystal_interaction,0.44,645,645,645,219
A_only,NEMA,2,30093123,13,3999073,4528,-1,15922,-1,measured_pair_differs_from_primary,0.44,9426,9430,9426,2189
A_only,NEMA,2,30093123,13,4030320,4564,-1,15958,-1,intermediate_or_same_crystal_interaction,0.44,8210,8210,8210,2186
A_only,NEMA,2,30093123,13,4270721,4896,-1,16290,-1,intermediate_or_same_crystal_interaction,0.44,6863,6863,6863,1269
A_only,NEMA,2,30093123,13,4441514,5088,-1,16482,-1,first_not_crystal_compton,0.44,652,0,652,2761
A_only,NEMA,2,30093123,13,4885162,5574,-1,16968,-1,intermediate_or_same_crystal_interaction,0.44,10263,10263,10263,1909
A_only,NEMA,3,30093124,13,13595,16,-1,17126,-1,intermediate_or_same_crystal_interaction,0.44,662,662,662,8922
A_only,NEMA,3,30093124,13,130859,142,-1,17252,-1,first_energy_not_closed,0.44,1592,22,1592,22
A_only,NEMA,3,30093124,13,262761,284,-1,17394,-1,first_not_crystal_compton,0.44,0,0,5627,886
A_only,NEMA,3,30093124,13,415438,474,-1,17584,-1,first_not_crystal_compton,0.44,0,0,1480,3233
A_only,NEMA,3,30093124,13,428699,491,-1,17601,-1,intermediate_or_same_crystal_interaction,0.44,2848,2848,2848,1358
A_only,NEMA,3,30093124,13,724862,853,-1,17963,-1,first_not_crystal_compton,0.44,0,0,3810,618
A_only,NEMA,3,30093124,13,796234,933,-1,18043,-1,first_not_crystal_compton,0.44,5730,0,5730,1599
A_only,NEMA,3,30093124,13,800969,940,-1,18050,-1,intermediate_or_same_crystal_interaction,0.44,638,0,638,26
A_only,NEMA,3,30093124,13,974016,1136,-1,18246,-1,intermediate_or_same_crystal_interaction,0.44,5397,5397,5397,1624
A_only,NEMA,3,30093124,13,1189497,1381,-1,18491,-1,intermediate_or_same_crystal_interaction,0.44,736,736,736,6532
A_only,NEMA,3,30093124,13,1205356,1404,-1,18514,-1,measured_pair_differs_from_primary,0.44,1427,1399,1427,2788
A_only,NEMA,3,30093124,13,1501487,1729,-1,18839,-1,intermediate_or_same_crystal_interaction,0.44,6867,6867,6867,362
B_only,NEMA,3,30093124,13,1650924,-1,1219,-1,11980,accepted,0.44,306,5930,0,0
A_only,NEMA,3,30093124,13,1701560,1960,-1,19070,-1,measured_pair_differs_from_primary,0.44,5862,1844,5862,1859
A_only,NEMA,3,30093124,13,1764129,2032,-1,19142,-1,measured_pair_differs_from_primary,0.44,6011,1697,6011,162
A_only,NEMA,3,30093124,13,1952833,2229,-1,19339,-1,first_not_crystal_compton,0.44,854,0,1697,1005
A_only,NEMA,3,30093124,13,1970893,2247,-1,19357,-1,first_energy_not_closed,0.44,7205,1900,7205,1900
A_only,NEMA,3,30093124,13,2084560,2394,-1,19504,-1,first_not_crystal_compton,0.44,0,0,2365,1546
A_only,NEMA,3,30093124,13,2124311,2429,-1,19539,-1,first_not_crystal_compton,0.44,0,0,1178,9515
A_only,NEMA,3,30093124,13,2128264,2435,-1,19545,-1,intermediate_or_same_crystal_interaction,0.44,115,0,115,4897
A_only,NEMA,3,30093124,13,2129949,2437,-1,19547,-1,intermediate_or_same_crystal_interaction,0.44,412,412,412,10272
A_only,NEMA,3,30093124,13,2158578,2475,-1,19585,-1,measured_pair_differs_from_primary,0.44,6604,6668,6604,1936
A_only,NEMA,3,30093124,13,2328459,2668,-1,19778,-1,measured_pair_differs_from_primary,0.44,2052,10215,2052,10284
A_only,NEMA,3,30093124,13,2440297,2798,-1,19908,-1,intermediate_or_same_crystal_interaction,0.44,338,0,338,6503
A_only,NEMA,3,30093124,13,2586752,2950,-1,20060,-1,measured_pair_differs_from_primary,0.44,4665,1455,4665,1439
A_only,NEMA,3,30093124,13,2593505,2960,-1,20070,-1,measured_pair_differs_from_primary,0.44,1228,2122,1228,8548
A_only,NEMA,3,30093124,13,2598049,2970,-1,20080,-1,measured_pair_differs_from_primary,0.44,1529,3747,1529,3683
A_only,NEMA,3,30093124,13,2684167,3076,-1,20186,-1,intermediate_or_same_crystal_interaction,0.44,217,0,217,1685
B_only,NEMA,3,30093124,13,2711260,-1,1944,-1,12705,accepted,0.44,793,5179,0,0
A_only,NEMA,3,30093124,13,2897168,3312,-1,20422,-1,measured_pair_differs_from_primary,0.44,9857,9793,9857,706
A_only,NEMA,3,30093124,13,2967897,3395,-1,20505,-1,intermediate_or_same_crystal_interaction,0.44,368,0,368,8169
A_only,NEMA,3,30093124,13,2985597,3416,-1,20526,-1,intermediate_or_same_crystal_interaction,0.44,91,0,91,6724
A_only,NEMA,3,30093124,13,3072001,3514,-1,20624,-1,measured_pair_differs_from_primary,0.44,3203,3267,3203,1305
A_only,NEMA,3,30093124,13,3111704,3575,-1,20685,-1,first_not_crystal_compton,0.44,0,0,1594,3946
A_only,NEMA,3,30093124,13,3169658,3645,-1,20755,-1,intermediate_or_same_crystal_interaction,0.44,1371,1371,1371,3626
A_only,NEMA,3,30093124,13,3266492,3737,-1,20847,-1,measured_pair_differs_from_primary,0.44,1201,4234,1201,4042
A_only,NEMA,3,30093124,13,3708052,4258,-1,21368,-1,first_not_crystal_compton,0.44,2009,0,8486,2172
A_only,NEMA,3,30093124,13,3779202,4335,-1,21445,-1,first_not_crystal_compton,0.44,1120,0,9060,2051
A_only,NEMA,3,30093124,13,4145366,4770,-1,21880,-1,intermediate_or_same_crystal_interaction,0.44,1882,0,1882,5297
A_only,NEMA,3,30093124,13,4216875,4842,-1,21952,-1,measured_pair_differs_from_primary,0.44,1816,7414,1816,7415
A_only,NEMA,3,30093124,13,4344117,4974,-1,22084,-1,measured_pair_differs_from_primary,0.44,1870,8125,1870,8189
A_only,NEMA,3,30093124,13,4384112,5028,-1,22138,-1,intermediate_or_same_crystal_interaction,0.44,1793,0,1793,686
A_only,NEMA,3,30093124,13,4472699,5127,-1,22237,-1,measured_pair_differs_from_primary,0.44,5848,1544,5848,875
A_only,NEMA,3,30093124,13,4544126,5205,-1,22315,-1,first_not_crystal_compton,0.44,1227,0,1227,9369
A_only,NEMA,3,30093124,13,4547881,5210,-1,22320,-1,intermediate_or_same_crystal_interaction,0.44,889,0,889,5671
A_only,NEMA,3,30093124,13,4794978,5503,-1,22613,-1,first_not_crystal_compton,0.44,0,0,6931,1909
A_only,NEMA,4,30093125,13,33608,31,-1,22871,-1,intermediate_or_same_crystal_interaction,0.44,3384,0,3384,1760
B_only,NEMA,4,30093125,13,72924,-1,58,-1,14377,accepted,0.44,119,726,0,0
A_only,NEMA,4,30093125,13,191890,218,-1,23058,-1,first_not_crystal_compton,0.44,637,0,1414,555
A_only,NEMA,4,30093125,13,365843,420,-1,23260,-1,intermediate_or_same_crystal_interaction,0.44,2019,0,2019,7689
A_only,NEMA,4,30093125,13,484900,567,-1,23407,-1,measured_pair_differs_from_primary,0.44,2119,8678,2119,8428
A_only,NEMA,4,30093125,13,851347,1002,-1,23842,-1,measured_pair_differs_from_primary,0.44,1163,4885,1163,4757
A_only,NEMA,4,30093125,13,1070448,1258,-1,24098,-1,measured_pair_differs_from_primary,0.44,2118,5763,2118,5699
A_only,NEMA,4,30093125,13,1132562,1331,-1,24171,-1,measured_pair_differs_from_primary,0.44,10205,10141,10205,2116
A_only,NEMA,4,30093125,13,1295627,1511,-1,24351,-1,measured_pair_differs_from_primary,0.44,5390,5327,5390,1356
A_only,NEMA,4,30093125,13,1366156,1587,-1,24427,-1,intermediate_or_same_crystal_interaction,0.44,844,844,844,8488
A_only,NEMA,4,30093125,13,1391962,1620,-1,24460,-1,intermediate_or_same_crystal_interaction,0.44,776,0,776,5010
A_only,NEMA,4,30093125,13,1552222,1807,-1,24647,-1,intermediate_or_same_crystal_interaction,0.44,10303,10303,10303,1210
A_only,NEMA,4,30093125,13,1687347,1969,-1,24809,-1,intermediate_or_same_crystal_interaction,0.44,1256,0,1256,481
A_only,NEMA,4,30093125,13,1829346,2135,-1,24975,-1,first_not_crystal_compton,0.44,279,0,279,645
A_only,NEMA,4,30093125,13,2016748,2330,-1,25170,-1,intermediate_or_same_crystal_interaction,0.44,4436,4436,4436,1605
B_only,NEMA,4,30093125,13,2083085,-1,1494,-1,15813,accepted,0.44,5308,1809,0,0
A_only,NEMA,4,30093125,13,2123778,2429,-1,25269,-1,measured_pair_differs_from_primary,0.44,7295,7294,7295,1935
B_only,NEMA,4,30093125,13,2140913,-1,1539,-1,15858,accepted,0.44,3119,926,0,0
A_only,NEMA,4,30093125,13,2142934,2452,-1,25292,-1,intermediate_or_same_crystal_interaction,0.44,864,0,864,6869
A_only,NEMA,4,30093125,13,2154146,2462,-1,25302,-1,first_not_crystal_compton,0.44,6355,0,6290,1778
A_only,NEMA,4,30093125,13,2266353,2586,-1,25426,-1,first_not_crystal_compton,0.44,0,0,2146,10130
A_only,NEMA,4,30093125,13,2613811,2971,-1,25811,-1,intermediate_or_same_crystal_interaction,0.44,50,50,50,1353
A_only,NEMA,4,30093125,13,2617110,2976,-1,25816,-1,measured_pair_differs_from_primary,0.44,1917,1981,1917,9323
A_only,NEMA,4,30093125,13,2813124,3214,-1,26054,-1,measured_pair_differs_from_primary,0.44,817,9090,817,9282
A_only,NEMA,4,30093125,13,2965108,3377,-1,26217,-1,first_not_crystal_compton,0.44,1104,0,8842,2074
A_only,NEMA,4,30093125,13,2994966,3415,-1,26255,-1,measured_pair_differs_from_primary,0.44,1071,4949,1071,4885
A_only,NEMA,4,30093125,13,3072749,3507,-1,26347,-1,intermediate_or_same_crystal_interaction,0.44,4037,4037,4037,1488
A_only,NEMA,4,30093125,13,3125495,3554,-1,26394,-1,measured_pair_differs_from_primary,0.44,5145,5144,5145,706
B_only,NEMA,4,30093125,13,3264128,-1,2318,-1,16637,accepted,0.44,1972,8194,0,0
A_only,NEMA,4,30093125,13,3348836,3809,-1,26649,-1,intermediate_or_same_crystal_interaction,0.44,729,0,729,105
A_only,NEMA,4,30093125,13,3369641,3829,-1,26669,-1,measured_pair_differs_from_primary,0.44,5083,5019,5083,650
B_only,NEMA,4,30093125,13,3642110,-1,2620,-1,16939,accepted,0.44,2544,676,0,0
A_only,NEMA,4,30093125,13,3649731,4188,-1,27028,-1,measured_pair_differs_from_primary,0.44,1533,1515,1533,549
A_only,NEMA,4,30093125,13,3654383,4197,-1,27037,-1,measured_pair_differs_from_primary,0.44,855,5711,855,5709
B_only,NEMA,4,30093125,13,4014227,-1,2886,-1,17205,accepted,0.44,1842,4436,0,0
B_only,NEMA,4,30093125,13,4121983,-1,2979,-1,17298,accepted,0.44,1908,6426,0,0
A_only,NEMA,4,30093125,13,4122911,4733,-1,27573,-1,measured_pair_differs_from_primary,0.44,1975,883,1975,872
A_only,NEMA,4,30093125,13,4150309,4762,-1,27602,-1,intermediate_or_same_crystal_interaction,0.44,996,0,996,6185
A_only,NEMA,4,30093125,13,4183716,4792,-1,27632,-1,intermediate_or_same_crystal_interaction,0.44,3884,3884,3884,1423
A_only,NEMA,4,30093125,13,4268585,4884,-1,27724,-1,measured_pair_differs_from_primary,0.44,2716,2783,2716,1376
A_only,NEMA,4,30093125,13,4767826,5456,-1,28296,-1,first_not_crystal_compton,0.44,0,0,2045,910
A_only,NEMA,4,30093125,13,4824799,5514,-1,28354,-1,measured_pair_differs_from_primary,0.44,1441,3808,1441,3809
A_only,NEMA,5,30093126,13,35741,34,-1,28596,-1,measured_pair_differs_from_primary,0.44,1461,3880,1461,3881
B_only,NEMA,5,30093126,13,675356,-1,481,-1,18415,accepted,0.44,1941,8712,0,0
A_only,NEMA,5,30093126,13,753789,837,-1,29399,-1,measured_pair_differs_from_primary,0.44,8294,8425,8294,1110
A_only,NEMA,5,30093126,13,1063469,1207,-1,29769,-1,first_not_crystal_compton,0.44,465,0,465,7418
A_only,NEMA,5,30093126,13,1118672,1261,-1,29823,-1,intermediate_or_same_crystal_interaction,0.44,10053,10053,10053,1224
A_only,NEMA,5,30093126,13,1204043,1351,-1,29913,-1,intermediate_or_same_crystal_interaction,0.44,7739,7739,7739,991
A_only,NEMA,5,30093126,13,2336922,2666,-1,31228,-1,intermediate_or_same_crystal_interaction,0.44,1196,1196,1196,8708
A_only,NEMA,5,30093126,13,2350463,2686,-1,31248,-1,first_not_crystal_compton,0.44,5402,0,5402,1581
A_only,NEMA,5,30093126,13,2442828,2788,-1,31350,-1,first_not_crystal_compton,0.44,2027,0,2027,6924
A_only,NEMA,5,30093126,13,2495639,2847,-1,31409,-1,measured_pair_differs_from_primary,0.44,1971,9300,1971,9365
B_only,NEMA,5,30093126,13,2551606,-1,1871,-1,19805,accepted,0.44,6443,1534,0,0
A_only,NEMA,5,30093126,13,2573932,2935,-1,31497,-1,first_not_crystal_compton,0.44,2081,0,2081,7096
A_only,NEMA,5,30093126,13,2661394,3030,-1,31592,-1,intermediate_or_same_crystal_interaction,0.44,253,0,253,1990
A_only,NEMA,5,30093126,13,2671637,3041,-1,31603,-1,first_not_crystal_compton,0.44,0,0,3950,1614
A_only,NEMA,5,30093126,13,3065603,3485,-1,32047,-1,first_not_crystal_compton,0.44,0,0,1511,674
A_only,NEMA,5,30093126,13,3204350,3637,-1,32199,-1,first_not_crystal_compton,0.44,0,0,3943,1707
A_only,NEMA,5,30093126,13,3470726,3953,-1,32515,-1,intermediate_or_same_crystal_interaction,0.44,5717,5717,5717,840
A_only,NEMA,5,30093126,13,3516152,3995,-1,32557,-1,first_not_crystal_compton,0.44,0,0,5021,1668
A_only,NEMA,5,30093126,13,3563981,4054,-1,32616,-1,measured_pair_differs_from_primary,0.44,10147,10148,10147,2267
A_only,NEMA,5,30093126,13,3583939,4073,-1,32635,-1,measured_pair_differs_from_primary,0.44,1938,6874,1938,6748
A_only,NEMA,5,30093126,13,3636122,4137,-1,32699,-1,first_not_crystal_compton,0.44,0,0,1036,6439
A_only,NEMA,5,30093126,13,3720996,4213,-1,32775,-1,first_not_crystal_compton,0.44,1894,0,1894,7638
A_only,NEMA,5,30093126,13,3992775,4534,-1,33096,-1,intermediate_or_same_crystal_interaction,0.44,7844,7844,7844,1975
A_only,NEMA,5,30093126,13,4027573,4573,-1,33135,-1,intermediate_or_same_crystal_interaction,0.44,6474,6474,6474,878
A_only,NEMA,5,30093126,13,4312171,4884,-1,33446,-1,first_not_crystal_compton,0.44,2042,0,2042,1071
A_only,NEMA,5,30093126,13,4385921,4986,-1,33548,-1,measured_pair_differs_from_primary,0.44,1129,9253,1129,9252
A_only,NEMA,5,30093126,13,4691442,5329,-1,33891,-1,intermediate_or_same_crystal_interaction,0.44,860,0,860,4154
A_only,NEMA,5,30093126,13,4800284,5458,-1,34020,-1,measured_pair_differs_from_primary,0.44,914,2080,914,2098
A_only,NEMA,5,30093126,13,4919749,5590,-1,34152,-1,intermediate_or_same_crystal_interaction,0.44,962,0,962,8745
A_only,NEMA,6,30093127,13,200991,211,-1,34453,-1,measured_pair_differs_from_primary,0.44,760,4890,760,4889
A_only,NEMA,6,30093127,13,421420,467,-1,34709,-1,first_not_crystal_compton,0.44,0,0,1344,6639
A_only,NEMA,6,30093127,13,462401,533,-1,34775,-1,measured_pair_differs_from_primary,0.44,3032,3096,3032,1529
A_only,NEMA,6,30093127,13,709113,824,-1,35066,-1,measured_pair_differs_from_primary,0.44,8507,8506,8507,2113
A_only,NEMA,6,30093127,13,978012,1119,-1,35361,-1,measured_pair_differs_from_primary,0.44,4425,4424,4425,1556
A_only,NEMA,6,30093127,13,1135453,1309,-1,35551,-1,intermediate_or_same_crystal_interaction,0.44,1102,1102,1102,8167
B_only,NEMA,6,30093127,13,1322933,-1,962,-1,22519,accepted,0.44,6554,1638,0,0
A_only,NEMA,6,30093127,13,1530958,1768,-1,36010,-1,first_not_crystal_compton,0.44,0,0,1925,951
A_only,NEMA,6,30093127,13,1538999,1772,-1,36014,-1,intermediate_or_same_crystal_interaction,0.44,3652,3652,3652,1338
A_only,NEMA,6,30093127,13,1744731,1979,-1,36221,-1,measured_pair_differs_from_primary,0.44,1892,8325,1892,8451
A_only,NEMA,6,30093127,13,1873229,2111,-1,36353,-1,measured_pair_differs_from_primary,0.44,2120,9511,2120,9576
A_only,NEMA,6,30093127,13,1920033,2169,-1,36411,-1,measured_pair_differs_from_primary,0.44,8439,8374,8439,1825
A_only,NEMA,6,30093127,13,1931035,2179,-1,36421,-1,first_not_crystal_compton,0.44,333,0,333,1048
A_only,NEMA,6,30093127,13,2113721,2402,-1,36644,-1,intermediate_or_same_crystal_interaction,0.44,379,0,379,2197
A_only,NEMA,6,30093127,13,2525556,2879,-1,37121,-1,measured_pair_differs_from_primary,0.44,1843,9044,1843,9232
A_only,NEMA,6,30093127,13,2645101,3022,-1,37264,-1,measured_pair_differs_from_primary,0.44,1329,6268,1329,6524
A_only,NEMA,6,30093127,13,2859777,3274,-1,37516,-1,intermediate_or_same_crystal_interaction,0.44,8671,8671,8671,2004
A_only,NEMA,6,30093127,13,3198938,3669,-1,37911,-1,measured_pair_differs_from_primary,0.44,6037,5974,6037,1710
A_only,NEMA,6,30093127,13,3379998,3873,-1,38115,-1,first_not_crystal_compton,0.44,654,0,1450,3152
A_only,NEMA,6,30093127,13,3406077,3907,-1,38149,-1,measured_pair_differs_from_primary,0.44,7536,7663,7536,2166
A_only,NEMA,6,30093127,13,3425344,3933,-1,38175,-1,first_not_crystal_compton,0.44,3657,0,3657,1382
A_only,NEMA,6,30093127,13,3635548,4214,-1,38456,-1,intermediate_or_same_crystal_interaction,0.44,205,0,205,6466
A_only,NEMA,6,30093127,13,3742079,4338,-1,38580,-1,intermediate_or_same_crystal_interaction,0.44,1031,1031,1031,1862
A_only,NEMA,6,30093127,13,3879415,4504,-1,38746,-1,measured_pair_differs_from_primary,0.44,2653,2717,2653,802
A_only,NEMA,6,30093127,13,3939983,4567,-1,38809,-1,measured_pair_differs_from_primary,0.44,2218,8591,2218,8527
A_only,NEMA,6,30093127,13,3997207,4640,-1,38882,-1,intermediate_or_same_crystal_interaction,0.44,1248,1248,1248,8730
A_only,NEMA,6,30093127,13,4059039,4697,-1,38939,-1,first_not_crystal_compton,0.44,0,0,1872,866
A_only,NEMA,6,30093127,13,4158681,4836,-1,39078,-1,intermediate_or_same_crystal_interaction,0.44,6847,6847,6847,1600
A_only,NEMA,6,30093127,13,4246801,4952,-1,39194,-1,measured_pair_differs_from_primary,0.44,10467,10406,10467,2273
A_only,NEMA,6,30093127,13,4523058,5265,-1,39507,-1,measured_pair_differs_from_primary,0.44,4010,3947,4010,1393
A_only,NEMA,6,30093127,13,4691999,5426,-1,39668,-1,measured_pair_differs_from_primary,0.44,499,1194,499,1193
A_only,NEMA,6,30093127,13,4702275,5440,-1,39682,-1,measured_pair_differs_from_primary,0.44,1187,9779,1187,9782
A_only,NEMA,7,30093128,13,74861,101,-1,40109,-1,measured_pair_differs_from_primary,0.44,1664,1682,1664,1107
A_only,NEMA,7,30093128,13,151610,181,-1,40189,-1,first_not_crystal_compton,0.44,182,0,182,543
A_only,NEMA,7,30093128,13,201493,248,-1,40256,-1,measured_pair_differs_from_primary,0.44,1306,4848,1306,4913
A_only,NEMA,7,30093128,13,213468,264,-1,40272,-1,intermediate_or_same_crystal_interaction,0.44,7582,7582,7582,1756
A_only,NEMA,7,30093128,13,771442,881,-1,40889,-1,first_not_crystal_compton,0.44,876,0,876,46
A_only,NEMA,7,30093128,13,901864,1035,-1,41043,-1,measured_pair_differs_from_primary,0.44,718,732,718,1969
A_only,NEMA,7,30093128,13,904198,1037,-1,41045,-1,intermediate_or_same_crystal_interaction,0.44,2055,0,2055,6491
A_only,NEMA,7,30093128,13,986235,1133,-1,41141,-1,measured_pair_differs_from_primary,0.44,1769,3604,1769,3344
A_only,NEMA,7,30093128,13,1018767,1172,-1,41180,-1,first_not_crystal_compton,0.44,0,0,3469,2030
A_only,NEMA,7,30093128,13,1070529,1242,-1,41250,-1,measured_pair_differs_from_primary,0.44,1218,1686,1218,1617
A_only,NEMA,7,30093128,13,1079684,1247,-1,41255,-1,first_not_crystal_compton,0.44,0,0,9637,1897
A_only,NEMA,7,30093128,13,1313534,1505,-1,41513,-1,first_not_crystal_compton,0.44,0,0,1489,4456
A_only,NEMA,7,30093128,13,1364272,1571,-1,41579,-1,first_not_crystal_compton,0.44,776,0,1616,725
A_only,NEMA,7,30093128,13,1579382,1798,-1,41806,-1,measured_pair_differs_from_primary,0.44,2213,7286,2213,7158
A_only,NEMA,7,30093128,13,1598360,1825,-1,41833,-1,measured_pair_differs_from_primary,0.44,8338,8273,8338,888
A_only,NEMA,7,30093128,13,1971766,2244,-1,42252,-1,intermediate_or_same_crystal_interaction,0.44,4932,4932,4932,1581
A_only,NEMA,7,30093128,13,2094264,2389,-1,42397,-1,first_not_crystal_compton,0.44,0,0,998,1943
A_only,NEMA,7,30093128,13,2211394,2536,-1,42544,-1,intermediate_or_same_crystal_interaction,0.44,5729,5729,5729,1609
A_only,NEMA,7,30093128,13,2629096,2983,-1,42991,-1,measured_pair_differs_from_primary,0.44,124,848,124,1866
A_only,NEMA,7,30093128,13,3009943,3414,-1,43422,-1,measured_pair_differs_from_primary,0.44,1744,3052,1744,2924
A_only,NEMA,7,30093128,13,3045377,3460,-1,43468,-1,intermediate_or_same_crystal_interaction,0.44,1861,1861,1861,4990
A_only,NEMA,7,30093128,13,3145708,3593,-1,43601,-1,intermediate_or_same_crystal_interaction,0.44,10024,10024,10024,2175
A_only,NEMA,7,30093128,13,3257740,3731,-1,43739,-1,measured_pair_differs_from_primary,0.44,7898,7899,7898,1960
A_only,NEMA,7,30093128,13,3401991,3876,-1,43884,-1,measured_pair_differs_from_primary,0.44,100,6646,100,6710
B_only,NEMA,7,30093128,13,3486546,-1,2552,-1,27728,accepted,0.44,1652,3812,0,0
A_only,NEMA,7,30093128,13,3505644,3999,-1,44007,-1,measured_pair_differs_from_primary,0.44,362,1195,362,2291
A_only,NEMA,7,30093128,13,3778574,4313,-1,44321,-1,first_not_crystal_compton,0.44,6249,0,6313,1825
A_only,NEMA,7,30093128,13,3866520,4408,-1,44416,-1,first_not_crystal_compton,0.44,128,0,128,6388
A_only,NEMA,7,30093128,13,3970811,4535,-1,44543,-1,measured_pair_differs_from_primary,0.44,989,4110,989,4045
A_only,NEMA,7,30093128,13,3981935,4553,-1,44561,-1,intermediate_or_same_crystal_interaction,0.44,1551,0,1551,1008
A_only,NEMA,7,30093128,13,4012649,4590,-1,44598,-1,intermediate_or_same_crystal_interaction,0.44,8721,8721,8721,1953
A_only,NEMA,7,30093128,13,4157892,4738,-1,44746,-1,first_not_crystal_compton,0.44,0,0,551,34
A_only,NEMA,7,30093128,13,4198274,4788,-1,44796,-1,measured_pair_differs_from_primary,0.44,2172,8025,2172,7961
A_only,NEMA,7,30093128,13,4430958,5046,-1,45054,-1,measured_pair_differs_from_primary,0.44,1712,5150,1712,5149
A_only,NEMA,7,30093128,13,4468931,5086,-1,45094,-1,measured_pair_differs_from_primary,0.44,4948,1863,4948,1176
A_only,NEMA,7,30093128,13,4478697,5100,-1,45108,-1,measured_pair_differs_from_primary,0.44,37,1511,37,5079
A_only,NEMA,7,30093128,13,4588522,5220,-1,45228,-1,intermediate_or_same_crystal_interaction,0.44,2297,2297,2297,729
A_only,NEMA,7,30093128,13,4618982,5252,-1,45260,-1,first_not_crystal_compton,0.44,1519,0,3835,1348
A_only,NEMA,7,30093128,13,4635667,5270,-1,45278,-1,first_energy_not_closed,0.44,247,9648,247,9648
A_only,NEMA,7,30093128,13,4751453,5389,-1,45397,-1,measured_pair_differs_from_primary,0.44,1094,6183,1094,5991
A_only,NEMA,7,30093128,13,4995067,5681,-1,45689,-1,measured_pair_differs_from_primary,0.44,8154,7830,8154,1810
A_only,NEMA,8,30093129,13,51578,55,-1,45748,-1,first_energy_not_closed,0.44,988,321,988,321
A_only,NEMA,8,30093129,13,132478,147,-1,45840,-1,first_not_crystal_compton,0.44,8523,0,8587,2114
A_only,NEMA,8,30093129,13,154331,174,-1,45867,-1,measured_pair_differs_from_primary,0.44,1697,5542,1697,5473
A_only,NEMA,8,30093129,13,257092,277,-1,45970,-1,intermediate_or_same_crystal_interaction,0.44,1184,0,1184,2161
A_only,NEMA,8,30093129,13,347992,387,-1,46080,-1,intermediate_or_same_crystal_interaction,0.44,3922,0,3922,139
A_only,NEMA,8,30093129,13,523607,589,-1,46282,-1,measured_pair_differs_from_primary,0.44,9789,9788,9789,2239
A_only,NEMA,8,30093129,13,526172,595,-1,46288,-1,measured_pair_differs_from_primary,0.44,8732,8669,8732,1842
B_only,NEMA,8,30093129,13,776636,-1,559,-1,29373,accepted,0.44,234,1481,0,0
A_only,NEMA,8,30093129,13,788595,905,-1,46598,-1,measured_pair_differs_from_primary,0.44,1414,5100,1414,5230
A_only,NEMA,8,30093129,13,802520,928,-1,46621,-1,intermediate_or_same_crystal_interaction,0.44,9319,9319,9319,1174
A_only,NEMA,8,30093129,13,860889,1002,-1,46695,-1,measured_pair_differs_from_primary,0.44,2138,5859,2138,5670
A_only,NEMA,8,30093129,13,892993,1041,-1,46734,-1,intermediate_or_same_crystal_interaction,0.44,754,754,754,6732
A_only,NEMA,8,30093129,13,951731,1106,-1,46799,-1,intermediate_or_same_crystal_interaction,0.44,3234,3234,3234,1461
A_only,NEMA,8,30093129,13,1084654,1263,-1,46956,-1,intermediate_or_same_crystal_interaction,0.44,479,479,479,1194
A_only,NEMA,8,30093129,13,1118307,1306,-1,46999,-1,first_not_crystal_compton,0.44,0,0,1701,5624
A_only,NEMA,8,30093129,13,1132596,1318,-1,47011,-1,intermediate_or_same_crystal_interaction,0.44,4996,4996,4996,1730
A_only,NEMA,8,30093129,13,1390827,1644,-1,47337,-1,measured_pair_differs_from_primary,0.44,6091,1650,6091,729
A_only,NEMA,8,30093129,13,1641962,1914,-1,47607,-1,intermediate_or_same_crystal_interaction,0.44,3879,3879,3879,1582
A_only,NEMA,8,30093129,13,2009010,2312,-1,48005,-1,first_energy_not_closed,0.44,1266,9569,1266,9569
A_only,NEMA,8,30093129,13,2407685,2730,-1,48423,-1,first_not_crystal_compton,0.44,0,0,2082,8111
A_only,NEMA,8,30093129,13,2408526,2731,-1,48424,-1,measured_pair_differs_from_primary,0.44,5336,5401,5336,1929
A_only,NEMA,8,30093129,13,2437994,2764,-1,48457,-1,measured_pair_differs_from_primary,0.44,7907,7843,7907,977
A_only,NEMA,8,30093129,13,2541302,2880,-1,48573,-1,measured_pair_differs_from_primary,0.44,1814,9704,1814,9832
B_only,NEMA,8,30093129,13,2541465,-1,1820,-1,30634,accepted,0.44,6558,1765,0,0
A_only,NEMA,8,30093129,13,2726193,3099,-1,48792,-1,intermediate_or_same_crystal_interaction,0.44,9531,0,9531,1237
A_only,NEMA,8,30093129,13,3094301,3506,-1,49199,-1,measured_pair_differs_from_primary,0.44,5308,5436,5308,992
A_only,NEMA,8,30093129,13,3145645,3572,-1,49265,-1,measured_pair_differs_from_primary,0.44,5555,1586,5555,639
A_only,NEMA,8,30093129,13,3656701,4141,-1,49834,-1,measured_pair_differs_from_primary,0.44,1560,6198,1560,6264
A_only,NEMA,8,30093129,13,3872281,4366,-1,50059,-1,measured_pair_differs_from_primary,0.44,1827,8372,1827,8436
A_only,NEMA,8,30093129,13,3918584,4417,-1,50110,-1,intermediate_or_same_crystal_interaction,0.44,1570,1570,1570,5520
A_only,NEMA,8,30093129,13,4062323,4580,-1,50273,-1,intermediate_or_same_crystal_interaction,0.44,1009,0,1009,4522
A_only,NEMA,8,30093129,13,4118151,4648,-1,50341,-1,measured_pair_differs_from_primary,0.44,1688,7854,1688,7919
A_only,NEMA,8,30093129,13,4193552,4726,-1,50419,-1,measured_pair_differs_from_primary,0.44,1934,1244,1934,1253
A_only,NEMA,8,30093129,13,4709968,5338,-1,51031,-1,measured_pair_differs_from_primary,0.44,6946,7010,6946,2085
A_only,NEMA,8,30093129,13,4755386,5387,-1,51080,-1,measured_pair_differs_from_primary,0.44,249,681,249,1505
B_only,NEMA,8,30093129,13,4778923,-1,3416,-1,32230,accepted,0.44,8761,372,0,0
A_only,NEMA,8,30093129,13,4915180,5590,-1,51283,-1,measured_pair_differs_from_primary,0.44,1618,3669,1618,3606
A_only,NEMA,9,30093130,13,2632,4,-1,51372,-1,measured_pair_differs_from_primary,0.44,2084,9319,2084,9446
B_only,NEMA,9,30093130,13,95704,-1,50,-1,32458,accepted,0.44,1298,640,0,0
A_only,NEMA,9,30093130,13,114929,109,-1,51477,-1,measured_pair_differs_from_primary,0.44,2266,10494,2266,10495
A_only,NEMA,9,30093130,13,246304,237,-1,51605,-1,measured_pair_differs_from_primary,0.44,5306,5370,5306,1846
A_only,NEMA,9,30093130,13,426189,443,-1,51811,-1,intermediate_or_same_crystal_interaction,0.44,9699,9699,9699,2222
A_only,NEMA,9,30093130,13,440127,454,-1,51822,-1,first_energy_not_closed,0.44,1100,228,1100,228
A_only,NEMA,9,30093130,13,528932,567,-1,51935,-1,first_not_crystal_compton,0.44,0,0,4812,6
A_only,NEMA,9,30093130,13,690254,765,-1,52133,-1,intermediate_or_same_crystal_interaction,0.44,717,717,717,3187
A_only,NEMA,9,30093130,13,934186,1012,-1,52380,-1,measured_pair_differs_from_primary,0.44,1220,2204,1220,9909
A_only,NEMA,9,30093130,13,1107051,1222,-1,52590,-1,measured_pair_differs_from_primary,0.44,1559,3394,1559,3265
A_only,NEMA,9,30093130,13,1191690,1326,-1,52694,-1,intermediate_or_same_crystal_interaction,0.44,787,0,787,1748
A_only,NEMA,9,30093130,13,1336134,1520,-1,52888,-1,first_not_crystal_compton,0.44,0,0,1857,5282
A_only,NEMA,9,30093130,13,1366768,1551,-1,52919,-1,measured_pair_differs_from_primary,0.44,128,134,128,738
A_only,NEMA,9,30093130,13,1429494,1620,-1,52988,-1,first_not_crystal_compton,0.44,0,0,5603,1655
A_only,NEMA,9,30093130,13,1477301,1682,-1,53050,-1,measured_pair_differs_from_primary,0.44,962,8489,962,8619
A_only,NEMA,9,30093130,13,1631427,1849,-1,53217,-1,measured_pair_differs_from_primary,0.44,9323,9260,9323,2083
A_only,NEMA,9,30093130,13,1670182,1895,-1,53263,-1,measured_pair_differs_from_primary,0.44,1662,3944,1662,3880
A_only,NEMA,9,30093130,13,1758026,2006,-1,53374,-1,intermediate_or_same_crystal_interaction,0.44,1879,0,1879,10173
A_only,NEMA,9,30093130,13,1801882,2056,-1,53424,-1,intermediate_or_same_crystal_interaction,0.44,2103,2103,2103,1172
A_only,NEMA,9,30093130,13,1950334,2238,-1,53606,-1,first_not_crystal_compton,0.44,1855,0,1855,848
A_only,NEMA,9,30093130,13,1991719,2292,-1,53660,-1,intermediate_or_same_crystal_interaction,0.44,565,0,565,1409
A_only,NEMA,9,30093130,13,2110244,2414,-1,53782,-1,measured_pair_differs_from_primary,0.44,7108,1941,7108,1074
A_only,NEMA,9,30093130,13,2147608,2459,-1,53827,-1,first_not_crystal_compton,0.44,0,0,6980,1847
A_only,NEMA,9,30093130,13,2185040,2502,-1,53870,-1,measured_pair_differs_from_primary,0.44,7957,7893,7957,802
A_only,NEMA,9,30093130,13,2315114,2649,-1,54017,-1,measured_pair_differs_from_primary,0.44,2225,9883,2225,9818
A_only,NEMA,9,30093130,13,2484121,2827,-1,54195,-1,intermediate_or_same_crystal_interaction,0.44,4846,4846,4846,1483
A_only,NEMA,9,30093130,13,2494650,2842,-1,54210,-1,intermediate_or_same_crystal_interaction,0.44,9480,9480,9480,2287
A_only,NEMA,9,30093130,13,2821034,3214,-1,54582,-1,first_not_crystal_compton,0.44,9893,0,9957,2297
A_only,NEMA,9,30093130,13,2979378,3376,-1,54744,-1,measured_pair_differs_from_primary,0.44,571,1545,571,5787
A_only,NEMA,9,30093130,13,3098960,3508,-1,54876,-1,measured_pair_differs_from_primary,0.44,6190,6189,6190,1691
A_only,NEMA,9,30093130,13,3233772,3653,-1,55021,-1,measured_pair_differs_from_primary,0.44,8720,8785,8720,2268
A_only,NEMA,9,30093130,13,3249507,3670,-1,55038,-1,intermediate_or_same_crystal_interaction,0.44,963,963,963,8129
A_only,NEMA,9,30093130,13,3273447,3696,-1,55064,-1,first_not_crystal_compton,0.44,0,0,2017,8291
A_only,NEMA,9,30093130,13,3405534,3848,-1,55216,-1,intermediate_or_same_crystal_interaction,0.44,1236,1236,1236,455
A_only,NEMA,9,30093130,13,3470382,3920,-1,55288,-1,measured_pair_differs_from_primary,0.44,7907,1911,7907,899
A_only,NEMA,9,30093130,13,3480780,3936,-1,55304,-1,measured_pair_differs_from_primary,0.44,4994,1579,4994,716
A_only,NEMA,9,30093130,13,3682441,4180,-1,55548,-1,measured_pair_differs_from_primary,0.44,5916,6044,5916,1895
A_only,NEMA,9,30093130,13,3753528,4271,-1,55639,-1,first_energy_not_closed,0.44,1164,102,1164,102
A_only,NEMA,9,30093130,13,3927763,4443,-1,55811,-1,measured_pair_differs_from_primary,0.44,7343,7279,7343,286
B_only,NEMA,9,30093130,13,3952899,-1,2880,-1,35288,accepted,0.44,1517,9051,0,0
A_only,NEMA,9,30093130,13,3960367,4483,-1,55851,-1,measured_pair_differs_from_primary,0.44,2149,7206,2149,7016
A_only,NEMA,9,30093130,13,4436748,4987,-1,56355,-1,measured_pair_differs_from_primary,0.44,9205,9395,9205,2298
A_only,NEMA,9,30093130,13,4566991,5152,-1,56520,-1,first_not_crystal_compton,0.44,1767,0,1767,843
B_only,NEMA,0,30093131,14,17771,-1,10,-1,10,accepted,0.44,697,75,0,0
A_only,NEMA,0,30093131,14,54065,74,-1,74,-1,first_not_crystal_compton,0.44,0,0,735,5427
A_only,NEMA,0,30093131,14,102245,116,-1,116,-1,intermediate_or_same_crystal_interaction,0.44,1563,1563,1563,789
A_only,NEMA,0,30093131,14,271956,308,-1,308,-1,intermediate_or_same_crystal_interaction,0.44,4178,4178,4178,1330
A_only,NEMA,0,30093131,14,550424,638,-1,638,-1,intermediate_or_same_crystal_interaction,0.44,506,506,506,9812
A_only,NEMA,0,30093131,14,634637,729,-1,729,-1,first_not_crystal_compton,0.44,889,0,1811,6106
A_only,NEMA,0,30093131,14,829538,948,-1,948,-1,intermediate_or_same_crystal_interaction,0.44,4939,4939,4939,1684
A_only,NEMA,0,30093131,14,983739,1128,-1,1128,-1,first_not_crystal_compton,0.44,0,0,6170,1726
A_only,NEMA,0,30093131,14,997935,1143,-1,1143,-1,measured_pair_differs_from_primary,0.44,1603,4106,1603,3974
A_only,NEMA,0,30093131,14,1125312,1306,-1,1306,-1,first_energy_not_closed,0.44,676,666,676,49
B_only,NEMA,0,30093131,14,1185047,-1,859,-1,859,accepted,0.44,4648,1651,0,0
A_only,NEMA,0,30093131,14,1203127,1400,-1,1400,-1,first_not_crystal_compton,0.44,914,0,1838,6504
A_only,NEMA,0,30093131,14,1524024,1745,-1,1745,-1,intermediate_or_same_crystal_interaction,0.44,5373,0,5373,1679
A_only,NEMA,0,30093131,14,1537918,1758,-1,1758,-1,measured_pair_differs_from_primary,0.44,1470,5376,1470,5440
A_only,NEMA,0,30093131,14,1577931,1801,-1,1801,-1,measured_pair_differs_from_primary,0.44,6538,6602,6538,1936
A_only,NEMA,0,30093131,14,1602177,1829,-1,1829,-1,intermediate_or_same_crystal_interaction,0.44,6324,6324,6324,775
A_only,NEMA,0,30093131,14,1663971,1895,-1,1895,-1,measured_pair_differs_from_primary,0.44,71,4259,71,4258
A_only,NEMA,0,30093131,14,1688345,1925,-1,1925,-1,intermediate_or_same_crystal_interaction,0.44,1238,0,1238,2283
A_only,NEMA,0,30093131,14,1735507,1992,-1,1992,-1,intermediate_or_same_crystal_interaction,0.44,1897,1897,1897,927
A_only,NEMA,0,30093131,14,1790711,2065,-1,2065,-1,intermediate_or_same_crystal_interaction,0.44,1469,1469,1469,586
A_only,NEMA,0,30093131,14,1888779,2151,-1,2151,-1,first_not_crystal_compton,0.44,1618,0,4739,1427
A_only,NEMA,0,30093131,14,1930285,2197,-1,2197,-1,first_not_crystal_compton,0.44,102,0,662,52
A_only,NEMA,0,30093131,14,2173990,2497,-1,2497,-1,first_not_crystal_compton,0.44,1856,0,1856,931
A_only,NEMA,0,30093131,14,2193783,2526,-1,2526,-1,first_not_crystal_compton,0.44,1937,0,7876,2146
A_only,NEMA,0,30093131,14,2415111,2777,-1,2777,-1,measured_pair_differs_from_primary,0.44,2097,7738,2097,7675
B_only,NEMA,0,30093131,14,2528382,-1,1799,-1,1799,accepted,0.44,898,8021,0,0
B_only,NEMA,0,30093131,14,2740280,-1,1957,-1,1957,accepted,0.44,954,5773,0,0
A_only,NEMA,0,30093131,14,2765726,3186,-1,3186,-1,measured_pair_differs_from_primary,0.44,6248,6119,6248,1477
A_only,NEMA,0,30093131,14,2767017,3189,-1,3189,-1,intermediate_or_same_crystal_interaction,0.44,240,0,240,656
A_only,NEMA,0,30093131,14,2803602,3232,-1,3232,-1,measured_pair_differs_from_primary,0.44,2188,8541,2188,8476
A_only,NEMA,0,30093131,14,2957846,3426,-1,3426,-1,measured_pair_differs_from_primary,0.44,1129,1110,1129,7074
A_only,NEMA,0,30093131,14,3010223,3489,-1,3489,-1,intermediate_or_same_crystal_interaction,0.44,7474,7474,7474,1509
A_only,NEMA,0,30093131,14,3025440,3509,-1,3509,-1,intermediate_or_same_crystal_interaction,0.44,184,0,184,3685
A_only,NEMA,0,30093131,14,3066561,3556,-1,3556,-1,first_not_crystal_compton,0.44,383,0,383,1926
A_only,NEMA,0,30093131,14,3090335,3582,-1,3582,-1,first_energy_not_closed,0.44,6856,1797,6856,1797
A_only,NEMA,0,30093131,14,3095096,3590,-1,3590,-1,measured_pair_differs_from_primary,0.44,841,851,841,2302
A_only,NEMA,0,30093131,14,3291271,3808,-1,3808,-1,first_not_crystal_compton,0.44,0,0,5227,1594
A_only,NEMA,0,30093131,14,3306891,3820,-1,3820,-1,first_not_crystal_compton,0.44,0,0,724,5609
A_only,NEMA,0,30093131,14,3411686,3930,-1,3930,-1,intermediate_or_same_crystal_interaction,0.44,507,507,507,8658
A_only,NEMA,0,30093131,14,3892639,4426,-1,4426,-1,measured_pair_differs_from_primary,0.44,7364,7366,7364,256
A_only,NEMA,0,30093131,14,3897106,4428,-1,4428,-1,first_not_crystal_compton,0.44,0,0,2155,7912
A_only,NEMA,0,30093131,14,4553476,5175,-1,5175,-1,intermediate_or_same_crystal_interaction,0.44,9083,0,9083,1131
A_only,NEMA,0,30093131,14,4610561,5250,-1,5250,-1,measured_pair_differs_from_primary,0.44,4519,4520,4519,1421
A_only,NEMA,0,30093131,14,4648607,5287,-1,5287,-1,measured_pair_differs_from_primary,0.44,7445,7315,7445,1833
A_only,NEMA,0,30093131,14,4906850,5594,-1,5594,-1,measured_pair_differs_from_primary,0.44,204,770,204,3746
A_only,NEMA,0,30093131,14,4916327,5606,-1,5606,-1,intermediate_or_same_crystal_interaction,0.44,506,0,506,4614
A_only,NEMA,1,30093132,14,57389,59,-1,5753,-1,first_not_crystal_compton,0.44,0,0,8183,1949
A_only,NEMA,1,30093132,14,126605,139,-1,5833,-1,first_not_crystal_compton,0.44,0,0,6188,313
A_only,NEMA,1,30093132,14,163553,178,-1,5872,-1,measured_pair_differs_from_primary,0.44,9643,9515,9643,2099
A_only,NEMA,1,30093132,14,263701,287,-1,5981,-1,intermediate_or_same_crystal_interaction,0.44,863,0,863,9429
A_only,NEMA,1,30093132,14,488348,558,-1,6252,-1,intermediate_or_same_crystal_interaction,0.44,7379,7379,7379,2099
A_only,NEMA,1,30093132,14,838009,953,-1,6647,-1,intermediate_or_same_crystal_interaction,0.44,943,943,943,6669
A_only,NEMA,1,30093132,14,900645,1036,-1,6730,-1,first_not_crystal_compton,0.44,0,0,1931,1049
A_only,NEMA,1,30093132,14,974583,1125,-1,6819,-1,measured_pair_differs_from_primary,0.44,4659,4658,4659,1641
A_only,NEMA,1,30093132,14,1195078,1389,-1,7083,-1,measured_pair_differs_from_primary,0.44,8553,1995,8553,275
A_only,NEMA,1,30093132,14,1213853,1410,-1,7104,-1,first_not_crystal_compton,0.44,1604,0,5382,1624
A_only,NEMA,1,30093132,14,1455353,1693,-1,7387,-1,measured_pair_differs_from_primary,0.44,1834,837,1834,157
B_only,NEMA,1,30093132,14,1481776,-1,1080,-1,4675,accepted,0.44,9465,2121,0,0
A_only,NEMA,1,30093132,14,1753245,2058,-1,7752,-1,intermediate_or_same_crystal_interaction,0.44,1195,0,1195,9296
A_only,NEMA,1,30093132,14,1790537,2099,-1,7793,-1,intermediate_or_same_crystal_interaction,0.44,854,0,854,1710
A_only,NEMA,1,30093132,14,1996623,2324,-1,8018,-1,intermediate_or_same_crystal_interaction,0.44,287,0,287,1439
B_only,NEMA,1,30093132,14,2176658,-1,1587,-1,5182,accepted,0.44,9650,2093,0,0
A_only,NEMA,1,30093132,14,2183963,2544,-1,8238,-1,intermediate_or_same_crystal_interaction,0.44,680,680,680,167
A_only,NEMA,1,30093132,14,2209679,2577,-1,8271,-1,first_not_crystal_compton,0.44,968,0,968,1979
A_only,NEMA,1,30093132,14,2508946,2938,-1,8632,-1,measured_pair_differs_from_primary,0.44,1843,6044,1843,5979
A_only,NEMA,1,30093132,14,2907844,3383,-1,9077,-1,measured_pair_differs_from_primary,0.44,5063,5000,5063,91
A_only,NEMA,1,30093132,14,3077099,3567,-1,9261,-1,intermediate_or_same_crystal_interaction,0.44,2129,2129,2129,480
A_only,NEMA,1,30093132,14,3349522,3890,-1,9584,-1,intermediate_or_same_crystal_interaction,0.44,1411,1411,1411,4120
A_only,NEMA,1,30093132,14,3448119,4002,-1,9696,-1,measured_pair_differs_from_primary,0.44,562,1406,562,3643
A_only,NEMA,1,30093132,14,3512597,4091,-1,9785,-1,intermediate_or_same_crystal_interaction,0.44,171,0,171,663
A_only,NEMA,1,30093132,14,3537786,4121,-1,9815,-1,measured_pair_differs_from_primary,0.44,919,1736,919,5315
A_only,NEMA,1,30093132,14,3561770,4144,-1,9838,-1,measured_pair_differs_from_primary,0.44,4504,4633,4504,1966
A_only,NEMA,1,30093132,14,3575906,4159,-1,9853,-1,measured_pair_differs_from_primary,0.44,1946,3809,1946,3681
A_only,NEMA,1,30093132,14,3802657,4431,-1,10125,-1,first_not_crystal_compton,0.44,0,0,1794,5412
A_only,NEMA,1,30093132,14,3892240,4540,-1,10234,-1,first_not_crystal_compton,0.44,1033,0,1033,1945
A_only,NEMA,1,30093132,14,3898036,4544,-1,10238,-1,measured_pair_differs_from_primary,0.44,1641,3243,1641,3116
A_only,NEMA,1,30093132,14,4034715,4704,-1,10398,-1,measured_pair_differs_from_primary,0.44,2237,8361,2237,8234
B_only,NEMA,1,30093132,14,4423876,-1,3214,-1,6809,accepted,0.44,7272,1040,0,0
A_only,NEMA,1,30093132,14,4795288,5510,-1,11204,-1,intermediate_or_same_crystal_interaction,0.44,1622,1622,1622,9052
A_only,NEMA,1,30093132,14,4882087,5611,-1,11305,-1,intermediate_or_same_crystal_interaction,0.44,3865,3865,3865,1723
A_only,NEMA,1,30093132,14,4896736,5631,-1,11325,-1,intermediate_or_same_crystal_interaction,0.44,787,787,787,3736
A_only,NEMA,2,30093133,14,51391,70,-1,11512,-1,intermediate_or_same_crystal_interaction,0.44,1664,1664,1664,5223
B_only,NEMA,2,30093133,14,141556,-1,113,-1,7316,accepted,0.44,1011,1809,0,0
A_only,NEMA,2,30093133,14,423378,510,-1,11952,-1,first_not_crystal_compton,0.44,1803,0,1803,6315
A_only,NEMA,2,30093133,14,468259,562,-1,12004,-1,measured_pair_differs_from_primary,0.44,957,8734,957,8797
A_only,NEMA,2,30093133,14,592057,716,-1,12158,-1,measured_pair_differs_from_primary,0.44,5604,1736,5604,221
A_only,NEMA,2,30093133,14,606923,735,-1,12177,-1,first_not_crystal_compton,0.44,2159,0,9342,2122
A_only,NEMA,2,30093133,14,734722,871,-1,12313,-1,measured_pair_differs_from_primary,0.44,7418,1959,7418,1973
A_only,NEMA,2,30093133,14,800658,965,-1,12407,-1,measured_pair_differs_from_primary,0.44,1900,7344,1900,7282
A_only,NEMA,2,30093133,14,837194,1011,-1,12453,-1,measured_pair_differs_from_primary,0.44,4123,1444,4123,537
A_only,NEMA,2,30093133,14,935799,1118,-1,12560,-1,intermediate_or_same_crystal_interaction,0.44,1562,0,1562,3527
A_only,NEMA,2,30093133,14,1038633,1250,-1,12692,-1,intermediate_or_same_crystal_interaction,0.44,1186,0,1186,1937
A_only,NEMA,2,30093133,14,1135484,1358,-1,12800,-1,first_not_crystal_compton,0.44,9475,0,9475,432
A_only,NEMA,2,30093133,14,1301732,1545,-1,12987,-1,intermediate_or_same_crystal_interaction,0.44,690,0,690,7526
A_only,NEMA,2,30093133,14,1370982,1616,-1,13058,-1,measured_pair_differs_from_primary,0.44,2736,2799,2736,1462
A_only,NEMA,2,30093133,14,1553292,1822,-1,13264,-1,intermediate_or_same_crystal_interaction,0.44,7694,7694,7694,2018
A_only,NEMA,2,30093133,14,1655976,1929,-1,13371,-1,first_not_crystal_compton,0.44,0,0,2210,8684
A_only,NEMA,2,30093133,14,1768591,2051,-1,13493,-1,measured_pair_differs_from_primary,0.44,6920,6919,6920,338
A_only,NEMA,2,30093133,14,1817425,2102,-1,13544,-1,measured_pair_differs_from_primary,0.44,1679,3453,1679,3325
A_only,NEMA,2,30093133,14,1999302,2312,-1,13754,-1,first_not_crystal_compton,0.44,0,0,1016,264
A_only,NEMA,2,30093133,14,2097613,2412,-1,13854,-1,measured_pair_differs_from_primary,0.44,1711,7768,1711,7959
A_only,NEMA,2,30093133,14,2153951,2487,-1,13929,-1,intermediate_or_same_crystal_interaction,0.44,129,0,129,514
A_only,NEMA,2,30093133,14,2155104,2490,-1,13932,-1,intermediate_or_same_crystal_interaction,0.44,442,0,442,2894
A_only,NEMA,2,30093133,14,2248903,2597,-1,14039,-1,first_not_crystal_compton,0.44,0,0,1536,3888
A_only,NEMA,2,30093133,14,2422494,2789,-1,14231,-1,first_not_crystal_compton,0.44,0,0,7118,891
A_only,NEMA,2,30093133,14,2452159,2820,-1,14262,-1,measured_pair_differs_from_primary,0.44,716,5096,716,5098
A_only,NEMA,2,30093133,14,2546033,2928,-1,14370,-1,measured_pair_differs_from_primary,0.44,968,9027,968,9090
A_only,NEMA,2,30093133,14,2579113,2966,-1,14408,-1,measured_pair_differs_from_primary,0.44,6892,6955,6892,2013
A_only,NEMA,2,30093133,14,2669488,3075,-1,14517,-1,measured_pair_differs_from_primary,0.44,1089,7145,1089,7146
A_only,NEMA,2,30093133,14,2810362,3239,-1,14681,-1,intermediate_or_same_crystal_interaction,0.44,864,0,864,6628
A_only,NEMA,2,30093133,14,2847322,3288,-1,14730,-1,measured_pair_differs_from_primary,0.44,8075,7883,8075,1894
A_only,NEMA,2,30093133,14,2872777,3317,-1,14759,-1,first_not_crystal_compton,0.44,2018,0,8644,1814
A_only,NEMA,2,30093133,14,2918426,3381,-1,14823,-1,first_not_crystal_compton,0.44,772,0,4722,64
A_only,NEMA,2,30093133,14,3054655,3536,-1,14978,-1,measured_pair_differs_from_primary,0.44,3959,3893,3959,1397
A_only,NEMA,2,30093133,14,3389084,3930,-1,15372,-1,intermediate_or_same_crystal_interaction,0.44,2040,2040,2040,5865
A_only,NEMA,2,30093133,14,3478795,4049,-1,15491,-1,measured_pair_differs_from_primary,0.44,6927,6991,6927,1986
A_only,NEMA,2,30093133,14,3527469,4095,-1,15537,-1,first_not_crystal_compton,0.44,3604,0,3604,1559
A_only,NEMA,2,30093133,14,3620226,4203,-1,15645,-1,measured_pair_differs_from_primary,0.44,2063,2062,2063,998
A_only,NEMA,2,30093133,14,3701174,4299,-1,15741,-1,measured_pair_differs_from_primary,0.44,5177,5241,5177,1774
A_only,NEMA,2,30093133,14,3832055,4432,-1,15874,-1,measured_pair_differs_from_primary,0.44,1252,1706,1252,1620
B_only,NEMA,2,30093133,14,3832540,-1,2798,-1,10001,accepted,0.44,6488,1088,0,0
A_only,NEMA,2,30093133,14,3905555,4505,-1,15947,-1,measured_pair_differs_from_primary,0.44,6110,6048,6110,1676
A_only,NEMA,2,30093133,14,3980211,4600,-1,16042,-1,measured_pair_differs_from_primary,0.44,6019,1705,6019,756
A_only,NEMA,2,30093133,14,4542112,5279,-1,16721,-1,intermediate_or_same_crystal_interaction,0.44,2002,0,2002,314
A_only,NEMA,2,30093133,14,4569795,5317,-1,16759,-1,intermediate_or_same_crystal_interaction,0.44,969,969,969,7607
A_only,NEMA,2,30093133,14,4784151,5556,-1,16998,-1,first_not_crystal_compton,0.44,259,0,1722,7062
A_only,NEMA,2,30093133,14,4819256,5601,-1,17043,-1,intermediate_or_same_crystal_interaction,0.44,756,0,756,1542
A_only,NEMA,2,30093133,14,4885631,5681,-1,17123,-1,measured_pair_differs_from_primary,0.44,4011,4075,4011,1840
A_only,NEMA,2,30093133,14,4917413,5716,-1,17158,-1,first_not_crystal_compton,0.44,0,0,8522,1689
A_only,NEMA,3,30093134,14,45287,50,-1,17301,-1,intermediate_or_same_crystal_interaction,0.44,457,0,457,5655
A_only,NEMA,3,30093134,14,444468,526,-1,17777,-1,intermediate_or_same_crystal_interaction,0.44,1768,0,1768,5875
A_only,NEMA,3,30093134,14,596826,698,-1,17949,-1,intermediate_or_same_crystal_interaction,0.44,720,0,720,2662
A_only,NEMA,3,30093134,14,653116,763,-1,18014,-1,intermediate_or_same_crystal_interaction,0.44,561,0,561,2746
A_only,NEMA,3,30093134,14,843339,952,-1,18203,-1,first_not_crystal_compton,0.44,0,0,690,1484
A_only,NEMA,3,30093134,14,870856,983,-1,18234,-1,first_not_crystal_compton,0.44,309,0,954,5624
A_only,NEMA,3,30093134,14,1270101,1420,-1,18671,-1,measured_pair_differs_from_primary,0.44,1528,5257,1528,5383
A_only,NEMA,3,30093134,14,1696793,1918,-1,19169,-1,measured_pair_differs_from_primary,0.44,8888,8887,8888,1154
A_only,NEMA,3,30093134,14,1797162,2027,-1,19278,-1,first_not_crystal_compton,0.44,286,0,1002,8047
A_only,NEMA,3,30093134,14,1984517,2240,-1,19491,-1,first_not_crystal_compton,0.44,900,0,1852,7212
A_only,NEMA,3,30093134,14,2099552,2366,-1,19617,-1,intermediate_or_same_crystal_interaction,0.44,2460,2460,2460,1354
A_only,NEMA,3,30093134,14,2146281,2408,-1,19659,-1,measured_pair_differs_from_primary,0.44,808,3015,808,2950
A_only,NEMA,3,30093134,14,2309583,2587,-1,19838,-1,measured_pair_differs_from_primary,0.44,3833,3769,3833,1331
A_only,NEMA,3,30093134,14,2326396,2610,-1,19861,-1,first_not_crystal_compton,0.44,0,0,5838,2018
A_only,NEMA,3,30093134,14,2541608,2868,-1,20119,-1,first_not_crystal_compton,0.44,0,0,1166,194
A_only,NEMA,3,30093134,14,2578086,2912,-1,20163,-1,first_not_crystal_compton,0.44,1826,0,6016,822
A_only,NEMA,3,30093134,14,2810277,3170,-1,20421,-1,first_not_crystal_compton,0.44,404,0,9887,1129
A_only,NEMA,3,30093134,14,3117212,3530,-1,20781,-1,measured_pair_differs_from_primary,0.44,4837,1568,4837,700
A_only,NEMA,3,30093134,14,3246719,3694,-1,20945,-1,first_not_crystal_compton,0.44,0,0,653,81
B_only,NEMA,3,30093134,14,3321851,-1,2398,-1,13254,accepted,0.44,925,6881,0,0
A_only,NEMA,3,30093134,14,3406397,3897,-1,21148,-1,measured_pair_differs_from_primary,0.44,301,6073,301,6008
A_only,NEMA,3,30093134,14,3502216,4015,-1,21266,-1,measured_pair_differs_from_primary,0.44,1544,7112,1544,7302
A_only,NEMA,3,30093134,14,3522150,4054,-1,21305,-1,intermediate_or_same_crystal_interaction,0.44,1526,0,1526,5546
A_only,NEMA,3,30093134,14,3927798,4515,-1,21766,-1,measured_pair_differs_from_primary,0.44,2538,2602,2538,1413
B_only,NEMA,3,30093134,14,3970692,-1,2888,-1,13744,accepted,0.44,881,1912,0,0
A_only,NEMA,3,30093134,14,3971527,4575,-1,21826,-1,first_not_crystal_compton,0.44,327,0,1003,7083
A_only,NEMA,3,30093134,14,3998609,4601,-1,21852,-1,measured_pair_differs_from_primary,0.44,10131,10068,10131,1151
A_only,NEMA,3,30093134,14,4135251,4734,-1,21985,-1,intermediate_or_same_crystal_interaction,0.44,128,0,128,6254
B_only,NEMA,3,30093134,14,4288666,-1,3111,-1,13967,accepted,0.44,1636,5932,0,0
A_only,NEMA,3,30093134,14,4566660,5251,-1,22502,-1,measured_pair_differs_from_primary,0.44,4802,4866,4802,1702
A_only,NEMA,4,30093135,14,82666,103,-1,23063,-1,intermediate_or_same_crystal_interaction,0.44,348,0,348,7527
A_only,NEMA,4,30093135,14,505946,592,-1,23552,-1,first_not_crystal_compton,0.44,1520,0,4224,1551
A_only,NEMA,4,30093135,14,1024588,1181,-1,24141,-1,intermediate_or_same_crystal_interaction,0.44,794,794,794,142
A_only,NEMA,4,30093135,14,1095174,1280,-1,24240,-1,intermediate_or_same_crystal_interaction,0.44,4572,4572,4572,411
B_only,NEMA,4,30093135,14,1105995,-1,834,-1,15292,accepted,0.44,1904,7658,0,0
A_only,NEMA,4,30093135,14,1288998,1481,-1,24441,-1,intermediate_or_same_crystal_interaction,0.44,492,0,492,9944
A_only,NEMA,4,30093135,14,1333120,1527,-1,24487,-1,measured_pair_differs_from_primary,0.44,1840,7201,1840,7262
A_only,NEMA,4,30093135,14,1566024,1779,-1,24739,-1,intermediate_or_same_crystal_interaction,0.44,1840,1840,1840,6128
B_only,NEMA,4,30093135,14,1633354,-1,1194,-1,15652,accepted,0.44,6309,1705,0,0
A_only,NEMA,4,30093135,14,1688504,1933,-1,24893,-1,measured_pair_differs_from_primary,0.44,7101,7100,7101,223
A_only,NEMA,4,30093135,14,1694932,1939,-1,24899,-1,first_energy_not_closed,0.44,565,1569,565,1569
A_only,NEMA,4,30093135,14,1788104,2039,-1,24999,-1,measured_pair_differs_from_primary,0.44,4665,4664,4665,880
A_only,NEMA,4,30093135,14,2116791,2400,-1,25360,-1,first_not_crystal_compton,0.44,0,0,9754,2259
A_only,NEMA,4,30093135,14,2133829,2421,-1,25381,-1,measured_pair_differs_from_primary,0.44,168,4958,168,4957
A_only,NEMA,4,30093135,14,2269141,2589,-1,25549,-1,first_not_crystal_compton,0.44,1781,0,1766,4405
A_only,NEMA,4,30093135,14,2394913,2740,-1,25700,-1,measured_pair_differs_from_primary,0.44,4408,4601,4408,1774
A_only,NEMA,4,30093135,14,2468412,2827,-1,25787,-1,intermediate_or_same_crystal_interaction,0.44,7689,7689,7689,1010
A_only,NEMA,4,30093135,14,2625788,2996,-1,25956,-1,measured_pair_differs_from_primary,0.44,4471,4470,4471,564
A_only,NEMA,4,30093135,14,2921262,3335,-1,26295,-1,intermediate_or_same_crystal_interaction,0.44,658,658,658,7057
A_only,NEMA,4,30093135,14,2958189,3365,-1,26325,-1,first_not_crystal_compton,0.44,0,0,5197,1569
A_only,NEMA,4,30093135,14,3345295,3776,-1,26736,-1,first_energy_not_closed,0.44,3432,1711,3432,1711
B_only,NEMA,4,30093135,14,3371110,-1,2449,-1,16907,accepted,0.44,2151,7297,0,0
B_only,NEMA,4,30093135,14,3657394,-1,2649,-1,17107,accepted,0.44,409,524,0,0
A_only,NEMA,4,30093135,14,3668153,4148,-1,27108,-1,measured_pair_differs_from_primary,0.44,73,1477,73,4056
A_only,NEMA,4,30093135,14,3807207,4320,-1,27280,-1,measured_pair_differs_from_primary,0.44,1329,1346,1329,3830
A_only,NEMA,4,30093135,14,3946774,4480,-1,27440,-1,first_not_crystal_compton,0.44,841,0,1740,5848
A_only,NEMA,4,30093135,14,4092592,4658,-1,27618,-1,first_not_crystal_compton,0.44,0,0,9512,1750
A_only,NEMA,4,30093135,14,4125599,4690,-1,27650,-1,first_not_crystal_compton,0.44,736,0,736,6722
A_only,NEMA,4,30093135,14,4129709,4692,-1,27652,-1,intermediate_or_same_crystal_interaction,0.44,2021,0,2021,9816
A_only,NEMA,4,30093135,14,4144840,4708,-1,27668,-1,measured_pair_differs_from_primary,0.44,2240,5102,2240,4588
A_only,NEMA,4,30093135,14,4187112,4754,-1,27714,-1,measured_pair_differs_from_primary,0.44,8915,8914,8915,2105
A_only,NEMA,4,30093135,14,4313509,4889,-1,27849,-1,measured_pair_differs_from_primary,0.44,5929,5928,5929,806
A_only,NEMA,4,30093135,14,4431858,5029,-1,27989,-1,first_not_crystal_compton,0.44,0,0,2077,8346
A_only,NEMA,4,30093135,14,4486723,5092,-1,28052,-1,first_not_crystal_compton,0.44,0,0,2175,9906
A_only,NEMA,4,30093135,14,4596874,5234,-1,28194,-1,first_not_crystal_compton,0.44,8470,0,8470,939
A_only,NEMA,4,30093135,14,4675658,5347,-1,28307,-1,intermediate_or_same_crystal_interaction,0.44,5976,5976,5976,1748
A_only,NEMA,4,30093135,14,4759627,5455,-1,28415,-1,measured_pair_differs_from_primary,0.44,783,7325,783,7388
A_only,NEMA,4,30093135,14,4783313,5482,-1,28442,-1,first_not_crystal_compton,0.44,6088,0,6088,1914
A_only,NEMA,4,30093135,14,4986843,5688,-1,28648,-1,measured_pair_differs_from_primary,0.44,1255,2253,1255,10299
A_only,NEMA,4,30093135,14,4997959,5703,-1,28663,-1,intermediate_or_same_crystal_interaction,0.44,6986,6986,6986,1798
B_only,NEMA,5,30093136,14,54202,-1,36,-1,18133,accepted,0.44,797,1756,0,0
B_only,NEMA,5,30093136,14,387371,-1,289,-1,18386,accepted,0.44,195,2306,0,0
A_only,NEMA,5,30093136,14,641460,740,-1,29405,-1,intermediate_or_same_crystal_interaction,0.44,51,0,51,3383
A_only,NEMA,5,30093136,14,671721,783,-1,29448,-1,measured_pair_differs_from_primary,0.44,3180,3178,3180,1409
A_only,NEMA,5,30093136,14,970823,1133,-1,29798,-1,measured_pair_differs_from_primary,0.44,5167,828,5167,255
A_only,NEMA,5,30093136,14,981655,1144,-1,29809,-1,intermediate_or_same_crystal_interaction,0.44,2112,0,2112,9497
A_only,NEMA,5,30093136,14,1188832,1366,-1,30031,-1,measured_pair_differs_from_primary,0.44,4384,4383,4384,1581
B_only,NEMA,5,30093136,14,1228163,-1,865,-1,18962,accepted,0.44,3145,873,0,0
A_only,NEMA,5,30093136,14,1275041,1456,-1,30121,-1,measured_pair_differs_from_primary,0.44,9777,2022,9777,887
A_only,NEMA,5,30093136,14,1414062,1592,-1,30257,-1,first_not_crystal_compton,0.44,0,0,5624,598
A_only,NEMA,5,30093136,14,1460713,1645,-1,30310,-1,measured_pair_differs_from_primary,0.44,6495,1881,6495,1048
A_only,NEMA,5,30093136,14,1481994,1672,-1,30337,-1,intermediate_or_same_crystal_interaction,0.44,313,0,313,8076
A_only,NEMA,5,30093136,14,1822555,2037,-1,30702,-1,intermediate_or_same_crystal_interaction,0.44,6488,6488,6488,1819
A_only,NEMA,5,30093136,14,1853854,2074,-1,30739,-1,intermediate_or_same_crystal_interaction,0.44,1284,1284,1284,3398
A_only,NEMA,5,30093136,14,1897396,2122,-1,30787,-1,measured_pair_differs_from_primary,0.44,1519,6960,1519,7151
A_only,NEMA,5,30093136,14,2199318,2445,-1,31110,-1,first_not_crystal_compton,0.44,0,0,4875,2020
A_only,NEMA,5,30093136,14,2475685,2764,-1,31429,-1,measured_pair_differs_from_primary,0.44,7771,7835,7771,1093
A_only,NEMA,5,30093136,14,2594649,2890,-1,31555,-1,first_not_crystal_compton,0.44,9286,0,9286,1619
A_only,NEMA,5,30093136,14,3263361,3687,-1,32352,-1,return_to_first_crystal,0.44,708,6144,708,6144
A_only,NEMA,5,30093136,14,3273857,3692,-1,32357,-1,first_not_crystal_compton,0.44,7451,0,7451,1818
A_only,NEMA,5,30093136,14,3275170,3695,-1,32360,-1,measured_pair_differs_from_primary,0.44,953,1800,953,5786
A_only,NEMA,5,30093136,14,3661439,4124,-1,32789,-1,first_not_crystal_compton,0.44,1164,0,2183,8680
A_only,NEMA,5,30093136,14,3849343,4348,-1,33013,-1,measured_pair_differs_from_primary,0.44,1498,4464,1498,4528
A_only,NEMA,5,30093136,14,3942133,4475,-1,33140,-1,measured_pair_differs_from_primary,0.44,3721,3657,3721,6
A_only,NEMA,5,30093136,14,4086002,4628,-1,33293,-1,first_not_crystal_compton,0.44,8237,0,8237,1723
A_only,NEMA,5,30093136,14,4255736,4831,-1,33496,-1,measured_pair_differs_from_primary,0.44,4579,4644,4579,1829
A_only,NEMA,5,30093136,14,4272693,4852,-1,33517,-1,intermediate_or_same_crystal_interaction,0.44,4239,0,4239,178
A_only,NEMA,5,30093136,14,4559935,5170,-1,33835,-1,first_not_crystal_compton,0.44,0,0,1868,7522
A_only,NEMA,5,30093136,14,4609839,5228,-1,33893,-1,intermediate_or_same_crystal_interaction,0.44,1448,0,1448,4311
A_only,NEMA,5,30093136,14,4803588,5451,-1,34116,-1,first_not_crystal_compton,0.44,1519,0,3582,1453
A_only,NEMA,5,30093136,14,4874282,5517,-1,34182,-1,measured_pair_differs_from_primary,0.44,7880,1852,7880,152
A_only,NEMA,5,30093136,14,4980254,5634,-1,34299,-1,intermediate_or_same_crystal_interaction,0.44,343,0,343,3096
A_only,NEMA,6,30093137,14,76584,87,-1,34408,-1,measured_pair_differs_from_primary,0.44,5419,5420,5419,1612
A_only,NEMA,6,30093137,14,178406,197,-1,34518,-1,measured_pair_differs_from_primary,0.44,8556,8491,8556,2003
A_only,NEMA,6,30093137,14,196236,218,-1,34539,-1,intermediate_or_same_crystal_interaction,0.44,1827,1827,1827,5236
A_only,NEMA,6,30093137,14,337996,373,-1,34694,-1,measured_pair_differs_from_primary,0.44,1801,8149,1801,8277
A_only,NEMA,6,30093137,14,397929,435,-1,34756,-1,intermediate_or_same_crystal_interaction,0.44,6440,6440,6440,2232
A_only,NEMA,6,30093137,14,700409,752,-1,35073,-1,measured_pair_differs_from_primary,0.44,536,4574,536,4703
A_only,NEMA,6,30093137,14,1098008,1193,-1,35514,-1,intermediate_or_same_crystal_interaction,0.44,2180,2180,2180,1191
A_only,NEMA,6,30093137,14,1326736,1486,-1,35807,-1,intermediate_or_same_crystal_interaction,0.44,1082,1082,1082,394
A_only,NEMA,6,30093137,14,1468197,1640,-1,35961,-1,intermediate_or_same_crystal_interaction,0.44,8692,8692,8692,1830
A_only,NEMA,6,30093137,14,1519445,1703,-1,36024,-1,first_energy_not_closed,0.44,7304,2245,7304,2245
A_only,NEMA,6,30093137,14,1556412,1742,-1,36063,-1,measured_pair_differs_from_primary,0.44,1483,4175,1483,4237
A_only,NEMA,6,30093137,14,1630891,1836,-1,36157,-1,measured_pair_differs_from_primary,0.44,2724,2916,2724,1451
A_only,NEMA,6,30093137,14,1750188,1981,-1,36302,-1,first_not_crystal_compton,0.44,0,0,8908,2146
A_only,NEMA,6,30093137,14,1809410,2046,-1,36367,-1,measured_pair_differs_from_primary,0.44,1991,9254,1991,9448
A_only,NEMA,6,30093137,14,1868417,2107,-1,36428,-1,measured_pair_differs_from_primary,0.44,5341,5342,5341,1931
A_only,NEMA,6,30093137,14,1920746,2160,-1,36481,-1,measured_pair_differs_from_primary,0.44,7721,1569,7721,1466
A_only,NEMA,6,30093137,14,1935946,2174,-1,36495,-1,measured_pair_differs_from_primary,0.44,10225,10289,10225,2048
A_only,NEMA,6,30093137,14,1983909,2222,-1,36543,-1,first_not_crystal_compton,0.44,0,0,2667,1403
A_only,NEMA,6,30093137,14,2149194,2421,-1,36742,-1,first_not_crystal_compton,0.44,0,0,1512,3628
A_only,NEMA,6,30093137,14,2237951,2519,-1,36840,-1,measured_pair_differs_from_primary,0.44,556,568,556,5981
A_only,NEMA,6,30093137,14,2334509,2629,-1,36950,-1,measured_pair_differs_from_primary,0.44,6231,6230,6231,1797
A_only,NEMA,6,30093137,14,2355069,2658,-1,36979,-1,measured_pair_differs_from_primary,0.44,10284,10285,10284,2240
A_only,NEMA,6,30093137,14,2541020,2856,-1,37177,-1,first_not_crystal_compton,0.44,966,0,1914,8470
A_only,NEMA,6,30093137,14,2641609,2961,-1,37282,-1,first_not_crystal_compton,0.44,2154,0,9765,2252
A_only,NEMA,6,30093137,14,2707348,3027,-1,37348,-1,intermediate_or_same_crystal_interaction,0.44,1903,1903,1903,6546
A_only,NEMA,6,30093137,14,2757700,3096,-1,37417,-1,intermediate_or_same_crystal_interaction,0.44,275,0,275,8283
A_only,NEMA,6,30093137,14,2808303,3157,-1,37478,-1,first_energy_not_closed,0.44,128,784,128,784
A_only,NEMA,6,30093137,14,2916739,3286,-1,37607,-1,intermediate_or_same_crystal_interaction,0.44,1271,0,1271,2245
A_only,NEMA,6,30093137,14,3112211,3510,-1,37831,-1,intermediate_or_same_crystal_interaction,0.44,92,92,92,6067
A_only,NEMA,6,30093137,14,3141403,3551,-1,37872,-1,first_not_crystal_compton,0.44,0,0,2865,687
A_only,NEMA,6,30093137,14,3228747,3658,-1,37979,-1,measured_pair_differs_from_primary,0.44,383,9732,383,9730
A_only,NEMA,6,30093137,14,3331924,3773,-1,38094,-1,intermediate_or_same_crystal_interaction,0.44,1725,1725,1725,5171
A_only,NEMA,6,30093137,14,3339742,3782,-1,38103,-1,measured_pair_differs_from_primary,0.44,945,1947,945,8071
A_only,NEMA,6,30093137,14,3359259,3803,-1,38124,-1,first_not_crystal_compton,0.44,421,0,421,8358
A_only,NEMA,6,30093137,14,3447187,3907,-1,38228,-1,intermediate_or_same_crystal_interaction,0.44,1737,0,1737,5620
B_only,NEMA,6,30093137,14,3462605,-1,2534,-1,24173,accepted,0.44,675,4773,0,0
A_only,NEMA,6,30093137,14,3896846,4441,-1,38762,-1,intermediate_or_same_crystal_interaction,0.44,413,413,413,7130
A_only,NEMA,6,30093137,14,3969217,4527,-1,38848,-1,intermediate_or_same_crystal_interaction,0.44,269,269,269,968
A_only,NEMA,6,30093137,14,4203540,4806,-1,39127,-1,intermediate_or_same_crystal_interaction,0.44,8160,8160,8160,2097
A_only,NEMA,6,30093137,14,4575605,5215,-1,39536,-1,first_not_crystal_compton,0.44,202,0,1736,6184
A_only,NEMA,6,30093137,14,4700952,5356,-1,39677,-1,first_not_crystal_compton,0.44,9174,0,9174,1039
A_only,NEMA,7,30093138,14,252324,303,-1,40309,-1,measured_pair_differs_from_primary,0.44,822,838,822,7123
A_only,NEMA,7,30093138,14,409856,505,-1,40511,-1,measured_pair_differs_from_primary,0.44,848,820,848,1353
A_only,NEMA,7,30093138,14,416351,511,-1,40517,-1,measured_pair_differs_from_primary,0.44,249,6002,249,6003
A_only,NEMA,7,30093138,14,653408,776,-1,40782,-1,intermediate_or_same_crystal_interaction,0.44,1880,0,1880,6996
A_only,NEMA,7,30093138,14,704666,835,-1,40841,-1,intermediate_or_same_crystal_interaction,0.44,1150,0,1150,7532
A_only,NEMA,7,30093138,14,1076677,1267,-1,41273,-1,first_not_crystal_compton,0.44,1759,0,1759,4268
A_only,NEMA,7,30093138,14,1396547,1633,-1,41639,-1,intermediate_or_same_crystal_interaction,0.44,346,0,346,1244
A_only,NEMA,7,30093138,14,1495030,1743,-1,41749,-1,first_not_crystal_compton,0.44,164,0,1488,4483
A_only,NEMA,7,30093138,14,1527571,1780,-1,41786,-1,first_not_crystal_compton,0.44,1626,0,1626,4265
A_only,NEMA,7,30093138,14,1648398,1918,-1,41924,-1,measured_pair_differs_from_primary,0.44,5948,6012,5948,1774
A_only,NEMA,7,30093138,14,1865706,2186,-1,42192,-1,measured_pair_differs_from_primary,0.44,1398,4090,1398,4157
A_only,NEMA,7,30093138,14,2205238,2582,-1,42588,-1,first_not_crystal_compton,0.44,2077,0,2077,7210
A_only,NEMA,7,30093138,14,2383066,2769,-1,42775,-1,measured_pair_differs_from_primary,0.44,1602,5371,1602,5372
A_only,NEMA,7,30093138,14,2490005,2895,-1,42901,-1,measured_pair_differs_from_primary,0.44,1935,7759,1935,7756
A_only,NEMA,7,30093138,14,2668022,3115,-1,43121,-1,first_not_crystal_compton,0.44,3331,0,3331,1436
A_only,NEMA,7,30093138,14,2805615,3278,-1,43284,-1,measured_pair_differs_from_primary,0.44,1476,4333,1476,4337
A_only,NEMA,7,30093138,14,3172929,3682,-1,43688,-1,intermediate_or_same_crystal_interaction,0.44,1766,0,1766,5211
A_only,NEMA,7,30093138,14,3330378,3858,-1,43864,-1,first_energy_not_closed,0.44,860,5932,860,5932
A_only,NEMA,7,30093138,14,3352883,3884,-1,43890,-1,measured_pair_differs_from_primary,0.44,3220,3284,3220,1416
A_only,NEMA,7,30093138,14,3583890,4182,-1,44188,-1,measured_pair_differs_from_primary,0.44,1532,5863,1532,5926
A_only,NEMA,7,30093138,14,3590955,4187,-1,44193,-1,measured_pair_differs_from_primary,0.44,8496,2113,8496,1123
B_only,NEMA,7,30093138,14,3719647,-1,2733,-1,28016,accepted,0.44,940,5248,0,0
A_only,NEMA,7,30093138,14,3721207,4345,-1,44351,-1,measured_pair_differs_from_primary,0.44,8008,7883,8008,1879
A_only,NEMA,7,30093138,14,3864538,4513,-1,44519,-1,intermediate_or_same_crystal_interaction,0.44,9031,9031,9031,2119
A_only,NEMA,7,30093138,14,4049402,4706,-1,44712,-1,measured_pair_differs_from_primary,0.44,2075,10340,2075,10405
A_only,NEMA,7,30093138,14,4108713,4779,-1,44785,-1,measured_pair_differs_from_primary,0.44,5396,5397,5396,883
A_only,NEMA,7,30093138,14,4142129,4814,-1,44820,-1,first_not_crystal_compton,0.44,649,0,649,3778
A_only,NEMA,7,30093138,14,4279069,4972,-1,44978,-1,intermediate_or_same_crystal_interaction,0.44,871,871,871,7787
A_only,NEMA,7,30093138,14,4290993,4989,-1,44995,-1,measured_pair_differs_from_primary,0.44,1754,6364,1754,6363
A_only,NEMA,7,30093138,14,4762947,5482,-1,45488,-1,first_not_crystal_compton,0.44,0,0,2073,7840
A_only,NEMA,7,30093138,14,4810406,5534,-1,45540,-1,first_not_crystal_compton,0.44,0,0,3501,1311
A_only,NEMA,7,30093138,14,4939974,5678,-1,45684,-1,measured_pair_differs_from_primary,0.44,1550,4854,1550,4918
A_only,NEMA,8,30093139,14,136330,152,-1,45909,-1,first_not_crystal_compton,0.44,0,0,572,3923
A_only,NEMA,8,30093139,14,344996,376,-1,46133,-1,first_not_crystal_compton,0.44,0,0,1900,4934
A_only,NEMA,8,30093139,14,826404,923,-1,46680,-1,measured_pair_differs_from_primary,0.44,1630,4457,1630,4391
A_only,NEMA,8,30093139,14,847794,956,-1,46713,-1,intermediate_or_same_crystal_interaction,0.44,451,0,451,1272
A_only,NEMA,8,30093139,14,1405517,1576,-1,47333,-1,measured_pair_differs_from_primary,0.44,1536,6457,1536,6521
A_only,NEMA,8,30093139,14,1687637,1901,-1,47658,-1,intermediate_or_same_crystal_interaction,0.44,428,0,428,9399
A_only,NEMA,8,30093139,14,1936354,2178,-1,47935,-1,first_not_crystal_compton,0.44,0,0,765,5213
A_only,NEMA,8,30093139,14,1968553,2221,-1,47978,-1,measured_pair_differs_from_primary,0.44,9179,1020,9179,291
A_only,NEMA,8,30093139,14,2096324,2384,-1,48141,-1,measured_pair_differs_from_primary,0.44,4540,4475,4540,1437
A_only,NEMA,8,30093139,14,2122248,2424,-1,48181,-1,first_not_crystal_compton,0.44,0,0,2294,9963
A_only,NEMA,8,30093139,14,2123664,2427,-1,48184,-1,intermediate_or_same_crystal_interaction,0.44,954,0,954,10038
A_only,NEMA,8,30093139,14,2461334,2808,-1,48565,-1,intermediate_or_same_crystal_interaction,0.44,2074,2074,2074,8596
A_only,NEMA,8,30093139,14,2544009,2886,-1,48643,-1,intermediate_or_same_crystal_interaction,0.44,1221,1221,1221,7389
A_only,NEMA,8,30093139,14,2548027,2894,-1,48651,-1,measured_pair_differs_from_primary,0.44,6741,6677,6741,1621
A_only,NEMA,8,30093139,14,2593348,2953,-1,48710,-1,intermediate_or_same_crystal_interaction,0.44,7284,7284,7284,68
A_only,NEMA,8,30093139,14,2692639,3073,-1,48830,-1,intermediate_or_same_crystal_interaction,0.44,6370,0,6370,1715
A_only,NEMA,8,30093139,14,2706473,3090,-1,48847,-1,intermediate_or_same_crystal_interaction,0.44,622,0,622,130
A_only,NEMA,8,30093139,14,2709447,3093,-1,48850,-1,measured_pair_differs_from_primary,0.44,8593,8658,8593,2076
A_only,NEMA,8,30093139,14,2718453,3106,-1,48863,-1,first_not_crystal_compton,0.44,0,0,2051,1071
A_only,NEMA,8,30093139,14,3053302,3486,-1,49243,-1,intermediate_or_same_crystal_interaction,0.44,1486,1486,1486,2429
A_only,NEMA,8,30093139,14,3059041,3492,-1,49249,-1,first_not_crystal_compton,0.44,167,0,1600,882
A_only,NEMA,8,30093139,14,3244923,3716,-1,49473,-1,intermediate_or_same_crystal_interaction,0.44,2013,2013,2013,8884
A_only,NEMA,8,30093139,14,3360360,3842,-1,49599,-1,intermediate_or_same_crystal_interaction,0.44,803,0,803,8219
A_only,NEMA,8,30093139,14,3471428,3964,-1,49721,-1,intermediate_or_same_crystal_interaction,0.44,908,0,908,205
A_only,NEMA,8,30093139,14,3545236,4053,-1,49810,-1,intermediate_or_same_crystal_interaction,0.44,1956,1956,1956,509
A_only,NEMA,8,30093139,14,3777937,4333,-1,50090,-1,measured_pair_differs_from_primary,0.44,184,731,184,4161
A_only,NEMA,8,30093139,14,4336791,4973,-1,50730,-1,measured_pair_differs_from_primary,0.44,6611,6676,6611,1988
A_only,NEMA,8,30093139,14,4430562,5101,-1,50858,-1,intermediate_or_same_crystal_interaction,0.44,328,0,328,10127
A_only,NEMA,8,30093139,14,4798317,5544,-1,51301,-1,intermediate_or_same_crystal_interaction,0.44,344,344,344,7255
A_only,NEMA,9,30093140,14,12289,11,-1,51559,-1,first_not_crystal_compton,0.44,5082,0,5082,1545
A_only,NEMA,9,30093140,14,157030,182,-1,51730,-1,measured_pair_differs_from_primary,0.44,6042,6041,6042,959
A_only,NEMA,9,30093140,14,308754,342,-1,51890,-1,intermediate_or_same_crystal_interaction,0.44,6444,6444,6444,1743
A_only,NEMA,9,30093140,14,467094,519,-1,52067,-1,intermediate_or_same_crystal_interaction,0.44,7766,7766,7766,1976
A_only,NEMA,9,30093140,14,478879,537,-1,52085,-1,intermediate_or_same_crystal_interaction,0.44,1073,0,1073,2219
A_only,NEMA,9,30093140,14,816416,916,-1,52464,-1,first_energy_not_closed,0.44,871,1948,871,1948
A_only,NEMA,9,30093140,14,1152053,1326,-1,52874,-1,intermediate_or_same_crystal_interaction,0.44,6469,6469,6469,1701
A_only,NEMA,9,30093140,14,1303247,1506,-1,53054,-1,intermediate_or_same_crystal_interaction,0.44,1001,1001,1001,2078
A_only,NEMA,9,30093140,14,1418492,1629,-1,53177,-1,measured_pair_differs_from_primary,0.44,1789,7641,1789,7828
A_only,NEMA,9,30093140,14,1752629,2016,-1,53564,-1,measured_pair_differs_from_primary,0.44,114,5068,114,5193
A_only,NEMA,9,30093140,14,1912880,2199,-1,53747,-1,measured_pair_differs_from_primary,0.44,1757,7933,1757,7997
A_only,NEMA,9,30093140,14,1918474,2206,-1,53754,-1,intermediate_or_same_crystal_interaction,0.44,1688,1688,1688,278
A_only,NEMA,9,30093140,14,1939864,2233,-1,53781,-1,measured_pair_differs_from_primary,0.44,348,1733,348,1722
A_only,NEMA,9,30093140,14,2185321,2525,-1,54073,-1,intermediate_or_same_crystal_interaction,0.44,1689,1689,1689,4880
A_only,NEMA,9,30093140,14,2203961,2553,-1,54101,-1,intermediate_or_same_crystal_interaction,0.44,424,0,424,7873
A_only,NEMA,9,30093140,14,2431498,2824,-1,54372,-1,measured_pair_differs_from_primary,0.44,3934,3998,3934,923
A_only,NEMA,9,30093140,14,2519426,2921,-1,54469,-1,first_not_crystal_compton,0.44,302,0,1947,6939
A_only,NEMA,9,30093140,14,2610432,3047,-1,54595,-1,first_energy_not_closed,0.44,1354,2360,1354,2360
A_only,NEMA,9,30093140,14,3066489,3585,-1,55133,-1,intermediate_or_same_crystal_interaction,0.44,2581,2581,2581,1514
A_only,NEMA,9,30093140,14,3180480,3717,-1,55265,-1,first_not_crystal_compton,0.44,0,0,7361,2110
A_only,NEMA,9,30093140,14,3404968,3998,-1,55546,-1,intermediate_or_same_crystal_interaction,0.44,901,901,901,3580
A_only,NEMA,9,30093140,14,3764777,4393,-1,55941,-1,measured_pair_differs_from_primary,0.44,313,1950,313,7848
A_only,NEMA,9,30093140,14,3938068,4604,-1,56152,-1,intermediate_or_same_crystal_interaction,0.44,1041,0,1041,9294
A_only,NEMA,9,30093140,14,4049157,4743,-1,56291,-1,first_not_crystal_compton,0.44,0,0,1090,1946
A_only,NEMA,9,30093140,14,4242114,4970,-1,56518,-1,first_not_crystal_compton,0.44,1107,0,1976,9768
A_only,NEMA,9,30093140,14,4377256,5115,-1,56663,-1,intermediate_or_same_crystal_interaction,0.44,1061,1061,1061,4984
A_only,NEMA,9,30093140,14,4617887,5382,-1,56930,-1,intermediate_or_same_crystal_interaction,0.44,1525,1525,1525,3804
A_only,NEMA,9,30093140,14,4738640,5514,-1,57062,-1,measured_pair_differs_from_primary,0.44,6400,6270,6400,1586
A_only,NEMA,9,30093140,14,4767954,5558,-1,57106,-1,measured_pair_differs_from_primary,0.44,1680,6206,1680,6271
A_only,NEMA,9,30093140,14,4865645,5672,-1,57220,-1,first_not_crystal_compton,0.44,743,0,1553,4791
A_only,NEMA,0,30093141,15,142107,138,-1,138,-1,intermediate_or_same_crystal_interaction,0.44,1351,1351,1351,2513
A_only,NEMA,0,30093141,15,149376,147,-1,147,-1,intermediate_or_same_crystal_interaction,0.44,1686,1686,1686,4173
A_only,NEMA,0,30093141,15,259811,265,-1,265,-1,first_not_crystal_compton,0.44,1223,0,1223,9543
A_only,NEMA,0,30093141,15,353684,386,-1,386,-1,measured_pair_differs_from_primary,0.44,5075,1619,5075,776
A_only,NEMA,0,30093141,15,360944,398,-1,398,-1,intermediate_or_same_crystal_interaction,0.44,413,413,413,9878
A_only,NEMA,0,30093141,15,411332,454,-1,454,-1,measured_pair_differs_from_primary,0.44,1977,9570,1977,9698
A_only,NEMA,0,30093141,15,582904,640,-1,640,-1,first_not_crystal_compton,0.44,0,0,8570,2063
A_only,NEMA,0,30093141,15,652243,720,-1,720,-1,intermediate_or_same_crystal_interaction,0.44,10050,10050,10050,2222
A_only,NEMA,0,30093141,15,698568,783,-1,783,-1,intermediate_or_same_crystal_interaction,0.44,7996,0,7996,896
A_only,NEMA,0,30093141,15,843620,962,-1,962,-1,intermediate_or_same_crystal_interaction,0.44,942,0,942,9365
A_only,NEMA,0,30093141,15,1051204,1212,-1,1212,-1,measured_pair_differs_from_primary,0.44,1414,4645,1414,4775
A_only,NEMA,0,30093141,15,1094458,1260,-1,1260,-1,measured_pair_differs_from_primary,0.44,4843,4780,4843,1455
A_only,NEMA,0,30093141,15,1100732,1270,-1,1270,-1,first_not_crystal_compton,0.44,0,0,10430,2304
A_only,NEMA,0,30093141,15,1156693,1340,-1,1340,-1,measured_pair_differs_from_primary,0.44,5336,5400,5336,1835
A_only,NEMA,0,30093141,15,1210892,1412,-1,1412,-1,intermediate_or_same_crystal_interaction,0.44,2064,2064,2064,9401
A_only,NEMA,0,30093141,15,1510176,1755,-1,1755,-1,measured_pair_differs_from_primary,0.44,1505,1558,1505,5650
A_only,NEMA,0,30093141,15,1526199,1776,-1,1776,-1,measured_pair_differs_from_primary,0.44,6982,6919,6982,890
A_only,NEMA,0,30093141,15,1541812,1801,-1,1801,-1,intermediate_or_same_crystal_interaction,0.44,8890,0,8890,1005
A_only,NEMA,0,30093141,15,1574679,1833,-1,1833,-1,first_not_crystal_compton,0.44,1245,0,10398,996
A_only,NEMA,0,30093141,15,1624781,1897,-1,1897,-1,first_not_crystal_compton,0.44,2123,0,2123,8235
A_only,NEMA,0,30093141,15,1626688,1901,-1,1901,-1,first_not_crystal_compton,0.44,0,0,4512,1438
A_only,NEMA,0,30093141,15,1679536,1962,-1,1962,-1,measured_pair_differs_from_primary,0.44,800,4064,800,3999
A_only,NEMA,0,30093141,15,1808961,2098,-1,2098,-1,measured_pair_differs_from_primary,0.44,2092,8608,2092,8610
A_only,NEMA,0,30093141,15,2100411,2446,-1,2446,-1,intermediate_or_same_crystal_interaction,0.44,1543,1543,1543,5671
A_only,NEMA,0,30093141,15,2361525,2734,-1,2734,-1,measured_pair_differs_from_primary,0.44,5611,5547,5611,1456
A_only,NEMA,0,30093141,15,2367189,2739,-1,2739,-1,first_not_crystal_compton,0.44,0,0,1325,3474
A_only,NEMA,0,30093141,15,2532506,2929,-1,2929,-1,intermediate_or_same_crystal_interaction,0.44,930,930,930,282
A_only,NEMA,0,30093141,15,2697279,3092,-1,3092,-1,first_energy_not_closed,0.44,1017,313,1017,313
A_only,NEMA,0,30093141,15,3157595,3654,-1,3654,-1,measured_pair_differs_from_primary,0.44,1657,6687,1657,6751
B_only,NEMA,0,30093141,15,3216166,-1,2392,-1,2392,accepted,0.44,598,2915,0,0
B_only,NEMA,0,30093141,15,3314191,-1,2462,-1,2462,accepted,0.44,1947,5999,0,0
A_only,NEMA,0,30093141,15,4017012,4628,-1,4628,-1,measured_pair_differs_from_primary,0.44,9847,9846,9847,2077
A_only,NEMA,0,30093141,15,4135870,4759,-1,4759,-1,measured_pair_differs_from_primary,0.44,10471,10407,10471,1857
A_only,NEMA,0,30093141,15,4331994,4964,-1,4964,-1,intermediate_or_same_crystal_interaction,0.44,1367,1367,1367,543
A_only,NEMA,0,30093141,15,4646592,5298,-1,5298,-1,intermediate_or_same_crystal_interaction,0.44,1872,1872,1872,831
A_only,NEMA,0,30093141,15,4672684,5320,-1,5320,-1,measured_pair_differs_from_primary,0.44,474,2161,474,9155
A_only,NEMA,0,30093141,15,4709354,5360,-1,5360,-1,first_not_crystal_compton,0.44,0,0,7835,1891
A_only,NEMA,0,30093141,15,4734413,5398,-1,5398,-1,first_not_crystal_compton,0.44,3141,0,3141,1302
A_only,NEMA,0,30093141,15,4946162,5661,-1,5661,-1,measured_pair_differs_from_primary,0.44,2261,9831,2261,9768
A_only,NEMA,1,30093142,15,54125,62,-1,5783,-1,measured_pair_differs_from_primary,0.44,741,723,741,4932
A_only,NEMA,1,30093142,15,210028,224,-1,5945,-1,intermediate_or_same_crystal_interaction,0.44,231,231,231,650
A_only,NEMA,1,30093142,15,235136,248,-1,5969,-1,measured_pair_differs_from_primary,0.44,3340,1350,3340,527
B_only,NEMA,1,30093142,15,259064,-1,183,-1,3856,accepted,0.44,5840,929,0,0
A_only,NEMA,1,30093142,15,480687,532,-1,6253,-1,measured_pair_differs_from_primary,0.44,341,1839,341,6253
A_only,NEMA,1,30093142,15,523107,581,-1,6302,-1,intermediate_or_same_crystal_interaction,0.44,1899,0,1899,851
A_only,NEMA,1,30093142,15,626642,700,-1,6421,-1,first_energy_not_closed,0.44,119,4628,119,4628
A_only,NEMA,1,30093142,15,887904,1002,-1,6723,-1,intermediate_or_same_crystal_interaction,0.44,2256,0,2256,9216
A_only,NEMA,1,30093142,15,1522971,1702,-1,7423,-1,first_not_crystal_compton,0.44,954,0,7072,1775
A_only,NEMA,1,30093142,15,1683786,1881,-1,7602,-1,measured_pair_differs_from_primary,0.44,4292,4294,4292,996
A_only,NEMA,1,30093142,15,1803648,2012,-1,7733,-1,first_not_crystal_compton,0.44,440,0,440,8907
A_only,NEMA,1,30093142,15,1948128,2146,-1,7867,-1,measured_pair_differs_from_primary,0.44,4900,1871,4900,1885
A_only,NEMA,1,30093142,15,2016243,2214,-1,7935,-1,measured_pair_differs_from_primary,0.44,9197,9196,9197,2004
A_only,NEMA,1,30093142,15,2036921,2240,-1,7961,-1,first_not_crystal_compton,0.44,0,0,8164,1914
A_only,NEMA,1,30093142,15,2196725,2433,-1,8154,-1,intermediate_or_same_crystal_interaction,0.44,5351,5351,5351,815
A_only,NEMA,1,30093142,15,2317935,2566,-1,8287,-1,first_not_crystal_compton,0.44,0,0,8815,1021
A_only,NEMA,1,30093142,15,2459935,2722,-1,8443,-1,measured_pair_differs_from_primary,0.44,86,1403,86,3323
A_only,NEMA,1,30093142,15,2710672,3029,-1,8750,-1,intermediate_or_same_crystal_interaction,0.44,3151,3151,3151,1465
A_only,NEMA,1,30093142,15,3118508,3515,-1,9236,-1,measured_pair_differs_from_primary,0.44,8061,7932,8061,1842
A_only,NEMA,1,30093142,15,3249318,3671,-1,9392,-1,first_not_crystal_compton,0.44,1896,0,1896,6257
A_only,NEMA,1,30093142,15,3653219,4082,-1,9803,-1,measured_pair_differs_from_primary,0.44,4506,4507,4506,1546
A_only,NEMA,1,30093142,15,3879836,4338,-1,10059,-1,measured_pair_differs_from_primary,0.44,836,3506,836,3508
A_only,NEMA,1,30093142,15,4170770,4650,-1,10371,-1,measured_pair_differs_from_primary,0.44,5102,5103,5102,1613
A_only,NEMA,1,30093142,15,4541549,5086,-1,10807,-1,intermediate_or_same_crystal_interaction,0.44,1043,1043,1043,3948
A_only,NEMA,1,30093142,15,4724317,5314,-1,11035,-1,measured_pair_differs_from_primary,0.44,7112,6984,7112,1509
A_only,NEMA,2,30093143,15,46152,48,-1,11391,-1,measured_pair_differs_from_primary,0.44,900,3441,900,3315
A_only,NEMA,2,30093143,15,431076,504,-1,11847,-1,intermediate_or_same_crystal_interaction,0.44,1535,1535,1535,163
A_only,NEMA,2,30093143,15,494672,576,-1,11919,-1,measured_pair_differs_from_primary,0.44,1779,8008,1779,8007
A_only,NEMA,2,30093143,15,510062,598,-1,11941,-1,intermediate_or_same_crystal_interaction,0.44,1153,1153,1153,510
A_only,NEMA,2,30093143,15,609414,712,-1,12055,-1,first_energy_not_closed,0.44,178,6327,178,6327
A_only,NEMA,2,30093143,15,628766,740,-1,12083,-1,intermediate_or_same_crystal_interaction,0.44,6401,6401,6401,1608
A_only,NEMA,2,30093143,15,657114,772,-1,12115,-1,intermediate_or_same_crystal_interaction,0.44,1201,0,1201,7206
A_only,NEMA,2,30093143,15,928938,1100,-1,12443,-1,intermediate_or_same_crystal_interaction,0.44,9236,9236,9236,489
A_only,NEMA,2,30093143,15,1046677,1243,-1,12586,-1,first_not_crystal_compton,0.44,0,0,7031,1081
A_only,NEMA,2,30093143,15,1130694,1339,-1,12682,-1,measured_pair_differs_from_primary,0.44,4877,4811,4877,1683
A_only,NEMA,2,30093143,15,1218874,1442,-1,12785,-1,intermediate_or_same_crystal_interaction,0.44,1081,1081,1081,8093
A_only,NEMA,2,30093143,15,1327011,1556,-1,12899,-1,measured_pair_differs_from_primary,0.44,162,1493,162,4638
A_only,NEMA,2,30093143,15,1345576,1576,-1,12919,-1,measured_pair_differs_from_primary,0.44,1958,6832,1958,6769
A_only,NEMA,2,30093143,15,1469679,1745,-1,13088,-1,first_not_crystal_compton,0.44,1630,0,1630,4536
A_only,NEMA,2,30093143,15,1481855,1758,-1,13101,-1,first_energy_not_closed,0.44,2284,10204,2284,10204
A_only,NEMA,2,30093143,15,1538341,1827,-1,13170,-1,first_energy_not_closed,0.44,1940,1055,1940,1055
A_only,NEMA,2,30093143,15,1578487,1875,-1,13218,-1,first_not_crystal_compton,0.44,1725,0,5858,1722
B_only,NEMA,2,30093143,15,1878161,-1,1328,-1,8572,accepted,0.44,164,1581,0,0
A_only,NEMA,2,30093143,15,1882023,2210,-1,13553,-1,first_not_crystal_compton,0.44,92,0,92,5234
A_only,NEMA,2,30093143,15,1886871,2216,-1,13559,-1,intermediate_or_same_crystal_interaction,0.44,224,224,224,1906
A_only,NEMA,2,30093143,15,1943080,2272,-1,13615,-1,intermediate_or_same_crystal_interaction,0.44,9604,9604,9604,2218
A_only,NEMA,2,30093143,15,1996460,2344,-1,13687,-1,first_not_crystal_compton,0.44,4993,0,4993,1667
A_only,NEMA,2,30093143,15,2051443,2419,-1,13762,-1,measured_pair_differs_from_primary,0.44,578,1397,578,3791
A_only,NEMA,2,30093143,15,2109185,2492,-1,13835,-1,first_not_crystal_compton,0.44,344,0,1975,944
A_only,NEMA,2,30093143,15,2231547,2642,-1,13985,-1,measured_pair_differs_from_primary,0.44,3946,3947,3946,585
A_only,NEMA,2,30093143,15,2566476,3021,-1,14364,-1,intermediate_or_same_crystal_interaction,0.44,1022,0,1022,6339
A_only,NEMA,2,30093143,15,2720902,3191,-1,14534,-1,measured_pair_differs_from_primary,0.44,1657,5721,1657,5784
A_only,NEMA,2,30093143,15,3315608,3901,-1,15244,-1,measured_pair_differs_from_primary,0.44,315,1855,315,6709
A_only,NEMA,2,30093143,15,3318172,3904,-1,15247,-1,measured_pair_differs_from_primary,0.44,1926,7589,1926,7527
A_only,NEMA,2,30093143,15,3370819,3965,-1,15308,-1,intermediate_or_same_crystal_interaction,0.44,250,250,250,6018
A_only,NEMA,2,30093143,15,3794772,4426,-1,15769,-1,first_not_crystal_compton,0.44,0,0,1783,5525
A_only,NEMA,2,30093143,15,3832130,4467,-1,15810,-1,intermediate_or_same_crystal_interaction,0.44,428,428,428,1235
A_only,NEMA,2,30093143,15,3906867,4567,-1,15910,-1,measured_pair_differs_from_primary,0.44,1604,5053,1604,5055
A_only,NEMA,2,30093143,15,3925394,4590,-1,15933,-1,measured_pair_differs_from_primary,0.44,6088,6219,6088,1257
A_only,NEMA,2,30093143,15,3970439,4655,-1,15998,-1,measured_pair_differs_from_primary,0.44,1515,6211,1515,6274
A_only,NEMA,2,30093143,15,4004532,4702,-1,16045,-1,first_not_crystal_compton,0.44,0,0,1370,2497
A_only,NEMA,2,30093143,15,4551643,5363,-1,16706,-1,intermediate_or_same_crystal_interaction,0.44,772,772,772,1317
B_only,NEMA,2,30093143,15,4795825,-1,3491,-1,10735,accepted,0.44,7887,2198,0,0
A_only,NEMA,3,30093144,15,170472,199,-1,17459,-1,measured_pair_differs_from_primary,0.44,1882,1048,1882,417
A_only,NEMA,3,30093144,15,312584,365,-1,17625,-1,measured_pair_differs_from_primary,0.44,5149,697,5149,110
A_only,NEMA,3,30093144,15,376769,448,-1,17708,-1,measured_pair_differs_from_primary,0.44,1635,1668,1635,1189
A_only,NEMA,3,30093144,15,393816,476,-1,17736,-1,first_not_crystal_compton,0.44,0,0,4889,644
A_only,NEMA,3,30093144,15,572999,674,-1,17934,-1,measured_pair_differs_from_primary,0.44,8857,923,8857,217
A_only,NEMA,3,30093144,15,856977,1005,-1,18265,-1,intermediate_or_same_crystal_interaction,0.44,268,0,268,804
A_only,NEMA,3,30093144,15,862804,1011,-1,18271,-1,intermediate_or_same_crystal_interaction,0.44,10253,10253,10253,2163
A_only,NEMA,3,30093144,15,975987,1137,-1,18397,-1,measured_pair_differs_from_primary,0.44,1690,5940,1690,5941
A_only,NEMA,3,30093144,15,1069102,1235,-1,18495,-1,measured_pair_differs_from_primary,0.44,957,945,957,4718
B_only,NEMA,3,30093144,15,1166516,-1,848,-1,11743,accepted,0.44,1446,674,0,0
A_only,NEMA,3,30093144,15,1198730,1389,-1,18649,-1,intermediate_or_same_crystal_interaction,0.44,232,0,232,1760
A_only,NEMA,3,30093144,15,1270060,1477,-1,18737,-1,intermediate_or_same_crystal_interaction,0.44,3426,3426,3426,71
A_only,NEMA,3,30093144,15,1303103,1509,-1,18769,-1,measured_pair_differs_from_primary,0.44,4774,1608,4774,1595
A_only,NEMA,3,30093144,15,1527771,1768,-1,19028,-1,measured_pair_differs_from_primary,0.44,1188,2184,1188,9647
A_only,NEMA,3,30093144,15,1781061,2057,-1,19317,-1,intermediate_or_same_crystal_interaction,0.44,8424,8424,8424,2172
A_only,NEMA,3,30093144,15,2070449,2382,-1,19642,-1,first_energy_not_closed,0.44,4191,1453,4191,1453
A_only,NEMA,3,30093144,15,2085572,2405,-1,19665,-1,measured_pair_differs_from_primary,0.44,4710,2000,4710,2049
A_only,NEMA,3,30093144,15,2108134,2428,-1,19688,-1,intermediate_or_same_crystal_interaction,0.44,169,0,169,1691
A_only,NEMA,3,30093144,15,2282231,2639,-1,19899,-1,intermediate_or_same_crystal_interaction,0.44,787,787,787,206
A_only,NEMA,3,30093144,15,2539410,2943,-1,20203,-1,measured_pair_differs_from_primary,0.44,1500,4576,1500,4575
A_only,NEMA,3,30093144,15,2768442,3205,-1,20465,-1,intermediate_or_same_crystal_interaction,0.44,9450,9450,9450,2190
A_only,NEMA,3,30093144,15,3067512,3545,-1,20805,-1,measured_pair_differs_from_primary,0.44,1543,1528,1543,629
A_only,NEMA,3,30093144,15,3221351,3731,-1,20991,-1,first_not_crystal_compton,0.44,343,0,9114,2244
A_only,NEMA,3,30093144,15,3318991,3818,-1,21078,-1,measured_pair_differs_from_primary,0.44,1626,2791,1626,2535
A_only,NEMA,3,30093144,15,3425835,3937,-1,21197,-1,intermediate_or_same_crystal_interaction,0.44,843,843,843,227
A_only,NEMA,3,30093144,15,3504610,4022,-1,21282,-1,intermediate_or_same_crystal_interaction,0.44,252,0,252,2007
A_only,NEMA,3,30093144,15,3749402,4309,-1,21569,-1,intermediate_or_same_crystal_interaction,0.44,1555,0,1555,4606
A_only,NEMA,3,30093144,15,3958110,4554,-1,21814,-1,intermediate_or_same_crystal_interaction,0.44,3798,3798,3798,1477
A_only,NEMA,3,30093144,15,4145253,4784,-1,22044,-1,measured_pair_differs_from_primary,0.44,3151,1396,3151,68
A_only,NEMA,3,30093144,15,4241134,4902,-1,22162,-1,first_not_crystal_compton,0.44,0,0,4640,1711
B_only,NEMA,3,30093144,15,4370712,-1,3195,-1,14090,accepted,0.44,1380,3394,0,0
A_only,NEMA,3,30093144,15,4418639,5096,-1,22356,-1,intermediate_or_same_crystal_interaction,0.44,429,429,429,1190
A_only,NEMA,3,30093144,15,4677842,5395,-1,22655,-1,measured_pair_differs_from_primary,0.44,4113,4051,4113,1478
A_only,NEMA,3,30093144,15,4937832,5682,-1,22942,-1,intermediate_or_same_crystal_interaction,0.44,1149,0,1149,7778
A_only,NEMA,4,30093145,15,137434,167,-1,23173,-1,first_not_crystal_compton,0.44,1040,0,1040,6109
A_only,NEMA,4,30093145,15,171647,211,-1,23217,-1,measured_pair_differs_from_primary,0.44,6023,5959,6023,804
A_only,NEMA,4,30093145,15,276392,340,-1,23346,-1,first_not_crystal_compton,0.44,367,0,367,4964
A_only,NEMA,4,30093145,15,566602,632,-1,23638,-1,intermediate_or_same_crystal_interaction,0.44,3107,3107,3107,1496
A_only,NEMA,4,30093145,15,611395,683,-1,23689,-1,measured_pair_differs_from_primary,0.44,7974,7975,7974,2112
B_only,NEMA,4,30093145,15,657297,-1,465,-1,14985,accepted,0.44,650,4754,0,0
A_only,NEMA,4,30093145,15,674039,760,-1,23766,-1,first_energy_not_closed,0.44,1124,2862,1124,2862
A_only,NEMA,4,30093145,15,832649,945,-1,23951,-1,measured_pair_differs_from_primary,0.44,4697,4570,4697,1388
A_only,NEMA,4,30093145,15,837758,950,-1,23956,-1,first_energy_not_closed,0.44,2040,1149,2040,1149
A_only,NEMA,4,30093145,15,858235,978,-1,23984,-1,first_not_crystal_compton,0.44,1199,0,1199,2176
A_only,NEMA,4,30093145,15,864664,984,-1,23990,-1,measured_pair_differs_from_primary,0.44,10130,10066,10130,1121
A_only,NEMA,4,30093145,15,911787,1031,-1,24037,-1,first_not_crystal_compton,0.44,925,0,925,5080
A_only,NEMA,4,30093145,15,977366,1103,-1,24109,-1,intermediate_or_same_crystal_interaction,0.44,1141,1141,1141,322
A_only,NEMA,4,30093145,15,1110188,1267,-1,24273,-1,measured_pair_differs_from_primary,0.44,712,1831,712,1845
A_only,NEMA,4,30093145,15,1153538,1328,-1,24334,-1,intermediate_or_same_crystal_interaction,0.44,1088,1088,1088,8035
A_only,NEMA,4,30093145,15,1316423,1502,-1,24508,-1,measured_pair_differs_from_primary,0.44,1100,1944,1100,1928
A_only,NEMA,4,30093145,15,1627858,1885,-1,24891,-1,intermediate_or_same_crystal_interaction,0.44,2142,0,2142,960
A_only,NEMA,4,30093145,15,1633240,1890,-1,24896,-1,intermediate_or_same_crystal_interaction,0.44,390,0,390,8047
A_only,NEMA,4,30093145,15,1641460,1898,-1,24904,-1,measured_pair_differs_from_primary,0.44,171,180,171,641
A_only,NEMA,4,30093145,15,1837993,2117,-1,25123,-1,first_not_crystal_compton,0.44,862,0,1711,4949
A_only,NEMA,4,30093145,15,2498507,2852,-1,25858,-1,intermediate_or_same_crystal_interaction,0.44,5011,5011,5011,1669
A_only,NEMA,4,30093145,15,2640732,3012,-1,26018,-1,first_not_crystal_compton,0.44,0,0,4201,1468
A_only,NEMA,4,30093145,15,2645371,3019,-1,26025,-1,first_not_crystal_compton,0.44,0,0,10386,494
A_only,NEMA,4,30093145,15,2675922,3063,-1,26069,-1,intermediate_or_same_crystal_interaction,0.44,1689,1689,1689,607
A_only,NEMA,4,30093145,15,2713951,3107,-1,26113,-1,measured_pair_differs_from_primary,0.44,743,147,743,5002
A_only,NEMA,4,30093145,15,2854338,3265,-1,26271,-1,measured_pair_differs_from_primary,0.44,3998,1494,3998,674
A_only,NEMA,4,30093145,15,2863698,3278,-1,26284,-1,measured_pair_differs_from_primary,0.44,866,7731,866,7795
A_only,NEMA,4,30093145,15,3276368,3763,-1,26769,-1,intermediate_or_same_crystal_interaction,0.44,1778,1778,1778,5833
A_only,NEMA,4,30093145,15,3803742,4360,-1,27366,-1,first_not_crystal_compton,0.44,0,0,1839,7683
B_only,NEMA,4,30093145,15,3969675,-1,2897,-1,17417,accepted,0.44,9878,2258,0,0
A_only,NEMA,4,30093145,15,4015729,4603,-1,27609,-1,measured_pair_differs_from_primary,0.44,2096,2078,2096,6674
A_only,NEMA,4,30093145,15,4327941,4968,-1,27974,-1,intermediate_or_same_crystal_interaction,0.44,932,0,932,1790
A_only,NEMA,4,30093145,15,4518523,5202,-1,28208,-1,measured_pair_differs_from_primary,0.44,2236,9618,2236,9617
A_only,NEMA,4,30093145,15,4582300,5289,-1,28295,-1,first_not_crystal_compton,0.44,0,0,7927,1950
A_only,NEMA,4,30093145,15,4992593,5771,-1,28777,-1,intermediate_or_same_crystal_interaction,0.44,142,142,142,7730
A_only,NEMA,5,30093146,15,172999,160,-1,28949,-1,intermediate_or_same_crystal_interaction,0.44,5969,0,5969,890
A_only,NEMA,5,30093146,15,186193,180,-1,28969,-1,first_not_crystal_compton,0.44,1805,0,1805,5622
A_only,NEMA,5,30093146,15,578012,659,-1,29448,-1,first_not_crystal_compton,0.44,0,0,7568,1907
A_only,NEMA,5,30093146,15,591171,674,-1,29463,-1,measured_pair_differs_from_primary,0.44,918,1902,918,7641
B_only,NEMA,5,30093146,15,695754,-1,505,-1,18695,accepted,0.44,269,891,0,0
B_only,NEMA,5,30093146,15,805149,-1,587,-1,18777,accepted,0.44,472,9147,0,0
A_only,NEMA,5,30093146,15,1057269,1205,-1,29994,-1,measured_pair_differs_from_primary,0.44,3357,3358,3357,643
A_only,NEMA,5,30093146,15,1145172,1313,-1,30102,-1,intermediate_or_same_crystal_interaction,0.44,1164,1164,1164,28
A_only,NEMA,5,30093146,15,1339306,1541,-1,30330,-1,first_not_crystal_compton,0.44,0,0,7213,1751
A_only,NEMA,5,30093146,15,1744661,2041,-1,30830,-1,measured_pair_differs_from_primary,0.44,692,6079,692,6144
A_only,NEMA,5,30093146,15,1802352,2100,-1,30889,-1,measured_pair_differs_from_primary,0.44,2209,9579,2209,9515
A_only,NEMA,5,30093146,15,1827901,2123,-1,30912,-1,measured_pair_differs_from_primary,0.44,4281,1423,4281,1406
A_only,NEMA,5,30093146,15,2259266,2622,-1,31411,-1,first_not_crystal_compton,0.44,1599,0,1599,9558
A_only,NEMA,5,30093146,15,2360515,2733,-1,31522,-1,intermediate_or_same_crystal_interaction,0.44,1351,1351,1351,588
A_only,NEMA,5,30093146,15,2369670,2745,-1,31534,-1,intermediate_or_same_crystal_interaction,0.44,1704,1704,1704,5059
A_only,NEMA,5,30093146,15,2461952,2847,-1,31636,-1,measured_pair_differs_from_primary,0.44,96,1956,96,1971
A_only,NEMA,5,30093146,15,2992990,3423,-1,32212,-1,measured_pair_differs_from_primary,0.44,1522,2526,1522,2463
A_only,NEMA,5,30093146,15,3007387,3441,-1,32230,-1,measured_pair_differs_from_primary,0.44,2248,8733,2248,8669
A_only,NEMA,5,30093146,15,3121969,3576,-1,32365,-1,first_not_crystal_compton,0.44,0,0,1813,3600
A_only,NEMA,5,30093146,15,3167878,3633,-1,32422,-1,intermediate_or_same_crystal_interaction,0.44,8039,0,8039,274
A_only,NEMA,5,30093146,15,3248113,3740,-1,32529,-1,intermediate_or_same_crystal_interaction,0.44,708,708,708,227
A_only,NEMA,5,30093146,15,3257760,3749,-1,32538,-1,first_not_crystal_compton,0.44,0,0,4520,631
A_only,NEMA,5,30093146,15,3286020,3786,-1,32575,-1,measured_pair_differs_from_primary,0.44,10332,10076,10332,670
A_only,NEMA,5,30093146,15,3461170,3981,-1,32770,-1,intermediate_or_same_crystal_interaction,0.44,573,0,573,3641
A_only,NEMA,5,30093146,15,3604072,4149,-1,32938,-1,first_not_crystal_compton,0.44,0,0,1485,3194
B_only,NEMA,5,30093146,15,3630698,-1,2665,-1,20855,accepted,0.44,2001,7588,0,0
A_only,NEMA,5,30093146,15,3637431,4187,-1,32976,-1,first_not_crystal_compton,0.44,0,0,1427,4177
A_only,NEMA,5,30093146,15,3780374,4363,-1,33152,-1,first_not_crystal_compton,0.44,0,0,5460,981
A_only,NEMA,5,30093146,15,3909202,4521,-1,33310,-1,measured_pair_differs_from_primary,0.44,544,3847,544,3911
A_only,NEMA,5,30093146,15,4010497,4635,-1,33424,-1,first_not_crystal_compton,0.44,1715,0,1715,6704
B_only,NEMA,5,30093146,15,4210872,-1,3065,-1,21255,accepted,0.44,1961,9322,0,0
A_only,NEMA,5,30093146,15,4243611,4863,-1,33652,-1,first_not_crystal_compton,0.44,10345,0,10409,2190
A_only,NEMA,5,30093146,15,4599377,5267,-1,34056,-1,first_not_crystal_compton,0.44,0,0,1136,9391
A_only,NEMA,5,30093146,15,4642643,5327,-1,34116,-1,first_not_crystal_compton,0.44,1083,0,1083,331
A_only,NEMA,5,30093146,15,4779019,5488,-1,34277,-1,measured_pair_differs_from_primary,0.44,9650,9520,9650,1964
A_only,NEMA,5,30093146,15,4995781,5714,-1,34503,-1,measured_pair_differs_from_primary,0.44,9699,1901,9699,1881
A_only,NEMA,6,30093147,15,132921,146,-1,34652,-1,measured_pair_differs_from_primary,0.44,2133,7129,2133,7001
A_only,NEMA,6,30093147,15,384659,428,-1,34934,-1,intermediate_or_same_crystal_interaction,0.44,421,421,421,3596
A_only,NEMA,6,30093147,15,388916,432,-1,34938,-1,first_energy_not_closed,0.44,311,2301,311,2301
A_only,NEMA,6,30093147,15,513753,570,-1,35076,-1,first_energy_not_closed,0.44,88,1561,88,1561
A_only,NEMA,6,30093147,15,602277,659,-1,35165,-1,first_not_crystal_compton,0.44,0,0,1355,4877
A_only,NEMA,6,30093147,15,679181,734,-1,35240,-1,measured_pair_differs_from_primary,0.44,8365,8301,8365,1951
A_only,NEMA,6,30093147,15,725116,784,-1,35290,-1,first_not_crystal_compton,0.44,0,0,702,2174
A_only,NEMA,6,30093147,15,807215,891,-1,35397,-1,measured_pair_differs_from_primary,0.44,6580,6707,6580,1140
A_only,NEMA,6,30093147,15,828070,921,-1,35427,-1,first_not_crystal_compton,0.44,0,0,1052,6406
A_only,NEMA,6,30093147,15,1109641,1236,-1,35742,-1,first_not_crystal_compton,0.44,2085,0,9019,327
A_only,NEMA,6,30093147,15,1276253,1435,-1,35941,-1,intermediate_or_same_crystal_interaction,0.44,4517,4517,4517,1569
A_only,NEMA,6,30093147,15,1540118,1747,-1,36253,-1,intermediate_or_same_crystal_interaction,0.44,1024,0,1024,280
A_only,NEMA,6,30093147,15,1556310,1772,-1,36278,-1,measured_pair_differs_from_primary,0.44,6543,1612,6543,1613
A_only,NEMA,6,30093147,15,1612838,1837,-1,36343,-1,measured_pair_differs_from_primary,0.44,1016,1738,1016,4690
A_only,NEMA,6,30093147,15,1647807,1877,-1,36383,-1,measured_pair_differs_from_primary,0.44,8348,8347,8348,1892
A_only,NEMA,6,30093147,15,1749695,1991,-1,36497,-1,measured_pair_differs_from_primary,0.44,7047,7177,7047,2073
A_only,NEMA,6,30093147,15,1938561,2226,-1,36732,-1,measured_pair_differs_from_primary,0.44,4837,4966,4837,1675
A_only,NEMA,6,30093147,15,1994376,2290,-1,36796,-1,first_not_crystal_compton,0.44,0,0,1802,6698
A_only,NEMA,6,30093147,15,2082953,2389,-1,36895,-1,intermediate_or_same_crystal_interaction,0.44,1888,1888,1888,945
A_only,NEMA,6,30093147,15,2226502,2578,-1,37084,-1,intermediate_or_same_crystal_interaction,0.44,5773,5773,5773,1799
A_only,NEMA,6,30093147,15,2247673,2599,-1,37105,-1,measured_pair_differs_from_primary,0.44,1534,3377,1534,3313
A_only,NEMA,6,30093147,15,2280257,2634,-1,37140,-1,intermediate_or_same_crystal_interaction,0.44,9318,9318,9318,2082
A_only,NEMA,6,30093147,15,2411930,2803,-1,37309,-1,measured_pair_differs_from_primary,0.44,853,1672,853,4877
A_only,NEMA,6,30093147,15,2499781,2916,-1,37422,-1,measured_pair_differs_from_primary,0.44,5004,4939,5004,1578
A_only,NEMA,6,30093147,15,2543931,2962,-1,37468,-1,intermediate_or_same_crystal_interaction,0.44,375,0,375,724
A_only,NEMA,6,30093147,15,2931031,3407,-1,37913,-1,measured_pair_differs_from_primary,0.44,2020,6758,2020,6695
A_only,NEMA,6,30093147,15,3049525,3560,-1,38066,-1,intermediate_or_same_crystal_interaction,0.44,1188,1188,1188,7677
A_only,NEMA,6,30093147,15,3129723,3647,-1,38153,-1,first_not_crystal_compton,0.44,278,0,1865,2786
A_only,NEMA,6,30093147,15,3399798,3966,-1,38472,-1,intermediate_or_same_crystal_interaction,0.44,764,764,764,6542
A_only,NEMA,6,30093147,15,3458062,4033,-1,38539,-1,measured_pair_differs_from_primary,0.44,9315,1995,9315,886
A_only,NEMA,6,30093147,15,3504413,4090,-1,38596,-1,measured_pair_differs_from_primary,0.44,1634,1619,1634,705
A_only,NEMA,6,30093147,15,3517930,4110,-1,38616,-1,first_not_crystal_compton,0.44,1871,0,7025,851
A_only,NEMA,6,30093147,15,3755073,4391,-1,38897,-1,measured_pair_differs_from_primary,0.44,9437,2059,9437,1013
A_only,NEMA,6,30093147,15,4311891,4997,-1,39503,-1,first_not_crystal_compton,0.44,0,0,1526,4100
A_only,NEMA,6,30093147,15,4328213,5019,-1,39525,-1,first_not_crystal_compton,0.44,840,0,5726,1610
A_only,NEMA,6,30093147,15,4409964,5102,-1,39608,-1,intermediate_or_same_crystal_interaction,0.44,7628,7628,7628,1191
A_only,NEMA,6,30093147,15,4461542,5164,-1,39670,-1,intermediate_or_same_crystal_interaction,0.44,1739,1739,1739,4990
A_only,NEMA,6,30093147,15,4865637,5571,-1,40077,-1,first_not_crystal_compton,0.44,0,0,6627,1713
A_only,NEMA,7,30093148,15,101640,118,-1,40344,-1,measured_pair_differs_from_primary,0.44,1012,5836,1012,5835
A_only,NEMA,7,30093148,15,319583,394,-1,40620,-1,measured_pair_differs_from_primary,0.44,7216,1693,7216,1672
A_only,NEMA,7,30093148,15,382834,454,-1,40680,-1,measured_pair_differs_from_primary,0.44,1768,6981,1768,6980
B_only,NEMA,7,30093148,15,398841,-1,292,-1,25807,accepted,0.44,1978,913,0,0
A_only,NEMA,7,30093148,15,1123723,1278,-1,41504,-1,first_not_crystal_compton,0.44,1465,0,1465,6637
A_only,NEMA,7,30093148,15,1187160,1339,-1,41565,-1,first_energy_not_closed,0.44,1147,7675,1147,7675
A_only,NEMA,7,30093148,15,1237644,1399,-1,41625,-1,first_not_crystal_compton,0.44,0,0,2051,8146
A_only,NEMA,7,30093148,15,1530486,1788,-1,42014,-1,first_not_crystal_compton,0.44,5558,0,5558,1600
A_only,NEMA,7,30093148,15,1967287,2267,-1,42493,-1,measured_pair_differs_from_primary,0.44,7447,2095,7447,1237
B_only,NEMA,7,30093148,15,1970875,-1,1437,-1,26952,accepted,0.44,6183,1818,0,0
B_only,NEMA,7,30093148,15,2156152,-1,1563,-1,27078,accepted,0.44,6914,722,0,0
A_only,NEMA,7,30093148,15,2422359,2787,-1,43013,-1,measured_pair_differs_from_primary,0.44,6310,1741,6310,855
A_only,NEMA,7,30093148,15,3146414,3625,-1,43851,-1,first_not_crystal_compton,0.44,2155,0,9452,2283
A_only,NEMA,7,30093148,15,3214347,3702,-1,43928,-1,intermediate_or_same_crystal_interaction,0.44,8244,8244,8244,1144
A_only,NEMA,7,30093148,15,3486057,4029,-1,44255,-1,measured_pair_differs_from_primary,0.44,2126,7403,2126,7339
A_only,NEMA,7,30093148,15,3564743,4124,-1,44350,-1,first_energy_not_closed,0.44,6454,714,6454,714
A_only,NEMA,7,30093148,15,3666693,4244,-1,44470,-1,first_not_crystal_compton,0.44,0,0,4765,1825
A_only,NEMA,7,30093148,15,3944656,4551,-1,44777,-1,measured_pair_differs_from_primary,0.44,6343,1974,6343,1963
A_only,NEMA,7,30093148,15,3973586,4582,-1,44808,-1,intermediate_or_same_crystal_interaction,0.44,170,0,170,5520
A_only,NEMA,7,30093148,15,4191933,4849,-1,45075,-1,first_not_crystal_compton,0.44,3401,0,3401,1383
B_only,NEMA,7,30093148,15,4348949,-1,3175,-1,28690,accepted,0.44,2199,1213,0,0
A_only,NEMA,7,30093148,15,4484648,5181,-1,45407,-1,first_not_crystal_compton,0.44,899,0,6986,2022
A_only,NEMA,7,30093148,15,4506050,5209,-1,45435,-1,intermediate_or_same_crystal_interaction,0.44,4035,4035,4035,1364
B_only,NEMA,7,30093148,15,4661042,-1,3387,-1,28902,accepted,0.44,601,1456,0,0
A_only,NEMA,7,30093148,15,4822250,5572,-1,45798,-1,measured_pair_differs_from_primary,0.44,2229,9204,2229,9139
A_only,NEMA,7,30093148,15,4915475,5671,-1,45897,-1,measured_pair_differs_from_primary,0.44,1931,8953,1931,9018
A_only,NEMA,8,30093149,15,95930,90,-1,46082,-1,measured_pair_differs_from_primary,0.44,3365,1800,3365,1852
A_only,NEMA,8,30093149,15,258759,267,-1,46259,-1,intermediate_or_same_crystal_interaction,0.44,670,0,670,1711
A_only,NEMA,8,30093149,15,383150,424,-1,46416,-1,intermediate_or_same_crystal_interaction,0.44,246,0,246,1077
A_only,NEMA,8,30093149,15,622629,696,-1,46688,-1,measured_pair_differs_from_primary,0.44,10030,1687,10030,1668
A_only,NEMA,8,30093149,15,702094,779,-1,46771,-1,measured_pair_differs_from_primary,0.44,1673,4255,1673,4062
A_only,NEMA,8,30093149,15,741006,817,-1,46809,-1,measured_pair_differs_from_primary,0.44,2145,9423,2145,9424
A_only,NEMA,8,30093149,15,751926,832,-1,46824,-1,measured_pair_differs_from_primary,0.44,2276,9922,2276,9857
A_only,NEMA,8,30093149,15,916739,1037,-1,47029,-1,first_not_crystal_compton,0.44,114,0,114,4962
A_only,NEMA,8,30093149,15,1179095,1318,-1,47310,-1,first_not_crystal_compton,0.44,0,0,2012,857
A_only,NEMA,8,30093149,15,1338918,1531,-1,47523,-1,measured_pair_differs_from_primary,0.44,668,3498,668,3499
A_only,NEMA,8,30093149,15,1538892,1753,-1,47745,-1,measured_pair_differs_from_primary,0.44,962,1725,962,4905
A_only,NEMA,8,30093149,15,1831887,2094,-1,48086,-1,measured_pair_differs_from_primary,0.44,471,10492,471,10493
B_only,NEMA,8,30093149,15,1945134,-1,1417,-1,30541,accepted,0.44,2182,7078,0,0
A_only,NEMA,8,30093149,15,1950395,2228,-1,48220,-1,measured_pair_differs_from_primary,0.44,2031,7550,2031,7486
A_only,NEMA,8,30093149,15,2102312,2403,-1,48395,-1,measured_pair_differs_from_primary,0.44,679,2916,679,2851
A_only,NEMA,8,30093149,15,2138748,2447,-1,48439,-1,measured_pair_differs_from_primary,0.44,445,1077,445,5938
A_only,NEMA,8,30093149,15,2216630,2548,-1,48540,-1,measured_pair_differs_from_primary,0.44,2779,1330,2779,1331
A_only,NEMA,8,30093149,15,2646551,3018,-1,49010,-1,first_not_crystal_compton,0.44,828,0,1662,5496
A_only,NEMA,8,30093149,15,2682118,3056,-1,49048,-1,first_not_crystal_compton,0.44,0,0,1644,5845
B_only,NEMA,8,30093149,15,2916165,-1,2119,-1,31243,accepted,0.44,911,5210,0,0
A_only,NEMA,8,30093149,15,3029789,3442,-1,49434,-1,first_not_crystal_compton,0.44,0,0,2050,6103
A_only,NEMA,8,30093149,15,3121159,3533,-1,49525,-1,intermediate_or_same_crystal_interaction,0.44,7191,7191,7191,1924
A_only,NEMA,8,30093149,15,3222286,3636,-1,49628,-1,first_energy_not_closed,0.44,898,2923,898,2923
A_only,NEMA,8,30093149,15,3231343,3649,-1,49641,-1,intermediate_or_same_crystal_interaction,0.44,9890,0,9890,882
B_only,NEMA,8,30093149,15,3352568,-1,2430,-1,31554,accepted,0.44,1796,7310,0,0
A_only,NEMA,8,30093149,15,3408165,3847,-1,49839,-1,intermediate_or_same_crystal_interaction,0.44,375,0,375,975
A_only,NEMA,8,30093149,15,3432884,3873,-1,49865,-1,first_not_crystal_compton,0.44,1251,0,1251,2071
A_only,NEMA,8,30093149,15,3503723,3961,-1,49953,-1,measured_pair_differs_from_primary,0.44,5315,1779,5315,433
A_only,NEMA,8,30093149,15,3555336,4015,-1,50007,-1,measured_pair_differs_from_primary,0.44,7404,7403,7404,2054
A_only,NEMA,8,30093149,15,3628956,4104,-1,50096,-1,measured_pair_differs_from_primary,0.44,2952,2954,2952,1345
A_only,NEMA,8,30093149,15,3854688,4365,-1,50357,-1,measured_pair_differs_from_primary,0.44,1226,1857,1226,3704
A_only,NEMA,8,30093149,15,3862729,4381,-1,50373,-1,measured_pair_differs_from_primary,0.44,1689,6441,1689,6442
A_only,NEMA,8,30093149,15,3902454,4424,-1,50416,-1,measured_pair_differs_from_primary,0.44,5599,5535,5599,1627
A_only,NEMA,8,30093149,15,4059907,4599,-1,50591,-1,measured_pair_differs_from_primary,0.44,7314,7249,7314,1956
A_only,NEMA,8,30093149,15,4139602,4691,-1,50683,-1,measured_pair_differs_from_primary,0.44,1815,1797,1815,3056
A_only,NEMA,8,30093149,15,4395472,4958,-1,50950,-1,first_not_crystal_compton,0.44,890,0,6355,1720
A_only,NEMA,8,30093149,15,4476413,5058,-1,51050,-1,measured_pair_differs_from_primary,0.44,656,3169,656,3104
A_only,NEMA,8,30093149,15,4913068,5545,-1,51537,-1,intermediate_or_same_crystal_interaction,0.44,2006,2006,2006,8991
A_only,NEMA,9,30093150,15,59395,69,-1,51709,-1,first_not_crystal_compton,0.44,884,0,884,7994
A_only,NEMA,9,30093150,15,213456,251,-1,51891,-1,measured_pair_differs_from_primary,0.44,1543,5917,1543,6046
A_only,NEMA,9,30093150,15,222163,268,-1,51908,-1,first_not_crystal_compton,0.44,357,0,357,784
A_only,NEMA,9,30093150,15,261377,317,-1,51957,-1,measured_pair_differs_from_primary,0.44,4234,4484,4234,1721
A_only,NEMA,9,30093150,15,271797,322,-1,51962,-1,intermediate_or_same_crystal_interaction,0.44,13,0,13,2855
A_only,NEMA,9,30093150,15,477246,572,-1,52212,-1,measured_pair_differs_from_primary,0.44,1643,5208,1643,5206
A_only,NEMA,9,30093150,15,765238,897,-1,52537,-1,intermediate_or_same_crystal_interaction,0.44,6562,6562,6562,1802
B_only,NEMA,9,30093150,15,785264,-1,557,-1,33277,accepted,0.44,1450,4059,0,0
A_only,NEMA,9,30093150,15,800516,936,-1,52576,-1,first_not_crystal_compton,0.44,0,0,1722,8008
A_only,NEMA,9,30093150,15,813406,956,-1,52596,-1,measured_pair_differs_from_primary,0.44,781,5482,781,5483
A_only,NEMA,9,30093150,15,815580,957,-1,52597,-1,intermediate_or_same_crystal_interaction,0.44,1006,1006,1006,6212
A_only,NEMA,9,30093150,15,924994,1061,-1,52701,-1,first_not_crystal_compton,0.44,0,0,1437,527
A_only,NEMA,9,30093150,15,1091678,1252,-1,52892,-1,intermediate_or_same_crystal_interaction,0.44,117,0,117,1429
A_only,NEMA,9,30093150,15,1160449,1333,-1,52973,-1,first_not_crystal_compton,0.44,1944,0,1944,8514
A_only,NEMA,9,30093150,15,1296752,1485,-1,53125,-1,measured_pair_differs_from_primary,0.44,1670,7577,1670,7641
A_only,NEMA,9,30093150,15,1392586,1606,-1,53246,-1,intermediate_or_same_crystal_interaction,0.44,108,108,108,4643
A_only,NEMA,9,30093150,15,1497291,1728,-1,53368,-1,first_not_crystal_compton,0.44,970,0,970,245
A_only,NEMA,9,30093150,15,1696053,1970,-1,53610,-1,measured_pair_differs_from_primary,0.44,5506,5573,5506,1597
A_only,NEMA,9,30093150,15,1744895,2031,-1,53671,-1,first_energy_not_closed,0.44,6360,1851,6360,1851
A_only,NEMA,9,30093150,15,1778185,2068,-1,53708,-1,intermediate_or_same_crystal_interaction,0.44,1814,0,1814,1160
B_only,NEMA,9,30093150,15,1800966,-1,1262,-1,33982,accepted,0.44,2328,23,0,0
A_only,NEMA,9,30093150,15,1825629,2128,-1,53768,-1,measured_pair_differs_from_primary,0.44,1234,8089,1234,8025
A_only,NEMA,9,30093150,15,2102900,2435,-1,54075,-1,first_energy_not_closed,0.44,769,2660,769,2660
A_only,NEMA,9,30093150,15,2164292,2513,-1,54153,-1,measured_pair_differs_from_primary,0.44,8679,8680,8679,408
B_only,NEMA,9,30093150,15,2510193,-1,1778,-1,34498,accepted,0.44,925,8632,0,0
A_only,NEMA,9,30093150,15,2545946,2971,-1,54611,-1,measured_pair_differs_from_primary,0.44,3223,1354,3223,517
A_only,NEMA,9,30093150,15,2623634,3047,-1,54687,-1,first_not_crystal_compton,0.44,0,0,1609,6544
A_only,NEMA,9,30093150,15,2729723,3169,-1,54809,-1,measured_pair_differs_from_primary,0.44,2119,8406,2119,8342
A_only,NEMA,9,30093150,15,2760145,3198,-1,54838,-1,intermediate_or_same_crystal_interaction,0.44,344,0,344,5538
A_only,NEMA,9,30093150,15,2847021,3298,-1,54938,-1,intermediate_or_same_crystal_interaction,0.44,2447,2447,2447,528
A_only,NEMA,9,30093150,15,3096246,3595,-1,55235,-1,intermediate_or_same_crystal_interaction,0.44,1216,0,1216,7465
A_only,NEMA,9,30093150,15,3111314,3615,-1,55255,-1,measured_pair_differs_from_primary,0.44,7440,7441,7440,1828
A_only,NEMA,9,30093150,15,3172683,3666,-1,55306,-1,intermediate_or_same_crystal_interaction,0.44,7361,7361,7361,1984
A_only,NEMA,9,30093150,15,3239155,3723,-1,55363,-1,intermediate_or_same_crystal_interaction,0.44,4938,4938,4938,1684
A_only,NEMA,9,30093150,15,3241976,3727,-1,55367,-1,intermediate_or_same_crystal_interaction,0.44,492,0,492,10000
A_only,NEMA,9,30093150,15,3311203,3797,-1,55437,-1,intermediate_or_same_crystal_interaction,0.44,1615,1615,1615,264
A_only,NEMA,9,30093150,15,3380416,3873,-1,55513,-1,intermediate_or_same_crystal_interaction,0.44,933,933,933,1690
A_only,NEMA,9,30093150,15,3631731,4165,-1,55805,-1,measured_pair_differs_from_primary,0.44,1887,1872,1887,933
A_only,NEMA,9,30093150,15,3850090,4398,-1,56038,-1,measured_pair_differs_from_primary,0.44,1583,5155,1583,5219
A_only,NEMA,9,30093150,15,3882621,4437,-1,56077,-1,measured_pair_differs_from_primary,0.44,814,3155,814,3091
A_only,NEMA,9,30093150,15,3904488,4459,-1,56099,-1,intermediate_or_same_crystal_interaction,0.44,8902,8902,8902,2106
A_only,NEMA,9,30093150,15,4186880,4793,-1,56433,-1,first_not_crystal_compton,0.44,374,0,374,8416
A_only,NEMA,9,30093150,15,4292185,4906,-1,56546,-1,measured_pair_differs_from_primary,0.44,2263,8056,2263,7677
A_only,NEMA,9,30093150,15,4406960,5056,-1,56696,-1,intermediate_or_same_crystal_interaction,0.44,2121,2121,2121,7724
A_only,NEMA,9,30093150,15,4505634,5159,-1,56799,-1,first_not_crystal_compton,0.44,0,0,3555,1401
A_only,NEMA,9,30093150,15,4518104,5174,-1,56814,-1,intermediate_or_same_crystal_interaction,0.44,542,542,542,82
A_only,NEMA,9,30093150,15,4698670,5377,-1,57017,-1,first_not_crystal_compton,0.44,0,0,4244,681
A_only,NEMA,9,30093150,15,4804560,5481,-1,57121,-1,intermediate_or_same_crystal_interaction,0.44,114,0,114,6115
A_only,NEMA,9,30093150,15,4855802,5543,-1,57183,-1,first_not_crystal_compton,0.44,4986,0,4986,752
A_only,NEMA,9,30093150,15,4856100,5545,-1,57185,-1,measured_pair_differs_from_primary,0.44,234,767,234,2565
A_only,NEMA,0,30093151,16,60069,72,-1,72,-1,measured_pair_differs_from_primary,0.44,3332,3396,3332,1427
A_only,NEMA,0,30093151,16,93587,102,-1,102,-1,intermediate_or_same_crystal_interaction,0.44,8098,0,8098,1949
A_only,NEMA,0,30093151,16,151722,180,-1,180,-1,first_not_crystal_compton,0.44,126,0,126,1647
A_only,NEMA,0,30093151,16,211361,267,-1,267,-1,intermediate_or_same_crystal_interaction,0.44,666,666,666,5169
A_only,NEMA,0,30093151,16,897904,1118,-1,1118,-1,measured_pair_differs_from_primary,0.44,5638,5640,5638,783
A_only,NEMA,0,30093151,16,946631,1174,-1,1174,-1,measured_pair_differs_from_primary,0.44,5166,5101,5166,1598
A_only,NEMA,0,30093151,16,967933,1200,-1,1200,-1,first_not_crystal_compton,0.44,9852,0,9916,2230
A_only,NEMA,0,30093151,16,1036556,1299,-1,1299,-1,first_not_crystal_compton,0.44,0,0,757,9672
A_only,NEMA,0,30093151,16,1266706,1555,-1,1555,-1,intermediate_or_same_crystal_interaction,0.44,891,0,891,1754
A_only,NEMA,0,30093151,16,1326839,1628,-1,1628,-1,intermediate_or_same_crystal_interaction,0.44,2188,0,2188,980
A_only,NEMA,0,30093151,16,1412155,1717,-1,1717,-1,intermediate_or_same_crystal_interaction,0.44,2105,2105,2105,8267
A_only,NEMA,0,30093151,16,1625027,1934,-1,1934,-1,intermediate_or_same_crystal_interaction,0.44,1024,1024,1024,297
A_only,NEMA,0,30093151,16,1932488,2264,-1,2264,-1,intermediate_or_same_crystal_interaction,0.44,924,924,924,1820
A_only,NEMA,0,30093151,16,1949781,2278,-1,2278,-1,first_not_crystal_compton,0.44,655,0,3373,2046
A_only,NEMA,0,30093151,16,2061138,2408,-1,2408,-1,measured_pair_differs_from_primary,0.44,1018,1794,1018,5703
A_only,NEMA,0,30093151,16,2298492,2710,-1,2710,-1,first_not_crystal_compton,0.44,719,0,719,1618
A_only,NEMA,0,30093151,16,2366520,2774,-1,2774,-1,first_energy_not_closed,0.44,7264,1964,7264,1964
A_only,NEMA,0,30093151,16,2708286,3207,-1,3207,-1,measured_pair_differs_from_primary,0.44,7779,7843,7779,417
A_only,NEMA,0,30093151,16,2800315,3308,-1,3308,-1,intermediate_or_same_crystal_interaction,0.44,1752,1752,1752,7941
A_only,NEMA,0,30093151,16,3053089,3585,-1,3585,-1,intermediate_or_same_crystal_interaction,0.44,438,0,438,5022
A_only,NEMA,0,30093151,16,3119463,3654,-1,3654,-1,first_not_crystal_compton,0.44,5784,0,5784,1797
B_only,NEMA,0,30093151,16,3248034,-1,2440,-1,2440,accepted,0.44,8395,1925,0,0
A_only,NEMA,0,30093151,16,3666254,4265,-1,4265,-1,intermediate_or_same_crystal_interaction,0.44,415,415,415,8704
B_only,NEMA,0,30093151,16,3800991,-1,2823,-1,2823,accepted,0.44,1024,6367,0,0
A_only,NEMA,0,30093151,16,3961353,4573,-1,4573,-1,measured_pair_differs_from_primary,0.44,9276,9212,9276,1982
A_only,NEMA,0,30093151,16,4036108,4656,-1,4656,-1,first_not_crystal_compton,0.44,1141,0,9254,2155
A_only,NEMA,0,30093151,16,4343786,5039,-1,5039,-1,intermediate_or_same_crystal_interaction,0.44,1608,0,1608,700
A_only,NEMA,0,30093151,16,4384085,5090,-1,5090,-1,measured_pair_differs_from_primary,0.44,5775,5777,5775,1642
A_only,NEMA,1,30093152,16,200322,235,-1,6034,-1,intermediate_or_same_crystal_interaction,0.44,952,952,952,9055
B_only,NEMA,1,30093152,16,260013,-1,196,-1,3888,accepted,0.44,853,5268,0,0
A_only,NEMA,1,30093152,16,663064,752,-1,6551,-1,intermediate_or_same_crystal_interaction,0.44,2475,2475,2475,1394
A_only,NEMA,1,30093152,16,1007530,1125,-1,6924,-1,measured_pair_differs_from_primary,0.44,3721,3785,3721,1606
A_only,NEMA,1,30093152,16,1279795,1424,-1,7223,-1,measured_pair_differs_from_primary,0.44,996,1822,996,6054
A_only,NEMA,1,30093152,16,1298932,1450,-1,7249,-1,measured_pair_differs_from_primary,0.44,1794,6951,1794,6952
A_only,NEMA,1,30093152,16,1945935,2176,-1,7975,-1,intermediate_or_same_crystal_interaction,0.44,1909,1909,1909,9105
A_only,NEMA,1,30093152,16,2010245,2259,-1,8058,-1,intermediate_or_same_crystal_interaction,0.44,2764,2764,2764,526
A_only,NEMA,1,30093152,16,2153746,2399,-1,8198,-1,intermediate_or_same_crystal_interaction,0.44,194,0,194,10218
A_only,NEMA,1,30093152,16,2336575,2591,-1,8390,-1,first_not_crystal_compton,0.44,663,0,1417,3545
A_only,NEMA,1,30093152,16,2337007,2592,-1,8391,-1,intermediate_or_same_crystal_interaction,0.44,1739,1739,1739,8569
A_only,NEMA,1,30093152,16,2487700,2747,-1,8546,-1,intermediate_or_same_crystal_interaction,0.44,2012,0,2012,437
A_only,NEMA,1,30093152,16,2560247,2829,-1,8628,-1,intermediate_or_same_crystal_interaction,0.44,1053,0,1053,8540
A_only,NEMA,1,30093152,16,2584095,2854,-1,8653,-1,intermediate_or_same_crystal_interaction,0.44,5267,0,5267,1337
A_only,NEMA,1,30093152,16,2680319,2962,-1,8761,-1,intermediate_or_same_crystal_interaction,0.44,7217,7217,7217,1057
A_only,NEMA,1,30093152,16,2967146,3269,-1,9068,-1,measured_pair_differs_from_primary,0.44,1116,9382,1116,9447
A_only,NEMA,1,30093152,16,3174944,3521,-1,9320,-1,measured_pair_differs_from_primary,0.44,8153,8154,8153,1943
A_only,NEMA,1,30093152,16,3620832,4037,-1,9836,-1,first_energy_not_closed,0.44,1920,6572,1920,6572
A_only,NEMA,1,30093152,16,3702868,4116,-1,9915,-1,intermediate_or_same_crystal_interaction,0.44,1160,1160,1160,2103
A_only,NEMA,1,30093152,16,3969562,4425,-1,10224,-1,measured_pair_differs_from_primary,0.44,7043,7109,7043,2073
A_only,NEMA,1,30093152,16,4173298,4653,-1,10452,-1,first_not_crystal_compton,0.44,0,0,1027,311
A_only,NEMA,1,30093152,16,4264187,4750,-1,10549,-1,measured_pair_differs_from_primary,0.44,1948,4625,1948,4496
A_only,NEMA,1,30093152,16,4306424,4791,-1,10590,-1,intermediate_or_same_crystal_interaction,0.44,2615,2615,2615,1315
A_only,NEMA,1,30093152,16,4320057,4805,-1,10604,-1,measured_pair_differs_from_primary,0.44,5259,5260,5259,802
A_only,NEMA,1,30093152,16,4380087,4865,-1,10664,-1,intermediate_or_same_crystal_interaction,0.44,1824,1824,1824,4841
A_only,NEMA,1,30093152,16,4624765,5147,-1,10946,-1,measured_pair_differs_from_primary,0.44,6698,6571,6698,1631
B_only,NEMA,1,30093152,16,4738458,-1,3314,-1,7006,accepted,0.44,1759,4977,0,0
B_only,NEMA,2,30093153,16,215801,-1,146,-1,7327,accepted,0.44,1803,6335,0,0
B_only,NEMA,2,30093153,16,678585,-1,486,-1,7667,accepted,0.44,1385,4510,0,0
A_only,NEMA,2,30093153,16,882627,1011,-1,12381,-1,measured_pair_differs_from_primary,0.44,9098,1801,9098,702
A_only,NEMA,2,30093153,16,964938,1097,-1,12467,-1,first_not_crystal_compton,0.44,0,0,2104,1160
A_only,NEMA,2,30093153,16,1100451,1273,-1,12643,-1,measured_pair_differs_from_primary,0.44,3312,3375,3312,1658
A_only,NEMA,2,30093153,16,1171682,1354,-1,12724,-1,measured_pair_differs_from_primary,0.44,4274,4399,4274,920
A_only,NEMA,2,30093153,16,1291987,1497,-1,12867,-1,intermediate_or_same_crystal_interaction,0.44,1245,0,1245,9379
B_only,NEMA,2,30093153,16,1367143,-1,990,-1,8171,accepted,0.44,1811,5635,0,0
A_only,NEMA,2,30093153,16,1528527,1745,-1,13115,-1,intermediate_or_same_crystal_interaction,0.44,9001,9001,9001,1963
A_only,NEMA,2,30093153,16,1607508,1829,-1,13199,-1,measured_pair_differs_from_primary,0.44,8854,8790,8854,218
A_only,NEMA,2,30093153,16,1809449,2048,-1,13418,-1,first_not_crystal_compton,0.44,0,0,5694,1014
A_only,NEMA,2,30093153,16,1888316,2128,-1,13498,-1,intermediate_or_same_crystal_interaction,0.44,1102,1102,1102,323
A_only,NEMA,2,30093153,16,2063480,2337,-1,13707,-1,measured_pair_differs_from_primary,0.44,8735,8863,8735,2301
A_only,NEMA,2,30093153,16,2277350,2576,-1,13946,-1,first_not_crystal_compton,0.44,1420,0,3507,284
A_only,NEMA,2,30093153,16,2387422,2690,-1,14060,-1,measured_pair_differs_from_primary,0.44,689,6373,689,6565
A_only,NEMA,2,30093153,16,2732254,3052,-1,14422,-1,first_not_crystal_compton,0.44,1673,0,1673,4857
A_only,NEMA,2,30093153,16,2969948,3326,-1,14696,-1,measured_pair_differs_from_primary,0.44,8238,8303,8238,2173
A_only,NEMA,2,30093153,16,3151696,3538,-1,14908,-1,intermediate_or_same_crystal_interaction,0.44,8032,8032,8032,2025
A_only,NEMA,2,30093153,16,3233078,3610,-1,14980,-1,intermediate_or_same_crystal_interaction,0.44,1102,0,1102,7627
A_only,NEMA,2,30093153,16,3274847,3660,-1,15030,-1,measured_pair_differs_from_primary,0.44,735,2970,735,2905
A_only,NEMA,2,30093153,16,3299610,3685,-1,15055,-1,first_not_crystal_compton,0.44,593,0,593,3074
A_only,NEMA,2,30093153,16,3451955,3855,-1,15225,-1,measured_pair_differs_from_primary,0.44,257,9236,257,9300
A_only,NEMA,2,30093153,16,3747670,4196,-1,15566,-1,measured_pair_differs_from_primary,0.44,762,6130,762,6196
A_only,NEMA,2,30093153,16,3755821,4208,-1,15578,-1,measured_pair_differs_from_primary,0.44,1528,6296,1528,6360
A_only,NEMA,2,30093153,16,3955513,4430,-1,15800,-1,first_not_crystal_compton,0.44,1944,0,1944,6419
A_only,NEMA,2,30093153,16,4011742,4484,-1,15854,-1,intermediate_or_same_crystal_interaction,0.44,648,648,648,3044
A_only,NEMA,2,30093153,16,4179376,4689,-1,16059,-1,intermediate_or_same_crystal_interaction,0.44,754,0,754,6548
A_only,NEMA,2,30093153,16,4220719,4744,-1,16114,-1,intermediate_or_same_crystal_interaction,0.44,9612,0,9612,1973
A_only,NEMA,2,30093153,16,4246380,4778,-1,16148,-1,first_not_crystal_compton,0.44,0,0,10358,2240
A_only,NEMA,2,30093153,16,4282991,4819,-1,16189,-1,first_not_crystal_compton,0.44,2102,0,8696,2304
A_only,NEMA,2,30093153,16,4439433,4973,-1,16343,-1,measured_pair_differs_from_primary,0.44,1602,4183,1602,4121
B_only,NEMA,2,30093153,16,4599480,-1,3233,-1,10414,accepted,0.44,1554,702,0,0
A_only,NEMA,2,30093153,16,4671000,5236,-1,16606,-1,first_not_crystal_compton,0.44,0,0,1753,5169
A_only,NEMA,2,30093153,16,4678333,5245,-1,16615,-1,measured_pair_differs_from_primary,0.44,1024,6980,1024,6913
A_only,NEMA,2,30093153,16,4693914,5266,-1,16636,-1,first_not_crystal_compton,0.44,1240,0,1240,5975
A_only,NEMA,2,30093153,16,4697141,5272,-1,16642,-1,measured_pair_differs_from_primary,0.44,3410,3602,3410,2178
A_only,NEMA,2,30093153,16,4759687,5337,-1,16707,-1,intermediate_or_same_crystal_interaction,0.44,2921,2921,2921,1315
B_only,NEMA,2,30093153,16,4958765,-1,3481,-1,10662,accepted,0.44,8509,940,0,0
A_only,NEMA,3,30093154,16,315918,369,-1,17334,-1,first_not_crystal_compton,0.44,0,0,7726,1912
A_only,NEMA,3,30093154,16,378773,437,-1,17402,-1,measured_pair_differs_from_primary,0.44,8909,8911,8909,1978
A_only,NEMA,3,30093154,16,553752,634,-1,17599,-1,measured_pair_differs_from_primary,0.44,9058,9057,9058,2118
A_only,NEMA,3,30093154,16,737835,850,-1,17815,-1,measured_pair_differs_from_primary,0.44,1448,863,1448,883
A_only,NEMA,3,30093154,16,754138,873,-1,17838,-1,intermediate_or_same_crystal_interaction,0.44,811,0,811,4228
A_only,NEMA,3,30093154,16,870177,996,-1,17961,-1,measured_pair_differs_from_primary,0.44,8632,8566,8632,848
A_only,NEMA,3,30093154,16,896495,1027,-1,17992,-1,first_energy_not_closed,0.44,2596,549,2596,549
A_only,NEMA,3,30093154,16,902329,1032,-1,17997,-1,first_not_crystal_compton,0.44,0,0,8024,1929
A_only,NEMA,3,30093154,16,1004045,1143,-1,18108,-1,measured_pair_differs_from_primary,0.44,5270,5143,5270,9
A_only,NEMA,3,30093154,16,1081966,1228,-1,18193,-1,measured_pair_differs_from_primary,0.44,6788,6852,6788,1954
A_only,NEMA,3,30093154,16,1118198,1272,-1,18237,-1,measured_pair_differs_from_primary,0.44,98,4812,98,4876
A_only,NEMA,3,30093154,16,1294957,1487,-1,18452,-1,measured_pair_differs_from_primary,0.44,542,5348,542,5412
A_only,NEMA,3,30093154,16,1470009,1695,-1,18660,-1,first_not_crystal_compton,0.44,0,0,7363,1921
A_only,NEMA,3,30093154,16,1485942,1716,-1,18681,-1,measured_pair_differs_from_primary,0.44,9452,9451,9452,2182
A_only,NEMA,3,30093154,16,1769002,2042,-1,19007,-1,first_not_crystal_compton,0.44,862,0,5148,1727
A_only,NEMA,3,30093154,16,1975057,2259,-1,19224,-1,measured_pair_differs_from_primary,0.44,1857,8494,1857,8622
A_only,NEMA,3,30093154,16,2085502,2407,-1,19372,-1,measured_pair_differs_from_primary,0.44,1994,2847,1994,2593
B_only,NEMA,3,30093154,16,2100610,-1,1511,-1,12208,accepted,0.44,5730,1680,0,0
A_only,NEMA,3,30093154,16,2196036,2530,-1,19495,-1,first_not_crystal_compton,0.44,0,0,1792,5237
A_only,NEMA,3,30093154,16,2207566,2545,-1,19510,-1,intermediate_or_same_crystal_interaction,0.44,2006,0,2006,9261
A_only,NEMA,3,30093154,16,2226562,2568,-1,19533,-1,intermediate_or_same_crystal_interaction,0.44,733,733,733,1783
A_only,NEMA,3,30093154,16,2283768,2621,-1,19586,-1,measured_pair_differs_from_primary,0.44,6580,6515,6580,1537
A_only,NEMA,3,30093154,16,2464706,2839,-1,19804,-1,measured_pair_differs_from_primary,0.44,5155,5220,5155,1662
B_only,NEMA,3,30093154,16,2550018,-1,1846,-1,12543,accepted,0.44,7676,2015,0,0
A_only,NEMA,3,30093154,16,2864709,3285,-1,20250,-1,intermediate_or_same_crystal_interaction,0.44,9294,9294,9294,2131
A_only,NEMA,3,30093154,16,2868077,3292,-1,20257,-1,intermediate_or_same_crystal_interaction,0.44,4146,4146,4146,27
A_only,NEMA,3,30093154,16,2901541,3332,-1,20297,-1,intermediate_or_same_crystal_interaction,0.44,375,0,375,10416
A_only,NEMA,3,30093154,16,2919321,3355,-1,20320,-1,intermediate_or_same_crystal_interaction,0.44,7708,7708,7708,1181
A_only,NEMA,3,30093154,16,3003653,3443,-1,20408,-1,intermediate_or_same_crystal_interaction,0.44,1103,1103,1103,1757
A_only,NEMA,3,30093154,16,3087751,3544,-1,20509,-1,measured_pair_differs_from_primary,0.44,5528,5464,5528,1403
A_only,NEMA,3,30093154,16,3099317,3561,-1,20526,-1,measured_pair_differs_from_primary,0.44,1034,7160,1034,7097
A_only,NEMA,3,30093154,16,3115633,3581,-1,20546,-1,measured_pair_differs_from_primary,0.44,1937,6994,1937,6867
A_only,NEMA,3,30093154,16,3219465,3709,-1,20674,-1,measured_pair_differs_from_primary,0.44,1245,1234,1245,1739
A_only,NEMA,3,30093154,16,3219695,3710,-1,20675,-1,first_not_crystal_compton,0.44,0,0,729,2842
A_only,NEMA,3,30093154,16,3256059,3747,-1,20712,-1,first_not_crystal_compton,0.44,0,0,9365,2135
A_only,NEMA,3,30093154,16,3412583,3925,-1,20890,-1,intermediate_or_same_crystal_interaction,0.44,9001,9001,9001,423
A_only,NEMA,3,30093154,16,3683445,4226,-1,21191,-1,measured_pair_differs_from_primary,0.44,604,5629,604,5694
A_only,NEMA,3,30093154,16,3688341,4235,-1,21200,-1,intermediate_or_same_crystal_interaction,0.44,579,0,579,5120
A_only,NEMA,3,30093154,16,3715438,4267,-1,21232,-1,measured_pair_differs_from_primary,0.44,4098,4100,4098,1450
A_only,NEMA,3,30093154,16,3754352,4306,-1,21271,-1,intermediate_or_same_crystal_interaction,0.44,5969,5969,5969,1908
A_only,NEMA,3,30093154,16,3810776,4378,-1,21343,-1,measured_pair_differs_from_primary,0.44,1206,1191,1206,395
A_only,NEMA,3,30093154,16,3892057,4462,-1,21427,-1,intermediate_or_same_crystal_interaction,0.44,4562,0,4562,292
A_only,NEMA,3,30093154,16,3994576,4582,-1,21547,-1,first_not_crystal_compton,0.44,247,0,247,2335
A_only,NEMA,3,30093154,16,4066211,4653,-1,21618,-1,intermediate_or_same_crystal_interaction,0.44,1825,1825,1825,4882
A_only,NEMA,3,30093154,16,4210461,4840,-1,21805,-1,first_not_crystal_compton,0.44,0,0,5608,1814
A_only,NEMA,3,30093154,16,4254902,4893,-1,21858,-1,measured_pair_differs_from_primary,0.44,358,6097,358,6033
B_only,NEMA,3,30093154,16,4355050,-1,3136,-1,13833,accepted,0.44,676,187,0,0
A_only,NEMA,3,30093154,16,4432886,5092,-1,22057,-1,measured_pair_differs_from_primary,0.44,6876,2186,6876,2205
A_only,NEMA,3,30093154,16,4580710,5260,-1,22225,-1,measured_pair_differs_from_primary,0.44,7975,8041,7975,2066
A_only,NEMA,3,30093154,16,4662589,5341,-1,22306,-1,first_not_crystal_compton,0.44,0,0,8292,2025
A_only,NEMA,4,30093155,16,15422,14,-1,22691,-1,intermediate_or_same_crystal_interaction,0.44,9339,0,9339,2232
B_only,NEMA,4,30093155,16,58246,-1,39,-1,14302,accepted,0.44,222,6659,0,0
A_only,NEMA,4,30093155,16,592678,616,-1,23293,-1,intermediate_or_same_crystal_interaction,0.44,637,637,637,1895
A_only,NEMA,4,30093155,16,610686,641,-1,23318,-1,intermediate_or_same_crystal_interaction,0.44,9224,9224,9224,2189
A_only,NEMA,4,30093155,16,871932,939,-1,23616,-1,intermediate_or_same_crystal_interaction,0.44,6061,6061,6061,1715
A_only,NEMA,4,30093155,16,896376,971,-1,23648,-1,intermediate_or_same_crystal_interaction,0.44,6381,6381,6381,1885
B_only,NEMA,4,30093155,16,921123,-1,612,-1,14875,accepted,0.44,7026,1698,0,0
A_only,NEMA,4,30093155,16,930125,1012,-1,23689,-1,first_not_crystal_compton,0.44,0,0,1609,5901
A_only,NEMA,4,30093155,16,996723,1088,-1,23765,-1,intermediate_or_same_crystal_interaction,0.44,1061,0,1061,6054
A_only,NEMA,4,30093155,16,1000022,1093,-1,23770,-1,intermediate_or_same_crystal_interaction,0.44,1124,1124,1124,10
A_only,NEMA,4,30093155,16,1278524,1418,-1,24095,-1,intermediate_or_same_crystal_interaction,0.44,2728,2728,2728,1517
A_only,NEMA,4,30093155,16,1602438,1805,-1,24482,-1,first_not_crystal_compton,0.44,0,0,6572,1881
A_only,NEMA,4,30093155,16,2064961,2322,-1,24999,-1,measured_pair_differs_from_primary,0.44,8463,8398,8463,277
A_only,NEMA,4,30093155,16,2331978,2574,-1,25251,-1,measured_pair_differs_from_primary,0.44,5339,5276,5339,47
A_only,NEMA,4,30093155,16,2332863,2577,-1,25254,-1,first_not_crystal_compton,0.44,0,0,4127,855
A_only,NEMA,4,30093155,16,2387208,2638,-1,25315,-1,first_not_crystal_compton,0.44,310,0,1868,8239
A_only,NEMA,4,30093155,16,2658268,2935,-1,25612,-1,intermediate_or_same_crystal_interaction,0.44,1384,1384,1384,6185
A_only,NEMA,4,30093155,16,2803953,3105,-1,25782,-1,measured_pair_differs_from_primary,0.44,893,2605,893,2479
A_only,NEMA,4,30093155,16,2841628,3144,-1,25821,-1,measured_pair_differs_from_primary,0.44,1455,3496,1455,3495
A_only,NEMA,4,30093155,16,3018092,3329,-1,26006,-1,intermediate_or_same_crystal_interaction,0.44,503,0,503,894
A_only,NEMA,4,30093155,16,3223497,3551,-1,26228,-1,intermediate_or_same_crystal_interaction,0.44,1218,1218,1218,1869
A_only,NEMA,4,30093155,16,3281120,3617,-1,26294,-1,intermediate_or_same_crystal_interaction,0.44,118,0,118,7931
A_only,NEMA,4,30093155,16,3317946,3664,-1,26341,-1,measured_pair_differs_from_primary,0.44,1682,1681,1682,5739
A_only,NEMA,4,30093155,16,3320399,3669,-1,26346,-1,measured_pair_differs_from_primary,0.44,7782,7655,7782,1469
A_only,NEMA,4,30093155,16,3625074,4028,-1,26705,-1,first_not_crystal_compton,0.44,663,0,1464,4960
A_only,NEMA,4,30093155,16,3744239,4163,-1,26840,-1,intermediate_or_same_crystal_interaction,0.44,1906,1906,1906,10401
A_only,NEMA,4,30093155,16,3747424,4167,-1,26844,-1,intermediate_or_same_crystal_interaction,0.44,7625,7625,7625,2022
A_only,NEMA,4,30093155,16,4443056,4916,-1,27593,-1,first_not_crystal_compton,0.44,0,0,1099,9290
A_only,NEMA,4,30093155,16,4450808,4923,-1,27600,-1,intermediate_or_same_crystal_interaction,0.44,299,299,299,5552
A_only,NEMA,4,30093155,16,4689636,5194,-1,27871,-1,measured_pair_differs_from_primary,0.44,757,770,757,9500
A_only,NEMA,4,30093155,16,4758039,5288,-1,27965,-1,measured_pair_differs_from_primary,0.44,6725,6726,6725,1877
A_only,NEMA,4,30093155,16,4854716,5400,-1,28077,-1,intermediate_or_same_crystal_interaction,0.44,445,0,445,2257
A_only,NEMA,5,30093156,16,242393,267,-1,28517,-1,measured_pair_differs_from_primary,0.44,7413,7349,7413,1841
A_only,NEMA,5,30093156,16,416291,468,-1,28718,-1,measured_pair_differs_from_primary,0.44,3310,3309,3310,1307
A_only,NEMA,5,30093156,16,610816,685,-1,28935,-1,measured_pair_differs_from_primary,0.44,1709,4471,1709,4407
A_only,NEMA,5,30093156,16,699983,798,-1,29048,-1,intermediate_or_same_crystal_interaction,0.44,663,663,663,215
A_only,NEMA,5,30093156,16,798383,920,-1,29170,-1,measured_pair_differs_from_primary,0.44,1088,8367,1088,8430
A_only,NEMA,5,30093156,16,1001862,1131,-1,29381,-1,measured_pair_differs_from_primary,0.44,1962,8798,1962,8862
A_only,NEMA,5,30093156,16,1146089,1283,-1,29533,-1,measured_pair_differs_from_primary,0.44,1603,8015,1603,8144
A_only,NEMA,5,30093156,16,1164737,1308,-1,29558,-1,intermediate_or_same_crystal_interaction,0.44,10475,10475,10475,2297
A_only,NEMA,5,30093156,16,1433430,1576,-1,29826,-1,first_not_crystal_compton,0.44,733,0,733,5263
A_only,NEMA,5,30093156,16,1684601,1847,-1,30097,-1,first_not_crystal_compton,0.44,319,0,1013,2056
A_only,NEMA,5,30093156,16,1718124,1885,-1,30135,-1,first_not_crystal_compton,0.44,1517,0,4085,1631
A_only,NEMA,5,30093156,16,1721811,1889,-1,30139,-1,measured_pair_differs_from_primary,0.44,4895,4832,4895,1467
A_only,NEMA,5,30093156,16,2028091,2235,-1,30485,-1,intermediate_or_same_crystal_interaction,0.44,8363,8363,8363,1988
A_only,NEMA,5,30093156,16,2284032,2536,-1,30786,-1,intermediate_or_same_crystal_interaction,0.44,7,7,7,522
A_only,NEMA,5,30093156,16,2308638,2558,-1,30808,-1,first_not_crystal_compton,0.44,0,0,1232,9739
A_only,NEMA,5,30093156,16,2492488,2779,-1,31029,-1,measured_pair_differs_from_primary,0.44,10077,10014,10077,2155
A_only,NEMA,5,30093156,16,2732604,3044,-1,31294,-1,measured_pair_differs_from_primary,0.44,1722,7493,1722,8460
A_only,NEMA,5,30093156,16,3013772,3369,-1,31619,-1,measured_pair_differs_from_primary,0.44,1049,7624,1049,7622
A_only,NEMA,5,30093156,16,3112414,3491,-1,31741,-1,first_not_crystal_compton,0.44,274,0,988,6949
A_only,NEMA,5,30093156,16,3132632,3510,-1,31760,-1,intermediate_or_same_crystal_interaction,0.44,983,0,983,8294
A_only,NEMA,5,30093156,16,3169208,3551,-1,31801,-1,measured_pair_differs_from_primary,0.44,6865,112,6865,113
A_only,NEMA,5,30093156,16,3301818,3693,-1,31943,-1,measured_pair_differs_from_primary,0.44,1119,6473,1119,6407
A_only,NEMA,5,30093156,16,3342709,3741,-1,31991,-1,measured_pair_differs_from_primary,0.44,4076,4075,4076,1479
A_only,NEMA,5,30093156,16,3432730,3840,-1,32090,-1,measured_pair_differs_from_primary,0.44,8120,8055,8120,1879
A_only,NEMA,5,30093156,16,3687585,4123,-1,32373,-1,intermediate_or_same_crystal_interaction,0.44,538,538,538,3172
A_only,NEMA,5,30093156,16,3703810,4141,-1,32391,-1,measured_pair_differs_from_primary,0.44,756,1596,756,4623
A_only,NEMA,5,30093156,16,3792123,4242,-1,32492,-1,measured_pair_differs_from_primary,0.44,188,2683,188,2619
B_only,NEMA,5,30093156,16,3987296,-1,2817,-1,20583,accepted,0.44,1481,3764,0,0
A_only,NEMA,5,30093156,16,4013299,4504,-1,32754,-1,measured_pair_differs_from_primary,0.44,104,1460,104,3653
A_only,NEMA,5,30093156,16,4194054,4694,-1,32944,-1,first_not_crystal_compton,0.44,394,0,9224,1185
A_only,NEMA,5,30093156,16,4478269,4999,-1,33249,-1,intermediate_or_same_crystal_interaction,0.44,4782,4782,4782,1502
A_only,NEMA,5,30093156,16,4493908,5022,-1,33272,-1,first_not_crystal_compton,0.44,400,0,2159,1123
B_only,NEMA,5,30093156,16,4498411,-1,3170,-1,20936,accepted,0.44,860,9601,0,0
A_only,NEMA,5,30093156,16,4817922,5400,-1,33650,-1,measured_pair_differs_from_primary,0.44,4635,4508,4635,1399
A_only,NEMA,5,30093156,16,4854215,5441,-1,33691,-1,measured_pair_differs_from_primary,0.44,8958,8957,8958,2113
B_only,NEMA,5,30093156,16,4946605,-1,3504,-1,21270,accepted,0.44,677,1450,0,0
A_only,NEMA,6,30093157,16,213612,233,-1,34080,-1,measured_pair_differs_from_primary,0.44,8334,2116,8334,2132
A_only,NEMA,6,30093157,16,232766,263,-1,34110,-1,intermediate_or_same_crystal_interaction,0.44,1468,1468,1468,1172
A_only,NEMA,6,30093157,16,656084,766,-1,34613,-1,measured_pair_differs_from_primary,0.44,2119,7007,2119,6879
B_only,NEMA,6,30093157,16,825303,-1,560,-1,21866,accepted,0.44,1060,6583,0,0
A_only,NEMA,6,30093157,16,1276638,1480,-1,35327,-1,intermediate_or_same_crystal_interaction,0.44,4306,4306,4306,983
A_only,NEMA,6,30093157,16,1331228,1546,-1,35393,-1,intermediate_or_same_crystal_interaction,0.44,5287,5287,5287,254
A_only,NEMA,6,30093157,16,1428361,1670,-1,35517,-1,first_not_crystal_compton,0.44,5914,0,5914,1896
A_only,NEMA,6,30093157,16,1811128,2116,-1,35963,-1,measured_pair_differs_from_primary,0.44,6409,2037,6409,1174
A_only,NEMA,6,30093157,16,1862100,2175,-1,36022,-1,first_not_crystal_compton,0.44,0,0,2145,10198
A_only,NEMA,6,30093157,16,1869408,2183,-1,36030,-1,measured_pair_differs_from_primary,0.44,919,6728,919,6726
A_only,NEMA,6,30093157,16,1874409,2186,-1,36033,-1,measured_pair_differs_from_primary,0.44,3805,3868,3805,1491
A_only,NEMA,6,30093157,16,1918446,2238,-1,36085,-1,first_energy_not_closed,0.44,9438,616,9438,616
A_only,NEMA,6,30093157,16,2013024,2339,-1,36186,-1,first_energy_not_closed,0.44,7322,1010,7322,1010
A_only,NEMA,6,30093157,16,2028892,2361,-1,36208,-1,intermediate_or_same_crystal_interaction,0.44,269,269,269,9305
A_only,NEMA,6,30093157,16,2082639,2425,-1,36272,-1,measured_pair_differs_from_primary,0.44,3623,3687,3623,1450
A_only,NEMA,6,30093157,16,2176681,2542,-1,36389,-1,first_energy_not_closed,0.44,2159,8806,2159,8806
A_only,NEMA,6,30093157,16,2332751,2721,-1,36568,-1,first_not_crystal_compton,0.44,0,0,2179,9218
A_only,NEMA,6,30093157,16,2409831,2808,-1,36655,-1,measured_pair_differs_from_primary,0.44,1052,1957,1052,7260
A_only,NEMA,6,30093157,16,2747433,3171,-1,37018,-1,measured_pair_differs_from_primary,0.44,2104,2068,2104,3419
A_only,NEMA,6,30093157,16,2824003,3253,-1,37100,-1,measured_pair_differs_from_primary,0.44,3446,3761,3446,1640
A_only,NEMA,6,30093157,16,2829831,3263,-1,37110,-1,measured_pair_differs_from_primary,0.44,2382,2446,2382,65
A_only,NEMA,6,30093157,16,2897558,3341,-1,37188,-1,measured_pair_differs_from_primary,0.44,7641,2167,7641,1278
A_only,NEMA,6,30093157,16,2904914,3350,-1,37197,-1,measured_pair_differs_from_primary,0.44,284,1818,284,6347
A_only,NEMA,6,30093157,16,3019615,3490,-1,37337,-1,intermediate_or_same_crystal_interaction,0.44,1600,0,1600,5687
A_only,NEMA,6,30093157,16,3081036,3573,-1,37420,-1,first_not_crystal_compton,0.44,1975,0,8225,236
A_only,NEMA,6,30093157,16,3109420,3603,-1,37450,-1,intermediate_or_same_crystal_interaction,0.44,2006,2006,2006,1145
A_only,NEMA,6,30093157,16,3144991,3650,-1,37497,-1,measured_pair_differs_from_primary,0.44,1150,1164,1150,10341
A_only,NEMA,6,30093157,16,3232959,3763,-1,37610,-1,intermediate_or_same_crystal_interaction,0.44,323,0,323,827
A_only,NEMA,6,30093157,16,3363571,3906,-1,37753,-1,first_not_crystal_compton,0.44,7489,0,7489,1894
A_only,NEMA,6,30093157,16,3408633,3950,-1,37797,-1,measured_pair_differs_from_primary,0.44,2264,10090,2264,10092
A_only,NEMA,6,30093157,16,3427035,3977,-1,37824,-1,first_not_crystal_compton,0.44,6083,0,6083,1834
A_only,NEMA,6,30093157,16,3601992,4183,-1,38030,-1,first_energy_not_closed,0.44,1041,487,1041,487
A_only,NEMA,6,30093157,16,3948339,4584,-1,38431,-1,intermediate_or_same_crystal_interaction,0.44,2037,2037,2037,7108
A_only,NEMA,6,30093157,16,4272296,4943,-1,38790,-1,measured_pair_differs_from_primary,0.44,2249,10181,2249,10180
A_only,NEMA,6,30093157,16,4339381,5022,-1,38869,-1,intermediate_or_same_crystal_interaction,0.44,657,657,657,5184
B_only,NEMA,6,30093157,16,4509395,-1,3267,-1,24573,accepted,0.44,1341,862,0,0
A_only,NEMA,6,30093157,16,4684621,5417,-1,39264,-1,intermediate_or_same_crystal_interaction,0.44,1930,1930,1930,884
A_only,NEMA,6,30093157,16,4698070,5430,-1,39277,-1,measured_pair_differs_from_primary,0.44,4747,4684,4747,45
A_only,NEMA,6,30093157,16,4786103,5536,-1,39383,-1,first_not_crystal_compton,0.44,0,0,3792,1544
B_only,NEMA,6,30093157,16,4974378,-1,3574,-1,24880,accepted,0.44,1719,5623,0,0
A_only,NEMA,7,30093158,16,11265,14,-1,39623,-1,intermediate_or_same_crystal_interaction,0.44,876,876,876,6111
A_only,NEMA,7,30093158,16,209255,228,-1,39837,-1,measured_pair_differs_from_primary,0.44,8309,8244,8309,825
A_only,NEMA,7,30093158,16,563421,646,-1,40255,-1,intermediate_or_same_crystal_interaction,0.44,675,675,675,31
A_only,NEMA,7,30093158,16,621220,706,-1,40315,-1,intermediate_or_same_crystal_interaction,0.44,2137,2137,2137,1267
A_only,NEMA,7,30093158,16,791701,885,-1,40494,-1,measured_pair_differs_from_primary,0.44,734,7113,734,7240
A_only,NEMA,7,30093158,16,936099,1057,-1,40666,-1,first_energy_not_closed,0.44,33,665,33,665
A_only,NEMA,7,30093158,16,992699,1109,-1,40718,-1,measured_pair_differs_from_primary,0.44,1161,6605,1161,6478
A_only,NEMA,7,30093158,16,1033814,1156,-1,40765,-1,first_energy_not_closed,0.44,881,231,881,231
A_only,NEMA,7,30093158,16,1081717,1206,-1,40815,-1,first_not_crystal_compton,0.44,198,0,1643,6739
A_only,NEMA,7,30093158,16,1182626,1310,-1,40919,-1,measured_pair_differs_from_primary,0.44,1987,7451,1987,7388
A_only,NEMA,7,30093158,16,1244404,1375,-1,40984,-1,measured_pair_differs_from_primary,0.44,216,917,216,8366
A_only,NEMA,7,30093158,16,1342532,1494,-1,41103,-1,intermediate_or_same_crystal_interaction,0.44,1311,0,1311,30
A_only,NEMA,7,30093158,16,1467941,1613,-1,41222,-1,measured_pair_differs_from_primary,0.44,187,5984,187,6049
A_only,NEMA,7,30093158,16,1762331,1950,-1,41559,-1,measured_pair_differs_from_primary,0.44,6610,6546,6610,1820
A_only,NEMA,7,30093158,16,1826842,2034,-1,41643,-1,intermediate_or_same_crystal_interaction,0.44,7635,7635,7635,1971
B_only,NEMA,7,30093158,16,1835823,-1,1282,-1,26185,accepted,0.44,10103,2239,0,0
A_only,NEMA,7,30093158,16,1948132,2136,-1,41745,-1,intermediate_or_same_crystal_interaction,0.44,1220,1220,1220,7664
A_only,NEMA,7,30093158,16,2101420,2297,-1,41906,-1,intermediate_or_same_crystal_interaction,0.44,1126,1126,1126,418
A_only,NEMA,7,30093158,16,2127694,2324,-1,41933,-1,measured_pair_differs_from_primary,0.44,767,126,767,121
A_only,NEMA,7,30093158,16,2777308,3014,-1,42623,-1,measured_pair_differs_from_primary,0.44,4705,4769,4705,431
A_only,NEMA,7,30093158,16,2921023,3180,-1,42789,-1,intermediate_or_same_crystal_interaction,0.44,1868,0,1868,6361
A_only,NEMA,7,30093158,16,2988841,3238,-1,42847,-1,first_energy_not_closed,0.44,1348,3057,1348,3057
A_only,NEMA,7,30093158,16,3020625,3279,-1,42888,-1,measured_pair_differs_from_primary,0.44,7575,7446,7575,1851
A_only,NEMA,7,30093158,16,3331062,3622,-1,43231,-1,intermediate_or_same_crystal_interaction,0.44,1599,1599,1599,562
A_only,NEMA,7,30093158,16,3354845,3652,-1,43261,-1,measured_pair_differs_from_primary,0.44,8510,1808,8510,1792
A_only,NEMA,7,30093158,16,3379813,3686,-1,43295,-1,measured_pair_differs_from_primary,0.44,2186,2170,2186,7925
A_only,NEMA,7,30093158,16,3395606,3703,-1,43312,-1,measured_pair_differs_from_primary,0.44,362,4909,362,4716
A_only,NEMA,7,30093158,16,3445801,3750,-1,43359,-1,first_not_crystal_compton,0.44,38,0,38,4625
A_only,NEMA,7,30093158,16,3609313,3939,-1,43548,-1,measured_pair_differs_from_primary,0.44,5598,5794,5598,1021
A_only,NEMA,7,30093158,16,3725641,4090,-1,43699,-1,measured_pair_differs_from_primary,0.44,2136,9863,2136,9862
A_only,NEMA,7,30093158,16,3735350,4107,-1,43716,-1,intermediate_or_same_crystal_interaction,0.44,735,0,735,3759
A_only,NEMA,7,30093158,16,3768230,4149,-1,43758,-1,measured_pair_differs_from_primary,0.44,10321,2115,10321,1008
A_only,NEMA,7,30093158,16,3902271,4303,-1,43912,-1,measured_pair_differs_from_primary,0.44,8203,8204,8203,2004
A_only,NEMA,7,30093158,16,3975256,4384,-1,43993,-1,intermediate_or_same_crystal_interaction,0.44,284,0,284,1086
A_only,NEMA,7,30093158,16,3994631,4405,-1,44014,-1,measured_pair_differs_from_primary,0.44,3302,3367,3302,1003
A_only,NEMA,7,30093158,16,4043308,4447,-1,44056,-1,first_not_crystal_compton,0.44,1042,0,1042,4967
A_only,NEMA,7,30093158,16,4319063,4763,-1,44372,-1,first_not_crystal_compton,0.44,1463,0,3746,711
A_only,NEMA,7,30093158,16,4577002,5064,-1,44673,-1,first_not_crystal_compton,0.44,0,0,2663,567
A_only,NEMA,7,30093158,16,4586788,5074,-1,44683,-1,intermediate_or_same_crystal_interaction,0.44,921,0,921,6337
A_only,NEMA,7,30093158,16,4587389,5076,-1,44685,-1,measured_pair_differs_from_primary,0.44,2222,6317,2222,6189
A_only,NEMA,7,30093158,16,4628724,5126,-1,44735,-1,measured_pair_differs_from_primary,0.44,6578,6642,6578,1256
A_only,NEMA,7,30093158,16,4630945,5129,-1,44738,-1,measured_pair_differs_from_primary,0.44,2135,2150,2135,1259
A_only,NEMA,7,30093158,16,4873482,5372,-1,44981,-1,measured_pair_differs_from_primary,0.44,110,731,110,6103
A_only,NEMA,7,30093158,16,4939552,5444,-1,45053,-1,first_not_crystal_compton,0.44,0,0,10449,2246
A_only,NEMA,7,30093158,16,4958960,5465,-1,45074,-1,intermediate_or_same_crystal_interaction,0.44,3813,3813,3813,641
A_only,NEMA,8,30093159,16,34621,36,-1,45165,-1,measured_pair_differs_from_primary,0.44,9441,2169,9441,429
A_only,NEMA,8,30093159,16,55916,61,-1,45190,-1,measured_pair_differs_from_primary,0.44,2248,6625,2248,6305
A_only,NEMA,8,30093159,16,401011,438,-1,45567,-1,measured_pair_differs_from_primary,0.44,7233,7298,7233,2152
A_only,NEMA,8,30093159,16,540120,612,-1,45741,-1,intermediate_or_same_crystal_interaction,0.44,1463,0,1463,645
B_only,NEMA,8,30093159,16,644828,-1,472,-1,28883,accepted,0.44,931,1859,0,0
A_only,NEMA,8,30093159,16,744811,876,-1,46005,-1,measured_pair_differs_from_primary,0.44,5193,5132,5193,199
A_only,NEMA,8,30093159,16,949012,1097,-1,46226,-1,measured_pair_differs_from_primary,0.44,2978,3041,2978,719
A_only,NEMA,8,30093159,16,1028473,1172,-1,46301,-1,first_not_crystal_compton,0.44,0,0,1663,4401
A_only,NEMA,8,30093159,16,1130527,1268,-1,46397,-1,measured_pair_differs_from_primary,0.44,6834,6768,6834,1806
A_only,NEMA,8,30093159,16,1585068,1778,-1,46907,-1,measured_pair_differs_from_primary,0.44,2295,2280,2295,8311
A_only,NEMA,8,30093159,16,1691376,1893,-1,47022,-1,first_not_crystal_compton,0.44,0,0,1955,9720
A_only,NEMA,8,30093159,16,1885013,2109,-1,47238,-1,measured_pair_differs_from_primary,0.44,181,812,181,6009
A_only,NEMA,8,30093159,16,1950534,2177,-1,47306,-1,measured_pair_differs_from_primary,0.44,5105,4976,5105,1530
A_only,NEMA,8,30093159,16,2280552,2540,-1,47669,-1,measured_pair_differs_from_primary,0.44,6702,6639,6702,1757
A_only,NEMA,8,30093159,16,2358248,2631,-1,47760,-1,intermediate_or_same_crystal_interaction,0.44,2168,2168,2168,1171
A_only,NEMA,8,30093159,16,2453630,2744,-1,47873,-1,intermediate_or_same_crystal_interaction,0.44,164,0,164,3175
A_only,NEMA,8,30093159,16,2493828,2787,-1,47916,-1,intermediate_or_same_crystal_interaction,0.44,760,760,760,6884
B_only,NEMA,8,30093159,16,2519233,-1,1739,-1,30150,accepted,0.44,1904,990,0,0
B_only,NEMA,8,30093159,16,2594026,-1,1782,-1,30193,accepted,0.44,352,3283,0,0
A_only,NEMA,8,30093159,16,2806122,3139,-1,48268,-1,first_not_crystal_compton,0.44,807,0,5717,1595
A_only,NEMA,8,30093159,16,2940513,3279,-1,48408,-1,intermediate_or_same_crystal_interaction,0.44,767,0,767,2827
A_only,NEMA,8,30093159,16,3075917,3444,-1,48573,-1,first_not_crystal_compton,0.44,0,0,4343,1632
A_only,NEMA,8,30093159,16,3156291,3536,-1,48665,-1,measured_pair_differs_from_primary,0.44,1098,7196,1098,7131
A_only,NEMA,8,30093159,16,3419608,3821,-1,48950,-1,intermediate_or_same_crystal_interaction,0.44,223,0,223,6691
A_only,NEMA,8,30093159,16,3764227,4202,-1,49331,-1,first_energy_not_closed,0.44,2062,7640,2062,7640
B_only,NEMA,8,30093159,16,3807722,-1,2631,-1,31042,accepted,0.44,227,1682,0,0
A_only,NEMA,8,30093159,16,3863731,4300,-1,49429,-1,first_not_crystal_compton,0.44,0,0,7771,2112
A_only,NEMA,8,30093159,16,3970759,4434,-1,49563,-1,measured_pair_differs_from_primary,0.44,4946,4945,4946,1667
A_only,NEMA,8,30093159,16,4203392,4678,-1,49807,-1,measured_pair_differs_from_primary,0.44,5640,5705,5640,1750
A_only,NEMA,8,30093159,16,4397362,4906,-1,50035,-1,measured_pair_differs_from_primary,0.44,726,2508,726,2442
A_only,NEMA,8,30093159,16,4413751,4920,-1,50049,-1,first_not_crystal_compton,0.44,0,0,1118,9445
A_only,NEMA,8,30093159,16,4515495,5032,-1,50161,-1,measured_pair_differs_from_primary,0.44,8050,2107,8050,2106
A_only,NEMA,8,30093159,16,4581987,5108,-1,50237,-1,first_not_crystal_compton,0.44,4006,0,3942,1547
A_only,NEMA,8,30093159,16,4946341,5517,-1,50646,-1,measured_pair_differs_from_primary,0.44,1956,8306,1956,8438
A_only,NEMA,9,30093160,16,152006,161,-1,50867,-1,first_not_crystal_compton,0.44,1909,0,1909,7327
A_only,NEMA,9,30093160,16,236401,253,-1,50959,-1,intermediate_or_same_crystal_interaction,0.44,88,88,88,1936
A_only,NEMA,9,30093160,16,490464,519,-1,51225,-1,measured_pair_differs_from_primary,0.44,3964,3963,3964,1454
A_only,NEMA,9,30093160,16,635623,670,-1,51376,-1,intermediate_or_same_crystal_interaction,0.44,1354,1354,1354,183
B_only,NEMA,9,30093160,16,670908,-1,443,-1,32309,accepted,0.44,885,2200,0,0
A_only,NEMA,9,30093160,16,907047,990,-1,51696,-1,intermediate_or_same_crystal_interaction,0.44,1698,1698,1698,7088
A_only,NEMA,9,30093160,16,1351506,1510,-1,52216,-1,first_not_crystal_compton,0.44,0,0,5911,1931
A_only,NEMA,9,30093160,16,1559241,1743,-1,52449,-1,intermediate_or_same_crystal_interaction,0.44,1477,1477,1477,3362
A_only,NEMA,9,30093160,16,1817426,2013,-1,52719,-1,intermediate_or_same_crystal_interaction,0.44,4227,4227,4227,1336
A_only,NEMA,9,30093160,16,1913012,2103,-1,52809,-1,intermediate_or_same_crystal_interaction,0.44,377,0,377,9505
A_only,NEMA,9,30093160,16,2114733,2323,-1,53029,-1,first_not_crystal_compton,0.44,1791,0,6519,1805
A_only,NEMA,9,30093160,16,2497709,2763,-1,53469,-1,intermediate_or_same_crystal_interaction,0.44,1768,0,1768,8565
A_only,NEMA,9,30093160,16,2602246,2893,-1,53599,-1,measured_pair_differs_from_primary,0.44,6093,6092,6093,1834
A_only,NEMA,9,30093160,16,2651344,2954,-1,53660,-1,measured_pair_differs_from_primary,0.44,2171,2170,2171,8467
A_only,NEMA,9,30093160,16,2938350,3299,-1,54005,-1,intermediate_or_same_crystal_interaction,0.44,7353,0,7353,62
A_only,NEMA,9,30093160,16,2998531,3363,-1,54069,-1,measured_pair_differs_from_primary,0.44,9473,9410,9473,2072
B_only,NEMA,9,30093160,16,2999157,-1,2116,-1,33982,accepted,0.44,909,6885,0,0
A_only,NEMA,9,30093160,16,3051720,3439,-1,54145,-1,first_not_crystal_compton,0.44,2217,0,2217,9879
A_only,NEMA,9,30093160,16,3067778,3462,-1,54168,-1,measured_pair_differs_from_primary,0.44,1942,8596,1942,8660
A_only,NEMA,9,30093160,16,3069193,3464,-1,54170,-1,intermediate_or_same_crystal_interaction,0.44,1313,0,1313,2899
A_only,NEMA,9,30093160,16,3297507,3719,-1,54425,-1,first_not_crystal_compton,0.44,141,0,3231,551
A_only,NEMA,9,30093160,16,3510101,3948,-1,54654,-1,measured_pair_differs_from_primary,0.44,964,1822,964,6047
A_only,NEMA,9,30093160,16,3715372,4154,-1,54860,-1,measured_pair_differs_from_primary,0.44,556,1544,556,5161
A_only,NEMA,9,30093160,16,3842034,4302,-1,55008,-1,intermediate_or_same_crystal_interaction,0.44,7684,0,7684,1685
B_only,NEMA,9,30093160,16,4007632,-1,2829,-1,34695,accepted,0.44,3062,1362,0,0
A_only,NEMA,9,30093160,16,4512481,5038,-1,55744,-1,measured_pair_differs_from_primary,0.44,598,1653,598,7343
B_only,NEMA,9,30093160,16,4635155,-1,3282,-1,35148,accepted,0.44,5536,1779,0,0
A_only,NEMA,9,30093160,16,4757427,5311,-1,56017,-1,first_not_crystal_compton,0.44,904,0,6130,1789
A_only,NEMA,0,30093161,17,306287,325,-1,325,-1,measured_pair_differs_from_primary,0.44,1904,4129,1904,4128
A_only,NEMA,0,30093161,17,372898,391,-1,391,-1,measured_pair_differs_from_primary,0.44,1453,3154,1453,3087
A_only,NEMA,0,30093161,17,429053,442,-1,442,-1,measured_pair_differs_from_primary,0.44,832,4783,832,4719
A_only,NEMA,0,30093161,17,513596,547,-1,547,-1,measured_pair_differs_from_primary,0.44,1591,6431,1591,6496
A_only,NEMA,0,30093161,17,579234,619,-1,619,-1,intermediate_or_same_crystal_interaction,0.44,283,0,283,4548
A_only,NEMA,0,30093161,17,711934,774,-1,774,-1,intermediate_or_same_crystal_interaction,0.44,1072,0,1072,10154
A_only,NEMA,0,30093161,17,764358,845,-1,845,-1,intermediate_or_same_crystal_interaction,0.44,2090,2090,2090,5318
A_only,NEMA,0,30093161,17,1159994,1296,-1,1296,-1,first_not_crystal_compton,0.44,0,0,9957,2279
A_only,NEMA,0,30093161,17,1219734,1352,-1,1352,-1,measured_pair_differs_from_primary,0.44,4347,4473,4347,824
A_only,NEMA,0,30093161,17,1357928,1507,-1,1507,-1,measured_pair_differs_from_primary,0.44,8460,8139,8460,1603
A_only,NEMA,0,30093161,17,1594989,1734,-1,1734,-1,measured_pair_differs_from_primary,0.44,1333,3014,1333,3010
A_only,NEMA,0,30093161,17,1669991,1816,-1,1816,-1,first_not_crystal_compton,0.44,5280,0,5280,787
A_only,NEMA,0,30093161,17,2423236,2591,-1,2591,-1,intermediate_or_same_crystal_interaction,0.44,644,0,644,5197
A_only,NEMA,0,30093161,17,2424716,2593,-1,2593,-1,intermediate_or_same_crystal_interaction,0.44,765,765,765,1454
A_only,NEMA,0,30093161,17,2439021,2607,-1,2607,-1,first_not_crystal_compton,0.44,0,0,2947,1588
A_only,NEMA,0,30093161,17,2686889,2861,-1,2861,-1,measured_pair_differs_from_primary,0.44,1695,4319,1695,4255
A_only,NEMA,0,30093161,17,3154383,3340,-1,3340,-1,measured_pair_differs_from_primary,0.44,1793,1794,1793,7019
A_only,NEMA,0,30093161,17,3156871,3345,-1,3345,-1,measured_pair_differs_from_primary,0.44,3374,3502,3374,1626
A_only,NEMA,0,30093161,17,3362734,3543,-1,3543,-1,intermediate_or_same_crystal_interaction,0.44,826,0,826,1736
A_only,NEMA,0,30093161,17,3399736,3586,-1,3586,-1,intermediate_or_same_crystal_interaction,0.44,1056,0,1056,35
A_only,NEMA,0,30093161,17,3488033,3682,-1,3682,-1,intermediate_or_same_crystal_interaction,0.44,539,539,539,1306
B_only,NEMA,0,30093161,17,3513618,-1,2307,-1,2307,accepted,0.44,599,3648,0,0
A_only,NEMA,0,30093161,17,3664275,3852,-1,3852,-1,intermediate_or_same_crystal_interaction,0.44,1243,1243,1243,9670
A_only,NEMA,0,30093161,17,3681679,3873,-1,3873,-1,measured_pair_differs_from_primary,0.44,4767,4831,4767,793
A_only,NEMA,0,30093161,17,3720580,3915,-1,3915,-1,intermediate_or_same_crystal_interaction,0.44,15,15,15,639
A_only,NEMA,0,30093161,17,3729070,3923,-1,3923,-1,first_not_crystal_compton,0.44,0,0,6061,1695
A_only,NEMA,0,30093161,17,3768421,3972,-1,3972,-1,measured_pair_differs_from_primary,0.44,5147,5212,5147,1769
A_only,NEMA,0,30093161,17,4020554,4255,-1,4255,-1,measured_pair_differs_from_primary,0.44,9834,9770,9834,1964
A_only,NEMA,0,30093161,17,4158599,4402,-1,4402,-1,first_not_crystal_compton,0.44,0,0,1736,2817
A_only,NEMA,0,30093161,17,4308564,4558,-1,4558,-1,measured_pair_differs_from_primary,0.44,997,4780,997,4716
A_only,NEMA,0,30093161,17,4328945,4583,-1,4583,-1,first_not_crystal_compton,0.44,6888,0,6888,1742
A_only,NEMA,0,30093161,17,4452280,4698,-1,4698,-1,first_energy_not_closed,0.44,5167,1714,5167,1714
A_only,NEMA,0,30093161,17,4551656,4805,-1,4805,-1,first_not_crystal_compton,0.44,1950,0,7921,2111
A_only,NEMA,0,30093161,17,4725925,5003,-1,5003,-1,measured_pair_differs_from_primary,0.44,6756,6821,6756,2122
A_only,NEMA,1,30093162,17,190992,230,-1,5535,-1,first_not_crystal_compton,0.44,230,0,230,877
B_only,NEMA,1,30093162,17,252933,-1,184,-1,3478,accepted,0.44,5828,778,0,0
A_only,NEMA,1,30093162,17,295072,338,-1,5643,-1,first_not_crystal_compton,0.44,0,0,9419,1206
A_only,NEMA,1,30093162,17,686596,758,-1,6063,-1,measured_pair_differs_from_primary,0.44,123,8296,123,8426
A_only,NEMA,1,30093162,17,731848,800,-1,6105,-1,measured_pair_differs_from_primary,0.44,806,1511,806,1492
A_only,NEMA,1,30093162,17,806564,879,-1,6184,-1,first_not_crystal_compton,0.44,0,0,701,3055
B_only,NEMA,1,30093162,17,853947,-1,595,-1,3889,accepted,0.44,1609,5106,0,0
A_only,NEMA,1,30093162,17,1019336,1091,-1,6396,-1,intermediate_or_same_crystal_interaction,0.44,205,205,205,6502
A_only,NEMA,1,30093162,17,1067934,1130,-1,6435,-1,measured_pair_differs_from_primary,0.44,5549,5676,5549,1839
A_only,NEMA,1,30093162,17,1705969,1838,-1,7143,-1,first_not_crystal_compton,0.44,0,0,805,6043
A_only,NEMA,1,30093162,17,1800749,1938,-1,7243,-1,first_not_crystal_compton,0.44,1097,0,8959,1040
A_only,NEMA,1,30093162,17,2202200,2390,-1,7695,-1,measured_pair_differs_from_primary,0.44,5785,5784,5785,1722
A_only,NEMA,1,30093162,17,2266769,2468,-1,7773,-1,intermediate_or_same_crystal_interaction,0.44,566,566,566,46
B_only,NEMA,1,30093162,17,2297477,-1,1607,-1,4901,accepted,0.44,720,5898,0,0
A_only,NEMA,1,30093162,17,2662732,2901,-1,8206,-1,first_not_crystal_compton,0.44,2185,0,2185,9506
A_only,NEMA,1,30093162,17,3016520,3300,-1,8605,-1,measured_pair_differs_from_primary,0.44,9241,9177,9241,2164
A_only,NEMA,1,30093162,17,3183668,3474,-1,8779,-1,intermediate_or_same_crystal_interaction,0.44,6676,6676,6676,2003
A_only,NEMA,1,30093162,17,3266459,3559,-1,8864,-1,intermediate_or_same_crystal_interaction,0.44,2231,2231,2231,9532
A_only,NEMA,1,30093162,17,3542437,3870,-1,9175,-1,intermediate_or_same_crystal_interaction,0.44,1147,0,1147,8359
A_only,NEMA,1,30093162,17,3630363,3954,-1,9259,-1,measured_pair_differs_from_primary,0.44,1244,6942,1244,6880
A_only,NEMA,1,30093162,17,4126855,4507,-1,9812,-1,first_not_crystal_compton,0.44,1621,0,1621,3964
A_only,NEMA,1,30093162,17,4602396,5074,-1,10379,-1,first_not_crystal_compton,0.44,0,0,1879,9715
A_only,NEMA,1,30093162,17,4868032,5354,-1,10659,-1,measured_pair_differs_from_primary,0.44,2050,7180,2050,7116
A_only,NEMA,1,30093162,17,4962333,5453,-1,10758,-1,measured_pair_differs_from_primary,0.44,1874,9033,1874,9220
A_only,NEMA,2,30093163,17,18577,20,-1,10831,-1,first_energy_not_closed,0.44,3370,1368,3370,1368
A_only,NEMA,2,30093163,17,174680,199,-1,11010,-1,measured_pair_differs_from_primary,0.44,4439,4438,4439,1472
A_only,NEMA,2,30093163,17,634229,690,-1,11501,-1,first_energy_not_closed,0.44,1945,7876,1945,7876
A_only,NEMA,2,30093163,17,821716,914,-1,11725,-1,measured_pair_differs_from_primary,0.44,1357,1389,1357,6143
A_only,NEMA,2,30093163,17,908413,997,-1,11808,-1,intermediate_or_same_crystal_interaction,0.44,1328,0,1328,3689
A_only,NEMA,2,30093163,17,942867,1047,-1,11858,-1,measured_pair_differs_from_primary,0.44,1430,2668,1430,2669
A_only,NEMA,2,30093163,17,1041051,1143,-1,11954,-1,intermediate_or_same_crystal_interaction,0.44,1830,1830,1830,9331
A_only,NEMA,2,30093163,17,1149456,1251,-1,12062,-1,first_not_crystal_compton,0.44,1903,0,1903,6570
A_only,NEMA,2,30093163,17,1488887,1616,-1,12427,-1,measured_pair_differs_from_primary,0.44,4232,4169,4232,547
A_only,NEMA,2,30093163,17,1565021,1713,-1,12524,-1,intermediate_or_same_crystal_interaction,0.44,5164,5164,5164,1019
A_only,NEMA,2,30093163,17,1616741,1779,-1,12590,-1,measured_pair_differs_from_primary,0.44,1460,4067,1460,4070
A_only,NEMA,2,30093163,17,1627682,1797,-1,12608,-1,first_not_crystal_compton,0.44,2016,0,2016,7879
A_only,NEMA,2,30093163,17,1836279,2024,-1,12835,-1,measured_pair_differs_from_primary,0.44,1827,1806,1827,854
B_only,NEMA,2,30093163,17,1913355,-1,1326,-1,8114,accepted,0.44,91,8920,0,0
B_only,NEMA,2,30093163,17,2120519,-1,1482,-1,8270,accepted,0.44,2110,9364,0,0
A_only,NEMA,2,30093163,17,2530493,2776,-1,13587,-1,intermediate_or_same_crystal_interaction,0.44,945,0,945,2043
A_only,NEMA,2,30093163,17,2614239,2874,-1,13685,-1,intermediate_or_same_crystal_interaction,0.44,6580,6580,6580,1872
A_only,NEMA,2,30093163,17,2789942,3069,-1,13880,-1,measured_pair_differs_from_primary,0.44,6294,6359,6294,2175
B_only,NEMA,2,30093163,17,2888960,-1,2012,-1,8800,accepted,0.44,7853,1905,0,0
A_only,NEMA,2,30093163,17,2928048,3229,-1,14040,-1,intermediate_or_same_crystal_interaction,0.44,7080,7080,7080,1057
B_only,NEMA,2,30093163,17,3237091,-1,2259,-1,9047,accepted,0.44,2215,10469,0,0
A_only,NEMA,2,30093163,17,3312725,3657,-1,14468,-1,measured_pair_differs_from_primary,0.44,982,2075,982,10149
A_only,NEMA,2,30093163,17,3358454,3694,-1,14505,-1,first_energy_not_closed,0.44,4896,65,4896,65
A_only,NEMA,2,30093163,17,3433805,3772,-1,14583,-1,measured_pair_differs_from_primary,0.44,9169,9170,9169,2030
A_only,NEMA,2,30093163,17,3645337,3969,-1,14780,-1,first_not_crystal_compton,0.44,3629,0,3629,1342
A_only,NEMA,2,30093163,17,3685992,4015,-1,14826,-1,first_not_crystal_compton,0.44,4213,0,4277,1681
A_only,NEMA,2,30093163,17,4234148,4616,-1,15427,-1,first_not_crystal_compton,0.44,0,0,646,5424
A_only,NEMA,2,30093163,17,4316852,4719,-1,15530,-1,intermediate_or_same_crystal_interaction,0.44,331,0,331,8723
A_only,NEMA,2,30093163,17,4455350,4878,-1,15689,-1,intermediate_or_same_crystal_interaction,0.44,3300,3300,3300,1319
A_only,NEMA,2,30093163,17,4612558,5036,-1,15847,-1,measured_pair_differs_from_primary,0.44,1891,6518,1891,6395
A_only,NEMA,2,30093163,17,4629275,5062,-1,15873,-1,measured_pair_differs_from_primary,0.44,1380,4950,1380,5206
A_only,NEMA,2,30093163,17,4855140,5324,-1,16135,-1,intermediate_or_same_crystal_interaction,0.44,7885,7885,7885,2018
A_only,NEMA,3,30093164,17,9796,8,-1,16327,-1,measured_pair_differs_from_primary,0.44,9388,2293,9388,2292
A_only,NEMA,3,30093164,17,120876,140,-1,16459,-1,first_not_crystal_compton,0.44,0,0,8240,1980
A_only,NEMA,3,30093164,17,183477,207,-1,16526,-1,measured_pair_differs_from_primary,0.44,3125,3188,3125,1598
A_only,NEMA,3,30093164,17,235444,267,-1,16586,-1,measured_pair_differs_from_primary,0.44,1880,5998,1880,5935
A_only,NEMA,3,30093164,17,786512,863,-1,17182,-1,intermediate_or_same_crystal_interaction,0.44,93,0,93,569
A_only,NEMA,3,30093164,17,970554,1060,-1,17379,-1,measured_pair_differs_from_primary,0.44,4379,4313,4379,1442
A_only,NEMA,3,30093164,17,1062948,1143,-1,17462,-1,first_energy_not_closed,0.44,109,1469,109,1469
A_only,NEMA,3,30093164,17,1248108,1335,-1,17654,-1,measured_pair_differs_from_primary,0.44,10099,10035,10099,2225
A_only,NEMA,3,30093164,17,1316020,1405,-1,17724,-1,measured_pair_differs_from_primary,0.44,8135,8136,8135,1966
A_only,NEMA,3,30093164,17,1357547,1448,-1,17767,-1,measured_pair_differs_from_primary,0.44,2054,10054,2054,10248
A_only,NEMA,3,30093164,17,1523941,1626,-1,17945,-1,intermediate_or_same_crystal_interaction,0.44,5569,5569,5569,8
A_only,NEMA,3,30093164,17,1542584,1648,-1,17967,-1,intermediate_or_same_crystal_interaction,0.44,678,678,678,1353
A_only,NEMA,3,30093164,17,1705638,1851,-1,18170,-1,first_energy_not_closed,0.44,506,8726,506,8726
A_only,NEMA,3,30093164,17,1763336,1908,-1,18227,-1,intermediate_or_same_crystal_interaction,0.44,1976,0,1976,8646
A_only,NEMA,3,30093164,17,1913163,2070,-1,18389,-1,measured_pair_differs_from_primary,0.44,1305,2953,1305,3014
A_only,NEMA,3,30093164,17,1926330,2079,-1,18398,-1,intermediate_or_same_crystal_interaction,0.44,1507,0,1507,4421
A_only,NEMA,3,30093164,17,2048347,2212,-1,18531,-1,intermediate_or_same_crystal_interaction,0.44,295,0,295,9256
A_only,NEMA,3,30093164,17,2107836,2297,-1,18616,-1,first_not_crystal_compton,0.44,252,0,5677,1556
A_only,NEMA,3,30093164,17,2125272,2325,-1,18644,-1,intermediate_or_same_crystal_interaction,0.44,8085,8085,8085,2040
B_only,NEMA,3,30093164,17,2218084,-1,1556,-1,11822,accepted,0.44,468,1001,0,0
A_only,NEMA,3,30093164,17,2377593,2606,-1,18925,-1,intermediate_or_same_crystal_interaction,0.44,8204,8204,8204,1220
A_only,NEMA,3,30093164,17,2412016,2645,-1,18964,-1,measured_pair_differs_from_primary,0.44,180,1656,180,5284
A_only,NEMA,3,30093164,17,2512576,2752,-1,19071,-1,intermediate_or_same_crystal_interaction,0.44,838,838,838,237
B_only,NEMA,3,30093164,17,2665579,-1,1852,-1,12118,accepted,0.44,717,4859,0,0
A_only,NEMA,3,30093164,17,2682600,2928,-1,19247,-1,first_energy_not_closed,0.44,2078,5968,2078,5968
A_only,NEMA,3,30093164,17,3012761,3314,-1,19633,-1,intermediate_or_same_crystal_interaction,0.44,10117,0,10117,398
A_only,NEMA,3,30093164,17,3038725,3346,-1,19665,-1,measured_pair_differs_from_primary,0.44,259,3381,259,3256
A_only,NEMA,3,30093164,17,3082767,3391,-1,19710,-1,intermediate_or_same_crystal_interaction,0.44,2079,2079,2079,997
A_only,NEMA,3,30093164,17,3299698,3614,-1,19933,-1,measured_pair_differs_from_primary,0.44,9013,1934,9013,1916
A_only,NEMA,3,30093164,17,3373524,3684,-1,20003,-1,first_not_crystal_compton,0.44,231,0,1658,6753
A_only,NEMA,3,30093164,17,3425190,3758,-1,20077,-1,measured_pair_differs_from_primary,0.44,123,950,123,9949
A_only,NEMA,3,30093164,17,3863015,4239,-1,20558,-1,measured_pair_differs_from_primary,0.44,1300,4299,1300,4492
A_only,NEMA,3,30093164,17,4302379,4737,-1,21056,-1,intermediate_or_same_crystal_interaction,0.44,1937,0,1937,1081
A_only,NEMA,3,30093164,17,4415998,4869,-1,21188,-1,measured_pair_differs_from_primary,0.44,1008,8956,1008,9021
A_only,NEMA,3,30093164,17,4464037,4916,-1,21235,-1,measured_pair_differs_from_primary,0.44,975,984,975,8911
A_only,NEMA,3,30093164,17,4584338,5027,-1,21346,-1,first_not_crystal_compton,0.44,6086,0,6086,1018
A_only,NEMA,3,30093164,17,4595597,5043,-1,21362,-1,measured_pair_differs_from_primary,0.44,1800,7692,1800,7756
A_only,NEMA,4,30093165,17,85,0,-1,21786,-1,measured_pair_differs_from_primary,0.44,379,1705,379,4366
A_only,NEMA,4,30093165,17,82327,102,-1,21888,-1,first_not_crystal_compton,0.44,0,0,5741,1546
A_only,NEMA,4,30093165,17,185625,232,-1,22018,-1,measured_pair_differs_from_primary,0.44,9806,9746,9806,1255
A_only,NEMA,4,30093165,17,339016,403,-1,22189,-1,intermediate_or_same_crystal_interaction,0.44,1152,0,1152,9119
A_only,NEMA,4,30093165,17,562752,654,-1,22440,-1,intermediate_or_same_crystal_interaction,0.44,8093,8093,8093,877
A_only,NEMA,4,30093165,17,635853,740,-1,22526,-1,measured_pair_differs_from_primary,0.44,6925,6989,6925,1955
A_only,NEMA,4,30093165,17,903511,1014,-1,22800,-1,first_not_crystal_compton,0.44,2125,0,7862,1983
A_only,NEMA,4,30093165,17,959108,1068,-1,22854,-1,first_not_crystal_compton,0.44,1543,0,1543,3853
A_only,NEMA,4,30093165,17,1027726,1129,-1,22915,-1,first_not_crystal_compton,0.44,8962,0,8962,2134
A_only,NEMA,4,30093165,17,1428797,1573,-1,23359,-1,first_not_crystal_compton,0.44,0,0,1924,7064
A_only,NEMA,4,30093165,17,1529796,1692,-1,23478,-1,measured_pair_differs_from_primary,0.44,61,663,61,1549
A_only,NEMA,4,30093165,17,1703837,1860,-1,23646,-1,measured_pair_differs_from_primary,0.44,1116,1102,1116,307
A_only,NEMA,4,30093165,17,1899772,2066,-1,23852,-1,intermediate_or_same_crystal_interaction,0.44,7572,0,7572,2044
A_only,NEMA,4,30093165,17,1958802,2128,-1,23914,-1,measured_pair_differs_from_primary,0.44,1541,4466,1541,4467
A_only,NEMA,4,30093165,17,2167624,2360,-1,24146,-1,measured_pair_differs_from_primary,0.44,3341,1585,3341,833
A_only,NEMA,4,30093165,17,2228727,2415,-1,24201,-1,measured_pair_differs_from_primary,0.44,414,1055,414,6254
A_only,NEMA,4,30093165,17,2246404,2433,-1,24219,-1,intermediate_or_same_crystal_interaction,0.44,1417,0,1417,315
A_only,NEMA,4,30093165,17,2344392,2554,-1,24340,-1,first_not_crystal_compton,0.44,0,0,1725,142
A_only,NEMA,4,30093165,17,2425168,2643,-1,24429,-1,measured_pair_differs_from_primary,0.44,1960,9712,1960,9906
A_only,NEMA,4,30093165,17,2798461,3026,-1,24812,-1,measured_pair_differs_from_primary,0.44,1835,9349,1835,9667
A_only,NEMA,4,30093165,17,2957298,3225,-1,25011,-1,measured_pair_differs_from_primary,0.44,1224,7881,1224,7752
A_only,NEMA,4,30093165,17,3203617,3503,-1,25289,-1,measured_pair_differs_from_primary,0.44,6945,6885,6945,1677
A_only,NEMA,4,30093165,17,3237263,3539,-1,25325,-1,first_not_crystal_compton,0.44,0,0,1649,5584
A_only,NEMA,4,30093165,17,3520745,3866,-1,25652,-1,first_not_crystal_compton,0.44,1417,0,1417,5660
A_only,NEMA,4,30093165,17,3644819,4006,-1,25792,-1,intermediate_or_same_crystal_interaction,0.44,868,0,868,3204
A_only,NEMA,4,30093165,17,3808674,4180,-1,25966,-1,intermediate_or_same_crystal_interaction,0.44,875,875,875,327
A_only,NEMA,4,30093165,17,3901198,4273,-1,26059,-1,first_not_crystal_compton,0.44,494,0,494,7560
A_only,NEMA,4,30093165,17,4079567,4478,-1,26264,-1,measured_pair_differs_from_primary,0.44,3751,3750,3751,1448
A_only,NEMA,4,30093165,17,4380117,4821,-1,26607,-1,intermediate_or_same_crystal_interaction,0.44,1428,0,1428,3911
A_only,NEMA,4,30093165,17,4827925,5317,-1,27103,-1,measured_pair_differs_from_primary,0.44,1636,1637,1636,3447
A_only,NEMA,4,30093165,17,4842473,5342,-1,27128,-1,intermediate_or_same_crystal_interaction,0.44,6305,6305,6305,818
B_only,NEMA,5,30093166,17,50531,-1,33,-1,17310,accepted,0.44,1314,3054,0,0
A_only,NEMA,5,30093166,17,284591,337,-1,27643,-1,first_not_crystal_compton,0.44,1987,0,1987,4499
A_only,NEMA,5,30093166,17,373721,420,-1,27726,-1,intermediate_or_same_crystal_interaction,0.44,131,131,131,770
A_only,NEMA,5,30093166,17,378090,427,-1,27733,-1,intermediate_or_same_crystal_interaction,0.44,371,371,371,1075
A_only,NEMA,5,30093166,17,968771,1039,-1,28345,-1,intermediate_or_same_crystal_interaction,0.44,48,48,48,1392
A_only,NEMA,5,30093166,17,1048773,1119,-1,28425,-1,intermediate_or_same_crystal_interaction,0.44,2151,2151,2151,9620
A_only,NEMA,5,30093166,17,1232185,1298,-1,28604,-1,measured_pair_differs_from_primary,0.44,1844,5746,1844,5425
A_only,NEMA,5,30093166,17,1275194,1332,-1,28638,-1,intermediate_or_same_crystal_interaction,0.44,3076,3076,3076,1335
A_only,NEMA,5,30093166,17,1540065,1618,-1,28924,-1,measured_pair_differs_from_primary,0.44,8153,8025,8153,1318
A_only,NEMA,5,30093166,17,2078510,2181,-1,29487,-1,first_not_crystal_compton,0.44,1541,0,1541,4743
A_only,NEMA,5,30093166,17,2123610,2238,-1,29544,-1,intermediate_or_same_crystal_interaction,0.44,301,301,301,5969
A_only,NEMA,5,30093166,17,2621064,2723,-1,30029,-1,measured_pair_differs_from_primary,0.44,913,1940,913,8523
A_only,NEMA,5,30093166,17,2638766,2740,-1,30046,-1,intermediate_or_same_crystal_interaction,0.44,369,0,369,3055
A_only,NEMA,5,30093166,17,2888736,3013,-1,30319,-1,intermediate_or_same_crystal_interaction,0.44,1179,1179,1179,2013
A_only,NEMA,5,30093166,17,3195469,3322,-1,30628,-1,measured_pair_differs_from_primary,0.44,2069,9306,2069,9372
A_only,NEMA,5,30093166,17,3223336,3345,-1,30651,-1,measured_pair_differs_from_primary,0.44,6152,6088,6152,609
A_only,NEMA,5,30093166,17,3397095,3526,-1,30832,-1,first_not_crystal_compton,0.44,0,0,1331,3372
A_only,NEMA,5,30093166,17,3597036,3745,-1,31051,-1,first_not_crystal_compton,0.44,0,0,1172,339
A_only,NEMA,5,30093166,17,3608703,3753,-1,31059,-1,first_not_crystal_compton,0.44,702,0,4470,953
A_only,NEMA,5,30093166,17,3684781,3825,-1,31131,-1,first_not_crystal_compton,0.44,0,0,1373,605
A_only,NEMA,5,30093166,17,3715376,3857,-1,31163,-1,measured_pair_differs_from_primary,0.44,5583,5648,5583,1780
A_only,NEMA,5,30093166,17,3752500,3897,-1,31203,-1,first_energy_not_closed,0.44,733,212,733,212
A_only,NEMA,5,30093166,17,3888304,4041,-1,31347,-1,intermediate_or_same_crystal_interaction,0.44,102,0,102,4252
A_only,NEMA,5,30093166,17,4018076,4174,-1,31480,-1,intermediate_or_same_crystal_interaction,0.44,819,0,819,4119
A_only,NEMA,5,30093166,17,4299763,4464,-1,31770,-1,first_not_crystal_compton,0.44,2040,0,2040,8049
A_only,NEMA,5,30093166,17,4385945,4556,-1,31862,-1,intermediate_or_same_crystal_interaction,0.44,1229,1229,1229,9465
A_only,NEMA,5,30093166,17,4523753,4692,-1,31998,-1,first_not_crystal_compton,0.44,8524,0,8524,2036
A_only,NEMA,5,30093166,17,4584816,4771,-1,32077,-1,first_not_crystal_compton,0.44,0,0,7962,1579
A_only,NEMA,5,30093166,17,4740161,4963,-1,32269,-1,first_not_crystal_compton,0.44,474,0,10312,2299
A_only,NEMA,6,30093167,17,139642,163,-1,32724,-1,measured_pair_differs_from_primary,0.44,7793,7728,7793,809
A_only,NEMA,6,30093167,17,213597,240,-1,32801,-1,intermediate_or_same_crystal_interaction,0.44,2066,0,2066,9682
A_only,NEMA,6,30093167,17,474724,518,-1,33079,-1,measured_pair_differs_from_primary,0.44,2236,10090,2236,10156
A_only,NEMA,6,30093167,17,521918,572,-1,33133,-1,measured_pair_differs_from_primary,0.44,7876,8006,7876,2283
A_only,NEMA,6,30093167,17,932302,990,-1,33551,-1,intermediate_or_same_crystal_interaction,0.44,1318,1318,1318,4719
A_only,NEMA,6,30093167,17,939560,1004,-1,33565,-1,measured_pair_differs_from_primary,0.44,1949,7222,1949,7223
A_only,NEMA,6,30093167,17,1076684,1164,-1,33725,-1,first_not_crystal_compton,0.44,6077,0,6078,1663
A_only,NEMA,6,30093167,17,1169133,1264,-1,33825,-1,measured_pair_differs_from_primary,0.44,6562,6501,6562,1874
A_only,NEMA,6,30093167,17,1375313,1485,-1,34046,-1,first_not_crystal_compton,0.44,3837,0,3837,1469
A_only,NEMA,6,30093167,17,1690950,1829,-1,34390,-1,measured_pair_differs_from_primary,0.44,428,7597,428,7598
A_only,NEMA,6,30093167,17,1954739,2106,-1,34667,-1,measured_pair_differs_from_primary,0.44,1301,1216,1301,1241
B_only,NEMA,6,30093167,17,2036548,-1,1374,-1,21899,accepted,0.44,6114,1524,0,0
A_only,NEMA,6,30093167,17,2116026,2275,-1,34836,-1,measured_pair_differs_from_primary,0.44,290,1995,290,8485
B_only,NEMA,6,30093167,17,2505496,-1,1681,-1,22206,accepted,0.44,948,206,0,0
A_only,NEMA,6,30093167,17,2592611,2799,-1,35360,-1,first_not_crystal_compton,0.44,673,0,1400,2381
A_only,NEMA,6,30093167,17,2601811,2811,-1,35372,-1,measured_pair_differs_from_primary,0.44,196,7363,196,7426
A_only,NEMA,6,30093167,17,2622088,2838,-1,35399,-1,intermediate_or_same_crystal_interaction,0.44,4428,0,4428,1541
A_only,NEMA,6,30093167,17,2801699,3018,-1,35579,-1,first_not_crystal_compton,0.44,0,0,2154,8214
A_only,NEMA,6,30093167,17,2963015,3196,-1,35757,-1,first_not_crystal_compton,0.44,0,0,763,6035
A_only,NEMA,6,30093167,17,3197203,3452,-1,36013,-1,first_energy_not_closed,0.44,2125,192,2125,192
A_only,NEMA,6,30093167,17,3271641,3535,-1,36096,-1,measured_pair_differs_from_primary,0.44,3267,3397,3267,1508
B_only,NEMA,6,30093167,17,3276568,-1,2209,-1,22734,accepted,0.44,1363,3451,0,0
A_only,NEMA,6,30093167,17,3330157,3609,-1,36170,-1,intermediate_or_same_crystal_interaction,0.44,8615,8615,8615,2187
A_only,NEMA,6,30093167,17,3374894,3668,-1,36229,-1,intermediate_or_same_crystal_interaction,0.44,1377,1377,1377,535
A_only,NEMA,6,30093167,17,3483407,3771,-1,36332,-1,first_not_crystal_compton,0.44,1063,0,2067,9196
A_only,NEMA,6,30093167,17,3510816,3793,-1,36354,-1,intermediate_or_same_crystal_interaction,0.44,2279,2279,2279,1204
A_only,NEMA,6,30093167,17,3518137,3797,-1,36358,-1,measured_pair_differs_from_primary,0.44,958,7115,958,7116
A_only,NEMA,6,30093167,17,3550118,3833,-1,36394,-1,first_not_crystal_compton,0.44,0,0,10381,2215
A_only,NEMA,6,30093167,17,3901118,4223,-1,36784,-1,measured_pair_differs_from_primary,0.44,483,484,483,1240
A_only,NEMA,6,30093167,17,4497683,4831,-1,37392,-1,measured_pair_differs_from_primary,0.44,6156,6285,6156,1927
B_only,NEMA,6,30093167,17,4583475,-1,3072,-1,23597,accepted,0.44,1114,1938,0,0
A_only,NEMA,6,30093167,17,4695165,5059,-1,37620,-1,first_energy_not_closed,0.44,4276,1646,4276,1646
A_only,NEMA,6,30093167,17,4911433,5277,-1,37838,-1,first_not_crystal_compton,0.44,1180,0,10036,1134
A_only,NEMA,7,30093168,17,125964,124,-1,38054,-1,first_not_crystal_compton,0.44,4558,0,4558,1538
A_only,NEMA,7,30093168,17,322580,347,-1,38277,-1,first_energy_not_closed,0.44,1885,954,1885,954
A_only,NEMA,7,30093168,17,378587,400,-1,38330,-1,measured_pair_differs_from_primary,0.44,9610,9674,9610,505
B_only,NEMA,7,30093168,17,524917,-1,351,-1,24223,accepted,0.44,840,6876,0,0
A_only,NEMA,7,30093168,17,700318,759,-1,38689,-1,intermediate_or_same_crystal_interaction,0.44,997,0,997,10136
A_only,NEMA,7,30093168,17,744303,809,-1,38739,-1,first_not_crystal_compton,0.44,5783,0,5333,643
A_only,NEMA,7,30093168,17,777129,843,-1,38773,-1,first_not_crystal_compton,0.44,1209,0,1209,8836
A_only,NEMA,7,30093168,17,866625,925,-1,38855,-1,intermediate_or_same_crystal_interaction,0.44,3595,3595,3595,562
A_only,NEMA,7,30093168,17,965733,1024,-1,38954,-1,first_not_crystal_compton,0.44,362,0,2031,8157
A_only,NEMA,7,30093168,17,1298318,1377,-1,39307,-1,measured_pair_differs_from_primary,0.44,4256,1445,4256,1427
B_only,NEMA,7,30093168,17,1310038,-1,870,-1,24742,accepted,0.44,2184,8456,0,0
A_only,NEMA,7,30093168,17,1466003,1560,-1,39490,-1,measured_pair_differs_from_primary,0.44,1975,8905,1975,8967
A_only,NEMA,7,30093168,17,1635499,1746,-1,39676,-1,intermediate_or_same_crystal_interaction,0.44,359,0,359,1019
A_only,NEMA,7,30093168,17,1860029,1997,-1,39927,-1,measured_pair_differs_from_primary,0.44,19,1430,19,3714
A_only,NEMA,7,30093168,17,1905157,2046,-1,39976,-1,first_not_crystal_compton,0.44,743,0,4342,1535
A_only,NEMA,7,30093168,17,2032556,2197,-1,40127,-1,first_not_crystal_compton,0.44,871,0,5987,809
A_only,NEMA,7,30093168,17,2394801,2586,-1,40516,-1,intermediate_or_same_crystal_interaction,0.44,75,0,75,2043
A_only,NEMA,7,30093168,17,2425729,2634,-1,40564,-1,measured_pair_differs_from_primary,0.44,4638,1594,4638,763
A_only,NEMA,7,30093168,17,2575708,2801,-1,40731,-1,intermediate_or_same_crystal_interaction,0.44,4379,4379,4379,77
A_only,NEMA,7,30093168,17,2751167,2983,-1,40913,-1,first_not_crystal_compton,0.44,0,0,1818,7881
A_only,NEMA,7,30093168,17,2804704,3030,-1,40960,-1,first_not_crystal_compton,0.44,0,0,1927,7207
A_only,NEMA,7,30093168,17,2805336,3031,-1,40961,-1,intermediate_or_same_crystal_interaction,0.44,5406,5406,5406,1657
A_only,NEMA,7,30093168,17,2820692,3059,-1,40989,-1,intermediate_or_same_crystal_interaction,0.44,1640,1640,1640,6685
A_only,NEMA,7,30093168,17,2873955,3115,-1,41045,-1,first_not_crystal_compton,0.44,0,0,1803,7717
A_only,NEMA,7,30093168,17,2921585,3156,-1,41086,-1,intermediate_or_same_crystal_interaction,0.44,1847,1847,1847,7366
A_only,NEMA,7,30093168,17,3279383,3552,-1,41482,-1,intermediate_or_same_crystal_interaction,0.44,652,652,652,2925
A_only,NEMA,7,30093168,17,3636746,3978,-1,41908,-1,intermediate_or_same_crystal_interaction,0.44,585,585,585,2368
A_only,NEMA,7,30093168,17,3676300,4021,-1,41951,-1,intermediate_or_same_crystal_interaction,0.44,296,0,296,1837
A_only,NEMA,7,30093168,17,3754262,4107,-1,42037,-1,measured_pair_differs_from_primary,0.44,6533,6469,6533,1593
A_only,NEMA,7,30093168,17,3763398,4116,-1,42046,-1,intermediate_or_same_crystal_interaction,0.44,3977,3977,3977,2076
A_only,NEMA,7,30093168,17,3778405,4131,-1,42061,-1,intermediate_or_same_crystal_interaction,0.44,995,995,995,2047
A_only,NEMA,7,30093168,17,3851587,4217,-1,42147,-1,intermediate_or_same_crystal_interaction,0.44,914,914,914,507
A_only,NEMA,7,30093168,17,4068295,4456,-1,42386,-1,intermediate_or_same_crystal_interaction,0.44,238,0,238,813
A_only,NEMA,7,30093168,17,4196886,4597,-1,42527,-1,first_not_crystal_compton,0.44,2045,0,8365,1526
A_only,NEMA,7,30093168,17,4584171,5061,-1,42991,-1,measured_pair_differs_from_primary,0.44,334,4826,334,4697
B_only,NEMA,7,30093168,17,4785663,-1,3319,-1,27191,accepted,0.44,1318,3067,0,0
A_only,NEMA,8,30093169,17,117239,140,-1,43576,-1,measured_pair_differs_from_primary,0.44,8298,8299,8298,1978
A_only,NEMA,8,30093169,17,250593,275,-1,43711,-1,measured_pair_differs_from_primary,0.44,4782,4779,4782,729
A_only,NEMA,8,30093169,17,264599,294,-1,43730,-1,intermediate_or_same_crystal_interaction,0.44,9409,9409,9409,2091
A_only,NEMA,8,30093169,17,430992,480,-1,43916,-1,intermediate_or_same_crystal_interaction,0.44,680,0,680,3664
B_only,NEMA,8,30093169,17,565708,-1,407,-1,27742,accepted,0.44,373,1082,0,0
A_only,NEMA,8,30093169,17,1203106,1287,-1,44723,-1,measured_pair_differs_from_primary,0.44,797,1740,797,6620
A_only,NEMA,8,30093169,17,1543869,1683,-1,45119,-1,intermediate_or_same_crystal_interaction,0.44,1748,0,1748,3872
A_only,NEMA,8,30093169,17,1547759,1690,-1,45126,-1,first_not_crystal_compton,0.44,0,0,2331,1410
A_only,NEMA,8,30093169,17,1766787,1968,-1,45404,-1,measured_pair_differs_from_primary,0.44,8993,8995,8993,2158
A_only,NEMA,8,30093169,17,2378154,2655,-1,46091,-1,first_not_crystal_compton,0.44,209,0,209,1834
A_only,NEMA,8,30093169,17,2874700,3232,-1,46668,-1,first_not_crystal_compton,0.44,0,0,3513,595
A_only,NEMA,8,30093169,17,2972806,3344,-1,46780,-1,measured_pair_differs_from_primary,0.44,1312,1343,1312,4986
B_only,NEMA,8,30093169,17,3115003,-1,2253,-1,29588,accepted,0.44,6945,740,0,0
A_only,NEMA,8,30093169,17,3165112,3559,-1,46995,-1,intermediate_or_same_crystal_interaction,0.44,2748,2748,2748,1408
A_only,NEMA,8,30093169,17,3209686,3609,-1,47045,-1,first_not_crystal_compton,0.44,622,0,1378,3989
A_only,NEMA,8,30093169,17,3294277,3700,-1,47136,-1,first_energy_not_closed,0.44,1097,7484,1097,7484
A_only,NEMA,8,30093169,17,3343089,3763,-1,47199,-1,first_not_crystal_compton,0.44,783,0,1610,4090
A_only,NEMA,8,30093169,17,3362712,3783,-1,47219,-1,first_not_crystal_compton,0.44,1203,0,2218,8917
A_only,NEMA,8,30093169,17,3408292,3827,-1,47263,-1,first_not_crystal_compton,0.44,782,0,1643,812
A_only,NEMA,8,30093169,17,3447259,3869,-1,47305,-1,measured_pair_differs_from_primary,0.44,1582,4882,1582,4945
A_only,NEMA,8,30093169,17,3489255,3909,-1,47345,-1,first_not_crystal_compton,0.44,0,0,2137,8540
A_only,NEMA,8,30093169,17,3503232,3930,-1,47366,-1,intermediate_or_same_crystal_interaction,0.44,376,0,376,8618
A_only,NEMA,8,30093169,17,3674624,4115,-1,47551,-1,measured_pair_differs_from_primary,0.44,1934,1932,1934,7243
A_only,NEMA,8,30093169,17,4465997,4923,-1,48359,-1,intermediate_or_same_crystal_interaction,0.44,8485,8485,8485,1977
A_only,NEMA,8,30093169,17,4705287,5204,-1,48640,-1,measured_pair_differs_from_primary,0.44,155,9451,155,9514
A_only,NEMA,8,30093169,17,4873385,5387,-1,48823,-1,measured_pair_differs_from_primary,0.44,2117,10319,2117,10383
A_only,NEMA,8,30093169,17,4929929,5441,-1,48877,-1,intermediate_or_same_crystal_interaction,0.44,314,0,314,8076
A_only,NEMA,9,30093170,17,380915,423,-1,49377,-1,intermediate_or_same_crystal_interaction,0.44,954,954,954,331
A_only,NEMA,9,30093170,17,533471,584,-1,49538,-1,intermediate_or_same_crystal_interaction,0.44,1021,1021,1021,3697
A_only,NEMA,9,30093170,17,616787,679,-1,49633,-1,measured_pair_differs_from_primary,0.44,1341,3223,1341,3288
A_only,NEMA,9,30093170,17,985244,1083,-1,50037,-1,intermediate_or_same_crystal_interaction,0.44,931,0,931,1713
A_only,NEMA,9,30093170,17,1007887,1111,-1,50065,-1,intermediate_or_same_crystal_interaction,0.44,4651,0,4651,436
A_only,NEMA,9,30093170,17,1107480,1231,-1,50185,-1,intermediate_or_same_crystal_interaction,0.44,2279,2279,2279,7307
A_only,NEMA,9,30093170,17,1137469,1267,-1,50221,-1,first_not_crystal_compton,0.44,352,0,2032,8051
A_only,NEMA,9,30093170,17,1179947,1315,-1,50269,-1,intermediate_or_same_crystal_interaction,0.44,911,0,911,8651
A_only,NEMA,9,30093170,17,1356857,1533,-1,50487,-1,intermediate_or_same_crystal_interaction,0.44,294,0,294,894
A_only,NEMA,9,30093170,17,1467775,1643,-1,50597,-1,measured_pair_differs_from_primary,0.44,7376,7312,7376,836
A_only,NEMA,9,30093170,17,1602221,1813,-1,50767,-1,first_energy_not_closed,0.44,407,9097,407,9097
A_only,NEMA,9,30093170,17,1607316,1821,-1,50775,-1,intermediate_or_same_crystal_interaction,0.44,442,0,442,5387
B_only,NEMA,9,30093170,17,1654251,-1,1167,-1,32046,accepted,0.44,1796,3670,0,0
A_only,NEMA,9,30093170,17,1679513,1894,-1,50848,-1,first_energy_not_closed,0.44,2608,839,2608,839
A_only,NEMA,9,30093170,17,1758826,1969,-1,50923,-1,measured_pair_differs_from_primary,0.44,6491,1856,6491,1142
A_only,NEMA,9,30093170,17,1760077,1970,-1,50924,-1,first_not_crystal_compton,0.44,2170,0,2170,9310
A_only,NEMA,9,30093170,17,1836672,2055,-1,51009,-1,first_not_crystal_compton,0.44,215,0,809,9796
B_only,NEMA,9,30093170,17,1884525,-1,1331,-1,32210,accepted,0.44,1745,6977,0,0
A_only,NEMA,9,30093170,17,2296632,2580,-1,51534,-1,measured_pair_differs_from_primary,0.44,5810,739,5810,104
A_only,NEMA,9,30093170,17,2302397,2587,-1,51541,-1,first_energy_not_closed,0.44,1136,8529,1136,8529
A_only,NEMA,9,30093170,17,2655060,2987,-1,51941,-1,measured_pair_differs_from_primary,0.44,1758,3184,1758,2992
A_only,NEMA,9,30093170,17,3036400,3395,-1,52349,-1,measured_pair_differs_from_primary,0.44,5509,5382,5509,1428
A_only,NEMA,9,30093170,17,3187444,3568,-1,52522,-1,first_not_crystal_compton,0.44,2022,0,2022,1148
A_only,NEMA,9,30093170,17,3235661,3623,-1,52577,-1,first_energy_not_closed,0.44,8430,1214,8430,1214
A_only,NEMA,9,30093170,17,3337652,3722,-1,52676,-1,measured_pair_differs_from_primary,0.44,621,3120,621,3119
A_only,NEMA,9,30093170,17,3410604,3810,-1,52764,-1,first_not_crystal_compton,0.44,825,0,5853,1642
A_only,NEMA,9,30093170,17,3576194,4005,-1,52959,-1,measured_pair_differs_from_primary,0.44,9166,9041,9166,1962
A_only,NEMA,9,30093170,17,3842295,4283,-1,53237,-1,first_not_crystal_compton,0.44,0,0,1529,821
A_only,NEMA,9,30093170,17,3926431,4375,-1,53329,-1,first_not_crystal_compton,0.44,2082,0,2082,9080
A_only,NEMA,9,30093170,17,4105893,4577,-1,53531,-1,first_energy_not_closed,0.44,971,3924,971,3924
A_only,NEMA,9,30093170,17,4343130,4827,-1,53781,-1,measured_pair_differs_from_primary,0.44,1286,1304,1286,7659
A_only,NEMA,9,30093170,17,4385976,4872,-1,53826,-1,measured_pair_differs_from_primary,0.44,1665,5875,1665,5942
A_only,NEMA,9,30093170,17,4410693,4902,-1,53856,-1,intermediate_or_same_crystal_interaction,0.44,160,0,160,3277
A_only,NEMA,9,30093170,17,4433599,4934,-1,53888,-1,measured_pair_differs_from_primary,0.44,449,439,449,1104
A_only,NEMA,9,30093170,17,4449460,4949,-1,53903,-1,measured_pair_differs_from_primary,0.44,9827,9891,9827,1189
A_only,NEMA,9,30093170,17,4493576,5005,-1,53959,-1,measured_pair_differs_from_primary,0.44,1595,2986,1595,2798
B_only,NEMA,9,30093170,17,4821827,-1,3388,-1,34267,accepted,0.44,1893,6493,0,0
A_only,NEMA,9,30093170,17,4882433,5461,-1,54415,-1,measured_pair_differs_from_primary,0.44,1008,293,1008,294
A_only,NEMA,9,30093170,17,4886625,5466,-1,54420,-1,intermediate_or_same_crystal_interaction,0.44,220,0,220,795
A_only,NEMA,0,30093171,18,108933,111,-1,111,-1,intermediate_or_same_crystal_interaction,0.44,1137,0,1137,1852
A_only,NEMA,0,30093171,18,187162,205,-1,205,-1,measured_pair_differs_from_primary,0.44,1149,2010,1149,7039
A_only,NEMA,0,30093171,18,339943,381,-1,381,-1,first_not_crystal_compton,0.44,8,0,1319,3583
A_only,NEMA,0,30093171,18,617131,677,-1,677,-1,first_not_crystal_compton,0.44,853,0,853,245
A_only,NEMA,0,30093171,18,675703,744,-1,744,-1,first_not_crystal_compton,0.44,0,0,5081,529
A_only,NEMA,0,30093171,18,854791,923,-1,923,-1,measured_pair_differs_from_primary,0.44,2124,8165,2124,8099
A_only,NEMA,0,30093171,18,996126,1055,-1,1055,-1,measured_pair_differs_from_primary,0.44,1493,1512,1493,6216
A_only,NEMA,0,30093171,18,1092501,1165,-1,1165,-1,first_not_crystal_compton,0.44,0,0,885,237
A_only,NEMA,0,30093171,18,1113781,1193,-1,1193,-1,first_not_crystal_compton,0.44,1491,0,3224,1396
A_only,NEMA,0,30093171,18,1208178,1301,-1,1301,-1,measured_pair_differs_from_primary,0.44,1655,3706,1655,3642
A_only,NEMA,0,30093171,18,1643230,1715,-1,1715,-1,intermediate_or_same_crystal_interaction,0.44,4688,4688,4688,1623
A_only,NEMA,0,30093171,18,1779386,1846,-1,1846,-1,intermediate_or_same_crystal_interaction,0.44,5671,5671,5671,1637
A_only,NEMA,0,30093171,18,1864033,1948,-1,1948,-1,first_not_crystal_compton,0.44,1795,0,1795,5992
A_only,NEMA,0,30093171,18,1888045,1976,-1,1976,-1,intermediate_or_same_crystal_interaction,0.44,1480,0,1480,5269
A_only,NEMA,0,30093171,18,2113844,2210,-1,2210,-1,measured_pair_differs_from_primary,0.44,9697,9760,9697,2259
A_only,NEMA,0,30093171,18,2158094,2252,-1,2252,-1,measured_pair_differs_from_primary,0.44,1251,7611,1251,7357
A_only,NEMA,0,30093171,18,2162158,2258,-1,2258,-1,measured_pair_differs_from_primary,0.44,2138,8223,2138,8222
A_only,NEMA,0,30093171,18,2239168,2342,-1,2342,-1,measured_pair_differs_from_primary,0.44,9684,2236,9684,1226
A_only,NEMA,0,30093171,18,2456891,2593,-1,2593,-1,measured_pair_differs_from_primary,0.44,791,6310,791,6374
A_only,NEMA,0,30093171,18,2499172,2632,-1,2632,-1,intermediate_or_same_crystal_interaction,0.44,4942,4942,4942,1537
A_only,NEMA,0,30093171,18,2725979,2880,-1,2880,-1,measured_pair_differs_from_primary,0.44,1331,2449,1331,2383
A_only,NEMA,0,30093171,18,2825348,2978,-1,2978,-1,measured_pair_differs_from_primary,0.44,1245,2186,1245,9258
A_only,NEMA,0,30093171,18,2904390,3056,-1,3056,-1,intermediate_or_same_crystal_interaction,0.44,3607,0,3607,1474
A_only,NEMA,0,30093171,18,2945190,3097,-1,3097,-1,measured_pair_differs_from_primary,0.44,993,1652,993,1636
A_only,NEMA,0,30093171,18,2953069,3105,-1,3105,-1,measured_pair_differs_from_primary,0.44,7215,7214,7215,1856
A_only,NEMA,0,30093171,18,3005837,3153,-1,3153,-1,first_not_crystal_compton,0.44,1467,0,3893,1647
A_only,NEMA,0,30093171,18,3178648,3343,-1,3343,-1,intermediate_or_same_crystal_interaction,0.44,218,0,218,9545
A_only,NEMA,0,30093171,18,3186953,3356,-1,3356,-1,intermediate_or_same_crystal_interaction,0.44,2050,2050,2050,322
A_only,NEMA,0,30093171,18,3416430,3596,-1,3596,-1,measured_pair_differs_from_primary,0.44,1495,5356,1495,5421
B_only,NEMA,0,30093171,18,4002081,-1,2683,-1,2683,accepted,0.44,2206,9937,0,0
B_only,NEMA,0,30093171,18,4480466,-1,3029,-1,3029,accepted,0.44,378,9244,0,0
A_only,NEMA,0,30093171,18,4489137,4799,-1,4799,-1,measured_pair_differs_from_primary,0.44,1932,8362,1932,8554
A_only,NEMA,0,30093171,18,4520233,4839,-1,4839,-1,intermediate_or_same_crystal_interaction,0.44,1750,0,1750,371
A_only,NEMA,0,30093171,18,4592553,4919,-1,4919,-1,first_not_crystal_compton,0.44,5109,0,5109,736
B_only,NEMA,0,30093171,18,4638146,-1,3154,-1,3154,accepted,0.44,1224,9072,0,0
A_only,NEMA,0,30093171,18,4693834,5044,-1,5044,-1,intermediate_or_same_crystal_interaction,0.44,3089,3089,3089,1427
A_only,NEMA,0,30093171,18,4715120,5066,-1,5066,-1,measured_pair_differs_from_primary,0.44,497,8927,497,8928
A_only,NEMA,0,30093171,18,4737205,5095,-1,5095,-1,measured_pair_differs_from_primary,0.44,5945,1693,5945,763
A_only,NEMA,0,30093171,18,4884936,5244,-1,5244,-1,first_energy_not_closed,0.44,6688,1964,6688,1964
A_only,NEMA,0,30093171,18,4932881,5299,-1,5299,-1,first_not_crystal_compton,0.44,0,0,1132,7795
A_only,NEMA,1,30093172,18,411007,465,-1,5847,-1,intermediate_or_same_crystal_interaction,0.44,1461,1461,1461,688
B_only,NEMA,1,30093172,18,513952,-1,356,-1,3765,accepted,0.44,1555,7216,0,0
A_only,NEMA,1,30093172,18,664304,727,-1,6109,-1,measured_pair_differs_from_primary,0.44,8365,1786,8365,1769
A_only,NEMA,1,30093172,18,715750,771,-1,6153,-1,intermediate_or_same_crystal_interaction,0.44,2206,2206,2206,8600
A_only,NEMA,1,30093172,18,868454,945,-1,6327,-1,measured_pair_differs_from_primary,0.44,116,4109,116,4107
A_only,NEMA,1,30093172,18,970498,1040,-1,6422,-1,intermediate_or_same_crystal_interaction,0.44,1265,1265,1265,2281
A_only,NEMA,1,30093172,18,971896,1042,-1,6424,-1,intermediate_or_same_crystal_interaction,0.44,4904,4904,4904,686
A_only,NEMA,1,30093172,18,1149041,1212,-1,6594,-1,measured_pair_differs_from_primary,0.44,2084,8537,2084,8471
A_only,NEMA,1,30093172,18,1508084,1607,-1,6989,-1,measured_pair_differs_from_primary,0.44,9138,9010,9138,1436
B_only,NEMA,1,30093172,18,1602122,-1,1085,-1,4494,accepted,0.44,2018,7433,0,0
A_only,NEMA,1,30093172,18,1670203,1766,-1,7148,-1,measured_pair_differs_from_primary,0.44,4315,4381,4315,814
A_only,NEMA,1,30093172,18,1714111,1810,-1,7192,-1,intermediate_or_same_crystal_interaction,0.44,1101,1101,1101,375
A_only,NEMA,1,30093172,18,2126439,2261,-1,7643,-1,measured_pair_differs_from_primary,0.44,2891,2956,2891,114
A_only,NEMA,1,30093172,18,2433526,2572,-1,7954,-1,intermediate_or_same_crystal_interaction,0.44,1693,1693,1693,157
A_only,NEMA,1,30093172,18,2470490,2618,-1,8000,-1,intermediate_or_same_crystal_interaction,0.44,9161,9161,9161,2200
A_only,NEMA,1,30093172,18,2496907,2640,-1,8022,-1,measured_pair_differs_from_primary,0.44,237,4106,237,4041
A_only,NEMA,1,30093172,18,2905869,3095,-1,8477,-1,first_not_crystal_compton,0.44,1670,0,5464,1601
A_only,NEMA,1,30093172,18,3079302,3255,-1,8637,-1,measured_pair_differs_from_primary,0.44,6395,6394,6395,1856
A_only,NEMA,1,30093172,18,3103496,3275,-1,8657,-1,first_not_crystal_compton,0.44,1877,0,1877,6772
A_only,NEMA,1,30093172,18,3273361,3459,-1,8841,-1,measured_pair_differs_from_primary,0.44,6197,6133,6197,1565
A_only,NEMA,1,30093172,18,3405526,3604,-1,8986,-1,intermediate_or_same_crystal_interaction,0.44,1605,1605,1605,4662
A_only,NEMA,1,30093172,18,3418534,3617,-1,8999,-1,measured_pair_differs_from_primary,0.44,1574,3461,1574,3460
A_only,NEMA,1,30093172,18,3719683,3943,-1,9325,-1,intermediate_or_same_crystal_interaction,0.44,8218,0,8218,170
A_only,NEMA,1,30093172,18,3933824,4171,-1,9553,-1,first_not_crystal_compton,0.44,1425,0,3525,1474
A_only,NEMA,1,30093172,18,4072975,4317,-1,9699,-1,measured_pair_differs_from_primary,0.44,3849,3913,3849,1801
A_only,NEMA,1,30093172,18,4345223,4592,-1,9974,-1,intermediate_or_same_crystal_interaction,0.44,2291,0,2291,9244
A_only,NEMA,1,30093172,18,4443993,4696,-1,10078,-1,intermediate_or_same_crystal_interaction,0.44,1309,0,1309,3696
A_only,NEMA,2,30093173,18,285805,284,-1,10934,-1,intermediate_or_same_crystal_interaction,0.44,25,25,25,2584
A_only,NEMA,2,30093173,18,386861,390,-1,11040,-1,first_not_crystal_compton,0.44,1749,0,6233,1673
A_only,NEMA,2,30093173,18,495584,490,-1,11140,-1,first_not_crystal_compton,0.44,0,0,9336,1995
A_only,NEMA,2,30093173,18,526713,522,-1,11172,-1,measured_pair_differs_from_primary,0.44,9192,2113,9192,1097
A_only,NEMA,2,30093173,18,637906,669,-1,11319,-1,first_not_crystal_compton,0.44,5968,0,5968,1438
A_only,NEMA,2,30093173,18,1212294,1291,-1,11941,-1,intermediate_or_same_crystal_interaction,0.44,9700,9700,9700,2113
B_only,NEMA,2,30093173,18,1283114,-1,846,-1,7597,accepted,0.44,6342,1139,0,0
A_only,NEMA,2,30093173,18,1351546,1453,-1,12103,-1,measured_pair_differs_from_primary,0.44,991,8218,991,8281
A_only,NEMA,2,30093173,18,1488394,1583,-1,12233,-1,intermediate_or_same_crystal_interaction,0.44,1444,1444,1444,2579
B_only,NEMA,2,30093173,18,1541951,-1,1017,-1,7768,accepted,0.44,1345,3439,0,0
A_only,NEMA,2,30093173,18,1605234,1710,-1,12360,-1,intermediate_or_same_crystal_interaction,0.44,274,0,274,7293
A_only,NEMA,2,30093173,18,2012573,2157,-1,12807,-1,first_not_crystal_compton,0.44,1155,0,1155,423
A_only,NEMA,2,30093173,18,2104150,2257,-1,12907,-1,measured_pair_differs_from_primary,0.44,1039,6354,1039,6353
A_only,NEMA,2,30093173,18,2302487,2464,-1,13114,-1,measured_pair_differs_from_primary,0.44,174,6352,174,6351
A_only,NEMA,2,30093173,18,2534181,2706,-1,13356,-1,intermediate_or_same_crystal_interaction,0.44,1670,1670,1670,8745
A_only,NEMA,2,30093173,18,2849775,3037,-1,13687,-1,measured_pair_differs_from_primary,0.44,8332,8268,8332,1703
A_only,NEMA,2,30093173,18,2980943,3167,-1,13817,-1,measured_pair_differs_from_primary,0.44,5745,1902,5745,1105
A_only,NEMA,2,30093173,18,3154718,3360,-1,14010,-1,measured_pair_differs_from_primary,0.44,6452,6514,6452,1114
A_only,NEMA,2,30093173,18,3186261,3394,-1,14044,-1,measured_pair_differs_from_primary,0.44,1698,3381,1698,3060
A_only,NEMA,2,30093173,18,3561507,3788,-1,14438,-1,first_energy_not_closed,0.44,632,46,632,46
A_only,NEMA,2,30093173,18,3587822,3810,-1,14460,-1,measured_pair_differs_from_primary,0.44,3501,3564,3501,1850
A_only,NEMA,2,30093173,18,3675350,3902,-1,14552,-1,first_not_crystal_compton,0.44,1521,0,1521,4978
A_only,NEMA,2,30093173,18,3923584,4164,-1,14814,-1,measured_pair_differs_from_primary,0.44,469,8561,469,8563
B_only,NEMA,2,30093173,18,4032331,-1,2729,-1,9480,accepted,0.44,5778,1622,0,0
A_only,NEMA,2,30093173,18,4394209,4639,-1,15289,-1,measured_pair_differs_from_primary,0.44,3518,3517,3518,1492
A_only,NEMA,2,30093173,18,4469927,4734,-1,15384,-1,intermediate_or_same_crystal_interaction,0.44,1158,1158,1158,7696
A_only,NEMA,2,30093173,18,4577648,4847,-1,15497,-1,intermediate_or_same_crystal_interaction,0.44,239,0,239,7192
B_only,NEMA,2,30093173,18,4780248,-1,3220,-1,9971,accepted,0.44,2288,9859,0,0
A_only,NEMA,2,30093173,18,4875549,5143,-1,15793,-1,measured_pair_differs_from_primary,0.44,5500,5564,5500,929
A_only,NEMA,2,30093173,18,4951564,5228,-1,15878,-1,measured_pair_differs_from_primary,0.44,6249,6248,6249,1766
A_only,NEMA,3,30093174,18,95886,117,-1,16031,-1,first_not_crystal_compton,0.44,0,0,1977,6700
A_only,NEMA,3,30093174,18,251884,296,-1,16210,-1,measured_pair_differs_from_primary,0.44,1837,7301,1837,7363
A_only,NEMA,3,30093174,18,284152,330,-1,16244,-1,intermediate_or_same_crystal_interaction,0.44,1435,1435,1435,583
A_only,NEMA,3,30093174,18,448542,488,-1,16402,-1,first_energy_not_closed,0.44,1598,5233,1598,5233
A_only,NEMA,3,30093174,18,477575,518,-1,16432,-1,first_not_crystal_compton,0.44,0,0,4489,1620
A_only,NEMA,3,30093174,18,550537,613,-1,16527,-1,intermediate_or_same_crystal_interaction,0.44,310,310,310,6012
A_only,NEMA,3,30093174,18,1279977,1398,-1,17312,-1,first_not_crystal_compton,0.44,1196,0,2225,9124
A_only,NEMA,3,30093174,18,1396334,1530,-1,17444,-1,measured_pair_differs_from_primary,0.44,5430,5428,5430,434
A_only,NEMA,3,30093174,18,1647186,1803,-1,17717,-1,first_not_crystal_compton,0.44,0,0,1805,8676
A_only,NEMA,3,30093174,18,1812225,1995,-1,17909,-1,first_not_crystal_compton,0.44,0,0,4207,29
A_only,NEMA,3,30093174,18,1857708,2037,-1,17951,-1,intermediate_or_same_crystal_interaction,0.44,8864,8864,8864,1999
A_only,NEMA,3,30093174,18,2085965,2312,-1,18226,-1,intermediate_or_same_crystal_interaction,0.44,179,0,179,3611
A_only,NEMA,3,30093174,18,2298440,2537,-1,18451,-1,measured_pair_differs_from_primary,0.44,771,5397,771,5396
A_only,NEMA,3,30093174,18,2327286,2565,-1,18479,-1,measured_pair_differs_from_primary,0.44,4861,4796,4861,148
A_only,NEMA,3,30093174,18,2560763,2834,-1,18748,-1,measured_pair_differs_from_primary,0.44,1800,7180,1800,7242
A_only,NEMA,3,30093174,18,2589723,2864,-1,18778,-1,first_not_crystal_compton,0.44,8377,0,8377,834
A_only,NEMA,3,30093174,18,2645655,2920,-1,18834,-1,intermediate_or_same_crystal_interaction,0.44,8814,8814,8814,1003
A_only,NEMA,3,30093174,18,2716883,2999,-1,18913,-1,intermediate_or_same_crystal_interaction,0.44,1611,1611,1611,4951
A_only,NEMA,3,30093174,18,2904502,3202,-1,19116,-1,first_not_crystal_compton,0.44,1758,0,1758,759
A_only,NEMA,3,30093174,18,2941342,3233,-1,19147,-1,measured_pair_differs_from_primary,0.44,1044,8604,1044,8667
A_only,NEMA,3,30093174,18,3243864,3558,-1,19472,-1,measured_pair_differs_from_primary,0.44,864,3996,864,3931
A_only,NEMA,3,30093174,18,3347113,3676,-1,19590,-1,first_not_crystal_compton,0.44,0,0,1457,770
A_only,NEMA,3,30093174,18,3407147,3738,-1,19652,-1,measured_pair_differs_from_primary,0.44,371,1151,371,2235
A_only,NEMA,3,30093174,18,3685690,4020,-1,19934,-1,measured_pair_differs_from_primary,0.44,1404,2923,1404,2859
A_only,NEMA,3,30093174,18,3817490,4149,-1,20063,-1,first_not_crystal_compton,0.44,0,0,1959,6622
A_only,NEMA,3,30093174,18,3834804,4169,-1,20083,-1,measured_pair_differs_from_primary,0.44,2065,9429,2065,9491
A_only,NEMA,3,30093174,18,3955409,4305,-1,20219,-1,first_not_crystal_compton,0.44,0,0,580,5156
B_only,NEMA,3,30093174,18,4042306,-1,2680,-1,12794,accepted,0.44,2266,453,0,0
A_only,NEMA,3,30093174,18,4363875,4752,-1,20666,-1,intermediate_or_same_crystal_interaction,0.44,2180,0,2180,417
A_only,NEMA,3,30093174,18,4365495,4754,-1,20668,-1,measured_pair_differs_from_primary,0.44,6928,6865,6928,1629
A_only,NEMA,3,30093174,18,4421415,4812,-1,20726,-1,intermediate_or_same_crystal_interaction,0.44,218,0,218,5551
A_only,NEMA,3,30093174,18,4459889,4848,-1,20762,-1,intermediate_or_same_crystal_interaction,0.44,6223,6223,6223,867
A_only,NEMA,3,30093174,18,4707855,5116,-1,21030,-1,measured_pair_differs_from_primary,0.44,9218,9154,9218,317
A_only,NEMA,3,30093174,18,4846008,5266,-1,21180,-1,measured_pair_differs_from_primary,0.44,1796,7643,1796,7836
A_only,NEMA,3,30093174,18,4929916,5357,-1,21271,-1,measured_pair_differs_from_primary,0.44,287,3076,287,2884
A_only,NEMA,3,30093174,18,4973086,5410,-1,21324,-1,measured_pair_differs_from_primary,0.44,9685,9432,9685,1883
A_only,NEMA,4,30093175,18,6307,9,-1,21361,-1,measured_pair_differs_from_primary,0.44,2141,2140,2141,1081
A_only,NEMA,4,30093175,18,493015,562,-1,21914,-1,measured_pair_differs_from_primary,0.44,2887,3017,2887,1527
A_only,NEMA,4,30093175,18,632726,713,-1,22065,-1,first_not_crystal_compton,0.44,5155,0,5091,762
A_only,NEMA,4,30093175,18,1121425,1212,-1,22564,-1,measured_pair_differs_from_primary,0.44,1751,5674,1751,5612
A_only,NEMA,4,30093175,18,1252503,1354,-1,22706,-1,intermediate_or_same_crystal_interaction,0.44,2204,2204,2204,10251
A_only,NEMA,4,30093175,18,1447133,1558,-1,22910,-1,measured_pair_differs_from_primary,0.44,3920,3984,3920,1736
B_only,NEMA,4,30093175,18,1623865,-1,1073,-1,14514,accepted,0.44,582,2816,0,0
A_only,NEMA,4,30093175,18,1629942,1732,-1,23084,-1,first_not_crystal_compton,0.44,0,0,7505,2223
A_only,NEMA,4,30093175,18,1874651,1977,-1,23329,-1,first_not_crystal_compton,0.44,682,0,3913,1411
A_only,NEMA,4,30093175,18,2069463,2164,-1,23516,-1,measured_pair_differs_from_primary,0.44,909,1906,909,8050
A_only,NEMA,4,30093175,18,2148740,2221,-1,23573,-1,first_not_crystal_compton,0.44,1177,0,1177,2266
A_only,NEMA,4,30093175,18,2338705,2429,-1,23781,-1,intermediate_or_same_crystal_interaction,0.44,10135,10135,10135,1179
A_only,NEMA,4,30093175,18,2472341,2550,-1,23902,-1,first_not_crystal_compton,0.44,0,0,4746,1650
A_only,NEMA,4,30093175,18,2545345,2614,-1,23966,-1,intermediate_or_same_crystal_interaction,0.44,7924,7924,7924,943
A_only,NEMA,4,30093175,18,2986312,3074,-1,24426,-1,measured_pair_differs_from_primary,0.44,5492,5556,5492,1787
A_only,NEMA,4,30093175,18,3121927,3219,-1,24571,-1,measured_pair_differs_from_primary,0.44,1882,7441,1882,7504
A_only,NEMA,4,30093175,18,3208238,3314,-1,24666,-1,measured_pair_differs_from_primary,0.44,1317,3429,1317,3492
A_only,NEMA,4,30093175,18,3391124,3476,-1,24828,-1,measured_pair_differs_from_primary,0.44,10462,2154,10462,2138
A_only,NEMA,4,30093175,18,3447044,3545,-1,24897,-1,measured_pair_differs_from_primary,0.44,5284,1640,5284,862
A_only,NEMA,4,30093175,18,3532979,3635,-1,24987,-1,first_not_crystal_compton,0.44,965,0,965,1910
A_only,NEMA,4,30093175,18,3580193,3680,-1,25032,-1,intermediate_or_same_crystal_interaction,0.44,5560,0,5560,275
A_only,NEMA,4,30093175,18,3651106,3747,-1,25099,-1,measured_pair_differs_from_primary,0.44,790,8253,790,8318
A_only,NEMA,4,30093175,18,3793779,3893,-1,25245,-1,intermediate_or_same_crystal_interaction,0.44,6678,6678,6678,1786
A_only,NEMA,4,30093175,18,3803859,3903,-1,25255,-1,first_not_crystal_compton,0.44,0,0,1899,1087
A_only,NEMA,4,30093175,18,3850366,3963,-1,25315,-1,first_not_crystal_compton,0.44,0,0,6600,1342
A_only,NEMA,4,30093175,18,4161109,4276,-1,25628,-1,measured_pair_differs_from_primary,0.44,655,4001,655,4000
A_only,NEMA,4,30093175,18,4177770,4300,-1,25652,-1,measured_pair_differs_from_primary,0.44,711,4278,711,4279
A_only,NEMA,4,30093175,18,4192824,4315,-1,25667,-1,measured_pair_differs_from_primary,0.44,2075,9031,2075,9094
B_only,NEMA,4,30093175,18,4239810,-1,2732,-1,16173,accepted,0.44,1281,529,0,0
A_only,NEMA,4,30093175,18,4251912,4365,-1,25717,-1,measured_pair_differs_from_primary,0.44,1857,7203,1857,7265
A_only,NEMA,4,30093175,18,4452735,4559,-1,25911,-1,first_not_crystal_compton,0.44,0,0,1082,2111
A_only,NEMA,4,30093175,18,4851501,4998,-1,26350,-1,measured_pair_differs_from_primary,0.44,1000,6772,1000,6708
A_only,NEMA,4,30093175,18,4869474,5014,-1,26366,-1,measured_pair_differs_from_primary,0.44,5071,5009,5071,693
A_only,NEMA,5,30093176,18,19869,26,-1,26529,-1,intermediate_or_same_crystal_interaction,0.44,299,0,299,5492
A_only,NEMA,5,30093176,18,193144,217,-1,26720,-1,measured_pair_differs_from_primary,0.44,1708,924,1708,312
A_only,NEMA,5,30093176,18,265914,295,-1,26798,-1,measured_pair_differs_from_primary,0.44,6485,6551,6485,905
A_only,NEMA,5,30093176,18,639561,722,-1,27225,-1,first_not_crystal_compton,0.44,0,0,1638,5593
A_only,NEMA,5,30093176,18,748637,851,-1,27354,-1,measured_pair_differs_from_primary,0.44,193,8223,193,8288
A_only,NEMA,5,30093176,18,771371,871,-1,27374,-1,intermediate_or_same_crystal_interaction,0.44,1035,0,1035,9917
A_only,NEMA,5,30093176,18,1038428,1187,-1,27690,-1,intermediate_or_same_crystal_interaction,0.44,8511,8511,8511,978
A_only,NEMA,5,30093176,18,1182623,1352,-1,27855,-1,first_not_crystal_compton,0.44,0,0,1848,647
A_only,NEMA,5,30093176,18,1263085,1430,-1,27933,-1,intermediate_or_same_crystal_interaction,0.44,8054,8054,8054,936
A_only,NEMA,5,30093176,18,1299480,1469,-1,27972,-1,measured_pair_differs_from_primary,0.44,2195,10060,2195,10061
A_only,NEMA,5,30093176,18,1335381,1516,-1,28019,-1,measured_pair_differs_from_primary,0.44,8812,8877,8812,2286
A_only,NEMA,5,30093176,18,1747442,1928,-1,28431,-1,measured_pair_differs_from_primary,0.44,1903,9852,1903,9916
A_only,NEMA,5,30093176,18,1755413,1939,-1,28442,-1,measured_pair_differs_from_primary,0.44,5935,5867,5935,1653
A_only,NEMA,5,30093176,18,1934698,2109,-1,28612,-1,intermediate_or_same_crystal_interaction,0.44,622,0,622,4322
A_only,NEMA,5,30093176,18,1941687,2116,-1,28619,-1,intermediate_or_same_crystal_interaction,0.44,8066,8066,8066,1618
A_only,NEMA,5,30093176,18,2516273,2683,-1,29186,-1,measured_pair_differs_from_primary,0.44,31,4066,31,4130
B_only,NEMA,5,30093176,18,2763519,-1,1799,-1,18445,accepted,0.44,1667,700,0,0
A_only,NEMA,5,30093176,18,2906039,3081,-1,29584,-1,intermediate_or_same_crystal_interaction,0.44,206,0,206,1454
B_only,NEMA,5,30093176,18,3475881,-1,2272,-1,18918,accepted,0.44,2028,7996,0,0
A_only,NEMA,5,30093176,18,3519359,3719,-1,30222,-1,first_not_crystal_compton,0.44,4766,0,4702,160
A_only,NEMA,5,30093176,18,3590298,3801,-1,30304,-1,measured_pair_differs_from_primary,0.44,1510,4174,1510,4173
B_only,NEMA,5,30093176,18,3889117,-1,2543,-1,19189,accepted,0.44,8102,1950,0,0
A_only,NEMA,5,30093176,18,4070513,4304,-1,30807,-1,intermediate_or_same_crystal_interaction,0.44,262,262,262,1383
A_only,NEMA,5,30093176,18,4203685,4440,-1,30943,-1,intermediate_or_same_crystal_interaction,0.44,30,30,30,7415
A_only,NEMA,5,30093176,18,4359792,4600,-1,31103,-1,intermediate_or_same_crystal_interaction,0.44,1950,0,1950,5649
A_only,NEMA,5,30093176,18,4423461,4658,-1,31161,-1,intermediate_or_same_crystal_interaction,0.44,164,0,164,639
A_only,NEMA,5,30093176,18,4642399,4896,-1,31399,-1,first_not_crystal_compton,0.44,1086,0,8497,2113
A_only,NEMA,5,30093176,18,4789880,5062,-1,31565,-1,intermediate_or_same_crystal_interaction,0.44,3548,3548,3548,78
A_only,NEMA,5,30093176,18,4805435,5075,-1,31578,-1,intermediate_or_same_crystal_interaction,0.44,1065,0,1065,9509
A_only,NEMA,6,30093177,18,212385,195,-1,31998,-1,intermediate_or_same_crystal_interaction,0.44,1101,1101,1101,1984
A_only,NEMA,6,30093177,18,347733,325,-1,32128,-1,intermediate_or_same_crystal_interaction,0.44,269,0,269,4018
A_only,NEMA,6,30093177,18,401009,378,-1,32181,-1,intermediate_or_same_crystal_interaction,0.44,2005,0,2005,9093
A_only,NEMA,6,30093177,18,531530,518,-1,32321,-1,measured_pair_differs_from_primary,0.44,8336,8272,8336,1901
A_only,NEMA,6,30093177,18,693364,716,-1,32519,-1,first_not_crystal_compton,0.44,0,0,1948,5907
A_only,NEMA,6,30093177,18,898236,915,-1,32718,-1,first_not_crystal_compton,0.44,0,0,2057,7851
A_only,NEMA,6,30093177,18,1284521,1295,-1,33098,-1,measured_pair_differs_from_primary,0.44,6614,6613,6614,1030
A_only,NEMA,6,30093177,18,1552739,1549,-1,33352,-1,first_not_crystal_compton,0.44,0,0,891,9948
A_only,NEMA,6,30093177,18,1621730,1606,-1,33409,-1,measured_pair_differs_from_primary,0.44,8538,8537,8538,2147
A_only,NEMA,6,30093177,18,1803794,1772,-1,33575,-1,first_not_crystal_compton,0.44,200,0,800,6853
A_only,NEMA,6,30093177,18,1898133,1876,-1,33679,-1,measured_pair_differs_from_primary,0.44,2050,6862,2050,6544
A_only,NEMA,6,30093177,18,1970329,1944,-1,33747,-1,intermediate_or_same_crystal_interaction,0.44,3620,3620,3620,905
A_only,NEMA,6,30093177,18,2003629,1975,-1,33778,-1,first_not_crystal_compton,0.44,0,0,1938,7187
A_only,NEMA,6,30093177,18,2215750,2206,-1,34009,-1,measured_pair_differs_from_primary,0.44,6357,6296,6357,1719
A_only,NEMA,6,30093177,18,2291387,2277,-1,34080,-1,intermediate_or_same_crystal_interaction,0.44,1427,1427,1427,4235
A_only,NEMA,6,30093177,18,2681886,2715,-1,34518,-1,first_not_crystal_compton,0.44,1720,0,5953,1617
A_only,NEMA,6,30093177,18,2799156,2828,-1,34631,-1,measured_pair_differs_from_primary,0.44,5909,5972,5909,1798
A_only,NEMA,6,30093177,18,2895789,2944,-1,34747,-1,measured_pair_differs_from_primary,0.44,5987,5986,5987,898
A_only,NEMA,6,30093177,18,3246229,3344,-1,35147,-1,measured_pair_differs_from_primary,0.44,1332,1025,1332,1048
A_only,NEMA,6,30093177,18,3588775,3695,-1,35498,-1,intermediate_or_same_crystal_interaction,0.44,1867,1867,1867,7378
A_only,NEMA,6,30093177,18,3702142,3807,-1,35610,-1,first_not_crystal_compton,0.44,653,0,2967,1306
A_only,NEMA,6,30093177,18,4431733,4626,-1,36429,-1,first_not_crystal_compton,0.44,1326,0,1326,2855
A_only,NEMA,6,30093177,18,4563307,4799,-1,36602,-1,measured_pair_differs_from_primary,0.44,1677,6285,1677,6284
A_only,NEMA,6,30093177,18,4599434,4836,-1,36639,-1,first_not_crystal_compton,0.44,0,0,981,6401
A_only,NEMA,6,30093177,18,4891933,5165,-1,36968,-1,measured_pair_differs_from_primary,0.44,2366,2494,2366,1550
A_only,NEMA,6,30093177,18,4910705,5188,-1,36991,-1,intermediate_or_same_crystal_interaction,0.44,965,965,965,2018
A_only,NEMA,6,30093177,18,4982333,5269,-1,37072,-1,intermediate_or_same_crystal_interaction,0.44,4123,4123,4123,1508
A_only,NEMA,6,30093177,18,4997323,5289,-1,37092,-1,first_not_crystal_compton,0.44,1200,0,1200,10452
A_only,NEMA,7,30093178,18,46042,55,-1,37151,-1,measured_pair_differs_from_primary,0.44,5043,4979,5043,1551
A_only,NEMA,7,30093178,18,287368,314,-1,37410,-1,measured_pair_differs_from_primary,0.44,555,457,555,4071
A_only,NEMA,7,30093178,18,326822,350,-1,37446,-1,measured_pair_differs_from_primary,0.44,3456,3391,3456,1330
A_only,NEMA,7,30093178,18,374753,412,-1,37508,-1,measured_pair_differs_from_primary,0.44,1575,9206,1575,9334
A_only,NEMA,7,30093178,18,427527,470,-1,37566,-1,measured_pair_differs_from_primary,0.44,1826,9272,1826,9529
A_only,NEMA,7,30093178,18,612449,666,-1,37762,-1,intermediate_or_same_crystal_interaction,0.44,444,0,444,6760
A_only,NEMA,7,30093178,18,975885,1049,-1,38145,-1,measured_pair_differs_from_primary,0.44,856,1935,856,8892
A_only,NEMA,7,30093178,18,1280368,1393,-1,38489,-1,intermediate_or_same_crystal_interaction,0.44,1549,0,1549,6796
A_only,NEMA,7,30093178,18,1428097,1551,-1,38647,-1,intermediate_or_same_crystal_interaction,0.44,1814,1814,1814,4713
A_only,NEMA,7,30093178,18,1540000,1661,-1,38757,-1,intermediate_or_same_crystal_interaction,0.44,490,0,490,10423
A_only,NEMA,7,30093178,18,1544778,1667,-1,38763,-1,first_not_crystal_compton,0.44,2163,0,2163,1019
A_only,NEMA,7,30093178,18,1826823,1977,-1,39073,-1,measured_pair_differs_from_primary,0.44,1451,5966,1451,6283
A_only,NEMA,7,30093178,18,1952529,2100,-1,39196,-1,first_not_crystal_compton,0.44,0,0,2080,8377
A_only,NEMA,7,30093178,18,2126504,2270,-1,39366,-1,first_not_crystal_compton,0.44,1640,0,5085,725
A_only,NEMA,7,30093178,18,2163407,2312,-1,39408,-1,intermediate_or_same_crystal_interaction,0.44,7002,7002,7002,1035
A_only,NEMA,7,30093178,18,2232895,2382,-1,39478,-1,measured_pair_differs_from_primary,0.44,1231,1232,1231,2282
A_only,NEMA,7,30093178,18,2261495,2407,-1,39503,-1,measured_pair_differs_from_primary,0.44,8220,8348,8220,2151
A_only,NEMA,7,30093178,18,2566172,2734,-1,39830,-1,measured_pair_differs_from_primary,0.44,2153,8371,2153,8308
A_only,NEMA,7,30093178,18,2764865,2931,-1,40027,-1,first_not_crystal_compton,0.44,1637,0,1637,3468
A_only,NEMA,7,30093178,18,2886818,3071,-1,40167,-1,first_not_crystal_compton,0.44,0,0,1479,2712
A_only,NEMA,7,30093178,18,2923295,3123,-1,40219,-1,intermediate_or_same_crystal_interaction,0.44,6093,0,6093,1327
A_only,NEMA,7,30093178,18,3028180,3228,-1,40324,-1,intermediate_or_same_crystal_interaction,0.44,470,0,470,6899
A_only,NEMA,7,30093178,18,3191251,3407,-1,40503,-1,intermediate_or_same_crystal_interaction,0.44,7316,7316,7316,388
A_only,NEMA,7,30093178,18,3332515,3564,-1,40660,-1,intermediate_or_same_crystal_interaction,0.44,1113,0,1113,8084
A_only,NEMA,7,30093178,18,3778809,4043,-1,41139,-1,first_not_crystal_compton,0.44,1383,0,1383,3796
A_only,NEMA,7,30093178,18,3839774,4112,-1,41208,-1,intermediate_or_same_crystal_interaction,0.44,10322,0,10322,2196
B_only,NEMA,7,30093178,18,3919311,-1,2619,-1,25971,accepted,0.44,1616,4370,0,0
A_only,NEMA,7,30093178,18,3926426,4187,-1,41283,-1,first_not_crystal_compton,0.44,4524,0,4524,1772
A_only,NEMA,7,30093178,18,3930256,4188,-1,41284,-1,first_energy_not_closed,0.44,729,5506,729,5506
A_only,NEMA,7,30093178,18,3995254,4260,-1,41356,-1,intermediate_or_same_crystal_interaction,0.44,1143,1143,1143,7456
A_only,NEMA,7,30093178,18,4368804,4661,-1,41757,-1,first_not_crystal_compton,0.44,312,0,1013,9354
A_only,NEMA,7,30093178,18,4467804,4774,-1,41870,-1,first_not_crystal_compton,0.44,8128,0,8128,2125
A_only,NEMA,7,30093178,18,4551332,4875,-1,41971,-1,intermediate_or_same_crystal_interaction,0.44,51,0,51,706
A_only,NEMA,7,30093178,18,4634627,4974,-1,42070,-1,intermediate_or_same_crystal_interaction,0.44,1234,1234,1234,278
A_only,NEMA,7,30093178,18,4667399,5010,-1,42106,-1,intermediate_or_same_crystal_interaction,0.44,1421,0,1421,3131
B_only,NEMA,7,30093178,18,4758985,-1,3204,-1,26556,accepted,0.44,1770,6302,0,0
B_only,NEMA,7,30093178,18,4924533,-1,3319,-1,26671,accepted,0.44,705,3740,0,0
A_only,NEMA,8,30093179,18,22480,26,-1,42499,-1,measured_pair_differs_from_primary,0.44,8907,8908,8907,1196
A_only,NEMA,8,30093179,18,25629,31,-1,42504,-1,intermediate_or_same_crystal_interaction,0.44,607,0,607,3306
A_only,NEMA,8,30093179,18,106418,124,-1,42597,-1,measured_pair_differs_from_primary,0.44,7185,1767,7185,1751
A_only,NEMA,8,30093179,18,157426,174,-1,42647,-1,intermediate_or_same_crystal_interaction,0.44,40,0,40,557
A_only,NEMA,8,30093179,18,307977,325,-1,42798,-1,measured_pair_differs_from_primary,0.44,1336,2986,1336,3056
A_only,NEMA,8,30093179,18,480046,503,-1,42976,-1,measured_pair_differs_from_primary,0.44,936,3317,936,3253
A_only,NEMA,8,30093179,18,513981,541,-1,43014,-1,measured_pair_differs_from_primary,0.44,9174,9173,9174,2034
A_only,NEMA,8,30093179,18,575064,614,-1,43087,-1,measured_pair_differs_from_primary,0.44,1845,1859,1845,9823
A_only,NEMA,8,30093179,18,752085,831,-1,43304,-1,first_energy_not_closed,0.44,1609,5511,1609,5511
A_only,NEMA,8,30093179,18,942814,1049,-1,43522,-1,first_not_crystal_compton,0.44,4888,0,4888,1551
A_only,NEMA,8,30093179,18,1134732,1237,-1,43710,-1,intermediate_or_same_crystal_interaction,0.44,578,578,578,4212
A_only,NEMA,8,30093179,18,1374933,1495,-1,43968,-1,measured_pair_differs_from_primary,0.44,8503,8438,8503,968
A_only,NEMA,8,30093179,18,1420579,1553,-1,44026,-1,intermediate_or_same_crystal_interaction,0.44,245,0,245,1086
A_only,NEMA,8,30093179,18,1521719,1678,-1,44151,-1,intermediate_or_same_crystal_interaction,0.44,215,0,215,5959
A_only,NEMA,8,30093179,18,1598448,1752,-1,44225,-1,measured_pair_differs_from_primary,0.44,585,4714,585,4841
A_only,NEMA,8,30093179,18,1770257,1918,-1,44391,-1,intermediate_or_same_crystal_interaction,0.44,867,0,867,5347
A_only,NEMA,8,30093179,18,2032358,2187,-1,44660,-1,intermediate_or_same_crystal_interaction,0.44,7234,7234,7234,298
A_only,NEMA,8,30093179,18,2099180,2258,-1,44731,-1,intermediate_or_same_crystal_interaction,0.44,699,699,699,196
A_only,NEMA,8,30093179,18,2118899,2282,-1,44755,-1,intermediate_or_same_crystal_interaction,0.44,1200,0,1200,8554
A_only,NEMA,8,30093179,18,2135740,2295,-1,44768,-1,measured_pair_differs_from_primary,0.44,10005,9813,10005,1955
A_only,NEMA,8,30093179,18,2351188,2535,-1,45008,-1,intermediate_or_same_crystal_interaction,0.44,2191,2191,2191,1127
A_only,NEMA,8,30093179,18,2411519,2606,-1,45079,-1,measured_pair_differs_from_primary,0.44,1441,2760,1441,2696
A_only,NEMA,8,30093179,18,2644777,2856,-1,45329,-1,intermediate_or_same_crystal_interaction,0.44,1557,1557,1557,3485
B_only,NEMA,8,30093179,18,2930788,-1,2020,-1,28755,accepted,0.44,2011,6886,0,0
A_only,NEMA,8,30093179,18,3042921,3263,-1,45736,-1,intermediate_or_same_crystal_interaction,0.44,1172,1172,1172,444
A_only,NEMA,8,30093179,18,3177352,3402,-1,45875,-1,intermediate_or_same_crystal_interaction,0.44,1126,0,1126,7957
A_only,NEMA,8,30093179,18,3372487,3601,-1,46074,-1,measured_pair_differs_from_primary,0.44,970,6123,970,6059
A_only,NEMA,8,30093179,18,3565258,3801,-1,46274,-1,first_not_crystal_compton,0.44,1180,0,1180,8302
A_only,NEMA,8,30093179,18,3611847,3837,-1,46310,-1,first_not_crystal_compton,0.44,0,0,2149,163
A_only,NEMA,8,30093179,18,3646524,3868,-1,46341,-1,measured_pair_differs_from_primary,0.44,4584,4519,4584,1479
A_only,NEMA,8,30093179,18,3707736,3940,-1,46413,-1,intermediate_or_same_crystal_interaction,0.44,337,337,337,5510
A_only,NEMA,8,30093179,18,3757266,3990,-1,46463,-1,intermediate_or_same_crystal_interaction,0.44,1414,1414,1414,5479
A_only,NEMA,8,30093179,18,4037021,4308,-1,46781,-1,measured_pair_differs_from_primary,0.44,7329,7393,7329,2080
A_only,NEMA,8,30093179,18,4041105,4312,-1,46785,-1,first_energy_not_closed,0.44,963,1688,963,1688
B_only,NEMA,8,30093179,18,4165154,-1,2844,-1,29579,accepted,0.44,808,6068,0,0
B_only,NEMA,8,30093179,18,4468814,-1,3040,-1,29775,accepted,0.44,701,6700,0,0
A_only,NEMA,8,30093179,18,4539055,4825,-1,47298,-1,intermediate_or_same_crystal_interaction,0.44,1084,0,1084,9399
B_only,NEMA,8,30093179,18,4584012,-1,3107,-1,29842,accepted,0.44,694,6240,0,0
A_only,NEMA,8,30093179,18,4837279,5148,-1,47621,-1,measured_pair_differs_from_primary,0.44,4244,4246,4244,702
A_only,NEMA,9,30093180,18,66448,82,-1,47858,-1,intermediate_or_same_crystal_interaction,0.44,7978,7978,7978,2106
B_only,NEMA,9,30093180,18,407546,-1,270,-1,30383,accepted,0.44,1511,3564,0,0
A_only,NEMA,9,30093180,18,630208,684,-1,48460,-1,first_not_crystal_compton,0.44,1155,0,2207,9296
A_only,NEMA,9,30093180,18,703967,775,-1,48551,-1,intermediate_or_same_crystal_interaction,0.44,1139,0,1139,1968
A_only,NEMA,9,30093180,18,944615,1031,-1,48807,-1,measured_pair_differs_from_primary,0.44,4775,4839,4775,1629
A_only,NEMA,9,30093180,18,1011662,1101,-1,48877,-1,measured_pair_differs_from_primary,0.44,4314,4378,4314,808
A_only,NEMA,9,30093180,18,1236288,1334,-1,49110,-1,intermediate_or_same_crystal_interaction,0.44,5152,5152,5152,1656
A_only,NEMA,9,30093180,18,1825358,1928,-1,49704,-1,measured_pair_differs_from_primary,0.44,1875,5376,1875,5184
A_only,NEMA,9,30093180,18,1913436,2015,-1,49791,-1,measured_pair_differs_from_primary,0.44,4555,4556,4555,1740
A_only,NEMA,9,30093180,18,2207147,2331,-1,50107,-1,intermediate_or_same_crystal_interaction,0.44,949,949,949,435
A_only,NEMA,9,30093180,18,2302133,2438,-1,50214,-1,intermediate_or_same_crystal_interaction,0.44,1798,0,1798,1052
A_only,NEMA,9,30093180,18,2419591,2563,-1,50339,-1,first_not_crystal_compton,0.44,8999,0,8999,1059
A_only,NEMA,9,30093180,18,2478552,2641,-1,50417,-1,intermediate_or_same_crystal_interaction,0.44,158,158,158,837
A_only,NEMA,9,30093180,18,2549264,2713,-1,50489,-1,first_not_crystal_compton,0.44,0,0,1327,2427
A_only,NEMA,9,30093180,18,2653733,2809,-1,50585,-1,intermediate_or_same_crystal_interaction,0.44,8473,8473,8473,1970
A_only,NEMA,9,30093180,18,2964909,3116,-1,50892,-1,first_not_crystal_compton,0.44,342,0,985,2038
A_only,NEMA,9,30093180,18,3168069,3338,-1,51114,-1,measured_pair_differs_from_primary,0.44,2128,8392,2128,8265
A_only,NEMA,9,30093180,18,3179697,3350,-1,51126,-1,measured_pair_differs_from_primary,0.44,10195,10131,10195,995
A_only,NEMA,9,30093180,18,3383952,3555,-1,51331,-1,intermediate_or_same_crystal_interaction,0.44,3411,3411,3411,109
A_only,NEMA,9,30093180,18,3805358,3979,-1,51755,-1,first_not_crystal_compton,0.44,1043,0,1043,345
A_only,NEMA,9,30093180,18,3848202,4017,-1,51793,-1,measured_pair_differs_from_primary,0.44,2168,2167,2168,9355
A_only,NEMA,9,30093180,18,4010620,4202,-1,51978,-1,measured_pair_differs_from_primary,0.44,1217,5423,1217,1625
A_only,NEMA,9,30093180,18,4170888,4384,-1,52160,-1,intermediate_or_same_crystal_interaction,0.44,728,728,728,7592
A_only,NEMA,9,30093180,18,4247364,4463,-1,52239,-1,measured_pair_differs_from_primary,0.44,1796,8730,1796,8794
A_only,NEMA,9,30093180,18,4297926,4509,-1,52285,-1,measured_pair_differs_from_primary,0.44,10043,10042,10043,2190
A_only,NEMA,9,30093180,18,4314529,4524,-1,52300,-1,intermediate_or_same_crystal_interaction,0.44,2118,0,2118,10000
A_only,NEMA,9,30093180,18,4416586,4629,-1,52405,-1,intermediate_or_same_crystal_interaction,0.44,838,0,838,5894
A_only,NEMA,9,30093180,18,4438099,4652,-1,52428,-1,intermediate_or_same_crystal_interaction,0.44,8735,0,8735,1777
A_only,NEMA,9,30093180,18,4461342,4672,-1,52448,-1,measured_pair_differs_from_primary,0.44,1753,9970,1753,9971
A_only,NEMA,9,30093180,18,4874805,5132,-1,52908,-1,measured_pair_differs_from_primary,0.44,9220,9221,9220,2058
A_only,NEMA,0,30093181,19,350414,353,-1,353,-1,first_not_crystal_compton,0.44,1113,0,7199,1974
B_only,NEMA,0,30093181,19,438122,-1,270,-1,270,accepted,0.44,880,1602,0,0
A_only,NEMA,0,30093181,19,469284,486,-1,486,-1,first_not_crystal_compton,0.44,2226,0,2226,9883
A_only,NEMA,0,30093181,19,979840,1001,-1,1001,-1,intermediate_or_same_crystal_interaction,0.44,1799,1799,1799,5738
A_only,NEMA,0,30093181,19,985520,1010,-1,1010,-1,measured_pair_differs_from_primary,0.44,1093,6888,1093,6824
A_only,NEMA,0,30093181,19,1165209,1185,-1,1185,-1,intermediate_or_same_crystal_interaction,0.44,281,0,281,1922
A_only,NEMA,0,30093181,19,1317231,1366,-1,1366,-1,first_energy_not_closed,0.44,1999,1018,1999,1018
A_only,NEMA,0,30093181,19,1463321,1502,-1,1502,-1,intermediate_or_same_crystal_interaction,0.44,662,662,662,3068
A_only,NEMA,0,30093181,19,1599141,1653,-1,1653,-1,first_not_crystal_compton,0.44,0,0,1509,4303
A_only,NEMA,0,30093181,19,1864941,1923,-1,1923,-1,intermediate_or_same_crystal_interaction,0.44,2185,2185,2185,1092
A_only,NEMA,0,30093181,19,1875725,1941,-1,1941,-1,intermediate_or_same_crystal_interaction,0.44,1201,1201,1201,379
A_only,NEMA,0,30093181,19,2017422,2095,-1,2095,-1,measured_pair_differs_from_primary,0.44,7227,7610,7227,2279
A_only,NEMA,0,30093181,19,2104889,2197,-1,2197,-1,intermediate_or_same_crystal_interaction,0.44,1995,0,1995,793
A_only,NEMA,0,30093181,19,2426467,2530,-1,2530,-1,first_not_crystal_compton,0.44,0,0,1311,3512
B_only,NEMA,0,30093181,19,2568765,-1,1662,-1,1662,accepted,0.44,2140,9600,0,0
A_only,NEMA,0,30093181,19,3178838,3287,-1,3287,-1,intermediate_or_same_crystal_interaction,0.44,4911,4911,4911,1569
A_only,NEMA,0,30093181,19,3330198,3441,-1,3441,-1,first_energy_not_closed,0.44,235,596,235,596
A_only,NEMA,0,30093181,19,3462952,3569,-1,3569,-1,intermediate_or_same_crystal_interaction,0.44,10341,10341,10341,2223
A_only,NEMA,0,30093181,19,3954171,4080,-1,4080,-1,measured_pair_differs_from_primary,0.44,346,6200,346,6137
A_only,NEMA,0,30093181,19,3999880,4126,-1,4126,-1,intermediate_or_same_crystal_interaction,0.44,7580,7580,7580,1878
A_only,NEMA,0,30093181,19,4104732,4225,-1,4225,-1,intermediate_or_same_crystal_interaction,0.44,4127,4127,4127,1528
A_only,NEMA,0,30093181,19,4117447,4239,-1,4239,-1,measured_pair_differs_from_primary,0.44,6785,6786,6785,896
A_only,NEMA,0,30093181,19,4163537,4292,-1,4292,-1,intermediate_or_same_crystal_interaction,0.44,721,0,721,6635
A_only,NEMA,0,30093181,19,4359702,4502,-1,4502,-1,intermediate_or_same_crystal_interaction,0.44,1007,0,1007,7262
A_only,NEMA,0,30093181,19,4539566,4672,-1,4672,-1,first_not_crystal_compton,0.44,86,0,3543,1398
A_only,NEMA,0,30093181,19,4553328,4689,-1,4689,-1,measured_pair_differs_from_primary,0.44,1155,1900,1155,1880
A_only,NEMA,0,30093181,19,4553657,4690,-1,4690,-1,measured_pair_differs_from_primary,0.44,1492,4952,1492,5207
A_only,NEMA,0,30093181,19,4575230,4714,-1,4714,-1,measured_pair_differs_from_primary,0.44,2100,7826,2100,7760
A_only,NEMA,0,30093181,19,4776291,4931,-1,4931,-1,measured_pair_differs_from_primary,0.44,4459,4523,4459,954
A_only,NEMA,0,30093181,19,4828059,4993,-1,4993,-1,intermediate_or_same_crystal_interaction,0.44,640,0,640,5721
A_only,NEMA,0,30093181,19,4834847,5001,-1,5001,-1,first_not_crystal_compton,0.44,279,0,279,6548
A_only,NEMA,1,30093182,19,63862,67,-1,5241,-1,measured_pair_differs_from_primary,0.44,7712,1097,7712,411
A_only,NEMA,1,30093182,19,222715,228,-1,5402,-1,measured_pair_differs_from_primary,0.44,1199,7313,1199,7248
A_only,NEMA,1,30093182,19,460263,488,-1,5662,-1,intermediate_or_same_crystal_interaction,0.44,468,468,468,2117
A_only,NEMA,1,30093182,19,657751,688,-1,5862,-1,intermediate_or_same_crystal_interaction,0.44,763,0,763,3063
A_only,NEMA,1,30093182,19,777399,815,-1,5989,-1,intermediate_or_same_crystal_interaction,0.44,408,0,408,7955
A_only,NEMA,1,30093182,19,785741,818,-1,5992,-1,intermediate_or_same_crystal_interaction,0.44,916,0,916,1502
A_only,NEMA,1,30093182,19,880269,914,-1,6088,-1,measured_pair_differs_from_primary,0.44,1977,9314,1977,9504
A_only,NEMA,1,30093182,19,898216,935,-1,6109,-1,measured_pair_differs_from_primary,0.44,7108,1038,7108,364
A_only,NEMA,1,30093182,19,966853,994,-1,6168,-1,first_energy_not_closed,0.44,462,7539,462,7539
A_only,NEMA,1,30093182,19,1005658,1046,-1,6220,-1,first_not_crystal_compton,0.44,1669,0,1669,5086
A_only,NEMA,1,30093182,19,1020532,1064,-1,6238,-1,measured_pair_differs_from_primary,0.44,5787,5658,5787,1322
A_only,NEMA,1,30093182,19,1067059,1118,-1,6292,-1,measured_pair_differs_from_primary,0.44,5117,5052,5117,594
A_only,NEMA,1,30093182,19,1198775,1232,-1,6406,-1,measured_pair_differs_from_primary,0.44,1887,5562,1887,5498
A_only,NEMA,1,30093182,19,1356256,1420,-1,6594,-1,measured_pair_differs_from_primary,0.44,409,957,409,945
A_only,NEMA,1,30093182,19,1481648,1567,-1,6741,-1,first_not_crystal_compton,0.44,1696,0,1696,4926
A_only,NEMA,1,30093182,19,2067223,2121,-1,7295,-1,intermediate_or_same_crystal_interaction,0.44,1253,0,1253,7568
A_only,NEMA,1,30093182,19,2088371,2144,-1,7318,-1,first_not_crystal_compton,0.44,125,0,1497,3893
A_only,NEMA,1,30093182,19,2549832,2598,-1,7772,-1,measured_pair_differs_from_primary,0.44,827,4756,827,4691
A_only,NEMA,1,30093182,19,2610486,2646,-1,7820,-1,intermediate_or_same_crystal_interaction,0.44,1359,1359,1359,3371
A_only,NEMA,1,30093182,19,2639516,2674,-1,7848,-1,measured_pair_differs_from_primary,0.44,9931,9867,9931,1815
A_only,NEMA,1,30093182,19,2670803,2708,-1,7882,-1,measured_pair_differs_from_primary,0.44,1752,8496,1752,8624
A_only,NEMA,1,30093182,19,2828510,2854,-1,8028,-1,intermediate_or_same_crystal_interaction,0.44,2058,2058,2058,1178
A_only,NEMA,1,30093182,19,2840365,2869,-1,8043,-1,intermediate_or_same_crystal_interaction,0.44,1325,1325,1325,5455
A_only,NEMA,1,30093182,19,2908515,2935,-1,8109,-1,intermediate_or_same_crystal_interaction,0.44,2262,0,2262,9672
A_only,NEMA,1,30093182,19,2994045,3017,-1,8191,-1,first_not_crystal_compton,0.44,823,0,823,1492
A_only,NEMA,1,30093182,19,3377870,3404,-1,8578,-1,first_not_crystal_compton,0.44,7608,0,7608,1078
A_only,NEMA,1,30093182,19,3658737,3678,-1,8852,-1,first_not_crystal_compton,0.44,1159,0,1159,1724
A_only,NEMA,1,30093182,19,3699011,3720,-1,8894,-1,first_not_crystal_compton,0.44,0,0,7818,1176
A_only,NEMA,1,30093182,19,3787418,3812,-1,8986,-1,intermediate_or_same_crystal_interaction,0.44,470,470,470,1169
A_only,NEMA,1,30093182,19,3841461,3872,-1,9046,-1,first_not_crystal_compton,0.44,0,0,6315,1124
A_only,NEMA,1,30093182,19,3924595,3958,-1,9132,-1,intermediate_or_same_crystal_interaction,0.44,178,0,178,1765
A_only,NEMA,1,30093182,19,4267540,4329,-1,9503,-1,first_not_crystal_compton,0.44,912,0,6170,1819
A_only,NEMA,1,30093182,19,4884251,4948,-1,10122,-1,intermediate_or_same_crystal_interaction,0.44,1715,1715,1715,4288
A_only,NEMA,1,30093182,19,4907927,4973,-1,10147,-1,intermediate_or_same_crystal_interaction,0.44,1123,1123,1123,389
A_only,NEMA,2,30093183,19,172987,161,-1,10411,-1,first_energy_not_closed,0.44,993,2003,993,2003
A_only,NEMA,2,30093183,19,312862,299,-1,10549,-1,first_not_crystal_compton,0.44,0,0,648,5212
A_only,NEMA,2,30093183,19,478061,484,-1,10734,-1,first_not_crystal_compton,0.44,7905,0,7969,1754
A_only,NEMA,2,30093183,19,583325,597,-1,10847,-1,measured_pair_differs_from_primary,0.44,8905,8651,8905,653
A_only,NEMA,2,30093183,19,781706,797,-1,11047,-1,first_not_crystal_compton,0.44,0,0,8721,2281
A_only,NEMA,2,30093183,19,817223,836,-1,11086,-1,measured_pair_differs_from_primary,0.44,7266,7202,7266,186
A_only,NEMA,2,30093183,19,952775,978,-1,11228,-1,intermediate_or_same_crystal_interaction,0.44,411,0,411,8555
A_only,NEMA,2,30093183,19,1234646,1304,-1,11554,-1,intermediate_or_same_crystal_interaction,0.44,500,500,500,9655
A_only,NEMA,2,30093183,19,1437602,1506,-1,11756,-1,measured_pair_differs_from_primary,0.44,1763,5242,1763,5243
A_only,NEMA,2,30093183,19,1721554,1773,-1,12023,-1,measured_pair_differs_from_primary,0.44,3553,3617,3553,826
A_only,NEMA,2,30093183,19,1918462,1974,-1,12224,-1,intermediate_or_same_crystal_interaction,0.44,266,0,266,4243
A_only,NEMA,2,30093183,19,2156031,2198,-1,12448,-1,measured_pair_differs_from_primary,0.44,10475,10474,10475,2251
A_only,NEMA,2,30093183,19,2232735,2273,-1,12523,-1,intermediate_or_same_crystal_interaction,0.44,1598,0,1598,4235
A_only,NEMA,2,30093183,19,2356473,2417,-1,12667,-1,measured_pair_differs_from_primary,0.44,1729,5469,1729,5408
A_only,NEMA,2,30093183,19,3333322,3410,-1,13660,-1,first_not_crystal_compton,0.44,0,0,758,5472
A_only,NEMA,2,30093183,19,3351062,3426,-1,13676,-1,measured_pair_differs_from_primary,0.44,1017,1962,1017,1961
A_only,NEMA,2,30093183,19,3945188,4032,-1,14282,-1,measured_pair_differs_from_primary,0.44,313,5180,313,5052
A_only,NEMA,2,30093183,19,3979860,4075,-1,14325,-1,measured_pair_differs_from_primary,0.44,10234,10170,10234,1484
B_only,NEMA,2,30093183,19,3986903,-1,2558,-1,8980,accepted,0.44,2985,1294,0,0
A_only,NEMA,2,30093183,19,4028158,4130,-1,14380,-1,first_not_crystal_compton,0.44,1697,0,1697,3065
A_only,NEMA,2,30093183,19,4613257,4702,-1,14952,-1,measured_pair_differs_from_primary,0.44,4580,4645,4580,740
A_only,NEMA,2,30093183,19,4774274,4867,-1,15117,-1,first_not_crystal_compton,0.44,8891,0,8891,406
A_only,NEMA,2,30093183,19,4863589,4950,-1,15200,-1,measured_pair_differs_from_primary,0.44,8348,8349,8348,2040
A_only,NEMA,3,30093184,19,494567,515,-1,15854,-1,measured_pair_differs_from_primary,0.44,299,7861,299,7926
A_only,NEMA,3,30093184,19,1051652,1108,-1,16447,-1,measured_pair_differs_from_primary,0.44,1136,8981,1136,8659
A_only,NEMA,3,30093184,19,1216905,1307,-1,16646,-1,intermediate_or_same_crystal_interaction,0.44,1223,1223,1223,10419
A_only,NEMA,3,30093184,19,1281018,1381,-1,16720,-1,measured_pair_differs_from_primary,0.44,249,7094,249,7159
A_only,NEMA,3,30093184,19,1952527,2055,-1,17394,-1,intermediate_or_same_crystal_interaction,0.44,10016,10016,10016,1196
B_only,NEMA,3,30093184,19,1961525,-1,1315,-1,10913,accepted,0.44,1957,7263,0,0
B_only,NEMA,3,30093184,19,2228985,-1,1493,-1,11091,accepted,0.44,442,1195,0,0
A_only,NEMA,3,30093184,19,2341139,2459,-1,17798,-1,intermediate_or_same_crystal_interaction,0.44,4015,4015,4015,1656
A_only,NEMA,3,30093184,19,2498902,2621,-1,17960,-1,intermediate_or_same_crystal_interaction,0.44,7498,7498,7498,294
A_only,NEMA,3,30093184,19,2734495,2858,-1,18197,-1,first_not_crystal_compton,0.44,147,0,1462,4081
A_only,NEMA,3,30093184,19,2988024,3132,-1,18471,-1,first_energy_not_closed,0.44,732,6839,732,6839
A_only,NEMA,3,30093184,19,3069597,3221,-1,18560,-1,intermediate_or_same_crystal_interaction,0.44,282,0,282,7132
A_only,NEMA,3,30093184,19,3095260,3246,-1,18585,-1,first_not_crystal_compton,0.44,0,0,2175,8376
A_only,NEMA,3,30093184,19,3095742,3247,-1,18586,-1,intermediate_or_same_crystal_interaction,0.44,240,0,240,2278
A_only,NEMA,3,30093184,19,3366541,3533,-1,18872,-1,measured_pair_differs_from_primary,0.44,2131,2105,2131,7116
A_only,NEMA,3,30093184,19,3392810,3554,-1,18893,-1,measured_pair_differs_from_primary,0.44,5232,5233,5232,572
A_only,NEMA,3,30093184,19,3744820,3938,-1,19277,-1,measured_pair_differs_from_primary,0.44,10078,10013,10078,1546
A_only,NEMA,3,30093184,19,3807848,4000,-1,19339,-1,first_not_crystal_compton,0.44,169,0,169,8027
A_only,NEMA,3,30093184,19,3935289,4127,-1,19466,-1,first_not_crystal_compton,0.44,0,0,4557,1585
A_only,NEMA,3,30093184,19,4095654,4298,-1,19637,-1,first_not_crystal_compton,0.44,0,0,632,5686
A_only,NEMA,3,30093184,19,4664127,4890,-1,20229,-1,measured_pair_differs_from_primary,0.44,524,2446,524,2444
A_only,NEMA,3,30093184,19,4706630,4938,-1,20277,-1,first_not_crystal_compton,0.44,326,0,326,5391
A_only,NEMA,3,30093184,19,4827381,5060,-1,20399,-1,measured_pair_differs_from_primary,0.44,353,1013,353,7061
A_only,NEMA,4,30093185,19,251727,263,-1,20844,-1,measured_pair_differs_from_primary,0.44,492,9095,492,9031
A_only,NEMA,4,30093185,19,374356,386,-1,20967,-1,intermediate_or_same_crystal_interaction,0.44,122,0,122,5890
A_only,NEMA,4,30093185,19,676211,687,-1,21268,-1,measured_pair_differs_from_primary,0.44,5226,5035,5226,76
A_only,NEMA,4,30093185,19,921884,938,-1,21519,-1,intermediate_or_same_crystal_interaction,0.44,9681,9681,9681,206
A_only,NEMA,4,30093185,19,1135201,1160,-1,21741,-1,intermediate_or_same_crystal_interaction,0.44,319,0,319,2758
A_only,NEMA,4,30093185,19,1433511,1490,-1,22071,-1,first_not_crystal_compton,0.44,9937,0,9936,2035
A_only,NEMA,4,30093185,19,1558804,1627,-1,22208,-1,first_not_crystal_compton,0.44,0,0,1881,8102
A_only,NEMA,4,30093185,19,1652996,1714,-1,22295,-1,first_not_crystal_compton,0.44,4145,0,4145,1601
A_only,NEMA,4,30093185,19,1710736,1773,-1,22354,-1,measured_pair_differs_from_primary,0.44,1642,3784,1642,3783
A_only,NEMA,4,30093185,19,2401599,2501,-1,23082,-1,measured_pair_differs_from_primary,0.44,4798,4732,4798,1299
B_only,NEMA,4,30093185,19,2474587,-1,1641,-1,14545,accepted,0.44,1205,7583,0,0
A_only,NEMA,4,30093185,19,2545985,2628,-1,23209,-1,first_not_crystal_compton,0.44,0,0,1690,709
A_only,NEMA,4,30093185,19,2620423,2705,-1,23286,-1,measured_pair_differs_from_primary,0.44,1305,8205,1305,8269
A_only,NEMA,4,30093185,19,2903353,3009,-1,23590,-1,intermediate_or_same_crystal_interaction,0.44,3194,3194,3194,1375
A_only,NEMA,4,30093185,19,3011505,3132,-1,23713,-1,measured_pair_differs_from_primary,0.44,6696,6633,6696,841
A_only,NEMA,4,30093185,19,3179905,3307,-1,23888,-1,first_energy_not_closed,0.44,2063,890,2063,890
A_only,NEMA,4,30093185,19,3198650,3329,-1,23910,-1,measured_pair_differs_from_primary,0.44,9202,9008,9202,899
A_only,NEMA,4,30093185,19,3235079,3369,-1,23950,-1,first_not_crystal_compton,0.44,971,0,971,6703
A_only,NEMA,4,30093185,19,3354879,3495,-1,24076,-1,measured_pair_differs_from_primary,0.44,10101,2155,10101,1106
A_only,NEMA,4,30093185,19,3553384,3691,-1,24272,-1,intermediate_or_same_crystal_interaction,0.44,6041,6041,6041,797
A_only,NEMA,4,30093185,19,3588639,3719,-1,24300,-1,measured_pair_differs_from_primary,0.44,1055,1035,1055,1789
A_only,NEMA,4,30093185,19,4032944,4157,-1,24738,-1,measured_pair_differs_from_primary,0.44,405,962,405,3969
A_only,NEMA,4,30093185,19,4097359,4217,-1,24798,-1,intermediate_or_same_crystal_interaction,0.44,1681,0,1681,2880
A_only,NEMA,4,30093185,19,4304279,4439,-1,25020,-1,measured_pair_differs_from_primary,0.44,2129,8674,2129,8807
A_only,NEMA,4,30093185,19,4359739,4512,-1,25093,-1,measured_pair_differs_from_primary,0.44,1887,8426,1887,8552
A_only,NEMA,4,30093185,19,4657583,4838,-1,25419,-1,intermediate_or_same_crystal_interaction,0.44,287,0,287,3738
A_only,NEMA,4,30093185,19,4783613,4974,-1,25555,-1,measured_pair_differs_from_primary,0.44,6564,6628,6564,1897
A_only,NEMA,4,30093185,19,4851792,5051,-1,25632,-1,measured_pair_differs_from_primary,0.44,9320,1704,9320,1665
A_only,NEMA,4,30093185,19,4897328,5094,-1,25675,-1,measured_pair_differs_from_primary,0.44,6,1436,6,4205
A_only,NEMA,4,30093185,19,4903358,5104,-1,25685,-1,measured_pair_differs_from_primary,0.44,6421,6614,6421,1195
A_only,NEMA,5,30093186,19,187177,199,-1,25972,-1,intermediate_or_same_crystal_interaction,0.44,4584,4584,4584,1583
A_only,NEMA,5,30093186,19,448774,462,-1,26235,-1,measured_pair_differs_from_primary,0.44,3842,3906,3842,1876
A_only,NEMA,5,30093186,19,799553,805,-1,26578,-1,intermediate_or_same_crystal_interaction,0.44,125,0,125,6132
A_only,NEMA,5,30093186,19,814425,821,-1,26594,-1,intermediate_or_same_crystal_interaction,0.44,6952,0,6952,1702
A_only,NEMA,5,30093186,19,850645,851,-1,26624,-1,intermediate_or_same_crystal_interaction,0.44,1321,1321,1321,102
A_only,NEMA,5,30093186,19,1031094,1038,-1,26811,-1,measured_pair_differs_from_primary,0.44,6089,6026,6089,1706
A_only,NEMA,5,30093186,19,1213566,1249,-1,27022,-1,measured_pair_differs_from_primary,0.44,1527,7109,1527,7237
A_only,NEMA,5,30093186,19,1386017,1437,-1,27210,-1,measured_pair_differs_from_primary,0.44,1427,3667,1427,3668
A_only,NEMA,5,30093186,19,1426854,1480,-1,27253,-1,intermediate_or_same_crystal_interaction,0.44,79,0,79,10026
B_only,NEMA,5,30093186,19,1725032,-1,1147,-1,17336,accepted,0.44,1691,5085,0,0
A_only,NEMA,5,30093186,19,2074564,2106,-1,27879,-1,first_not_crystal_compton,0.44,0,0,8334,2094
A_only,NEMA,5,30093186,19,2670833,2744,-1,28517,-1,measured_pair_differs_from_primary,0.44,6392,6261,6392,1643
A_only,NEMA,5,30093186,19,2988368,3072,-1,28845,-1,measured_pair_differs_from_primary,0.44,314,4171,314,4108
A_only,NEMA,5,30093186,19,3059537,3143,-1,28916,-1,first_not_crystal_compton,0.44,737,0,737,64
A_only,NEMA,5,30093186,19,3451717,3507,-1,29280,-1,first_not_crystal_compton,0.44,776,0,1633,6660
A_only,NEMA,5,30093186,19,3606185,3663,-1,29436,-1,intermediate_or_same_crystal_interaction,0.44,1584,1584,1584,830
A_only,NEMA,5,30093186,19,3627561,3685,-1,29458,-1,intermediate_or_same_crystal_interaction,0.44,8345,0,8345,2260
A_only,NEMA,5,30093186,19,3690155,3744,-1,29517,-1,intermediate_or_same_crystal_interaction,0.44,1608,1608,1608,5261
A_only,NEMA,5,30093186,19,3707664,3757,-1,29530,-1,first_not_crystal_compton,0.44,866,0,866,224
A_only,NEMA,5,30093186,19,4142996,4216,-1,29989,-1,measured_pair_differs_from_primary,0.44,1086,1825,1086,5222
A_only,NEMA,5,30093186,19,4174147,4245,-1,30018,-1,intermediate_or_same_crystal_interaction,0.44,1416,1416,1416,708
A_only,NEMA,5,30093186,19,4316900,4378,-1,30151,-1,intermediate_or_same_crystal_interaction,0.44,5483,5483,5483,1659
A_only,NEMA,5,30093186,19,4493958,4552,-1,30325,-1,intermediate_or_same_crystal_interaction,0.44,1520,1520,1520,135
B_only,NEMA,6,30093187,19,22440,-1,18,-1,19406,accepted,0.44,5844,1441,0,0
A_only,NEMA,6,30093187,19,40700,35,-1,30888,-1,first_energy_not_closed,0.44,707,3696,707,3696
A_only,NEMA,6,30093187,19,63665,56,-1,30909,-1,first_not_crystal_compton,0.44,0,0,2106,9420
A_only,NEMA,6,30093187,19,148685,137,-1,30990,-1,measured_pair_differs_from_primary,0.44,1440,5123,1440,5187
A_only,NEMA,6,30093187,19,271099,263,-1,31116,-1,intermediate_or_same_crystal_interaction,0.44,1007,1007,1007,291
A_only,NEMA,6,30093187,19,367474,357,-1,31210,-1,measured_pair_differs_from_primary,0.44,6136,6072,6136,1677
A_only,NEMA,6,30093187,19,428926,415,-1,31268,-1,measured_pair_differs_from_primary,0.44,5565,5495,5565,1593
A_only,NEMA,6,30093187,19,504735,476,-1,31329,-1,first_not_crystal_compton,0.44,495,0,495,1100
A_only,NEMA,6,30093187,19,802840,782,-1,31635,-1,first_not_crystal_compton,0.44,360,0,8428,1881
A_only,NEMA,6,30093187,19,840612,821,-1,31674,-1,intermediate_or_same_crystal_interaction,0.44,1032,0,1032,434
A_only,NEMA,6,30093187,19,965311,967,-1,31820,-1,intermediate_or_same_crystal_interaction,0.44,366,0,366,1106
A_only,NEMA,6,30093187,19,974077,981,-1,31834,-1,measured_pair_differs_from_primary,0.44,1993,4128,1993,4064
A_only,NEMA,6,30093187,19,1111064,1161,-1,32014,-1,intermediate_or_same_crystal_interaction,0.44,325,0,325,1902
A_only,NEMA,6,30093187,19,1289349,1344,-1,32197,-1,first_not_crystal_compton,0.44,8097,0,8097,1953
A_only,NEMA,6,30093187,19,1307989,1363,-1,32216,-1,measured_pair_differs_from_primary,0.44,756,769,756,281
A_only,NEMA,6,30093187,19,1337836,1388,-1,32241,-1,intermediate_or_same_crystal_interaction,0.44,219,0,219,5224
A_only,NEMA,6,30093187,19,1884974,1922,-1,32775,-1,measured_pair_differs_from_primary,0.44,7689,7366,7689,1702
A_only,NEMA,6,30093187,19,1972380,2008,-1,32861,-1,measured_pair_differs_from_primary,0.44,8674,8611,8674,1932
B_only,NEMA,6,30093187,19,2113644,-1,1342,-1,20730,accepted,0.44,1450,3674,0,0
A_only,NEMA,6,30093187,19,2637467,2683,-1,33536,-1,first_not_crystal_compton,0.44,1741,0,5868,1004
A_only,NEMA,6,30093187,19,2754486,2799,-1,33652,-1,measured_pair_differs_from_primary,0.44,2926,2989,2926,658
A_only,NEMA,6,30093187,19,2808299,2843,-1,33696,-1,intermediate_or_same_crystal_interaction,0.44,744,0,744,3162
A_only,NEMA,6,30093187,19,2952571,2977,-1,33830,-1,intermediate_or_same_crystal_interaction,0.44,898,898,898,8488
A_only,NEMA,6,30093187,19,2983405,3003,-1,33856,-1,first_not_crystal_compton,0.44,1626,0,1626,2598
A_only,NEMA,6,30093187,19,2997216,3024,-1,33877,-1,measured_pair_differs_from_primary,0.44,948,1801,948,1802
A_only,NEMA,6,30093187,19,3047689,3074,-1,33927,-1,intermediate_or_same_crystal_interaction,0.44,8766,8766,8766,1175
A_only,NEMA,6,30093187,19,3138186,3161,-1,34014,-1,intermediate_or_same_crystal_interaction,0.44,9775,9775,9775,1199
A_only,NEMA,6,30093187,19,4158740,4180,-1,35033,-1,measured_pair_differs_from_primary,0.44,2803,2804,2803,1377
A_only,NEMA,6,30093187,19,4377565,4398,-1,35251,-1,intermediate_or_same_crystal_interaction,0.44,1041,0,1041,6059
A_only,NEMA,6,30093187,19,4433573,4457,-1,35310,-1,measured_pair_differs_from_primary,0.44,1716,6842,1716,6907
A_only,NEMA,6,30093187,19,4522865,4549,-1,35402,-1,intermediate_or_same_crystal_interaction,0.44,9314,9314,9314,1930
A_only,NEMA,6,30093187,19,4776267,4810,-1,35663,-1,measured_pair_differs_from_primary,0.44,153,740,153,4508
A_only,NEMA,6,30093187,19,4975152,5011,-1,35864,-1,measured_pair_differs_from_primary,0.44,9708,9707,9708,2167
A_only,NEMA,7,30093188,19,227091,243,-1,36139,-1,measured_pair_differs_from_primary,0.44,8315,8379,8315,2208
A_only,NEMA,7,30093188,19,1165423,1177,-1,37073,-1,measured_pair_differs_from_primary,0.44,1446,3255,1446,3194
A_only,NEMA,7,30093188,19,1264284,1292,-1,37188,-1,intermediate_or_same_crystal_interaction,0.44,349,0,349,6834
A_only,NEMA,7,30093188,19,1350044,1395,-1,37291,-1,measured_pair_differs_from_primary,0.44,4061,807,4061,821
A_only,NEMA,7,30093188,19,1966745,2029,-1,37925,-1,measured_pair_differs_from_primary,0.44,743,1569,743,3274
A_only,NEMA,7,30093188,19,1969354,2033,-1,37929,-1,measured_pair_differs_from_primary,0.44,2205,9296,2205,9293
A_only,NEMA,7,30093188,19,2202276,2276,-1,38172,-1,measured_pair_differs_from_primary,0.44,322,1945,322,7915
A_only,NEMA,7,30093188,19,2749183,2852,-1,38748,-1,intermediate_or_same_crystal_interaction,0.44,518,518,518,3773
A_only,NEMA,7,30093188,19,2937889,3055,-1,38951,-1,intermediate_or_same_crystal_interaction,0.44,4961,4961,4961,672
A_only,NEMA,7,30093188,19,3217292,3360,-1,39256,-1,measured_pair_differs_from_primary,0.44,7231,7486,7231,1239
A_only,NEMA,7,30093188,19,3358666,3492,-1,39388,-1,first_not_crystal_compton,0.44,9681,0,9681,2147
A_only,NEMA,7,30093188,19,3646107,3784,-1,39680,-1,first_not_crystal_compton,0.44,0,0,9395,1900
A_only,NEMA,7,30093188,19,3855334,4006,-1,39902,-1,measured_pair_differs_from_primary,0.44,7000,7064,7000,1034
A_only,NEMA,7,30093188,19,4125899,4298,-1,40194,-1,measured_pair_differs_from_primary,0.44,1065,6177,1065,6113
A_only,NEMA,7,30093188,19,4225079,4402,-1,40298,-1,measured_pair_differs_from_primary,0.44,1539,3338,1539,3274
A_only,NEMA,7,30093188,19,4385713,4535,-1,40431,-1,measured_pair_differs_from_primary,0.44,1042,1805,1042,1804
A_only,NEMA,7,30093188,19,4539767,4679,-1,40575,-1,first_not_crystal_compton,0.44,6,0,6,1534
A_only,NEMA,7,30093188,19,4641877,4814,-1,40710,-1,first_not_crystal_compton,0.44,0,0,5042,643
A_only,NEMA,7,30093188,19,4829945,5000,-1,40896,-1,intermediate_or_same_crystal_interaction,0.44,2183,0,2183,10039
A_only,NEMA,7,30093188,19,4922767,5093,-1,40989,-1,intermediate_or_same_crystal_interaction,0.44,2314,2314,2314,1304
B_only,NEMA,8,30093189,19,155673,-1,117,-1,25876,accepted,0.44,9218,2233,0,0
A_only,NEMA,8,30093189,19,400475,423,-1,41485,-1,first_not_crystal_compton,0.44,0,0,1867,7283
A_only,NEMA,8,30093189,19,576419,611,-1,41673,-1,measured_pair_differs_from_primary,0.44,388,387,388,7450
A_only,NEMA,8,30093189,19,707246,746,-1,41808,-1,measured_pair_differs_from_primary,0.44,978,6857,978,6791
B_only,NEMA,8,30093189,19,847906,-1,586,-1,26345,accepted,0.44,1506,3895,0,0
A_only,NEMA,8,30093189,19,912420,986,-1,42048,-1,first_not_crystal_compton,0.44,8159,0,8159,1173
A_only,NEMA,8,30093189,19,1293808,1377,-1,42439,-1,first_not_crystal_compton,0.44,1523,0,1523,4566
A_only,NEMA,8,30093189,19,1801947,1883,-1,42945,-1,first_energy_not_closed,0.44,394,8348,394,8348
A_only,NEMA,8,30093189,19,2079554,2197,-1,43259,-1,first_not_crystal_compton,0.44,950,0,950,8863
A_only,NEMA,8,30093189,19,2127669,2258,-1,43320,-1,intermediate_or_same_crystal_interaction,0.44,828,828,828,7205
A_only,NEMA,8,30093189,19,2365193,2490,-1,43552,-1,measured_pair_differs_from_primary,0.44,7896,7961,7896,1868
A_only,NEMA,8,30093189,19,2511564,2625,-1,43687,-1,intermediate_or_same_crystal_interaction,0.44,6866,6866,6866,1776
A_only,NEMA,8,30093189,19,2723252,2846,-1,43908,-1,measured_pair_differs_from_primary,0.44,1537,4432,1537,4433
A_only,NEMA,8,30093189,19,2839592,2974,-1,44036,-1,first_not_crystal_compton,0.44,1499,0,3369,1514
A_only,NEMA,8,30093189,19,2869787,3006,-1,44068,-1,measured_pair_differs_from_primary,0.44,126,7965,126,8029
A_only,NEMA,8,30093189,19,3460825,3634,-1,44696,-1,intermediate_or_same_crystal_interaction,0.44,1072,1072,1072,6557
A_only,NEMA,8,30093189,19,3494376,3671,-1,44733,-1,intermediate_or_same_crystal_interaction,0.44,1294,1294,1294,2551
A_only,NEMA,8,30093189,19,3603416,3787,-1,44849,-1,measured_pair_differs_from_primary,0.44,312,305,312,616
A_only,NEMA,8,30093189,19,3827196,4005,-1,45067,-1,intermediate_or_same_crystal_interaction,0.44,1448,1448,1448,4012
A_only,NEMA,8,30093189,19,3873612,4048,-1,45110,-1,measured_pair_differs_from_primary,0.44,1802,4889,1802,4761
A_only,NEMA,8,30093189,19,3903160,4078,-1,45140,-1,measured_pair_differs_from_primary,0.44,9384,1032,9384,315
A_only,NEMA,8,30093189,19,3984560,4166,-1,45228,-1,intermediate_or_same_crystal_interaction,0.44,3115,3115,3115,1421
A_only,NEMA,8,30093189,19,4638798,4831,-1,45893,-1,measured_pair_differs_from_primary,0.44,5737,1819,5737,1071
A_only,NEMA,8,30093189,19,4648077,4844,-1,45906,-1,measured_pair_differs_from_primary,0.44,6608,6482,6608,1391
A_only,NEMA,8,30093189,19,4776197,4976,-1,46038,-1,measured_pair_differs_from_primary,0.44,191,200,191,970
A_only,NEMA,8,30093189,19,4856837,5061,-1,46123,-1,measured_pair_differs_from_primary,0.44,438,1019,438,1008
A_only,NEMA,9,30093190,19,233714,248,-1,46510,-1,first_not_crystal_compton,0.44,0,0,623,3653
A_only,NEMA,9,30093190,19,800012,857,-1,47119,-1,measured_pair_differs_from_primary,0.44,647,669,647,1804
A_only,NEMA,9,30093190,19,896729,952,-1,47214,-1,intermediate_or_same_crystal_interaction,0.44,7701,7701,7701,2256
A_only,NEMA,9,30093190,19,1042580,1102,-1,47364,-1,intermediate_or_same_crystal_interaction,0.44,7883,0,7883,2055
A_only,NEMA,9,30093190,19,1198018,1261,-1,47523,-1,intermediate_or_same_crystal_interaction,0.44,1767,1767,1767,7579
A_only,NEMA,9,30093190,19,1352471,1442,-1,47704,-1,measured_pair_differs_from_primary,0.44,2127,7999,2127,7935
A_only,NEMA,9,30093190,19,1383939,1474,-1,47736,-1,intermediate_or_same_crystal_interaction,0.44,3165,3165,3165,1741
A_only,NEMA,9,30093190,19,1492752,1583,-1,47845,-1,intermediate_or_same_crystal_interaction,0.44,9972,9972,9972,2189
A_only,NEMA,9,30093190,19,1506540,1597,-1,47859,-1,measured_pair_differs_from_primary,0.44,4785,4848,4785,782
A_only,NEMA,9,30093190,19,1632566,1717,-1,47979,-1,intermediate_or_same_crystal_interaction,0.44,1228,1228,1228,6854
A_only,NEMA,9,30093190,19,1695530,1796,-1,48058,-1,measured_pair_differs_from_primary,0.44,10238,10044,10238,1892
A_only,NEMA,9,30093190,19,1746647,1848,-1,48110,-1,measured_pair_differs_from_primary,0.44,1383,3911,1383,3974
A_only,NEMA,9,30093190,19,1794530,1893,-1,48155,-1,first_not_crystal_compton,0.44,1751,0,1751,9450
A_only,NEMA,9,30093190,19,2076933,2178,-1,48440,-1,measured_pair_differs_from_primary,0.44,2082,1013,2082,286
A_only,NEMA,9,30093190,19,2267761,2387,-1,48649,-1,intermediate_or_same_crystal_interaction,0.44,1798,0,1798,5460
A_only,NEMA,9,30093190,19,2315791,2431,-1,48693,-1,intermediate_or_same_crystal_interaction,0.44,3106,3106,3106,535
A_only,NEMA,9,30093190,19,2433508,2552,-1,48814,-1,intermediate_or_same_crystal_interaction,0.44,235,0,235,3205
A_only,NEMA,9,30093190,19,2604590,2725,-1,48987,-1,measured_pair_differs_from_primary,0.44,10353,9713,10353,2013
A_only,NEMA,9,30093190,19,2985321,3115,-1,49377,-1,measured_pair_differs_from_primary,0.44,1301,3037,1301,3170
A_only,NEMA,9,30093190,19,3141743,3284,-1,49546,-1,intermediate_or_same_crystal_interaction,0.44,1122,0,1122,1873
A_only,NEMA,9,30093190,19,3320271,3467,-1,49729,-1,intermediate_or_same_crystal_interaction,0.44,1725,0,1725,6219
A_only,NEMA,9,30093190,19,3339845,3486,-1,49748,-1,measured_pair_differs_from_primary,0.44,652,4371,652,4435
A_only,NEMA,9,30093190,19,3374186,3512,-1,49774,-1,measured_pair_differs_from_primary,0.44,1861,583,1861,571
B_only,NEMA,9,30093190,19,3486953,-1,2245,-1,31320,accepted,0.44,1452,4130,0,0
A_only,NEMA,9,30093190,19,3848368,4022,-1,50284,-1,measured_pair_differs_from_primary,0.44,9433,9566,9433,1216
A_only,NEMA,9,30093190,19,4182821,4374,-1,50636,-1,intermediate_or_same_crystal_interaction,0.44,424,0,424,1258
A_only,NEMA,9,30093190,19,4492846,4727,-1,50989,-1,first_not_crystal_compton,0.44,0,0,1925,248
A_only,NEMA,9,30093190,19,4622026,4873,-1,51135,-1,first_not_crystal_compton,0.44,793,0,1645,772
A_only,NEMA,9,30093190,19,4656212,4914,-1,51176,-1,intermediate_or_same_crystal_interaction,0.44,3924,3924,3924,1313
B_only,NEMA,0,30093191,20,426530,-1,289,-1,289,accepted,0.44,1209,5440,0,0
A_only,NEMA,0,30093191,20,1155577,1178,-1,1178,-1,intermediate_or_same_crystal_interaction,0.44,5367,5367,5367,809
A_only,NEMA,0,30093191,20,1169597,1193,-1,1193,-1,measured_pair_differs_from_primary,0.44,920,910,920,1610
A_only,NEMA,0,30093191,20,1276163,1289,-1,1289,-1,measured_pair_differs_from_primary,0.44,1524,6104,1524,6297
A_only,NEMA,0,30093191,20,1356270,1378,-1,1378,-1,measured_pair_differs_from_primary,0.44,1418,4078,1418,4143
A_only,NEMA,0,30093191,20,1368087,1392,-1,1392,-1,intermediate_or_same_crystal_interaction,0.44,223,0,223,868
A_only,NEMA,0,30093191,20,1454147,1473,-1,1473,-1,measured_pair_differs_from_primary,0.44,877,1976,877,9215
A_only,NEMA,0,30093191,20,1473365,1492,-1,1492,-1,intermediate_or_same_crystal_interaction,0.44,826,826,826,1770
A_only,NEMA,0,30093191,20,1538717,1562,-1,1562,-1,measured_pair_differs_from_primary,0.44,4237,4238,4237,199
A_only,NEMA,0,30093191,20,1671321,1704,-1,1704,-1,intermediate_or_same_crystal_interaction,0.44,1579,1579,1579,4367
A_only,NEMA,0,30093191,20,2266664,2249,-1,2249,-1,measured_pair_differs_from_primary,0.44,1715,6089,1715,6151
A_only,NEMA,0,30093191,20,2484103,2486,-1,2486,-1,first_energy_not_closed,0.44,4650,1717,4650,1717
A_only,NEMA,0,30093191,20,2657890,2637,-1,2637,-1,measured_pair_differs_from_primary,0.44,8979,2181,8979,1252
A_only,NEMA,0,30093191,20,2673629,2645,-1,2645,-1,first_not_crystal_compton,0.44,0,0,2118,1252
A_only,NEMA,0,30093191,20,2920921,2895,-1,2895,-1,measured_pair_differs_from_primary,0.44,1751,6890,1751,6955
A_only,NEMA,0,30093191,20,3027039,3005,-1,3005,-1,first_energy_not_closed,0.44,968,284,968,284
A_only,NEMA,0,30093191,20,3091173,3068,-1,3068,-1,measured_pair_differs_from_primary,0.44,1064,4180,1064,4116
A_only,NEMA,0,30093191,20,3101343,3078,-1,3078,-1,first_not_crystal_compton,0.44,1791,0,6068,1604
A_only,NEMA,0,30093191,20,3124915,3101,-1,3101,-1,measured_pair_differs_from_primary,0.44,9624,1028,9624,992
A_only,NEMA,0,30093191,20,3207091,3193,-1,3193,-1,first_energy_not_closed,0.44,1536,4979,1536,4979
A_only,NEMA,0,30093191,20,3635712,3621,-1,3621,-1,first_not_crystal_compton,0.44,0,0,1168,9384
A_only,NEMA,0,30093191,20,3681139,3668,-1,3668,-1,intermediate_or_same_crystal_interaction,0.44,213,0,213,951
A_only,NEMA,0,30093191,20,3711220,3699,-1,3699,-1,first_not_crystal_compton,0.44,7251,0,7251,742
A_only,NEMA,0,30093191,20,3812043,3812,-1,3812,-1,measured_pair_differs_from_primary,0.44,2006,2005,2006,7949
A_only,NEMA,0,30093191,20,4357953,4372,-1,4372,-1,measured_pair_differs_from_primary,0.44,9128,9129,9128,2157
A_only,NEMA,0,30093191,20,4584942,4581,-1,4581,-1,measured_pair_differs_from_primary,0.44,4657,4592,4657,1434
A_only,NEMA,0,30093191,20,4593186,4587,-1,4587,-1,intermediate_or_same_crystal_interaction,0.44,1664,1664,1664,6714
A_only,NEMA,0,30093191,20,4742732,4749,-1,4749,-1,intermediate_or_same_crystal_interaction,0.44,952,0,952,2055
A_only,NEMA,0,30093191,20,4749406,4758,-1,4758,-1,measured_pair_differs_from_primary,0.44,9566,9501,9566,1984
A_only,NEMA,0,30093191,20,4928480,4912,-1,4912,-1,measured_pair_differs_from_primary,0.44,6995,7121,6995,1922
A_only,NEMA,1,30093192,20,349057,348,-1,5319,-1,intermediate_or_same_crystal_interaction,0.44,9078,9078,9078,2177
A_only,NEMA,1,30093192,20,520353,533,-1,5504,-1,measured_pair_differs_from_primary,0.44,706,1511,706,4076
A_only,NEMA,1,30093192,20,832446,856,-1,5827,-1,first_not_crystal_compton,0.44,4950,0,4885,1848
B_only,NEMA,1,30093192,20,943359,-1,627,-1,3743,accepted,0.44,1409,5060,0,0
A_only,NEMA,1,30093192,20,946803,978,-1,5949,-1,measured_pair_differs_from_primary,0.44,6038,1975,6038,2025
A_only,NEMA,1,30093192,20,1079409,1107,-1,6078,-1,intermediate_or_same_crystal_interaction,0.44,7763,7763,7763,1177
A_only,NEMA,1,30093192,20,1147710,1181,-1,6152,-1,first_not_crystal_compton,0.44,840,0,840,130
A_only,NEMA,1,30093192,20,1400017,1439,-1,6410,-1,measured_pair_differs_from_primary,0.44,339,1766,339,5471
A_only,NEMA,1,30093192,20,1869025,1940,-1,6911,-1,intermediate_or_same_crystal_interaction,0.44,95,0,95,1098
A_only,NEMA,1,30093192,20,1928191,2013,-1,6984,-1,intermediate_or_same_crystal_interaction,0.44,1765,1765,1765,1249
A_only,NEMA,1,30093192,20,2088701,2171,-1,7142,-1,intermediate_or_same_crystal_interaction,0.44,7629,7629,7629,2008
A_only,NEMA,1,30093192,20,2200178,2293,-1,7264,-1,measured_pair_differs_from_primary,0.44,4814,4815,4814,823
A_only,NEMA,1,30093192,20,2304282,2380,-1,7351,-1,first_not_crystal_compton,0.44,997,0,1896,9923
A_only,NEMA,1,30093192,20,2382834,2467,-1,7438,-1,measured_pair_differs_from_primary,0.44,2152,2151,2152,8971
A_only,NEMA,1,30093192,20,2505225,2576,-1,7547,-1,measured_pair_differs_from_primary,0.44,3892,3764,3892,1314
A_only,NEMA,1,30093192,20,2566142,2645,-1,7616,-1,first_energy_not_closed,0.44,2063,1111,2063,1111
A_only,NEMA,1,30093192,20,2757704,2848,-1,7819,-1,first_not_crystal_compton,0.44,1329,0,1329,3691
A_only,NEMA,1,30093192,20,3407205,3499,-1,8470,-1,measured_pair_differs_from_primary,0.44,1890,6039,1890,5977
A_only,NEMA,1,30093192,20,3446176,3536,-1,8507,-1,first_not_crystal_compton,0.44,1238,0,1238,5909
A_only,NEMA,1,30093192,20,3580556,3651,-1,8622,-1,first_energy_not_closed,0.44,1444,554,1444,554
A_only,NEMA,1,30093192,20,4060572,4180,-1,9151,-1,first_not_crystal_compton,0.44,0,0,1861,6862
A_only,NEMA,1,30093192,20,4306376,4455,-1,9426,-1,measured_pair_differs_from_primary,0.44,1718,4349,1718,3965
A_only,NEMA,1,30093192,20,4623740,4794,-1,9765,-1,measured_pair_differs_from_primary,0.44,1586,6454,1586,6582
A_only,NEMA,1,30093192,20,4638522,4812,-1,9783,-1,measured_pair_differs_from_primary,0.44,9101,9164,9101,2196
A_only,NEMA,1,30093192,20,4707098,4883,-1,9854,-1,intermediate_or_same_crystal_interaction,0.44,1754,1754,1754,7992
A_only,NEMA,1,30093192,20,4731560,4907,-1,9878,-1,first_not_crystal_compton,0.44,0,0,1292,2402
A_only,NEMA,2,30093193,20,111431,100,-1,10264,-1,intermediate_or_same_crystal_interaction,0.44,4495,4495,4495,1624
A_only,NEMA,2,30093193,20,370564,372,-1,10536,-1,measured_pair_differs_from_primary,0.44,3131,1358,3131,539
A_only,NEMA,2,30093193,20,457747,466,-1,10630,-1,first_not_crystal_compton,0.44,0,0,612,178
A_only,NEMA,2,30093193,20,562132,589,-1,10753,-1,measured_pair_differs_from_primary,0.44,6872,1878,6872,983
A_only,NEMA,2,30093193,20,868175,907,-1,11071,-1,measured_pair_differs_from_primary,0.44,5444,5572,5444,1009
A_only,NEMA,2,30093193,20,1028540,1072,-1,11236,-1,intermediate_or_same_crystal_interaction,0.44,454,454,454,7019
A_only,NEMA,2,30093193,20,1241576,1283,-1,11447,-1,intermediate_or_same_crystal_interaction,0.44,1711,0,1711,5196
A_only,NEMA,2,30093193,20,1446774,1505,-1,11669,-1,first_not_crystal_compton,0.44,5635,0,5635,1603
A_only,NEMA,2,30093193,20,1734101,1796,-1,11960,-1,measured_pair_differs_from_primary,0.44,8837,8772,8837,1999
A_only,NEMA,2,30093193,20,1800134,1858,-1,12022,-1,measured_pair_differs_from_primary,0.44,780,4485,780,4355
A_only,NEMA,2,30093193,20,1960974,2016,-1,12180,-1,intermediate_or_same_crystal_interaction,0.44,234,0,234,4006
A_only,NEMA,2,30093193,20,2106010,2162,-1,12326,-1,measured_pair_differs_from_primary,0.44,2120,2109,2120,8694
A_only,NEMA,2,30093193,20,2411461,2463,-1,12627,-1,first_not_crystal_compton,0.44,0,0,644,3029
A_only,NEMA,2,30093193,20,2538385,2587,-1,12751,-1,measured_pair_differs_from_primary,0.44,2138,7123,2138,7122
A_only,NEMA,2,30093193,20,2580350,2633,-1,12797,-1,first_not_crystal_compton,0.44,646,0,2818,1425
A_only,NEMA,2,30093193,20,2724484,2781,-1,12945,-1,measured_pair_differs_from_primary,0.44,6927,1967,6927,1981
A_only,NEMA,2,30093193,20,2822419,2880,-1,13044,-1,intermediate_or_same_crystal_interaction,0.44,6756,6756,6756,1947
A_only,NEMA,2,30093193,20,2906902,2957,-1,13121,-1,intermediate_or_same_crystal_interaction,0.44,1946,1946,1946,130
A_only,NEMA,2,30093193,20,2926989,2977,-1,13141,-1,measured_pair_differs_from_primary,0.44,1664,883,1664,268
A_only,NEMA,2,30093193,20,3058058,3109,-1,13273,-1,measured_pair_differs_from_primary,0.44,2070,7685,2070,7556
A_only,NEMA,2,30093193,20,3242081,3293,-1,13457,-1,measured_pair_differs_from_primary,0.44,8406,8407,8406,1993
A_only,NEMA,2,30093193,20,3254734,3307,-1,13471,-1,measured_pair_differs_from_primary,0.44,9997,10060,9997,2287
A_only,NEMA,2,30093193,20,3263090,3318,-1,13482,-1,intermediate_or_same_crystal_interaction,0.44,370,370,370,711
A_only,NEMA,2,30093193,20,3338663,3390,-1,13554,-1,first_not_crystal_compton,0.44,1445,0,1445,4111
A_only,NEMA,2,30093193,20,3389180,3451,-1,13615,-1,measured_pair_differs_from_primary,0.44,1250,9459,1250,9331
A_only,NEMA,2,30093193,20,3501441,3559,-1,13723,-1,first_energy_not_closed,0.44,693,2397,693,2397
A_only,NEMA,2,30093193,20,3711997,3776,-1,13940,-1,measured_pair_differs_from_primary,0.44,7948,8077,7948,397
B_only,NEMA,2,30093193,20,3871064,-1,2473,-1,8877,accepted,0.44,2011,7290,0,0
A_only,NEMA,2,30093193,20,4347598,4398,-1,14562,-1,measured_pair_differs_from_primary,0.44,7542,7541,7542,905
A_only,NEMA,2,30093193,20,4420926,4468,-1,14632,-1,measured_pair_differs_from_primary,0.44,1356,3373,1356,3437
A_only,NEMA,2,30093193,20,4669109,4726,-1,14890,-1,intermediate_or_same_crystal_interaction,0.44,2639,2639,2639,1286
B_only,NEMA,2,30093193,20,4886969,-1,3108,-1,9512,accepted,0.44,8880,281,0,0
A_only,NEMA,3,30093194,20,324805,334,-1,15547,-1,first_not_crystal_compton,0.44,1507,0,1507,226
A_only,NEMA,3,30093194,20,458515,461,-1,15674,-1,intermediate_or_same_crystal_interaction,0.44,782,0,782,170
B_only,NEMA,3,30093194,20,514014,-1,332,-1,9908,accepted,0.44,4838,1545,0,0
A_only,NEMA,3,30093194,20,676136,682,-1,15895,-1,first_not_crystal_compton,0.44,0,0,908,4472
A_only,NEMA,3,30093194,20,778312,797,-1,16010,-1,intermediate_or_same_crystal_interaction,0.44,1888,1888,1888,366
A_only,NEMA,3,30093194,20,1079633,1114,-1,16327,-1,first_not_crystal_compton,0.44,5519,0,1743,4602
B_only,NEMA,3,30093194,20,1416800,-1,954,-1,10530,accepted,0.44,4561,638,0,0
A_only,NEMA,3,30093194,20,1495807,1565,-1,16778,-1,intermediate_or_same_crystal_interaction,0.44,7997,7997,7997,2087
A_only,NEMA,3,30093194,20,1841028,1920,-1,17133,-1,intermediate_or_same_crystal_interaction,0.44,1057,1057,1057,9008
A_only,NEMA,3,30093194,20,1895575,1988,-1,17201,-1,intermediate_or_same_crystal_interaction,0.44,686,686,686,163
B_only,NEMA,3,30093194,20,1901932,-1,1269,-1,10845,accepted,0.44,8143,2076,0,0
A_only,NEMA,3,30093194,20,1992027,2076,-1,17289,-1,intermediate_or_same_crystal_interaction,0.44,5939,5939,5939,1808
A_only,NEMA,3,30093194,20,2173525,2261,-1,17474,-1,first_not_crystal_compton,0.44,1586,0,4264,740
A_only,NEMA,3,30093194,20,2347095,2439,-1,17652,-1,intermediate_or_same_crystal_interaction,0.44,449,449,449,1080
A_only,NEMA,3,30093194,20,2347540,2442,-1,17655,-1,measured_pair_differs_from_primary,0.44,8521,8522,8521,1222
B_only,NEMA,3,30093194,20,2365247,-1,1550,-1,11126,accepted,0.44,1716,2852,0,0
A_only,NEMA,3,30093194,20,2606555,2718,-1,17931,-1,measured_pair_differs_from_primary,0.44,2803,1458,2803,1474
A_only,NEMA,3,30093194,20,2703974,2805,-1,18018,-1,intermediate_or_same_crystal_interaction,0.44,837,837,837,1834
A_only,NEMA,3,30093194,20,2716938,2819,-1,18032,-1,intermediate_or_same_crystal_interaction,0.44,561,561,561,2342
A_only,NEMA,3,30093194,20,2949795,3064,-1,18277,-1,measured_pair_differs_from_primary,0.44,3895,3830,3895,1819
A_only,NEMA,3,30093194,20,3414563,3499,-1,18712,-1,first_not_crystal_compton,0.44,0,0,7790,1933
A_only,NEMA,3,30093194,20,3528967,3625,-1,18838,-1,first_not_crystal_compton,0.44,490,0,490,1216
A_only,NEMA,3,30093194,20,3667833,3761,-1,18974,-1,intermediate_or_same_crystal_interaction,0.44,1189,0,1189,2298
A_only,NEMA,3,30093194,20,3764376,3856,-1,19069,-1,first_not_crystal_compton,0.44,1122,0,10097,2300
A_only,NEMA,3,30093194,20,3846731,3953,-1,19166,-1,measured_pair_differs_from_primary,0.44,6692,1942,6692,1081
A_only,NEMA,3,30093194,20,3951857,4051,-1,19264,-1,measured_pair_differs_from_primary,0.44,6972,2007,6972,2025
A_only,NEMA,3,30093194,20,3988205,4090,-1,19303,-1,intermediate_or_same_crystal_interaction,0.44,1502,1502,1502,45
A_only,NEMA,3,30093194,20,4257529,4360,-1,19573,-1,intermediate_or_same_crystal_interaction,0.44,1660,0,1660,6835
A_only,NEMA,3,30093194,20,4541217,4638,-1,19851,-1,intermediate_or_same_crystal_interaction,0.44,9543,0,9543,1137
A_only,NEMA,3,30093194,20,4600434,4683,-1,19896,-1,intermediate_or_same_crystal_interaction,0.44,7540,7540,7540,1930
A_only,NEMA,3,30093194,20,4653708,4743,-1,19956,-1,measured_pair_differs_from_primary,0.44,1421,4921,1421,4985
A_only,NEMA,3,30093194,20,4734572,4828,-1,20041,-1,measured_pair_differs_from_primary,0.44,1713,3846,1713,3907
A_only,NEMA,3,30093194,20,4902564,4995,-1,20208,-1,measured_pair_differs_from_primary,0.44,7158,2014,7158,1156
A_only,NEMA,3,30093194,20,4960660,5060,-1,20273,-1,measured_pair_differs_from_primary,0.44,2966,3030,2966,1543
A_only,NEMA,4,30093195,20,59398,55,-1,20370,-1,measured_pair_differs_from_primary,0.44,494,2013,494,6845
A_only,NEMA,4,30093195,20,137936,118,-1,20433,-1,intermediate_or_same_crystal_interaction,0.44,398,0,398,8336
A_only,NEMA,4,30093195,20,168669,148,-1,20463,-1,measured_pair_differs_from_primary,0.44,112,8694,112,8759
A_only,NEMA,4,30093195,20,198764,175,-1,20490,-1,intermediate_or_same_crystal_interaction,0.44,8807,8807,8807,2080
A_only,NEMA,4,30093195,20,205214,179,-1,20494,-1,measured_pair_differs_from_primary,0.44,9228,9164,9228,2105
A_only,NEMA,4,30093195,20,300892,289,-1,20604,-1,first_not_crystal_compton,0.44,657,0,1470,3826
A_only,NEMA,4,30093195,20,331702,318,-1,20633,-1,first_not_crystal_compton,0.44,0,0,2075,7117
A_only,NEMA,4,30093195,20,508472,502,-1,20817,-1,measured_pair_differs_from_primary,0.44,1673,6714,1673,6910
A_only,NEMA,4,30093195,20,585288,581,-1,20896,-1,intermediate_or_same_crystal_interaction,0.44,8180,8180,8180,2225
A_only,NEMA,4,30093195,20,631564,637,-1,20952,-1,measured_pair_differs_from_primary,0.44,1378,4383,1378,4448
A_only,NEMA,4,30093195,20,633686,640,-1,20955,-1,intermediate_or_same_crystal_interaction,0.44,277,0,277,837
A_only,NEMA,4,30093195,20,1056514,1093,-1,21408,-1,intermediate_or_same_crystal_interaction,0.44,747,0,747,2707
A_only,NEMA,4,30093195,20,1489455,1526,-1,21841,-1,intermediate_or_same_crystal_interaction,0.44,2243,2243,2243,9352
A_only,NEMA,4,30093195,20,1625544,1674,-1,21989,-1,intermediate_or_same_crystal_interaction,0.44,1636,1636,1636,4672
B_only,NEMA,4,30093195,20,1750888,-1,1145,-1,13920,accepted,0.44,10465,2249,0,0
A_only,NEMA,4,30093195,20,1824973,1890,-1,22205,-1,measured_pair_differs_from_primary,0.44,9429,9365,9429,1067
A_only,NEMA,4,30093195,20,1856453,1930,-1,22245,-1,intermediate_or_same_crystal_interaction,0.44,299,0,299,2149
A_only,NEMA,4,30093195,20,2087006,2193,-1,22508,-1,intermediate_or_same_crystal_interaction,0.44,10131,10131,10131,2294
A_only,NEMA,4,30093195,20,2150490,2249,-1,22564,-1,first_not_crystal_compton,0.44,818,0,818,8156
A_only,NEMA,4,30093195,20,2336308,2421,-1,22736,-1,intermediate_or_same_crystal_interaction,0.44,507,507,507,1256
A_only,NEMA,4,30093195,20,2359979,2441,-1,22756,-1,intermediate_or_same_crystal_interaction,0.44,44,44,44,1371
A_only,NEMA,4,30093195,20,2559938,2644,-1,22959,-1,measured_pair_differs_from_primary,0.44,9010,1911,9010,1896
A_only,NEMA,4,30093195,20,2761954,2877,-1,23192,-1,intermediate_or_same_crystal_interaction,0.44,1370,1370,1370,614
A_only,NEMA,4,30093195,20,2862696,2979,-1,23294,-1,first_not_crystal_compton,0.44,1801,0,1801,4376
B_only,NEMA,4,30093195,20,3086844,-1,2054,-1,14829,accepted,0.44,124,1748,0,0
A_only,NEMA,4,30093195,20,3105798,3235,-1,23550,-1,measured_pair_differs_from_primary,0.44,3153,3217,3153,1448
A_only,NEMA,4,30093195,20,3106302,3236,-1,23551,-1,first_energy_not_closed,0.44,8701,1997,8701,1997
A_only,NEMA,4,30093195,20,3336111,3470,-1,23785,-1,measured_pair_differs_from_primary,0.44,781,6607,781,6671
A_only,NEMA,4,30093195,20,3336168,3471,-1,23786,-1,measured_pair_differs_from_primary,0.44,1297,4542,1297,4606
A_only,NEMA,4,30093195,20,3357102,3499,-1,23814,-1,intermediate_or_same_crystal_interaction,0.44,1978,1978,1978,6454
A_only,NEMA,4,30093195,20,3533590,3693,-1,24008,-1,measured_pair_differs_from_primary,0.44,935,1676,935,4320
A_only,NEMA,4,30093195,20,3579988,3732,-1,24047,-1,measured_pair_differs_from_primary,0.44,1652,2976,1652,2912
A_only,NEMA,4,30093195,20,3645392,3802,-1,24117,-1,intermediate_or_same_crystal_interaction,0.44,2036,2036,2036,9563
A_only,NEMA,4,30093195,20,3657232,3818,-1,24133,-1,measured_pair_differs_from_primary,0.44,31,1647,31,6458
A_only,NEMA,4,30093195,20,3663362,3825,-1,24140,-1,intermediate_or_same_crystal_interaction,0.44,1904,0,1904,8356
A_only,NEMA,4,30093195,20,3720819,3887,-1,24202,-1,first_not_crystal_compton,0.44,7313,0,7056,1927
A_only,NEMA,4,30093195,20,3873751,4050,-1,24365,-1,first_not_crystal_compton,0.44,0,0,9594,2272
A_only,NEMA,4,30093195,20,4398672,4550,-1,24865,-1,measured_pair_differs_from_primary,0.44,1562,3497,1562,3370
A_only,NEMA,4,30093195,20,4406650,4556,-1,24871,-1,first_not_crystal_compton,0.44,0,0,7071,1761
A_only,NEMA,4,30093195,20,4677425,4810,-1,25125,-1,measured_pair_differs_from_primary,0.44,1401,5269,1401,5268
A_only,NEMA,4,30093195,20,4698999,4824,-1,25139,-1,measured_pair_differs_from_primary,0.44,2193,2176,2193,8637
A_only,NEMA,5,30093196,20,89744,94,-1,25528,-1,intermediate_or_same_crystal_interaction,0.44,2131,2131,2131,1149
A_only,NEMA,5,30093196,20,247479,261,-1,25695,-1,intermediate_or_same_crystal_interaction,0.44,126,0,126,2365
B_only,NEMA,5,30093196,20,553906,-1,326,-1,16338,accepted,0.44,1541,5127,0,0
A_only,NEMA,5,30093196,20,572231,557,-1,25991,-1,measured_pair_differs_from_primary,0.44,1173,6572,1173,6445
A_only,NEMA,5,30093196,20,942187,962,-1,26396,-1,measured_pair_differs_from_primary,0.44,5231,5229,5231,1543
B_only,NEMA,5,30093196,20,948331,-1,606,-1,16618,accepted,0.44,6709,1867,0,0
A_only,NEMA,5,30093196,20,1066240,1082,-1,26516,-1,intermediate_or_same_crystal_interaction,0.44,8666,8666,8666,2100
A_only,NEMA,5,30093196,20,1073339,1092,-1,26526,-1,intermediate_or_same_crystal_interaction,0.44,212,0,212,2218
A_only,NEMA,5,30093196,20,1149060,1176,-1,26610,-1,first_not_crystal_compton,0.44,1715,0,5490,1782
B_only,NEMA,5,30093196,20,1161206,-1,740,-1,16752,accepted,0.44,899,6997,0,0
A_only,NEMA,5,30093196,20,1167476,1192,-1,26626,-1,measured_pair_differs_from_primary,0.44,2204,10376,2204,10438
A_only,NEMA,5,30093196,20,1321132,1340,-1,26774,-1,measured_pair_differs_from_primary,0.44,181,8543,181,8669
A_only,NEMA,5,30093196,20,1356459,1370,-1,26804,-1,first_not_crystal_compton,0.44,0,0,3723,1487
A_only,NEMA,5,30093196,20,1483341,1492,-1,26926,-1,measured_pair_differs_from_primary,0.44,8082,8018,8082,2010
A_only,NEMA,5,30093196,20,1562665,1591,-1,27025,-1,intermediate_or_same_crystal_interaction,0.44,627,627,627,5987
A_only,NEMA,5,30093196,20,1565345,1595,-1,27029,-1,intermediate_or_same_crystal_interaction,0.44,1341,1341,1341,623
B_only,NEMA,5,30093196,20,1762148,-1,1132,-1,17144,accepted,0.44,1855,7199,0,0
A_only,NEMA,5,30093196,20,2164937,2201,-1,27635,-1,intermediate_or_same_crystal_interaction,0.44,80,0,80,6879
B_only,NEMA,5,30093196,20,2547188,-1,1614,-1,17626,accepted,0.44,8618,2155,0,0
A_only,NEMA,5,30093196,20,2728307,2761,-1,28195,-1,intermediate_or_same_crystal_interaction,0.44,687,687,687,3034
A_only,NEMA,5,30093196,20,2976683,3028,-1,28462,-1,measured_pair_differs_from_primary,0.44,1254,2023,1254,7131
A_only,NEMA,5,30093196,20,3122776,3180,-1,28614,-1,first_not_crystal_compton,0.44,0,0,1526,3448
A_only,NEMA,5,30093196,20,3551081,3607,-1,29041,-1,measured_pair_differs_from_primary,0.44,1701,5532,1701,5531
A_only,NEMA,5,30093196,20,3790049,3864,-1,29298,-1,first_not_crystal_compton,0.44,8936,0,8936,2057
A_only,NEMA,5,30093196,20,3920092,3997,-1,29431,-1,first_not_crystal_compton,0.44,3337,0,3337,1411
A_only,NEMA,5,30093196,20,3982181,4075,-1,29509,-1,measured_pair_differs_from_primary,0.44,627,8294,627,8553
A_only,NEMA,5,30093196,20,4080597,4166,-1,29600,-1,first_energy_not_closed,0.44,1377,5739,1377,5739
A_only,NEMA,5,30093196,20,4231459,4314,-1,29748,-1,intermediate_or_same_crystal_interaction,0.44,254,0,254,7039
A_only,NEMA,5,30093196,20,4279217,4358,-1,29792,-1,first_not_crystal_compton,0.44,0,0,8172,2082
A_only,NEMA,5,30093196,20,4525109,4580,-1,30014,-1,first_not_crystal_compton,0.44,0,0,1944,9302
A_only,NEMA,5,30093196,20,4530523,4589,-1,30023,-1,first_not_crystal_compton,0.44,722,0,3802,1624
A_only,NEMA,5,30093196,20,4675163,4752,-1,30186,-1,measured_pair_differs_from_primary,0.44,8053,8052,8053,2011
A_only,NEMA,6,30093197,20,9573,12,-1,30527,-1,measured_pair_differs_from_primary,0.44,1482,5589,1482,5653
A_only,NEMA,6,30093197,20,193713,192,-1,30707,-1,first_not_crystal_compton,0.44,0,0,1280,2189
A_only,NEMA,6,30093197,20,263521,256,-1,30771,-1,return_to_first_crystal,0.44,630,1371,630,1371
A_only,NEMA,6,30093197,20,501259,495,-1,31010,-1,intermediate_or_same_crystal_interaction,0.44,3445,3445,3445,625
A_only,NEMA,6,30093197,20,543749,544,-1,31059,-1,intermediate_or_same_crystal_interaction,0.44,2201,2201,2201,1208
A_only,NEMA,6,30093197,20,778310,790,-1,31305,-1,intermediate_or_same_crystal_interaction,0.44,7110,7110,7110,1814
A_only,NEMA,6,30093197,20,796915,811,-1,31326,-1,intermediate_or_same_crystal_interaction,0.44,5564,0,5564,2152
A_only,NEMA,6,30093197,20,1083493,1099,-1,31614,-1,first_not_crystal_compton,0.44,1591,0,1591,3717
B_only,NEMA,6,30093197,20,1787483,-1,1189,-1,20404,accepted,0.44,2300,10100,0,0
A_only,NEMA,6,30093197,20,1930635,1986,-1,32501,-1,first_not_crystal_compton,0.44,359,0,7461,2281
A_only,NEMA,6,30093197,20,1933791,1989,-1,32504,-1,measured_pair_differs_from_primary,0.44,6654,1758,6654,220
A_only,NEMA,6,30093197,20,2384613,2423,-1,32938,-1,measured_pair_differs_from_primary,0.44,2139,8199,2139,8133
A_only,NEMA,6,30093197,20,2390130,2426,-1,32941,-1,measured_pair_differs_from_primary,0.44,9345,8966,9345,1795
A_only,NEMA,6,30093197,20,2691418,2723,-1,33238,-1,first_not_crystal_compton,0.44,5031,0,5031,1638
A_only,NEMA,6,30093197,20,2951290,2989,-1,33504,-1,measured_pair_differs_from_primary,0.44,1657,3261,1657,3197
A_only,NEMA,6,30093197,20,2961460,2998,-1,33513,-1,measured_pair_differs_from_primary,0.44,1961,8780,1961,8842
A_only,NEMA,6,30093197,20,3177096,3234,-1,33749,-1,measured_pair_differs_from_primary,0.44,922,8267,922,8331
B_only,NEMA,6,30093197,20,3317240,-1,2121,-1,21336,accepted,0.44,7085,1841,0,0
A_only,NEMA,6,30093197,20,3438314,3468,-1,33983,-1,measured_pair_differs_from_primary,0.44,2126,10023,2126,10085
A_only,NEMA,6,30093197,20,3460470,3496,-1,34011,-1,intermediate_or_same_crystal_interaction,0.44,9227,9227,9227,2227
A_only,NEMA,6,30093197,20,3461892,3499,-1,34014,-1,measured_pair_differs_from_primary,0.44,7051,7115,7051,1984
A_only,NEMA,6,30093197,20,3462068,3500,-1,34015,-1,first_energy_not_closed,0.44,2332,1437,2332,1437
A_only,NEMA,6,30093197,20,3472670,3509,-1,34024,-1,measured_pair_differs_from_primary,0.44,4592,4593,4592,109
A_only,NEMA,6,30093197,20,3501900,3548,-1,34063,-1,measured_pair_differs_from_primary,0.44,308,6501,308,6502
A_only,NEMA,6,30093197,20,3513994,3562,-1,34077,-1,intermediate_or_same_crystal_interaction,0.44,3283,3283,3283,1337
A_only,NEMA,6,30093197,20,3631857,3678,-1,34193,-1,first_not_crystal_compton,0.44,0,0,5830,241
A_only,NEMA,6,30093197,20,3769547,3813,-1,34328,-1,intermediate_or_same_crystal_interaction,0.44,754,0,754,1538
B_only,NEMA,6,30093197,20,3982995,-1,2526,-1,21741,accepted,0.44,1106,9801,0,0
A_only,NEMA,6,30093197,20,3990792,4021,-1,34536,-1,first_not_crystal_compton,0.44,813,0,5867,813
A_only,NEMA,6,30093197,20,4016103,4041,-1,34556,-1,measured_pair_differs_from_primary,0.44,1672,7530,1672,7659
A_only,NEMA,6,30093197,20,4408373,4437,-1,34952,-1,first_not_crystal_compton,0.44,15,0,15,825
A_only,NEMA,6,30093197,20,4795520,4844,-1,35359,-1,first_energy_not_closed,0.44,8217,1154,8217,1154
A_only,NEMA,6,30093197,20,4908086,4943,-1,35458,-1,measured_pair_differs_from_primary,0.44,1291,2985,1291,3050
A_only,NEMA,7,30093198,20,588249,605,-1,36169,-1,first_not_crystal_compton,0.44,5071,0,5069,1706
A_only,NEMA,7,30093198,20,641229,651,-1,36215,-1,measured_pair_differs_from_primary,0.44,5007,5071,5007,1169
A_only,NEMA,7,30093198,20,711547,733,-1,36297,-1,intermediate_or_same_crystal_interaction,0.44,743,743,743,1657
A_only,NEMA,7,30093198,20,908214,925,-1,36489,-1,intermediate_or_same_crystal_interaction,0.44,140,0,140,3448
A_only,NEMA,7,30093198,20,909058,928,-1,36492,-1,measured_pair_differs_from_primary,0.44,6093,6222,6093,1909
A_only,NEMA,7,30093198,20,993169,1012,-1,36576,-1,intermediate_or_same_crystal_interaction,0.44,3792,3792,3792,1395
A_only,NEMA,7,30093198,20,1152282,1195,-1,36759,-1,measured_pair_differs_from_primary,0.44,320,6876,320,6875
A_only,NEMA,7,30093198,20,1218795,1247,-1,36811,-1,measured_pair_differs_from_primary,0.44,1959,8540,1959,8732
A_only,NEMA,7,30093198,20,1430530,1456,-1,37020,-1,measured_pair_differs_from_primary,0.44,7379,7377,7379,1922
A_only,NEMA,7,30093198,20,1575277,1612,-1,37176,-1,intermediate_or_same_crystal_interaction,0.44,4900,4900,4900,1629
A_only,NEMA,7,30093198,20,1789582,1830,-1,37394,-1,intermediate_or_same_crystal_interaction,0.44,2076,0,2076,328
A_only,NEMA,7,30093198,20,2574867,2645,-1,38209,-1,intermediate_or_same_crystal_interaction,0.44,8539,8539,8539,949
A_only,NEMA,7,30093198,20,2603646,2675,-1,38239,-1,first_not_crystal_compton,0.44,1356,0,1356,3484
A_only,NEMA,7,30093198,20,2723872,2784,-1,38348,-1,first_energy_not_closed,0.44,1007,1400,1007,1400
B_only,NEMA,7,30093198,20,2758966,-1,1708,-1,24108,accepted,0.44,1502,7029,0,0
A_only,NEMA,7,30093198,20,2769871,2826,-1,38390,-1,measured_pair_differs_from_primary,0.44,8955,8892,8955,275
A_only,NEMA,7,30093198,20,2825610,2883,-1,38447,-1,first_not_crystal_compton,0.44,0,0,750,3505
A_only,NEMA,7,30093198,20,2884369,2937,-1,38501,-1,measured_pair_differs_from_primary,0.44,1660,3863,1660,3862
A_only,NEMA,7,30093198,20,2981702,3048,-1,38612,-1,first_not_crystal_compton,0.44,2125,0,2125,505
B_only,NEMA,7,30093198,20,3068133,-1,1920,-1,24320,accepted,0.44,486,2265,0,0
A_only,NEMA,7,30093198,20,3118165,3192,-1,38756,-1,intermediate_or_same_crystal_interaction,0.44,2054,2054,2054,7445
A_only,NEMA,7,30093198,20,3181822,3264,-1,38828,-1,measured_pair_differs_from_primary,0.44,2919,2983,2919,1470
A_only,NEMA,7,30093198,20,3691420,3785,-1,39349,-1,measured_pair_differs_from_primary,0.44,3795,3733,3795,660
A_only,NEMA,7,30093198,20,3695674,3792,-1,39356,-1,intermediate_or_same_crystal_interaction,0.44,6809,6809,6809,938
A_only,NEMA,7,30093198,20,4184832,4256,-1,39820,-1,intermediate_or_same_crystal_interaction,0.44,1329,1329,1329,3499
A_only,NEMA,7,30093198,20,4408341,4485,-1,40049,-1,intermediate_or_same_crystal_interaction,0.44,1103,1103,1103,402
A_only,NEMA,7,30093198,20,4428474,4506,-1,40070,-1,measured_pair_differs_from_primary,0.44,2181,5020,2181,4765
A_only,NEMA,7,30093198,20,4447110,4520,-1,40084,-1,measured_pair_differs_from_primary,0.44,6237,6238,6237,1784
A_only,NEMA,7,30093198,20,4485849,4557,-1,40121,-1,first_not_crystal_compton,0.44,0,0,895,6379
B_only,NEMA,7,30093198,20,4521407,-1,2853,-1,25253,accepted,0.44,1887,6458,0,0
A_only,NEMA,7,30093198,20,4896839,4968,-1,40532,-1,intermediate_or_same_crystal_interaction,0.44,6623,6623,6623,926
A_only,NEMA,8,30093199,20,278283,305,-1,40941,-1,measured_pair_differs_from_primary,0.44,7910,2080,7910,1176
A_only,NEMA,8,30093199,20,575769,617,-1,41253,-1,intermediate_or_same_crystal_interaction,0.44,7494,7494,7494,2054
A_only,NEMA,8,30093199,20,647756,705,-1,41341,-1,measured_pair_differs_from_primary,0.44,7773,7708,7773,236
A_only,NEMA,8,30093199,20,773774,842,-1,41478,-1,intermediate_or_same_crystal_interaction,0.44,940,940,940,352
A_only,NEMA,8,30093199,20,844241,908,-1,41544,-1,first_not_crystal_compton,0.44,0,0,6287,1713
A_only,NEMA,8,30093199,20,870559,930,-1,41566,-1,measured_pair_differs_from_primary,0.44,10386,10321,10386,2145
A_only,NEMA,8,30093199,20,1160637,1220,-1,41856,-1,intermediate_or_same_crystal_interaction,0.44,1553,1553,1553,4855
A_only,NEMA,8,30093199,20,1485650,1539,-1,42175,-1,intermediate_or_same_crystal_interaction,0.44,1035,1035,1035,6764
A_only,NEMA,8,30093199,20,1599093,1655,-1,42291,-1,intermediate_or_same_crystal_interaction,0.44,6899,6899,6899,2079
A_only,NEMA,8,30093199,20,1636222,1699,-1,42335,-1,measured_pair_differs_from_primary,0.44,1110,1995,1110,7129
A_only,NEMA,8,30093199,20,1919468,1985,-1,42621,-1,intermediate_or_same_crystal_interaction,0.44,275,0,275,5996
A_only,NEMA,8,30093199,20,1965134,2030,-1,42666,-1,intermediate_or_same_crystal_interaction,0.44,1560,1560,1560,4966
A_only,NEMA,8,30093199,20,2432110,2504,-1,43140,-1,measured_pair_differs_from_primary,0.44,6571,6507,6571,1363
A_only,NEMA,8,30093199,20,2616714,2686,-1,43322,-1,first_not_crystal_compton,0.44,251,0,6566,1737
A_only,NEMA,8,30093199,20,2717769,2799,-1,43435,-1,first_not_crystal_compton,0.44,0,0,8937,2122
A_only,NEMA,8,30093199,20,3130271,3243,-1,43879,-1,intermediate_or_same_crystal_interaction,0.44,2224,2224,2224,9387
A_only,NEMA,8,30093199,20,3201294,3322,-1,43958,-1,intermediate_or_same_crystal_interaction,0.44,125,0,125,1378
A_only,NEMA,8,30093199,20,3273122,3409,-1,44045,-1,first_not_crystal_compton,0.44,0,0,1045,1996
B_only,NEMA,8,30093199,20,3411629,-1,2225,-1,27790,accepted,0.44,789,3312,0,0
A_only,NEMA,8,30093199,20,3598119,3721,-1,44357,-1,measured_pair_differs_from_primary,0.44,5725,5790,5725,979
A_only,NEMA,8,30093199,20,3800590,3927,-1,44563,-1,first_not_crystal_compton,0.44,1072,0,1072,5601
A_only,NEMA,8,30093199,20,3804841,3932,-1,44568,-1,first_not_crystal_compton,0.44,1470,0,1470,842
A_only,NEMA,8,30093199,20,3992565,4133,-1,44769,-1,intermediate_or_same_crystal_interaction,0.44,1698,1698,1698,760
B_only,NEMA,8,30093199,20,4171664,-1,2701,-1,28266,accepted,0.44,1788,5015,0,0
A_only,NEMA,8,30093199,20,4357849,4503,-1,45139,-1,first_not_crystal_compton,0.44,2007,0,2007,9636
A_only,NEMA,8,30093199,20,4486166,4640,-1,45276,-1,measured_pair_differs_from_primary,0.44,5372,5371,5372,1647
A_only,NEMA,8,30093199,20,4770479,4946,-1,45582,-1,measured_pair_differs_from_primary,0.44,1145,8887,1145,8823
A_only,NEMA,8,30093199,20,4930487,5107,-1,45743,-1,measured_pair_differs_from_primary,0.44,5883,5946,5883,1759
A_only,NEMA,9,30093200,20,5404,3,-1,45814,-1,first_not_crystal_compton,0.44,4324,0,4324,1479
A_only,NEMA,9,30093200,20,19280,22,-1,45833,-1,first_energy_not_closed,0.44,2462,1398,2462,1398
A_only,NEMA,9,30093200,20,107603,107,-1,45918,-1,first_not_crystal_compton,0.44,8479,0,8415,1858
A_only,NEMA,9,30093200,20,443217,466,-1,46277,-1,intermediate_or_same_crystal_interaction,0.44,1439,1439,1439,5999
A_only,NEMA,9,30093200,20,526805,535,-1,46346,-1,measured_pair_differs_from_primary,0.44,4921,4920,4921,552
A_only,NEMA,9,30093200,20,625717,630,-1,46441,-1,first_not_crystal_compton,0.44,0,0,2008,8848
A_only,NEMA,9,30093200,20,807853,827,-1,46638,-1,measured_pair_differs_from_primary,0.44,4056,4121,4056,1610
A_only,NEMA,9,30093200,20,952138,959,-1,46770,-1,intermediate_or_same_crystal_interaction,0.44,1666,1666,1666,111
A_only,NEMA,9,30093200,20,1009724,1009,-1,46820,-1,intermediate_or_same_crystal_interaction,0.44,955,0,955,1935
A_only,NEMA,9,30093200,20,1201965,1193,-1,47004,-1,intermediate_or_same_crystal_interaction,0.44,2273,2273,2273,9373
A_only,NEMA,9,30093200,20,1331374,1324,-1,47135,-1,first_not_crystal_compton,0.44,1797,0,6414,1146
A_only,NEMA,9,30093200,20,1578228,1564,-1,47375,-1,measured_pair_differs_from_primary,0.44,6888,6825,6888,562
A_only,NEMA,9,30093200,20,1658658,1641,-1,47452,-1,measured_pair_differs_from_primary,0.44,1758,4528,1758,4464
A_only,NEMA,9,30093200,20,1915682,1905,-1,47716,-1,intermediate_or_same_crystal_interaction,0.44,983,983,983,1722
A_only,NEMA,9,30093200,20,1920954,1908,-1,47719,-1,measured_pair_differs_from_primary,0.44,191,9959,191,10086
A_only,NEMA,9,30093200,20,1938965,1934,-1,47745,-1,intermediate_or_same_crystal_interaction,0.44,6319,6319,6319,2009
A_only,NEMA,9,30093200,20,1985719,1981,-1,47792,-1,measured_pair_differs_from_primary,0.44,724,7462,724,7526
A_only,NEMA,9,30093200,20,2337376,2353,-1,48164,-1,measured_pair_differs_from_primary,0.44,5922,1853,5922,1007
A_only,NEMA,9,30093200,20,2418356,2430,-1,48241,-1,measured_pair_differs_from_primary,0.44,2169,9776,2169,9714
A_only,NEMA,9,30093200,20,2495179,2508,-1,48319,-1,measured_pair_differs_from_primary,0.44,5163,5100,5163,814
A_only,NEMA,9,30093200,20,2569699,2596,-1,48407,-1,measured_pair_differs_from_primary,0.44,4130,4132,4130,1405
A_only,NEMA,9,30093200,20,2586043,2613,-1,48424,-1,measured_pair_differs_from_primary,0.44,126,1647,126,5696
A_only,NEMA,9,30093200,20,2958074,2999,-1,48810,-1,measured_pair_differs_from_primary,0.44,10233,1751,10233,1736
A_only,NEMA,9,30093200,20,3093001,3147,-1,48958,-1,intermediate_or_same_crystal_interaction,0.44,907,907,907,6558
A_only,NEMA,9,30093200,20,3221922,3270,-1,49081,-1,first_energy_not_closed,0.44,1245,9340,1245,9340
A_only,NEMA,9,30093200,20,3294423,3348,-1,49159,-1,measured_pair_differs_from_primary,0.44,2120,8346,2120,8282
A_only,NEMA,9,30093200,20,3328779,3374,-1,49185,-1,intermediate_or_same_crystal_interaction,0.44,6862,6862,6862,1782
A_only,NEMA,9,30093200,20,3515708,3553,-1,49364,-1,intermediate_or_same_crystal_interaction,0.44,435,0,435,5380
A_only,NEMA,9,30093200,20,4258969,4322,-1,50133,-1,measured_pair_differs_from_primary,0.44,7572,1797,7572,124
A_only,NEMA,9,30093200,20,4382889,4442,-1,50253,-1,intermediate_or_same_crystal_interaction,0.44,465,0,465,2693
B_only,NEMA,9,30093200,20,4427394,-1,2808,-1,31658,accepted,0.44,2543,1344,0,0
B_only,NEMA,9,30093200,20,4616197,-1,2937,-1,31787,accepted,0.44,6652,1904,0,0
B_only,NEMA,9,30093200,20,4713591,-1,3001,-1,31851,accepted,0.44,5832,42,0,0
B_only,NEMA,9,30093200,20,4921159,-1,3139,-1,31989,accepted,0.44,19,7392,0,0
A_only,NEMA,9,30093200,20,4929526,5004,-1,50815,-1,measured_pair_differs_from_primary,0.44,7696,2019,7696,2036
